# vtk DataFile Version 1.0
Cube
ASCII

DATASET POLYDATA
POINTS 9048 float
7.579109 5.336891 5.336891
7.579109 5.336891 57.000891
7.579109 57.000891 5.336891
7.579109 57.000891 57.000891
59.243109 5.336891 5.336891
59.243109 5.336891 57.000891
59.243109 57.000891 5.336891
59.243109 57.000891 57.000891
6.458000 6.458000 6.458000
6.458000 6.458000 58.122000
6.458000 58.122000 6.458000
6.458000 58.122000 58.122000
58.122000 6.458000 6.458000
58.122000 6.458000 58.122000
58.122000 58.122000 6.458000
58.122000 58.122000 58.122000
7.282041 5.633959 3.461488
7.282041 5.633959 55.125488
7.282041 57.297959 3.461488
7.282041 57.297959 55.125488
58.946041 5.633959 3.461488
58.946041 5.633959 55.125488
58.946041 57.297959 3.461488
58.946041 57.297959 55.125488
6.458000 6.458000 2.875102
6.458000 6.458000 54.539102
6.458000 58.122000 2.875102
6.458000 58.122000 54.539102
58.122000 6.458000 2.875102
58.122000 6.458000 54.539102
58.122000 58.122000 2.875102
58.122000 58.122000 54.539102
6.458000 6.458000 1.389762
6.458000 6.458000 53.053762
6.458000 58.122000 1.389762
6.458000 58.122000 53.053762
58.122000 6.458000 1.389762
58.122000 6.458000 53.053762
58.122000 58.122000 1.389762
58.122000 58.122000 53.053762
7.307873 5.608127 0.694881
7.307873 5.608127 52.358881
7.307873 57.272127 0.694881
7.307873 57.272127 52.358881
58.971873 5.608127 0.694881
58.971873 5.608127 52.358881
58.971873 57.272127 0.694881
58.971873 57.272127 52.358881
7.876177 5.039823 1.157274
7.876177 5.039823 52.821274
7.876177 56.703823 1.157274
7.876177 56.703823 52.821274
20.495109 7.579109 5.336891
20.495109 7.579109 57.000891
20.495109 59.243109 5.336891
20.495109 59.243109 57.000891
19.374000 6.458000 6.458000
19.374000 6.458000 58.122000
19.374000 58.122000 6.458000
19.374000 58.122000 58.122000
20.198041 7.282041 3.461488
20.198041 7.282041 55.125488
20.198041 58.946041 3.461488
20.198041 58.946041 55.125488
19.374000 6.458000 2.875102
19.374000 6.458000 54.539102
19.374000 58.122000 2.875102
19.374000 58.122000 54.539102
19.374000 6.458000 1.389762
19.374000 6.458000 53.053762
19.374000 58.122000 1.389762
19.374000 58.122000 53.053762
20.223873 7.307873 0.694881
20.223873 7.307873 52.358881
20.223873 58.971873 0.694881
20.223873 58.971873 52.358881
20.792177 7.876177 1.157274
20.792177 7.876177 52.821274
18.252891 20.495109 5.336891
18.252891 20.495109 57.000891
19.374000 19.374000 6.458000
19.374000 19.374000 58.122000
18.549959 20.198041 3.461488
18.549959 20.198041 55.125488
19.374000 19.374000 2.875102
19.374000 19.374000 54.539102
19.374000 19.374000 1.389762
19.374000 19.374000 53.053762
18.524127 20.223873 0.694881
18.524127 20.223873 52.358881
17.955823 20.792177 1.157274
17.955823 20.792177 52.821274
5.336891 18.252891 5.336891
5.336891 18.252891 57.000891
57.000891 18.252891 5.336891
57.000891 18.252891 57.000891
6.458000 19.374000 6.458000
6.458000 19.374000 58.122000
58.122000 19.374000 6.458000
58.122000 19.374000 58.122000
5.633959 18.549959 3.461488
5.633959 18.549959 55.125488
57.297959 18.549959 3.461488
57.297959 18.549959 55.125488
6.458000 19.374000 2.875102
6.458000 19.374000 54.539102
58.122000 19.374000 2.875102
58.122000 19.374000 54.539102
6.458000 19.374000 1.389762
6.458000 19.374000 53.053762
58.122000 19.374000 1.389762
58.122000 19.374000 53.053762
5.608127 18.524127 0.694881
5.608127 18.524127 52.358881
57.272127 18.524127 0.694881
57.272127 18.524127 52.358881
5.039823 17.955823 1.157274
5.039823 17.955823 52.821274
56.703823 17.955823 1.157274
56.703823 17.955823 52.821274
7.579109 20.495109 20.495109
59.243109 20.495109 20.495109
6.458000 19.374000 19.374000
58.122000 19.374000 19.374000
7.282041 20.198041 22.370512
58.946041 20.198041 22.370512
6.458000 19.374000 22.956898
58.122000 19.374000 22.956898
6.458000 19.374000 24.442238
58.122000 19.374000 24.442238
7.307873 20.223873 25.137119
58.971873 20.223873 25.137119
7.876177 20.792177 24.674726
5.336891 7.579109 20.495109
5.336891 59.243109 20.495109
57.000891 7.579109 20.495109
57.000891 59.243109 20.495109
6.458000 6.458000 19.374000
6.458000 58.122000 19.374000
58.122000 6.458000 19.374000
58.122000 58.122000 19.374000
5.633959 7.282041 22.370512
5.633959 58.946041 22.370512
57.297959 7.282041 22.370512
57.297959 58.946041 22.370512
6.458000 6.458000 22.956898
6.458000 58.122000 22.956898
58.122000 6.458000 22.956898
58.122000 58.122000 22.956898
6.458000 6.458000 24.442238
6.458000 58.122000 24.442238
58.122000 6.458000 24.442238
58.122000 58.122000 24.442238
5.608127 7.307873 25.137119
5.608127 58.971873 25.137119
57.272127 7.307873 25.137119
57.272127 58.971873 25.137119
5.039823 7.876177 24.674726
56.703823 7.876177 24.674726
18.252891 5.336891 20.495109
18.252891 57.000891 20.495109
19.374000 6.458000 19.374000
19.374000 58.122000 19.374000
18.549959 5.633959 22.370512
18.549959 57.297959 22.370512
19.374000 6.458000 22.956898
19.374000 58.122000 22.956898
19.374000 6.458000 24.442238
19.374000 58.122000 24.442238
18.524127 5.608127 25.137119
18.524127 57.272127 25.137119
17.955823 5.039823 24.674726
17.955823 56.703823 24.674726
20.495109 18.252891 20.495109
19.374000 19.374000 19.374000
20.198041 18.549959 22.370512
19.374000 19.374000 22.956898
19.374000 19.374000 24.442238
20.223873 18.524127 25.137119
20.792177 17.955823 24.674726
5.336891 7.579109 5.336891
5.336891 7.579109 57.000891
5.336891 59.243109 5.336891
5.336891 59.243109 57.000891
57.000891 7.579109 5.336891
57.000891 7.579109 57.000891
57.000891 59.243109 5.336891
57.000891 59.243109 57.000891
3.461488 7.282041 5.633959
3.461488 7.282041 57.297959
3.461488 58.946041 5.633959
3.461488 58.946041 57.297959
55.125488 7.282041 5.633959
55.125488 7.282041 57.297959
55.125488 58.946041 5.633959
55.125488 58.946041 57.297959
2.875102 6.458000 6.458000
2.875102 6.458000 58.122000
2.875102 58.122000 6.458000
2.875102 58.122000 58.122000
54.539102 6.458000 6.458000
54.539102 6.458000 58.122000
54.539102 58.122000 6.458000
54.539102 58.122000 58.122000
1.389762 6.458000 6.458000
1.389762 6.458000 58.122000
1.389762 58.122000 6.458000
1.389762 58.122000 58.122000
53.053762 6.458000 6.458000
53.053762 6.458000 58.122000
53.053762 58.122000 6.458000
53.053762 58.122000 58.122000
0.694881 7.307873 5.608127
0.694881 7.307873 57.272127
0.694881 58.971873 5.608127
0.694881 58.971873 57.272127
52.358881 7.307873 5.608127
52.358881 7.307873 57.272127
52.358881 58.971873 5.608127
52.358881 58.971873 57.272127
1.157274 7.876177 5.039823
1.157274 7.876177 56.703823
52.821274 7.876177 5.039823
52.821274 7.876177 56.703823
18.252891 5.336891 5.336891
18.252891 5.336891 57.000891
18.252891 57.000891 5.336891
18.252891 57.000891 57.000891
18.549959 3.461488 5.633959
18.549959 3.461488 57.297959
18.549959 55.125488 5.633959
18.549959 55.125488 57.297959
19.374000 2.875102 6.458000
19.374000 2.875102 58.122000
19.374000 54.539102 6.458000
19.374000 54.539102 58.122000
19.374000 1.389762 6.458000
19.374000 1.389762 58.122000
19.374000 53.053762 6.458000
19.374000 53.053762 58.122000
18.524127 0.694881 5.608127
18.524127 0.694881 57.272127
18.524127 52.358881 5.608127
18.524127 52.358881 57.272127
17.955823 1.157274 5.039823
17.955823 1.157274 56.703823
17.955823 52.821274 5.039823
17.955823 52.821274 56.703823
20.495109 18.252891 5.336891
20.495109 18.252891 57.000891
22.370512 18.549959 5.633959
22.370512 18.549959 57.297959
22.956898 19.374000 6.458000
22.956898 19.374000 58.122000
24.442238 19.374000 6.458000
24.442238 19.374000 58.122000
25.137119 18.524127 5.608127
25.137119 18.524127 57.272127
24.674726 17.955823 5.039823
24.674726 17.955823 56.703823
7.579109 20.495109 5.336891
7.579109 20.495109 57.000891
59.243109 20.495109 5.336891
59.243109 20.495109 57.000891
7.282041 22.370512 5.633959
7.282041 22.370512 57.297959
58.946041 22.370512 5.633959
58.946041 22.370512 57.297959
6.458000 22.956898 6.458000
6.458000 22.956898 58.122000
58.122000 22.956898 6.458000
58.122000 22.956898 58.122000
6.458000 24.442238 6.458000
6.458000 24.442238 58.122000
58.122000 24.442238 6.458000
58.122000 24.442238 58.122000
7.307873 25.137119 5.608127
7.307873 25.137119 57.272127
58.971873 25.137119 5.608127
58.971873 25.137119 57.272127
7.876177 24.674726 5.039823
7.876177 24.674726 56.703823
5.336891 18.252891 20.495109
57.000891 18.252891 20.495109
3.461488 18.549959 20.198041
55.125488 18.549959 20.198041
2.875102 19.374000 19.374000
54.539102 19.374000 19.374000
1.389762 19.374000 19.374000
53.053762 19.374000 19.374000
0.694881 18.524127 20.223873
52.358881 18.524127 20.223873
1.157274 17.955823 20.792177
52.821274 17.955823 20.792177
7.579109 5.336891 20.495109
7.579109 57.000891 20.495109
59.243109 5.336891 20.495109
59.243109 57.000891 20.495109
7.282041 3.461488 20.198041
7.282041 55.125488 20.198041
58.946041 3.461488 20.198041
58.946041 55.125488 20.198041
6.458000 2.875102 19.374000
6.458000 54.539102 19.374000
58.122000 2.875102 19.374000
58.122000 54.539102 19.374000
6.458000 1.389762 19.374000
6.458000 53.053762 19.374000
58.122000 1.389762 19.374000
58.122000 53.053762 19.374000
7.307873 0.694881 20.223873
7.307873 52.358881 20.223873
58.971873 0.694881 20.223873
58.971873 52.358881 20.223873
7.876177 1.157274 20.792177
7.876177 52.821274 20.792177
20.495109 7.579109 20.495109
20.495109 59.243109 20.495109
22.370512 7.282041 20.198041
22.370512 58.946041 20.198041
22.956898 6.458000 19.374000
22.956898 58.122000 19.374000
24.442238 6.458000 19.374000
24.442238 58.122000 19.374000
25.137119 7.307873 20.223873
25.137119 58.971873 20.223873
24.674726 7.876177 20.792177
18.252891 20.495109 20.495109
18.549959 22.370512 20.198041
19.374000 22.956898 19.374000
19.374000 24.442238 19.374000
18.524127 25.137119 20.223873
17.955823 24.674726 20.792177
5.336891 5.336891 7.579109
5.336891 5.336891 59.243109
5.336891 57.000891 7.579109
5.336891 57.000891 59.243109
57.000891 5.336891 7.579109
57.000891 5.336891 59.243109
57.000891 57.000891 7.579109
57.000891 57.000891 59.243109
5.633959 3.461488 7.282041
5.633959 3.461488 58.946041
5.633959 55.125488 7.282041
5.633959 55.125488 58.946041
57.297959 3.461488 7.282041
57.297959 3.461488 58.946041
57.297959 55.125488 7.282041
57.297959 55.125488 58.946041
6.458000 2.875102 6.458000
6.458000 2.875102 58.122000
6.458000 54.539102 6.458000
6.458000 54.539102 58.122000
58.122000 2.875102 6.458000
58.122000 2.875102 58.122000
58.122000 54.539102 6.458000
58.122000 54.539102 58.122000
6.458000 1.389762 6.458000
6.458000 1.389762 58.122000
6.458000 53.053762 6.458000
6.458000 53.053762 58.122000
58.122000 1.389762 6.458000
58.122000 1.389762 58.122000
58.122000 53.053762 6.458000
58.122000 53.053762 58.122000
5.608127 0.694881 7.307873
5.608127 0.694881 58.971873
5.608127 52.358881 7.307873
5.608127 52.358881 58.971873
57.272127 0.694881 7.307873
57.272127 0.694881 58.971873
57.272127 52.358881 7.307873
57.272127 52.358881 58.971873
5.039823 1.157274 7.876177
5.039823 52.821274 7.876177
56.703823 1.157274 7.876177
56.703823 52.821274 7.876177
5.336891 20.495109 18.252891
57.000891 20.495109 18.252891
5.633959 22.370512 18.549959
57.297959 22.370512 18.549959
6.458000 22.956898 19.374000
58.122000 22.956898 19.374000
6.458000 24.442238 19.374000
58.122000 24.442238 19.374000
5.608127 25.137119 18.524127
57.272127 25.137119 18.524127
5.039823 24.674726 17.955823
56.703823 24.674726 17.955823
5.336891 5.336891 18.252891
5.336891 57.000891 18.252891
57.000891 5.336891 18.252891
57.000891 57.000891 18.252891
3.461488 5.633959 18.549959
3.461488 57.297959 18.549959
55.125488 5.633959 18.549959
55.125488 57.297959 18.549959
2.875102 6.458000 19.374000
2.875102 58.122000 19.374000
54.539102 6.458000 19.374000
54.539102 58.122000 19.374000
1.389762 6.458000 19.374000
1.389762 58.122000 19.374000
53.053762 6.458000 19.374000
53.053762 58.122000 19.374000
0.694881 5.608127 18.524127
0.694881 57.272127 18.524127
52.358881 5.608127 18.524127
52.358881 57.272127 18.524127
1.157274 5.039823 17.955823
1.157274 56.703823 17.955823
52.821274 5.039823 17.955823
52.821274 56.703823 17.955823
20.495109 5.336891 18.252891
20.495109 57.000891 18.252891
20.198041 3.461488 18.549959
20.198041 55.125488 18.549959
19.374000 2.875102 19.374000
19.374000 54.539102 19.374000
19.374000 1.389762 19.374000
19.374000 53.053762 19.374000
20.223873 0.694881 18.524127
20.223873 52.358881 18.524127
20.792177 1.157274 17.955823
20.792177 52.821274 17.955823
20.495109 20.495109 18.252891
22.370512 20.198041 18.549959
22.956898 19.374000 19.374000
24.442238 19.374000 19.374000
25.137119 20.223873 18.524127
24.674726 20.792177 17.955823
20.495109 20.495109 7.579109
20.495109 20.495109 59.243109
20.198041 22.370512 7.282041
20.198041 22.370512 58.946041
19.374000 22.956898 6.458000
19.374000 22.956898 58.122000
19.374000 24.442238 6.458000
19.374000 24.442238 58.122000
20.223873 25.137119 7.307873
20.223873 25.137119 58.971873
20.792177 24.674726 7.876177
5.336891 20.495109 7.579109
5.336891 20.495109 59.243109
57.000891 20.495109 7.579109
57.000891 20.495109 59.243109
3.461488 20.198041 7.282041
3.461488 20.198041 58.946041
55.125488 20.198041 7.282041
55.125488 20.198041 58.946041
2.875102 19.374000 6.458000
2.875102 19.374000 58.122000
54.539102 19.374000 6.458000
54.539102 19.374000 58.122000
1.389762 19.374000 6.458000
1.389762 19.374000 58.122000
53.053762 19.374000 6.458000
53.053762 19.374000 58.122000
0.694881 20.223873 7.307873
0.694881 20.223873 58.971873
52.358881 20.223873 7.307873
52.358881 20.223873 58.971873
1.157274 20.792177 7.876177
52.821274 20.792177 7.876177
20.495109 5.336891 7.579109
20.495109 5.336891 59.243109
20.495109 57.000891 7.579109
20.495109 57.000891 59.243109
22.370512 5.633959 7.282041
22.370512 5.633959 58.946041
22.370512 57.297959 7.282041
22.370512 57.297959 58.946041
22.956898 6.458000 6.458000
22.956898 6.458000 58.122000
22.956898 58.122000 6.458000
22.956898 58.122000 58.122000
24.442238 6.458000 6.458000
24.442238 6.458000 58.122000
24.442238 58.122000 6.458000
24.442238 58.122000 58.122000
25.137119 5.608127 7.307873
25.137119 5.608127 58.971873
25.137119 57.272127 7.307873
25.137119 57.272127 58.971873
24.674726 5.039823 7.876177
24.674726 56.703823 7.876177
18.549959 20.198041 22.370512
18.524127 20.223873 25.137119
17.955823 20.792177 24.674726
5.633959 18.549959 22.370512
57.297959 18.549959 22.370512
5.608127 18.524127 25.137119
57.272127 18.524127 25.137119
5.039823 17.955823 24.674726
56.703823 17.955823 24.674726
7.282041 5.633959 22.370512
7.282041 57.297959 22.370512
58.946041 5.633959 22.370512
58.946041 57.297959 22.370512
7.307873 5.608127 25.137119
7.307873 57.272127 25.137119
58.971873 5.608127 25.137119
58.971873 57.272127 25.137119
7.876177 5.039823 24.674726
7.876177 56.703823 24.674726
20.198041 7.282041 22.370512
20.198041 58.946041 22.370512
20.223873 7.307873 25.137119
20.223873 58.971873 25.137119
20.792177 7.876177 24.674726
18.549959 5.633959 3.461488
18.549959 5.633959 55.125488
18.549959 57.297959 3.461488
18.549959 57.297959 55.125488
18.524127 5.608127 0.694881
18.524127 5.608127 52.358881
18.524127 57.272127 0.694881
18.524127 57.272127 52.358881
17.955823 5.039823 1.157274
17.955823 5.039823 52.821274
17.955823 56.703823 1.157274
17.955823 56.703823 52.821274
20.198041 18.549959 3.461488
20.198041 18.549959 55.125488
20.223873 18.524127 0.694881
20.223873 18.524127 52.358881
20.792177 17.955823 1.157274
20.792177 17.955823 52.821274
7.282041 20.198041 3.461488
7.282041 20.198041 55.125488
58.946041 20.198041 3.461488
58.946041 20.198041 55.125488
7.307873 20.223873 0.694881
7.307873 20.223873 52.358881
58.971873 20.223873 0.694881
58.971873 20.223873 52.358881
7.876177 20.792177 1.157274
7.876177 20.792177 52.821274
5.633959 7.282041 3.461488
5.633959 7.282041 55.125488
5.633959 58.946041 3.461488
5.633959 58.946041 55.125488
57.297959 7.282041 3.461488
57.297959 7.282041 55.125488
57.297959 58.946041 3.461488
57.297959 58.946041 55.125488
5.608127 7.307873 0.694881
5.608127 7.307873 52.358881
5.608127 58.971873 0.694881
5.608127 58.971873 52.358881
57.272127 7.307873 0.694881
57.272127 7.307873 52.358881
57.272127 58.971873 0.694881
57.272127 58.971873 52.358881
5.039823 7.876177 1.157274
5.039823 7.876177 52.821274
56.703823 7.876177 1.157274
56.703823 7.876177 52.821274
22.370512 18.549959 20.198041
25.137119 18.524127 20.223873
24.674726 17.955823 20.792177
7.282041 22.370512 20.198041
58.946041 22.370512 20.198041
7.307873 25.137119 20.223873
58.971873 25.137119 20.223873
7.876177 24.674726 20.792177
3.461488 7.282041 20.198041
3.461488 58.946041 20.198041
55.125488 7.282041 20.198041
55.125488 58.946041 20.198041
0.694881 7.307873 20.223873
0.694881 58.971873 20.223873
52.358881 7.307873 20.223873
52.358881 58.971873 20.223873
1.157274 7.876177 20.792177
52.821274 7.876177 20.792177
18.549959 3.461488 20.198041
18.549959 55.125488 20.198041
18.524127 0.694881 20.223873
18.524127 52.358881 20.223873
17.955823 1.157274 20.792177
17.955823 52.821274 20.792177
22.370512 7.282041 5.633959
22.370512 7.282041 57.297959
22.370512 58.946041 5.633959
22.370512 58.946041 57.297959
25.137119 7.307873 5.608127
25.137119 7.307873 57.272127
25.137119 58.971873 5.608127
25.137119 58.971873 57.272127
24.674726 7.876177 5.039823
24.674726 7.876177 56.703823
18.549959 22.370512 5.633959
18.549959 22.370512 57.297959
18.524127 25.137119 5.608127
18.524127 25.137119 57.272127
17.955823 24.674726 5.039823
17.955823 24.674726 56.703823
3.461488 18.549959 5.633959
3.461488 18.549959 57.297959
55.125488 18.549959 5.633959
55.125488 18.549959 57.297959
0.694881 18.524127 5.608127
0.694881 18.524127 57.272127
52.358881 18.524127 5.608127
52.358881 18.524127 57.272127
1.157274 17.955823 5.039823
1.157274 17.955823 56.703823
52.821274 17.955823 5.039823
52.821274 17.955823 56.703823
7.282041 3.461488 5.633959
7.282041 3.461488 57.297959
7.282041 55.125488 5.633959
7.282041 55.125488 57.297959
58.946041 3.461488 5.633959
58.946041 3.461488 57.297959
58.946041 55.125488 5.633959
58.946041 55.125488 57.297959
7.307873 0.694881 5.608127
7.307873 0.694881 57.272127
7.307873 52.358881 5.608127
7.307873 52.358881 57.272127
58.971873 0.694881 5.608127
58.971873 0.694881 57.272127
58.971873 52.358881 5.608127
58.971873 52.358881 57.272127
7.876177 1.157274 5.039823
7.876177 1.157274 56.703823
7.876177 52.821274 5.039823
7.876177 52.821274 56.703823
20.198041 22.370512 18.549959
20.223873 25.137119 18.524127
20.792177 24.674726 17.955823
20.198041 3.461488 7.282041
20.198041 3.461488 58.946041
20.198041 55.125488 7.282041
20.198041 55.125488 58.946041
20.223873 0.694881 7.307873
20.223873 0.694881 58.971873
20.223873 52.358881 7.307873
20.223873 52.358881 58.971873
20.792177 1.157274 7.876177
20.792177 52.821274 7.876177
22.370512 20.198041 7.282041
22.370512 20.198041 58.946041
25.137119 20.223873 7.307873
25.137119 20.223873 58.971873
24.674726 20.792177 7.876177
5.633959 22.370512 7.282041
5.633959 22.370512 58.946041
57.297959 22.370512 7.282041
57.297959 22.370512 58.946041
5.608127 25.137119 7.307873
5.608127 25.137119 58.971873
57.272127 25.137119 7.307873
57.272127 25.137119 58.971873
5.039823 24.674726 7.876177
56.703823 24.674726 7.876177
3.461488 5.633959 7.282041
3.461488 5.633959 58.946041
3.461488 57.297959 7.282041
3.461488 57.297959 58.946041
55.125488 5.633959 7.282041
55.125488 5.633959 58.946041
55.125488 57.297959 7.282041
55.125488 57.297959 58.946041
0.694881 5.608127 7.307873
0.694881 5.608127 58.971873
0.694881 57.272127 7.307873
0.694881 57.272127 58.971873
52.358881 5.608127 7.307873
52.358881 5.608127 58.971873
52.358881 57.272127 7.307873
52.358881 57.272127 58.971873
1.157274 5.039823 7.876177
1.157274 56.703823 7.876177
52.821274 5.039823 7.876177
52.821274 56.703823 7.876177
5.633959 3.461488 18.549959
5.633959 55.125488 18.549959
57.297959 3.461488 18.549959
57.297959 55.125488 18.549959
5.608127 0.694881 18.524127
5.608127 52.358881 18.524127
57.272127 0.694881 18.524127
57.272127 52.358881 18.524127
5.039823 1.157274 17.955823
5.039823 52.821274 17.955823
56.703823 1.157274 17.955823
56.703823 52.821274 17.955823
22.370512 5.633959 18.549959
22.370512 57.297959 18.549959
25.137119 5.608127 18.524127
25.137119 57.272127 18.524127
24.674726 5.039823 17.955823
24.674726 56.703823 17.955823
3.461488 20.198041 18.549959
55.125488 20.198041 18.549959
0.694881 20.223873 18.524127
52.358881 20.223873 18.524127
1.157274 20.792177 17.955823
52.821274 20.792177 17.955823
7.579109 18.252891 18.252891
59.243109 18.252891 18.252891
7.282041 18.549959 16.377488
58.946041 18.549959 16.377488
6.458000 19.374000 15.791102
58.122000 19.374000 15.791102
6.458000 19.374000 14.305762
58.122000 19.374000 14.305762
7.307873 18.524127 13.610881
58.971873 18.524127 13.610881
7.876177 17.955823 14.073274
20.198041 20.198041 16.377488
19.374000 19.374000 15.791102
19.374000 19.374000 14.305762
20.223873 20.223873 13.610881
20.792177 20.792177 14.073274
18.252891 7.579109 18.252891
18.252891 59.243109 18.252891
18.549959 7.282041 16.377488
18.549959 58.946041 16.377488
19.374000 6.458000 15.791102
19.374000 58.122000 15.791102
19.374000 6.458000 14.305762
19.374000 58.122000 14.305762
18.524127 7.307873 13.610881
18.524127 58.971873 13.610881
17.955823 7.876177 14.073274
5.633959 5.633959 16.377488
5.633959 57.297959 16.377488
57.297959 5.633959 16.377488
57.297959 57.297959 16.377488
6.458000 6.458000 15.791102
6.458000 58.122000 15.791102
58.122000 6.458000 15.791102
58.122000 58.122000 15.791102
6.458000 6.458000 14.305762
6.458000 58.122000 14.305762
58.122000 6.458000 14.305762
58.122000 58.122000 14.305762
5.608127 5.608127 13.610881
5.608127 57.272127 13.610881
57.272127 5.608127 13.610881
57.272127 57.272127 13.610881
5.039823 5.039823 14.073274
5.039823 56.703823 14.073274
56.703823 5.039823 14.073274
56.703823 56.703823 14.073274
7.579109 7.579109 7.579109
7.579109 7.579109 59.243109
7.579109 59.243109 7.579109
7.579109 59.243109 59.243109
59.243109 7.579109 7.579109
59.243109 7.579109 59.243109
59.243109 59.243109 7.579109
59.243109 59.243109 59.243109
7.282041 7.282041 9.454512
7.282041 58.946041 9.454512
58.946041 7.282041 9.454512
58.946041 58.946041 9.454512
6.458000 6.458000 10.040898
6.458000 58.122000 10.040898
58.122000 6.458000 10.040898
58.122000 58.122000 10.040898
6.458000 6.458000 11.526238
6.458000 58.122000 11.526238
58.122000 6.458000 11.526238
58.122000 58.122000 11.526238
7.307873 7.307873 12.221119
7.307873 58.971873 12.221119
58.971873 7.307873 12.221119
58.971873 58.971873 12.221119
7.876177 7.876177 11.758726
5.633959 20.198041 9.454512
57.297959 20.198041 9.454512
6.458000 19.374000 10.040898
58.122000 19.374000 10.040898
6.458000 19.374000 11.526238
58.122000 19.374000 11.526238
5.608127 20.223873 12.221119
57.272127 20.223873 12.221119
5.039823 20.792177 11.758726
56.703823 20.792177 11.758726
18.252891 18.252891 7.579109
18.252891 18.252891 59.243109
18.549959 18.549959 9.454512
19.374000 19.374000 10.040898
19.374000 19.374000 11.526238
18.524127 18.524127 12.221119
17.955823 17.955823 11.758726
20.198041 5.633959 9.454512
20.198041 57.297959 9.454512
19.374000 6.458000 10.040898
19.374000 58.122000 10.040898
19.374000 6.458000 11.526238
19.374000 58.122000 11.526238
20.223873 5.608127 12.221119
20.223873 57.272127 12.221119
20.792177 5.039823 11.758726
20.792177 56.703823 11.758726
18.252891 18.252891 18.252891
18.549959 16.377488 18.549959
19.374000 15.791102 19.374000
19.374000 14.305762 19.374000
18.524127 13.610881 18.524127
17.955823 14.073274 17.955823
7.579109 7.579109 18.252891
7.579109 59.243109 18.252891
59.243109 7.579109 18.252891
59.243109 59.243109 18.252891
7.282041 9.454512 18.549959
58.946041 9.454512 18.549959
6.458000 10.040898 19.374000
58.122000 10.040898 19.374000
6.458000 11.526238 19.374000
58.122000 11.526238 19.374000
7.307873 12.221119 18.524127
58.971873 12.221119 18.524127
7.876177 11.758726 17.955823
7.579109 18.252891 7.579109
7.579109 18.252891 59.243109
59.243109 18.252891 7.579109
59.243109 18.252891 59.243109
7.282041 16.377488 7.282041
7.282041 16.377488 58.946041
58.946041 16.377488 7.282041
58.946041 16.377488 58.946041
6.458000 15.791102 6.458000
6.458000 15.791102 58.122000
58.122000 15.791102 6.458000
58.122000 15.791102 58.122000
6.458000 14.305762 6.458000
6.458000 14.305762 58.122000
58.122000 14.305762 6.458000
58.122000 14.305762 58.122000
7.307873 13.610881 7.307873
7.307873 13.610881 58.971873
58.971873 13.610881 7.307873
58.971873 13.610881 58.971873
7.876177 14.073274 7.876177
18.252891 7.579109 7.579109
18.252891 7.579109 59.243109
18.252891 59.243109 7.579109
18.252891 59.243109 59.243109
18.549959 9.454512 7.282041
18.549959 9.454512 58.946041
19.374000 10.040898 6.458000
19.374000 10.040898 58.122000
19.374000 11.526238 6.458000
19.374000 11.526238 58.122000
18.524127 12.221119 7.307873
18.524127 12.221119 58.971873
17.955823 11.758726 7.876177
5.633959 16.377488 20.198041
57.297959 16.377488 20.198041
6.458000 15.791102 19.374000
58.122000 15.791102 19.374000
6.458000 14.305762 19.374000
58.122000 14.305762 19.374000
5.608127 13.610881 20.223873
57.272127 13.610881 20.223873
5.039823 14.073274 20.792177
56.703823 14.073274 20.792177
5.633959 9.454512 5.633959
5.633959 9.454512 57.297959
57.297959 9.454512 5.633959
57.297959 9.454512 57.297959
6.458000 10.040898 6.458000
6.458000 10.040898 58.122000
58.122000 10.040898 6.458000
58.122000 10.040898 58.122000
6.458000 11.526238 6.458000
6.458000 11.526238 58.122000
58.122000 11.526238 6.458000
58.122000 11.526238 58.122000
5.608127 12.221119 5.608127
5.608127 12.221119 57.272127
57.272127 12.221119 5.608127
57.272127 12.221119 57.272127
5.039823 11.758726 5.039823
5.039823 11.758726 56.703823
56.703823 11.758726 5.039823
56.703823 11.758726 56.703823
20.198041 16.377488 5.633959
20.198041 16.377488 57.297959
19.374000 15.791102 6.458000
19.374000 15.791102 58.122000
19.374000 14.305762 6.458000
19.374000 14.305762 58.122000
20.223873 13.610881 5.608127
20.223873 13.610881 57.272127
20.792177 14.073274 5.039823
20.792177 14.073274 56.703823
20.198041 9.454512 20.198041
19.374000 10.040898 19.374000
19.374000 11.526238 19.374000
20.223873 12.221119 20.223873
20.792177 11.758726 20.792177
18.549959 7.282041 9.454512
18.549959 58.946041 9.454512
18.524127 7.307873 12.221119
18.524127 58.971873 12.221119
17.955823 7.876177 11.758726
5.633959 5.633959 9.454512
5.633959 57.297959 9.454512
57.297959 5.633959 9.454512
57.297959 57.297959 9.454512
5.608127 5.608127 12.221119
5.608127 57.272127 12.221119
57.272127 5.608127 12.221119
57.272127 57.272127 12.221119
5.039823 5.039823 11.758726
5.039823 56.703823 11.758726
56.703823 5.039823 11.758726
56.703823 56.703823 11.758726
7.282041 18.549959 9.454512
58.946041 18.549959 9.454512
7.307873 18.524127 12.221119
58.971873 18.524127 12.221119
7.876177 17.955823 11.758726
20.198041 20.198041 9.454512
20.223873 20.223873 12.221119
20.792177 20.792177 11.758726
18.549959 18.549959 16.377488
18.524127 18.524127 13.610881
17.955823 17.955823 14.073274
20.198041 5.633959 16.377488
20.198041 57.297959 16.377488
20.223873 5.608127 13.610881
20.223873 57.272127 13.610881
20.792177 5.039823 14.073274
20.792177 56.703823 14.073274
7.282041 7.282041 16.377488
7.282041 58.946041 16.377488
58.946041 7.282041 16.377488
58.946041 58.946041 16.377488
7.307873 7.307873 13.610881
7.307873 58.971873 13.610881
58.971873 7.307873 13.610881
58.971873 58.971873 13.610881
7.876177 7.876177 14.073274
5.633959 20.198041 16.377488
57.297959 20.198041 16.377488
5.608127 20.223873 13.610881
57.272127 20.223873 13.610881
5.039823 20.792177 14.073274
56.703823 20.792177 14.073274
7.282041 9.454512 7.282041
7.282041 9.454512 58.946041
58.946041 9.454512 7.282041
58.946041 9.454512 58.946041
7.307873 12.221119 7.307873
7.307873 12.221119 58.971873
58.971873 12.221119 7.307873
58.971873 12.221119 58.971873
7.876177 11.758726 7.876177
18.549959 16.377488 7.282041
18.549959 16.377488 58.946041
18.524127 13.610881 7.307873
18.524127 13.610881 58.971873
17.955823 14.073274 7.876177
18.549959 9.454512 18.549959
18.524127 12.221119 18.524127
17.955823 11.758726 17.955823
7.282041 16.377488 18.549959
58.946041 16.377488 18.549959
7.307873 13.610881 18.524127
58.971873 13.610881 18.524127
7.876177 14.073274 17.955823
20.198041 9.454512 5.633959
20.198041 9.454512 57.297959
20.223873 12.221119 5.608127
20.223873 12.221119 57.272127
20.792177 11.758726 5.039823
20.792177 11.758726 56.703823
20.198041 16.377488 20.198041
20.223873 13.610881 20.223873
20.792177 14.073274 20.792177
5.633959 9.454512 20.198041
57.297959 9.454512 20.198041
5.608127 12.221119 20.223873
57.272127 12.221119 20.223873
5.039823 11.758726 20.792177
56.703823 11.758726 20.792177
5.633959 16.377488 5.633959
5.633959 16.377488 57.297959
57.297959 16.377488 5.633959
57.297959 16.377488 57.297959
5.608127 13.610881 5.608127
5.608127 13.610881 57.272127
57.272127 13.610881 5.608127
57.272127 13.610881 57.272127
5.039823 14.073274 5.039823
5.039823 14.073274 56.703823
56.703823 14.073274 5.039823
56.703823 14.073274 56.703823
16.377488 7.282041 18.549959
16.377488 58.946041 18.549959
15.791102 6.458000 19.374000
15.791102 58.122000 19.374000
14.305762 6.458000 19.374000
14.305762 58.122000 19.374000
13.610881 7.307873 18.524127
13.610881 58.971873 18.524127
14.073274 7.876177 17.955823
9.454512 18.549959 18.549959
10.040898 19.374000 19.374000
11.526238 19.374000 19.374000
12.221119 18.524127 18.524127
11.758726 17.955823 17.955823
16.377488 18.549959 7.282041
16.377488 18.549959 58.946041
15.791102 19.374000 6.458000
15.791102 19.374000 58.122000
14.305762 19.374000 6.458000
14.305762 19.374000 58.122000
13.610881 18.524127 7.307873
13.610881 18.524127 58.971873
14.073274 17.955823 7.876177
9.454512 7.282041 7.282041
9.454512 7.282041 58.946041
9.454512 58.946041 7.282041
9.454512 58.946041 58.946041
10.040898 6.458000 6.458000
10.040898 6.458000 58.122000
10.040898 58.122000 6.458000
10.040898 58.122000 58.122000
11.526238 6.458000 6.458000
11.526238 6.458000 58.122000
11.526238 58.122000 6.458000
11.526238 58.122000 58.122000
12.221119 7.307873 7.307873
12.221119 7.307873 58.971873
12.221119 58.971873 7.307873
12.221119 58.971873 58.971873
11.758726 7.876177 7.876177
16.377488 5.633959 5.633959
16.377488 5.633959 57.297959
16.377488 57.297959 5.633959
16.377488 57.297959 57.297959
15.791102 6.458000 6.458000
15.791102 6.458000 58.122000
15.791102 58.122000 6.458000
15.791102 58.122000 58.122000
14.305762 6.458000 6.458000
14.305762 6.458000 58.122000
14.305762 58.122000 6.458000
14.305762 58.122000 58.122000
13.610881 5.608127 5.608127
13.610881 5.608127 57.272127
13.610881 57.272127 5.608127
13.610881 57.272127 57.272127
14.073274 5.039823 5.039823
14.073274 5.039823 56.703823
14.073274 56.703823 5.039823
14.073274 56.703823 56.703823
9.454512 20.198041 5.633959
9.454512 20.198041 57.297959
10.040898 19.374000 6.458000
10.040898 19.374000 58.122000
11.526238 19.374000 6.458000
11.526238 19.374000 58.122000
12.221119 20.223873 5.608127
12.221119 20.223873 57.272127
11.758726 20.792177 5.039823
11.758726 20.792177 56.703823
16.377488 20.198041 20.198041
15.791102 19.374000 19.374000
14.305762 19.374000 19.374000
13.610881 20.223873 20.223873
14.073274 20.792177 20.792177
9.454512 5.633959 20.198041
9.454512 57.297959 20.198041
10.040898 6.458000 19.374000
10.040898 58.122000 19.374000
11.526238 6.458000 19.374000
11.526238 58.122000 19.374000
12.221119 5.608127 20.223873
12.221119 57.272127 20.223873
11.758726 5.039823 20.792177
11.758726 56.703823 20.792177
9.454512 18.549959 7.282041
9.454512 18.549959 58.946041
12.221119 18.524127 7.307873
12.221119 18.524127 58.971873
11.758726 17.955823 7.876177
16.377488 7.282041 7.282041
16.377488 7.282041 58.946041
16.377488 58.946041 7.282041
16.377488 58.946041 58.946041
13.610881 7.307873 7.307873
13.610881 7.307873 58.971873
13.610881 58.971873 7.307873
13.610881 58.971873 58.971873
14.073274 7.876177 7.876177
9.454512 7.282041 18.549959
9.454512 58.946041 18.549959
12.221119 7.307873 18.524127
12.221119 58.971873 18.524127
11.758726 7.876177 17.955823
16.377488 18.549959 18.549959
13.610881 18.524127 18.524127
14.073274 17.955823 17.955823
9.454512 20.198041 20.198041
12.221119 20.223873 20.223873
11.758726 20.792177 20.792177
16.377488 5.633959 20.198041
16.377488 57.297959 20.198041
13.610881 5.608127 20.223873
13.610881 57.272127 20.223873
14.073274 5.039823 20.792177
14.073274 56.703823 20.792177
9.454512 5.633959 5.633959
9.454512 5.633959 57.297959
9.454512 57.297959 5.633959
9.454512 57.297959 57.297959
12.221119 5.608127 5.608127
12.221119 5.608127 57.272127
12.221119 57.272127 5.608127
12.221119 57.272127 57.272127
11.758726 5.039823 5.039823
11.758726 5.039823 56.703823
11.758726 56.703823 5.039823
11.758726 56.703823 56.703823
16.377488 20.198041 5.633959
16.377488 20.198041 57.297959
13.610881 20.223873 5.608127
13.610881 20.223873 57.272127
14.073274 20.792177 5.039823
14.073274 20.792177 56.703823
7.579109 5.336891 31.168891
7.579109 57.000891 31.168891
59.243109 5.336891 31.168891
59.243109 57.000891 31.168891
6.458000 6.458000 32.290000
6.458000 58.122000 32.290000
58.122000 6.458000 32.290000
58.122000 58.122000 32.290000
7.282041 5.633959 29.293488
7.282041 57.297959 29.293488
58.946041 5.633959 29.293488
58.946041 57.297959 29.293488
6.458000 6.458000 28.707102
6.458000 58.122000 28.707102
58.122000 6.458000 28.707102
58.122000 58.122000 28.707102
6.458000 6.458000 27.221762
6.458000 58.122000 27.221762
58.122000 6.458000 27.221762
58.122000 58.122000 27.221762
7.307873 5.608127 26.526881
7.307873 57.272127 26.526881
58.971873 5.608127 26.526881
58.971873 57.272127 26.526881
7.876177 5.039823 26.989274
7.876177 56.703823 26.989274
20.495109 7.579109 31.168891
20.495109 59.243109 31.168891
19.374000 6.458000 32.290000
19.374000 58.122000 32.290000
20.198041 7.282041 29.293488
20.198041 58.946041 29.293488
19.374000 6.458000 28.707102
19.374000 58.122000 28.707102
19.374000 6.458000 27.221762
19.374000 58.122000 27.221762
20.223873 7.307873 26.526881
20.223873 58.971873 26.526881
20.792177 7.876177 26.989274
18.252891 20.495109 31.168891
19.374000 19.374000 32.290000
18.549959 20.198041 29.293488
19.374000 19.374000 28.707102
19.374000 19.374000 27.221762
18.524127 20.223873 26.526881
17.955823 20.792177 26.989274
5.336891 18.252891 31.168891
57.000891 18.252891 31.168891
6.458000 19.374000 32.290000
58.122000 19.374000 32.290000
5.633959 18.549959 29.293488
57.297959 18.549959 29.293488
6.458000 19.374000 28.707102
58.122000 19.374000 28.707102
6.458000 19.374000 27.221762
58.122000 19.374000 27.221762
5.608127 18.524127 26.526881
57.272127 18.524127 26.526881
5.039823 17.955823 26.989274
56.703823 17.955823 26.989274
7.579109 20.495109 -5.336891
7.579109 20.495109 46.327109
59.243109 20.495109 -5.336891
59.243109 20.495109 46.327109
6.458000 19.374000 -6.458000
6.458000 19.374000 45.206000
58.122000 19.374000 -6.458000
58.122000 19.374000 45.206000
7.282041 20.198041 -3.461488
7.282041 20.198041 48.202512
58.946041 20.198041 -3.461488
58.946041 20.198041 48.202512
6.458000 19.374000 -2.875102
6.458000 19.374000 48.788898
58.122000 19.374000 -2.875102
58.122000 19.374000 48.788898
6.458000 19.374000 -1.389762
6.458000 19.374000 50.274238
58.122000 19.374000 -1.389762
58.122000 19.374000 50.274238
7.307873 20.223873 -0.694881
7.307873 20.223873 50.969119
58.971873 20.223873 -0.694881
58.971873 20.223873 50.969119
7.876177 20.792177 -1.157274
7.876177 20.792177 50.506726
5.336891 7.579109 -5.336891
5.336891 7.579109 46.327109
5.336891 59.243109 -5.336891
5.336891 59.243109 46.327109
57.000891 7.579109 -5.336891
57.000891 7.579109 46.327109
57.000891 59.243109 -5.336891
57.000891 59.243109 46.327109
6.458000 6.458000 -6.458000
6.458000 6.458000 45.206000
6.458000 58.122000 -6.458000
6.458000 58.122000 45.206000
58.122000 6.458000 -6.458000
58.122000 6.458000 45.206000
58.122000 58.122000 -6.458000
58.122000 58.122000 45.206000
5.633959 7.282041 -3.461488
5.633959 7.282041 48.202512
5.633959 58.946041 -3.461488
5.633959 58.946041 48.202512
57.297959 7.282041 -3.461488
57.297959 7.282041 48.202512
57.297959 58.946041 -3.461488
57.297959 58.946041 48.202512
6.458000 6.458000 -2.875102
6.458000 6.458000 48.788898
6.458000 58.122000 -2.875102
6.458000 58.122000 48.788898
58.122000 6.458000 -2.875102
58.122000 6.458000 48.788898
58.122000 58.122000 -2.875102
58.122000 58.122000 48.788898
6.458000 6.458000 -1.389762
6.458000 6.458000 50.274238
6.458000 58.122000 -1.389762
6.458000 58.122000 50.274238
58.122000 6.458000 -1.389762
58.122000 6.458000 50.274238
58.122000 58.122000 -1.389762
58.122000 58.122000 50.274238
5.608127 7.307873 -0.694881
5.608127 7.307873 50.969119
5.608127 58.971873 -0.694881
5.608127 58.971873 50.969119
57.272127 7.307873 -0.694881
57.272127 7.307873 50.969119
57.272127 58.971873 -0.694881
57.272127 58.971873 50.969119
5.039823 7.876177 -1.157274
5.039823 7.876177 50.506726
56.703823 7.876177 -1.157274
56.703823 7.876177 50.506726
18.252891 5.336891 -5.336891
18.252891 5.336891 46.327109
18.252891 57.000891 -5.336891
18.252891 57.000891 46.327109
19.374000 6.458000 -6.458000
19.374000 6.458000 45.206000
19.374000 58.122000 -6.458000
19.374000 58.122000 45.206000
18.549959 5.633959 -3.461488
18.549959 5.633959 48.202512
18.549959 57.297959 -3.461488
18.549959 57.297959 48.202512
19.374000 6.458000 -2.875102
19.374000 6.458000 48.788898
19.374000 58.122000 -2.875102
19.374000 58.122000 48.788898
19.374000 6.458000 -1.389762
19.374000 6.458000 50.274238
19.374000 58.122000 -1.389762
19.374000 58.122000 50.274238
18.524127 5.608127 -0.694881
18.524127 5.608127 50.969119
18.524127 57.272127 -0.694881
18.524127 57.272127 50.969119
17.955823 5.039823 -1.157274
17.955823 5.039823 50.506726
17.955823 56.703823 -1.157274
17.955823 56.703823 50.506726
20.495109 18.252891 -5.336891
20.495109 18.252891 46.327109
19.374000 19.374000 -6.458000
19.374000 19.374000 45.206000
20.198041 18.549959 -3.461488
20.198041 18.549959 48.202512
19.374000 19.374000 -2.875102
19.374000 19.374000 48.788898
19.374000 19.374000 -1.389762
19.374000 19.374000 50.274238
20.223873 18.524127 -0.694881
20.223873 18.524127 50.969119
20.792177 17.955823 -1.157274
20.792177 17.955823 50.506726
5.336891 7.579109 31.168891
5.336891 59.243109 31.168891
57.000891 7.579109 31.168891
57.000891 59.243109 31.168891
3.461488 7.282041 31.465959
3.461488 58.946041 31.465959
55.125488 7.282041 31.465959
55.125488 58.946041 31.465959
2.875102 6.458000 32.290000
2.875102 58.122000 32.290000
54.539102 6.458000 32.290000
54.539102 58.122000 32.290000
1.389762 6.458000 32.290000
1.389762 58.122000 32.290000
53.053762 6.458000 32.290000
53.053762 58.122000 32.290000
0.694881 7.307873 31.440127
0.694881 58.971873 31.440127
52.358881 7.307873 31.440127
52.358881 58.971873 31.440127
1.157274 7.876177 30.871823
52.821274 7.876177 30.871823
18.252891 5.336891 31.168891
18.252891 57.000891 31.168891
18.549959 3.461488 31.465959
18.549959 55.125488 31.465959
19.374000 2.875102 32.290000
19.374000 54.539102 32.290000
19.374000 1.389762 32.290000
19.374000 53.053762 32.290000
18.524127 0.694881 31.440127
18.524127 52.358881 31.440127
17.955823 1.157274 30.871823
17.955823 52.821274 30.871823
20.495109 18.252891 31.168891
22.370512 18.549959 31.465959
22.956898 19.374000 32.290000
24.442238 19.374000 32.290000
25.137119 18.524127 31.440127
24.674726 17.955823 30.871823
7.579109 20.495109 31.168891
59.243109 20.495109 31.168891
7.282041 22.370512 31.465959
58.946041 22.370512 31.465959
6.458000 22.956898 32.290000
58.122000 22.956898 32.290000
6.458000 24.442238 32.290000
58.122000 24.442238 32.290000
7.307873 25.137119 31.440127
58.971873 25.137119 31.440127
7.876177 24.674726 30.871823
5.336891 18.252891 -5.336891
5.336891 18.252891 46.327109
57.000891 18.252891 -5.336891
57.000891 18.252891 46.327109
3.461488 18.549959 -5.633959
3.461488 18.549959 46.030041
55.125488 18.549959 -5.633959
55.125488 18.549959 46.030041
2.875102 19.374000 -6.458000
2.875102 19.374000 45.206000
54.539102 19.374000 -6.458000
54.539102 19.374000 45.206000
1.389762 19.374000 -6.458000
1.389762 19.374000 45.206000
53.053762 19.374000 -6.458000
53.053762 19.374000 45.206000
0.694881 18.524127 -5.608127
0.694881 18.524127 46.055873
52.358881 18.524127 -5.608127
52.358881 18.524127 46.055873
1.157274 17.955823 -5.039823
1.157274 17.955823 46.624177
52.821274 17.955823 -5.039823
52.821274 17.955823 46.624177
7.579109 5.336891 -5.336891
7.579109 5.336891 46.327109
7.579109 57.000891 -5.336891
7.579109 57.000891 46.327109
59.243109 5.336891 -5.336891
59.243109 5.336891 46.327109
59.243109 57.000891 -5.336891
59.243109 57.000891 46.327109
7.282041 3.461488 -5.633959
7.282041 3.461488 46.030041
7.282041 55.125488 -5.633959
7.282041 55.125488 46.030041
58.946041 3.461488 -5.633959
58.946041 3.461488 46.030041
58.946041 55.125488 -5.633959
58.946041 55.125488 46.030041
6.458000 2.875102 -6.458000
6.458000 2.875102 45.206000
6.458000 54.539102 -6.458000
6.458000 54.539102 45.206000
58.122000 2.875102 -6.458000
58.122000 2.875102 45.206000
58.122000 54.539102 -6.458000
58.122000 54.539102 45.206000
6.458000 1.389762 -6.458000
6.458000 1.389762 45.206000
6.458000 53.053762 -6.458000
6.458000 53.053762 45.206000
58.122000 1.389762 -6.458000
58.122000 1.389762 45.206000
58.122000 53.053762 -6.458000
58.122000 53.053762 45.206000
7.307873 0.694881 -5.608127
7.307873 0.694881 46.055873
7.307873 52.358881 -5.608127
7.307873 52.358881 46.055873
58.971873 0.694881 -5.608127
58.971873 0.694881 46.055873
58.971873 52.358881 -5.608127
58.971873 52.358881 46.055873
7.876177 1.157274 -5.039823
7.876177 1.157274 46.624177
7.876177 52.821274 -5.039823
7.876177 52.821274 46.624177
20.495109 7.579109 -5.336891
20.495109 7.579109 46.327109
20.495109 59.243109 -5.336891
20.495109 59.243109 46.327109
22.370512 7.282041 -5.633959
22.370512 7.282041 46.030041
22.370512 58.946041 -5.633959
22.370512 58.946041 46.030041
22.956898 6.458000 -6.458000
22.956898 6.458000 45.206000
22.956898 58.122000 -6.458000
22.956898 58.122000 45.206000
24.442238 6.458000 -6.458000
24.442238 6.458000 45.206000
24.442238 58.122000 -6.458000
24.442238 58.122000 45.206000
25.137119 7.307873 -5.608127
25.137119 7.307873 46.055873
25.137119 58.971873 -5.608127
25.137119 58.971873 46.055873
24.674726 7.876177 -5.039823
24.674726 7.876177 46.624177
18.252891 20.495109 -5.336891
18.252891 20.495109 46.327109
18.549959 22.370512 -5.633959
18.549959 22.370512 46.030041
19.374000 22.956898 -6.458000
19.374000 22.956898 45.206000
19.374000 24.442238 -6.458000
19.374000 24.442238 45.206000
18.524127 25.137119 -5.608127
18.524127 25.137119 46.055873
17.955823 24.674726 -5.039823
17.955823 24.674726 46.624177
5.336891 5.336891 33.411109
5.336891 57.000891 33.411109
57.000891 5.336891 33.411109
57.000891 57.000891 33.411109
5.633959 3.461488 33.114041
5.633959 55.125488 33.114041
57.297959 3.461488 33.114041
57.297959 55.125488 33.114041
6.458000 2.875102 32.290000
6.458000 54.539102 32.290000
58.122000 2.875102 32.290000
58.122000 54.539102 32.290000
6.458000 1.389762 32.290000
6.458000 53.053762 32.290000
58.122000 1.389762 32.290000
58.122000 53.053762 32.290000
5.608127 0.694881 33.139873
5.608127 52.358881 33.139873
57.272127 0.694881 33.139873
57.272127 52.358881 33.139873
5.039823 1.157274 33.708177
5.039823 52.821274 33.708177
56.703823 1.157274 33.708177
56.703823 52.821274 33.708177
5.336891 20.495109 -7.579109
5.336891 20.495109 44.084891
57.000891 20.495109 -7.579109
57.000891 20.495109 44.084891
5.633959 22.370512 -7.282041
5.633959 22.370512 44.381959
57.297959 22.370512 -7.282041
57.297959 22.370512 44.381959
6.458000 22.956898 -6.458000
6.458000 22.956898 45.206000
58.122000 22.956898 -6.458000
58.122000 22.956898 45.206000
6.458000 24.442238 -6.458000
6.458000 24.442238 45.206000
58.122000 24.442238 -6.458000
58.122000 24.442238 45.206000
5.608127 25.137119 -7.307873
5.608127 25.137119 44.356127
57.272127 25.137119 -7.307873
57.272127 25.137119 44.356127
5.039823 24.674726 43.787823
56.703823 24.674726 43.787823
5.336891 5.336891 -7.579109
5.336891 5.336891 44.084891
5.336891 57.000891 -7.579109
5.336891 57.000891 44.084891
57.000891 5.336891 -7.579109
57.000891 5.336891 44.084891
57.000891 57.000891 -7.579109
57.000891 57.000891 44.084891
3.461488 5.633959 -7.282041
3.461488 5.633959 44.381959
3.461488 57.297959 -7.282041
3.461488 57.297959 44.381959
55.125488 5.633959 -7.282041
55.125488 5.633959 44.381959
55.125488 57.297959 -7.282041
55.125488 57.297959 44.381959
2.875102 6.458000 -6.458000
2.875102 6.458000 45.206000
2.875102 58.122000 -6.458000
2.875102 58.122000 45.206000
54.539102 6.458000 -6.458000
54.539102 6.458000 45.206000
54.539102 58.122000 -6.458000
54.539102 58.122000 45.206000
1.389762 6.458000 -6.458000
1.389762 6.458000 45.206000
1.389762 58.122000 -6.458000
1.389762 58.122000 45.206000
53.053762 6.458000 -6.458000
53.053762 6.458000 45.206000
53.053762 58.122000 -6.458000
53.053762 58.122000 45.206000
0.694881 5.608127 -7.307873
0.694881 5.608127 44.356127
0.694881 57.272127 -7.307873
0.694881 57.272127 44.356127
52.358881 5.608127 -7.307873
52.358881 5.608127 44.356127
52.358881 57.272127 -7.307873
52.358881 57.272127 44.356127
1.157274 5.039823 43.787823
1.157274 56.703823 43.787823
52.821274 5.039823 43.787823
52.821274 56.703823 43.787823
20.495109 5.336891 -7.579109
20.495109 5.336891 44.084891
20.495109 57.000891 -7.579109
20.495109 57.000891 44.084891
20.198041 3.461488 -7.282041
20.198041 3.461488 44.381959
20.198041 55.125488 -7.282041
20.198041 55.125488 44.381959
19.374000 2.875102 -6.458000
19.374000 2.875102 45.206000
19.374000 54.539102 -6.458000
19.374000 54.539102 45.206000
19.374000 1.389762 -6.458000
19.374000 1.389762 45.206000
19.374000 53.053762 -6.458000
19.374000 53.053762 45.206000
20.223873 0.694881 -7.307873
20.223873 0.694881 44.356127
20.223873 52.358881 -7.307873
20.223873 52.358881 44.356127
20.792177 1.157274 43.787823
20.792177 52.821274 43.787823
20.495109 20.495109 -7.579109
20.495109 20.495109 44.084891
22.370512 20.198041 -7.282041
22.370512 20.198041 44.381959
22.956898 19.374000 -6.458000
22.956898 19.374000 45.206000
24.442238 19.374000 -6.458000
24.442238 19.374000 45.206000
25.137119 20.223873 -7.307873
25.137119 20.223873 44.356127
24.674726 20.792177 43.787823
20.495109 20.495109 33.411109
20.198041 22.370512 33.114041
19.374000 22.956898 32.290000
19.374000 24.442238 32.290000
20.223873 25.137119 33.139873
20.792177 24.674726 33.708177
5.336891 20.495109 33.411109
57.000891 20.495109 33.411109
3.461488 20.198041 33.114041
55.125488 20.198041 33.114041
2.875102 19.374000 32.290000
54.539102 19.374000 32.290000
1.389762 19.374000 32.290000
53.053762 19.374000 32.290000
0.694881 20.223873 33.139873
52.358881 20.223873 33.139873
1.157274 20.792177 33.708177
52.821274 20.792177 33.708177
20.495109 5.336891 33.411109
20.495109 57.000891 33.411109
22.370512 5.633959 33.114041
22.370512 57.297959 33.114041
22.956898 6.458000 32.290000
22.956898 58.122000 32.290000
24.442238 6.458000 32.290000
24.442238 58.122000 32.290000
25.137119 5.608127 33.139873
25.137119 57.272127 33.139873
24.674726 5.039823 33.708177
24.674726 56.703823 33.708177
18.549959 20.198041 -3.461488
18.549959 20.198041 48.202512
18.524127 20.223873 -0.694881
18.524127 20.223873 50.969119
17.955823 20.792177 -1.157274
17.955823 20.792177 50.506726
5.633959 18.549959 -3.461488
5.633959 18.549959 48.202512
57.297959 18.549959 -3.461488
57.297959 18.549959 48.202512
5.608127 18.524127 -0.694881
5.608127 18.524127 50.969119
57.272127 18.524127 -0.694881
57.272127 18.524127 50.969119
5.039823 17.955823 -1.157274
5.039823 17.955823 50.506726
56.703823 17.955823 -1.157274
56.703823 17.955823 50.506726
7.282041 5.633959 -3.461488
7.282041 5.633959 48.202512
7.282041 57.297959 -3.461488
7.282041 57.297959 48.202512
58.946041 5.633959 -3.461488
58.946041 5.633959 48.202512
58.946041 57.297959 -3.461488
58.946041 57.297959 48.202512
7.307873 5.608127 -0.694881
7.307873 5.608127 50.969119
7.307873 57.272127 -0.694881
7.307873 57.272127 50.969119
58.971873 5.608127 -0.694881
58.971873 5.608127 50.969119
58.971873 57.272127 -0.694881
58.971873 57.272127 50.969119
7.876177 5.039823 -1.157274
7.876177 5.039823 50.506726
7.876177 56.703823 -1.157274
7.876177 56.703823 50.506726
20.198041 7.282041 -3.461488
20.198041 7.282041 48.202512
20.198041 58.946041 -3.461488
20.198041 58.946041 48.202512
20.223873 7.307873 -0.694881
20.223873 7.307873 50.969119
20.223873 58.971873 -0.694881
20.223873 58.971873 50.969119
20.792177 7.876177 -1.157274
20.792177 7.876177 50.506726
18.549959 5.633959 29.293488
18.549959 57.297959 29.293488
18.524127 5.608127 26.526881
18.524127 57.272127 26.526881
17.955823 5.039823 26.989274
17.955823 56.703823 26.989274
20.198041 18.549959 29.293488
20.223873 18.524127 26.526881
20.792177 17.955823 26.989274
7.282041 20.198041 29.293488
58.946041 20.198041 29.293488
7.307873 20.223873 26.526881
58.971873 20.223873 26.526881
7.876177 20.792177 26.989274
5.633959 7.282041 29.293488
5.633959 58.946041 29.293488
57.297959 7.282041 29.293488
57.297959 58.946041 29.293488
5.608127 7.307873 26.526881
5.608127 58.971873 26.526881
57.272127 7.307873 26.526881
57.272127 58.971873 26.526881
5.039823 7.876177 26.989274
56.703823 7.876177 26.989274
22.370512 18.549959 -5.633959
22.370512 18.549959 46.030041
25.137119 18.524127 -5.608127
25.137119 18.524127 46.055873
24.674726 17.955823 -5.039823
24.674726 17.955823 46.624177
7.282041 22.370512 -5.633959
7.282041 22.370512 46.030041
58.946041 22.370512 -5.633959
58.946041 22.370512 46.030041
7.307873 25.137119 -5.608127
7.307873 25.137119 46.055873
58.971873 25.137119 -5.608127
58.971873 25.137119 46.055873
7.876177 24.674726 -5.039823
7.876177 24.674726 46.624177
3.461488 7.282041 -5.633959
3.461488 7.282041 46.030041
3.461488 58.946041 -5.633959
3.461488 58.946041 46.030041
55.125488 7.282041 -5.633959
55.125488 7.282041 46.030041
55.125488 58.946041 -5.633959
55.125488 58.946041 46.030041
0.694881 7.307873 -5.608127
0.694881 7.307873 46.055873
0.694881 58.971873 -5.608127
0.694881 58.971873 46.055873
52.358881 7.307873 -5.608127
52.358881 7.307873 46.055873
52.358881 58.971873 -5.608127
52.358881 58.971873 46.055873
1.157274 7.876177 -5.039823
1.157274 7.876177 46.624177
52.821274 7.876177 -5.039823
52.821274 7.876177 46.624177
18.549959 3.461488 -5.633959
18.549959 3.461488 46.030041
18.549959 55.125488 -5.633959
18.549959 55.125488 46.030041
18.524127 0.694881 -5.608127
18.524127 0.694881 46.055873
18.524127 52.358881 -5.608127
18.524127 52.358881 46.055873
17.955823 1.157274 -5.039823
17.955823 1.157274 46.624177
17.955823 52.821274 -5.039823
17.955823 52.821274 46.624177
22.370512 7.282041 31.465959
22.370512 58.946041 31.465959
25.137119 7.307873 31.440127
25.137119 58.971873 31.440127
24.674726 7.876177 30.871823
18.549959 22.370512 31.465959
18.524127 25.137119 31.440127
17.955823 24.674726 30.871823
3.461488 18.549959 31.465959
55.125488 18.549959 31.465959
0.694881 18.524127 31.440127
52.358881 18.524127 31.440127
1.157274 17.955823 30.871823
52.821274 17.955823 30.871823
7.282041 3.461488 31.465959
7.282041 55.125488 31.465959
58.946041 3.461488 31.465959
58.946041 55.125488 31.465959
7.307873 0.694881 31.440127
7.307873 52.358881 31.440127
58.971873 0.694881 31.440127
58.971873 52.358881 31.440127
7.876177 1.157274 30.871823
7.876177 52.821274 30.871823
20.198041 22.370512 -7.282041
20.198041 22.370512 44.381959
20.223873 25.137119 -7.307873
20.223873 25.137119 44.356127
20.792177 24.674726 43.787823
20.198041 3.461488 33.114041
20.198041 55.125488 33.114041
20.223873 0.694881 33.139873
20.223873 52.358881 33.139873
20.792177 1.157274 33.708177
20.792177 52.821274 33.708177
22.370512 20.198041 33.114041
25.137119 20.223873 33.139873
24.674726 20.792177 33.708177
5.633959 22.370512 33.114041
57.297959 22.370512 33.114041
5.608127 25.137119 33.139873
57.272127 25.137119 33.139873
5.039823 24.674726 33.708177
56.703823 24.674726 33.708177
3.461488 5.633959 33.114041
3.461488 57.297959 33.114041
55.125488 5.633959 33.114041
55.125488 57.297959 33.114041
0.694881 5.608127 33.139873
0.694881 57.272127 33.139873
52.358881 5.608127 33.139873
52.358881 57.272127 33.139873
1.157274 5.039823 33.708177
1.157274 56.703823 33.708177
52.821274 5.039823 33.708177
52.821274 56.703823 33.708177
5.633959 3.461488 -7.282041
5.633959 3.461488 44.381959
5.633959 55.125488 -7.282041
5.633959 55.125488 44.381959
57.297959 3.461488 -7.282041
57.297959 3.461488 44.381959
57.297959 55.125488 -7.282041
57.297959 55.125488 44.381959
5.608127 0.694881 -7.307873
5.608127 0.694881 44.356127
5.608127 52.358881 -7.307873
5.608127 52.358881 44.356127
57.272127 0.694881 -7.307873
57.272127 0.694881 44.356127
57.272127 52.358881 -7.307873
57.272127 52.358881 44.356127
5.039823 1.157274 43.787823
5.039823 52.821274 43.787823
56.703823 1.157274 43.787823
56.703823 52.821274 43.787823
22.370512 5.633959 -7.282041
22.370512 5.633959 44.381959
22.370512 57.297959 -7.282041
22.370512 57.297959 44.381959
25.137119 5.608127 -7.307873
25.137119 5.608127 44.356127
25.137119 57.272127 -7.307873
25.137119 57.272127 44.356127
24.674726 5.039823 43.787823
24.674726 56.703823 43.787823
3.461488 20.198041 -7.282041
3.461488 20.198041 44.381959
55.125488 20.198041 -7.282041
55.125488 20.198041 44.381959
0.694881 20.223873 -7.307873
0.694881 20.223873 44.356127
52.358881 20.223873 -7.307873
52.358881 20.223873 44.356127
1.157274 20.792177 43.787823
52.821274 20.792177 43.787823
7.579109 18.252891 -7.579109
7.579109 18.252891 44.084891
59.243109 18.252891 -7.579109
59.243109 18.252891 44.084891
7.282041 18.549959 42.209488
58.946041 18.549959 42.209488
6.458000 19.374000 41.623102
58.122000 19.374000 41.623102
6.458000 19.374000 40.137762
58.122000 19.374000 40.137762
7.307873 18.524127 39.442881
58.971873 18.524127 39.442881
7.876177 17.955823 39.905274
20.198041 20.198041 42.209488
19.374000 19.374000 41.623102
19.374000 19.374000 40.137762
20.223873 20.223873 39.442881
20.792177 20.792177 39.905274
18.252891 7.579109 -7.579109
18.252891 7.579109 44.084891
18.252891 59.243109 -7.579109
18.252891 59.243109 44.084891
18.549959 7.282041 42.209488
18.549959 58.946041 42.209488
19.374000 6.458000 41.623102
19.374000 58.122000 41.623102
19.374000 6.458000 40.137762
19.374000 58.122000 40.137762
18.524127 7.307873 39.442881
18.524127 58.971873 39.442881
17.955823 7.876177 39.905274
5.633959 5.633959 42.209488
5.633959 57.297959 42.209488
57.297959 5.633959 42.209488
57.297959 57.297959 42.209488
6.458000 6.458000 41.623102
6.458000 58.122000 41.623102
58.122000 6.458000 41.623102
58.122000 58.122000 41.623102
6.458000 6.458000 40.137762
6.458000 58.122000 40.137762
58.122000 6.458000 40.137762
58.122000 58.122000 40.137762
5.608127 5.608127 39.442881
5.608127 57.272127 39.442881
57.272127 5.608127 39.442881
57.272127 57.272127 39.442881
5.039823 5.039823 39.905274
5.039823 56.703823 39.905274
56.703823 5.039823 39.905274
56.703823 56.703823 39.905274
7.579109 7.579109 33.411109
7.579109 59.243109 33.411109
59.243109 7.579109 33.411109
59.243109 59.243109 33.411109
7.282041 7.282041 35.286512
7.282041 58.946041 35.286512
58.946041 7.282041 35.286512
58.946041 58.946041 35.286512
6.458000 6.458000 35.872898
6.458000 58.122000 35.872898
58.122000 6.458000 35.872898
58.122000 58.122000 35.872898
6.458000 6.458000 37.358238
6.458000 58.122000 37.358238
58.122000 6.458000 37.358238
58.122000 58.122000 37.358238
7.307873 7.307873 38.053119
7.307873 58.971873 38.053119
58.971873 7.307873 38.053119
58.971873 58.971873 38.053119
7.876177 7.876177 37.590726
5.633959 20.198041 35.286512
57.297959 20.198041 35.286512
6.458000 19.374000 35.872898
58.122000 19.374000 35.872898
6.458000 19.374000 37.358238
58.122000 19.374000 37.358238
5.608127 20.223873 38.053119
57.272127 20.223873 38.053119
5.039823 20.792177 37.590726
56.703823 20.792177 37.590726
18.252891 18.252891 33.411109
18.549959 18.549959 35.286512
19.374000 19.374000 35.872898
19.374000 19.374000 37.358238
18.524127 18.524127 38.053119
17.955823 17.955823 37.590726
20.198041 5.633959 35.286512
20.198041 57.297959 35.286512
19.374000 6.458000 35.872898
19.374000 58.122000 35.872898
19.374000 6.458000 37.358238
19.374000 58.122000 37.358238
20.223873 5.608127 38.053119
20.223873 57.272127 38.053119
20.792177 5.039823 37.590726
20.792177 56.703823 37.590726
18.252891 18.252891 -7.579109
18.252891 18.252891 44.084891
18.549959 16.377488 -7.282041
18.549959 16.377488 44.381959
19.374000 15.791102 -6.458000
19.374000 15.791102 45.206000
19.374000 14.305762 -6.458000
19.374000 14.305762 45.206000
18.524127 13.610881 -7.307873
18.524127 13.610881 44.356127
17.955823 14.073274 43.787823
7.579109 7.579109 -7.579109
7.579109 7.579109 44.084891
7.579109 59.243109 -7.579109
7.579109 59.243109 44.084891
59.243109 7.579109 -7.579109
59.243109 7.579109 44.084891
59.243109 59.243109 -7.579109
59.243109 59.243109 44.084891
7.282041 9.454512 -7.282041
7.282041 9.454512 44.381959
58.946041 9.454512 -7.282041
58.946041 9.454512 44.381959
6.458000 10.040898 -6.458000
6.458000 10.040898 45.206000
58.122000 10.040898 -6.458000
58.122000 10.040898 45.206000
6.458000 11.526238 -6.458000
6.458000 11.526238 45.206000
58.122000 11.526238 -6.458000
58.122000 11.526238 45.206000
7.307873 12.221119 -7.307873
7.307873 12.221119 44.356127
58.971873 12.221119 -7.307873
58.971873 12.221119 44.356127
7.876177 11.758726 43.787823
7.579109 18.252891 33.411109
59.243109 18.252891 33.411109
7.282041 16.377488 33.114041
58.946041 16.377488 33.114041
6.458000 15.791102 32.290000
58.122000 15.791102 32.290000
6.458000 14.305762 32.290000
58.122000 14.305762 32.290000
7.307873 13.610881 33.139873
58.971873 13.610881 33.139873
7.876177 14.073274 33.708177
18.252891 7.579109 33.411109
18.252891 59.243109 33.411109
18.549959 9.454512 33.114041
19.374000 10.040898 32.290000
19.374000 11.526238 32.290000
18.524127 12.221119 33.139873
17.955823 11.758726 33.708177
5.633959 16.377488 -5.633959
5.633959 16.377488 46.030041
57.297959 16.377488 -5.633959
57.297959 16.377488 46.030041
6.458000 15.791102 -6.458000
6.458000 15.791102 45.206000
58.122000 15.791102 -6.458000
58.122000 15.791102 45.206000
6.458000 14.305762 -6.458000
6.458000 14.305762 45.206000
58.122000 14.305762 -6.458000
58.122000 14.305762 45.206000
5.608127 13.610881 -5.608127
5.608127 13.610881 46.055873
57.272127 13.610881 -5.608127
57.272127 13.610881 46.055873
5.039823 14.073274 -5.039823
5.039823 14.073274 46.624177
56.703823 14.073274 -5.039823
56.703823 14.073274 46.624177
5.633959 9.454512 31.465959
57.297959 9.454512 31.465959
6.458000 10.040898 32.290000
58.122000 10.040898 32.290000
6.458000 11.526238 32.290000
58.122000 11.526238 32.290000
5.608127 12.221119 31.440127
57.272127 12.221119 31.440127
5.039823 11.758726 30.871823
56.703823 11.758726 30.871823
20.198041 16.377488 31.465959
19.374000 15.791102 32.290000
19.374000 14.305762 32.290000
20.223873 13.610881 31.440127
20.792177 14.073274 30.871823
20.198041 9.454512 -5.633959
20.198041 9.454512 46.030041
19.374000 10.040898 -6.458000
19.374000 10.040898 45.206000
19.374000 11.526238 -6.458000
19.374000 11.526238 45.206000
20.223873 12.221119 -5.608127
20.223873 12.221119 46.055873
20.792177 11.758726 -5.039823
20.792177 11.758726 46.624177
18.549959 7.282041 35.286512
18.549959 58.946041 35.286512
18.524127 7.307873 38.053119
18.524127 58.971873 38.053119
17.955823 7.876177 37.590726
5.633959 5.633959 35.286512
5.633959 57.297959 35.286512
57.297959 5.633959 35.286512
57.297959 57.297959 35.286512
5.608127 5.608127 38.053119
5.608127 57.272127 38.053119
57.272127 5.608127 38.053119
57.272127 57.272127 38.053119
5.039823 5.039823 37.590726
5.039823 56.703823 37.590726
56.703823 5.039823 37.590726
56.703823 56.703823 37.590726
7.282041 18.549959 35.286512
58.946041 18.549959 35.286512
7.307873 18.524127 38.053119
58.971873 18.524127 38.053119
7.876177 17.955823 37.590726
20.198041 20.198041 35.286512
20.223873 20.223873 38.053119
20.792177 20.792177 37.590726
18.549959 18.549959 42.209488
18.524127 18.524127 39.442881
17.955823 17.955823 39.905274
20.198041 5.633959 42.209488
20.198041 57.297959 42.209488
20.223873 5.608127 39.442881
20.223873 57.272127 39.442881
20.792177 5.039823 39.905274
20.792177 56.703823 39.905274
7.282041 7.282041 42.209488
7.282041 58.946041 42.209488
58.946041 7.282041 42.209488
58.946041 58.946041 42.209488
7.307873 7.307873 39.442881
7.307873 58.971873 39.442881
58.971873 7.307873 39.442881
58.971873 58.971873 39.442881
7.876177 7.876177 39.905274
5.633959 20.198041 42.209488
57.297959 20.198041 42.209488
5.608127 20.223873 39.442881
57.272127 20.223873 39.442881
5.039823 20.792177 39.905274
56.703823 20.792177 39.905274
7.282041 9.454512 33.114041
58.946041 9.454512 33.114041
7.307873 12.221119 33.139873
58.971873 12.221119 33.139873
7.876177 11.758726 33.708177
18.549959 16.377488 33.114041
18.524127 13.610881 33.139873
17.955823 14.073274 33.708177
18.549959 9.454512 -7.282041
18.549959 9.454512 44.381959
18.524127 12.221119 -7.307873
18.524127 12.221119 44.356127
17.955823 11.758726 43.787823
7.282041 16.377488 -7.282041
7.282041 16.377488 44.381959
58.946041 16.377488 -7.282041
58.946041 16.377488 44.381959
7.307873 13.610881 -7.307873
7.307873 13.610881 44.356127
58.971873 13.610881 -7.307873
58.971873 13.610881 44.356127
7.876177 14.073274 43.787823
20.198041 9.454512 31.465959
20.223873 12.221119 31.440127
20.792177 11.758726 30.871823
20.198041 16.377488 -5.633959
20.198041 16.377488 46.030041
20.223873 13.610881 -5.608127
20.223873 13.610881 46.055873
20.792177 14.073274 -5.039823
20.792177 14.073274 46.624177
5.633959 9.454512 -5.633959
5.633959 9.454512 46.030041
57.297959 9.454512 -5.633959
57.297959 9.454512 46.030041
5.608127 12.221119 -5.608127
5.608127 12.221119 46.055873
57.272127 12.221119 -5.608127
57.272127 12.221119 46.055873
5.039823 11.758726 -5.039823
5.039823 11.758726 46.624177
56.703823 11.758726 -5.039823
56.703823 11.758726 46.624177
5.633959 16.377488 31.465959
57.297959 16.377488 31.465959
5.608127 13.610881 31.440127
57.272127 13.610881 31.440127
5.039823 14.073274 30.871823
56.703823 14.073274 30.871823
16.377488 7.282041 -7.282041
16.377488 7.282041 44.381959
16.377488 58.946041 -7.282041
16.377488 58.946041 44.381959
15.791102 6.458000 -6.458000
15.791102 6.458000 45.206000
15.791102 58.122000 -6.458000
15.791102 58.122000 45.206000
14.305762 6.458000 -6.458000
14.305762 6.458000 45.206000
14.305762 58.122000 -6.458000
14.305762 58.122000 45.206000
13.610881 7.307873 -7.307873
13.610881 7.307873 44.356127
13.610881 58.971873 -7.307873
13.610881 58.971873 44.356127
14.073274 7.876177 43.787823
9.454512 18.549959 -7.282041
9.454512 18.549959 44.381959
10.040898 19.374000 -6.458000
10.040898 19.374000 45.206000
11.526238 19.374000 -6.458000
11.526238 19.374000 45.206000
12.221119 18.524127 -7.307873
12.221119 18.524127 44.356127
11.758726 17.955823 43.787823
16.377488 18.549959 33.114041
15.791102 19.374000 32.290000
14.305762 19.374000 32.290000
13.610881 18.524127 33.139873
14.073274 17.955823 33.708177
9.454512 7.282041 33.114041
9.454512 58.946041 33.114041
10.040898 6.458000 32.290000
10.040898 58.122000 32.290000
11.526238 6.458000 32.290000
11.526238 58.122000 32.290000
12.221119 7.307873 33.139873
12.221119 58.971873 33.139873
11.758726 7.876177 33.708177
16.377488 5.633959 31.465959
16.377488 57.297959 31.465959
15.791102 6.458000 32.290000
15.791102 58.122000 32.290000
14.305762 6.458000 32.290000
14.305762 58.122000 32.290000
13.610881 5.608127 31.440127
13.610881 57.272127 31.440127
14.073274 5.039823 30.871823
14.073274 56.703823 30.871823
9.454512 20.198041 31.465959
10.040898 19.374000 32.290000
11.526238 19.374000 32.290000
12.221119 20.223873 31.440127
11.758726 20.792177 30.871823
16.377488 20.198041 -5.633959
16.377488 20.198041 46.030041
15.791102 19.374000 -6.458000
15.791102 19.374000 45.206000
14.305762 19.374000 -6.458000
14.305762 19.374000 45.206000
13.610881 20.223873 -5.608127
13.610881 20.223873 46.055873
14.073274 20.792177 -5.039823
14.073274 20.792177 46.624177
9.454512 5.633959 -5.633959
9.454512 5.633959 46.030041
9.454512 57.297959 -5.633959
9.454512 57.297959 46.030041
10.040898 6.458000 -6.458000
10.040898 6.458000 45.206000
10.040898 58.122000 -6.458000
10.040898 58.122000 45.206000
11.526238 6.458000 -6.458000
11.526238 6.458000 45.206000
11.526238 58.122000 -6.458000
11.526238 58.122000 45.206000
12.221119 5.608127 -5.608127
12.221119 5.608127 46.055873
12.221119 57.272127 -5.608127
12.221119 57.272127 46.055873
11.758726 5.039823 -5.039823
11.758726 5.039823 46.624177
11.758726 56.703823 -5.039823
11.758726 56.703823 46.624177
9.454512 18.549959 33.114041
12.221119 18.524127 33.139873
11.758726 17.955823 33.708177
16.377488 7.282041 33.114041
16.377488 58.946041 33.114041
13.610881 7.307873 33.139873
13.610881 58.971873 33.139873
14.073274 7.876177 33.708177
9.454512 7.282041 -7.282041
9.454512 7.282041 44.381959
9.454512 58.946041 -7.282041
9.454512 58.946041 44.381959
12.221119 7.307873 -7.307873
12.221119 7.307873 44.356127
12.221119 58.971873 -7.307873
12.221119 58.971873 44.356127
11.758726 7.876177 43.787823
16.377488 18.549959 -7.282041
16.377488 18.549959 44.381959
13.610881 18.524127 -7.307873
13.610881 18.524127 44.356127
14.073274 17.955823 43.787823
9.454512 20.198041 -5.633959
9.454512 20.198041 46.030041
12.221119 20.223873 -5.608127
12.221119 20.223873 46.055873
11.758726 20.792177 -5.039823
11.758726 20.792177 46.624177
16.377488 5.633959 -5.633959
16.377488 5.633959 46.030041
16.377488 57.297959 -5.633959
16.377488 57.297959 46.030041
13.610881 5.608127 -5.608127
13.610881 5.608127 46.055873
13.610881 57.272127 -5.608127
13.610881 57.272127 46.055873
14.073274 5.039823 -5.039823
14.073274 5.039823 46.624177
14.073274 56.703823 -5.039823
14.073274 56.703823 46.624177
9.454512 5.633959 31.465959
9.454512 57.297959 31.465959
12.221119 5.608127 31.440127
12.221119 57.272127 31.440127
11.758726 5.039823 30.871823
11.758726 56.703823 30.871823
16.377488 20.198041 31.465959
13.610881 20.223873 31.440127
14.073274 20.792177 30.871823
7.579109 31.168891 5.336891
7.579109 31.168891 57.000891
59.243109 31.168891 5.336891
59.243109 31.168891 57.000891
6.458000 32.290000 6.458000
6.458000 32.290000 58.122000
58.122000 32.290000 6.458000
58.122000 32.290000 58.122000
7.282041 31.465959 3.461488
7.282041 31.465959 55.125488
58.946041 31.465959 3.461488
58.946041 31.465959 55.125488
6.458000 32.290000 2.875102
6.458000 32.290000 54.539102
58.122000 32.290000 2.875102
58.122000 32.290000 54.539102
6.458000 32.290000 1.389762
6.458000 32.290000 53.053762
58.122000 32.290000 1.389762
58.122000 32.290000 53.053762
7.307873 31.440127 0.694881
7.307873 31.440127 52.358881
58.971873 31.440127 0.694881
58.971873 31.440127 52.358881
7.876177 30.871823 1.157274
7.876177 30.871823 52.821274
20.495109 33.411109 5.336891
20.495109 33.411109 57.000891
19.374000 32.290000 6.458000
19.374000 32.290000 58.122000
20.198041 33.114041 3.461488
20.198041 33.114041 55.125488
19.374000 32.290000 2.875102
19.374000 32.290000 54.539102
19.374000 32.290000 1.389762
19.374000 32.290000 53.053762
20.223873 33.139873 0.694881
20.223873 33.139873 52.358881
20.792177 33.708177 1.157274
20.792177 33.708177 52.821274
18.252891 -5.336891 5.336891
18.252891 -5.336891 57.000891
18.252891 46.327109 5.336891
18.252891 46.327109 57.000891
19.374000 -6.458000 6.458000
19.374000 -6.458000 58.122000
19.374000 45.206000 6.458000
19.374000 45.206000 58.122000
18.549959 -5.633959 3.461488
18.549959 -5.633959 55.125488
18.549959 46.030041 3.461488
18.549959 46.030041 55.125488
19.374000 -6.458000 2.875102
19.374000 -6.458000 54.539102
19.374000 45.206000 2.875102
19.374000 45.206000 54.539102
19.374000 -6.458000 1.389762
19.374000 -6.458000 53.053762
19.374000 45.206000 1.389762
19.374000 45.206000 53.053762
18.524127 -5.608127 0.694881
18.524127 -5.608127 52.358881
18.524127 46.055873 0.694881
18.524127 46.055873 52.358881
17.955823 -5.039823 1.157274
17.955823 -5.039823 52.821274
17.955823 46.624177 1.157274
17.955823 46.624177 52.821274
5.336891 -7.579109 5.336891
5.336891 -7.579109 57.000891
5.336891 44.084891 5.336891
5.336891 44.084891 57.000891
57.000891 -7.579109 5.336891
57.000891 -7.579109 57.000891
57.000891 44.084891 5.336891
57.000891 44.084891 57.000891
6.458000 -6.458000 6.458000
6.458000 -6.458000 58.122000
6.458000 45.206000 6.458000
6.458000 45.206000 58.122000
58.122000 -6.458000 6.458000
58.122000 -6.458000 58.122000
58.122000 45.206000 6.458000
58.122000 45.206000 58.122000
5.633959 -7.282041 3.461488
5.633959 -7.282041 55.125488
5.633959 44.381959 3.461488
5.633959 44.381959 55.125488
57.297959 -7.282041 3.461488
57.297959 -7.282041 55.125488
57.297959 44.381959 3.461488
57.297959 44.381959 55.125488
6.458000 -6.458000 2.875102
6.458000 -6.458000 54.539102
6.458000 45.206000 2.875102
6.458000 45.206000 54.539102
58.122000 -6.458000 2.875102
58.122000 -6.458000 54.539102
58.122000 45.206000 2.875102
58.122000 45.206000 54.539102
6.458000 -6.458000 1.389762
6.458000 -6.458000 53.053762
6.458000 45.206000 1.389762
6.458000 45.206000 53.053762
58.122000 -6.458000 1.389762
58.122000 -6.458000 53.053762
58.122000 45.206000 1.389762
58.122000 45.206000 53.053762
5.608127 -7.307873 0.694881
5.608127 -7.307873 52.358881
5.608127 44.356127 0.694881
5.608127 44.356127 52.358881
57.272127 -7.307873 0.694881
57.272127 -7.307873 52.358881
57.272127 44.356127 0.694881
57.272127 44.356127 52.358881
5.039823 43.787823 1.157274
5.039823 43.787823 52.821274
56.703823 43.787823 1.157274
56.703823 43.787823 52.821274
7.579109 -5.336891 20.495109
7.579109 46.327109 20.495109
59.243109 -5.336891 20.495109
59.243109 46.327109 20.495109
6.458000 -6.458000 19.374000
6.458000 45.206000 19.374000
58.122000 -6.458000 19.374000
58.122000 45.206000 19.374000
7.282041 -5.633959 22.370512
7.282041 46.030041 22.370512
58.946041 -5.633959 22.370512
58.946041 46.030041 22.370512
6.458000 -6.458000 22.956898
6.458000 45.206000 22.956898
58.122000 -6.458000 22.956898
58.122000 45.206000 22.956898
6.458000 -6.458000 24.442238
6.458000 45.206000 24.442238
58.122000 -6.458000 24.442238
58.122000 45.206000 24.442238
7.307873 -5.608127 25.137119
7.307873 46.055873 25.137119
58.971873 -5.608127 25.137119
58.971873 46.055873 25.137119
7.876177 -5.039823 24.674726
7.876177 46.624177 24.674726
5.336891 33.411109 20.495109
57.000891 33.411109 20.495109
6.458000 32.290000 19.374000
58.122000 32.290000 19.374000
5.633959 33.114041 22.370512
57.297959 33.114041 22.370512
6.458000 32.290000 22.956898
58.122000 32.290000 22.956898
6.458000 32.290000 24.442238
58.122000 32.290000 24.442238
5.608127 33.139873 25.137119
57.272127 33.139873 25.137119
5.039823 33.708177 24.674726
56.703823 33.708177 24.674726
18.252891 31.168891 20.495109
19.374000 32.290000 19.374000
18.549959 31.465959 22.370512
19.374000 32.290000 22.956898
19.374000 32.290000 24.442238
18.524127 31.440127 25.137119
17.955823 30.871823 24.674726
20.495109 -7.579109 20.495109
20.495109 44.084891 20.495109
19.374000 -6.458000 19.374000
19.374000 45.206000 19.374000
20.198041 -7.282041 22.370512
20.198041 44.381959 22.370512
19.374000 -6.458000 22.956898
19.374000 45.206000 22.956898
19.374000 -6.458000 24.442238
19.374000 45.206000 24.442238
20.223873 -7.307873 25.137119
20.223873 44.356127 25.137119
20.792177 43.787823 24.674726
5.336891 33.411109 5.336891
5.336891 33.411109 57.000891
57.000891 33.411109 5.336891
57.000891 33.411109 57.000891
3.461488 33.114041 5.633959
3.461488 33.114041 57.297959
55.125488 33.114041 5.633959
55.125488 33.114041 57.297959
2.875102 32.290000 6.458000
2.875102 32.290000 58.122000
54.539102 32.290000 6.458000
54.539102 32.290000 58.122000
1.389762 32.290000 6.458000
1.389762 32.290000 58.122000
53.053762 32.290000 6.458000
53.053762 32.290000 58.122000
0.694881 33.139873 5.608127
0.694881 33.139873 57.272127
52.358881 33.139873 5.608127
52.358881 33.139873 57.272127
1.157274 33.708177 5.039823
1.157274 33.708177 56.703823
52.821274 33.708177 5.039823
52.821274 33.708177 56.703823
18.252891 31.168891 5.336891
18.252891 31.168891 57.000891
18.549959 29.293488 5.633959
18.549959 29.293488 57.297959
19.374000 28.707102 6.458000
19.374000 28.707102 58.122000
19.374000 27.221762 6.458000
19.374000 27.221762 58.122000
18.524127 26.526881 5.608127
18.524127 26.526881 57.272127
17.955823 26.989274 5.039823
17.955823 26.989274 56.703823
20.495109 -7.579109 5.336891
20.495109 -7.579109 57.000891
20.495109 44.084891 5.336891
20.495109 44.084891 57.000891
22.370512 -7.282041 5.633959
22.370512 -7.282041 57.297959
22.370512 44.381959 5.633959
22.370512 44.381959 57.297959
22.956898 -6.458000 6.458000
22.956898 -6.458000 58.122000
22.956898 45.206000 6.458000
22.956898 45.206000 58.122000
24.442238 -6.458000 6.458000
24.442238 -6.458000 58.122000
24.442238 45.206000 6.458000
24.442238 45.206000 58.122000
25.137119 -7.307873 5.608127
25.137119 -7.307873 57.272127
25.137119 44.356127 5.608127
25.137119 44.356127 57.272127
24.674726 43.787823 5.039823
24.674726 43.787823 56.703823
7.579109 -5.336891 5.336891
7.579109 -5.336891 57.000891
7.579109 46.327109 5.336891
7.579109 46.327109 57.000891
59.243109 -5.336891 5.336891
59.243109 -5.336891 57.000891
59.243109 46.327109 5.336891
59.243109 46.327109 57.000891
7.282041 -3.461488 5.633959
7.282041 -3.461488 57.297959
7.282041 48.202512 5.633959
7.282041 48.202512 57.297959
58.946041 -3.461488 5.633959
58.946041 -3.461488 57.297959
58.946041 48.202512 5.633959
58.946041 48.202512 57.297959
6.458000 -2.875102 6.458000
6.458000 -2.875102 58.122000
6.458000 48.788898 6.458000
6.458000 48.788898 58.122000
58.122000 -2.875102 6.458000
58.122000 -2.875102 58.122000
58.122000 48.788898 6.458000
58.122000 48.788898 58.122000
6.458000 -1.389762 6.458000
6.458000 -1.389762 58.122000
6.458000 50.274238 6.458000
6.458000 50.274238 58.122000
58.122000 -1.389762 6.458000
58.122000 -1.389762 58.122000
58.122000 50.274238 6.458000
58.122000 50.274238 58.122000
7.307873 -0.694881 5.608127
7.307873 -0.694881 57.272127
7.307873 50.969119 5.608127
7.307873 50.969119 57.272127
58.971873 -0.694881 5.608127
58.971873 -0.694881 57.272127
58.971873 50.969119 5.608127
58.971873 50.969119 57.272127
7.876177 -1.157274 5.039823
7.876177 -1.157274 56.703823
7.876177 50.506726 5.039823
7.876177 50.506726 56.703823
5.336891 -7.579109 20.495109
5.336891 44.084891 20.495109
57.000891 -7.579109 20.495109
57.000891 44.084891 20.495109
3.461488 -7.282041 20.198041
3.461488 44.381959 20.198041
55.125488 -7.282041 20.198041
55.125488 44.381959 20.198041
2.875102 -6.458000 19.374000
2.875102 45.206000 19.374000
54.539102 -6.458000 19.374000
54.539102 45.206000 19.374000
1.389762 -6.458000 19.374000
1.389762 45.206000 19.374000
53.053762 -6.458000 19.374000
53.053762 45.206000 19.374000
0.694881 -7.307873 20.223873
0.694881 44.356127 20.223873
52.358881 -7.307873 20.223873
52.358881 44.356127 20.223873
1.157274 43.787823 20.792177
52.821274 43.787823 20.792177
7.579109 31.168891 20.495109
59.243109 31.168891 20.495109
7.282041 29.293488 20.198041
58.946041 29.293488 20.198041
6.458000 28.707102 19.374000
58.122000 28.707102 19.374000
6.458000 27.221762 19.374000
58.122000 27.221762 19.374000
7.307873 26.526881 20.223873
58.971873 26.526881 20.223873
7.876177 26.989274 20.792177
20.495109 33.411109 20.495109
22.370512 33.114041 20.198041
22.956898 32.290000 19.374000
24.442238 32.290000 19.374000
25.137119 33.139873 20.223873
24.674726 33.708177 20.792177
18.252891 -5.336891 20.495109
18.252891 46.327109 20.495109
18.549959 -3.461488 20.198041
18.549959 48.202512 20.198041
19.374000 -2.875102 19.374000
19.374000 48.788898 19.374000
19.374000 -1.389762 19.374000
19.374000 50.274238 19.374000
18.524127 -0.694881 20.223873
18.524127 50.969119 20.223873
17.955823 -1.157274 20.792177
17.955823 50.506726 20.792177
5.336891 31.168891 7.579109
5.336891 31.168891 59.243109
57.000891 31.168891 7.579109
57.000891 31.168891 59.243109
5.633959 29.293488 7.282041
5.633959 29.293488 58.946041
57.297959 29.293488 7.282041
57.297959 29.293488 58.946041
6.458000 28.707102 6.458000
6.458000 28.707102 58.122000
58.122000 28.707102 6.458000
58.122000 28.707102 58.122000
6.458000 27.221762 6.458000
6.458000 27.221762 58.122000
58.122000 27.221762 6.458000
58.122000 27.221762 58.122000
5.608127 26.526881 7.307873
5.608127 26.526881 58.971873
57.272127 26.526881 7.307873
57.272127 26.526881 58.971873
5.039823 26.989274 7.876177
56.703823 26.989274 7.876177
5.336891 -5.336891 18.252891
5.336891 46.327109 18.252891
57.000891 -5.336891 18.252891
57.000891 46.327109 18.252891
5.633959 -3.461488 18.549959
5.633959 48.202512 18.549959
57.297959 -3.461488 18.549959
57.297959 48.202512 18.549959
6.458000 -2.875102 19.374000
6.458000 48.788898 19.374000
58.122000 -2.875102 19.374000
58.122000 48.788898 19.374000
6.458000 -1.389762 19.374000
6.458000 50.274238 19.374000
58.122000 -1.389762 19.374000
58.122000 50.274238 19.374000
5.608127 -0.694881 18.524127
5.608127 50.969119 18.524127
57.272127 -0.694881 18.524127
57.272127 50.969119 18.524127
5.039823 -1.157274 17.955823
5.039823 50.506726 17.955823
56.703823 -1.157274 17.955823
56.703823 50.506726 17.955823
5.336891 31.168891 18.252891
57.000891 31.168891 18.252891
3.461488 31.465959 18.549959
55.125488 31.465959 18.549959
2.875102 32.290000 19.374000
54.539102 32.290000 19.374000
1.389762 32.290000 19.374000
53.053762 32.290000 19.374000
0.694881 31.440127 18.524127
52.358881 31.440127 18.524127
1.157274 30.871823 17.955823
52.821274 30.871823 17.955823
20.495109 31.168891 18.252891
20.198041 29.293488 18.549959
19.374000 28.707102 19.374000
19.374000 27.221762 19.374000
20.223873 26.526881 18.524127
20.792177 26.989274 17.955823
20.495109 -5.336891 18.252891
20.495109 46.327109 18.252891
22.370512 -5.633959 18.549959
22.370512 46.030041 18.549959
22.956898 -6.458000 19.374000
22.956898 45.206000 19.374000
24.442238 -6.458000 19.374000
24.442238 45.206000 19.374000
25.137119 -5.608127 18.524127
25.137119 46.055873 18.524127
24.674726 -5.039823 17.955823
24.674726 46.624177 17.955823
20.495109 -5.336891 7.579109
20.495109 -5.336891 59.243109
20.495109 46.327109 7.579109
20.495109 46.327109 59.243109
20.198041 -3.461488 7.282041
20.198041 -3.461488 58.946041
20.198041 48.202512 7.282041
20.198041 48.202512 58.946041
19.374000 -2.875102 6.458000
19.374000 -2.875102 58.122000
19.374000 48.788898 6.458000
19.374000 48.788898 58.122000
19.374000 -1.389762 6.458000
19.374000 -1.389762 58.122000
19.374000 50.274238 6.458000
19.374000 50.274238 58.122000
20.223873 -0.694881 7.307873
20.223873 -0.694881 58.971873
20.223873 50.969119 7.307873
20.223873 50.969119 58.971873
20.792177 -1.157274 7.876177
20.792177 50.506726 7.876177
5.336891 -5.336891 7.579109
5.336891 -5.336891 59.243109
5.336891 46.327109 7.579109
5.336891 46.327109 59.243109
57.000891 -5.336891 7.579109
57.000891 -5.336891 59.243109
57.000891 46.327109 7.579109
57.000891 46.327109 59.243109
3.461488 -5.633959 7.282041
3.461488 -5.633959 58.946041
3.461488 46.030041 7.282041
3.461488 46.030041 58.946041
55.125488 -5.633959 7.282041
55.125488 -5.633959 58.946041
55.125488 46.030041 7.282041
55.125488 46.030041 58.946041
2.875102 -6.458000 6.458000
2.875102 -6.458000 58.122000
2.875102 45.206000 6.458000
2.875102 45.206000 58.122000
54.539102 -6.458000 6.458000
54.539102 -6.458000 58.122000
54.539102 45.206000 6.458000
54.539102 45.206000 58.122000
1.389762 -6.458000 6.458000
1.389762 -6.458000 58.122000
1.389762 45.206000 6.458000
1.389762 45.206000 58.122000
53.053762 -6.458000 6.458000
53.053762 -6.458000 58.122000
53.053762 45.206000 6.458000
53.053762 45.206000 58.122000
0.694881 -5.608127 7.307873
0.694881 -5.608127 58.971873
0.694881 46.055873 7.307873
0.694881 46.055873 58.971873
52.358881 -5.608127 7.307873
52.358881 -5.608127 58.971873
52.358881 46.055873 7.307873
52.358881 46.055873 58.971873
1.157274 -5.039823 7.876177
1.157274 46.624177 7.876177
52.821274 -5.039823 7.876177
52.821274 46.624177 7.876177
20.495109 31.168891 7.579109
20.495109 31.168891 59.243109
22.370512 31.465959 7.282041
22.370512 31.465959 58.946041
22.956898 32.290000 6.458000
22.956898 32.290000 58.122000
24.442238 32.290000 6.458000
24.442238 32.290000 58.122000
25.137119 31.440127 7.307873
25.137119 31.440127 58.971873
24.674726 30.871823 7.876177
18.549959 -5.633959 22.370512
18.549959 46.030041 22.370512
18.524127 -5.608127 25.137119
18.524127 46.055873 25.137119
17.955823 -5.039823 24.674726
17.955823 46.624177 24.674726
5.633959 -7.282041 22.370512
5.633959 44.381959 22.370512
57.297959 -7.282041 22.370512
57.297959 44.381959 22.370512
5.608127 -7.307873 25.137119
5.608127 44.356127 25.137119
57.272127 -7.307873 25.137119
57.272127 44.356127 25.137119
5.039823 43.787823 24.674726
56.703823 43.787823 24.674726
7.282041 31.465959 22.370512
58.946041 31.465959 22.370512
7.307873 31.440127 25.137119
58.971873 31.440127 25.137119
7.876177 30.871823 24.674726
20.198041 33.114041 22.370512
20.223873 33.139873 25.137119
20.792177 33.708177 24.674726
18.549959 31.465959 3.461488
18.549959 31.465959 55.125488
18.524127 31.440127 0.694881
18.524127 31.440127 52.358881
17.955823 30.871823 1.157274
17.955823 30.871823 52.821274
20.198041 -7.282041 3.461488
20.198041 -7.282041 55.125488
20.198041 44.381959 3.461488
20.198041 44.381959 55.125488
20.223873 -7.307873 0.694881
20.223873 -7.307873 52.358881
20.223873 44.356127 0.694881
20.223873 44.356127 52.358881
20.792177 43.787823 1.157274
20.792177 43.787823 52.821274
7.282041 -5.633959 3.461488
7.282041 -5.633959 55.125488
7.282041 46.030041 3.461488
7.282041 46.030041 55.125488
58.946041 -5.633959 3.461488
58.946041 -5.633959 55.125488
58.946041 46.030041 3.461488
58.946041 46.030041 55.125488
7.307873 -5.608127 0.694881
7.307873 -5.608127 52.358881
7.307873 46.055873 0.694881
7.307873 46.055873 52.358881
58.971873 -5.608127 0.694881
58.971873 -5.608127 52.358881
58.971873 46.055873 0.694881
58.971873 46.055873 52.358881
7.876177 -5.039823 1.157274
7.876177 -5.039823 52.821274
7.876177 46.624177 1.157274
7.876177 46.624177 52.821274
5.633959 33.114041 3.461488
5.633959 33.114041 55.125488
57.297959 33.114041 3.461488
57.297959 33.114041 55.125488
5.608127 33.139873 0.694881
5.608127 33.139873 52.358881
57.272127 33.139873 0.694881
57.272127 33.139873 52.358881
5.039823 33.708177 1.157274
5.039823 33.708177 52.821274
56.703823 33.708177 1.157274
56.703823 33.708177 52.821274
22.370512 -7.282041 20.198041
22.370512 44.381959 20.198041
25.137119 -7.307873 20.223873
25.137119 44.356127 20.223873
24.674726 43.787823 20.792177
7.282041 -3.461488 20.198041
7.282041 48.202512 20.198041
58.946041 -3.461488 20.198041
58.946041 48.202512 20.198041
7.307873 -0.694881 20.223873
7.307873 50.969119 20.223873
58.971873 -0.694881 20.223873
58.971873 50.969119 20.223873
7.876177 -1.157274 20.792177
7.876177 50.506726 20.792177
3.461488 33.114041 20.198041
55.125488 33.114041 20.198041
0.694881 33.139873 20.223873
52.358881 33.139873 20.223873
1.157274 33.708177 20.792177
52.821274 33.708177 20.792177
18.549959 29.293488 20.198041
18.524127 26.526881 20.223873
17.955823 26.989274 20.792177
22.370512 33.114041 5.633959
22.370512 33.114041 57.297959
25.137119 33.139873 5.608127
25.137119 33.139873 57.272127
24.674726 33.708177 5.039823
24.674726 33.708177 56.703823
18.549959 -3.461488 5.633959
18.549959 -3.461488 57.297959
18.549959 48.202512 5.633959
18.549959 48.202512 57.297959
18.524127 -0.694881 5.608127
18.524127 -0.694881 57.272127
18.524127 50.969119 5.608127
18.524127 50.969119 57.272127
17.955823 -1.157274 5.039823
17.955823 -1.157274 56.703823
17.955823 50.506726 5.039823
17.955823 50.506726 56.703823
3.461488 -7.282041 5.633959
3.461488 -7.282041 57.297959
3.461488 44.381959 5.633959
3.461488 44.381959 57.297959
55.125488 -7.282041 5.633959
55.125488 -7.282041 57.297959
55.125488 44.381959 5.633959
55.125488 44.381959 57.297959
0.694881 -7.307873 5.608127
0.694881 -7.307873 57.272127
0.694881 44.356127 5.608127
0.694881 44.356127 57.272127
52.358881 -7.307873 5.608127
52.358881 -7.307873 57.272127
52.358881 44.356127 5.608127
52.358881 44.356127 57.272127
1.157274 43.787823 5.039823
1.157274 43.787823 56.703823
52.821274 43.787823 5.039823
52.821274 43.787823 56.703823
7.282041 29.293488 5.633959
7.282041 29.293488 57.297959
58.946041 29.293488 5.633959
58.946041 29.293488 57.297959
7.307873 26.526881 5.608127
7.307873 26.526881 57.272127
58.971873 26.526881 5.608127
58.971873 26.526881 57.272127
7.876177 26.989274 5.039823
7.876177 26.989274 56.703823
20.198041 -3.461488 18.549959
20.198041 48.202512 18.549959
20.223873 -0.694881 18.524127
20.223873 50.969119 18.524127
20.792177 -1.157274 17.955823
20.792177 50.506726 17.955823
20.198041 29.293488 7.282041
20.198041 29.293488 58.946041
20.223873 26.526881 7.307873
20.223873 26.526881 58.971873
20.792177 26.989274 7.876177
22.370512 -5.633959 7.282041
22.370512 -5.633959 58.946041
22.370512 46.030041 7.282041
22.370512 46.030041 58.946041
25.137119 -5.608127 7.307873
25.137119 -5.608127 58.971873
25.137119 46.055873 7.307873
25.137119 46.055873 58.971873
24.674726 -5.039823 7.876177
24.674726 46.624177 7.876177
5.633959 -3.461488 7.282041
5.633959 -3.461488 58.946041
5.633959 48.202512 7.282041
5.633959 48.202512 58.946041
57.297959 -3.461488 7.282041
57.297959 -3.461488 58.946041
57.297959 48.202512 7.282041
57.297959 48.202512 58.946041
5.608127 -0.694881 7.307873
5.608127 -0.694881 58.971873
5.608127 50.969119 7.307873
5.608127 50.969119 58.971873
57.272127 -0.694881 7.307873
57.272127 -0.694881 58.971873
57.272127 50.969119 7.307873
57.272127 50.969119 58.971873
5.039823 -1.157274 7.876177
5.039823 50.506726 7.876177
56.703823 -1.157274 7.876177
56.703823 50.506726 7.876177
3.461488 31.465959 7.282041
3.461488 31.465959 58.946041
55.125488 31.465959 7.282041
55.125488 31.465959 58.946041
0.694881 31.440127 7.307873
0.694881 31.440127 58.971873
52.358881 31.440127 7.307873
52.358881 31.440127 58.971873
1.157274 30.871823 7.876177
52.821274 30.871823 7.876177
5.633959 29.293488 18.549959
57.297959 29.293488 18.549959
5.608127 26.526881 18.524127
57.272127 26.526881 18.524127
5.039823 26.989274 17.955823
56.703823 26.989274 17.955823
22.370512 31.465959 18.549959
25.137119 31.440127 18.524127
24.674726 30.871823 17.955823
3.461488 -5.633959 18.549959
3.461488 46.030041 18.549959
55.125488 -5.633959 18.549959
55.125488 46.030041 18.549959
0.694881 -5.608127 18.524127
0.694881 46.055873 18.524127
52.358881 -5.608127 18.524127
52.358881 46.055873 18.524127
1.157274 -5.039823 17.955823
1.157274 46.624177 17.955823
52.821274 -5.039823 17.955823
52.821274 46.624177 17.955823
7.579109 -7.579109 18.252891
7.579109 44.084891 18.252891
59.243109 -7.579109 18.252891
59.243109 44.084891 18.252891
7.282041 -7.282041 16.377488
7.282041 44.381959 16.377488
58.946041 -7.282041 16.377488
58.946041 44.381959 16.377488
6.458000 -6.458000 15.791102
6.458000 45.206000 15.791102
58.122000 -6.458000 15.791102
58.122000 45.206000 15.791102
6.458000 -6.458000 14.305762
6.458000 45.206000 14.305762
58.122000 -6.458000 14.305762
58.122000 45.206000 14.305762
7.307873 -7.307873 13.610881
7.307873 44.356127 13.610881
58.971873 -7.307873 13.610881
58.971873 44.356127 13.610881
7.876177 43.787823 14.073274
20.198041 -5.633959 16.377488
20.198041 46.030041 16.377488
19.374000 -6.458000 15.791102
19.374000 45.206000 15.791102
19.374000 -6.458000 14.305762
19.374000 45.206000 14.305762
20.223873 -5.608127 13.610881
20.223873 46.055873 13.610881
20.792177 -5.039823 14.073274
20.792177 46.624177 14.073274
18.252891 33.411109 18.252891
18.549959 33.114041 16.377488
19.374000 32.290000 15.791102
19.374000 32.290000 14.305762
18.524127 33.139873 13.610881
17.955823 33.708177 14.073274
5.633959 31.465959 16.377488
57.297959 31.465959 16.377488
6.458000 32.290000 15.791102
58.122000 32.290000 15.791102
6.458000 32.290000 14.305762
58.122000 32.290000 14.305762
5.608127 31.440127 13.610881
57.272127 31.440127 13.610881
5.039823 30.871823 14.073274
56.703823 30.871823 14.073274
7.579109 33.411109 7.579109
7.579109 33.411109 59.243109
59.243109 33.411109 7.579109
59.243109 33.411109 59.243109
7.282041 33.114041 9.454512
58.946041 33.114041 9.454512
6.458000 32.290000 10.040898
58.122000 32.290000 10.040898
6.458000 32.290000 11.526238
58.122000 32.290000 11.526238
7.307873 33.139873 12.221119
58.971873 33.139873 12.221119
7.876177 33.708177 11.758726
5.633959 -5.633959 9.454512
5.633959 46.030041 9.454512
57.297959 -5.633959 9.454512
57.297959 46.030041 9.454512
6.458000 -6.458000 10.040898
6.458000 45.206000 10.040898
58.122000 -6.458000 10.040898
58.122000 45.206000 10.040898
6.458000 -6.458000 11.526238
6.458000 45.206000 11.526238
58.122000 -6.458000 11.526238
58.122000 45.206000 11.526238
5.608127 -5.608127 12.221119
5.608127 46.055873 12.221119
57.272127 -5.608127 12.221119
57.272127 46.055873 12.221119
5.039823 -5.039823 11.758726
5.039823 46.624177 11.758726
56.703823 -5.039823 11.758726
56.703823 46.624177 11.758726
18.252891 -7.579109 7.579109
18.252891 -7.579109 59.243109
18.252891 44.084891 7.579109
18.252891 44.084891 59.243109
18.549959 -7.282041 9.454512
18.549959 44.381959 9.454512
19.374000 -6.458000 10.040898
19.374000 45.206000 10.040898
19.374000 -6.458000 11.526238
19.374000 45.206000 11.526238
18.524127 -7.307873 12.221119
18.524127 44.356127 12.221119
17.955823 43.787823 11.758726
20.198041 31.465959 9.454512
19.374000 32.290000 10.040898
19.374000 32.290000 11.526238
20.223873 31.440127 12.221119
20.792177 30.871823 11.758726
18.252891 -7.579109 18.252891
18.252891 44.084891 18.252891
18.549959 42.209488 18.549959
19.374000 41.623102 19.374000
19.374000 40.137762 19.374000
18.524127 39.442881 18.524127
17.955823 39.905274 17.955823
7.579109 33.411109 18.252891
59.243109 33.411109 18.252891
7.282041 35.286512 18.549959
58.946041 35.286512 18.549959
6.458000 35.872898 19.374000
58.122000 35.872898 19.374000
6.458000 37.358238 19.374000
58.122000 37.358238 19.374000
7.307873 38.053119 18.524127
58.971873 38.053119 18.524127
7.876177 37.590726 17.955823
7.579109 -7.579109 7.579109
7.579109 -7.579109 59.243109
7.579109 44.084891 7.579109
7.579109 44.084891 59.243109
59.243109 -7.579109 7.579109
59.243109 -7.579109 59.243109
59.243109 44.084891 7.579109
59.243109 44.084891 59.243109
7.282041 42.209488 7.282041
7.282041 42.209488 58.946041
58.946041 42.209488 7.282041
58.946041 42.209488 58.946041
6.458000 41.623102 6.458000
6.458000 41.623102 58.122000
58.122000 41.623102 6.458000
58.122000 41.623102 58.122000
6.458000 40.137762 6.458000
6.458000 40.137762 58.122000
58.122000 40.137762 6.458000
58.122000 40.137762 58.122000
7.307873 39.442881 7.307873
7.307873 39.442881 58.971873
58.971873 39.442881 7.307873
58.971873 39.442881 58.971873
7.876177 39.905274 7.876177
18.252891 33.411109 7.579109
18.252891 33.411109 59.243109
18.549959 35.286512 7.282041
18.549959 35.286512 58.946041
19.374000 35.872898 6.458000
19.374000 35.872898 58.122000
19.374000 37.358238 6.458000
19.374000 37.358238 58.122000
18.524127 38.053119 7.307873
18.524127 38.053119 58.971873
17.955823 37.590726 7.876177
5.633959 42.209488 20.198041
57.297959 42.209488 20.198041
6.458000 41.623102 19.374000
58.122000 41.623102 19.374000
6.458000 40.137762 19.374000
58.122000 40.137762 19.374000
5.608127 39.442881 20.223873
57.272127 39.442881 20.223873
5.039823 39.905274 20.792177
56.703823 39.905274 20.792177
5.633959 35.286512 5.633959
5.633959 35.286512 57.297959
57.297959 35.286512 5.633959
57.297959 35.286512 57.297959
6.458000 35.872898 6.458000
6.458000 35.872898 58.122000
58.122000 35.872898 6.458000
58.122000 35.872898 58.122000
6.458000 37.358238 6.458000
6.458000 37.358238 58.122000
58.122000 37.358238 6.458000
58.122000 37.358238 58.122000
5.608127 38.053119 5.608127
5.608127 38.053119 57.272127
57.272127 38.053119 5.608127
57.272127 38.053119 57.272127
5.039823 37.590726 5.039823
5.039823 37.590726 56.703823
56.703823 37.590726 5.039823
56.703823 37.590726 56.703823
20.198041 42.209488 5.633959
20.198041 42.209488 57.297959
19.374000 41.623102 6.458000
19.374000 41.623102 58.122000
19.374000 40.137762 6.458000
19.374000 40.137762 58.122000
20.223873 39.442881 5.608127
20.223873 39.442881 57.272127
20.792177 39.905274 5.039823
20.792177 39.905274 56.703823
20.198041 35.286512 20.198041
19.374000 35.872898 19.374000
19.374000 37.358238 19.374000
20.223873 38.053119 20.223873
20.792177 37.590726 20.792177
18.549959 33.114041 9.454512
18.524127 33.139873 12.221119
17.955823 33.708177 11.758726
5.633959 31.465959 9.454512
57.297959 31.465959 9.454512
5.608127 31.440127 12.221119
57.272127 31.440127 12.221119
5.039823 30.871823 11.758726
56.703823 30.871823 11.758726
7.282041 -7.282041 9.454512
7.282041 44.381959 9.454512
58.946041 -7.282041 9.454512
58.946041 44.381959 9.454512
7.307873 -7.307873 12.221119
7.307873 44.356127 12.221119
58.971873 -7.307873 12.221119
58.971873 44.356127 12.221119
7.876177 43.787823 11.758726
20.198041 -5.633959 9.454512
20.198041 46.030041 9.454512
20.223873 -5.608127 12.221119
20.223873 46.055873 12.221119
20.792177 -5.039823 11.758726
20.792177 46.624177 11.758726
18.549959 -7.282041 16.377488
18.549959 44.381959 16.377488
18.524127 -7.307873 13.610881
18.524127 44.356127 13.610881
17.955823 43.787823 14.073274
20.198041 31.465959 16.377488
20.223873 31.440127 13.610881
20.792177 30.871823 14.073274
7.282041 33.114041 16.377488
58.946041 33.114041 16.377488
7.307873 33.139873 13.610881
58.971873 33.139873 13.610881
7.876177 33.708177 14.073274
5.633959 -5.633959 16.377488
5.633959 46.030041 16.377488
57.297959 -5.633959 16.377488
57.297959 46.030041 16.377488
5.608127 -5.608127 13.610881
5.608127 46.055873 13.610881
57.272127 -5.608127 13.610881
57.272127 46.055873 13.610881
5.039823 -5.039823 14.073274
5.039823 46.624177 14.073274
56.703823 -5.039823 14.073274
56.703823 46.624177 14.073274
7.282041 35.286512 7.282041
7.282041 35.286512 58.946041
58.946041 35.286512 7.282041
58.946041 35.286512 58.946041
7.307873 38.053119 7.307873
7.307873 38.053119 58.971873
58.971873 38.053119 7.307873
58.971873 38.053119 58.971873
7.876177 37.590726 7.876177
18.549959 42.209488 7.282041
18.549959 42.209488 58.946041
18.524127 39.442881 7.307873
18.524127 39.442881 58.971873
17.955823 39.905274 7.876177
18.549959 35.286512 18.549959
18.524127 38.053119 18.524127
17.955823 37.590726 17.955823
7.282041 42.209488 18.549959
58.946041 42.209488 18.549959
7.307873 39.442881 18.524127
58.971873 39.442881 18.524127
7.876177 39.905274 17.955823
20.198041 35.286512 5.633959
20.198041 35.286512 57.297959
20.223873 38.053119 5.608127
20.223873 38.053119 57.272127
20.792177 37.590726 5.039823
20.792177 37.590726 56.703823
20.198041 42.209488 20.198041
20.223873 39.442881 20.223873
20.792177 39.905274 20.792177
5.633959 35.286512 20.198041
57.297959 35.286512 20.198041
5.608127 38.053119 20.223873
57.272127 38.053119 20.223873
5.039823 37.590726 20.792177
56.703823 37.590726 20.792177
5.633959 42.209488 5.633959
5.633959 42.209488 57.297959
57.297959 42.209488 5.633959
57.297959 42.209488 57.297959
5.608127 39.442881 5.608127
5.608127 39.442881 57.272127
57.272127 39.442881 5.608127
57.272127 39.442881 57.272127
5.039823 39.905274 5.039823
5.039823 39.905274 56.703823
56.703823 39.905274 5.039823
56.703823 39.905274 56.703823
16.377488 33.114041 18.549959
15.791102 32.290000 19.374000
14.305762 32.290000 19.374000
13.610881 33.139873 18.524127
14.073274 33.708177 17.955823
9.454512 -7.282041 18.549959
9.454512 44.381959 18.549959
10.040898 -6.458000 19.374000
10.040898 45.206000 19.374000
11.526238 -6.458000 19.374000
11.526238 45.206000 19.374000
12.221119 -7.307873 18.524127
12.221119 44.356127 18.524127
11.758726 43.787823 17.955823
16.377488 -7.282041 7.282041
16.377488 -7.282041 58.946041
16.377488 44.381959 7.282041
16.377488 44.381959 58.946041
15.791102 -6.458000 6.458000
15.791102 -6.458000 58.122000
15.791102 45.206000 6.458000
15.791102 45.206000 58.122000
14.305762 -6.458000 6.458000
14.305762 -6.458000 58.122000
14.305762 45.206000 6.458000
14.305762 45.206000 58.122000
13.610881 -7.307873 7.307873
13.610881 -7.307873 58.971873
13.610881 44.356127 7.307873
13.610881 44.356127 58.971873
14.073274 43.787823 7.876177
9.454512 33.114041 7.282041
9.454512 33.114041 58.946041
10.040898 32.290000 6.458000
10.040898 32.290000 58.122000
11.526238 32.290000 6.458000
11.526238 32.290000 58.122000
12.221119 33.139873 7.307873
12.221119 33.139873 58.971873
11.758726 33.708177 7.876177
16.377488 31.465959 5.633959
16.377488 31.465959 57.297959
15.791102 32.290000 6.458000
15.791102 32.290000 58.122000
14.305762 32.290000 6.458000
14.305762 32.290000 58.122000
13.610881 31.440127 5.608127
13.610881 31.440127 57.272127
14.073274 30.871823 5.039823
14.073274 30.871823 56.703823
9.454512 -5.633959 5.633959
9.454512 -5.633959 57.297959
9.454512 46.030041 5.633959
9.454512 46.030041 57.297959
10.040898 -6.458000 6.458000
10.040898 -6.458000 58.122000
10.040898 45.206000 6.458000
10.040898 45.206000 58.122000
11.526238 -6.458000 6.458000
11.526238 -6.458000 58.122000
11.526238 45.206000 6.458000
11.526238 45.206000 58.122000
12.221119 -5.608127 5.608127
12.221119 -5.608127 57.272127
12.221119 46.055873 5.608127
12.221119 46.055873 57.272127
11.758726 -5.039823 5.039823
11.758726 -5.039823 56.703823
11.758726 46.624177 5.039823
11.758726 46.624177 56.703823
16.377488 -5.633959 20.198041
16.377488 46.030041 20.198041
15.791102 -6.458000 19.374000
15.791102 45.206000 19.374000
14.305762 -6.458000 19.374000
14.305762 45.206000 19.374000
13.610881 -5.608127 20.223873
13.610881 46.055873 20.223873
14.073274 -5.039823 20.792177
14.073274 46.624177 20.792177
9.454512 31.465959 20.198041
10.040898 32.290000 19.374000
11.526238 32.290000 19.374000
12.221119 31.440127 20.223873
11.758726 30.871823 20.792177
9.454512 -7.282041 7.282041
9.454512 -7.282041 58.946041
9.454512 44.381959 7.282041
9.454512 44.381959 58.946041
12.221119 -7.307873 7.307873
12.221119 -7.307873 58.971873
12.221119 44.356127 7.307873
12.221119 44.356127 58.971873
11.758726 43.787823 7.876177
16.377488 33.114041 7.282041
16.377488 33.114041 58.946041
13.610881 33.139873 7.307873
13.610881 33.139873 58.971873
14.073274 33.708177 7.876177
9.454512 33.114041 18.549959
12.221119 33.139873 18.524127
11.758726 33.708177 17.955823
16.377488 -7.282041 18.549959
16.377488 44.381959 18.549959
13.610881 -7.307873 18.524127
13.610881 44.356127 18.524127
14.073274 43.787823 17.955823
9.454512 -5.633959 20.198041
9.454512 46.030041 20.198041
12.221119 -5.608127 20.223873
12.221119 46.055873 20.223873
11.758726 -5.039823 20.792177
11.758726 46.624177 20.792177
16.377488 31.465959 20.198041
13.610881 31.440127 20.223873
14.073274 30.871823 20.792177
9.454512 31.465959 5.633959
9.454512 31.465959 57.297959
12.221119 31.440127 5.608127
12.221119 31.440127 57.272127
11.758726 30.871823 5.039823
11.758726 30.871823 56.703823
16.377488 -5.633959 5.633959
16.377488 -5.633959 57.297959
16.377488 46.030041 5.633959
16.377488 46.030041 57.297959
13.610881 -5.608127 5.608127
13.610881 -5.608127 57.272127
13.610881 46.055873 5.608127
13.610881 46.055873 57.272127
14.073274 -5.039823 5.039823
14.073274 -5.039823 56.703823
14.073274 46.624177 5.039823
14.073274 46.624177 56.703823
7.579109 31.168891 31.168891
59.243109 31.168891 31.168891
6.458000 32.290000 32.290000
58.122000 32.290000 32.290000
7.282041 31.465959 29.293488
58.946041 31.465959 29.293488
6.458000 32.290000 28.707102
58.122000 32.290000 28.707102
6.458000 32.290000 27.221762
58.122000 32.290000 27.221762
7.307873 31.440127 26.526881
58.971873 31.440127 26.526881
7.876177 30.871823 26.989274
20.495109 33.411109 31.168891
19.374000 32.290000 32.290000
20.198041 33.114041 29.293488
19.374000 32.290000 28.707102
19.374000 32.290000 27.221762
20.223873 33.139873 26.526881
20.792177 33.708177 26.989274
18.252891 -5.336891 31.168891
18.252891 46.327109 31.168891
19.374000 -6.458000 32.290000
19.374000 45.206000 32.290000
18.549959 -5.633959 29.293488
18.549959 46.030041 29.293488
19.374000 -6.458000 28.707102
19.374000 45.206000 28.707102
19.374000 -6.458000 27.221762
19.374000 45.206000 27.221762
18.524127 -5.608127 26.526881
18.524127 46.055873 26.526881
17.955823 -5.039823 26.989274
17.955823 46.624177 26.989274
5.336891 -7.579109 31.168891
5.336891 44.084891 31.168891
57.000891 -7.579109 31.168891
57.000891 44.084891 31.168891
6.458000 -6.458000 32.290000
6.458000 45.206000 32.290000
58.122000 -6.458000 32.290000
58.122000 45.206000 32.290000
5.633959 -7.282041 29.293488
5.633959 44.381959 29.293488
57.297959 -7.282041 29.293488
57.297959 44.381959 29.293488
6.458000 -6.458000 28.707102
6.458000 45.206000 28.707102
58.122000 -6.458000 28.707102
58.122000 45.206000 28.707102
6.458000 -6.458000 27.221762
6.458000 45.206000 27.221762
58.122000 -6.458000 27.221762
58.122000 45.206000 27.221762
5.608127 -7.307873 26.526881
5.608127 44.356127 26.526881
57.272127 -7.307873 26.526881
57.272127 44.356127 26.526881
5.039823 43.787823 26.989274
56.703823 43.787823 26.989274
7.579109 -5.336891 -5.336891
7.579109 -5.336891 46.327109
7.579109 46.327109 -5.336891
7.579109 46.327109 46.327109
59.243109 -5.336891 -5.336891
59.243109 -5.336891 46.327109
59.243109 46.327109 -5.336891
59.243109 46.327109 46.327109
6.458000 -6.458000 -6.458000
6.458000 -6.458000 45.206000
6.458000 45.206000 -6.458000
6.458000 45.206000 45.206000
58.122000 -6.458000 -6.458000
58.122000 -6.458000 45.206000
58.122000 45.206000 -6.458000
58.122000 45.206000 45.206000
7.282041 -5.633959 -3.461488
7.282041 -5.633959 48.202512
7.282041 46.030041 -3.461488
7.282041 46.030041 48.202512
58.946041 -5.633959 -3.461488
58.946041 -5.633959 48.202512
58.946041 46.030041 -3.461488
58.946041 46.030041 48.202512
6.458000 -6.458000 -2.875102
6.458000 -6.458000 48.788898
6.458000 45.206000 -2.875102
6.458000 45.206000 48.788898
58.122000 -6.458000 -2.875102
58.122000 -6.458000 48.788898
58.122000 45.206000 -2.875102
58.122000 45.206000 48.788898
6.458000 -6.458000 -1.389762
6.458000 -6.458000 50.274238
6.458000 45.206000 -1.389762
6.458000 45.206000 50.274238
58.122000 -6.458000 -1.389762
58.122000 -6.458000 50.274238
58.122000 45.206000 -1.389762
58.122000 45.206000 50.274238
7.307873 -5.608127 -0.694881
7.307873 -5.608127 50.969119
7.307873 46.055873 -0.694881
7.307873 46.055873 50.969119
58.971873 -5.608127 -0.694881
58.971873 -5.608127 50.969119
58.971873 46.055873 -0.694881
58.971873 46.055873 50.969119
7.876177 -5.039823 -1.157274
7.876177 -5.039823 50.506726
7.876177 46.624177 -1.157274
7.876177 46.624177 50.506726
5.336891 33.411109 -5.336891
5.336891 33.411109 46.327109
57.000891 33.411109 -5.336891
57.000891 33.411109 46.327109
6.458000 32.290000 -6.458000
6.458000 32.290000 45.206000
58.122000 32.290000 -6.458000
58.122000 32.290000 45.206000
5.633959 33.114041 -3.461488
5.633959 33.114041 48.202512
57.297959 33.114041 -3.461488
57.297959 33.114041 48.202512
6.458000 32.290000 -2.875102
6.458000 32.290000 48.788898
58.122000 32.290000 -2.875102
58.122000 32.290000 48.788898
6.458000 32.290000 -1.389762
6.458000 32.290000 50.274238
58.122000 32.290000 -1.389762
58.122000 32.290000 50.274238
5.608127 33.139873 -0.694881
5.608127 33.139873 50.969119
57.272127 33.139873 -0.694881
57.272127 33.139873 50.969119
5.039823 33.708177 -1.157274
5.039823 33.708177 50.506726
56.703823 33.708177 -1.157274
56.703823 33.708177 50.506726
18.252891 31.168891 -5.336891
18.252891 31.168891 46.327109
19.374000 32.290000 -6.458000
19.374000 32.290000 45.206000
18.549959 31.465959 -3.461488
18.549959 31.465959 48.202512
19.374000 32.290000 -2.875102
19.374000 32.290000 48.788898
19.374000 32.290000 -1.389762
19.374000 32.290000 50.274238
18.524127 31.440127 -0.694881
18.524127 31.440127 50.969119
17.955823 30.871823 -1.157274
17.955823 30.871823 50.506726
20.495109 -7.579109 -5.336891
20.495109 -7.579109 46.327109
20.495109 44.084891 -5.336891
20.495109 44.084891 46.327109
19.374000 -6.458000 -6.458000
19.374000 -6.458000 45.206000
19.374000 45.206000 -6.458000
19.374000 45.206000 45.206000
20.198041 -7.282041 -3.461488
20.198041 -7.282041 48.202512
20.198041 44.381959 -3.461488
20.198041 44.381959 48.202512
19.374000 -6.458000 -2.875102
19.374000 -6.458000 48.788898
19.374000 45.206000 -2.875102
19.374000 45.206000 48.788898
19.374000 -6.458000 -1.389762
19.374000 -6.458000 50.274238
19.374000 45.206000 -1.389762
19.374000 45.206000 50.274238
20.223873 -7.307873 -0.694881
20.223873 -7.307873 50.969119
20.223873 44.356127 -0.694881
20.223873 44.356127 50.969119
20.792177 43.787823 -1.157274
20.792177 43.787823 50.506726
5.336891 33.411109 31.168891
57.000891 33.411109 31.168891
3.461488 33.114041 31.465959
55.125488 33.114041 31.465959
2.875102 32.290000 32.290000
54.539102 32.290000 32.290000
1.389762 32.290000 32.290000
53.053762 32.290000 32.290000
0.694881 33.139873 31.440127
52.358881 33.139873 31.440127
1.157274 33.708177 30.871823
52.821274 33.708177 30.871823
18.252891 31.168891 31.168891
18.549959 29.293488 31.465959
19.374000 28.707102 32.290000
19.374000 27.221762 32.290000
18.524127 26.526881 31.440127
17.955823 26.989274 30.871823
20.495109 -7.579109 31.168891
20.495109 44.084891 31.168891
22.370512 -7.282041 31.465959
22.370512 44.381959 31.465959
22.956898 -6.458000 32.290000
22.956898 45.206000 32.290000
24.442238 -6.458000 32.290000
24.442238 45.206000 32.290000
25.137119 -7.307873 31.440127
25.137119 44.356127 31.440127
24.674726 43.787823 30.871823
7.579109 -5.336891 31.168891
7.579109 46.327109 31.168891
59.243109 -5.336891 31.168891
59.243109 46.327109 31.168891
7.282041 -3.461488 31.465959
7.282041 48.202512 31.465959
58.946041 -3.461488 31.465959
58.946041 48.202512 31.465959
6.458000 -2.875102 32.290000
6.458000 48.788898 32.290000
58.122000 -2.875102 32.290000
58.122000 48.788898 32.290000
6.458000 -1.389762 32.290000
6.458000 50.274238 32.290000
58.122000 -1.389762 32.290000
58.122000 50.274238 32.290000
7.307873 -0.694881 31.440127
7.307873 50.969119 31.440127
58.971873 -0.694881 31.440127
58.971873 50.969119 31.440127
7.876177 -1.157274 30.871823
7.876177 50.506726 30.871823
5.336891 -7.579109 -5.336891
5.336891 -7.579109 46.327109
5.336891 44.084891 -5.336891
5.336891 44.084891 46.327109
57.000891 -7.579109 -5.336891
57.000891 -7.579109 46.327109
57.000891 44.084891 -5.336891
57.000891 44.084891 46.327109
3.461488 -7.282041 -5.633959
3.461488 -7.282041 46.030041
3.461488 44.381959 -5.633959
3.461488 44.381959 46.030041
55.125488 -7.282041 -5.633959
55.125488 -7.282041 46.030041
55.125488 44.381959 -5.633959
55.125488 44.381959 46.030041
2.875102 -6.458000 -6.458000
2.875102 -6.458000 45.206000
2.875102 45.206000 -6.458000
2.875102 45.206000 45.206000
54.539102 -6.458000 -6.458000
54.539102 -6.458000 45.206000
54.539102 45.206000 -6.458000
54.539102 45.206000 45.206000
1.389762 -6.458000 -6.458000
1.389762 -6.458000 45.206000
1.389762 45.206000 -6.458000
1.389762 45.206000 45.206000
53.053762 -6.458000 -6.458000
53.053762 -6.458000 45.206000
53.053762 45.206000 -6.458000
53.053762 45.206000 45.206000
0.694881 -7.307873 -5.608127
0.694881 -7.307873 46.055873
0.694881 44.356127 -5.608127
0.694881 44.356127 46.055873
52.358881 -7.307873 -5.608127
52.358881 -7.307873 46.055873
52.358881 44.356127 -5.608127
52.358881 44.356127 46.055873
1.157274 43.787823 -5.039823
1.157274 43.787823 46.624177
52.821274 43.787823 -5.039823
52.821274 43.787823 46.624177
7.579109 31.168891 -5.336891
7.579109 31.168891 46.327109
59.243109 31.168891 -5.336891
59.243109 31.168891 46.327109
7.282041 29.293488 -5.633959
7.282041 29.293488 46.030041
58.946041 29.293488 -5.633959
58.946041 29.293488 46.030041
6.458000 28.707102 -6.458000
6.458000 28.707102 45.206000
58.122000 28.707102 -6.458000
58.122000 28.707102 45.206000
6.458000 27.221762 -6.458000
6.458000 27.221762 45.206000
58.122000 27.221762 -6.458000
58.122000 27.221762 45.206000
7.307873 26.526881 -5.608127
7.307873 26.526881 46.055873
58.971873 26.526881 -5.608127
58.971873 26.526881 46.055873
7.876177 26.989274 -5.039823
7.876177 26.989274 46.624177
20.495109 33.411109 -5.336891
20.495109 33.411109 46.327109
22.370512 33.114041 -5.633959
22.370512 33.114041 46.030041
22.956898 32.290000 -6.458000
22.956898 32.290000 45.206000
24.442238 32.290000 -6.458000
24.442238 32.290000 45.206000
25.137119 33.139873 -5.608127
25.137119 33.139873 46.055873
24.674726 33.708177 -5.039823
24.674726 33.708177 46.624177
18.252891 -5.336891 -5.336891
18.252891 -5.336891 46.327109
18.252891 46.327109 -5.336891
18.252891 46.327109 46.327109
18.549959 -3.461488 -5.633959
18.549959 -3.461488 46.030041
18.549959 48.202512 -5.633959
18.549959 48.202512 46.030041
19.374000 -2.875102 -6.458000
19.374000 -2.875102 45.206000
19.374000 48.788898 -6.458000
19.374000 48.788898 45.206000
19.374000 -1.389762 -6.458000
19.374000 -1.389762 45.206000
19.374000 50.274238 -6.458000
19.374000 50.274238 45.206000
18.524127 -0.694881 -5.608127
18.524127 -0.694881 46.055873
18.524127 50.969119 -5.608127
18.524127 50.969119 46.055873
17.955823 -1.157274 -5.039823
17.955823 -1.157274 46.624177
17.955823 50.506726 -5.039823
17.955823 50.506726 46.624177
5.336891 31.168891 33.411109
57.000891 31.168891 33.411109
5.633959 29.293488 33.114041
57.297959 29.293488 33.114041
6.458000 28.707102 32.290000
58.122000 28.707102 32.290000
6.458000 27.221762 32.290000
58.122000 27.221762 32.290000
5.608127 26.526881 33.139873
57.272127 26.526881 33.139873
5.039823 26.989274 33.708177
56.703823 26.989274 33.708177
5.336891 -5.336891 -7.579109
5.336891 -5.336891 44.084891
5.336891 46.327109 -7.579109
5.336891 46.327109 44.084891
57.000891 -5.336891 -7.579109
57.000891 -5.336891 44.084891
57.000891 46.327109 -7.579109
57.000891 46.327109 44.084891
5.633959 -3.461488 -7.282041
5.633959 -3.461488 44.381959
5.633959 48.202512 -7.282041
5.633959 48.202512 44.381959
57.297959 -3.461488 -7.282041
57.297959 -3.461488 44.381959
57.297959 48.202512 -7.282041
57.297959 48.202512 44.381959
6.458000 -2.875102 -6.458000
6.458000 -2.875102 45.206000
6.458000 48.788898 -6.458000
6.458000 48.788898 45.206000
58.122000 -2.875102 -6.458000
58.122000 -2.875102 45.206000
58.122000 48.788898 -6.458000
58.122000 48.788898 45.206000
6.458000 -1.389762 -6.458000
6.458000 -1.389762 45.206000
6.458000 50.274238 -6.458000
6.458000 50.274238 45.206000
58.122000 -1.389762 -6.458000
58.122000 -1.389762 45.206000
58.122000 50.274238 -6.458000
58.122000 50.274238 45.206000
5.608127 -0.694881 -7.307873
5.608127 -0.694881 44.356127
5.608127 50.969119 -7.307873
5.608127 50.969119 44.356127
57.272127 -0.694881 -7.307873
57.272127 -0.694881 44.356127
57.272127 50.969119 -7.307873
57.272127 50.969119 44.356127
5.039823 -1.157274 43.787823
5.039823 50.506726 43.787823
56.703823 -1.157274 43.787823
56.703823 50.506726 43.787823
5.336891 31.168891 -7.579109
5.336891 31.168891 44.084891
57.000891 31.168891 -7.579109
57.000891 31.168891 44.084891
3.461488 31.465959 -7.282041
3.461488 31.465959 44.381959
55.125488 31.465959 -7.282041
55.125488 31.465959 44.381959
2.875102 32.290000 -6.458000
2.875102 32.290000 45.206000
54.539102 32.290000 -6.458000
54.539102 32.290000 45.206000
1.389762 32.290000 -6.458000
1.389762 32.290000 45.206000
53.053762 32.290000 -6.458000
53.053762 32.290000 45.206000
0.694881 31.440127 -7.307873
0.694881 31.440127 44.356127
52.358881 31.440127 -7.307873
52.358881 31.440127 44.356127
1.157274 30.871823 43.787823
52.821274 30.871823 43.787823
20.495109 31.168891 -7.579109
20.495109 31.168891 44.084891
20.198041 29.293488 -7.282041
20.198041 29.293488 44.381959
19.374000 28.707102 -6.458000
19.374000 28.707102 45.206000
19.374000 27.221762 -6.458000
19.374000 27.221762 45.206000
20.223873 26.526881 -7.307873
20.223873 26.526881 44.356127
20.792177 26.989274 43.787823
20.495109 -5.336891 -7.579109
20.495109 -5.336891 44.084891
20.495109 46.327109 -7.579109
20.495109 46.327109 44.084891
22.370512 -5.633959 -7.282041
22.370512 -5.633959 44.381959
22.370512 46.030041 -7.282041
22.370512 46.030041 44.381959
22.956898 -6.458000 -6.458000
22.956898 -6.458000 45.206000
22.956898 45.206000 -6.458000
22.956898 45.206000 45.206000
24.442238 -6.458000 -6.458000
24.442238 -6.458000 45.206000
24.442238 45.206000 -6.458000
24.442238 45.206000 45.206000
25.137119 -5.608127 -7.307873
25.137119 -5.608127 44.356127
25.137119 46.055873 -7.307873
25.137119 46.055873 44.356127
24.674726 -5.039823 43.787823
24.674726 46.624177 43.787823
20.495109 -5.336891 33.411109
20.495109 46.327109 33.411109
20.198041 -3.461488 33.114041
20.198041 48.202512 33.114041
19.374000 -2.875102 32.290000
19.374000 48.788898 32.290000
19.374000 -1.389762 32.290000
19.374000 50.274238 32.290000
20.223873 -0.694881 33.139873
20.223873 50.969119 33.139873
20.792177 -1.157274 33.708177
20.792177 50.506726 33.708177
5.336891 -5.336891 33.411109
5.336891 46.327109 33.411109
57.000891 -5.336891 33.411109
57.000891 46.327109 33.411109
3.461488 -5.633959 33.114041
3.461488 46.030041 33.114041
55.125488 -5.633959 33.114041
55.125488 46.030041 33.114041
2.875102 -6.458000 32.290000
2.875102 45.206000 32.290000
54.539102 -6.458000 32.290000
54.539102 45.206000 32.290000
1.389762 -6.458000 32.290000
1.389762 45.206000 32.290000
53.053762 -6.458000 32.290000
53.053762 45.206000 32.290000
0.694881 -5.608127 33.139873
0.694881 46.055873 33.139873
52.358881 -5.608127 33.139873
52.358881 46.055873 33.139873
1.157274 -5.039823 33.708177
1.157274 46.624177 33.708177
52.821274 -5.039823 33.708177
52.821274 46.624177 33.708177
20.495109 31.168891 33.411109
22.370512 31.465959 33.114041
22.956898 32.290000 32.290000
24.442238 32.290000 32.290000
25.137119 31.440127 33.139873
24.674726 30.871823 33.708177
18.549959 -5.633959 -3.461488
18.549959 -5.633959 48.202512
18.549959 46.030041 -3.461488
18.549959 46.030041 48.202512
18.524127 -5.608127 -0.694881
18.524127 -5.608127 50.969119
18.524127 46.055873 -0.694881
18.524127 46.055873 50.969119
17.955823 -5.039823 -1.157274
17.955823 -5.039823 50.506726
17.955823 46.624177 -1.157274
17.955823 46.624177 50.506726
5.633959 -7.282041 -3.461488
5.633959 -7.282041 48.202512
5.633959 44.381959 -3.461488
5.633959 44.381959 48.202512
57.297959 -7.282041 -3.461488
57.297959 -7.282041 48.202512
57.297959 44.381959 -3.461488
57.297959 44.381959 48.202512
5.608127 -7.307873 -0.694881
5.608127 -7.307873 50.969119
5.608127 44.356127 -0.694881
5.608127 44.356127 50.969119
57.272127 -7.307873 -0.694881
57.272127 -7.307873 50.969119
57.272127 44.356127 -0.694881
57.272127 44.356127 50.969119
5.039823 43.787823 -1.157274
5.039823 43.787823 50.506726
56.703823 43.787823 -1.157274
56.703823 43.787823 50.506726
7.282041 31.465959 -3.461488
7.282041 31.465959 48.202512
58.946041 31.465959 -3.461488
58.946041 31.465959 48.202512
7.307873 31.440127 -0.694881
7.307873 31.440127 50.969119
58.971873 31.440127 -0.694881
58.971873 31.440127 50.969119
7.876177 30.871823 -1.157274
7.876177 30.871823 50.506726
20.198041 33.114041 -3.461488
20.198041 33.114041 48.202512
20.223873 33.139873 -0.694881
20.223873 33.139873 50.969119
20.792177 33.708177 -1.157274
20.792177 33.708177 50.506726
18.549959 31.465959 29.293488
18.524127 31.440127 26.526881
17.955823 30.871823 26.989274
20.198041 -7.282041 29.293488
20.198041 44.381959 29.293488
20.223873 -7.307873 26.526881
20.223873 44.356127 26.526881
20.792177 43.787823 26.989274
7.282041 -5.633959 29.293488
7.282041 46.030041 29.293488
58.946041 -5.633959 29.293488
58.946041 46.030041 29.293488
7.307873 -5.608127 26.526881
7.307873 46.055873 26.526881
58.971873 -5.608127 26.526881
58.971873 46.055873 26.526881
7.876177 -5.039823 26.989274
7.876177 46.624177 26.989274
5.633959 33.114041 29.293488
57.297959 33.114041 29.293488
5.608127 33.139873 26.526881
57.272127 33.139873 26.526881
5.039823 33.708177 26.989274
56.703823 33.708177 26.989274
22.370512 -7.282041 -5.633959
22.370512 -7.282041 46.030041
22.370512 44.381959 -5.633959
22.370512 44.381959 46.030041
25.137119 -7.307873 -5.608127
25.137119 -7.307873 46.055873
25.137119 44.356127 -5.608127
25.137119 44.356127 46.055873
24.674726 43.787823 -5.039823
24.674726 43.787823 46.624177
7.282041 -3.461488 -5.633959
7.282041 -3.461488 46.030041
7.282041 48.202512 -5.633959
7.282041 48.202512 46.030041
58.946041 -3.461488 -5.633959
58.946041 -3.461488 46.030041
58.946041 48.202512 -5.633959
58.946041 48.202512 46.030041
7.307873 -0.694881 -5.608127
7.307873 -0.694881 46.055873
7.307873 50.969119 -5.608127
7.307873 50.969119 46.055873
58.971873 -0.694881 -5.608127
58.971873 -0.694881 46.055873
58.971873 50.969119 -5.608127
58.971873 50.969119 46.055873
7.876177 -1.157274 -5.039823
7.876177 -1.157274 46.624177
7.876177 50.506726 -5.039823
7.876177 50.506726 46.624177
3.461488 33.114041 -5.633959
3.461488 33.114041 46.030041
55.125488 33.114041 -5.633959
55.125488 33.114041 46.030041
0.694881 33.139873 -5.608127
0.694881 33.139873 46.055873
52.358881 33.139873 -5.608127
52.358881 33.139873 46.055873
1.157274 33.708177 -5.039823
1.157274 33.708177 46.624177
52.821274 33.708177 -5.039823
52.821274 33.708177 46.624177
18.549959 29.293488 -5.633959
18.549959 29.293488 46.030041
18.524127 26.526881 -5.608127
18.524127 26.526881 46.055873
17.955823 26.989274 -5.039823
17.955823 26.989274 46.624177
22.370512 33.114041 31.465959
25.137119 33.139873 31.440127
24.674726 33.708177 30.871823
18.549959 -3.461488 31.465959
18.549959 48.202512 31.465959
18.524127 -0.694881 31.440127
18.524127 50.969119 31.440127
17.955823 -1.157274 30.871823
17.955823 50.506726 30.871823
3.461488 -7.282041 31.465959
3.461488 44.381959 31.465959
55.125488 -7.282041 31.465959
55.125488 44.381959 31.465959
0.694881 -7.307873 31.440127
0.694881 44.356127 31.440127
52.358881 -7.307873 31.440127
52.358881 44.356127 31.440127
1.157274 43.787823 30.871823
52.821274 43.787823 30.871823
7.282041 29.293488 31.465959
58.946041 29.293488 31.465959
7.307873 26.526881 31.440127
58.971873 26.526881 31.440127
7.876177 26.989274 30.871823
20.198041 -3.461488 -7.282041
20.198041 -3.461488 44.381959
20.198041 48.202512 -7.282041
20.198041 48.202512 44.381959
20.223873 -0.694881 -7.307873
20.223873 -0.694881 44.356127
20.223873 50.969119 -7.307873
20.223873 50.969119 44.356127
20.792177 -1.157274 43.787823
20.792177 50.506726 43.787823
20.198041 29.293488 33.114041
20.223873 26.526881 33.139873
20.792177 26.989274 33.708177
22.370512 -5.633959 33.114041
22.370512 46.030041 33.114041
25.137119 -5.608127 33.139873
25.137119 46.055873 33.139873
24.674726 -5.039823 33.708177
24.674726 46.624177 33.708177
5.633959 -3.461488 33.114041
5.633959 48.202512 33.114041
57.297959 -3.461488 33.114041
57.297959 48.202512 33.114041
5.608127 -0.694881 33.139873
5.608127 50.969119 33.139873
57.272127 -0.694881 33.139873
57.272127 50.969119 33.139873
5.039823 -1.157274 33.708177
5.039823 50.506726 33.708177
56.703823 -1.157274 33.708177
56.703823 50.506726 33.708177
3.461488 31.465959 33.114041
55.125488 31.465959 33.114041
0.694881 31.440127 33.139873
52.358881 31.440127 33.139873
1.157274 30.871823 33.708177
52.821274 30.871823 33.708177
5.633959 29.293488 -7.282041
5.633959 29.293488 44.381959
57.297959 29.293488 -7.282041
57.297959 29.293488 44.381959
5.608127 26.526881 -7.307873
5.608127 26.526881 44.356127
57.272127 26.526881 -7.307873
57.272127 26.526881 44.356127
5.039823 26.989274 43.787823
56.703823 26.989274 43.787823
22.370512 31.465959 -7.282041
22.370512 31.465959 44.381959
25.137119 31.440127 -7.307873
25.137119 31.440127 44.356127
24.674726 30.871823 43.787823
3.461488 -5.633959 -7.282041
3.461488 -5.633959 44.381959
3.461488 46.030041 -7.282041
3.461488 46.030041 44.381959
55.125488 -5.633959 -7.282041
55.125488 -5.633959 44.381959
55.125488 46.030041 -7.282041
55.125488 46.030041 44.381959
0.694881 -5.608127 -7.307873
0.694881 -5.608127 44.356127
0.694881 46.055873 -7.307873
0.694881 46.055873 44.356127
52.358881 -5.608127 -7.307873
52.358881 -5.608127 44.356127
52.358881 46.055873 -7.307873
52.358881 46.055873 44.356127
1.157274 -5.039823 43.787823
1.157274 46.624177 43.787823
52.821274 -5.039823 43.787823
52.821274 46.624177 43.787823
7.579109 -7.579109 -7.579109
7.579109 -7.579109 44.084891
7.579109 44.084891 -7.579109
7.579109 44.084891 44.084891
59.243109 -7.579109 -7.579109
59.243109 -7.579109 44.084891
59.243109 44.084891 -7.579109
59.243109 44.084891 44.084891
7.282041 -7.282041 42.209488
7.282041 44.381959 42.209488
58.946041 -7.282041 42.209488
58.946041 44.381959 42.209488
6.458000 -6.458000 41.623102
6.458000 45.206000 41.623102
58.122000 -6.458000 41.623102
58.122000 45.206000 41.623102
6.458000 -6.458000 40.137762
6.458000 45.206000 40.137762
58.122000 -6.458000 40.137762
58.122000 45.206000 40.137762
7.307873 -7.307873 39.442881
7.307873 44.356127 39.442881
58.971873 -7.307873 39.442881
58.971873 44.356127 39.442881
7.876177 43.787823 39.905274
20.198041 -5.633959 42.209488
20.198041 46.030041 42.209488
19.374000 -6.458000 41.623102
19.374000 45.206000 41.623102
19.374000 -6.458000 40.137762
19.374000 45.206000 40.137762
20.223873 -5.608127 39.442881
20.223873 46.055873 39.442881
20.792177 -5.039823 39.905274
20.792177 46.624177 39.905274
18.252891 33.411109 -7.579109
18.252891 33.411109 44.084891
18.549959 33.114041 42.209488
19.374000 32.290000 41.623102
19.374000 32.290000 40.137762
18.524127 33.139873 39.442881
17.955823 33.708177 39.905274
5.633959 31.465959 42.209488
57.297959 31.465959 42.209488
6.458000 32.290000 41.623102
58.122000 32.290000 41.623102
6.458000 32.290000 40.137762
58.122000 32.290000 40.137762
5.608127 31.440127 39.442881
57.272127 31.440127 39.442881
5.039823 30.871823 39.905274
56.703823 30.871823 39.905274
7.579109 33.411109 33.411109
59.243109 33.411109 33.411109
7.282041 33.114041 35.286512
58.946041 33.114041 35.286512
6.458000 32.290000 35.872898
58.122000 32.290000 35.872898
6.458000 32.290000 37.358238
58.122000 32.290000 37.358238
7.307873 33.139873 38.053119
58.971873 33.139873 38.053119
7.876177 33.708177 37.590726
5.633959 -5.633959 35.286512
5.633959 46.030041 35.286512
57.297959 -5.633959 35.286512
57.297959 46.030041 35.286512
6.458000 -6.458000 35.872898
6.458000 45.206000 35.872898
58.122000 -6.458000 35.872898
58.122000 45.206000 35.872898
6.458000 -6.458000 37.358238
6.458000 45.206000 37.358238
58.122000 -6.458000 37.358238
58.122000 45.206000 37.358238
5.608127 -5.608127 38.053119
5.608127 46.055873 38.053119
57.272127 -5.608127 38.053119
57.272127 46.055873 38.053119
5.039823 -5.039823 37.590726
5.039823 46.624177 37.590726
56.703823 -5.039823 37.590726
56.703823 46.624177 37.590726
18.252891 -7.579109 33.411109
18.252891 44.084891 33.411109
18.549959 -7.282041 35.286512
18.549959 44.381959 35.286512
19.374000 -6.458000 35.872898
19.374000 45.206000 35.872898
19.374000 -6.458000 37.358238
19.374000 45.206000 37.358238
18.524127 -7.307873 38.053119
18.524127 44.356127 38.053119
17.955823 43.787823 37.590726
20.198041 31.465959 35.286512
19.374000 32.290000 35.872898
19.374000 32.290000 37.358238
20.223873 31.440127 38.053119
20.792177 30.871823 37.590726
18.252891 -7.579109 -7.579109
18.252891 -7.579109 44.084891
18.252891 44.084891 -7.579109
18.252891 44.084891 44.084891
18.549959 42.209488 -7.282041
18.549959 42.209488 44.381959
19.374000 41.623102 -6.458000
19.374000 41.623102 45.206000
19.374000 40.137762 -6.458000
19.374000 40.137762 45.206000
18.524127 39.442881 -7.307873
18.524127 39.442881 44.356127
17.955823 39.905274 43.787823
7.579109 33.411109 -7.579109
7.579109 33.411109 44.084891
59.243109 33.411109 -7.579109
59.243109 33.411109 44.084891
7.282041 35.286512 -7.282041
7.282041 35.286512 44.381959
58.946041 35.286512 -7.282041
58.946041 35.286512 44.381959
6.458000 35.872898 -6.458000
6.458000 35.872898 45.206000
58.122000 35.872898 -6.458000
58.122000 35.872898 45.206000
6.458000 37.358238 -6.458000
6.458000 37.358238 45.206000
58.122000 37.358238 -6.458000
58.122000 37.358238 45.206000
7.307873 38.053119 -7.307873
7.307873 38.053119 44.356127
58.971873 38.053119 -7.307873
58.971873 38.053119 44.356127
7.876177 37.590726 43.787823
7.579109 -7.579109 33.411109
7.579109 44.084891 33.411109
59.243109 -7.579109 33.411109
59.243109 44.084891 33.411109
7.282041 42.209488 33.114041
58.946041 42.209488 33.114041
6.458000 41.623102 32.290000
58.122000 41.623102 32.290000
6.458000 40.137762 32.290000
58.122000 40.137762 32.290000
7.307873 39.442881 33.139873
58.971873 39.442881 33.139873
7.876177 39.905274 33.708177
18.252891 33.411109 33.411109
18.549959 35.286512 33.114041
19.374000 35.872898 32.290000
19.374000 37.358238 32.290000
18.524127 38.053119 33.139873
17.955823 37.590726 33.708177
5.633959 42.209488 -5.633959
5.633959 42.209488 46.030041
57.297959 42.209488 -5.633959
57.297959 42.209488 46.030041
6.458000 41.623102 -6.458000
6.458000 41.623102 45.206000
58.122000 41.623102 -6.458000
58.122000 41.623102 45.206000
6.458000 40.137762 -6.458000
6.458000 40.137762 45.206000
58.122000 40.137762 -6.458000
58.122000 40.137762 45.206000
5.608127 39.442881 -5.608127
5.608127 39.442881 46.055873
57.272127 39.442881 -5.608127
57.272127 39.442881 46.055873
5.039823 39.905274 -5.039823
5.039823 39.905274 46.624177
56.703823 39.905274 -5.039823
56.703823 39.905274 46.624177
5.633959 35.286512 31.465959
57.297959 35.286512 31.465959
6.458000 35.872898 32.290000
58.122000 35.872898 32.290000
6.458000 37.358238 32.290000
58.122000 37.358238 32.290000
5.608127 38.053119 31.440127
57.272127 38.053119 31.440127
5.039823 37.590726 30.871823
56.703823 37.590726 30.871823
20.198041 42.209488 31.465959
19.374000 41.623102 32.290000
19.374000 40.137762 32.290000
20.223873 39.442881 31.440127
20.792177 39.905274 30.871823
20.198041 35.286512 -5.633959
20.198041 35.286512 46.030041
19.374000 35.872898 -6.458000
19.374000 35.872898 45.206000
19.374000 37.358238 -6.458000
19.374000 37.358238 45.206000
20.223873 38.053119 -5.608127
20.223873 38.053119 46.055873
20.792177 37.590726 -5.039823
20.792177 37.590726 46.624177
18.549959 33.114041 35.286512
18.524127 33.139873 38.053119
17.955823 33.708177 37.590726
5.633959 31.465959 35.286512
57.297959 31.465959 35.286512
5.608127 31.440127 38.053119
57.272127 31.440127 38.053119
5.039823 30.871823 37.590726
56.703823 30.871823 37.590726
7.282041 -7.282041 35.286512
7.282041 44.381959 35.286512
58.946041 -7.282041 35.286512
58.946041 44.381959 35.286512
7.307873 -7.307873 38.053119
7.307873 44.356127 38.053119
58.971873 -7.307873 38.053119
58.971873 44.356127 38.053119
7.876177 43.787823 37.590726
20.198041 -5.633959 35.286512
20.198041 46.030041 35.286512
20.223873 -5.608127 38.053119
20.223873 46.055873 38.053119
20.792177 -5.039823 37.590726
20.792177 46.624177 37.590726
18.549959 -7.282041 42.209488
18.549959 44.381959 42.209488
18.524127 -7.307873 39.442881
18.524127 44.356127 39.442881
17.955823 43.787823 39.905274
20.198041 31.465959 42.209488
20.223873 31.440127 39.442881
20.792177 30.871823 39.905274
7.282041 33.114041 42.209488
58.946041 33.114041 42.209488
7.307873 33.139873 39.442881
58.971873 33.139873 39.442881
7.876177 33.708177 39.905274
5.633959 -5.633959 42.209488
5.633959 46.030041 42.209488
57.297959 -5.633959 42.209488
57.297959 46.030041 42.209488
5.608127 -5.608127 39.442881
5.608127 46.055873 39.442881
57.272127 -5.608127 39.442881
57.272127 46.055873 39.442881
5.039823 -5.039823 39.905274
5.039823 46.624177 39.905274
56.703823 -5.039823 39.905274
56.703823 46.624177 39.905274
7.282041 35.286512 33.114041
58.946041 35.286512 33.114041
7.307873 38.053119 33.139873
58.971873 38.053119 33.139873
7.876177 37.590726 33.708177
18.549959 42.209488 33.114041
18.524127 39.442881 33.139873
17.955823 39.905274 33.708177
18.549959 35.286512 -7.282041
18.549959 35.286512 44.381959
18.524127 38.053119 -7.307873
18.524127 38.053119 44.356127
17.955823 37.590726 43.787823
7.282041 42.209488 -7.282041
7.282041 42.209488 44.381959
58.946041 42.209488 -7.282041
58.946041 42.209488 44.381959
7.307873 39.442881 -7.307873
7.307873 39.442881 44.356127
58.971873 39.442881 -7.307873
58.971873 39.442881 44.356127
7.876177 39.905274 43.787823
20.198041 35.286512 31.465959
20.223873 38.053119 31.440127
20.792177 37.590726 30.871823
20.198041 42.209488 -5.633959
20.198041 42.209488 46.030041
20.223873 39.442881 -5.608127
20.223873 39.442881 46.055873
20.792177 39.905274 -5.039823
20.792177 39.905274 46.624177
5.633959 35.286512 -5.633959
5.633959 35.286512 46.030041
57.297959 35.286512 -5.633959
57.297959 35.286512 46.030041
5.608127 38.053119 -5.608127
5.608127 38.053119 46.055873
57.272127 38.053119 -5.608127
57.272127 38.053119 46.055873
5.039823 37.590726 -5.039823
5.039823 37.590726 46.624177
56.703823 37.590726 -5.039823
56.703823 37.590726 46.624177
5.633959 42.209488 31.465959
57.297959 42.209488 31.465959
5.608127 39.442881 31.440127
57.272127 39.442881 31.440127
5.039823 39.905274 30.871823
56.703823 39.905274 30.871823
16.377488 33.114041 -7.282041
16.377488 33.114041 44.381959
15.791102 32.290000 -6.458000
15.791102 32.290000 45.206000
14.305762 32.290000 -6.458000
14.305762 32.290000 45.206000
13.610881 33.139873 -7.307873
13.610881 33.139873 44.356127
14.073274 33.708177 43.787823
9.454512 -7.282041 -7.282041
9.454512 -7.282041 44.381959
9.454512 44.381959 -7.282041
9.454512 44.381959 44.381959
10.040898 -6.458000 -6.458000
10.040898 -6.458000 45.206000
10.040898 45.206000 -6.458000
10.040898 45.206000 45.206000
11.526238 -6.458000 -6.458000
11.526238 -6.458000 45.206000
11.526238 45.206000 -6.458000
11.526238 45.206000 45.206000
12.221119 -7.307873 -7.307873
12.221119 -7.307873 44.356127
12.221119 44.356127 -7.307873
12.221119 44.356127 44.356127
11.758726 43.787823 43.787823
16.377488 -7.282041 33.114041
16.377488 44.381959 33.114041
15.791102 -6.458000 32.290000
15.791102 45.206000 32.290000
14.305762 -6.458000 32.290000
14.305762 45.206000 32.290000
13.610881 -7.307873 33.139873
13.610881 44.356127 33.139873
14.073274 43.787823 33.708177
9.454512 33.114041 33.114041
10.040898 32.290000 32.290000
11.526238 32.290000 32.290000
12.221119 33.139873 33.139873
11.758726 33.708177 33.708177
16.377488 31.465959 31.465959
15.791102 32.290000 32.290000
14.305762 32.290000 32.290000
13.610881 31.440127 31.440127
14.073274 30.871823 30.871823
9.454512 -5.633959 31.465959
9.454512 46.030041 31.465959
10.040898 -6.458000 32.290000
10.040898 45.206000 32.290000
11.526238 -6.458000 32.290000
11.526238 45.206000 32.290000
12.221119 -5.608127 31.440127
12.221119 46.055873 31.440127
11.758726 -5.039823 30.871823
11.758726 46.624177 30.871823
16.377488 -5.633959 -5.633959
16.377488 -5.633959 46.030041
16.377488 46.030041 -5.633959
16.377488 46.030041 46.030041
15.791102 -6.458000 -6.458000
15.791102 -6.458000 45.206000
15.791102 45.206000 -6.458000
15.791102 45.206000 45.206000
14.305762 -6.458000 -6.458000
14.305762 -6.458000 45.206000
14.305762 45.206000 -6.458000
14.305762 45.206000 45.206000
13.610881 -5.608127 -5.608127
13.610881 -5.608127 46.055873
13.610881 46.055873 -5.608127
13.610881 46.055873 46.055873
14.073274 -5.039823 -5.039823
14.073274 -5.039823 46.624177
14.073274 46.624177 -5.039823
14.073274 46.624177 46.624177
9.454512 31.465959 -5.633959
9.454512 31.465959 46.030041
10.040898 32.290000 -6.458000
10.040898 32.290000 45.206000
11.526238 32.290000 -6.458000
11.526238 32.290000 45.206000
12.221119 31.440127 -5.608127
12.221119 31.440127 46.055873
11.758726 30.871823 -5.039823
11.758726 30.871823 46.624177
9.454512 -7.282041 33.114041
9.454512 44.381959 33.114041
12.221119 -7.307873 33.139873
12.221119 44.356127 33.139873
11.758726 43.787823 33.708177
16.377488 33.114041 33.114041
13.610881 33.139873 33.139873
14.073274 33.708177 33.708177
9.454512 33.114041 -7.282041
9.454512 33.114041 44.381959
12.221119 33.139873 -7.307873
12.221119 33.139873 44.356127
11.758726 33.708177 43.787823
16.377488 -7.282041 -7.282041
16.377488 -7.282041 44.381959
16.377488 44.381959 -7.282041
16.377488 44.381959 44.381959
13.610881 -7.307873 -7.307873
13.610881 -7.307873 44.356127
13.610881 44.356127 -7.307873
13.610881 44.356127 44.356127
14.073274 43.787823 43.787823
9.454512 -5.633959 -5.633959
9.454512 -5.633959 46.030041
9.454512 46.030041 -5.633959
9.454512 46.030041 46.030041
12.221119 -5.608127 -5.608127
12.221119 -5.608127 46.055873
12.221119 46.055873 -5.608127
12.221119 46.055873 46.055873
11.758726 -5.039823 -5.039823
11.758726 -5.039823 46.624177
11.758726 46.624177 -5.039823
11.758726 46.624177 46.624177
16.377488 31.465959 -5.633959
16.377488 31.465959 46.030041
13.610881 31.440127 -5.608127
13.610881 31.440127 46.055873
14.073274 30.871823 -5.039823
14.073274 30.871823 46.624177
9.454512 31.465959 31.465959
12.221119 31.440127 31.440127
11.758726 30.871823 30.871823
16.377488 -5.633959 31.465959
16.377488 46.030041 31.465959
13.610881 -5.608127 31.440127
13.610881 46.055873 31.440127
14.073274 -5.039823 30.871823
14.073274 46.624177 30.871823
33.411109 5.336891 5.336891
33.411109 5.336891 57.000891
33.411109 57.000891 5.336891
33.411109 57.000891 57.000891
32.290000 6.458000 6.458000
32.290000 6.458000 58.122000
32.290000 58.122000 6.458000
32.290000 58.122000 58.122000
33.114041 5.633959 3.461488
33.114041 5.633959 55.125488
33.114041 57.297959 3.461488
33.114041 57.297959 55.125488
32.290000 6.458000 2.875102
32.290000 6.458000 54.539102
32.290000 58.122000 2.875102
32.290000 58.122000 54.539102
32.290000 6.458000 1.389762
32.290000 6.458000 53.053762
32.290000 58.122000 1.389762
32.290000 58.122000 53.053762
33.139873 5.608127 0.694881
33.139873 5.608127 52.358881
33.139873 57.272127 0.694881
33.139873 57.272127 52.358881
33.708177 5.039823 1.157274
33.708177 5.039823 52.821274
33.708177 56.703823 1.157274
33.708177 56.703823 52.821274
-5.336891 7.579109 5.336891
-5.336891 7.579109 57.000891
-5.336891 59.243109 5.336891
-5.336891 59.243109 57.000891
46.327109 7.579109 5.336891
46.327109 7.579109 57.000891
46.327109 59.243109 5.336891
46.327109 59.243109 57.000891
-6.458000 6.458000 6.458000
-6.458000 6.458000 58.122000
-6.458000 58.122000 6.458000
-6.458000 58.122000 58.122000
45.206000 6.458000 6.458000
45.206000 6.458000 58.122000
45.206000 58.122000 6.458000
45.206000 58.122000 58.122000
-5.633959 7.282041 3.461488
-5.633959 7.282041 55.125488
-5.633959 58.946041 3.461488
-5.633959 58.946041 55.125488
46.030041 7.282041 3.461488
46.030041 7.282041 55.125488
46.030041 58.946041 3.461488
46.030041 58.946041 55.125488
-6.458000 6.458000 2.875102
-6.458000 6.458000 54.539102
-6.458000 58.122000 2.875102
-6.458000 58.122000 54.539102
45.206000 6.458000 2.875102
45.206000 6.458000 54.539102
45.206000 58.122000 2.875102
45.206000 58.122000 54.539102
-6.458000 6.458000 1.389762
-6.458000 6.458000 53.053762
-6.458000 58.122000 1.389762
-6.458000 58.122000 53.053762
45.206000 6.458000 1.389762
45.206000 6.458000 53.053762
45.206000 58.122000 1.389762
45.206000 58.122000 53.053762
-5.608127 7.307873 0.694881
-5.608127 7.307873 52.358881
-5.608127 58.971873 0.694881
-5.608127 58.971873 52.358881
46.055873 7.307873 0.694881
46.055873 7.307873 52.358881
46.055873 58.971873 0.694881
46.055873 58.971873 52.358881
-5.039823 7.876177 1.157274
-5.039823 7.876177 52.821274
46.624177 7.876177 1.157274
46.624177 7.876177 52.821274
-7.579109 20.495109 5.336891
-7.579109 20.495109 57.000891
44.084891 20.495109 5.336891
44.084891 20.495109 57.000891
-6.458000 19.374000 6.458000
-6.458000 19.374000 58.122000
45.206000 19.374000 6.458000
45.206000 19.374000 58.122000
-7.282041 20.198041 3.461488
-7.282041 20.198041 55.125488
44.381959 20.198041 3.461488
44.381959 20.198041 55.125488
-6.458000 19.374000 2.875102
-6.458000 19.374000 54.539102
45.206000 19.374000 2.875102
45.206000 19.374000 54.539102
-6.458000 19.374000 1.389762
-6.458000 19.374000 53.053762
45.206000 19.374000 1.389762
45.206000 19.374000 53.053762
-7.307873 20.223873 0.694881
-7.307873 20.223873 52.358881
44.356127 20.223873 0.694881
44.356127 20.223873 52.358881
43.787823 20.792177 1.157274
43.787823 20.792177 52.821274
31.168891 18.252891 5.336891
31.168891 18.252891 57.000891
32.290000 19.374000 6.458000
32.290000 19.374000 58.122000
31.465959 18.549959 3.461488
31.465959 18.549959 55.125488
32.290000 19.374000 2.875102
32.290000 19.374000 54.539102
32.290000 19.374000 1.389762
32.290000 19.374000 53.053762
31.440127 18.524127 0.694881
31.440127 18.524127 52.358881
30.871823 17.955823 1.157274
30.871823 17.955823 52.821274
33.411109 20.495109 20.495109
32.290000 19.374000 19.374000
33.114041 20.198041 22.370512
32.290000 19.374000 22.956898
32.290000 19.374000 24.442238
33.139873 20.223873 25.137119
33.708177 20.792177 24.674726
31.168891 7.579109 20.495109
31.168891 59.243109 20.495109
32.290000 6.458000 19.374000
32.290000 58.122000 19.374000
31.465959 7.282041 22.370512
31.465959 58.946041 22.370512
32.290000 6.458000 22.956898
32.290000 58.122000 22.956898
32.290000 6.458000 24.442238
32.290000 58.122000 24.442238
31.440127 7.307873 25.137119
31.440127 58.971873 25.137119
30.871823 7.876177 24.674726
-7.579109 5.336891 20.495109
-7.579109 57.000891 20.495109
44.084891 5.336891 20.495109
44.084891 57.000891 20.495109
-6.458000 6.458000 19.374000
-6.458000 58.122000 19.374000
45.206000 6.458000 19.374000
45.206000 58.122000 19.374000
-7.282041 5.633959 22.370512
-7.282041 57.297959 22.370512
44.381959 5.633959 22.370512
44.381959 57.297959 22.370512
-6.458000 6.458000 22.956898
-6.458000 58.122000 22.956898
45.206000 6.458000 22.956898
45.206000 58.122000 22.956898
-6.458000 6.458000 24.442238
-6.458000 58.122000 24.442238
45.206000 6.458000 24.442238
45.206000 58.122000 24.442238
-7.307873 5.608127 25.137119
-7.307873 57.272127 25.137119
44.356127 5.608127 25.137119
44.356127 57.272127 25.137119
43.787823 5.039823 24.674726
43.787823 56.703823 24.674726
-5.336891 18.252891 20.495109
46.327109 18.252891 20.495109
-6.458000 19.374000 19.374000
45.206000 19.374000 19.374000
-5.633959 18.549959 22.370512
46.030041 18.549959 22.370512
-6.458000 19.374000 22.956898
45.206000 19.374000 22.956898
-6.458000 19.374000 24.442238
45.206000 19.374000 24.442238
-5.608127 18.524127 25.137119
46.055873 18.524127 25.137119
-5.039823 17.955823 24.674726
46.624177 17.955823 24.674726
31.168891 7.579109 5.336891
31.168891 7.579109 57.000891
31.168891 59.243109 5.336891
31.168891 59.243109 57.000891
29.293488 7.282041 5.633959
29.293488 7.282041 57.297959
29.293488 58.946041 5.633959
29.293488 58.946041 57.297959
28.707102 6.458000 6.458000
28.707102 6.458000 58.122000
28.707102 58.122000 6.458000
28.707102 58.122000 58.122000
27.221762 6.458000 6.458000
27.221762 6.458000 58.122000
27.221762 58.122000 6.458000
27.221762 58.122000 58.122000
26.526881 7.307873 5.608127
26.526881 7.307873 57.272127
26.526881 58.971873 5.608127
26.526881 58.971873 57.272127
26.989274 7.876177 5.039823
26.989274 7.876177 56.703823
-7.579109 5.336891 5.336891
-7.579109 5.336891 57.000891
-7.579109 57.000891 5.336891
-7.579109 57.000891 57.000891
44.084891 5.336891 5.336891
44.084891 5.336891 57.000891
44.084891 57.000891 5.336891
44.084891 57.000891 57.000891
-7.282041 3.461488 5.633959
-7.282041 3.461488 57.297959
-7.282041 55.125488 5.633959
-7.282041 55.125488 57.297959
44.381959 3.461488 5.633959
44.381959 3.461488 57.297959
44.381959 55.125488 5.633959
44.381959 55.125488 57.297959
-6.458000 2.875102 6.458000
-6.458000 2.875102 58.122000
-6.458000 54.539102 6.458000
-6.458000 54.539102 58.122000
45.206000 2.875102 6.458000
45.206000 2.875102 58.122000
45.206000 54.539102 6.458000
45.206000 54.539102 58.122000
-6.458000 1.389762 6.458000
-6.458000 1.389762 58.122000
-6.458000 53.053762 6.458000
-6.458000 53.053762 58.122000
45.206000 1.389762 6.458000
45.206000 1.389762 58.122000
45.206000 53.053762 6.458000
45.206000 53.053762 58.122000
-7.307873 0.694881 5.608127
-7.307873 0.694881 57.272127
-7.307873 52.358881 5.608127
-7.307873 52.358881 57.272127
44.356127 0.694881 5.608127
44.356127 0.694881 57.272127
44.356127 52.358881 5.608127
44.356127 52.358881 57.272127
43.787823 1.157274 5.039823
43.787823 1.157274 56.703823
43.787823 52.821274 5.039823
43.787823 52.821274 56.703823
-5.336891 18.252891 5.336891
-5.336891 18.252891 57.000891
46.327109 18.252891 5.336891
46.327109 18.252891 57.000891
-3.461488 18.549959 5.633959
-3.461488 18.549959 57.297959
48.202512 18.549959 5.633959
48.202512 18.549959 57.297959
-2.875102 19.374000 6.458000
-2.875102 19.374000 58.122000
48.788898 19.374000 6.458000
48.788898 19.374000 58.122000
-1.389762 19.374000 6.458000
-1.389762 19.374000 58.122000
50.274238 19.374000 6.458000
50.274238 19.374000 58.122000
-0.694881 18.524127 5.608127
-0.694881 18.524127 57.272127
50.969119 18.524127 5.608127
50.969119 18.524127 57.272127
-1.157274 17.955823 5.039823
-1.157274 17.955823 56.703823
50.506726 17.955823 5.039823
50.506726 17.955823 56.703823
33.411109 20.495109 5.336891
33.411109 20.495109 57.000891
33.114041 22.370512 5.633959
33.114041 22.370512 57.297959
32.290000 22.956898 6.458000
32.290000 22.956898 58.122000
32.290000 24.442238 6.458000
32.290000 24.442238 58.122000
33.139873 25.137119 5.608127
33.139873 25.137119 57.272127
33.708177 24.674726 5.039823
33.708177 24.674726 56.703823
31.168891 18.252891 20.495109
29.293488 18.549959 20.198041
28.707102 19.374000 19.374000
27.221762 19.374000 19.374000
26.526881 18.524127 20.223873
26.989274 17.955823 20.792177
33.411109 5.336891 20.495109
33.411109 57.000891 20.495109
33.114041 3.461488 20.198041
33.114041 55.125488 20.198041
32.290000 2.875102 19.374000
32.290000 54.539102 19.374000
32.290000 1.389762 19.374000
32.290000 53.053762 19.374000
33.139873 0.694881 20.223873
33.139873 52.358881 20.223873
33.708177 1.157274 20.792177
33.708177 52.821274 20.792177
-5.336891 7.579109 20.495109
-5.336891 59.243109 20.495109
46.327109 7.579109 20.495109
46.327109 59.243109 20.495109
-3.461488 7.282041 20.198041
-3.461488 58.946041 20.198041
48.202512 7.282041 20.198041
48.202512 58.946041 20.198041
-2.875102 6.458000 19.374000
-2.875102 58.122000 19.374000
48.788898 6.458000 19.374000
48.788898 58.122000 19.374000
-1.389762 6.458000 19.374000
-1.389762 58.122000 19.374000
50.274238 6.458000 19.374000
50.274238 58.122000 19.374000
-0.694881 7.307873 20.223873
-0.694881 58.971873 20.223873
50.969119 7.307873 20.223873
50.969119 58.971873 20.223873
-1.157274 7.876177 20.792177
50.506726 7.876177 20.792177
-7.579109 20.495109 20.495109
44.084891 20.495109 20.495109
-7.282041 22.370512 20.198041
44.381959 22.370512 20.198041
-6.458000 22.956898 19.374000
45.206000 22.956898 19.374000
-6.458000 24.442238 19.374000
45.206000 24.442238 19.374000
-7.307873 25.137119 20.223873
44.356127 25.137119 20.223873
43.787823 24.674726 20.792177
31.168891 5.336891 7.579109
31.168891 5.336891 59.243109
31.168891 57.000891 7.579109
31.168891 57.000891 59.243109
31.465959 3.461488 7.282041
31.465959 3.461488 58.946041
31.465959 55.125488 7.282041
31.465959 55.125488 58.946041
32.290000 2.875102 6.458000
32.290000 2.875102 58.122000
32.290000 54.539102 6.458000
32.290000 54.539102 58.122000
32.290000 1.389762 6.458000
32.290000 1.389762 58.122000
32.290000 53.053762 6.458000
32.290000 53.053762 58.122000
31.440127 0.694881 7.307873
31.440127 0.694881 58.971873
31.440127 52.358881 7.307873
31.440127 52.358881 58.971873
30.871823 1.157274 7.876177
30.871823 52.821274 7.876177
31.168891 20.495109 18.252891
31.465959 22.370512 18.549959
32.290000 22.956898 19.374000
32.290000 24.442238 19.374000
31.440127 25.137119 18.524127
30.871823 24.674726 17.955823
31.168891 5.336891 18.252891
31.168891 57.000891 18.252891
29.293488 5.633959 18.549959
29.293488 57.297959 18.549959
28.707102 6.458000 19.374000
28.707102 58.122000 19.374000
27.221762 6.458000 19.374000
27.221762 58.122000 19.374000
26.526881 5.608127 18.524127
26.526881 57.272127 18.524127
26.989274 5.039823 17.955823
26.989274 56.703823 17.955823
-5.336891 5.336891 18.252891
-5.336891 57.000891 18.252891
46.327109 5.336891 18.252891
46.327109 57.000891 18.252891
-5.633959 3.461488 18.549959
-5.633959 55.125488 18.549959
46.030041 3.461488 18.549959
46.030041 55.125488 18.549959
-6.458000 2.875102 19.374000
-6.458000 54.539102 19.374000
45.206000 2.875102 19.374000
45.206000 54.539102 19.374000
-6.458000 1.389762 19.374000
-6.458000 53.053762 19.374000
45.206000 1.389762 19.374000
45.206000 53.053762 19.374000
-5.608127 0.694881 18.524127
-5.608127 52.358881 18.524127
46.055873 0.694881 18.524127
46.055873 52.358881 18.524127
-5.039823 1.157274 17.955823
-5.039823 52.821274 17.955823
46.624177 1.157274 17.955823
46.624177 52.821274 17.955823
-5.336891 20.495109 18.252891
46.327109 20.495109 18.252891
-3.461488 20.198041 18.549959
48.202512 20.198041 18.549959
-2.875102 19.374000 19.374000
48.788898 19.374000 19.374000
-1.389762 19.374000 19.374000
50.274238 19.374000 19.374000
-0.694881 20.223873 18.524127
50.969119 20.223873 18.524127
-1.157274 20.792177 17.955823
50.506726 20.792177 17.955823
-5.336891 20.495109 7.579109
-5.336891 20.495109 59.243109
46.327109 20.495109 7.579109
46.327109 20.495109 59.243109
-5.633959 22.370512 7.282041
-5.633959 22.370512 58.946041
46.030041 22.370512 7.282041
46.030041 22.370512 58.946041
-6.458000 22.956898 6.458000
-6.458000 22.956898 58.122000
45.206000 22.956898 6.458000
45.206000 22.956898 58.122000
-6.458000 24.442238 6.458000
-6.458000 24.442238 58.122000
45.206000 24.442238 6.458000
45.206000 24.442238 58.122000
-5.608127 25.137119 7.307873
-5.608127 25.137119 58.971873
46.055873 25.137119 7.307873
46.055873 25.137119 58.971873
-5.039823 24.674726 7.876177
46.624177 24.674726 7.876177
31.168891 20.495109 7.579109
31.168891 20.495109 59.243109
29.293488 20.198041 7.282041
29.293488 20.198041 58.946041
28.707102 19.374000 6.458000
28.707102 19.374000 58.122000
27.221762 19.374000 6.458000
27.221762 19.374000 58.122000
26.526881 20.223873 7.307873
26.526881 20.223873 58.971873
26.989274 20.792177 7.876177
-5.336891 5.336891 7.579109
-5.336891 5.336891 59.243109
-5.336891 57.000891 7.579109
-5.336891 57.000891 59.243109
46.327109 5.336891 7.579109
46.327109 5.336891 59.243109
46.327109 57.000891 7.579109
46.327109 57.000891 59.243109
-3.461488 5.633959 7.282041
-3.461488 5.633959 58.946041
-3.461488 57.297959 7.282041
-3.461488 57.297959 58.946041
48.202512 5.633959 7.282041
48.202512 5.633959 58.946041
48.202512 57.297959 7.282041
48.202512 57.297959 58.946041
-2.875102 6.458000 6.458000
-2.875102 6.458000 58.122000
-2.875102 58.122000 6.458000
-2.875102 58.122000 58.122000
48.788898 6.458000 6.458000
48.788898 6.458000 58.122000
48.788898 58.122000 6.458000
48.788898 58.122000 58.122000
-1.389762 6.458000 6.458000
-1.389762 6.458000 58.122000
-1.389762 58.122000 6.458000
-1.389762 58.122000 58.122000
50.274238 6.458000 6.458000
50.274238 6.458000 58.122000
50.274238 58.122000 6.458000
50.274238 58.122000 58.122000
-0.694881 5.608127 7.307873
-0.694881 5.608127 58.971873
-0.694881 57.272127 7.307873
-0.694881 57.272127 58.971873
50.969119 5.608127 7.307873
50.969119 5.608127 58.971873
50.969119 57.272127 7.307873
50.969119 57.272127 58.971873
-1.157274 5.039823 7.876177
-1.157274 56.703823 7.876177
50.506726 5.039823 7.876177
50.506726 56.703823 7.876177
-7.282041 20.198041 22.370512
44.381959 20.198041 22.370512
-7.307873 20.223873 25.137119
44.356127 20.223873 25.137119
43.787823 20.792177 24.674726
31.465959 18.549959 22.370512
31.440127 18.524127 25.137119
30.871823 17.955823 24.674726
33.114041 5.633959 22.370512
33.114041 57.297959 22.370512
33.139873 5.608127 25.137119
33.139873 57.272127 25.137119
33.708177 5.039823 24.674726
33.708177 56.703823 24.674726
-5.633959 7.282041 22.370512
-5.633959 58.946041 22.370512
46.030041 7.282041 22.370512
46.030041 58.946041 22.370512
-5.608127 7.307873 25.137119
-5.608127 58.971873 25.137119
46.055873 7.307873 25.137119
46.055873 58.971873 25.137119
-5.039823 7.876177 24.674726
46.624177 7.876177 24.674726
-7.282041 5.633959 3.461488
-7.282041 5.633959 55.125488
-7.282041 57.297959 3.461488
-7.282041 57.297959 55.125488
44.381959 5.633959 3.461488
44.381959 5.633959 55.125488
44.381959 57.297959 3.461488
44.381959 57.297959 55.125488
-7.307873 5.608127 0.694881
-7.307873 5.608127 52.358881
-7.307873 57.272127 0.694881
-7.307873 57.272127 52.358881
44.356127 5.608127 0.694881
44.356127 5.608127 52.358881
44.356127 57.272127 0.694881
44.356127 57.272127 52.358881
43.787823 5.039823 1.157274
43.787823 5.039823 52.821274
43.787823 56.703823 1.157274
43.787823 56.703823 52.821274
-5.633959 18.549959 3.461488
-5.633959 18.549959 55.125488
46.030041 18.549959 3.461488
46.030041 18.549959 55.125488
-5.608127 18.524127 0.694881
-5.608127 18.524127 52.358881
46.055873 18.524127 0.694881
46.055873 18.524127 52.358881
-5.039823 17.955823 1.157274
-5.039823 17.955823 52.821274
46.624177 17.955823 1.157274
46.624177 17.955823 52.821274
33.114041 20.198041 3.461488
33.114041 20.198041 55.125488
33.139873 20.223873 0.694881
33.139873 20.223873 52.358881
33.708177 20.792177 1.157274
33.708177 20.792177 52.821274
31.465959 7.282041 3.461488
31.465959 7.282041 55.125488
31.465959 58.946041 3.461488
31.465959 58.946041 55.125488
31.440127 7.307873 0.694881
31.440127 7.307873 52.358881
31.440127 58.971873 0.694881
31.440127 58.971873 52.358881
30.871823 7.876177 1.157274
30.871823 7.876177 52.821274
-3.461488 18.549959 20.198041
48.202512 18.549959 20.198041
-0.694881 18.524127 20.223873
50.969119 18.524127 20.223873
-1.157274 17.955823 20.792177
50.506726 17.955823 20.792177
33.114041 22.370512 20.198041
33.139873 25.137119 20.223873
33.708177 24.674726 20.792177
29.293488 7.282041 20.198041
29.293488 58.946041 20.198041
26.526881 7.307873 20.223873
26.526881 58.971873 20.223873
26.989274 7.876177 20.792177
-7.282041 3.461488 20.198041
-7.282041 55.125488 20.198041
44.381959 3.461488 20.198041
44.381959 55.125488 20.198041
-7.307873 0.694881 20.223873
-7.307873 52.358881 20.223873
44.356127 0.694881 20.223873
44.356127 52.358881 20.223873
43.787823 1.157274 20.792177
43.787823 52.821274 20.792177
-3.461488 7.282041 5.633959
-3.461488 7.282041 57.297959
-3.461488 58.946041 5.633959
-3.461488 58.946041 57.297959
48.202512 7.282041 5.633959
48.202512 7.282041 57.297959
48.202512 58.946041 5.633959
48.202512 58.946041 57.297959
-0.694881 7.307873 5.608127
-0.694881 7.307873 57.272127
-0.694881 58.971873 5.608127
-0.694881 58.971873 57.272127
50.969119 7.307873 5.608127
50.969119 7.307873 57.272127
50.969119 58.971873 5.608127
50.969119 58.971873 57.272127
-1.157274 7.876177 5.039823
-1.157274 7.876177 56.703823
50.506726 7.876177 5.039823
50.506726 7.876177 56.703823
-7.282041 22.370512 5.633959
-7.282041 22.370512 57.297959
44.381959 22.370512 5.633959
44.381959 22.370512 57.297959
-7.307873 25.137119 5.608127
-7.307873 25.137119 57.272127
44.356127 25.137119 5.608127
44.356127 25.137119 57.272127
43.787823 24.674726 5.039823
43.787823 24.674726 56.703823
29.293488 18.549959 5.633959
29.293488 18.549959 57.297959
26.526881 18.524127 5.608127
26.526881 18.524127 57.272127
26.989274 17.955823 5.039823
26.989274 17.955823 56.703823
33.114041 3.461488 5.633959
33.114041 3.461488 57.297959
33.114041 55.125488 5.633959
33.114041 55.125488 57.297959
33.139873 0.694881 5.608127
33.139873 0.694881 57.272127
33.139873 52.358881 5.608127
33.139873 52.358881 57.272127
33.708177 1.157274 5.039823
33.708177 1.157274 56.703823
33.708177 52.821274 5.039823
33.708177 52.821274 56.703823
-5.633959 22.370512 18.549959
46.030041 22.370512 18.549959
-5.608127 25.137119 18.524127
46.055873 25.137119 18.524127
-5.039823 24.674726 17.955823
46.624177 24.674726 17.955823
-5.633959 3.461488 7.282041
-5.633959 3.461488 58.946041
-5.633959 55.125488 7.282041
-5.633959 55.125488 58.946041
46.030041 3.461488 7.282041
46.030041 3.461488 58.946041
46.030041 55.125488 7.282041
46.030041 55.125488 58.946041
-5.608127 0.694881 7.307873
-5.608127 0.694881 58.971873
-5.608127 52.358881 7.307873
-5.608127 52.358881 58.971873
46.055873 0.694881 7.307873
46.055873 0.694881 58.971873
46.055873 52.358881 7.307873
46.055873 52.358881 58.971873
-5.039823 1.157274 7.876177
-5.039823 52.821274 7.876177
46.624177 1.157274 7.876177
46.624177 52.821274 7.876177
-3.461488 20.198041 7.282041
-3.461488 20.198041 58.946041
48.202512 20.198041 7.282041
48.202512 20.198041 58.946041
-0.694881 20.223873 7.307873
-0.694881 20.223873 58.971873
50.969119 20.223873 7.307873
50.969119 20.223873 58.971873
-1.157274 20.792177 7.876177
50.506726 20.792177 7.876177
31.465959 22.370512 7.282041
31.465959 22.370512 58.946041
31.440127 25.137119 7.307873
31.440127 25.137119 58.971873
30.871823 24.674726 7.876177
29.293488 5.633959 7.282041
29.293488 5.633959 58.946041
29.293488 57.297959 7.282041
29.293488 57.297959 58.946041
26.526881 5.608127 7.307873
26.526881 5.608127 58.971873
26.526881 57.272127 7.307873
26.526881 57.272127 58.971873
26.989274 5.039823 7.876177
26.989274 56.703823 7.876177
31.465959 3.461488 18.549959
31.465959 55.125488 18.549959
31.440127 0.694881 18.524127
31.440127 52.358881 18.524127
30.871823 1.157274 17.955823
30.871823 52.821274 17.955823
-3.461488 5.633959 18.549959
-3.461488 57.297959 18.549959
48.202512 5.633959 18.549959
48.202512 57.297959 18.549959
-0.694881 5.608127 18.524127
-0.694881 57.272127 18.524127
50.969119 5.608127 18.524127
50.969119 57.272127 18.524127
-1.157274 5.039823 17.955823
-1.157274 56.703823 17.955823
50.506726 5.039823 17.955823
50.506726 56.703823 17.955823
29.293488 20.198041 18.549959
26.526881 20.223873 18.524127
26.989274 20.792177 17.955823
33.411109 18.252891 18.252891
33.114041 18.549959 16.377488
32.290000 19.374000 15.791102
32.290000 19.374000 14.305762
33.139873 18.524127 13.610881
33.708177 17.955823 14.073274
-5.633959 20.198041 16.377488
46.030041 20.198041 16.377488
-6.458000 19.374000 15.791102
45.206000 19.374000 15.791102
-6.458000 19.374000 14.305762
45.206000 19.374000 14.305762
-5.608127 20.223873 13.610881
46.055873 20.223873 13.610881
-5.039823 20.792177 14.073274
46.624177 20.792177 14.073274
-7.579109 7.579109 18.252891
-7.579109 59.243109 18.252891
44.084891 7.579109 18.252891
44.084891 59.243109 18.252891
-7.282041 7.282041 16.377488
-7.282041 58.946041 16.377488
44.381959 7.282041 16.377488
44.381959 58.946041 16.377488
-6.458000 6.458000 15.791102
-6.458000 58.122000 15.791102
45.206000 6.458000 15.791102
45.206000 58.122000 15.791102
-6.458000 6.458000 14.305762
-6.458000 58.122000 14.305762
45.206000 6.458000 14.305762
45.206000 58.122000 14.305762
-7.307873 7.307873 13.610881
-7.307873 58.971873 13.610881
44.356127 7.307873 13.610881
44.356127 58.971873 13.610881
43.787823 7.876177 14.073274
31.465959 5.633959 16.377488
31.465959 57.297959 16.377488
32.290000 6.458000 15.791102
32.290000 58.122000 15.791102
32.290000 6.458000 14.305762
32.290000 58.122000 14.305762
31.440127 5.608127 13.610881
31.440127 57.272127 13.610881
30.871823 5.039823 14.073274
30.871823 56.703823 14.073274
33.411109 7.579109 7.579109
33.411109 7.579109 59.243109
33.411109 59.243109 7.579109
33.411109 59.243109 59.243109
33.114041 7.282041 9.454512
33.114041 58.946041 9.454512
32.290000 6.458000 10.040898
32.290000 58.122000 10.040898
32.290000 6.458000 11.526238
32.290000 58.122000 11.526238
33.139873 7.307873 12.221119
33.139873 58.971873 12.221119
33.708177 7.876177 11.758726
31.465959 20.198041 9.454512
32.290000 19.374000 10.040898
32.290000 19.374000 11.526238
31.440127 20.223873 12.221119
30.871823 20.792177 11.758726
-7.579109 18.252891 7.579109
-7.579109 18.252891 59.243109
44.084891 18.252891 7.579109
44.084891 18.252891 59.243109
-7.282041 18.549959 9.454512
44.381959 18.549959 9.454512
-6.458000 19.374000 10.040898
45.206000 19.374000 10.040898
-6.458000 19.374000 11.526238
45.206000 19.374000 11.526238
-7.307873 18.524127 12.221119
44.356127 18.524127 12.221119
43.787823 17.955823 11.758726
-5.633959 5.633959 9.454512
-5.633959 57.297959 9.454512
46.030041 5.633959 9.454512
46.030041 57.297959 9.454512
-6.458000 6.458000 10.040898
-6.458000 58.122000 10.040898
45.206000 6.458000 10.040898
45.206000 58.122000 10.040898
-6.458000 6.458000 11.526238
-6.458000 58.122000 11.526238
45.206000 6.458000 11.526238
45.206000 58.122000 11.526238
-5.608127 5.608127 12.221119
-5.608127 57.272127 12.221119
46.055873 5.608127 12.221119
46.055873 57.272127 12.221119
-5.039823 5.039823 11.758726
-5.039823 56.703823 11.758726
46.624177 5.039823 11.758726
46.624177 56.703823 11.758726
-7.579109 18.252891 18.252891
44.084891 18.252891 18.252891
-7.282041 16.377488 18.549959
44.381959 16.377488 18.549959
-6.458000 15.791102 19.374000
45.206000 15.791102 19.374000
-6.458000 14.305762 19.374000
45.206000 14.305762 19.374000
-7.307873 13.610881 18.524127
44.356127 13.610881 18.524127
43.787823 14.073274 17.955823
33.411109 7.579109 18.252891
33.411109 59.243109 18.252891
33.114041 9.454512 18.549959
32.290000 10.040898 19.374000
32.290000 11.526238 19.374000
33.139873 12.221119 18.524127
33.708177 11.758726 17.955823
33.411109 18.252891 7.579109
33.411109 18.252891 59.243109
33.114041 16.377488 7.282041
33.114041 16.377488 58.946041
32.290000 15.791102 6.458000
32.290000 15.791102 58.122000
32.290000 14.305762 6.458000
32.290000 14.305762 58.122000
33.139873 13.610881 7.307873
33.139873 13.610881 58.971873
33.708177 14.073274 7.876177
-7.579109 7.579109 7.579109
-7.579109 7.579109 59.243109
-7.579109 59.243109 7.579109
-7.579109 59.243109 59.243109
44.084891 7.579109 7.579109
44.084891 7.579109 59.243109
44.084891 59.243109 7.579109
44.084891 59.243109 59.243109
-7.282041 9.454512 7.282041
-7.282041 9.454512 58.946041
44.381959 9.454512 7.282041
44.381959 9.454512 58.946041
-6.458000 10.040898 6.458000
-6.458000 10.040898 58.122000
45.206000 10.040898 6.458000
45.206000 10.040898 58.122000
-6.458000 11.526238 6.458000
-6.458000 11.526238 58.122000
45.206000 11.526238 6.458000
45.206000 11.526238 58.122000
-7.307873 12.221119 7.307873
-7.307873 12.221119 58.971873
44.356127 12.221119 7.307873
44.356127 12.221119 58.971873
43.787823 11.758726 7.876177
31.465959 16.377488 20.198041
32.290000 15.791102 19.374000
32.290000 14.305762 19.374000
31.440127 13.610881 20.223873
30.871823 14.073274 20.792177
31.465959 9.454512 5.633959
31.465959 9.454512 57.297959
32.290000 10.040898 6.458000
32.290000 10.040898 58.122000
32.290000 11.526238 6.458000
32.290000 11.526238 58.122000
31.440127 12.221119 5.608127
31.440127 12.221119 57.272127
30.871823 11.758726 5.039823
30.871823 11.758726 56.703823
-5.633959 16.377488 5.633959
-5.633959 16.377488 57.297959
46.030041 16.377488 5.633959
46.030041 16.377488 57.297959
-6.458000 15.791102 6.458000
-6.458000 15.791102 58.122000
45.206000 15.791102 6.458000
45.206000 15.791102 58.122000
-6.458000 14.305762 6.458000
-6.458000 14.305762 58.122000
45.206000 14.305762 6.458000
45.206000 14.305762 58.122000
-5.608127 13.610881 5.608127
-5.608127 13.610881 57.272127
46.055873 13.610881 5.608127
46.055873 13.610881 57.272127
-5.039823 14.073274 5.039823
-5.039823 14.073274 56.703823
46.624177 14.073274 5.039823
46.624177 14.073274 56.703823
-5.633959 9.454512 20.198041
46.030041 9.454512 20.198041
-6.458000 10.040898 19.374000
45.206000 10.040898 19.374000
-6.458000 11.526238 19.374000
45.206000 11.526238 19.374000
-5.608127 12.221119 20.223873
46.055873 12.221119 20.223873
-5.039823 11.758726 20.792177
46.624177 11.758726 20.792177
-7.282041 7.282041 9.454512
-7.282041 58.946041 9.454512
44.381959 7.282041 9.454512
44.381959 58.946041 9.454512
-7.307873 7.307873 12.221119
-7.307873 58.971873 12.221119
44.356127 7.307873 12.221119
44.356127 58.971873 12.221119
43.787823 7.876177 11.758726
31.465959 5.633959 9.454512
31.465959 57.297959 9.454512
31.440127 5.608127 12.221119
31.440127 57.272127 12.221119
30.871823 5.039823 11.758726
30.871823 56.703823 11.758726
33.114041 18.549959 9.454512
33.139873 18.524127 12.221119
33.708177 17.955823 11.758726
-5.633959 20.198041 9.454512
46.030041 20.198041 9.454512
-5.608127 20.223873 12.221119
46.055873 20.223873 12.221119
-5.039823 20.792177 11.758726
46.624177 20.792177 11.758726
-7.282041 18.549959 16.377488
44.381959 18.549959 16.377488
-7.307873 18.524127 13.610881
44.356127 18.524127 13.610881
43.787823 17.955823 14.073274
-5.633959 5.633959 16.377488
-5.633959 57.297959 16.377488
46.030041 5.633959 16.377488
46.030041 57.297959 16.377488
-5.608127 5.608127 13.610881
-5.608127 57.272127 13.610881
46.055873 5.608127 13.610881
46.055873 57.272127 13.610881
-5.039823 5.039823 14.073274
-5.039823 56.703823 14.073274
46.624177 5.039823 14.073274
46.624177 56.703823 14.073274
33.114041 7.282041 16.377488
33.114041 58.946041 16.377488
33.139873 7.307873 13.610881
33.139873 58.971873 13.610881
33.708177 7.876177 14.073274
31.465959 20.198041 16.377488
31.440127 20.223873 13.610881
30.871823 20.792177 14.073274
33.114041 9.454512 7.282041
33.114041 9.454512 58.946041
33.139873 12.221119 7.307873
33.139873 12.221119 58.971873
33.708177 11.758726 7.876177
-7.282041 16.377488 7.282041
-7.282041 16.377488 58.946041
44.381959 16.377488 7.282041
44.381959 16.377488 58.946041
-7.307873 13.610881 7.307873
-7.307873 13.610881 58.971873
44.356127 13.610881 7.307873
44.356127 13.610881 58.971873
43.787823 14.073274 7.876177
-7.282041 9.454512 18.549959
44.381959 9.454512 18.549959
-7.307873 12.221119 18.524127
44.356127 12.221119 18.524127
43.787823 11.758726 17.955823
33.114041 16.377488 18.549959
33.139873 13.610881 18.524127
33.708177 14.073274 17.955823
-5.633959 9.454512 5.633959
-5.633959 9.454512 57.297959
46.030041 9.454512 5.633959
46.030041 9.454512 57.297959
-5.608127 12.221119 5.608127
-5.608127 12.221119 57.272127
46.055873 12.221119 5.608127
46.055873 12.221119 57.272127
-5.039823 11.758726 5.039823
-5.039823 11.758726 56.703823
46.624177 11.758726 5.039823
46.624177 11.758726 56.703823
-5.633959 16.377488 20.198041
46.030041 16.377488 20.198041
-5.608127 13.610881 20.223873
46.055873 13.610881 20.223873
-5.039823 14.073274 20.792177
46.624177 14.073274 20.792177
31.465959 9.454512 20.198041
31.440127 12.221119 20.223873
30.871823 11.758726 20.792177
31.465959 16.377488 5.633959
31.465959 16.377488 57.297959
31.440127 13.610881 5.608127
31.440127 13.610881 57.272127
30.871823 14.073274 5.039823
30.871823 14.073274 56.703823
42.209488 7.282041 18.549959
42.209488 58.946041 18.549959
41.623102 6.458000 19.374000
41.623102 58.122000 19.374000
40.137762 6.458000 19.374000
40.137762 58.122000 19.374000
39.442881 7.307873 18.524127
39.442881 58.971873 18.524127
39.905274 7.876177 17.955823
35.286512 18.549959 18.549959
35.872898 19.374000 19.374000
37.358238 19.374000 19.374000
38.053119 18.524127 18.524127
37.590726 17.955823 17.955823
42.209488 18.549959 7.282041
42.209488 18.549959 58.946041
41.623102 19.374000 6.458000
41.623102 19.374000 58.122000
40.137762 19.374000 6.458000
40.137762 19.374000 58.122000
39.442881 18.524127 7.307873
39.442881 18.524127 58.971873
39.905274 17.955823 7.876177
35.286512 7.282041 7.282041
35.286512 7.282041 58.946041
35.286512 58.946041 7.282041
35.286512 58.946041 58.946041
35.872898 6.458000 6.458000
35.872898 6.458000 58.122000
35.872898 58.122000 6.458000
35.872898 58.122000 58.122000
37.358238 6.458000 6.458000
37.358238 6.458000 58.122000
37.358238 58.122000 6.458000
37.358238 58.122000 58.122000
38.053119 7.307873 7.307873
38.053119 7.307873 58.971873
38.053119 58.971873 7.307873
38.053119 58.971873 58.971873
37.590726 7.876177 7.876177
42.209488 5.633959 5.633959
42.209488 5.633959 57.297959
42.209488 57.297959 5.633959
42.209488 57.297959 57.297959
41.623102 6.458000 6.458000
41.623102 6.458000 58.122000
41.623102 58.122000 6.458000
41.623102 58.122000 58.122000
40.137762 6.458000 6.458000
40.137762 6.458000 58.122000
40.137762 58.122000 6.458000
40.137762 58.122000 58.122000
39.442881 5.608127 5.608127
39.442881 5.608127 57.272127
39.442881 57.272127 5.608127
39.442881 57.272127 57.272127
39.905274 5.039823 5.039823
39.905274 5.039823 56.703823
39.905274 56.703823 5.039823
39.905274 56.703823 56.703823
35.286512 20.198041 5.633959
35.286512 20.198041 57.297959
35.872898 19.374000 6.458000
35.872898 19.374000 58.122000
37.358238 19.374000 6.458000
37.358238 19.374000 58.122000
38.053119 20.223873 5.608127
38.053119 20.223873 57.272127
37.590726 20.792177 5.039823
37.590726 20.792177 56.703823
42.209488 20.198041 20.198041
41.623102 19.374000 19.374000
40.137762 19.374000 19.374000
39.442881 20.223873 20.223873
39.905274 20.792177 20.792177
35.286512 5.633959 20.198041
35.286512 57.297959 20.198041
35.872898 6.458000 19.374000
35.872898 58.122000 19.374000
37.358238 6.458000 19.374000
37.358238 58.122000 19.374000
38.053119 5.608127 20.223873
38.053119 57.272127 20.223873
37.590726 5.039823 20.792177
37.590726 56.703823 20.792177
35.286512 18.549959 7.282041
35.286512 18.549959 58.946041
38.053119 18.524127 7.307873
38.053119 18.524127 58.971873
37.590726 17.955823 7.876177
42.209488 7.282041 7.282041
42.209488 7.282041 58.946041
42.209488 58.946041 7.282041
42.209488 58.946041 58.946041
39.442881 7.307873 7.307873
39.442881 7.307873 58.971873
39.442881 58.971873 7.307873
39.442881 58.971873 58.971873
39.905274 7.876177 7.876177
35.286512 7.282041 18.549959
35.286512 58.946041 18.549959
38.053119 7.307873 18.524127
38.053119 58.971873 18.524127
37.590726 7.876177 17.955823
42.209488 18.549959 18.549959
39.442881 18.524127 18.524127
39.905274 17.955823 17.955823
35.286512 20.198041 20.198041
38.053119 20.223873 20.223873
37.590726 20.792177 20.792177
42.209488 5.633959 20.198041
42.209488 57.297959 20.198041
39.442881 5.608127 20.223873
39.442881 57.272127 20.223873
39.905274 5.039823 20.792177
39.905274 56.703823 20.792177
35.286512 5.633959 5.633959
35.286512 5.633959 57.297959
35.286512 57.297959 5.633959
35.286512 57.297959 57.297959
38.053119 5.608127 5.608127
38.053119 5.608127 57.272127
38.053119 57.272127 5.608127
38.053119 57.272127 57.272127
37.590726 5.039823 5.039823
37.590726 5.039823 56.703823
37.590726 56.703823 5.039823
37.590726 56.703823 56.703823
42.209488 20.198041 5.633959
42.209488 20.198041 57.297959
39.442881 20.223873 5.608127
39.442881 20.223873 57.272127
39.905274 20.792177 5.039823
39.905274 20.792177 56.703823
33.411109 5.336891 31.168891
33.411109 57.000891 31.168891
32.290000 6.458000 32.290000
32.290000 58.122000 32.290000
33.114041 5.633959 29.293488
33.114041 57.297959 29.293488
32.290000 6.458000 28.707102
32.290000 58.122000 28.707102
32.290000 6.458000 27.221762
32.290000 58.122000 27.221762
33.139873 5.608127 26.526881
33.139873 57.272127 26.526881
33.708177 5.039823 26.989274
33.708177 56.703823 26.989274
-5.336891 7.579109 31.168891
-5.336891 59.243109 31.168891
46.327109 7.579109 31.168891
46.327109 59.243109 31.168891
-6.458000 6.458000 32.290000
-6.458000 58.122000 32.290000
45.206000 6.458000 32.290000
45.206000 58.122000 32.290000
-5.633959 7.282041 29.293488
-5.633959 58.946041 29.293488
46.030041 7.282041 29.293488
46.030041 58.946041 29.293488
-6.458000 6.458000 28.707102
-6.458000 58.122000 28.707102
45.206000 6.458000 28.707102
45.206000 58.122000 28.707102
-6.458000 6.458000 27.221762
-6.458000 58.122000 27.221762
45.206000 6.458000 27.221762
45.206000 58.122000 27.221762
-5.608127 7.307873 26.526881
-5.608127 58.971873 26.526881
46.055873 7.307873 26.526881
46.055873 58.971873 26.526881
-5.039823 7.876177 26.989274
46.624177 7.876177 26.989274
-7.579109 20.495109 31.168891
44.084891 20.495109 31.168891
-6.458000 19.374000 32.290000
45.206000 19.374000 32.290000
-7.282041 20.198041 29.293488
44.381959 20.198041 29.293488
-6.458000 19.374000 28.707102
45.206000 19.374000 28.707102
-6.458000 19.374000 27.221762
45.206000 19.374000 27.221762
-7.307873 20.223873 26.526881
44.356127 20.223873 26.526881
43.787823 20.792177 26.989274
31.168891 18.252891 31.168891
32.290000 19.374000 32.290000
31.465959 18.549959 29.293488
32.290000 19.374000 28.707102
32.290000 19.374000 27.221762
31.440127 18.524127 26.526881
30.871823 17.955823 26.989274
33.411109 20.495109 -5.336891
33.411109 20.495109 46.327109
32.290000 19.374000 -6.458000
32.290000 19.374000 45.206000
33.114041 20.198041 -3.461488
33.114041 20.198041 48.202512
32.290000 19.374000 -2.875102
32.290000 19.374000 48.788898
32.290000 19.374000 -1.389762
32.290000 19.374000 50.274238
33.139873 20.223873 -0.694881
33.139873 20.223873 50.969119
33.708177 20.792177 -1.157274
33.708177 20.792177 50.506726
31.168891 7.579109 -5.336891
31.168891 7.579109 46.327109
31.168891 59.243109 -5.336891
31.168891 59.243109 46.327109
32.290000 6.458000 -6.458000
32.290000 6.458000 45.206000
32.290000 58.122000 -6.458000
32.290000 58.122000 45.206000
31.465959 7.282041 -3.461488
31.465959 7.282041 48.202512
31.465959 58.946041 -3.461488
31.465959 58.946041 48.202512
32.290000 6.458000 -2.875102
32.290000 6.458000 48.788898
32.290000 58.122000 -2.875102
32.290000 58.122000 48.788898
32.290000 6.458000 -1.389762
32.290000 6.458000 50.274238
32.290000 58.122000 -1.389762
32.290000 58.122000 50.274238
31.440127 7.307873 -0.694881
31.440127 7.307873 50.969119
31.440127 58.971873 -0.694881
31.440127 58.971873 50.969119
30.871823 7.876177 -1.157274
30.871823 7.876177 50.506726
-7.579109 5.336891 -5.336891
-7.579109 5.336891 46.327109
-7.579109 57.000891 -5.336891
-7.579109 57.000891 46.327109
44.084891 5.336891 -5.336891
44.084891 5.336891 46.327109
44.084891 57.000891 -5.336891
44.084891 57.000891 46.327109
-6.458000 6.458000 -6.458000
-6.458000 6.458000 45.206000
-6.458000 58.122000 -6.458000
-6.458000 58.122000 45.206000
45.206000 6.458000 -6.458000
45.206000 6.458000 45.206000
45.206000 58.122000 -6.458000
45.206000 58.122000 45.206000
-7.282041 5.633959 -3.461488
-7.282041 5.633959 48.202512
-7.282041 57.297959 -3.461488
-7.282041 57.297959 48.202512
44.381959 5.633959 -3.461488
44.381959 5.633959 48.202512
44.381959 57.297959 -3.461488
44.381959 57.297959 48.202512
-6.458000 6.458000 -2.875102
-6.458000 6.458000 48.788898
-6.458000 58.122000 -2.875102
-6.458000 58.122000 48.788898
45.206000 6.458000 -2.875102
45.206000 6.458000 48.788898
45.206000 58.122000 -2.875102
45.206000 58.122000 48.788898
-6.458000 6.458000 -1.389762
-6.458000 6.458000 50.274238
-6.458000 58.122000 -1.389762
-6.458000 58.122000 50.274238
45.206000 6.458000 -1.389762
45.206000 6.458000 50.274238
45.206000 58.122000 -1.389762
45.206000 58.122000 50.274238
-7.307873 5.608127 -0.694881
-7.307873 5.608127 50.969119
-7.307873 57.272127 -0.694881
-7.307873 57.272127 50.969119
44.356127 5.608127 -0.694881
44.356127 5.608127 50.969119
44.356127 57.272127 -0.694881
44.356127 57.272127 50.969119
43.787823 5.039823 -1.157274
43.787823 5.039823 50.506726
43.787823 56.703823 -1.157274
43.787823 56.703823 50.506726
-5.336891 18.252891 -5.336891
-5.336891 18.252891 46.327109
46.327109 18.252891 -5.336891
46.327109 18.252891 46.327109
-6.458000 19.374000 -6.458000
-6.458000 19.374000 45.206000
45.206000 19.374000 -6.458000
45.206000 19.374000 45.206000
-5.633959 18.549959 -3.461488
-5.633959 18.549959 48.202512
46.030041 18.549959 -3.461488
46.030041 18.549959 48.202512
-6.458000 19.374000 -2.875102
-6.458000 19.374000 48.788898
45.206000 19.374000 -2.875102
45.206000 19.374000 48.788898
-6.458000 19.374000 -1.389762
-6.458000 19.374000 50.274238
45.206000 19.374000 -1.389762
45.206000 19.374000 50.274238
-5.608127 18.524127 -0.694881
-5.608127 18.524127 50.969119
46.055873 18.524127 -0.694881
46.055873 18.524127 50.969119
-5.039823 17.955823 -1.157274
-5.039823 17.955823 50.506726
46.624177 17.955823 -1.157274
46.624177 17.955823 50.506726
31.168891 7.579109 31.168891
31.168891 59.243109 31.168891
29.293488 7.282041 31.465959
29.293488 58.946041 31.465959
28.707102 6.458000 32.290000
28.707102 58.122000 32.290000
27.221762 6.458000 32.290000
27.221762 58.122000 32.290000
26.526881 7.307873 31.440127
26.526881 58.971873 31.440127
26.989274 7.876177 30.871823
-7.579109 5.336891 31.168891
-7.579109 57.000891 31.168891
44.084891 5.336891 31.168891
44.084891 57.000891 31.168891
-7.282041 3.461488 31.465959
-7.282041 55.125488 31.465959
44.381959 3.461488 31.465959
44.381959 55.125488 31.465959
-6.458000 2.875102 32.290000
-6.458000 54.539102 32.290000
45.206000 2.875102 32.290000
45.206000 54.539102 32.290000
-6.458000 1.389762 32.290000
-6.458000 53.053762 32.290000
45.206000 1.389762 32.290000
45.206000 53.053762 32.290000
-7.307873 0.694881 31.440127
-7.307873 52.358881 31.440127
44.356127 0.694881 31.440127
44.356127 52.358881 31.440127
43.787823 1.157274 30.871823
43.787823 52.821274 30.871823
-5.336891 18.252891 31.168891
46.327109 18.252891 31.168891
-3.461488 18.549959 31.465959
48.202512 18.549959 31.465959
-2.875102 19.374000 32.290000
48.788898 19.374000 32.290000
-1.389762 19.374000 32.290000
50.274238 19.374000 32.290000
-0.694881 18.524127 31.440127
50.969119 18.524127 31.440127
-1.157274 17.955823 30.871823
50.506726 17.955823 30.871823
33.411109 20.495109 31.168891
33.114041 22.370512 31.465959
32.290000 22.956898 32.290000
32.290000 24.442238 32.290000
33.139873 25.137119 31.440127
33.708177 24.674726 30.871823
31.168891 18.252891 -5.336891
31.168891 18.252891 46.327109
29.293488 18.549959 -5.633959
29.293488 18.549959 46.030041
28.707102 19.374000 -6.458000
28.707102 19.374000 45.206000
27.221762 19.374000 -6.458000
27.221762 19.374000 45.206000
26.526881 18.524127 -5.608127
26.526881 18.524127 46.055873
26.989274 17.955823 -5.039823
26.989274 17.955823 46.624177
33.411109 5.336891 -5.336891
33.411109 5.336891 46.327109
33.411109 57.000891 -5.336891
33.411109 57.000891 46.327109
33.114041 3.461488 -5.633959
33.114041 3.461488 46.030041
33.114041 55.125488 -5.633959
33.114041 55.125488 46.030041
32.290000 2.875102 -6.458000
32.290000 2.875102 45.206000
32.290000 54.539102 -6.458000
32.290000 54.539102 45.206000
32.290000 1.389762 -6.458000
32.290000 1.389762 45.206000
32.290000 53.053762 -6.458000
32.290000 53.053762 45.206000
33.139873 0.694881 -5.608127
33.139873 0.694881 46.055873
33.139873 52.358881 -5.608127
33.139873 52.358881 46.055873
33.708177 1.157274 -5.039823
33.708177 1.157274 46.624177
33.708177 52.821274 -5.039823
33.708177 52.821274 46.624177
-5.336891 7.579109 -5.336891
-5.336891 7.579109 46.327109
-5.336891 59.243109 -5.336891
-5.336891 59.243109 46.327109
46.327109 7.579109 -5.336891
46.327109 7.579109 46.327109
46.327109 59.243109 -5.336891
46.327109 59.243109 46.327109
-3.461488 7.282041 -5.633959
-3.461488 7.282041 46.030041
-3.461488 58.946041 -5.633959
-3.461488 58.946041 46.030041
48.202512 7.282041 -5.633959
48.202512 7.282041 46.030041
48.202512 58.946041 -5.633959
48.202512 58.946041 46.030041
-2.875102 6.458000 -6.458000
-2.875102 6.458000 45.206000
-2.875102 58.122000 -6.458000
-2.875102 58.122000 45.206000
48.788898 6.458000 -6.458000
48.788898 6.458000 45.206000
48.788898 58.122000 -6.458000
48.788898 58.122000 45.206000
-1.389762 6.458000 -6.458000
-1.389762 6.458000 45.206000
-1.389762 58.122000 -6.458000
-1.389762 58.122000 45.206000
50.274238 6.458000 -6.458000
50.274238 6.458000 45.206000
50.274238 58.122000 -6.458000
50.274238 58.122000 45.206000
-0.694881 7.307873 -5.608127
-0.694881 7.307873 46.055873
-0.694881 58.971873 -5.608127
-0.694881 58.971873 46.055873
50.969119 7.307873 -5.608127
50.969119 7.307873 46.055873
50.969119 58.971873 -5.608127
50.969119 58.971873 46.055873
-1.157274 7.876177 -5.039823
-1.157274 7.876177 46.624177
50.506726 7.876177 -5.039823
50.506726 7.876177 46.624177
-7.579109 20.495109 -5.336891
-7.579109 20.495109 46.327109
44.084891 20.495109 -5.336891
44.084891 20.495109 46.327109
-7.282041 22.370512 -5.633959
-7.282041 22.370512 46.030041
44.381959 22.370512 -5.633959
44.381959 22.370512 46.030041
-6.458000 22.956898 -6.458000
-6.458000 22.956898 45.206000
45.206000 22.956898 -6.458000
45.206000 22.956898 45.206000
-6.458000 24.442238 -6.458000
-6.458000 24.442238 45.206000
45.206000 24.442238 -6.458000
45.206000 24.442238 45.206000
-7.307873 25.137119 -5.608127
-7.307873 25.137119 46.055873
44.356127 25.137119 -5.608127
44.356127 25.137119 46.055873
43.787823 24.674726 -5.039823
43.787823 24.674726 46.624177
31.168891 5.336891 33.411109
31.168891 57.000891 33.411109
31.465959 3.461488 33.114041
31.465959 55.125488 33.114041
32.290000 2.875102 32.290000
32.290000 54.539102 32.290000
32.290000 1.389762 32.290000
32.290000 53.053762 32.290000
31.440127 0.694881 33.139873
31.440127 52.358881 33.139873
30.871823 1.157274 33.708177
30.871823 52.821274 33.708177
31.168891 20.495109 -7.579109
31.168891 20.495109 44.084891
31.465959 22.370512 -7.282041
31.465959 22.370512 44.381959
32.290000 22.956898 -6.458000
32.290000 22.956898 45.206000
32.290000 24.442238 -6.458000
32.290000 24.442238 45.206000
31.440127 25.137119 -7.307873
31.440127 25.137119 44.356127
30.871823 24.674726 43.787823
31.168891 5.336891 -7.579109
31.168891 5.336891 44.084891
31.168891 57.000891 -7.579109
31.168891 57.000891 44.084891
29.293488 5.633959 -7.282041
29.293488 5.633959 44.381959
29.293488 57.297959 -7.282041
29.293488 57.297959 44.381959
28.707102 6.458000 -6.458000
28.707102 6.458000 45.206000
28.707102 58.122000 -6.458000
28.707102 58.122000 45.206000
27.221762 6.458000 -6.458000
27.221762 6.458000 45.206000
27.221762 58.122000 -6.458000
27.221762 58.122000 45.206000
26.526881 5.608127 -7.307873
26.526881 5.608127 44.356127
26.526881 57.272127 -7.307873
26.526881 57.272127 44.356127
26.989274 5.039823 43.787823
26.989274 56.703823 43.787823
-5.336891 5.336891 -7.579109
-5.336891 5.336891 44.084891
-5.336891 57.000891 -7.579109
-5.336891 57.000891 44.084891
46.327109 5.336891 -7.579109
46.327109 5.336891 44.084891
46.327109 57.000891 -7.579109
46.327109 57.000891 44.084891
-5.633959 3.461488 -7.282041
-5.633959 3.461488 44.381959
-5.633959 55.125488 -7.282041
-5.633959 55.125488 44.381959
46.030041 3.461488 -7.282041
46.030041 3.461488 44.381959
46.030041 55.125488 -7.282041
46.030041 55.125488 44.381959
-6.458000 2.875102 -6.458000
-6.458000 2.875102 45.206000
-6.458000 54.539102 -6.458000
-6.458000 54.539102 45.206000
45.206000 2.875102 -6.458000
45.206000 2.875102 45.206000
45.206000 54.539102 -6.458000
45.206000 54.539102 45.206000
-6.458000 1.389762 -6.458000
-6.458000 1.389762 45.206000
-6.458000 53.053762 -6.458000
-6.458000 53.053762 45.206000
45.206000 1.389762 -6.458000
45.206000 1.389762 45.206000
45.206000 53.053762 -6.458000
45.206000 53.053762 45.206000
-5.608127 0.694881 -7.307873
-5.608127 0.694881 44.356127
-5.608127 52.358881 -7.307873
-5.608127 52.358881 44.356127
46.055873 0.694881 -7.307873
46.055873 0.694881 44.356127
46.055873 52.358881 -7.307873
46.055873 52.358881 44.356127
-5.039823 1.157274 43.787823
-5.039823 52.821274 43.787823
46.624177 1.157274 43.787823
46.624177 52.821274 43.787823
-5.336891 20.495109 -7.579109
-5.336891 20.495109 44.084891
46.327109 20.495109 -7.579109
46.327109 20.495109 44.084891
-3.461488 20.198041 -7.282041
-3.461488 20.198041 44.381959
48.202512 20.198041 -7.282041
48.202512 20.198041 44.381959
-2.875102 19.374000 -6.458000
-2.875102 19.374000 45.206000
48.788898 19.374000 -6.458000
48.788898 19.374000 45.206000
-1.389762 19.374000 -6.458000
-1.389762 19.374000 45.206000
50.274238 19.374000 -6.458000
50.274238 19.374000 45.206000
-0.694881 20.223873 -7.307873
-0.694881 20.223873 44.356127
50.969119 20.223873 -7.307873
50.969119 20.223873 44.356127
-1.157274 20.792177 43.787823
50.506726 20.792177 43.787823
-5.336891 20.495109 33.411109
46.327109 20.495109 33.411109
-5.633959 22.370512 33.114041
46.030041 22.370512 33.114041
-6.458000 22.956898 32.290000
45.206000 22.956898 32.290000
-6.458000 24.442238 32.290000
45.206000 24.442238 32.290000
-5.608127 25.137119 33.139873
46.055873 25.137119 33.139873
-5.039823 24.674726 33.708177
46.624177 24.674726 33.708177
31.168891 20.495109 33.411109
29.293488 20.198041 33.114041
28.707102 19.374000 32.290000
27.221762 19.374000 32.290000
26.526881 20.223873 33.139873
26.989274 20.792177 33.708177
-5.336891 5.336891 33.411109
-5.336891 57.000891 33.411109
46.327109 5.336891 33.411109
46.327109 57.000891 33.411109
-3.461488 5.633959 33.114041
-3.461488 57.297959 33.114041
48.202512 5.633959 33.114041
48.202512 57.297959 33.114041
-2.875102 6.458000 32.290000
-2.875102 58.122000 32.290000
48.788898 6.458000 32.290000
48.788898 58.122000 32.290000
-1.389762 6.458000 32.290000
-1.389762 58.122000 32.290000
50.274238 6.458000 32.290000
50.274238 58.122000 32.290000
-0.694881 5.608127 33.139873
-0.694881 57.272127 33.139873
50.969119 5.608127 33.139873
50.969119 57.272127 33.139873
-1.157274 5.039823 33.708177
-1.157274 56.703823 33.708177
50.506726 5.039823 33.708177
50.506726 56.703823 33.708177
-7.282041 20.198041 -3.461488
-7.282041 20.198041 48.202512
44.381959 20.198041 -3.461488
44.381959 20.198041 48.202512
-7.307873 20.223873 -0.694881
-7.307873 20.223873 50.969119
44.356127 20.223873 -0.694881
44.356127 20.223873 50.969119
43.787823 20.792177 -1.157274
43.787823 20.792177 50.506726
31.465959 18.549959 -3.461488
31.465959 18.549959 48.202512
31.440127 18.524127 -0.694881
31.440127 18.524127 50.969119
30.871823 17.955823 -1.157274
30.871823 17.955823 50.506726
33.114041 5.633959 -3.461488
33.114041 5.633959 48.202512
33.114041 57.297959 -3.461488
33.114041 57.297959 48.202512
33.139873 5.608127 -0.694881
33.139873 5.608127 50.969119
33.139873 57.272127 -0.694881
33.139873 57.272127 50.969119
33.708177 5.039823 -1.157274
33.708177 5.039823 50.506726
33.708177 56.703823 -1.157274
33.708177 56.703823 50.506726
-5.633959 7.282041 -3.461488
-5.633959 7.282041 48.202512
-5.633959 58.946041 -3.461488
-5.633959 58.946041 48.202512
46.030041 7.282041 -3.461488
46.030041 7.282041 48.202512
46.030041 58.946041 -3.461488
46.030041 58.946041 48.202512
-5.608127 7.307873 -0.694881
-5.608127 7.307873 50.969119
-5.608127 58.971873 -0.694881
-5.608127 58.971873 50.969119
46.055873 7.307873 -0.694881
46.055873 7.307873 50.969119
46.055873 58.971873 -0.694881
46.055873 58.971873 50.969119
-5.039823 7.876177 -1.157274
-5.039823 7.876177 50.506726
46.624177 7.876177 -1.157274
46.624177 7.876177 50.506726
-7.282041 5.633959 29.293488
-7.282041 57.297959 29.293488
44.381959 5.633959 29.293488
44.381959 57.297959 29.293488
-7.307873 5.608127 26.526881
-7.307873 57.272127 26.526881
44.356127 5.608127 26.526881
44.356127 57.272127 26.526881
43.787823 5.039823 26.989274
43.787823 56.703823 26.989274
-5.633959 18.549959 29.293488
46.030041 18.549959 29.293488
-5.608127 18.524127 26.526881
46.055873 18.524127 26.526881
-5.039823 17.955823 26.989274
46.624177 17.955823 26.989274
33.114041 20.198041 29.293488
33.139873 20.223873 26.526881
33.708177 20.792177 26.989274
31.465959 7.282041 29.293488
31.465959 58.946041 29.293488
31.440127 7.307873 26.526881
31.440127 58.971873 26.526881
30.871823 7.876177 26.989274
-3.461488 18.549959 -5.633959
-3.461488 18.549959 46.030041
48.202512 18.549959 -5.633959
48.202512 18.549959 46.030041
-0.694881 18.524127 -5.608127
-0.694881 18.524127 46.055873
50.969119 18.524127 -5.608127
50.969119 18.524127 46.055873
-1.157274 17.955823 -5.039823
-1.157274 17.955823 46.624177
50.506726 17.955823 -5.039823
50.506726 17.955823 46.624177
33.114041 22.370512 -5.633959
33.114041 22.370512 46.030041
33.139873 25.137119 -5.608127
33.139873 25.137119 46.055873
33.708177 24.674726 -5.039823
33.708177 24.674726 46.624177
29.293488 7.282041 -5.633959
29.293488 7.282041 46.030041
29.293488 58.946041 -5.633959
29.293488 58.946041 46.030041
26.526881 7.307873 -5.608127
26.526881 7.307873 46.055873
26.526881 58.971873 -5.608127
26.526881 58.971873 46.055873
26.989274 7.876177 -5.039823
26.989274 7.876177 46.624177
-7.282041 3.461488 -5.633959
-7.282041 3.461488 46.030041
-7.282041 55.125488 -5.633959
-7.282041 55.125488 46.030041
44.381959 3.461488 -5.633959
44.381959 3.461488 46.030041
44.381959 55.125488 -5.633959
44.381959 55.125488 46.030041
-7.307873 0.694881 -5.608127
-7.307873 0.694881 46.055873
-7.307873 52.358881 -5.608127
-7.307873 52.358881 46.055873
44.356127 0.694881 -5.608127
44.356127 0.694881 46.055873
44.356127 52.358881 -5.608127
44.356127 52.358881 46.055873
43.787823 1.157274 -5.039823
43.787823 1.157274 46.624177
43.787823 52.821274 -5.039823
43.787823 52.821274 46.624177
-3.461488 7.282041 31.465959
-3.461488 58.946041 31.465959
48.202512 7.282041 31.465959
48.202512 58.946041 31.465959
-0.694881 7.307873 31.440127
-0.694881 58.971873 31.440127
50.969119 7.307873 31.440127
50.969119 58.971873 31.440127
-1.157274 7.876177 30.871823
50.506726 7.876177 30.871823
-7.282041 22.370512 31.465959
44.381959 22.370512 31.465959
-7.307873 25.137119 31.440127
44.356127 25.137119 31.440127
43.787823 24.674726 30.871823
29.293488 18.549959 31.465959
26.526881 18.524127 31.440127
26.989274 17.955823 30.871823
33.114041 3.461488 31.465959
33.114041 55.125488 31.465959
33.139873 0.694881 31.440127
33.139873 52.358881 31.440127
33.708177 1.157274 30.871823
33.708177 52.821274 30.871823
-5.633959 22.370512 -7.282041
-5.633959 22.370512 44.381959
46.030041 22.370512 -7.282041
46.030041 22.370512 44.381959
-5.608127 25.137119 -7.307873
-5.608127 25.137119 44.356127
46.055873 25.137119 -7.307873
46.055873 25.137119 44.356127
-5.039823 24.674726 43.787823
46.624177 24.674726 43.787823
-5.633959 3.461488 33.114041
-5.633959 55.125488 33.114041
46.030041 3.461488 33.114041
46.030041 55.125488 33.114041
-5.608127 0.694881 33.139873
-5.608127 52.358881 33.139873
46.055873 0.694881 33.139873
46.055873 52.358881 33.139873
-5.039823 1.157274 33.708177
-5.039823 52.821274 33.708177
46.624177 1.157274 33.708177
46.624177 52.821274 33.708177
-3.461488 20.198041 33.114041
48.202512 20.198041 33.114041
-0.694881 20.223873 33.139873
50.969119 20.223873 33.139873
-1.157274 20.792177 33.708177
50.506726 20.792177 33.708177
31.465959 22.370512 33.114041
31.440127 25.137119 33.139873
30.871823 24.674726 33.708177
29.293488 5.633959 33.114041
29.293488 57.297959 33.114041
26.526881 5.608127 33.139873
26.526881 57.272127 33.139873
26.989274 5.039823 33.708177
26.989274 56.703823 33.708177
31.465959 3.461488 -7.282041
31.465959 3.461488 44.381959
31.465959 55.125488 -7.282041
31.465959 55.125488 44.381959
31.440127 0.694881 -7.307873
31.440127 0.694881 44.356127
31.440127 52.358881 -7.307873
31.440127 52.358881 44.356127
30.871823 1.157274 43.787823
30.871823 52.821274 43.787823
-3.461488 5.633959 -7.282041
-3.461488 5.633959 44.381959
-3.461488 57.297959 -7.282041
-3.461488 57.297959 44.381959
48.202512 5.633959 -7.282041
48.202512 5.633959 44.381959
48.202512 57.297959 -7.282041
48.202512 57.297959 44.381959
-0.694881 5.608127 -7.307873
-0.694881 5.608127 44.356127
-0.694881 57.272127 -7.307873
-0.694881 57.272127 44.356127
50.969119 5.608127 -7.307873
50.969119 5.608127 44.356127
50.969119 57.272127 -7.307873
50.969119 57.272127 44.356127
-1.157274 5.039823 43.787823
-1.157274 56.703823 43.787823
50.506726 5.039823 43.787823
50.506726 56.703823 43.787823
29.293488 20.198041 -7.282041
29.293488 20.198041 44.381959
26.526881 20.223873 -7.307873
26.526881 20.223873 44.356127
26.989274 20.792177 43.787823
33.411109 18.252891 -7.579109
33.411109 18.252891 44.084891
33.114041 18.549959 42.209488
32.290000 19.374000 41.623102
32.290000 19.374000 40.137762
33.139873 18.524127 39.442881
33.708177 17.955823 39.905274
-5.633959 20.198041 42.209488
46.030041 20.198041 42.209488
-6.458000 19.374000 41.623102
45.206000 19.374000 41.623102
-6.458000 19.374000 40.137762
45.206000 19.374000 40.137762
-5.608127 20.223873 39.442881
46.055873 20.223873 39.442881
-5.039823 20.792177 39.905274
46.624177 20.792177 39.905274
-7.579109 7.579109 -7.579109
-7.579109 7.579109 44.084891
-7.579109 59.243109 -7.579109
-7.579109 59.243109 44.084891
44.084891 7.579109 -7.579109
44.084891 7.579109 44.084891
44.084891 59.243109 -7.579109
44.084891 59.243109 44.084891
-7.282041 7.282041 42.209488
-7.282041 58.946041 42.209488
44.381959 7.282041 42.209488
44.381959 58.946041 42.209488
-6.458000 6.458000 41.623102
-6.458000 58.122000 41.623102
45.206000 6.458000 41.623102
45.206000 58.122000 41.623102
-6.458000 6.458000 40.137762
-6.458000 58.122000 40.137762
45.206000 6.458000 40.137762
45.206000 58.122000 40.137762
-7.307873 7.307873 39.442881
-7.307873 58.971873 39.442881
44.356127 7.307873 39.442881
44.356127 58.971873 39.442881
43.787823 7.876177 39.905274
31.465959 5.633959 42.209488
31.465959 57.297959 42.209488
32.290000 6.458000 41.623102
32.290000 58.122000 41.623102
32.290000 6.458000 40.137762
32.290000 58.122000 40.137762
31.440127 5.608127 39.442881
31.440127 57.272127 39.442881
30.871823 5.039823 39.905274
30.871823 56.703823 39.905274
33.411109 7.579109 33.411109
33.411109 59.243109 33.411109
33.114041 7.282041 35.286512
33.114041 58.946041 35.286512
32.290000 6.458000 35.872898
32.290000 58.122000 35.872898
32.290000 6.458000 37.358238
32.290000 58.122000 37.358238
33.139873 7.307873 38.053119
33.139873 58.971873 38.053119
33.708177 7.876177 37.590726
31.465959 20.198041 35.286512
32.290000 19.374000 35.872898
32.290000 19.374000 37.358238
31.440127 20.223873 38.053119
30.871823 20.792177 37.590726
-7.579109 18.252891 33.411109
44.084891 18.252891 33.411109
-7.282041 18.549959 35.286512
44.381959 18.549959 35.286512
-6.458000 19.374000 35.872898
45.206000 19.374000 35.872898
-6.458000 19.374000 37.358238
45.206000 19.374000 37.358238
-7.307873 18.524127 38.053119
44.356127 18.524127 38.053119
43.787823 17.955823 37.590726
-5.633959 5.633959 35.286512
-5.633959 57.297959 35.286512
46.030041 5.633959 35.286512
46.030041 57.297959 35.286512
-6.458000 6.458000 35.872898
-6.458000 58.122000 35.872898
45.206000 6.458000 35.872898
45.206000 58.122000 35.872898
-6.458000 6.458000 37.358238
-6.458000 58.122000 37.358238
45.206000 6.458000 37.358238
45.206000 58.122000 37.358238
-5.608127 5.608127 38.053119
-5.608127 57.272127 38.053119
46.055873 5.608127 38.053119
46.055873 57.272127 38.053119
-5.039823 5.039823 37.590726
-5.039823 56.703823 37.590726
46.624177 5.039823 37.590726
46.624177 56.703823 37.590726
-7.579109 18.252891 -7.579109
-7.579109 18.252891 44.084891
44.084891 18.252891 -7.579109
44.084891 18.252891 44.084891
-7.282041 16.377488 -7.282041
-7.282041 16.377488 44.381959
44.381959 16.377488 -7.282041
44.381959 16.377488 44.381959
-6.458000 15.791102 -6.458000
-6.458000 15.791102 45.206000
45.206000 15.791102 -6.458000
45.206000 15.791102 45.206000
-6.458000 14.305762 -6.458000
-6.458000 14.305762 45.206000
45.206000 14.305762 -6.458000
45.206000 14.305762 45.206000
-7.307873 13.610881 -7.307873
-7.307873 13.610881 44.356127
44.356127 13.610881 -7.307873
44.356127 13.610881 44.356127
43.787823 14.073274 43.787823
33.411109 7.579109 -7.579109
33.411109 7.579109 44.084891
33.411109 59.243109 -7.579109
33.411109 59.243109 44.084891
33.114041 9.454512 -7.282041
33.114041 9.454512 44.381959
32.290000 10.040898 -6.458000
32.290000 10.040898 45.206000
32.290000 11.526238 -6.458000
32.290000 11.526238 45.206000
33.139873 12.221119 -7.307873
33.139873 12.221119 44.356127
33.708177 11.758726 43.787823
33.411109 18.252891 33.411109
33.114041 16.377488 33.114041
32.290000 15.791102 32.290000
32.290000 14.305762 32.290000
33.139873 13.610881 33.139873
33.708177 14.073274 33.708177
-7.579109 7.579109 33.411109
-7.579109 59.243109 33.411109
44.084891 7.579109 33.411109
44.084891 59.243109 33.411109
-7.282041 9.454512 33.114041
44.381959 9.454512 33.114041
-6.458000 10.040898 32.290000
45.206000 10.040898 32.290000
-6.458000 11.526238 32.290000
45.206000 11.526238 32.290000
-7.307873 12.221119 33.139873
44.356127 12.221119 33.139873
43.787823 11.758726 33.708177
31.465959 16.377488 -5.633959
31.465959 16.377488 46.030041
32.290000 15.791102 -6.458000
32.290000 15.791102 45.206000
32.290000 14.305762 -6.458000
32.290000 14.305762 45.206000
31.440127 13.610881 -5.608127
31.440127 13.610881 46.055873
30.871823 14.073274 -5.039823
30.871823 14.073274 46.624177
31.465959 9.454512 31.465959
32.290000 10.040898 32.290000
32.290000 11.526238 32.290000
31.440127 12.221119 31.440127
30.871823 11.758726 30.871823
-5.633959 16.377488 31.465959
46.030041 16.377488 31.465959
-6.458000 15.791102 32.290000
45.206000 15.791102 32.290000
-6.458000 14.305762 32.290000
45.206000 14.305762 32.290000
-5.608127 13.610881 31.440127
46.055873 13.610881 31.440127
-5.039823 14.073274 30.871823
46.624177 14.073274 30.871823
-5.633959 9.454512 -5.633959
-5.633959 9.454512 46.030041
46.030041 9.454512 -5.633959
46.030041 9.454512 46.030041
-6.458000 10.040898 -6.458000
-6.458000 10.040898 45.206000
45.206000 10.040898 -6.458000
45.206000 10.040898 45.206000
-6.458000 11.526238 -6.458000
-6.458000 11.526238 45.206000
45.206000 11.526238 -6.458000
45.206000 11.526238 45.206000
-5.608127 12.221119 -5.608127
-5.608127 12.221119 46.055873
46.055873 12.221119 -5.608127
46.055873 12.221119 46.055873
-5.039823 11.758726 -5.039823
-5.039823 11.758726 46.624177
46.624177 11.758726 -5.039823
46.624177 11.758726 46.624177
-7.282041 7.282041 35.286512
-7.282041 58.946041 35.286512
44.381959 7.282041 35.286512
44.381959 58.946041 35.286512
-7.307873 7.307873 38.053119
-7.307873 58.971873 38.053119
44.356127 7.307873 38.053119
44.356127 58.971873 38.053119
43.787823 7.876177 37.590726
31.465959 5.633959 35.286512
31.465959 57.297959 35.286512
31.440127 5.608127 38.053119
31.440127 57.272127 38.053119
30.871823 5.039823 37.590726
30.871823 56.703823 37.590726
33.114041 18.549959 35.286512
33.139873 18.524127 38.053119
33.708177 17.955823 37.590726
-5.633959 20.198041 35.286512
46.030041 20.198041 35.286512
-5.608127 20.223873 38.053119
46.055873 20.223873 38.053119
-5.039823 20.792177 37.590726
46.624177 20.792177 37.590726
-7.282041 18.549959 42.209488
44.381959 18.549959 42.209488
-7.307873 18.524127 39.442881
44.356127 18.524127 39.442881
43.787823 17.955823 39.905274
-5.633959 5.633959 42.209488
-5.633959 57.297959 42.209488
46.030041 5.633959 42.209488
46.030041 57.297959 42.209488
-5.608127 5.608127 39.442881
-5.608127 57.272127 39.442881
46.055873 5.608127 39.442881
46.055873 57.272127 39.442881
-5.039823 5.039823 39.905274
-5.039823 56.703823 39.905274
46.624177 5.039823 39.905274
46.624177 56.703823 39.905274
33.114041 7.282041 42.209488
33.114041 58.946041 42.209488
33.139873 7.307873 39.442881
33.139873 58.971873 39.442881
33.708177 7.876177 39.905274
31.465959 20.198041 42.209488
31.440127 20.223873 39.442881
30.871823 20.792177 39.905274
33.114041 9.454512 33.114041
33.139873 12.221119 33.139873
33.708177 11.758726 33.708177
-7.282041 16.377488 33.114041
44.381959 16.377488 33.114041
-7.307873 13.610881 33.139873
44.356127 13.610881 33.139873
43.787823 14.073274 33.708177
-7.282041 9.454512 -7.282041
-7.282041 9.454512 44.381959
44.381959 9.454512 -7.282041
44.381959 9.454512 44.381959
-7.307873 12.221119 -7.307873
-7.307873 12.221119 44.356127
44.356127 12.221119 -7.307873
44.356127 12.221119 44.356127
43.787823 11.758726 43.787823
33.114041 16.377488 -7.282041
33.114041 16.377488 44.381959
33.139873 13.610881 -7.307873
33.139873 13.610881 44.356127
33.708177 14.073274 43.787823
-5.633959 9.454512 31.465959
46.030041 9.454512 31.465959
-5.608127 12.221119 31.440127
46.055873 12.221119 31.440127
-5.039823 11.758726 30.871823
46.624177 11.758726 30.871823
-5.633959 16.377488 -5.633959
-5.633959 16.377488 46.030041
46.030041 16.377488 -5.633959
46.030041 16.377488 46.030041
-5.608127 13.610881 -5.608127
-5.608127 13.610881 46.055873
46.055873 13.610881 -5.608127
46.055873 13.610881 46.055873
-5.039823 14.073274 -5.039823
-5.039823 14.073274 46.624177
46.624177 14.073274 -5.039823
46.624177 14.073274 46.624177
31.465959 9.454512 -5.633959
31.465959 9.454512 46.030041
31.440127 12.221119 -5.608127
31.440127 12.221119 46.055873
30.871823 11.758726 -5.039823
30.871823 11.758726 46.624177
31.465959 16.377488 31.465959
31.440127 13.610881 31.440127
30.871823 14.073274 30.871823
42.209488 7.282041 -7.282041
42.209488 7.282041 44.381959
42.209488 58.946041 -7.282041
42.209488 58.946041 44.381959
41.623102 6.458000 -6.458000
41.623102 6.458000 45.206000
41.623102 58.122000 -6.458000
41.623102 58.122000 45.206000
40.137762 6.458000 -6.458000
40.137762 6.458000 45.206000
40.137762 58.122000 -6.458000
40.137762 58.122000 45.206000
39.442881 7.307873 -7.307873
39.442881 7.307873 44.356127
39.442881 58.971873 -7.307873
39.442881 58.971873 44.356127
39.905274 7.876177 43.787823
35.286512 18.549959 -7.282041
35.286512 18.549959 44.381959
35.872898 19.374000 -6.458000
35.872898 19.374000 45.206000
37.358238 19.374000 -6.458000
37.358238 19.374000 45.206000
38.053119 18.524127 -7.307873
38.053119 18.524127 44.356127
37.590726 17.955823 43.787823
42.209488 18.549959 33.114041
41.623102 19.374000 32.290000
40.137762 19.374000 32.290000
39.442881 18.524127 33.139873
39.905274 17.955823 33.708177
35.286512 7.282041 33.114041
35.286512 58.946041 33.114041
35.872898 6.458000 32.290000
35.872898 58.122000 32.290000
37.358238 6.458000 32.290000
37.358238 58.122000 32.290000
38.053119 7.307873 33.139873
38.053119 58.971873 33.139873
37.590726 7.876177 33.708177
42.209488 5.633959 31.465959
42.209488 57.297959 31.465959
41.623102 6.458000 32.290000
41.623102 58.122000 32.290000
40.137762 6.458000 32.290000
40.137762 58.122000 32.290000
39.442881 5.608127 31.440127
39.442881 57.272127 31.440127
39.905274 5.039823 30.871823
39.905274 56.703823 30.871823
35.286512 20.198041 31.465959
35.872898 19.374000 32.290000
37.358238 19.374000 32.290000
38.053119 20.223873 31.440127
37.590726 20.792177 30.871823
42.209488 20.198041 -5.633959
42.209488 20.198041 46.030041
41.623102 19.374000 -6.458000
41.623102 19.374000 45.206000
40.137762 19.374000 -6.458000
40.137762 19.374000 45.206000
39.442881 20.223873 -5.608127
39.442881 20.223873 46.055873
39.905274 20.792177 -5.039823
39.905274 20.792177 46.624177
35.286512 5.633959 -5.633959
35.286512 5.633959 46.030041
35.286512 57.297959 -5.633959
35.286512 57.297959 46.030041
35.872898 6.458000 -6.458000
35.872898 6.458000 45.206000
35.872898 58.122000 -6.458000
35.872898 58.122000 45.206000
37.358238 6.458000 -6.458000
37.358238 6.458000 45.206000
37.358238 58.122000 -6.458000
37.358238 58.122000 45.206000
38.053119 5.608127 -5.608127
38.053119 5.608127 46.055873
38.053119 57.272127 -5.608127
38.053119 57.272127 46.055873
37.590726 5.039823 -5.039823
37.590726 5.039823 46.624177
37.590726 56.703823 -5.039823
37.590726 56.703823 46.624177
35.286512 18.549959 33.114041
38.053119 18.524127 33.139873
37.590726 17.955823 33.708177
42.209488 7.282041 33.114041
42.209488 58.946041 33.114041
39.442881 7.307873 33.139873
39.442881 58.971873 33.139873
39.905274 7.876177 33.708177
35.286512 7.282041 -7.282041
35.286512 7.282041 44.381959
35.286512 58.946041 -7.282041
35.286512 58.946041 44.381959
38.053119 7.307873 -7.307873
38.053119 7.307873 44.356127
38.053119 58.971873 -7.307873
38.053119 58.971873 44.356127
37.590726 7.876177 43.787823
42.209488 18.549959 -7.282041
42.209488 18.549959 44.381959
39.442881 18.524127 -7.307873
39.442881 18.524127 44.356127
39.905274 17.955823 43.787823
35.286512 20.198041 -5.633959
35.286512 20.198041 46.030041
38.053119 20.223873 -5.608127
38.053119 20.223873 46.055873
37.590726 20.792177 -5.039823
37.590726 20.792177 46.624177
42.209488 5.633959 -5.633959
42.209488 5.633959 46.030041
42.209488 57.297959 -5.633959
42.209488 57.297959 46.030041
39.442881 5.608127 -5.608127
39.442881 5.608127 46.055873
39.442881 57.272127 -5.608127
39.442881 57.272127 46.055873
39.905274 5.039823 -5.039823
39.905274 5.039823 46.624177
39.905274 56.703823 -5.039823
39.905274 56.703823 46.624177
35.286512 5.633959 31.465959
35.286512 57.297959 31.465959
38.053119 5.608127 31.440127
38.053119 57.272127 31.440127
37.590726 5.039823 30.871823
37.590726 56.703823 30.871823
42.209488 20.198041 31.465959
39.442881 20.223873 31.440127
39.905274 20.792177 30.871823
33.411109 31.168891 5.336891
33.411109 31.168891 57.000891
32.290000 32.290000 6.458000
32.290000 32.290000 58.122000
33.114041 31.465959 3.461488
33.114041 31.465959 55.125488
32.290000 32.290000 2.875102
32.290000 32.290000 54.539102
32.290000 32.290000 1.389762
32.290000 32.290000 53.053762
33.139873 31.440127 0.694881
33.139873 31.440127 52.358881
33.708177 30.871823 1.157274
33.708177 30.871823 52.821274
-5.336891 33.411109 5.336891
-5.336891 33.411109 57.000891
46.327109 33.411109 5.336891
46.327109 33.411109 57.000891
-6.458000 32.290000 6.458000
-6.458000 32.290000 58.122000
45.206000 32.290000 6.458000
45.206000 32.290000 58.122000
-5.633959 33.114041 3.461488
-5.633959 33.114041 55.125488
46.030041 33.114041 3.461488
46.030041 33.114041 55.125488
-6.458000 32.290000 2.875102
-6.458000 32.290000 54.539102
45.206000 32.290000 2.875102
45.206000 32.290000 54.539102
-6.458000 32.290000 1.389762
-6.458000 32.290000 53.053762
45.206000 32.290000 1.389762
45.206000 32.290000 53.053762
-5.608127 33.139873 0.694881
-5.608127 33.139873 52.358881
46.055873 33.139873 0.694881
46.055873 33.139873 52.358881
-5.039823 33.708177 1.157274
-5.039823 33.708177 52.821274
46.624177 33.708177 1.157274
46.624177 33.708177 52.821274
-7.579109 -5.336891 5.336891
-7.579109 -5.336891 57.000891
-7.579109 46.327109 5.336891
-7.579109 46.327109 57.000891
44.084891 -5.336891 5.336891
44.084891 -5.336891 57.000891
44.084891 46.327109 5.336891
44.084891 46.327109 57.000891
-6.458000 -6.458000 6.458000
-6.458000 -6.458000 58.122000
-6.458000 45.206000 6.458000
-6.458000 45.206000 58.122000
45.206000 -6.458000 6.458000
45.206000 -6.458000 58.122000
45.206000 45.206000 6.458000
45.206000 45.206000 58.122000
-7.282041 -5.633959 3.461488
-7.282041 -5.633959 55.125488
-7.282041 46.030041 3.461488
-7.282041 46.030041 55.125488
44.381959 -5.633959 3.461488
44.381959 -5.633959 55.125488
44.381959 46.030041 3.461488
44.381959 46.030041 55.125488
-6.458000 -6.458000 2.875102
-6.458000 -6.458000 54.539102
-6.458000 45.206000 2.875102
-6.458000 45.206000 54.539102
45.206000 -6.458000 2.875102
45.206000 -6.458000 54.539102
45.206000 45.206000 2.875102
45.206000 45.206000 54.539102
-6.458000 -6.458000 1.389762
-6.458000 -6.458000 53.053762
-6.458000 45.206000 1.389762
-6.458000 45.206000 53.053762
45.206000 -6.458000 1.389762
45.206000 -6.458000 53.053762
45.206000 45.206000 1.389762
45.206000 45.206000 53.053762
-7.307873 -5.608127 0.694881
-7.307873 -5.608127 52.358881
-7.307873 46.055873 0.694881
-7.307873 46.055873 52.358881
44.356127 -5.608127 0.694881
44.356127 -5.608127 52.358881
44.356127 46.055873 0.694881
44.356127 46.055873 52.358881
43.787823 -5.039823 1.157274
43.787823 -5.039823 52.821274
43.787823 46.624177 1.157274
43.787823 46.624177 52.821274
31.168891 -7.579109 5.336891
31.168891 -7.579109 57.000891
31.168891 44.084891 5.336891
31.168891 44.084891 57.000891
32.290000 -6.458000 6.458000
32.290000 -6.458000 58.122000
32.290000 45.206000 6.458000
32.290000 45.206000 58.122000
31.465959 -7.282041 3.461488
31.465959 -7.282041 55.125488
31.465959 44.381959 3.461488
31.465959 44.381959 55.125488
32.290000 -6.458000 2.875102
32.290000 -6.458000 54.539102
32.290000 45.206000 2.875102
32.290000 45.206000 54.539102
32.290000 -6.458000 1.389762
32.290000 -6.458000 53.053762
32.290000 45.206000 1.389762
32.290000 45.206000 53.053762
31.440127 -7.307873 0.694881
31.440127 -7.307873 52.358881
31.440127 44.356127 0.694881
31.440127 44.356127 52.358881
30.871823 43.787823 1.157274
30.871823 43.787823 52.821274
33.411109 -5.336891 20.495109
33.411109 46.327109 20.495109
32.290000 -6.458000 19.374000
32.290000 45.206000 19.374000
33.114041 -5.633959 22.370512
33.114041 46.030041 22.370512
32.290000 -6.458000 22.956898
32.290000 45.206000 22.956898
32.290000 -6.458000 24.442238
32.290000 45.206000 24.442238
33.139873 -5.608127 25.137119
33.139873 46.055873 25.137119
33.708177 -5.039823 24.674726
33.708177 46.624177 24.674726
31.168891 33.411109 20.495109
32.290000 32.290000 19.374000
31.465959 33.114041 22.370512
32.290000 32.290000 22.956898
32.290000 32.290000 24.442238
31.440127 33.139873 25.137119
30.871823 33.708177 24.674726
-7.579109 31.168891 20.495109
44.084891 31.168891 20.495109
-6.458000 32.290000 19.374000
45.206000 32.290000 19.374000
-7.282041 31.465959 22.370512
44.381959 31.465959 22.370512
-6.458000 32.290000 22.956898
45.206000 32.290000 22.956898
-6.458000 32.290000 24.442238
45.206000 32.290000 24.442238
-7.307873 31.440127 25.137119
44.356127 31.440127 25.137119
43.787823 30.871823 24.674726
-5.336891 -7.579109 20.495109
-5.336891 44.084891 20.495109
46.327109 -7.579109 20.495109
46.327109 44.084891 20.495109
-6.458000 -6.458000 19.374000
-6.458000 45.206000 19.374000
45.206000 -6.458000 19.374000
45.206000 45.206000 19.374000
-5.633959 -7.282041 22.370512
-5.633959 44.381959 22.370512
46.030041 -7.282041 22.370512
46.030041 44.381959 22.370512
-6.458000 -6.458000 22.956898
-6.458000 45.206000 22.956898
45.206000 -6.458000 22.956898
45.206000 45.206000 22.956898
-6.458000 -6.458000 24.442238
-6.458000 45.206000 24.442238
45.206000 -6.458000 24.442238
45.206000 45.206000 24.442238
-5.608127 -7.307873 25.137119
-5.608127 44.356127 25.137119
46.055873 -7.307873 25.137119
46.055873 44.356127 25.137119
-5.039823 43.787823 24.674726
46.624177 43.787823 24.674726
31.168891 33.411109 5.336891
31.168891 33.411109 57.000891
29.293488 33.114041 5.633959
29.293488 33.114041 57.297959
28.707102 32.290000 6.458000
28.707102 32.290000 58.122000
27.221762 32.290000 6.458000
27.221762 32.290000 58.122000
26.526881 33.139873 5.608127
26.526881 33.139873 57.272127
26.989274 33.708177 5.039823
26.989274 33.708177 56.703823
-7.579109 31.168891 5.336891
-7.579109 31.168891 57.000891
44.084891 31.168891 5.336891
44.084891 31.168891 57.000891
-7.282041 29.293488 5.633959
-7.282041 29.293488 57.297959
44.381959 29.293488 5.633959
44.381959 29.293488 57.297959
-6.458000 28.707102 6.458000
-6.458000 28.707102 58.122000
45.206000 28.707102 6.458000
45.206000 28.707102 58.122000
-6.458000 27.221762 6.458000
-6.458000 27.221762 58.122000
45.206000 27.221762 6.458000
45.206000 27.221762 58.122000
-7.307873 26.526881 5.608127
-7.307873 26.526881 57.272127
44.356127 26.526881 5.608127
44.356127 26.526881 57.272127
43.787823 26.989274 5.039823
43.787823 26.989274 56.703823
-5.336891 -7.579109 5.336891
-5.336891 -7.579109 57.000891
-5.336891 44.084891 5.336891
-5.336891 44.084891 57.000891
46.327109 -7.579109 5.336891
46.327109 -7.579109 57.000891
46.327109 44.084891 5.336891
46.327109 44.084891 57.000891
-3.461488 -7.282041 5.633959
-3.461488 -7.282041 57.297959
-3.461488 44.381959 5.633959
-3.461488 44.381959 57.297959
48.202512 -7.282041 5.633959
48.202512 -7.282041 57.297959
48.202512 44.381959 5.633959
48.202512 44.381959 57.297959
-2.875102 -6.458000 6.458000
-2.875102 -6.458000 58.122000
-2.875102 45.206000 6.458000
-2.875102 45.206000 58.122000
48.788898 -6.458000 6.458000
48.788898 -6.458000 58.122000
48.788898 45.206000 6.458000
48.788898 45.206000 58.122000
-1.389762 -6.458000 6.458000
-1.389762 -6.458000 58.122000
-1.389762 45.206000 6.458000
-1.389762 45.206000 58.122000
50.274238 -6.458000 6.458000
50.274238 -6.458000 58.122000
50.274238 45.206000 6.458000
50.274238 45.206000 58.122000
-0.694881 -7.307873 5.608127
-0.694881 -7.307873 57.272127
-0.694881 44.356127 5.608127
-0.694881 44.356127 57.272127
50.969119 -7.307873 5.608127
50.969119 -7.307873 57.272127
50.969119 44.356127 5.608127
50.969119 44.356127 57.272127
-1.157274 43.787823 5.039823
-1.157274 43.787823 56.703823
50.506726 43.787823 5.039823
50.506726 43.787823 56.703823
33.411109 -5.336891 5.336891
33.411109 -5.336891 57.000891
33.411109 46.327109 5.336891
33.411109 46.327109 57.000891
33.114041 -3.461488 5.633959
33.114041 -3.461488 57.297959
33.114041 48.202512 5.633959
33.114041 48.202512 57.297959
32.290000 -2.875102 6.458000
32.290000 -2.875102 58.122000
32.290000 48.788898 6.458000
32.290000 48.788898 58.122000
32.290000 -1.389762 6.458000
32.290000 -1.389762 58.122000
32.290000 50.274238 6.458000
32.290000 50.274238 58.122000
33.139873 -0.694881 5.608127
33.139873 -0.694881 57.272127
33.139873 50.969119 5.608127
33.139873 50.969119 57.272127
33.708177 -1.157274 5.039823
33.708177 -1.157274 56.703823
33.708177 50.506726 5.039823
33.708177 50.506726 56.703823
31.168891 -7.579109 20.495109
31.168891 44.084891 20.495109
29.293488 -7.282041 20.198041
29.293488 44.381959 20.198041
28.707102 -6.458000 19.374000
28.707102 45.206000 19.374000
27.221762 -6.458000 19.374000
27.221762 45.206000 19.374000
26.526881 -7.307873 20.223873
26.526881 44.356127 20.223873
26.989274 43.787823 20.792177
33.411109 31.168891 20.495109
33.114041 29.293488 20.198041
32.290000 28.707102 19.374000
32.290000 27.221762 19.374000
33.139873 26.526881 20.223873
33.708177 26.989274 20.792177
-5.336891 33.411109 20.495109
46.327109 33.411109 20.495109
-3.461488 33.114041 20.198041
48.202512 33.114041 20.198041
-2.875102 32.290000 19.374000
48.788898 32.290000 19.374000
-1.389762 32.290000 19.374000
50.274238 32.290000 19.374000
-0.694881 33.139873 20.223873
50.969119 33.139873 20.223873
-1.157274 33.708177 20.792177
50.506726 33.708177 20.792177
-7.579109 -5.336891 20.495109
-7.579109 46.327109 20.495109
44.084891 -5.336891 20.495109
44.084891 46.327109 20.495109
-7.282041 -3.461488 20.198041
-7.282041 48.202512 20.198041
44.381959 -3.461488 20.198041
44.381959 48.202512 20.198041
-6.458000 -2.875102 19.374000
-6.458000 48.788898 19.374000
45.206000 -2.875102 19.374000
45.206000 48.788898 19.374000
-6.458000 -1.389762 19.374000
-6.458000 50.274238 19.374000
45.206000 -1.389762 19.374000
45.206000 50.274238 19.374000
-7.307873 -0.694881 20.223873
-7.307873 50.969119 20.223873
44.356127 -0.694881 20.223873
44.356127 50.969119 20.223873
43.787823 -1.157274 20.792177
43.787823 50.506726 20.792177
31.168891 31.168891 7.579109
31.168891 31.168891 59.243109
31.465959 29.293488 7.282041
31.465959 29.293488 58.946041
32.290000 28.707102 6.458000
32.290000 28.707102 58.122000
32.290000 27.221762 6.458000
32.290000 27.221762 58.122000
31.440127 26.526881 7.307873
31.440127 26.526881 58.971873
30.871823 26.989274 7.876177
31.168891 -5.336891 18.252891
31.168891 46.327109 18.252891
31.465959 -3.461488 18.549959
31.465959 48.202512 18.549959
32.290000 -2.875102 19.374000
32.290000 48.788898 19.374000
32.290000 -1.389762 19.374000
32.290000 50.274238 19.374000
31.440127 -0.694881 18.524127
31.440127 50.969119 18.524127
30.871823 -1.157274 17.955823
30.871823 50.506726 17.955823
31.168891 31.168891 18.252891
29.293488 31.465959 18.549959
28.707102 32.290000 19.374000
27.221762 32.290000 19.374000
26.526881 31.440127 18.524127
26.989274 30.871823 17.955823
-5.336891 31.168891 18.252891
46.327109 31.168891 18.252891
-5.633959 29.293488 18.549959
46.030041 29.293488 18.549959
-6.458000 28.707102 19.374000
45.206000 28.707102 19.374000
-6.458000 27.221762 19.374000
45.206000 27.221762 19.374000
-5.608127 26.526881 18.524127
46.055873 26.526881 18.524127
-5.039823 26.989274 17.955823
46.624177 26.989274 17.955823
-5.336891 -5.336891 18.252891
-5.336891 46.327109 18.252891
46.327109 -5.336891 18.252891
46.327109 46.327109 18.252891
-3.461488 -5.633959 18.549959
-3.461488 46.030041 18.549959
48.202512 -5.633959 18.549959
48.202512 46.030041 18.549959
-2.875102 -6.458000 19.374000
-2.875102 45.206000 19.374000
48.788898 -6.458000 19.374000
48.788898 45.206000 19.374000
-1.389762 -6.458000 19.374000
-1.389762 45.206000 19.374000
50.274238 -6.458000 19.374000
50.274238 45.206000 19.374000
-0.694881 -5.608127 18.524127
-0.694881 46.055873 18.524127
50.969119 -5.608127 18.524127
50.969119 46.055873 18.524127
-1.157274 -5.039823 17.955823
-1.157274 46.624177 17.955823
50.506726 -5.039823 17.955823
50.506726 46.624177 17.955823
-5.336891 -5.336891 7.579109
-5.336891 -5.336891 59.243109
-5.336891 46.327109 7.579109
-5.336891 46.327109 59.243109
46.327109 -5.336891 7.579109
46.327109 -5.336891 59.243109
46.327109 46.327109 7.579109
46.327109 46.327109 59.243109
-5.633959 -3.461488 7.282041
-5.633959 -3.461488 58.946041
-5.633959 48.202512 7.282041
-5.633959 48.202512 58.946041
46.030041 -3.461488 7.282041
46.030041 -3.461488 58.946041
46.030041 48.202512 7.282041
46.030041 48.202512 58.946041
-6.458000 -2.875102 6.458000
-6.458000 -2.875102 58.122000
-6.458000 48.788898 6.458000
-6.458000 48.788898 58.122000
45.206000 -2.875102 6.458000
45.206000 -2.875102 58.122000
45.206000 48.788898 6.458000
45.206000 48.788898 58.122000
-6.458000 -1.389762 6.458000
-6.458000 -1.389762 58.122000
-6.458000 50.274238 6.458000
-6.458000 50.274238 58.122000
45.206000 -1.389762 6.458000
45.206000 -1.389762 58.122000
45.206000 50.274238 6.458000
45.206000 50.274238 58.122000
-5.608127 -0.694881 7.307873
-5.608127 -0.694881 58.971873
-5.608127 50.969119 7.307873
-5.608127 50.969119 58.971873
46.055873 -0.694881 7.307873
46.055873 -0.694881 58.971873
46.055873 50.969119 7.307873
46.055873 50.969119 58.971873
-5.039823 -1.157274 7.876177
-5.039823 50.506726 7.876177
46.624177 -1.157274 7.876177
46.624177 50.506726 7.876177
31.168891 -5.336891 7.579109
31.168891 -5.336891 59.243109
31.168891 46.327109 7.579109
31.168891 46.327109 59.243109
29.293488 -5.633959 7.282041
29.293488 -5.633959 58.946041
29.293488 46.030041 7.282041
29.293488 46.030041 58.946041
28.707102 -6.458000 6.458000
28.707102 -6.458000 58.122000
28.707102 45.206000 6.458000
28.707102 45.206000 58.122000
27.221762 -6.458000 6.458000
27.221762 -6.458000 58.122000
27.221762 45.206000 6.458000
27.221762 45.206000 58.122000
26.526881 -5.608127 7.307873
26.526881 -5.608127 58.971873
26.526881 46.055873 7.307873
26.526881 46.055873 58.971873
26.989274 -5.039823 7.876177
26.989274 46.624177 7.876177
-5.336891 31.168891 7.579109
-5.336891 31.168891 59.243109
46.327109 31.168891 7.579109
46.327109 31.168891 59.243109
-3.461488 31.465959 7.282041
-3.461488 31.465959 58.946041
48.202512 31.465959 7.282041
48.202512 31.465959 58.946041
-2.875102 32.290000 6.458000
-2.875102 32.290000 58.122000
48.788898 32.290000 6.458000
48.788898 32.290000 58.122000
-1.389762 32.290000 6.458000
-1.389762 32.290000 58.122000
50.274238 32.290000 6.458000
50.274238 32.290000 58.122000
-0.694881 31.440127 7.307873
-0.694881 31.440127 58.971873
50.969119 31.440127 7.307873
50.969119 31.440127 58.971873
-1.157274 30.871823 7.876177
50.506726 30.871823 7.876177
-7.282041 -5.633959 22.370512
-7.282041 46.030041 22.370512
44.381959 -5.633959 22.370512
44.381959 46.030041 22.370512
-7.307873 -5.608127 25.137119
-7.307873 46.055873 25.137119
44.356127 -5.608127 25.137119
44.356127 46.055873 25.137119
43.787823 -5.039823 24.674726
43.787823 46.624177 24.674726
31.465959 -7.282041 22.370512
31.465959 44.381959 22.370512
31.440127 -7.307873 25.137119
31.440127 44.356127 25.137119
30.871823 43.787823 24.674726
33.114041 31.465959 22.370512
33.139873 31.440127 25.137119
33.708177 30.871823 24.674726
-5.633959 33.114041 22.370512
46.030041 33.114041 22.370512
-5.608127 33.139873 25.137119
46.055873 33.139873 25.137119
-5.039823 33.708177 24.674726
46.624177 33.708177 24.674726
-7.282041 31.465959 3.461488
-7.282041 31.465959 55.125488
44.381959 31.465959 3.461488
44.381959 31.465959 55.125488
-7.307873 31.440127 0.694881
-7.307873 31.440127 52.358881
44.356127 31.440127 0.694881
44.356127 31.440127 52.358881
43.787823 30.871823 1.157274
43.787823 30.871823 52.821274
-5.633959 -7.282041 3.461488
-5.633959 -7.282041 55.125488
-5.633959 44.381959 3.461488
-5.633959 44.381959 55.125488
46.030041 -7.282041 3.461488
46.030041 -7.282041 55.125488
46.030041 44.381959 3.461488
46.030041 44.381959 55.125488
-5.608127 -7.307873 0.694881
-5.608127 -7.307873 52.358881
-5.608127 44.356127 0.694881
-5.608127 44.356127 52.358881
46.055873 -7.307873 0.694881
46.055873 -7.307873 52.358881
46.055873 44.356127 0.694881
46.055873 44.356127 52.358881
-5.039823 43.787823 1.157274
-5.039823 43.787823 52.821274
46.624177 43.787823 1.157274
46.624177 43.787823 52.821274
33.114041 -5.633959 3.461488
33.114041 -5.633959 55.125488
33.114041 46.030041 3.461488
33.114041 46.030041 55.125488
33.139873 -5.608127 0.694881
33.139873 -5.608127 52.358881
33.139873 46.055873 0.694881
33.139873 46.055873 52.358881
33.708177 -5.039823 1.157274
33.708177 -5.039823 52.821274
33.708177 46.624177 1.157274
33.708177 46.624177 52.821274
31.465959 33.114041 3.461488
31.465959 33.114041 55.125488
31.440127 33.139873 0.694881
31.440127 33.139873 52.358881
30.871823 33.708177 1.157274
30.871823 33.708177 52.821274
-3.461488 -7.282041 20.198041
-3.461488 44.381959 20.198041
48.202512 -7.282041 20.198041
48.202512 44.381959 20.198041
-0.694881 -7.307873 20.223873
-0.694881 44.356127 20.223873
50.969119 -7.307873 20.223873
50.969119 44.356127 20.223873
-1.157274 43.787823 20.792177
50.506726 43.787823 20.792177
33.114041 -3.461488 20.198041
33.114041 48.202512 20.198041
33.139873 -0.694881 20.223873
33.139873 50.969119 20.223873
33.708177 -1.157274 20.792177
33.708177 50.506726 20.792177
29.293488 33.114041 20.198041
26.526881 33.139873 20.223873
26.989274 33.708177 20.792177
-7.282041 29.293488 20.198041
44.381959 29.293488 20.198041
-7.307873 26.526881 20.223873
44.356127 26.526881 20.223873
43.787823 26.989274 20.792177
-3.461488 33.114041 5.633959
-3.461488 33.114041 57.297959
48.202512 33.114041 5.633959
48.202512 33.114041 57.297959
-0.694881 33.139873 5.608127
-0.694881 33.139873 57.272127
50.969119 33.139873 5.608127
50.969119 33.139873 57.272127
-1.157274 33.708177 5.039823
-1.157274 33.708177 56.703823
50.506726 33.708177 5.039823
50.506726 33.708177 56.703823
-7.282041 -3.461488 5.633959
-7.282041 -3.461488 57.297959
-7.282041 48.202512 5.633959
-7.282041 48.202512 57.297959
44.381959 -3.461488 5.633959
44.381959 -3.461488 57.297959
44.381959 48.202512 5.633959
44.381959 48.202512 57.297959
-7.307873 -0.694881 5.608127
-7.307873 -0.694881 57.272127
-7.307873 50.969119 5.608127
-7.307873 50.969119 57.272127
44.356127 -0.694881 5.608127
44.356127 -0.694881 57.272127
44.356127 50.969119 5.608127
44.356127 50.969119 57.272127
43.787823 -1.157274 5.039823
43.787823 -1.157274 56.703823
43.787823 50.506726 5.039823
43.787823 50.506726 56.703823
29.293488 -7.282041 5.633959
29.293488 -7.282041 57.297959
29.293488 44.381959 5.633959
29.293488 44.381959 57.297959
26.526881 -7.307873 5.608127
26.526881 -7.307873 57.272127
26.526881 44.356127 5.608127
26.526881 44.356127 57.272127
26.989274 43.787823 5.039823
26.989274 43.787823 56.703823
33.114041 29.293488 5.633959
33.114041 29.293488 57.297959
33.139873 26.526881 5.608127
33.139873 26.526881 57.272127
33.708177 26.989274 5.039823
33.708177 26.989274 56.703823
-5.633959 -3.461488 18.549959
-5.633959 48.202512 18.549959
46.030041 -3.461488 18.549959
46.030041 48.202512 18.549959
-5.608127 -0.694881 18.524127
-5.608127 50.969119 18.524127
46.055873 -0.694881 18.524127
46.055873 50.969119 18.524127
-5.039823 -1.157274 17.955823
-5.039823 50.506726 17.955823
46.624177 -1.157274 17.955823
46.624177 50.506726 17.955823
-5.633959 29.293488 7.282041
-5.633959 29.293488 58.946041
46.030041 29.293488 7.282041
46.030041 29.293488 58.946041
-5.608127 26.526881 7.307873
-5.608127 26.526881 58.971873
46.055873 26.526881 7.307873
46.055873 26.526881 58.971873
-5.039823 26.989274 7.876177
46.624177 26.989274 7.876177
-3.461488 -5.633959 7.282041
-3.461488 -5.633959 58.946041
-3.461488 46.030041 7.282041
-3.461488 46.030041 58.946041
48.202512 -5.633959 7.282041
48.202512 -5.633959 58.946041
48.202512 46.030041 7.282041
48.202512 46.030041 58.946041
-0.694881 -5.608127 7.307873
-0.694881 -5.608127 58.971873
-0.694881 46.055873 7.307873
-0.694881 46.055873 58.971873
50.969119 -5.608127 7.307873
50.969119 -5.608127 58.971873
50.969119 46.055873 7.307873
50.969119 46.055873 58.971873
-1.157274 -5.039823 7.876177
-1.157274 46.624177 7.876177
50.506726 -5.039823 7.876177
50.506726 46.624177 7.876177
31.465959 -3.461488 7.282041
31.465959 -3.461488 58.946041
31.465959 48.202512 7.282041
31.465959 48.202512 58.946041
31.440127 -0.694881 7.307873
31.440127 -0.694881 58.971873
31.440127 50.969119 7.307873
31.440127 50.969119 58.971873
30.871823 -1.157274 7.876177
30.871823 50.506726 7.876177
29.293488 31.465959 7.282041
29.293488 31.465959 58.946041
26.526881 31.440127 7.307873
26.526881 31.440127 58.971873
26.989274 30.871823 7.876177
31.465959 29.293488 18.549959
31.440127 26.526881 18.524127
30.871823 26.989274 17.955823
-3.461488 31.465959 18.549959
48.202512 31.465959 18.549959
-0.694881 31.440127 18.524127
50.969119 31.440127 18.524127
-1.157274 30.871823 17.955823
50.506726 30.871823 17.955823
29.293488 -5.633959 18.549959
29.293488 46.030041 18.549959
26.526881 -5.608127 18.524127
26.526881 46.055873 18.524127
26.989274 -5.039823 17.955823
26.989274 46.624177 17.955823
33.411109 -7.579109 18.252891
33.411109 44.084891 18.252891
33.114041 -7.282041 16.377488
33.114041 44.381959 16.377488
32.290000 -6.458000 15.791102
32.290000 45.206000 15.791102
32.290000 -6.458000 14.305762
32.290000 45.206000 14.305762
33.139873 -7.307873 13.610881
33.139873 44.356127 13.610881
33.708177 43.787823 14.073274
-5.633959 -5.633959 16.377488
-5.633959 46.030041 16.377488
46.030041 -5.633959 16.377488
46.030041 46.030041 16.377488
-6.458000 -6.458000 15.791102
-6.458000 45.206000 15.791102
45.206000 -6.458000 15.791102
45.206000 45.206000 15.791102
-6.458000 -6.458000 14.305762
-6.458000 45.206000 14.305762
45.206000 -6.458000 14.305762
45.206000 45.206000 14.305762
-5.608127 -5.608127 13.610881
-5.608127 46.055873 13.610881
46.055873 -5.608127 13.610881
46.055873 46.055873 13.610881
-5.039823 -5.039823 14.073274
-5.039823 46.624177 14.073274
46.624177 -5.039823 14.073274
46.624177 46.624177 14.073274
-7.579109 33.411109 18.252891
44.084891 33.411109 18.252891
-7.282041 33.114041 16.377488
44.381959 33.114041 16.377488
-6.458000 32.290000 15.791102
45.206000 32.290000 15.791102
-6.458000 32.290000 14.305762
45.206000 32.290000 14.305762
-7.307873 33.139873 13.610881
44.356127 33.139873 13.610881
43.787823 33.708177 14.073274
31.465959 31.465959 16.377488
32.290000 32.290000 15.791102
32.290000 32.290000 14.305762
31.440127 31.440127 13.610881
30.871823 30.871823 14.073274
33.411109 33.411109 7.579109
33.411109 33.411109 59.243109
33.114041 33.114041 9.454512
32.290000 32.290000 10.040898
32.290000 32.290000 11.526238
33.139873 33.139873 12.221119
33.708177 33.708177 11.758726
31.465959 -5.633959 9.454512
31.465959 46.030041 9.454512
32.290000 -6.458000 10.040898
32.290000 45.206000 10.040898
32.290000 -6.458000 11.526238
32.290000 45.206000 11.526238
31.440127 -5.608127 12.221119
31.440127 46.055873 12.221119
30.871823 -5.039823 11.758726
30.871823 46.624177 11.758726
-7.579109 -7.579109 7.579109
-7.579109 -7.579109 59.243109
-7.579109 44.084891 7.579109
-7.579109 44.084891 59.243109
44.084891 -7.579109 7.579109
44.084891 -7.579109 59.243109
44.084891 44.084891 7.579109
44.084891 44.084891 59.243109
-7.282041 -7.282041 9.454512
-7.282041 44.381959 9.454512
44.381959 -7.282041 9.454512
44.381959 44.381959 9.454512
-6.458000 -6.458000 10.040898
-6.458000 45.206000 10.040898
45.206000 -6.458000 10.040898
45.206000 45.206000 10.040898
-6.458000 -6.458000 11.526238
-6.458000 45.206000 11.526238
45.206000 -6.458000 11.526238
45.206000 45.206000 11.526238
-7.307873 -7.307873 12.221119
-7.307873 44.356127 12.221119
44.356127 -7.307873 12.221119
44.356127 44.356127 12.221119
43.787823 43.787823 11.758726
-5.633959 31.465959 9.454512
46.030041 31.465959 9.454512
-6.458000 32.290000 10.040898
45.206000 32.290000 10.040898
-6.458000 32.290000 11.526238
45.206000 32.290000 11.526238
-5.608127 31.440127 12.221119
46.055873 31.440127 12.221119
-5.039823 30.871823 11.758726
46.624177 30.871823 11.758726
-7.579109 -7.579109 18.252891
-7.579109 44.084891 18.252891
44.084891 -7.579109 18.252891
44.084891 44.084891 18.252891
-7.282041 42.209488 18.549959
44.381959 42.209488 18.549959
-6.458000 41.623102 19.374000
45.206000 41.623102 19.374000
-6.458000 40.137762 19.374000
45.206000 40.137762 19.374000
-7.307873 39.442881 18.524127
44.356127 39.442881 18.524127
43.787823 39.905274 17.955823
33.411109 33.411109 18.252891
33.114041 35.286512 18.549959
32.290000 35.872898 19.374000
32.290000 37.358238 19.374000
33.139873 38.053119 18.524127
33.708177 37.590726 17.955823
33.411109 -7.579109 7.579109
33.411109 -7.579109 59.243109
33.411109 44.084891 7.579109
33.411109 44.084891 59.243109
33.114041 42.209488 7.282041
33.114041 42.209488 58.946041
32.290000 41.623102 6.458000
32.290000 41.623102 58.122000
32.290000 40.137762 6.458000
32.290000 40.137762 58.122000
33.139873 39.442881 7.307873
33.139873 39.442881 58.971873
33.708177 39.905274 7.876177
-7.579109 33.411109 7.579109
-7.579109 33.411109 59.243109
44.084891 33.411109 7.579109
44.084891 33.411109 59.243109
-7.282041 35.286512 7.282041
-7.282041 35.286512 58.946041
44.381959 35.286512 7.282041
44.381959 35.286512 58.946041
-6.458000 35.872898 6.458000
-6.458000 35.872898 58.122000
45.206000 35.872898 6.458000
45.206000 35.872898 58.122000
-6.458000 37.358238 6.458000
-6.458000 37.358238 58.122000
45.206000 37.358238 6.458000
45.206000 37.358238 58.122000
-7.307873 38.053119 7.307873
-7.307873 38.053119 58.971873
44.356127 38.053119 7.307873
44.356127 38.053119 58.971873
43.787823 37.590726 7.876177
31.465959 42.209488 20.198041
32.290000 41.623102 19.374000
32.290000 40.137762 19.374000
31.440127 39.442881 20.223873
30.871823 39.905274 20.792177
31.465959 35.286512 5.633959
31.465959 35.286512 57.297959
32.290000 35.872898 6.458000
32.290000 35.872898 58.122000
32.290000 37.358238 6.458000
32.290000 37.358238 58.122000
31.440127 38.053119 5.608127
31.440127 38.053119 57.272127
30.871823 37.590726 5.039823
30.871823 37.590726 56.703823
-5.633959 42.209488 5.633959
-5.633959 42.209488 57.297959
46.030041 42.209488 5.633959
46.030041 42.209488 57.297959
-6.458000 41.623102 6.458000
-6.458000 41.623102 58.122000
45.206000 41.623102 6.458000
45.206000 41.623102 58.122000
-6.458000 40.137762 6.458000
-6.458000 40.137762 58.122000
45.206000 40.137762 6.458000
45.206000 40.137762 58.122000
-5.608127 39.442881 5.608127
-5.608127 39.442881 57.272127
46.055873 39.442881 5.608127
46.055873 39.442881 57.272127
-5.039823 39.905274 5.039823
-5.039823 39.905274 56.703823
46.624177 39.905274 5.039823
46.624177 39.905274 56.703823
-5.633959 35.286512 20.198041
46.030041 35.286512 20.198041
-6.458000 35.872898 19.374000
45.206000 35.872898 19.374000
-6.458000 37.358238 19.374000
45.206000 37.358238 19.374000
-5.608127 38.053119 20.223873
46.055873 38.053119 20.223873
-5.039823 37.590726 20.792177
46.624177 37.590726 20.792177
-7.282041 33.114041 9.454512
44.381959 33.114041 9.454512
-7.307873 33.139873 12.221119
44.356127 33.139873 12.221119
43.787823 33.708177 11.758726
31.465959 31.465959 9.454512
31.440127 31.440127 12.221119
30.871823 30.871823 11.758726
33.114041 -7.282041 9.454512
33.114041 44.381959 9.454512
33.139873 -7.307873 12.221119
33.139873 44.356127 12.221119
33.708177 43.787823 11.758726
-5.633959 -5.633959 9.454512
-5.633959 46.030041 9.454512
46.030041 -5.633959 9.454512
46.030041 46.030041 9.454512
-5.608127 -5.608127 12.221119
-5.608127 46.055873 12.221119
46.055873 -5.608127 12.221119
46.055873 46.055873 12.221119
-5.039823 -5.039823 11.758726
-5.039823 46.624177 11.758726
46.624177 -5.039823 11.758726
46.624177 46.624177 11.758726
-7.282041 -7.282041 16.377488
-7.282041 44.381959 16.377488
44.381959 -7.282041 16.377488
44.381959 44.381959 16.377488
-7.307873 -7.307873 13.610881
-7.307873 44.356127 13.610881
44.356127 -7.307873 13.610881
44.356127 44.356127 13.610881
43.787823 43.787823 14.073274
-5.633959 31.465959 16.377488
46.030041 31.465959 16.377488
-5.608127 31.440127 13.610881
46.055873 31.440127 13.610881
-5.039823 30.871823 14.073274
46.624177 30.871823 14.073274
33.114041 33.114041 16.377488
33.139873 33.139873 13.610881
33.708177 33.708177 14.073274
31.465959 -5.633959 16.377488
31.465959 46.030041 16.377488
31.440127 -5.608127 13.610881
31.440127 46.055873 13.610881
30.871823 -5.039823 14.073274
30.871823 46.624177 14.073274
33.114041 35.286512 7.282041
33.114041 35.286512 58.946041
33.139873 38.053119 7.307873
33.139873 38.053119 58.971873
33.708177 37.590726 7.876177
-7.282041 42.209488 7.282041
-7.282041 42.209488 58.946041
44.381959 42.209488 7.282041
44.381959 42.209488 58.946041
-7.307873 39.442881 7.307873
-7.307873 39.442881 58.971873
44.356127 39.442881 7.307873
44.356127 39.442881 58.971873
43.787823 39.905274 7.876177
-7.282041 35.286512 18.549959
44.381959 35.286512 18.549959
-7.307873 38.053119 18.524127
44.356127 38.053119 18.524127
43.787823 37.590726 17.955823
33.114041 42.209488 18.549959
33.139873 39.442881 18.524127
33.708177 39.905274 17.955823
-5.633959 35.286512 5.633959
-5.633959 35.286512 57.297959
46.030041 35.286512 5.633959
46.030041 35.286512 57.297959
-5.608127 38.053119 5.608127
-5.608127 38.053119 57.272127
46.055873 38.053119 5.608127
46.055873 38.053119 57.272127
-5.039823 37.590726 5.039823
-5.039823 37.590726 56.703823
46.624177 37.590726 5.039823
46.624177 37.590726 56.703823
-5.633959 42.209488 20.198041
46.030041 42.209488 20.198041
-5.608127 39.442881 20.223873
46.055873 39.442881 20.223873
-5.039823 39.905274 20.792177
46.624177 39.905274 20.792177
31.465959 35.286512 20.198041
31.440127 38.053119 20.223873
30.871823 37.590726 20.792177
31.465959 42.209488 5.633959
31.465959 42.209488 57.297959
31.440127 39.442881 5.608127
31.440127 39.442881 57.272127
30.871823 39.905274 5.039823
30.871823 39.905274 56.703823
42.209488 33.114041 18.549959
41.623102 32.290000 19.374000
40.137762 32.290000 19.374000
39.442881 33.139873 18.524127
39.905274 33.708177 17.955823
35.286512 -7.282041 18.549959
35.286512 44.381959 18.549959
35.872898 -6.458000 19.374000
35.872898 45.206000 19.374000
37.358238 -6.458000 19.374000
37.358238 45.206000 19.374000
38.053119 -7.307873 18.524127
38.053119 44.356127 18.524127
37.590726 43.787823 17.955823
42.209488 -7.282041 7.282041
42.209488 -7.282041 58.946041
42.209488 44.381959 7.282041
42.209488 44.381959 58.946041
41.623102 -6.458000 6.458000
41.623102 -6.458000 58.122000
41.623102 45.206000 6.458000
41.623102 45.206000 58.122000
40.137762 -6.458000 6.458000
40.137762 -6.458000 58.122000
40.137762 45.206000 6.458000
40.137762 45.206000 58.122000
39.442881 -7.307873 7.307873
39.442881 -7.307873 58.971873
39.442881 44.356127 7.307873
39.442881 44.356127 58.971873
39.905274 43.787823 7.876177
35.286512 33.114041 7.282041
35.286512 33.114041 58.946041
35.872898 32.290000 6.458000
35.872898 32.290000 58.122000
37.358238 32.290000 6.458000
37.358238 32.290000 58.122000
38.053119 33.139873 7.307873
38.053119 33.139873 58.971873
37.590726 33.708177 7.876177
42.209488 31.465959 5.633959
42.209488 31.465959 57.297959
41.623102 32.290000 6.458000
41.623102 32.290000 58.122000
40.137762 32.290000 6.458000
40.137762 32.290000 58.122000
39.442881 31.440127 5.608127
39.442881 31.440127 57.272127
39.905274 30.871823 5.039823
39.905274 30.871823 56.703823
35.286512 -5.633959 5.633959
35.286512 -5.633959 57.297959
35.286512 46.030041 5.633959
35.286512 46.030041 57.297959
35.872898 -6.458000 6.458000
35.872898 -6.458000 58.122000
35.872898 45.206000 6.458000
35.872898 45.206000 58.122000
37.358238 -6.458000 6.458000
37.358238 -6.458000 58.122000
37.358238 45.206000 6.458000
37.358238 45.206000 58.122000
38.053119 -5.608127 5.608127
38.053119 -5.608127 57.272127
38.053119 46.055873 5.608127
38.053119 46.055873 57.272127
37.590726 -5.039823 5.039823
37.590726 -5.039823 56.703823
37.590726 46.624177 5.039823
37.590726 46.624177 56.703823
42.209488 -5.633959 20.198041
42.209488 46.030041 20.198041
41.623102 -6.458000 19.374000
41.623102 45.206000 19.374000
40.137762 -6.458000 19.374000
40.137762 45.206000 19.374000
39.442881 -5.608127 20.223873
39.442881 46.055873 20.223873
39.905274 -5.039823 20.792177
39.905274 46.624177 20.792177
35.286512 31.465959 20.198041
35.872898 32.290000 19.374000
37.358238 32.290000 19.374000
38.053119 31.440127 20.223873
37.590726 30.871823 20.792177
35.286512 -7.282041 7.282041
35.286512 -7.282041 58.946041
35.286512 44.381959 7.282041
35.286512 44.381959 58.946041
38.053119 -7.307873 7.307873
38.053119 -7.307873 58.971873
38.053119 44.356127 7.307873
38.053119 44.356127 58.971873
37.590726 43.787823 7.876177
42.209488 33.114041 7.282041
42.209488 33.114041 58.946041
39.442881 33.139873 7.307873
39.442881 33.139873 58.971873
39.905274 33.708177 7.876177
35.286512 33.114041 18.549959
38.053119 33.139873 18.524127
37.590726 33.708177 17.955823
42.209488 -7.282041 18.549959
42.209488 44.381959 18.549959
39.442881 -7.307873 18.524127
39.442881 44.356127 18.524127
39.905274 43.787823 17.955823
35.286512 -5.633959 20.198041
35.286512 46.030041 20.198041
38.053119 -5.608127 20.223873
38.053119 46.055873 20.223873
37.590726 -5.039823 20.792177
37.590726 46.624177 20.792177
42.209488 31.465959 20.198041
39.442881 31.440127 20.223873
39.905274 30.871823 20.792177
35.286512 31.465959 5.633959
35.286512 31.465959 57.297959
38.053119 31.440127 5.608127
38.053119 31.440127 57.272127
37.590726 30.871823 5.039823
37.590726 30.871823 56.703823
42.209488 -5.633959 5.633959
42.209488 -5.633959 57.297959
42.209488 46.030041 5.633959
42.209488 46.030041 57.297959
39.442881 -5.608127 5.608127
39.442881 -5.608127 57.272127
39.442881 46.055873 5.608127
39.442881 46.055873 57.272127
39.905274 -5.039823 5.039823
39.905274 -5.039823 56.703823
39.905274 46.624177 5.039823
39.905274 46.624177 56.703823
33.411109 31.168891 31.168891
32.290000 32.290000 32.290000
33.114041 31.465959 29.293488
32.290000 32.290000 28.707102
32.290000 32.290000 27.221762
33.139873 31.440127 26.526881
33.708177 30.871823 26.989274
-5.336891 33.411109 31.168891
46.327109 33.411109 31.168891
-6.458000 32.290000 32.290000
45.206000 32.290000 32.290000
-5.633959 33.114041 29.293488
46.030041 33.114041 29.293488
-6.458000 32.290000 28.707102
45.206000 32.290000 28.707102
-6.458000 32.290000 27.221762
45.206000 32.290000 27.221762
-5.608127 33.139873 26.526881
46.055873 33.139873 26.526881
-5.039823 33.708177 26.989274
46.624177 33.708177 26.989274
-7.579109 -5.336891 31.168891
-7.579109 46.327109 31.168891
44.084891 -5.336891 31.168891
44.084891 46.327109 31.168891
-6.458000 -6.458000 32.290000
-6.458000 45.206000 32.290000
45.206000 -6.458000 32.290000
45.206000 45.206000 32.290000
-7.282041 -5.633959 29.293488
-7.282041 46.030041 29.293488
44.381959 -5.633959 29.293488
44.381959 46.030041 29.293488
-6.458000 -6.458000 28.707102
-6.458000 45.206000 28.707102
45.206000 -6.458000 28.707102
45.206000 45.206000 28.707102
-6.458000 -6.458000 27.221762
-6.458000 45.206000 27.221762
45.206000 -6.458000 27.221762
45.206000 45.206000 27.221762
-7.307873 -5.608127 26.526881
-7.307873 46.055873 26.526881
44.356127 -5.608127 26.526881
44.356127 46.055873 26.526881
43.787823 -5.039823 26.989274
43.787823 46.624177 26.989274
31.168891 -7.579109 31.168891
31.168891 44.084891 31.168891
32.290000 -6.458000 32.290000
32.290000 45.206000 32.290000
31.465959 -7.282041 29.293488
31.465959 44.381959 29.293488
32.290000 -6.458000 28.707102
32.290000 45.206000 28.707102
32.290000 -6.458000 27.221762
32.290000 45.206000 27.221762
31.440127 -7.307873 26.526881
31.440127 44.356127 26.526881
30.871823 43.787823 26.989274
33.411109 -5.336891 -5.336891
33.411109 -5.336891 46.327109
33.411109 46.327109 -5.336891
33.411109 46.327109 46.327109
32.290000 -6.458000 -6.458000
32.290000 -6.458000 45.206000
32.290000 45.206000 -6.458000
32.290000 45.206000 45.206000
33.114041 -5.633959 -3.461488
33.114041 -5.633959 48.202512
33.114041 46.030041 -3.461488
33.114041 46.030041 48.202512
32.290000 -6.458000 -2.875102
32.290000 -6.458000 48.788898
32.290000 45.206000 -2.875102
32.290000 45.206000 48.788898
32.290000 -6.458000 -1.389762
32.290000 -6.458000 50.274238
32.290000 45.206000 -1.389762
32.290000 45.206000 50.274238
33.139873 -5.608127 -0.694881
33.139873 -5.608127 50.969119
33.139873 46.055873 -0.694881
33.139873 46.055873 50.969119
33.708177 -5.039823 -1.157274
33.708177 -5.039823 50.506726
33.708177 46.624177 -1.157274
33.708177 46.624177 50.506726
31.168891 33.411109 -5.336891
31.168891 33.411109 46.327109
32.290000 32.290000 -6.458000
32.290000 32.290000 45.206000
31.465959 33.114041 -3.461488
31.465959 33.114041 48.202512
32.290000 32.290000 -2.875102
32.290000 32.290000 48.788898
32.290000 32.290000 -1.389762
32.290000 32.290000 50.274238
31.440127 33.139873 -0.694881
31.440127 33.139873 50.969119
30.871823 33.708177 -1.157274
30.871823 33.708177 50.506726
-7.579109 31.168891 -5.336891
-7.579109 31.168891 46.327109
44.084891 31.168891 -5.336891
44.084891 31.168891 46.327109
-6.458000 32.290000 -6.458000
-6.458000 32.290000 45.206000
45.206000 32.290000 -6.458000
45.206000 32.290000 45.206000
-7.282041 31.465959 -3.461488
-7.282041 31.465959 48.202512
44.381959 31.465959 -3.461488
44.381959 31.465959 48.202512
-6.458000 32.290000 -2.875102
-6.458000 32.290000 48.788898
45.206000 32.290000 -2.875102
45.206000 32.290000 48.788898
-6.458000 32.290000 -1.389762
-6.458000 32.290000 50.274238
45.206000 32.290000 -1.389762
45.206000 32.290000 50.274238
-7.307873 31.440127 -0.694881
-7.307873 31.440127 50.969119
44.356127 31.440127 -0.694881
44.356127 31.440127 50.969119
43.787823 30.871823 -1.157274
43.787823 30.871823 50.506726
-5.336891 -7.579109 -5.336891
-5.336891 -7.579109 46.327109
-5.336891 44.084891 -5.336891
-5.336891 44.084891 46.327109
46.327109 -7.579109 -5.336891
46.327109 -7.579109 46.327109
46.327109 44.084891 -5.336891
46.327109 44.084891 46.327109
-6.458000 -6.458000 -6.458000
-6.458000 -6.458000 45.206000
-6.458000 45.206000 -6.458000
-6.458000 45.206000 45.206000
45.206000 -6.458000 -6.458000
45.206000 -6.458000 45.206000
45.206000 45.206000 -6.458000
45.206000 45.206000 45.206000
-5.633959 -7.282041 -3.461488
-5.633959 -7.282041 48.202512
-5.633959 44.381959 -3.461488
-5.633959 44.381959 48.202512
46.030041 -7.282041 -3.461488
46.030041 -7.282041 48.202512
46.030041 44.381959 -3.461488
46.030041 44.381959 48.202512
-6.458000 -6.458000 -2.875102
-6.458000 -6.458000 48.788898
-6.458000 45.206000 -2.875102
-6.458000 45.206000 48.788898
45.206000 -6.458000 -2.875102
45.206000 -6.458000 48.788898
45.206000 45.206000 -2.875102
45.206000 45.206000 48.788898
-6.458000 -6.458000 -1.389762
-6.458000 -6.458000 50.274238
-6.458000 45.206000 -1.389762
-6.458000 45.206000 50.274238
45.206000 -6.458000 -1.389762
45.206000 -6.458000 50.274238
45.206000 45.206000 -1.389762
45.206000 45.206000 50.274238
-5.608127 -7.307873 -0.694881
-5.608127 -7.307873 50.969119
-5.608127 44.356127 -0.694881
-5.608127 44.356127 50.969119
46.055873 -7.307873 -0.694881
46.055873 -7.307873 50.969119
46.055873 44.356127 -0.694881
46.055873 44.356127 50.969119
-5.039823 43.787823 -1.157274
-5.039823 43.787823 50.506726
46.624177 43.787823 -1.157274
46.624177 43.787823 50.506726
31.168891 33.411109 31.168891
29.293488 33.114041 31.465959
28.707102 32.290000 32.290000
27.221762 32.290000 32.290000
26.526881 33.139873 31.440127
26.989274 33.708177 30.871823
-7.579109 31.168891 31.168891
44.084891 31.168891 31.168891
-7.282041 29.293488 31.465959
44.381959 29.293488 31.465959
-6.458000 28.707102 32.290000
45.206000 28.707102 32.290000
-6.458000 27.221762 32.290000
45.206000 27.221762 32.290000
-7.307873 26.526881 31.440127
44.356127 26.526881 31.440127
43.787823 26.989274 30.871823
-5.336891 -7.579109 31.168891
-5.336891 44.084891 31.168891
46.327109 -7.579109 31.168891
46.327109 44.084891 31.168891
-3.461488 -7.282041 31.465959
-3.461488 44.381959 31.465959
48.202512 -7.282041 31.465959
48.202512 44.381959 31.465959
-2.875102 -6.458000 32.290000
-2.875102 45.206000 32.290000
48.788898 -6.458000 32.290000
48.788898 45.206000 32.290000
-1.389762 -6.458000 32.290000
-1.389762 45.206000 32.290000
50.274238 -6.458000 32.290000
50.274238 45.206000 32.290000
-0.694881 -7.307873 31.440127
-0.694881 44.356127 31.440127
50.969119 -7.307873 31.440127
50.969119 44.356127 31.440127
-1.157274 43.787823 30.871823
50.506726 43.787823 30.871823
33.411109 -5.336891 31.168891
33.411109 46.327109 31.168891
33.114041 -3.461488 31.465959
33.114041 48.202512 31.465959
32.290000 -2.875102 32.290000
32.290000 48.788898 32.290000
32.290000 -1.389762 32.290000
32.290000 50.274238 32.290000
33.139873 -0.694881 31.440127
33.139873 50.969119 31.440127
33.708177 -1.157274 30.871823
33.708177 50.506726 30.871823
31.168891 -7.579109 -5.336891
31.168891 -7.579109 46.327109
31.168891 44.084891 -5.336891
31.168891 44.084891 46.327109
29.293488 -7.282041 -5.633959
29.293488 -7.282041 46.030041
29.293488 44.381959 -5.633959
29.293488 44.381959 46.030041
28.707102 -6.458000 -6.458000
28.707102 -6.458000 45.206000
28.707102 45.206000 -6.458000
28.707102 45.206000 45.206000
27.221762 -6.458000 -6.458000
27.221762 -6.458000 45.206000
27.221762 45.206000 -6.458000
27.221762 45.206000 45.206000
26.526881 -7.307873 -5.608127
26.526881 -7.307873 46.055873
26.526881 44.356127 -5.608127
26.526881 44.356127 46.055873
26.989274 43.787823 -5.039823
26.989274 43.787823 46.624177
33.411109 31.168891 -5.336891
33.411109 31.168891 46.327109
33.114041 29.293488 -5.633959
33.114041 29.293488 46.030041
32.290000 28.707102 -6.458000
32.290000 28.707102 45.206000
32.290000 27.221762 -6.458000
32.290000 27.221762 45.206000
33.139873 26.526881 -5.608127
33.139873 26.526881 46.055873
33.708177 26.989274 -5.039823
33.708177 26.989274 46.624177
-5.336891 33.411109 -5.336891
-5.336891 33.411109 46.327109
46.327109 33.411109 -5.336891
46.327109 33.411109 46.327109
-3.461488 33.114041 -5.633959
-3.461488 33.114041 46.030041
48.202512 33.114041 -5.633959
48.202512 33.114041 46.030041
-2.875102 32.290000 -6.458000
-2.875102 32.290000 45.206000
48.788898 32.290000 -6.458000
48.788898 32.290000 45.206000
-1.389762 32.290000 -6.458000
-1.389762 32.290000 45.206000
50.274238 32.290000 -6.458000
50.274238 32.290000 45.206000
-0.694881 33.139873 -5.608127
-0.694881 33.139873 46.055873
50.969119 33.139873 -5.608127
50.969119 33.139873 46.055873
-1.157274 33.708177 -5.039823
-1.157274 33.708177 46.624177
50.506726 33.708177 -5.039823
50.506726 33.708177 46.624177
-7.579109 -5.336891 -5.336891
-7.579109 -5.336891 46.327109
-7.579109 46.327109 -5.336891
-7.579109 46.327109 46.327109
44.084891 -5.336891 -5.336891
44.084891 -5.336891 46.327109
44.084891 46.327109 -5.336891
44.084891 46.327109 46.327109
-7.282041 -3.461488 -5.633959
-7.282041 -3.461488 46.030041
-7.282041 48.202512 -5.633959
-7.282041 48.202512 46.030041
44.381959 -3.461488 -5.633959
44.381959 -3.461488 46.030041
44.381959 48.202512 -5.633959
44.381959 48.202512 46.030041
-6.458000 -2.875102 -6.458000
-6.458000 -2.875102 45.206000
-6.458000 48.788898 -6.458000
-6.458000 48.788898 45.206000
45.206000 -2.875102 -6.458000
45.206000 -2.875102 45.206000
45.206000 48.788898 -6.458000
45.206000 48.788898 45.206000
-6.458000 -1.389762 -6.458000
-6.458000 -1.389762 45.206000
-6.458000 50.274238 -6.458000
-6.458000 50.274238 45.206000
45.206000 -1.389762 -6.458000
45.206000 -1.389762 45.206000
45.206000 50.274238 -6.458000
45.206000 50.274238 45.206000
-7.307873 -0.694881 -5.608127
-7.307873 -0.694881 46.055873
-7.307873 50.969119 -5.608127
-7.307873 50.969119 46.055873
44.356127 -0.694881 -5.608127
44.356127 -0.694881 46.055873
44.356127 50.969119 -5.608127
44.356127 50.969119 46.055873
43.787823 -1.157274 -5.039823
43.787823 -1.157274 46.624177
43.787823 50.506726 -5.039823
43.787823 50.506726 46.624177
31.168891 31.168891 33.411109
31.465959 29.293488 33.114041
32.290000 28.707102 32.290000
32.290000 27.221762 32.290000
31.440127 26.526881 33.139873
30.871823 26.989274 33.708177
31.168891 -5.336891 -7.579109
31.168891 -5.336891 44.084891
31.168891 46.327109 -7.579109
31.168891 46.327109 44.084891
31.465959 -3.461488 -7.282041
31.465959 -3.461488 44.381959
31.465959 48.202512 -7.282041
31.465959 48.202512 44.381959
32.290000 -2.875102 -6.458000
32.290000 -2.875102 45.206000
32.290000 48.788898 -6.458000
32.290000 48.788898 45.206000
32.290000 -1.389762 -6.458000
32.290000 -1.389762 45.206000
32.290000 50.274238 -6.458000
32.290000 50.274238 45.206000
31.440127 -0.694881 -7.307873
31.440127 -0.694881 44.356127
31.440127 50.969119 -7.307873
31.440127 50.969119 44.356127
30.871823 -1.157274 43.787823
30.871823 50.506726 43.787823
31.168891 31.168891 -7.579109
31.168891 31.168891 44.084891
29.293488 31.465959 -7.282041
29.293488 31.465959 44.381959
28.707102 32.290000 -6.458000
28.707102 32.290000 45.206000
27.221762 32.290000 -6.458000
27.221762 32.290000 45.206000
26.526881 31.440127 -7.307873
26.526881 31.440127 44.356127
26.989274 30.871823 43.787823
-5.336891 31.168891 -7.579109
-5.336891 31.168891 44.084891
46.327109 31.168891 -7.579109
46.327109 31.168891 44.084891
-5.633959 29.293488 -7.282041
-5.633959 29.293488 44.381959
46.030041 29.293488 -7.282041
46.030041 29.293488 44.381959
-6.458000 28.707102 -6.458000
-6.458000 28.707102 45.206000
45.206000 28.707102 -6.458000
45.206000 28.707102 45.206000
-6.458000 27.221762 -6.458000
-6.458000 27.221762 45.206000
45.206000 27.221762 -6.458000
45.206000 27.221762 45.206000
-5.608127 26.526881 -7.307873
-5.608127 26.526881 44.356127
46.055873 26.526881 -7.307873
46.055873 26.526881 44.356127
-5.039823 26.989274 43.787823
46.624177 26.989274 43.787823
-5.336891 -5.336891 -7.579109
-5.336891 -5.336891 44.084891
-5.336891 46.327109 -7.579109
-5.336891 46.327109 44.084891
46.327109 -5.336891 -7.579109
46.327109 -5.336891 44.084891
46.327109 46.327109 -7.579109
46.327109 46.327109 44.084891
-3.461488 -5.633959 -7.282041
-3.461488 -5.633959 44.381959
-3.461488 46.030041 -7.282041
-3.461488 46.030041 44.381959
48.202512 -5.633959 -7.282041
48.202512 -5.633959 44.381959
48.202512 46.030041 -7.282041
48.202512 46.030041 44.381959
-2.875102 -6.458000 -6.458000
-2.875102 -6.458000 45.206000
-2.875102 45.206000 -6.458000
-2.875102 45.206000 45.206000
48.788898 -6.458000 -6.458000
48.788898 -6.458000 45.206000
48.788898 45.206000 -6.458000
48.788898 45.206000 45.206000
-1.389762 -6.458000 -6.458000
-1.389762 -6.458000 45.206000
-1.389762 45.206000 -6.458000
-1.389762 45.206000 45.206000
50.274238 -6.458000 -6.458000
50.274238 -6.458000 45.206000
50.274238 45.206000 -6.458000
50.274238 45.206000 45.206000
-0.694881 -5.608127 -7.307873
-0.694881 -5.608127 44.356127
-0.694881 46.055873 -7.307873
-0.694881 46.055873 44.356127
50.969119 -5.608127 -7.307873
50.969119 -5.608127 44.356127
50.969119 46.055873 -7.307873
50.969119 46.055873 44.356127
-1.157274 -5.039823 43.787823
-1.157274 46.624177 43.787823
50.506726 -5.039823 43.787823
50.506726 46.624177 43.787823
-5.336891 -5.336891 33.411109
-5.336891 46.327109 33.411109
46.327109 -5.336891 33.411109
46.327109 46.327109 33.411109
-5.633959 -3.461488 33.114041
-5.633959 48.202512 33.114041
46.030041 -3.461488 33.114041
46.030041 48.202512 33.114041
-6.458000 -2.875102 32.290000
-6.458000 48.788898 32.290000
45.206000 -2.875102 32.290000
45.206000 48.788898 32.290000
-6.458000 -1.389762 32.290000
-6.458000 50.274238 32.290000
45.206000 -1.389762 32.290000
45.206000 50.274238 32.290000
-5.608127 -0.694881 33.139873
-5.608127 50.969119 33.139873
46.055873 -0.694881 33.139873
46.055873 50.969119 33.139873
-5.039823 -1.157274 33.708177
-5.039823 50.506726 33.708177
46.624177 -1.157274 33.708177
46.624177 50.506726 33.708177
31.168891 -5.336891 33.411109
31.168891 46.327109 33.411109
29.293488 -5.633959 33.114041
29.293488 46.030041 33.114041
28.707102 -6.458000 32.290000
28.707102 45.206000 32.290000
27.221762 -6.458000 32.290000
27.221762 45.206000 32.290000
26.526881 -5.608127 33.139873
26.526881 46.055873 33.139873
26.989274 -5.039823 33.708177
26.989274 46.624177 33.708177
-5.336891 31.168891 33.411109
46.327109 31.168891 33.411109
-3.461488 31.465959 33.114041
48.202512 31.465959 33.114041
-2.875102 32.290000 32.290000
48.788898 32.290000 32.290000
-1.389762 32.290000 32.290000
50.274238 32.290000 32.290000
-0.694881 31.440127 33.139873
50.969119 31.440127 33.139873
-1.157274 30.871823 33.708177
50.506726 30.871823 33.708177
-7.282041 -5.633959 -3.461488
-7.282041 -5.633959 48.202512
-7.282041 46.030041 -3.461488
-7.282041 46.030041 48.202512
44.381959 -5.633959 -3.461488
44.381959 -5.633959 48.202512
44.381959 46.030041 -3.461488
44.381959 46.030041 48.202512
-7.307873 -5.608127 -0.694881
-7.307873 -5.608127 50.969119
-7.307873 46.055873 -0.694881
-7.307873 46.055873 50.969119
44.356127 -5.608127 -0.694881
44.356127 -5.608127 50.969119
44.356127 46.055873 -0.694881
44.356127 46.055873 50.969119
43.787823 -5.039823 -1.157274
43.787823 -5.039823 50.506726
43.787823 46.624177 -1.157274
43.787823 46.624177 50.506726
31.465959 -7.282041 -3.461488
31.465959 -7.282041 48.202512
31.465959 44.381959 -3.461488
31.465959 44.381959 48.202512
31.440127 -7.307873 -0.694881
31.440127 -7.307873 50.969119
31.440127 44.356127 -0.694881
31.440127 44.356127 50.969119
30.871823 43.787823 -1.157274
30.871823 43.787823 50.506726
33.114041 31.465959 -3.461488
33.114041 31.465959 48.202512
33.139873 31.440127 -0.694881
33.139873 31.440127 50.969119
33.708177 30.871823 -1.157274
33.708177 30.871823 50.506726
-5.633959 33.114041 -3.461488
-5.633959 33.114041 48.202512
46.030041 33.114041 -3.461488
46.030041 33.114041 48.202512
-5.608127 33.139873 -0.694881
-5.608127 33.139873 50.969119
46.055873 33.139873 -0.694881
46.055873 33.139873 50.969119
-5.039823 33.708177 -1.157274
-5.039823 33.708177 50.506726
46.624177 33.708177 -1.157274
46.624177 33.708177 50.506726
-7.282041 31.465959 29.293488
44.381959 31.465959 29.293488
-7.307873 31.440127 26.526881
44.356127 31.440127 26.526881
43.787823 30.871823 26.989274
-5.633959 -7.282041 29.293488
-5.633959 44.381959 29.293488
46.030041 -7.282041 29.293488
46.030041 44.381959 29.293488
-5.608127 -7.307873 26.526881
-5.608127 44.356127 26.526881
46.055873 -7.307873 26.526881
46.055873 44.356127 26.526881
-5.039823 43.787823 26.989274
46.624177 43.787823 26.989274
33.114041 -5.633959 29.293488
33.114041 46.030041 29.293488
33.139873 -5.608127 26.526881
33.139873 46.055873 26.526881
33.708177 -5.039823 26.989274
33.708177 46.624177 26.989274
31.465959 33.114041 29.293488
31.440127 33.139873 26.526881
30.871823 33.708177 26.989274
-3.461488 -7.282041 -5.633959
-3.461488 -7.282041 46.030041
-3.461488 44.381959 -5.633959
-3.461488 44.381959 46.030041
48.202512 -7.282041 -5.633959
48.202512 -7.282041 46.030041
48.202512 44.381959 -5.633959
48.202512 44.381959 46.030041
-0.694881 -7.307873 -5.608127
-0.694881 -7.307873 46.055873
-0.694881 44.356127 -5.608127
-0.694881 44.356127 46.055873
50.969119 -7.307873 -5.608127
50.969119 -7.307873 46.055873
50.969119 44.356127 -5.608127
50.969119 44.356127 46.055873
-1.157274 43.787823 -5.039823
-1.157274 43.787823 46.624177
50.506726 43.787823 -5.039823
50.506726 43.787823 46.624177
33.114041 -3.461488 -5.633959
33.114041 -3.461488 46.030041
33.114041 48.202512 -5.633959
33.114041 48.202512 46.030041
33.139873 -0.694881 -5.608127
33.139873 -0.694881 46.055873
33.139873 50.969119 -5.608127
33.139873 50.969119 46.055873
33.708177 -1.157274 -5.039823
33.708177 -1.157274 46.624177
33.708177 50.506726 -5.039823
33.708177 50.506726 46.624177
29.293488 33.114041 -5.633959
29.293488 33.114041 46.030041
26.526881 33.139873 -5.608127
26.526881 33.139873 46.055873
26.989274 33.708177 -5.039823
26.989274 33.708177 46.624177
-7.282041 29.293488 -5.633959
-7.282041 29.293488 46.030041
44.381959 29.293488 -5.633959
44.381959 29.293488 46.030041
-7.307873 26.526881 -5.608127
-7.307873 26.526881 46.055873
44.356127 26.526881 -5.608127
44.356127 26.526881 46.055873
43.787823 26.989274 -5.039823
43.787823 26.989274 46.624177
-3.461488 33.114041 31.465959
48.202512 33.114041 31.465959
-0.694881 33.139873 31.440127
50.969119 33.139873 31.440127
-1.157274 33.708177 30.871823
50.506726 33.708177 30.871823
-7.282041 -3.461488 31.465959
-7.282041 48.202512 31.465959
44.381959 -3.461488 31.465959
44.381959 48.202512 31.465959
-7.307873 -0.694881 31.440127
-7.307873 50.969119 31.440127
44.356127 -0.694881 31.440127
44.356127 50.969119 31.440127
43.787823 -1.157274 30.871823
43.787823 50.506726 30.871823
29.293488 -7.282041 31.465959
29.293488 44.381959 31.465959
26.526881 -7.307873 31.440127
26.526881 44.356127 31.440127
26.989274 43.787823 30.871823
33.114041 29.293488 31.465959
33.139873 26.526881 31.440127
33.708177 26.989274 30.871823
-5.633959 -3.461488 -7.282041
-5.633959 -3.461488 44.381959
-5.633959 48.202512 -7.282041
-5.633959 48.202512 44.381959
46.030041 -3.461488 -7.282041
46.030041 -3.461488 44.381959
46.030041 48.202512 -7.282041
46.030041 48.202512 44.381959
-5.608127 -0.694881 -7.307873
-5.608127 -0.694881 44.356127
-5.608127 50.969119 -7.307873
-5.608127 50.969119 44.356127
46.055873 -0.694881 -7.307873
46.055873 -0.694881 44.356127
46.055873 50.969119 -7.307873
46.055873 50.969119 44.356127
-5.039823 -1.157274 43.787823
-5.039823 50.506726 43.787823
46.624177 -1.157274 43.787823
46.624177 50.506726 43.787823
-5.633959 29.293488 33.114041
46.030041 29.293488 33.114041
-5.608127 26.526881 33.139873
46.055873 26.526881 33.139873
-5.039823 26.989274 33.708177
46.624177 26.989274 33.708177
-3.461488 -5.633959 33.114041
-3.461488 46.030041 33.114041
48.202512 -5.633959 33.114041
48.202512 46.030041 33.114041
-0.694881 -5.608127 33.139873
-0.694881 46.055873 33.139873
50.969119 -5.608127 33.139873
50.969119 46.055873 33.139873
-1.157274 -5.039823 33.708177
-1.157274 46.624177 33.708177
50.506726 -5.039823 33.708177
50.506726 46.624177 33.708177
31.465959 -3.461488 33.114041
31.465959 48.202512 33.114041
31.440127 -0.694881 33.139873
31.440127 50.969119 33.139873
30.871823 -1.157274 33.708177
30.871823 50.506726 33.708177
29.293488 31.465959 33.114041
26.526881 31.440127 33.139873
26.989274 30.871823 33.708177
31.465959 29.293488 -7.282041
31.465959 29.293488 44.381959
31.440127 26.526881 -7.307873
31.440127 26.526881 44.356127
30.871823 26.989274 43.787823
-3.461488 31.465959 -7.282041
-3.461488 31.465959 44.381959
48.202512 31.465959 -7.282041
48.202512 31.465959 44.381959
-0.694881 31.440127 -7.307873
-0.694881 31.440127 44.356127
50.969119 31.440127 -7.307873
50.969119 31.440127 44.356127
-1.157274 30.871823 43.787823
50.506726 30.871823 43.787823
29.293488 -5.633959 -7.282041
29.293488 -5.633959 44.381959
29.293488 46.030041 -7.282041
29.293488 46.030041 44.381959
26.526881 -5.608127 -7.307873
26.526881 -5.608127 44.356127
26.526881 46.055873 -7.307873
26.526881 46.055873 44.356127
26.989274 -5.039823 43.787823
26.989274 46.624177 43.787823
33.411109 -7.579109 -7.579109
33.411109 -7.579109 44.084891
33.411109 44.084891 -7.579109
33.411109 44.084891 44.084891
33.114041 -7.282041 42.209488
33.114041 44.381959 42.209488
32.290000 -6.458000 41.623102
32.290000 45.206000 41.623102
32.290000 -6.458000 40.137762
32.290000 45.206000 40.137762
33.139873 -7.307873 39.442881
33.139873 44.356127 39.442881
33.708177 43.787823 39.905274
-5.633959 -5.633959 42.209488
-5.633959 46.030041 42.209488
46.030041 -5.633959 42.209488
46.030041 46.030041 42.209488
-6.458000 -6.458000 41.623102
-6.458000 45.206000 41.623102
45.206000 -6.458000 41.623102
45.206000 45.206000 41.623102
-6.458000 -6.458000 40.137762
-6.458000 45.206000 40.137762
45.206000 -6.458000 40.137762
45.206000 45.206000 40.137762
-5.608127 -5.608127 39.442881
-5.608127 46.055873 39.442881
46.055873 -5.608127 39.442881
46.055873 46.055873 39.442881
-5.039823 -5.039823 39.905274
-5.039823 46.624177 39.905274
46.624177 -5.039823 39.905274
46.624177 46.624177 39.905274
-7.579109 33.411109 -7.579109
-7.579109 33.411109 44.084891
44.084891 33.411109 -7.579109
44.084891 33.411109 44.084891
-7.282041 33.114041 42.209488
44.381959 33.114041 42.209488
-6.458000 32.290000 41.623102
45.206000 32.290000 41.623102
-6.458000 32.290000 40.137762
45.206000 32.290000 40.137762
-7.307873 33.139873 39.442881
44.356127 33.139873 39.442881
43.787823 33.708177 39.905274
31.465959 31.465959 42.209488
32.290000 32.290000 41.623102
32.290000 32.290000 40.137762
31.440127 31.440127 39.442881
30.871823 30.871823 39.905274
33.411109 33.411109 33.411109
33.114041 33.114041 35.286512
32.290000 32.290000 35.872898
32.290000 32.290000 37.358238
33.139873 33.139873 38.053119
33.708177 33.708177 37.590726
31.465959 -5.633959 35.286512
31.465959 46.030041 35.286512
32.290000 -6.458000 35.872898
32.290000 45.206000 35.872898
32.290000 -6.458000 37.358238
32.290000 45.206000 37.358238
31.440127 -5.608127 38.053119
31.440127 46.055873 38.053119
30.871823 -5.039823 37.590726
30.871823 46.624177 37.590726
-7.579109 -7.579109 33.411109
-7.579109 44.084891 33.411109
44.084891 -7.579109 33.411109
44.084891 44.084891 33.411109
-7.282041 -7.282041 35.286512
-7.282041 44.381959 35.286512
44.381959 -7.282041 35.286512
44.381959 44.381959 35.286512
-6.458000 -6.458000 35.872898
-6.458000 45.206000 35.872898
45.206000 -6.458000 35.872898
45.206000 45.206000 35.872898
-6.458000 -6.458000 37.358238
-6.458000 45.206000 37.358238
45.206000 -6.458000 37.358238
45.206000 45.206000 37.358238
-7.307873 -7.307873 38.053119
-7.307873 44.356127 38.053119
44.356127 -7.307873 38.053119
44.356127 44.356127 38.053119
43.787823 43.787823 37.590726
-5.633959 31.465959 35.286512
46.030041 31.465959 35.286512
-6.458000 32.290000 35.872898
45.206000 32.290000 35.872898
-6.458000 32.290000 37.358238
45.206000 32.290000 37.358238
-5.608127 31.440127 38.053119
46.055873 31.440127 38.053119
-5.039823 30.871823 37.590726
46.624177 30.871823 37.590726
-7.579109 -7.579109 -7.579109
-7.579109 -7.579109 44.084891
-7.579109 44.084891 -7.579109
-7.579109 44.084891 44.084891
44.084891 -7.579109 -7.579109
44.084891 -7.579109 44.084891
44.084891 44.084891 -7.579109
44.084891 44.084891 44.084891
-7.282041 42.209488 -7.282041
-7.282041 42.209488 44.381959
44.381959 42.209488 -7.282041
44.381959 42.209488 44.381959
-6.458000 41.623102 -6.458000
-6.458000 41.623102 45.206000
45.206000 41.623102 -6.458000
45.206000 41.623102 45.206000
-6.458000 40.137762 -6.458000
-6.458000 40.137762 45.206000
45.206000 40.137762 -6.458000
45.206000 40.137762 45.206000
-7.307873 39.442881 -7.307873
-7.307873 39.442881 44.356127
44.356127 39.442881 -7.307873
44.356127 39.442881 44.356127
43.787823 39.905274 43.787823
33.411109 33.411109 -7.579109
33.411109 33.411109 44.084891
33.114041 35.286512 -7.282041
33.114041 35.286512 44.381959
32.290000 35.872898 -6.458000
32.290000 35.872898 45.206000
32.290000 37.358238 -6.458000
32.290000 37.358238 45.206000
33.139873 38.053119 -7.307873
33.139873 38.053119 44.356127
33.708177 37.590726 43.787823
33.411109 -7.579109 33.411109
33.411109 44.084891 33.411109
33.114041 42.209488 33.114041
32.290000 41.623102 32.290000
32.290000 40.137762 32.290000
33.139873 39.442881 33.139873
33.708177 39.905274 33.708177
-7.579109 33.411109 33.411109
44.084891 33.411109 33.411109
-7.282041 35.286512 33.114041
44.381959 35.286512 33.114041
-6.458000 35.872898 32.290000
45.206000 35.872898 32.290000
-6.458000 37.358238 32.290000
45.206000 37.358238 32.290000
-7.307873 38.053119 33.139873
44.356127 38.053119 33.139873
43.787823 37.590726 33.708177
31.465959 42.209488 -5.633959
31.465959 42.209488 46.030041
32.290000 41.623102 -6.458000
32.290000 41.623102 45.206000
32.290000 40.137762 -6.458000
32.290000 40.137762 45.206000
31.440127 39.442881 -5.608127
31.440127 39.442881 46.055873
30.871823 39.905274 -5.039823
30.871823 39.905274 46.624177
31.465959 35.286512 31.465959
32.290000 35.872898 32.290000
32.290000 37.358238 32.290000
31.440127 38.053119 31.440127
30.871823 37.590726 30.871823
-5.633959 42.209488 31.465959
46.030041 42.209488 31.465959
-6.458000 41.623102 32.290000
45.206000 41.623102 32.290000
-6.458000 40.137762 32.290000
45.206000 40.137762 32.290000
-5.608127 39.442881 31.440127
46.055873 39.442881 31.440127
-5.039823 39.905274 30.871823
46.624177 39.905274 30.871823
-5.633959 35.286512 -5.633959
-5.633959 35.286512 46.030041
46.030041 35.286512 -5.633959
46.030041 35.286512 46.030041
-6.458000 35.872898 -6.458000
-6.458000 35.872898 45.206000
45.206000 35.872898 -6.458000
45.206000 35.872898 45.206000
-6.458000 37.358238 -6.458000
-6.458000 37.358238 45.206000
45.206000 37.358238 -6.458000
45.206000 37.358238 45.206000
-5.608127 38.053119 -5.608127
-5.608127 38.053119 46.055873
46.055873 38.053119 -5.608127
46.055873 38.053119 46.055873
-5.039823 37.590726 -5.039823
-5.039823 37.590726 46.624177
46.624177 37.590726 -5.039823
46.624177 37.590726 46.624177
-7.282041 33.114041 35.286512
44.381959 33.114041 35.286512
-7.307873 33.139873 38.053119
44.356127 33.139873 38.053119
43.787823 33.708177 37.590726
31.465959 31.465959 35.286512
31.440127 31.440127 38.053119
30.871823 30.871823 37.590726
33.114041 -7.282041 35.286512
33.114041 44.381959 35.286512
33.139873 -7.307873 38.053119
33.139873 44.356127 38.053119
33.708177 43.787823 37.590726
-5.633959 -5.633959 35.286512
-5.633959 46.030041 35.286512
46.030041 -5.633959 35.286512
46.030041 46.030041 35.286512
-5.608127 -5.608127 38.053119
-5.608127 46.055873 38.053119
46.055873 -5.608127 38.053119
46.055873 46.055873 38.053119
-5.039823 -5.039823 37.590726
-5.039823 46.624177 37.590726
46.624177 -5.039823 37.590726
46.624177 46.624177 37.590726
-7.282041 -7.282041 42.209488
-7.282041 44.381959 42.209488
44.381959 -7.282041 42.209488
44.381959 44.381959 42.209488
-7.307873 -7.307873 39.442881
-7.307873 44.356127 39.442881
44.356127 -7.307873 39.442881
44.356127 44.356127 39.442881
43.787823 43.787823 39.905274
-5.633959 31.465959 42.209488
46.030041 31.465959 42.209488
-5.608127 31.440127 39.442881
46.055873 31.440127 39.442881
-5.039823 30.871823 39.905274
46.624177 30.871823 39.905274
33.114041 33.114041 42.209488
33.139873 33.139873 39.442881
33.708177 33.708177 39.905274
31.465959 -5.633959 42.209488
31.465959 46.030041 42.209488
31.440127 -5.608127 39.442881
31.440127 46.055873 39.442881
30.871823 -5.039823 39.905274
30.871823 46.624177 39.905274
33.114041 35.286512 33.114041
33.139873 38.053119 33.139873
33.708177 37.590726 33.708177
-7.282041 42.209488 33.114041
44.381959 42.209488 33.114041
-7.307873 39.442881 33.139873
44.356127 39.442881 33.139873
43.787823 39.905274 33.708177
-7.282041 35.286512 -7.282041
-7.282041 35.286512 44.381959
44.381959 35.286512 -7.282041
44.381959 35.286512 44.381959
-7.307873 38.053119 -7.307873
-7.307873 38.053119 44.356127
44.356127 38.053119 -7.307873
44.356127 38.053119 44.356127
43.787823 37.590726 43.787823
33.114041 42.209488 -7.282041
33.114041 42.209488 44.381959
33.139873 39.442881 -7.307873
33.139873 39.442881 44.356127
33.708177 39.905274 43.787823
-5.633959 35.286512 31.465959
46.030041 35.286512 31.465959
-5.608127 38.053119 31.440127
46.055873 38.053119 31.440127
-5.039823 37.590726 30.871823
46.624177 37.590726 30.871823
-5.633959 42.209488 -5.633959
-5.633959 42.209488 46.030041
46.030041 42.209488 -5.633959
46.030041 42.209488 46.030041
-5.608127 39.442881 -5.608127
-5.608127 39.442881 46.055873
46.055873 39.442881 -5.608127
46.055873 39.442881 46.055873
-5.039823 39.905274 -5.039823
-5.039823 39.905274 46.624177
46.624177 39.905274 -5.039823
46.624177 39.905274 46.624177
31.465959 35.286512 -5.633959
31.465959 35.286512 46.030041
31.440127 38.053119 -5.608127
31.440127 38.053119 46.055873
30.871823 37.590726 -5.039823
30.871823 37.590726 46.624177
31.465959 42.209488 31.465959
31.440127 39.442881 31.440127
30.871823 39.905274 30.871823
42.209488 33.114041 -7.282041
42.209488 33.114041 44.381959
41.623102 32.290000 -6.458000
41.623102 32.290000 45.206000
40.137762 32.290000 -6.458000
40.137762 32.290000 45.206000
39.442881 33.139873 -7.307873
39.442881 33.139873 44.356127
39.905274 33.708177 43.787823
35.286512 -7.282041 -7.282041
35.286512 -7.282041 44.381959
35.286512 44.381959 -7.282041
35.286512 44.381959 44.381959
35.872898 -6.458000 -6.458000
35.872898 -6.458000 45.206000
35.872898 45.206000 -6.458000
35.872898 45.206000 45.206000
37.358238 -6.458000 -6.458000
37.358238 -6.458000 45.206000
37.358238 45.206000 -6.458000
37.358238 45.206000 45.206000
38.053119 -7.307873 -7.307873
38.053119 -7.307873 44.356127
38.053119 44.356127 -7.307873
38.053119 44.356127 44.356127
37.590726 43.787823 43.787823
42.209488 -7.282041 33.114041
42.209488 44.381959 33.114041
41.623102 -6.458000 32.290000
41.623102 45.206000 32.290000
40.137762 -6.458000 32.290000
40.137762 45.206000 32.290000
39.442881 -7.307873 33.139873
39.442881 44.356127 33.139873
39.905274 43.787823 33.708177
35.286512 33.114041 33.114041
35.872898 32.290000 32.290000
37.358238 32.290000 32.290000
38.053119 33.139873 33.139873
37.590726 33.708177 33.708177
42.209488 31.465959 31.465959
41.623102 32.290000 32.290000
40.137762 32.290000 32.290000
39.442881 31.440127 31.440127
39.905274 30.871823 30.871823
35.286512 -5.633959 31.465959
35.286512 46.030041 31.465959
35.872898 -6.458000 32.290000
35.872898 45.206000 32.290000
37.358238 -6.458000 32.290000
37.358238 45.206000 32.290000
38.053119 -5.608127 31.440127
38.053119 46.055873 31.440127
37.590726 -5.039823 30.871823
37.590726 46.624177 30.871823
42.209488 -5.633959 -5.633959
42.209488 -5.633959 46.030041
42.209488 46.030041 -5.633959
42.209488 46.030041 46.030041
41.623102 -6.458000 -6.458000
41.623102 -6.458000 45.206000
41.623102 45.206000 -6.458000
41.623102 45.206000 45.206000
40.137762 -6.458000 -6.458000
40.137762 -6.458000 45.206000
40.137762 45.206000 -6.458000
40.137762 45.206000 45.206000
39.442881 -5.608127 -5.608127
39.442881 -5.608127 46.055873
39.442881 46.055873 -5.608127
39.442881 46.055873 46.055873
39.905274 -5.039823 -5.039823
39.905274 -5.039823 46.624177
39.905274 46.624177 -5.039823
39.905274 46.624177 46.624177
35.286512 31.465959 -5.633959
35.286512 31.465959 46.030041
35.872898 32.290000 -6.458000
35.872898 32.290000 45.206000
37.358238 32.290000 -6.458000
37.358238 32.290000 45.206000
38.053119 31.440127 -5.608127
38.053119 31.440127 46.055873
37.590726 30.871823 -5.039823
37.590726 30.871823 46.624177
35.286512 -7.282041 33.114041
35.286512 44.381959 33.114041
38.053119 -7.307873 33.139873
38.053119 44.356127 33.139873
37.590726 43.787823 33.708177
42.209488 33.114041 33.114041
39.442881 33.139873 33.139873
39.905274 33.708177 33.708177
35.286512 33.114041 -7.282041
35.286512 33.114041 44.381959
38.053119 33.139873 -7.307873
38.053119 33.139873 44.356127
37.590726 33.708177 43.787823
42.209488 -7.282041 -7.282041
42.209488 -7.282041 44.381959
42.209488 44.381959 -7.282041
42.209488 44.381959 44.381959
39.442881 -7.307873 -7.307873
39.442881 -7.307873 44.356127
39.442881 44.356127 -7.307873
39.442881 44.356127 44.356127
39.905274 43.787823 43.787823
35.286512 -5.633959 -5.633959
35.286512 -5.633959 46.030041
35.286512 46.030041 -5.633959
35.286512 46.030041 46.030041
38.053119 -5.608127 -5.608127
38.053119 -5.608127 46.055873
38.053119 46.055873 -5.608127
38.053119 46.055873 46.055873
37.590726 -5.039823 -5.039823
37.590726 -5.039823 46.624177
37.590726 46.624177 -5.039823
37.590726 46.624177 46.624177
42.209488 31.465959 -5.633959
42.209488 31.465959 46.030041
39.442881 31.440127 -5.608127
39.442881 31.440127 46.055873
39.905274 30.871823 -5.039823
39.905274 30.871823 46.624177
35.286512 31.465959 31.465959
38.053119 31.440127 31.440127
37.590726 30.871823 30.871823
42.209488 -5.633959 31.465959
42.209488 46.030041 31.465959
39.442881 -5.608127 31.440127
39.442881 46.055873 31.440127
39.905274 -5.039823 30.871823
39.905274 46.624177 30.871823
LINES 10992 32976
2 0 8
2 0 16
2 0 610
2 0 1113
2 1 9
2 1 17
2 1 611
2 1 1114
2 2 10
2 2 18
2 2 612
2 2 1115
2 3 11
2 3 19
2 3 613
2 3 1116
2 4 12
2 4 20
2 4 614
2 5 13
2 5 21
2 5 615
2 6 14
2 6 22
2 6 616
2 7 15
2 7 23
2 7 617
2 8 180
2 8 333
2 8 749
2 9 181
2 9 334
2 9 750
2 10 182
2 10 335
2 10 751
2 11 183
2 11 336
2 11 752
2 12 184
2 12 337
2 12 753
2 13 185
2 13 338
2 13 754
2 14 186
2 14 339
2 14 755
2 15 187
2 15 340
2 15 756
2 16 24
2 17 25
2 18 26
2 19 27
2 20 28
2 21 29
2 22 30
2 23 31
2 24 32
2 24 538
2 25 33
2 25 539
2 26 34
2 26 540
2 27 35
2 27 541
2 28 36
2 28 542
2 29 37
2 29 543
2 30 38
2 30 544
2 31 39
2 31 545
2 32 40
2 32 546
2 33 41
2 33 547
2 34 42
2 34 548
2 35 43
2 35 549
2 36 44
2 36 550
2 37 45
2 37 551
2 38 46
2 38 552
2 39 47
2 39 553
2 40 48
2 40 1643
2 41 49
2 41 1644
2 42 50
2 42 1645
2 43 51
2 43 1646
2 44 1647
2 45 1648
2 46 1649
2 47 1650
2 52 56
2 52 60
2 52 582
2 52 970
2 53 57
2 53 61
2 53 583
2 53 971
2 54 58
2 54 62
2 54 584
2 55 59
2 55 63
2 55 585
2 56 224
2 56 464
2 56 841
2 57 225
2 57 465
2 57 842
2 58 226
2 58 466
2 58 843
2 59 227
2 59 467
2 59 844
2 60 64
2 61 65
2 62 66
2 63 67
2 64 68
2 64 510
2 65 69
2 65 511
2 66 70
2 66 512
2 67 71
2 67 513
2 68 72
2 68 514
2 69 73
2 69 515
2 70 74
2 70 516
2 71 75
2 71 517
2 72 76
2 72 1659
2 73 77
2 73 1660
2 74 1661
2 75 1662
2 78 80
2 78 82
2 78 592
2 78 1125
2 79 81
2 79 83
2 79 593
2 79 1126
2 80 248
2 80 431
2 80 784
2 81 249
2 81 432
2 81 785
2 82 84
2 83 85
2 84 86
2 84 522
2 85 87
2 85 523
2 86 88
2 86 524
2 87 89
2 87 525
2 88 90
2 88 1619
2 89 91
2 89 1620
2 92 96
2 92 100
2 92 598
2 92 985
2 93 97
2 93 101
2 93 599
2 93 986
2 94 98
2 94 102
2 94 600
2 94 987
2 95 99
2 95 103
2 95 601
2 95 988
2 96 260
2 96 442
2 96 820
2 97 261
2 97 443
2 97 821
2 98 262
2 98 444
2 98 822
2 99 263
2 99 445
2 99 823
2 100 104
2 101 105
2 102 106
2 103 107
2 104 108
2 104 528
2 105 109
2 105 529
2 106 110
2 106 530
2 107 111
2 107 531
2 108 112
2 108 532
2 109 113
2 109 533
2 110 114
2 110 534
2 111 115
2 111 535
2 112 116
2 112 1627
2 113 117
2 113 1628
2 114 118
2 114 1629
2 115 119
2 115 1630
2 120 122
2 120 124
2 120 561
2 120 1104
2 121 123
2 121 125
2 121 562
2 122 282
2 122 377
2 122 702
2 123 283
2 123 378
2 123 703
2 124 126
2 125 127
2 126 128
2 126 489
2 127 129
2 127 490
2 128 130
2 128 491
2 129 131
2 129 492
2 130 132
2 130 1676
2 131 1677
2 133 137
2 133 141
2 133 566
2 133 979
2 134 138
2 134 142
2 134 567
2 135 139
2 135 143
2 135 568
2 135 980
2 136 140
2 136 144
2 136 569
2 137 294
2 137 389
2 137 807
2 138 295
2 138 390
2 138 808
2 139 296
2 139 391
2 139 809
2 140 297
2 140 392
2 140 810
2 141 145
2 142 146
2 143 147
2 144 148
2 145 149
2 145 495
2 146 150
2 146 496
2 147 151
2 147 497
2 148 152
2 148 498
2 149 153
2 149 499
2 150 154
2 150 500
2 151 155
2 151 501
2 152 156
2 152 502
2 153 157
2 153 1683
2 154 1684
2 155 158
2 155 1685
2 156 1686
2 159 161
2 159 163
2 159 576
2 159 1107
2 160 162
2 160 164
2 160 577
2 160 1108
2 161 316
2 161 413
2 161 718
2 162 317
2 162 414
2 162 719
2 163 165
2 164 166
2 165 167
2 165 505
2 166 168
2 166 506
2 167 169
2 167 507
2 168 170
2 168 508
2 169 171
2 169 1667
2 170 172
2 170 1668
2 173 174
2 173 175
2 173 558
2 173 976
2 174 327
2 174 425
2 174 801
2 175 176
2 176 177
2 176 486
2 177 178
2 177 487
2 178 179
2 178 1672
2 180 188
2 180 538
2 180 864
2 181 189
2 181 539
2 181 865
2 182 190
2 182 540
2 183 191
2 183 541
2 184 192
2 184 542
2 184 866
2 185 193
2 185 543
2 185 867
2 186 194
2 186 544
2 187 195
2 187 545
2 188 196
2 189 197
2 190 198
2 191 199
2 192 200
2 193 201
2 194 202
2 195 203
2 196 204
2 196 658
2 197 205
2 197 659
2 198 206
2 198 660
2 199 207
2 199 661
2 200 208
2 200 662
2 201 209
2 201 663
2 202 210
2 202 664
2 203 211
2 203 665
2 204 212
2 204 666
2 205 213
2 205 667
2 206 214
2 206 668
2 207 215
2 207 669
2 208 216
2 208 670
2 209 217
2 209 671
2 210 218
2 210 672
2 211 219
2 211 673
2 212 220
2 212 5114
2 213 221
2 213 5115
2 214 5116
2 215 5117
2 216 222
2 216 5118
2 217 223
2 217 5119
2 218 5120
2 219 5121
2 224 228
2 224 510
2 224 1037
2 225 229
2 225 511
2 225 1038
2 226 230
2 226 512
2 226 1039
2 227 231
2 227 513
2 227 1040
2 228 232
2 229 233
2 230 234
2 231 235
2 232 236
2 232 633
2 233 237
2 233 634
2 234 238
2 234 635
2 235 239
2 235 636
2 236 240
2 236 637
2 237 241
2 237 638
2 238 242
2 238 639
2 239 243
2 239 640
2 240 244
2 240 2854
2 241 245
2 241 2855
2 242 246
2 242 2856
2 243 247
2 243 2857
2 248 250
2 248 522
2 248 884
2 249 251
2 249 523
2 249 885
2 250 252
2 251 253
2 252 254
2 252 643
2 253 255
2 253 644
2 254 256
2 254 645
2 255 257
2 255 646
2 256 258
2 256 5138
2 257 259
2 257 5139
2 260 264
2 260 528
2 260 1057
2 261 265
2 261 529
2 261 1058
2 262 266
2 262 530
2 263 267
2 263 531
2 264 268
2 265 269
2 266 270
2 267 271
2 268 272
2 268 648
2 269 273
2 269 649
2 270 274
2 270 650
2 271 275
2 271 651
2 272 276
2 272 652
2 273 277
2 273 653
2 274 278
2 274 654
2 275 279
2 275 655
2 276 280
2 276 2886
2 277 281
2 277 2887
2 278 2888
2 279 2889
2 282 284
2 282 489
2 282 854
2 283 285
2 283 490
2 283 855
2 284 286
2 285 287
2 286 288
2 286 696
2 287 289
2 287 697
2 288 290
2 288 698
2 289 291
2 289 699
2 290 292
2 290 5084
2 291 293
2 291 5085
2 294 298
2 294 495
2 294 1072
2 295 299
2 295 496
2 295 1073
2 296 300
2 296 497
2 297 301
2 297 498
2 298 302
2 299 303
2 300 304
2 301 305
2 302 306
2 302 678
2 303 307
2 303 679
2 304 308
2 304 680
2 305 309
2 305 681
2 306 310
2 306 682
2 307 311
2 307 683
2 308 312
2 308 684
2 309 313
2 309 685
2 310 314
2 310 2829
2 311 315
2 311 2830
2 312 2831
2 313 2832
2 316 318
2 316 505
2 316 894
2 317 319
2 317 506
2 318 320
2 319 321
2 320 322
2 320 690
2 321 323
2 321 691
2 322 324
2 322 692
2 323 325
2 323 693
2 324 326
2 324 5093
2 325 5094
2 327 328
2 327 486
2 327 1067
2 328 329
2 329 330
2 329 630
2 330 331
2 330 631
2 331 332
2 331 2842
2 333 341
2 333 658
2 333 904
2 334 342
2 334 659
2 335 343
2 335 660
2 335 905
2 336 344
2 336 661
2 337 345
2 337 662
2 337 906
2 338 346
2 338 663
2 339 347
2 339 664
2 339 907
2 340 348
2 340 665
2 341 349
2 342 350
2 343 351
2 344 352
2 345 353
2 346 354
2 347 355
2 348 356
2 349 357
2 349 610
2 350 358
2 350 611
2 351 359
2 351 612
2 352 360
2 352 613
2 353 361
2 353 614
2 354 362
2 354 615
2 355 363
2 355 616
2 356 364
2 356 617
2 357 365
2 357 618
2 358 366
2 358 619
2 359 367
2 359 620
2 360 368
2 360 621
2 361 369
2 361 622
2 362 370
2 362 623
2 363 371
2 363 624
2 364 372
2 364 625
2 365 373
2 365 2921
2 366 2922
2 367 374
2 367 2923
2 368 2924
2 369 375
2 369 2925
2 370 2926
2 371 376
2 371 2927
2 372 2928
2 377 379
2 377 696
2 377 942
2 378 380
2 378 697
2 378 943
2 379 381
2 380 382
2 381 383
2 381 561
2 382 384
2 382 562
2 383 385
2 383 563
2 384 386
2 384 564
2 385 387
2 385 2945
2 386 388
2 386 2946
2 389 393
2 389 678
2 389 729
2 390 394
2 390 679
2 390 730
2 391 395
2 391 680
2 391 731
2 392 396
2 392 681
2 392 732
2 393 397
2 394 398
2 395 399
2 396 400
2 397 401
2 397 566
2 398 402
2 398 567
2 399 403
2 399 568
2 400 404
2 400 569
2 401 405
2 401 570
2 402 406
2 402 571
2 403 407
2 403 572
2 404 408
2 404 573
2 405 409
2 405 5215
2 406 410
2 406 5216
2 407 411
2 407 5217
2 408 412
2 408 5218
2 413 415
2 413 690
2 413 927
2 414 416
2 414 691
2 414 928
2 415 417
2 416 418
2 417 419
2 417 576
2 418 420
2 418 577
2 419 421
2 419 578
2 420 422
2 420 579
2 421 423
2 421 2894
2 422 424
2 422 2895
2 425 426
2 425 630
2 425 713
2 426 427
2 427 428
2 427 558
2 428 429
2 428 559
2 429 430
2 429 5224
2 431 433
2 431 643
2 431 921
2 432 434
2 432 644
2 433 435
2 434 436
2 435 437
2 435 592
2 436 438
2 436 593
2 437 439
2 437 594
2 438 440
2 438 595
2 439 441
2 439 2900
2 440 2901
2 442 446
2 442 648
2 442 774
2 443 447
2 443 649
2 444 448
2 444 650
2 444 775
2 445 449
2 445 651
2 446 450
2 447 451
2 448 452
2 449 453
2 450 454
2 450 598
2 451 455
2 451 599
2 452 456
2 452 600
2 453 457
2 453 601
2 454 458
2 454 602
2 455 459
2 455 603
2 456 460
2 456 604
2 457 461
2 457 605
2 458 462
2 458 5184
2 459 5185
2 460 463
2 460 5186
2 461 5187
2 464 468
2 464 633
2 464 791
2 465 469
2 465 634
2 466 470
2 466 635
2 466 792
2 467 471
2 467 636
2 468 472
2 469 473
2 470 474
2 471 475
2 472 476
2 472 582
2 473 477
2 473 583
2 474 478
2 474 584
2 475 479
2 475 585
2 476 480
2 476 586
2 477 481
2 477 587
2 478 482
2 478 588
2 479 483
2 479 589
2 480 484
2 480 5199
2 481 5200
2 482 485
2 482 5201
2 483 5202
2 487 488
2 487 1175
2 491 493
2 491 1187
2 492 494
2 492 1188
2 499 503
2 499 1151
2 500 504
2 500 1152
2 501 1153
2 502 1154
2 507 509
2 507 1167
2 508 1168
2 514 518
2 514 1289
2 515 519
2 515 1290
2 516 520
2 516 1291
2 517 521
2 517 1292
2 524 526
2 524 1307
2 525 527
2 525 1308
2 532 536
2 532 1211
2 533 537
2 533 1212
2 534 1213
2 535 1214
2 546 554
2 546 1257
2 547 555
2 547 1258
2 548 1259
2 549 1260
2 550 556
2 550 1261
2 551 557
2 551 1262
2 552 1263
2 553 1264
2 559 560
2 559 4810
2 563 565
2 563 2574
2 564 2575
2 570 574
2 570 4840
2 571 4841
2 572 575
2 572 4842
2 573 4843
2 578 580
2 578 2591
2 579 581
2 579 2592
2 586 590
2 586 4720
2 587 591
2 587 4721
2 588 4722
2 589 4723
2 594 596
2 594 2474
2 595 597
2 595 2475
2 602 606
2 602 4786
2 603 607
2 603 4787
2 604 608
2 604 4788
2 605 609
2 605 4789
2 618 626
2 618 2532
2 619 627
2 619 2533
2 620 628
2 620 2534
2 621 629
2 621 2535
2 622 2536
2 623 2537
2 624 2538
2 625 2539
2 631 632
2 631 2657
2 637 641
2 637 2687
2 638 2688
2 639 642
2 639 2689
2 640 2690
2 645 647
2 645 4963
2 646 4964
2 652 656
2 652 2611
2 653 2612
2 654 657
2 654 2613
2 655 2614
2 666 674
2 666 4998
2 667 4999
2 668 675
2 668 5000
2 669 5001
2 670 676
2 670 5002
2 671 5003
2 672 677
2 672 5004
2 673 5005
2 682 686
2 682 2633
2 683 687
2 683 2634
2 684 688
2 684 2635
2 685 689
2 685 2636
2 692 694
2 692 4893
2 693 695
2 693 4894
2 698 700
2 698 4929
2 699 701
2 699 4930
2 702 704
2 702 965
2 702 1006
2 703 705
2 703 966
2 704 706
2 705 707
2 706 708
2 706 942
2 707 709
2 707 943
2 708 710
2 708 944
2 709 711
2 709 945
2 710 712
2 710 918
2 711 919
2 713 714
2 714 715
2 714 924
2 715 716
2 715 925
2 716 717
2 716 922
2 718 720
2 718 962
2 718 997
2 719 721
2 719 998
2 720 722
2 721 723
2 722 724
2 722 927
2 723 725
2 723 928
2 724 726
2 724 929
2 725 727
2 725 930
2 726 728
2 726 901
2 727 902
2 729 733
2 730 734
2 731 735
2 732 736
2 733 737
2 733 933
2 734 738
2 734 934
2 735 739
2 735 935
2 736 740
2 736 936
2 737 741
2 737 937
2 738 742
2 738 938
2 739 743
2 739 939
2 740 744
2 740 940
2 741 745
2 741 908
2 742 746
2 742 909
2 743 747
2 743 910
2 744 748
2 744 911
2 749 757
2 749 948
2 749 1020
2 750 949
2 750 1021
2 751 758
2 751 1022
2 752 1023
2 753 759
2 753 950
2 754 951
2 755 760
2 757 761
2 758 762
2 759 763
2 760 764
2 761 765
2 761 904
2 762 766
2 762 905
2 763 767
2 763 906
2 764 768
2 764 907
2 765 769
2 765 908
2 766 770
2 766 909
2 767 771
2 767 910
2 768 772
2 768 911
2 769 773
2 769 937
2 770 938
2 771 939
2 772 940
2 774 776
2 775 777
2 776 778
2 776 916
2 777 779
2 777 917
2 778 780
2 778 918
2 779 781
2 779 919
2 780 782
2 780 944
2 781 783
2 781 945
2 784 786
2 784 957
2 784 1011
2 785 958
2 785 1012
2 786 787
2 787 788
2 787 921
2 788 789
2 788 922
2 789 790
2 789 925
2 791 793
2 792 794
2 793 795
2 793 899
2 794 796
2 794 900
2 795 797
2 795 901
2 796 798
2 796 902
2 797 799
2 797 929
2 798 800
2 798 930
2 801 802
2 801 924
2 801 1101
2 802 803
2 803 804
2 803 976
2 804 805
2 804 977
2 805 806
2 805 963
2 807 811
2 807 933
2 807 1096
2 808 934
2 808 1097
2 809 812
2 809 935
2 810 936
2 811 813
2 812 814
2 813 815
2 813 979
2 814 816
2 814 980
2 815 817
2 815 981
2 816 818
2 816 982
2 817 819
2 817 967
2 818 968
2 820 824
2 820 916
2 820 1082
2 821 825
2 821 1083
2 822 826
2 822 917
2 823 827
2 824 828
2 825 829
2 826 830
2 827 831
2 828 832
2 828 985
2 829 833
2 829 986
2 830 834
2 830 987
2 831 835
2 831 988
2 832 836
2 832 989
2 833 837
2 833 990
2 834 838
2 834 991
2 835 839
2 835 992
2 836 840
2 836 952
2 837 953
2 838 954
2 839 955
2 841 845
2 841 899
2 841 1087
2 842 846
2 842 1088
2 843 900
2 843 1089
2 844 1090
2 845 847
2 846 848
2 847 849
2 847 970
2 848 850
2 848 971
2 849 851
2 849 972
2 850 852
2 850 973
2 851 853
2 851 959
2 852 960
2 854 856
2 855 857
2 856 858
2 856 965
2 857 859
2 857 966
2 858 860
2 858 967
2 859 861
2 859 968
2 860 862
2 860 981
2 861 863
2 861 982
2 864 868
2 865 869
2 866 870
2 867 871
2 868 872
2 868 948
2 869 873
2 869 949
2 870 874
2 870 950
2 871 875
2 871 951
2 872 876
2 872 952
2 873 877
2 873 953
2 874 878
2 874 954
2 875 879
2 875 955
2 876 880
2 876 989
2 877 881
2 877 990
2 878 882
2 878 991
2 879 883
2 879 992
2 884 886
2 885 887
2 886 888
2 886 957
2 887 889
2 887 958
2 888 890
2 888 959
2 889 891
2 889 960
2 890 892
2 890 972
2 891 893
2 891 973
2 894 895
2 895 896
2 895 962
2 896 897
2 896 963
2 897 898
2 897 977
2 901 903
2 908 912
2 909 913
2 910 914
2 911 915
2 918 920
2 922 923
2 925 926
2 929 931
2 930 932
2 937 941
2 944 946
2 945 947
2 952 956
2 959 961
2 963 964
2 967 969
2 972 974
2 973 975
2 977 978
2 981 983
2 982 984
2 989 993
2 990 994
2 991 995
2 992 996
2 997 999
2 998 1000
2 999 1001
2 999 1107
2 1000 1002
2 1000 1108
2 1001 1003
2 1001 1109
2 1002 1004
2 1002 1110
2 1003 1005
2 1003 1098
2 1004 1099
2 1006 1007
2 1007 1008
2 1007 1104
2 1008 1009
2 1008 1105
2 1009 1010
2 1009 1102
2 1011 1013
2 1012 1014
2 1013 1015
2 1013 1125
2 1014 1016
2 1014 1126
2 1015 1017
2 1015 1127
2 1016 1018
2 1016 1128
2 1017 1019
2 1017 1084
2 1018 1085
2 1020 1024
2 1021 1025
2 1022 1026
2 1023 1027
2 1024 1028
2 1024 1113
2 1025 1029
2 1025 1114
2 1026 1030
2 1026 1115
2 1027 1031
2 1027 1116
2 1028 1032
2 1028 1117
2 1029 1033
2 1029 1118
2 1030 1034
2 1030 1119
2 1031 1035
2 1031 1120
2 1032 1036
2 1032 1091
2 1033 1092
2 1034 1093
2 1035 1094
2 1037 1041
2 1038 1042
2 1039 1043
2 1040 1044
2 1041 1045
2 1041 1087
2 1042 1046
2 1042 1088
2 1043 1047
2 1043 1089
2 1044 1048
2 1044 1090
2 1045 1049
2 1045 1091
2 1046 1050
2 1046 1092
2 1047 1051
2 1047 1093
2 1048 1052
2 1048 1094
2 1049 1053
2 1049 1117
2 1050 1054
2 1050 1118
2 1051 1055
2 1051 1119
2 1052 1056
2 1052 1120
2 1057 1059
2 1058 1060
2 1059 1061
2 1059 1082
2 1060 1062
2 1060 1083
2 1061 1063
2 1061 1084
2 1062 1064
2 1062 1085
2 1063 1065
2 1063 1127
2 1064 1066
2 1064 1128
2 1067 1068
2 1068 1069
2 1068 1101
2 1069 1070
2 1069 1102
2 1070 1071
2 1070 1105
2 1072 1074
2 1073 1075
2 1074 1076
2 1074 1096
2 1075 1077
2 1075 1097
2 1076 1078
2 1076 1098
2 1077 1079
2 1077 1099
2 1078 1080
2 1078 1109
2 1079 1081
2 1079 1110
2 1084 1086
2 1091 1095
2 1098 1100
2 1102 1103
2 1105 1106
2 1109 1111
2 1110 1112
2 1117 1121
2 1118 1122
2 1119 1123
2 1120 1124
2 1127 1129
2 1128 1130
2 1131 1135
2 1131 1139
2 1131 1751
2 1131 2253
2 1132 1136
2 1132 1140
2 1132 1752
2 1132 2254
2 1133 1137
2 1133 1141
2 1133 1753
2 1134 1138
2 1134 1142
2 1134 1754
2 1135 1311
2 1135 1464
2 1135 1884
2 1136 1312
2 1136 1465
2 1136 1885
2 1137 1313
2 1137 1466
2 1137 1886
2 1138 1314
2 1138 1467
2 1138 1887
2 1139 1143
2 1140 1144
2 1141 1145
2 1142 1146
2 1143 1147
2 1143 1679
2 1144 1148
2 1144 1680
2 1145 1149
2 1145 1681
2 1146 1150
2 1146 1682
2 1147 1151
2 1147 1683
2 1148 1152
2 1148 1684
2 1149 1153
2 1149 1685
2 1150 1154
2 1150 1686
2 1151 1155
2 1152 1156
2 1157 1159
2 1157 1161
2 1157 1737
2 1157 2101
2 1158 1160
2 1158 1162
2 1158 1738
2 1159 1333
2 1159 1605
2 1159 1978
2 1160 1334
2 1160 1606
2 1160 1979
2 1161 1163
2 1162 1164
2 1163 1165
2 1163 1665
2 1164 1166
2 1164 1666
2 1165 1167
2 1165 1667
2 1166 1168
2 1166 1668
2 1167 1169
2 1170 1171
2 1170 1172
2 1170 1742
2 1170 2259
2 1171 1345
2 1171 1587
2 1171 1915
2 1172 1173
2 1173 1174
2 1173 1671
2 1174 1175
2 1174 1672
2 1175 1176
2 1177 1179
2 1177 1181
2 1177 1745
2 1177 2122
2 1178 1180
2 1178 1182
2 1178 1746
2 1178 2123
2 1179 1351
2 1179 1593
2 1179 1967
2 1180 1352
2 1180 1594
2 1180 1968
2 1181 1183
2 1182 1184
2 1183 1185
2 1183 1674
2 1184 1186
2 1184 1675
2 1185 1187
2 1185 1676
2 1186 1188
2 1186 1677
2 1187 1189
2 1188 1190
2 1191 1195
2 1191 1199
2 1191 1695
2 1191 2235
2 1192 1196
2 1192 1200
2 1192 1696
2 1192 2236
2 1193 1197
2 1193 1201
2 1193 1697
2 1194 1198
2 1194 1202
2 1194 1698
2 1195 1362
2 1195 1488
2 1195 1833
2 1196 1363
2 1196 1489
2 1196 1834
2 1197 1364
2 1197 1490
2 1197 1835
2 1198 1365
2 1198 1491
2 1198 1836
2 1199 1203
2 1200 1204
2 1201 1205
2 1202 1206
2 1203 1207
2 1203 1623
2 1204 1208
2 1204 1624
2 1205 1209
2 1205 1625
2 1206 1210
2 1206 1626
2 1207 1211
2 1207 1627
2 1208 1212
2 1208 1628
2 1209 1213
2 1209 1629
2 1210 1214
2 1210 1630
2 1211 1215
2 1212 1216
2 1217 1225
2 1217 1233
2 1217 1705
2 1217 2110
2 1218 1226
2 1218 1234
2 1218 1706
2 1218 2111
2 1219 1227
2 1219 1235
2 1219 1707
2 1220 1228
2 1220 1236
2 1220 1708
2 1221 1229
2 1221 1237
2 1221 1709
2 1221 2112
2 1222 1230
2 1222 1238
2 1222 1710
2 1222 2113
2 1223 1231
2 1223 1239
2 1223 1711
2 1224 1232
2 1224 1240
2 1224 1712
2 1225 1386
2 1225 1510
2 1225 1942
2 1226 1387
2 1226 1511
2 1226 1943
2 1227 1388
2 1227 1512
2 1227 1944
2 1228 1389
2 1228 1513
2 1228 1945
2 1229 1390
2 1229 1514
2 1229 1946
2 1230 1391
2 1230 1515
2 1230 1947
2 1231 1392
2 1231 1516
2 1231 1948
2 1232 1393
2 1232 1517
2 1232 1949
2 1233 1241
2 1234 1242
2 1235 1243
2 1236 1244
2 1237 1245
2 1238 1246
2 1239 1247
2 1240 1248
2 1241 1249
2 1241 1635
2 1242 1250
2 1242 1636
2 1243 1251
2 1243 1637
2 1244 1252
2 1244 1638
2 1245 1253
2 1245 1639
2 1246 1254
2 1246 1640
2 1247 1255
2 1247 1641
2 1248 1256
2 1248 1642
2 1249 1257
2 1249 1643
2 1250 1258
2 1250 1644
2 1251 1259
2 1251 1645
2 1252 1260
2 1252 1646
2 1253 1261
2 1253 1647
2 1254 1262
2 1254 1648
2 1255 1263
2 1255 1649
2 1256 1264
2 1256 1650
2 1257 1265
2 1258 1266
2 1261 1267
2 1262 1268
2 1269 1273
2 1269 1277
2 1269 1725
2 1269 2241
2 1270 1274
2 1270 1278
2 1270 1726
2 1270 2242
2 1271 1275
2 1271 1279
2 1271 1727
2 1271 2243
2 1272 1276
2 1272 1280
2 1272 1728
2 1272 2244
2 1273 1430
2 1273 1554
2 1273 1851
2 1274 1431
2 1274 1555
2 1274 1852
2 1275 1432
2 1275 1556
2 1275 1853
2 1276 1433
2 1276 1557
2 1276 1854
2 1277 1281
2 1278 1282
2 1279 1283
2 1280 1284
2 1281 1285
2 1281 1655
2 1282 1286
2 1282 1656
2 1283 1287
2 1283 1657
2 1284 1288
2 1284 1658
2 1285 1289
2 1285 1659
2 1286 1290
2 1286 1660
2 1287 1291
2 1287 1661
2 1288 1292
2 1288 1662
2 1289 1293
2 1290 1294
2 1291 1295
2 1292 1296
2 1297 1299
2 1297 1301
2 1297 1689
2 1297 2104
2 1298 1300
2 1298 1302
2 1298 1690
2 1298 2105
2 1299 1452
2 1299 1576
2 1299 1931
2 1300 1453
2 1300 1577
2 1300 1932
2 1301 1303
2 1302 1304
2 1303 1305
2 1303 1617
2 1304 1306
2 1304 1618
2 1305 1307
2 1305 1619
2 1306 1308
2 1306 1620
2 1307 1309
2 1308 1310
2 1311 1315
2 1311 1679
2 1311 2005
2 1312 1316
2 1312 1680
2 1313 1317
2 1313 1681
2 1313 2006
2 1314 1318
2 1314 1682
2 1315 1319
2 1316 1320
2 1317 1321
2 1318 1322
2 1319 1323
2 1319 1781
2 1320 1324
2 1320 1782
2 1321 1325
2 1321 1783
2 1322 1326
2 1322 1784
2 1323 1327
2 1323 1785
2 1324 1328
2 1324 1786
2 1325 1329
2 1325 1787
2 1326 1330
2 1326 1788
2 1327 1331
2 1327 6265
2 1328 6266
2 1329 1332
2 1329 6267
2 1330 6268
2 1333 1335
2 1333 1665
2 1333 2168
2 1334 1336
2 1334 1666
2 1334 2169
2 1335 1337
2 1336 1338
2 1337 1339
2 1337 1766
2 1338 1340
2 1338 1767
2 1339 1341
2 1339 1768
2 1340 1342
2 1340 1769
2 1341 1343
2 1341 4004
2 1342 1344
2 1342 4005
2 1345 1346
2 1345 1671
2 1345 2015
2 1346 1347
2 1347 1348
2 1347 1772
2 1348 1349
2 1348 1773
2 1349 1350
2 1349 6277
2 1351 1353
2 1351 1674
2 1351 2178
2 1352 1354
2 1352 1675
2 1353 1355
2 1354 1356
2 1355 1357
2 1355 1775
2 1356 1358
2 1356 1776
2 1357 1359
2 1357 1777
2 1358 1360
2 1358 1778
2 1359 1361
2 1359 4020
2 1360 4021
2 1362 1366
2 1362 1623
2 1362 1985
2 1363 1367
2 1363 1624
2 1363 1986
2 1364 1368
2 1364 1625
2 1364 1987
2 1365 1369
2 1365 1626
2 1365 1988
2 1366 1370
2 1367 1371
2 1368 1372
2 1369 1373
2 1370 1374
2 1370 1823
2 1371 1375
2 1371 1824
2 1372 1376
2 1372 1825
2 1373 1377
2 1373 1826
2 1374 1378
2 1374 1827
2 1375 1379
2 1375 1828
2 1376 1380
2 1376 1829
2 1377 1381
2 1377 1830
2 1378 1382
2 1378 6217
2 1379 1383
2 1379 6218
2 1380 1384
2 1380 6219
2 1381 1385
2 1381 6220
2 1386 1394
2 1386 1635
2 1386 2193
2 1387 1395
2 1387 1636
2 1387 2194
2 1388 1396
2 1388 1637
2 1388 2195
2 1389 1397
2 1389 1638
2 1389 2196
2 1390 1398
2 1390 1639
2 1391 1399
2 1391 1640
2 1392 1400
2 1392 1641
2 1393 1401
2 1393 1642
2 1394 1402
2 1395 1403
2 1396 1404
2 1397 1405
2 1398 1406
2 1399 1407
2 1400 1408
2 1401 1409
2 1402 1410
2 1402 1793
2 1403 1411
2 1403 1794
2 1404 1412
2 1404 1795
2 1405 1413
2 1405 1796
2 1406 1414
2 1406 1797
2 1407 1415
2 1407 1798
2 1408 1416
2 1408 1799
2 1409 1417
2 1409 1800
2 1410 1418
2 1410 1801
2 1411 1419
2 1411 1802
2 1412 1420
2 1412 1803
2 1413 1421
2 1413 1804
2 1414 1422
2 1414 1805
2 1415 1423
2 1415 1806
2 1416 1424
2 1416 1807
2 1417 1425
2 1417 1808
2 1418 1426
2 1418 3969
2 1419 1427
2 1419 3970
2 1420 1428
2 1420 3971
2 1421 1429
2 1421 3972
2 1422 3973
2 1423 3974
2 1424 3975
2 1425 3976
2 1430 1434
2 1430 1655
2 1430 2020
2 1431 1435
2 1431 1656
2 1431 2021
2 1432 1436
2 1432 1657
2 1433 1437
2 1433 1658
2 1434 1438
2 1435 1439
2 1436 1440
2 1437 1441
2 1438 1442
2 1438 1813
2 1439 1443
2 1439 1814
2 1440 1444
2 1440 1815
2 1441 1445
2 1441 1816
2 1442 1446
2 1442 1817
2 1443 1447
2 1443 1818
2 1444 1448
2 1444 1819
2 1445 1449
2 1445 1820
2 1446 1450
2 1446 6235
2 1447 1451
2 1447 6236
2 1448 6237
2 1449 6238
2 1452 1454
2 1452 1617
2 1452 2183
2 1453 1455
2 1453 1618
2 1453 2184
2 1454 1456
2 1455 1457
2 1456 1458
2 1456 1761
2 1457 1459
2 1457 1762
2 1458 1460
2 1458 1763
2 1459 1461
2 1459 1764
2 1460 1462
2 1460 3995
2 1461 1463
2 1461 3996
2 1464 1468
2 1464 1781
2 1464 2035
2 1465 1469
2 1465 1782
2 1465 2036
2 1466 1470
2 1466 1783
2 1466 2037
2 1467 1471
2 1467 1784
2 1467 2038
2 1468 1472
2 1469 1473
2 1470 1474
2 1471 1475
2 1472 1476
2 1472 1751
2 1473 1477
2 1473 1752
2 1474 1478
2 1474 1753
2 1475 1479
2 1475 1754
2 1476 1480
2 1476 1755
2 1477 1481
2 1477 1756
2 1478 1482
2 1478 1757
2 1479 1483
2 1479 1758
2 1480 1484
2 1480 4046
2 1481 1485
2 1481 4047
2 1482 1486
2 1482 4048
2 1483 1487
2 1483 4049
2 1488 1492
2 1488 1823
2 1489 1493
2 1489 1824
2 1489 2073
2 1490 1494
2 1490 1825
2 1491 1495
2 1491 1826
2 1491 2074
2 1492 1496
2 1493 1497
2 1494 1498
2 1495 1499
2 1496 1500
2 1496 1695
2 1497 1501
2 1497 1696
2 1498 1502
2 1498 1697
2 1499 1503
2 1499 1698
2 1500 1504
2 1500 1699
2 1501 1505
2 1501 1700
2 1502 1506
2 1502 1701
2 1503 1507
2 1503 1702
2 1504 4064
2 1505 1508
2 1505 4065
2 1506 4066
2 1507 1509
2 1507 4067
2 1510 1518
2 1510 1793
2 1511 1519
2 1511 1794
2 1511 1864
2 1512 1520
2 1512 1795
2 1513 1521
2 1513 1796
2 1513 1865
2 1514 1522
2 1514 1797
2 1515 1523
2 1515 1798
2 1515 1866
2 1516 1524
2 1516 1799
2 1517 1525
2 1517 1800
2 1517 1867
2 1518 1526
2 1519 1527
2 1520 1528
2 1521 1529
2 1522 1530
2 1523 1531
2 1524 1532
2 1525 1533
2 1526 1534
2 1526 1705
2 1527 1535
2 1527 1706
2 1528 1536
2 1528 1707
2 1529 1537
2 1529 1708
2 1530 1538
2 1530 1709
2 1531 1539
2 1531 1710
2 1532 1540
2 1532 1711
2 1533 1541
2 1533 1712
2 1534 1542
2 1534 1713
2 1535 1543
2 1535 1714
2 1536 1544
2 1536 1715
2 1537 1545
2 1537 1716
2 1538 1546
2 1538 1717
2 1539 1547
2 1539 1718
2 1540 1548
2 1540 1719
2 1541 1549
2 1541 1720
2 1542 6340
2 1543 1550
2 1543 6341
2 1544 6342
2 1545 1551
2 1545 6343
2 1546 6344
2 1547 1552
2 1547 6345
2 1548 6346
2 1549 1553
2 1549 6347
2 1554 1558
2 1554 1813
2 1555 1559
2 1555 1814
2 1555 2058
2 1556 1560
2 1556 1815
2 1557 1561
2 1557 1816
2 1557 2059
2 1558 1562
2 1559 1563
2 1560 1564
2 1561 1565
2 1562 1566
2 1562 1725
2 1563 1567
2 1563 1726
2 1564 1568
2 1564 1727
2 1565 1569
2 1565 1728
2 1566 1570
2 1566 1729
2 1567 1571
2 1567 1730
2 1568 1572
2 1568 1731
2 1569 1573
2 1569 1732
2 1570 4027
2 1571 1574
2 1571 4028
2 1572 4029
2 1573 1575
2 1573 4030
2 1576 1578
2 1576 1761
2 1577 1579
2 1577 1762
2 1577 1846
2 1578 1580
2 1579 1581
2 1580 1582
2 1580 1689
2 1581 1583
2 1581 1690
2 1582 1584
2 1582 1691
2 1583 1585
2 1583 1692
2 1584 6354
2 1585 1586
2 1585 6355
2 1587 1588
2 1587 1772
2 1587 2052
2 1588 1589
2 1589 1590
2 1589 1742
2 1590 1591
2 1590 1743
2 1591 1592
2 1591 4034
2 1593 1595
2 1593 1775
2 1593 1905
2 1594 1596
2 1594 1776
2 1594 1906
2 1595 1597
2 1596 1598
2 1597 1599
2 1597 1745
2 1598 1600
2 1598 1746
2 1599 1601
2 1599 1747
2 1600 1602
2 1600 1748
2 1601 1603
2 1601 6309
2 1602 1604
2 1602 6310
2 1605 1607
2 1605 1766
2 1605 1921
2 1606 1608
2 1606 1767
2 1606 1922
2 1607 1609
2 1608 1610
2 1609 1611
2 1609 1737
2 1610 1612
2 1610 1738
2 1611 1613
2 1611 1739
2 1612 1614
2 1612 1740
2 1613 1615
2 1613 6318
2 1614 1616
2 1614 6319
2 1619 1621
2 1620 1622
2 1627 1631
2 1628 1632
2 1629 1633
2 1630 1634
2 1643 1651
2 1644 1652
2 1645 1653
2 1646 1654
2 1659 1663
2 1660 1664
2 1667 1669
2 1668 1670
2 1672 1673
2 1676 1678
2 1683 1687
2 1685 1688
2 1691 1693
2 1691 5894
2 1692 1694
2 1692 5895
2 1699 1703
2 1699 3684
2 1700 1704
2 1700 3685
2 1701 3686
2 1702 3687
2 1713 1721
2 1713 5954
2 1714 1722
2 1714 5955
2 1715 5956
2 1716 5957
2 1717 1723
2 1717 5958
2 1718 1724
2 1718 5959
2 1719 5960
2 1720 5961
2 1729 1733
2 1729 3718
2 1730 1734
2 1730 3719
2 1731 1735
2 1731 3720
2 1732 1736
2 1732 3721
2 1739 1741
2 1739 5843
2 1740 5844
2 1743 1744
2 1743 3589
2 1747 1749
2 1747 5876
2 1748 1750
2 1748 5877
2 1755 1759
2 1755 3618
2 1756 1760
2 1756 3619
2 1757 3620
2 1758 3621
2 1763 3812
2 1764 1765
2 1764 3813
2 1768 1770
2 1768 3845
2 1769 1771
2 1769 3846
2 1773 1774
2 1773 6115
2 1777 1779
2 1777 3734
2 1778 1780
2 1778 3735
2 1785 1789
2 1785 6133
2 1786 1790
2 1786 6134
2 1787 1791
2 1787 6135
2 1788 1792
2 1788 6136
2 1801 3770
2 1802 1809
2 1802 3771
2 1803 3772
2 1804 1810
2 1804 3773
2 1805 3774
2 1806 1811
2 1806 3775
2 1807 3776
2 1808 1812
2 1808 3777
2 1817 6027
2 1818 1821
2 1818 6028
2 1819 6029
2 1820 1822
2 1820 6030
2 1827 6093
2 1828 1831
2 1828 6094
2 1829 6095
2 1830 1832
2 1830 6096
2 1833 2092
2 1833 2145
2 1834 1837
2 1834 2093
2 1834 2146
2 1835 2094
2 1836 1838
2 1836 2095
2 1837 1839
2 1838 1840
2 1839 1841
2 1839 2073
2 1840 1842
2 1840 2074
2 1841 1843
2 1841 2075
2 1842 1844
2 1842 2076
2 1843 1845
2 1843 2049
2 1844 2050
2 1846 1847
2 1847 1848
2 1847 2055
2 1848 1849
2 1848 2056
2 1849 1850
2 1849 2053
2 1851 2087
2 1851 2128
2 1852 1855
2 1852 2088
2 1852 2129
2 1853 2130
2 1854 1856
2 1854 2131
2 1855 1857
2 1856 1858
2 1857 1859
2 1857 2058
2 1858 1860
2 1858 2059
2 1859 1861
2 1859 2060
2 1860 1862
2 1860 2061
2 1861 1863
2 1861 2032
2 1862 2033
2 1864 1868
2 1865 1869
2 1866 1870
2 1867 1871
2 1868 1872
2 1868 2064
2 1869 1873
2 1869 2065
2 1870 1874
2 1870 2066
2 1871 1875
2 1871 2067
2 1872 1876
2 1872 2068
2 1873 1877
2 1873 2069
2 1874 1878
2 1874 2070
2 1875 1879
2 1875 2071
2 1876 1880
2 1876 2039
2 1877 1881
2 1877 2040
2 1878 1882
2 1878 2041
2 1879 1883
2 1879 2042
2 1884 1888
2 1884 2079
2 1884 2159
2 1885 1889
2 1885 2160
2 1886 1890
2 1886 2080
2 1887 1891
2 1888 1892
2 1889 1893
2 1890 1894
2 1891 1895
2 1892 1896
2 1892 2035
2 1893 1897
2 1893 2036
2 1894 1898
2 1894 2037
2 1895 1899
2 1895 2038
2 1896 1900
2 1896 2039
2 1897 1901
2 1897 2040
2 1898 1902
2 1898 2041
2 1899 1903
2 1899 2042
2 1900 1904
2 1900 2068
2 1901 2069
2 1902 2070
2 1903 2071
2 1905 1907
2 1906 1908
2 1907 1909
2 1907 2047
2 1908 1910
2 1908 2048
2 1909 1911
2 1909 2049
2 1910 1912
2 1910 2050
2 1911 1913
2 1911 2075
2 1912 1914
2 1912 2076
2 1915 1916
2 1915 2084
2 1915 2154
2 1916 1917
2 1917 1918
2 1917 2052
2 1918 1919
2 1918 2053
2 1919 1920
2 1919 2056
2 1921 1923
2 1922 1924
2 1923 1925
2 1923 2030
2 1924 1926
2 1924 2031
2 1925 1927
2 1925 2032
2 1926 1928
2 1926 2033
2 1927 1929
2 1927 2060
2 1928 1930
2 1928 2061
2 1931 1933
2 1931 2230
2 1932 1934
2 1932 2055
2 1932 2231
2 1933 1935
2 1934 1936
2 1935 1937
2 1935 2104
2 1936 1938
2 1936 2105
2 1937 1939
2 1937 2106
2 1938 1940
2 1938 2107
2 1939 2089
2 1940 1941
2 1940 2090
2 1942 1950
2 1942 2221
2 1943 1951
2 1943 2064
2 1943 2222
2 1944 2223
2 1945 2065
2 1945 2224
2 1946 1952
2 1947 1953
2 1947 2066
2 1949 2067
2 1950 1954
2 1951 1955
2 1952 1956
2 1953 1957
2 1954 1958
2 1954 2110
2 1955 1959
2 1955 2111
2 1956 1960
2 1956 2112
2 1957 1961
2 1957 2113
2 1958 1962
2 1958 2114
2 1959 1963
2 1959 2115
2 1960 1964
2 1960 2116
2 1961 1965
2 1961 2117
2 1962 2096
2 1963 1966
2 1963 2097
2 1964 2098
2 1965 2099
2 1967 1969
2 1967 2047
2 1967 2213
2 1968 1970
2 1968 2048
2 1969 1971
2 1970 1972
2 1971 1973
2 1971 2122
2 1972 1974
2 1972 2123
2 1973 1975
2 1973 2124
2 1974 1976
2 1974 2125
2 1975 1977
2 1975 2081
2 1976 2082
2 1978 1980
2 1978 2030
2 1978 2216
2 1979 2031
2 1979 2217
2 1980 1981
2 1981 1982
2 1981 2101
2 1982 1983
2 1982 2102
2 1983 1984
2 1983 2085
2 1985 1989
2 1986 1990
2 1987 1991
2 1988 1992
2 1989 1993
2 1989 2092
2 1990 1994
2 1990 2093
2 1991 1995
2 1991 2094
2 1992 1996
2 1992 2095
2 1993 1997
2 1993 2096
2 1994 1998
2 1994 2097
2 1995 1999
2 1995 2098
2 1996 2000
2 1996 2099
2 1997 2001
2 1997 2114
2 1998 2002
2 1998 2115
2 1999 2003
2 1999 2116
2 2000 2004
2 2000 2117
2 2005 2007
2 2006 2008
2 2007 2009
2 2007 2079
2 2008 2010
2 2008 2080
2 2009 2011
2 2009 2081
2 2010 2012
2 2010 2082
2 2011 2013
2 2011 2124
2 2012 2014
2 2012 2125
2 2015 2016
2 2016 2017
2 2016 2084
2 2017 2018
2 2017 2085
2 2018 2019
2 2018 2102
2 2020 2022
2 2021 2023
2 2022 2024
2 2022 2087
2 2023 2025
2 2023 2088
2 2024 2026
2 2024 2089
2 2025 2027
2 2025 2090
2 2026 2028
2 2026 2106
2 2027 2029
2 2027 2107
2 2032 2034
2 2039 2043
2 2040 2044
2 2041 2045
2 2042 2046
2 2049 2051
2 2053 2054
2 2056 2057
2 2060 2062
2 2061 2063
2 2068 2072
2 2075 2077
2 2076 2078
2 2081 2083
2 2085 2086
2 2090 2091
2 2097 2100
2 2102 2103
2 2106 2108
2 2107 2109
2 2114 2118
2 2115 2119
2 2116 2120
2 2117 2121
2 2124 2126
2 2125 2127
2 2128 2132
2 2129 2133
2 2130 2134
2 2131 2135
2 2132 2136
2 2132 2241
2 2133 2137
2 2133 2242
2 2134 2138
2 2134 2243
2 2135 2139
2 2135 2244
2 2136 2140
2 2136 2245
2 2137 2141
2 2137 2246
2 2138 2142
2 2138 2247
2 2139 2143
2 2139 2248
2 2140 2225
2 2141 2144
2 2141 2226
2 2142 2227
2 2143 2228
2 2145 2147
2 2146 2148
2 2147 2149
2 2147 2235
2 2148 2150
2 2148 2236
2 2149 2151
2 2149 2237
2 2150 2152
2 2150 2238
2 2151 2232
2 2152 2153
2 2152 2233
2 2154 2155
2 2155 2156
2 2155 2259
2 2156 2157
2 2156 2260
2 2157 2158
2 2157 2214
2 2159 2161
2 2160 2162
2 2161 2163
2 2161 2253
2 2162 2164
2 2162 2254
2 2163 2165
2 2163 2255
2 2164 2166
2 2164 2256
2 2165 2167
2 2165 2218
2 2166 2219
2 2168 2170
2 2169 2171
2 2170 2172
2 2170 2216
2 2171 2173
2 2171 2217
2 2172 2174
2 2172 2218
2 2173 2175
2 2173 2219
2 2174 2176
2 2174 2255
2 2175 2177
2 2175 2256
2 2178 2179
2 2179 2180
2 2179 2213
2 2180 2181
2 2180 2214
2 2181 2182
2 2181 2260
2 2183 2185
2 2184 2186
2 2185 2187
2 2185 2230
2 2186 2188
2 2186 2231
2 2187 2189
2 2187 2232
2 2188 2190
2 2188 2233
2 2189 2191
2 2189 2237
2 2190 2192
2 2190 2238
2 2193 2197
2 2194 2198
2 2195 2199
2 2196 2200
2 2197 2201
2 2197 2221
2 2198 2202
2 2198 2222
2 2199 2203
2 2199 2223
2 2200 2204
2 2200 2224
2 2201 2205
2 2201 2225
2 2202 2206
2 2202 2226
2 2203 2207
2 2203 2227
2 2204 2208
2 2204 2228
2 2205 2209
2 2205 2245
2 2206 2210
2 2206 2246
2 2207 2211
2 2207 2247
2 2208 2212
2 2208 2248
2 2214 2215
2 2218 2220
2 2226 2229
2 2233 2234
2 2237 2239
2 2238 2240
2 2245 2249
2 2246 2250
2 2247 2251
2 2248 2252
2 2255 2257
2 2256 2258
2 2260 2261
2 2262 2266
2 2262 2270
2 2262 2882
2 2262 3375
2 2263 2267
2 2263 2271
2 2263 2883
2 2263 3376
2 2264 2268
2 2264 2272
2 2264 2884
2 2265 2269
2 2265 2273
2 2265 2885
2 2266 2442
2 2266 2595
2 2266 3011
2 2267 2443
2 2267 2596
2 2267 3012
2 2268 2444
2 2268 2597
2 2268 3013
2 2269 2445
2 2269 2598
2 2269 3014
2 2270 2274
2 2271 2275
2 2272 2276
2 2273 2277
2 2274 2278
2 2274 2808
2 2275 2279
2 2275 2809
2 2276 2280
2 2276 2810
2 2277 2281
2 2277 2811
2 2278 2282
2 2278 2812
2 2279 2283
2 2279 2813
2 2280 2284
2 2280 2814
2 2281 2285
2 2281 2815
2 2282 2286
2 2282 3915
2 2283 2287
2 2283 3916
2 2284 3917
2 2285 3918
2 2288 2290
2 2288 2292
2 2288 2844
2 2288 3232
2 2289 2291
2 2289 2293
2 2289 2845
2 2289 3233
2 2290 2466
2 2290 2737
2 2290 3105
2 2291 2467
2 2291 2738
2 2291 3106
2 2292 2294
2 2293 2295
2 2294 2296
2 2294 2772
2 2295 2297
2 2295 2773
2 2296 2298
2 2296 2774
2 2297 2299
2 2297 2775
2 2298 2300
2 2298 3923
2 2299 2301
2 2299 3924
2 2302 2306
2 2302 2310
2 2302 2850
2 2302 3381
2 2303 2307
2 2303 2311
2 2303 2851
2 2303 3382
2 2304 2308
2 2304 2312
2 2304 2852
2 2304 3383
2 2305 2309
2 2305 2313
2 2305 2853
2 2305 3384
2 2306 2478
2 2306 2671
2 2306 3044
2 2307 2479
2 2307 2672
2 2307 3045
2 2308 2480
2 2308 2673
2 2308 3046
2 2309 2481
2 2309 2674
2 2309 3047
2 2310 2314
2 2311 2315
2 2312 2316
2 2313 2317
2 2314 2318
2 2314 2778
2 2315 2319
2 2315 2779
2 2316 2320
2 2316 2780
2 2317 2321
2 2317 2781
2 2318 2322
2 2318 2782
2 2319 2323
2 2319 2783
2 2320 2324
2 2320 2784
2 2321 2325
2 2321 2785
2 2322 2326
2 2322 3883
2 2323 2327
2 2323 3884
2 2324 2328
2 2324 3885
2 2325 2329
2 2325 3886
2 2330 2338
2 2330 2346
2 2330 2862
2 2331 2339
2 2331 2347
2 2331 2863
2 2332 2340
2 2332 2348
2 2332 2864
2 2332 3247
2 2333 2341
2 2333 2349
2 2333 2865
2 2333 3248
2 2334 2342
2 2334 2350
2 2334 2866
2 2335 2343
2 2335 2351
2 2335 2867
2 2336 2344
2 2336 2352
2 2336 2868
2 2336 3249
2 2337 2345
2 2337 2353
2 2337 2869
2 2337 3250
2 2338 2500
2 2338 2693
2 2338 3080
2 2339 2501
2 2339 2694
2 2339 3081
2 2340 2502
2 2340 2695
2 2340 3082
2 2341 2503
2 2341 2696
2 2341 3083
2 2342 2504
2 2342 2697
2 2342 3084
2 2343 2505
2 2343 2698
2 2343 3085
2 2344 2506
2 2344 2699
2 2344 3086
2 2345 2507
2 2345 2700
2 2345 3087
2 2346 2354
2 2347 2355
2 2348 2356
2 2349 2357
2 2350 2358
2 2351 2359
2 2352 2360
2 2353 2361
2 2354 2362
2 2354 2788
2 2355 2363
2 2355 2789
2 2356 2364
2 2356 2790
2 2357 2365
2 2357 2791
2 2358 2366
2 2358 2792
2 2359 2367
2 2359 2793
2 2360 2368
2 2360 2794
2 2361 2369
2 2361 2795
2 2362 2370
2 2362 2796
2 2363 2371
2 2363 2797
2 2364 2372
2 2364 2798
2 2365 2373
2 2365 2799
2 2366 2374
2 2366 2800
2 2367 2375
2 2367 2801
2 2368 2376
2 2368 2802
2 2369 2377
2 2369 2803
2 2370 3899
2 2371 3900
2 2372 2378
2 2372 3901
2 2373 2379
2 2373 3902
2 2374 3903
2 2375 3904
2 2376 2380
2 2376 3905
2 2377 2381
2 2377 3906
2 2382 2386
2 2382 2390
2 2382 2825
2 2382 3366
2 2383 2387
2 2383 2391
2 2383 2826
2 2383 3367
2 2384 2388
2 2384 2392
2 2384 2827
2 2385 2389
2 2385 2393
2 2385 2828
2 2386 2544
2 2386 2617
2 2386 2964
2 2387 2545
2 2387 2618
2 2387 2965
2 2388 2546
2 2388 2619
2 2388 2966
2 2389 2547
2 2389 2620
2 2389 2967
2 2390 2394
2 2391 2395
2 2392 2396
2 2393 2397
2 2394 2398
2 2394 2754
2 2395 2399
2 2395 2755
2 2396 2400
2 2396 2756
2 2397 2401
2 2397 2757
2 2398 2402
2 2398 2758
2 2399 2403
2 2399 2759
2 2400 2404
2 2400 2760
2 2401 2405
2 2401 2761
2 2402 2406
2 2402 3939
2 2403 2407
2 2403 3940
2 2404 3941
2 2405 3942
2 2408 2410
2 2408 2412
2 2408 2835
2 2408 3241
2 2409 2411
2 2409 2413
2 2409 2836
2 2409 3242
2 2410 2566
2 2410 2641
2 2410 3069
2 2411 2567
2 2411 2642
2 2411 3070
2 2412 2414
2 2413 2415
2 2414 2416
2 2414 2764
2 2415 2417
2 2415 2765
2 2416 2418
2 2416 2766
2 2417 2419
2 2417 2767
2 2418 2420
2 2418 3947
2 2419 2421
2 2419 3948
2 2422 2423
2 2422 2424
2 2422 2841
2 2422 3372
2 2423 2577
2 2423 2653
2 2423 2995
2 2424 2425
2 2425 2426
2 2425 2769
2 2426 2427
2 2426 2770
2 2427 2428
2 2427 3928
2 2429 2431
2 2429 2433
2 2429 2820
2 2430 2432
2 2430 2434
2 2430 2821
2 2430 3238
2 2431 2583
2 2431 2659
2 2431 3062
2 2432 2584
2 2432 2660
2 2432 3063
2 2433 2435
2 2434 2436
2 2435 2437
2 2435 2748
2 2436 2438
2 2436 2749
2 2437 2439
2 2437 2750
2 2438 2440
2 2438 2751
2 2439 3932
2 2440 2441
2 2440 3933
2 2442 2446
2 2442 2808
2 2442 3126
2 2443 2447
2 2443 2809
2 2443 3127
2 2444 2448
2 2444 2810
2 2444 3128
2 2445 2449
2 2445 2811
2 2445 3129
2 2446 2450
2 2447 2451
2 2448 2452
2 2449 2453
2 2450 2454
2 2450 2933
2 2451 2455
2 2451 2934
2 2452 2456
2 2452 2935
2 2453 2457
2 2453 2936
2 2454 2458
2 2454 2937
2 2455 2459
2 2455 2938
2 2456 2460
2 2456 2939
2 2457 2461
2 2457 2940
2 2458 2462
2 2458 7372
2 2459 2463
2 2459 7373
2 2460 2464
2 2460 7374
2 2461 2465
2 2461 7375
2 2466 2468
2 2466 2772
2 2466 3299
2 2467 2469
2 2467 2773
2 2467 3300
2 2468 2470
2 2469 2471
2 2470 2472
2 2470 2898
2 2471 2473
2 2471 2899
2 2472 2474
2 2472 2900
2 2473 2475
2 2473 2901
2 2474 2476
2 2475 2477
2 2478 2482
2 2478 2778
2 2479 2483
2 2479 2779
2 2480 2484
2 2480 2780
2 2480 3146
2 2481 2485
2 2481 2781
2 2481 3147
2 2482 2486
2 2483 2487
2 2484 2488
2 2485 2489
2 2486 2490
2 2486 2903
2 2487 2491
2 2487 2904
2 2488 2492
2 2488 2905
2 2489 2493
2 2489 2906
2 2490 2494
2 2490 2907
2 2491 2495
2 2491 2908
2 2492 2496
2 2492 2909
2 2493 2497
2 2493 2910
2 2494 7404
2 2495 7405
2 2496 2498
2 2496 7406
2 2497 2499
2 2497 7407
2 2500 2508
2 2500 2788
2 2500 3309
2 2501 2509
2 2501 2789
2 2501 3310
2 2502 2510
2 2502 2790
2 2502 3311
2 2503 2511
2 2503 2791
2 2503 3312
2 2504 2512
2 2504 2792
2 2505 2513
2 2505 2793
2 2506 2514
2 2506 2794
2 2507 2515
2 2507 2795
2 2508 2516
2 2509 2517
2 2510 2518
2 2511 2519
2 2512 2520
2 2513 2521
2 2514 2522
2 2515 2523
2 2516 2524
2 2516 2913
2 2517 2525
2 2517 2914
2 2518 2526
2 2518 2915
2 2519 2527
2 2519 2916
2 2520 2528
2 2520 2917
2 2521 2529
2 2521 2918
2 2522 2530
2 2522 2919
2 2523 2531
2 2523 2920
2 2524 2532
2 2524 2921
2 2525 2533
2 2525 2922
2 2526 2534
2 2526 2923
2 2527 2535
2 2527 2924
2 2528 2536
2 2528 2925
2 2529 2537
2 2529 2926
2 2530 2538
2 2530 2927
2 2531 2539
2 2531 2928
2 2532 2540
2 2533 2541
2 2534 2542
2 2535 2543
2 2544 2548
2 2544 2754
2 2545 2549
2 2545 2755
2 2545 3116
2 2546 2550
2 2546 2756
2 2547 2551
2 2547 2757
2 2547 3117
2 2548 2552
2 2549 2553
2 2550 2554
2 2551 2555
2 2552 2556
2 2552 2952
2 2553 2557
2 2553 2953
2 2554 2558
2 2554 2954
2 2555 2559
2 2555 2955
2 2556 2560
2 2556 2956
2 2557 2561
2 2557 2957
2 2558 2562
2 2558 2958
2 2559 2563
2 2559 2959
2 2560 7348
2 2561 2564
2 2561 7349
2 2562 7350
2 2563 2565
2 2563 7351
2 2566 2568
2 2566 2764
2 2566 3339
2 2567 2569
2 2567 2765
2 2568 2570
2 2569 2571
2 2570 2572
2 2570 2943
2 2571 2573
2 2571 2944
2 2572 2574
2 2572 2945
2 2573 2575
2 2573 2946
2 2574 2576
2 2577 2578
2 2577 2769
2 2577 3156
2 2578 2579
2 2579 2580
2 2579 2949
2 2580 2581
2 2580 2950
2 2581 2582
2 2581 7361
2 2583 2585
2 2583 2748
2 2583 3329
2 2584 2586
2 2584 2749
2 2584 3330
2 2585 2587
2 2586 2588
2 2587 2589
2 2587 2892
2 2588 2590
2 2588 2893
2 2589 2591
2 2589 2894
2 2590 2592
2 2590 2895
2 2591 2593
2 2592 2594
2 2595 2599
2 2595 2933
2 2595 3164
2 2596 2600
2 2596 2934
2 2597 2601
2 2597 2935
2 2597 3165
2 2598 2602
2 2598 2936
2 2599 2603
2 2600 2604
2 2601 2605
2 2602 2606
2 2603 2607
2 2603 2882
2 2604 2608
2 2604 2883
2 2605 2609
2 2605 2884
2 2606 2610
2 2606 2885
2 2607 2611
2 2607 2886
2 2608 2612
2 2608 2887
2 2609 2613
2 2609 2888
2 2610 2614
2 2610 2889
2 2611 2615
2 2613 2616
2 2617 2621
2 2617 2952
2 2617 3198
2 2618 2622
2 2618 2953
2 2618 3199
2 2619 2623
2 2619 2954
2 2619 3200
2 2620 2624
2 2620 2955
2 2620 3201
2 2621 2625
2 2622 2626
2 2623 2627
2 2624 2628
2 2625 2629
2 2625 2825
2 2626 2630
2 2626 2826
2 2627 2631
2 2627 2827
2 2628 2632
2 2628 2828
2 2629 2633
2 2629 2829
2 2630 2634
2 2630 2830
2 2631 2635
2 2631 2831
2 2632 2636
2 2632 2832
2 2633 2637
2 2634 2638
2 2635 2639
2 2636 2640
2 2641 2643
2 2641 2943
2 2641 3001
2 2642 2644
2 2642 2944
2 2642 3002
2 2643 2645
2 2644 2646
2 2645 2647
2 2645 2835
2 2646 2648
2 2646 2836
2 2647 2649
2 2647 2837
2 2648 2650
2 2648 2838
2 2649 2651
2 2649 7478
2 2650 2652
2 2650 7479
2 2653 2654
2 2653 2949
2 2653 3190
2 2654 2655
2 2655 2656
2 2655 2841
2 2656 2657
2 2656 2842
2 2657 2658
2 2659 2661
2 2659 2892
2 2659 2985
2 2660 2662
2 2660 2893
2 2660 2986
2 2661 2663
2 2662 2664
2 2663 2665
2 2663 2820
2 2664 2666
2 2664 2821
2 2665 2667
2 2665 2822
2 2666 2668
2 2666 2823
2 2667 2669
2 2667 7484
2 2668 2670
2 2668 7485
2 2671 2675
2 2671 2903
2 2671 3179
2 2672 2676
2 2672 2904
2 2673 2677
2 2673 2905
2 2673 3180
2 2674 2678
2 2674 2906
2 2675 2679
2 2676 2680
2 2677 2681
2 2678 2682
2 2679 2683
2 2679 2850
2 2680 2684
2 2680 2851
2 2681 2685
2 2681 2852
2 2682 2686
2 2682 2853
2 2683 2687
2 2683 2854
2 2684 2688
2 2684 2855
2 2685 2689
2 2685 2856
2 2686 2690
2 2686 2857
2 2687 2691
2 2689 2692
2 2693 2701
2 2693 2913
2 2693 3024
2 2694 2702
2 2694 2914
2 2695 2703
2 2695 2915
2 2695 3025
2 2696 2704
2 2696 2916
2 2697 2705
2 2697 2917
2 2697 3026
2 2698 2706
2 2698 2918
2 2699 2707
2 2699 2919
2 2699 3027
2 2700 2708
2 2700 2920
2 2701 2709
2 2702 2710
2 2703 2711
2 2704 2712
2 2705 2713
2 2706 2714
2 2707 2715
2 2708 2716
2 2709 2717
2 2709 2862
2 2710 2718
2 2710 2863
2 2711 2719
2 2711 2864
2 2712 2720
2 2712 2865
2 2713 2721
2 2713 2866
2 2714 2722
2 2714 2867
2 2715 2723
2 2715 2868
2 2716 2724
2 2716 2869
2 2717 2725
2 2717 2870
2 2718 2726
2 2718 2871
2 2719 2727
2 2719 2872
2 2720 2728
2 2720 2873
2 2721 2729
2 2721 2874
2 2722 2730
2 2722 2875
2 2723 2731
2 2723 2876
2 2724 2732
2 2724 2877
2 2725 2733
2 2725 7446
2 2726 7447
2 2727 2734
2 2727 7448
2 2728 7449
2 2729 2735
2 2729 7450
2 2730 7451
2 2731 2736
2 2731 7452
2 2732 7453
2 2737 2739
2 2737 2898
2 2737 3057
2 2738 2740
2 2738 2899
2 2739 2741
2 2740 2742
2 2741 2743
2 2741 2844
2 2742 2744
2 2742 2845
2 2743 2745
2 2743 2846
2 2744 2746
2 2744 2847
2 2745 2747
2 2745 7470
2 2746 7471
2 2750 2752
2 2750 3423
2 2751 2753
2 2751 3424
2 2758 3447
2 2759 2762
2 2759 3448
2 2760 3449
2 2761 2763
2 2761 3450
2 2766 2768
2 2766 3403
2 2767 3404
2 2770 2771
2 2770 3411
2 2774 2776
2 2774 3543
2 2775 2777
2 2775 3544
2 2782 3567
2 2783 3568
2 2784 2786
2 2784 3569
2 2785 2787
2 2785 3570
2 2796 2804
2 2796 3493
2 2797 2805
2 2797 3494
2 2798 2806
2 2798 3495
2 2799 2807
2 2799 3496
2 2800 3497
2 2801 3498
2 2802 3499
2 2803 3500
2 2812 2816
2 2812 3525
2 2813 2817
2 2813 3526
2 2814 2818
2 2814 3527
2 2815 2819
2 2815 3528
2 2822 7076
2 2823 2824
2 2823 7077
2 2829 2833
2 2830 2834
2 2837 2839
2 2837 7093
2 2838 2840
2 2838 7094
2 2842 2843
2 2846 2848
2 2846 6974
2 2847 2849
2 2847 6975
2 2854 2858
2 2855 2859
2 2856 2860
2 2857 2861
2 2870 7032
2 2871 7033
2 2872 2878
2 2872 7034
2 2873 2879
2 2873 7035
2 2874 7036
2 2875 7037
2 2876 2880
2 2876 7038
2 2877 2881
2 2877 7039
2 2886 2890
2 2887 2891
2 2894 2896
2 2895 2897
2 2900 2902
2 2907 2911
2 2907 7244
2 2908 7245
2 2909 2912
2 2909 7246
2 2910 7247
2 2921 2929
2 2923 2930
2 2925 2931
2 2927 2932
2 2937 2941
2 2937 7266
2 2938 7267
2 2939 2942
2 2939 7268
2 2940 7269
2 2945 2947
2 2946 2948
2 2950 2951
2 2950 7146
2 2956 2960
2 2956 7176
2 2957 2961
2 2957 7177
2 2958 2962
2 2958 7178
2 2959 2963
2 2959 7179
2 2964 2968
2 2964 3264
2 2965 2969
2 2965 3227
2 2965 3265
2 2966 2970
2 2967 2971
2 2967 3228
2 2968 2972
2 2969 2973
2 2970 2974
2 2971 2975
2 2972 2976
2 2972 3198
2 2973 2977
2 2973 3199
2 2974 2978
2 2974 3200
2 2975 2979
2 2975 3201
2 2976 2980
2 2976 3202
2 2977 2981
2 2977 3203
2 2978 2982
2 2978 3204
2 2979 2983
2 2979 3205
2 2980 3174
2 2981 2984
2 2981 3175
2 2982 3176
2 2983 3177
2 2985 2987
2 2986 2988
2 2987 2989
2 2987 3185
2 2988 2990
2 2988 3186
2 2989 2991
2 2989 3187
2 2990 2992
2 2990 3188
2 2991 2993
2 2991 3181
2 2992 2994
2 2992 3182
2 2995 2996
2 2995 3224
2 2995 3259
2 2996 2997
2 2997 2998
2 2997 3190
2 2998 2999
2 2998 3191
2 2999 3000
2 2999 3162
2 3001 3003
2 3002 3004
2 3003 3005
2 3003 3193
2 3004 3006
2 3004 3194
2 3005 3007
2 3005 3195
2 3006 3008
2 3006 3196
2 3007 3009
2 3007 3166
2 3008 3010
2 3008 3167
2 3011 3015
2 3011 3210
2 3011 3290
2 3012 3211
2 3012 3291
2 3013 3016
2 3013 3212
2 3014 3213
2 3015 3017
2 3016 3018
2 3017 3019
2 3017 3164
2 3018 3020
2 3018 3165
2 3019 3021
2 3019 3166
2 3020 3022
2 3020 3167
2 3021 3023
2 3021 3195
2 3022 3196
2 3024 3028
2 3025 3029
2 3026 3030
2 3027 3031
2 3028 3032
2 3028 3170
2 3029 3033
2 3029 3171
2 3030 3034
2 3030 3172
2 3031 3035
2 3031 3173
2 3032 3036
2 3032 3174
2 3033 3037
2 3033 3175
2 3034 3038
2 3034 3176
2 3035 3039
2 3035 3177
2 3036 3040
2 3036 3202
2 3037 3041
2 3037 3203
2 3038 3042
2 3038 3204
2 3039 3043
2 3039 3205
2 3044 3048
2 3044 3273
2 3045 3274
2 3046 3049
2 3046 3219
2 3046 3275
2 3047 3220
2 3047 3276
2 3048 3050
2 3049 3051
2 3050 3052
2 3050 3179
2 3051 3053
2 3051 3180
2 3052 3054
2 3052 3181
2 3053 3055
2 3053 3182
2 3054 3187
2 3055 3056
2 3055 3188
2 3057 3058
2 3058 3059
2 3058 3161
2 3059 3060
2 3059 3162
2 3060 3061
2 3060 3191
2 3062 3185
2 3062 3361
2 3063 3064
2 3063 3186
2 3063 3362
2 3064 3065
2 3065 3066
2 3065 3238
2 3066 3067
2 3066 3239
2 3067 3068
2 3067 3225
2 3069 3071
2 3069 3193
2 3069 3358
2 3070 3072
2 3070 3194
2 3071 3073
2 3072 3074
2 3073 3075
2 3073 3241
2 3074 3076
2 3074 3242
2 3075 3077
2 3075 3243
2 3076 3078
2 3076 3244
2 3077 3079
2 3077 3229
2 3078 3230
2 3080 3170
2 3080 3344
2 3081 3345
2 3082 3088
2 3082 3171
2 3082 3346
2 3083 3089
2 3083 3347
2 3084 3172
2 3086 3090
2 3086 3173
2 3087 3091
2 3088 3092
2 3089 3093
2 3090 3094
2 3091 3095
2 3092 3096
2 3092 3247
2 3093 3097
2 3093 3248
2 3094 3098
2 3094 3249
2 3095 3099
2 3095 3250
2 3096 3100
2 3096 3251
2 3097 3101
2 3097 3252
2 3098 3102
2 3098 3253
2 3099 3103
2 3099 3254
2 3100 3104
2 3100 3214
2 3101 3215
2 3102 3216
2 3103 3217
2 3105 3107
2 3105 3161
2 3105 3353
2 3106 3108
2 3106 3354
2 3107 3109
2 3108 3110
2 3109 3111
2 3109 3232
2 3110 3112
2 3110 3233
2 3111 3113
2 3111 3234
2 3112 3114
2 3112 3235
2 3113 3115
2 3113 3221
2 3114 3222
2 3116 3118
2 3117 3119
2 3118 3120
2 3118 3227
2 3119 3121
2 3119 3228
2 3120 3122
2 3120 3229
2 3121 3123
2 3121 3230
2 3122 3124
2 3122 3243
2 3123 3125
2 3123 3244
2 3126 3130
2 3127 3131
2 3128 3132
2 3129 3133
2 3130 3134
2 3130 3210
2 3131 3135
2 3131 3211
2 3132 3136
2 3132 3212
2 3133 3137
2 3133 3213
2 3134 3138
2 3134 3214
2 3135 3139
2 3135 3215
2 3136 3140
2 3136 3216
2 3137 3141
2 3137 3217
2 3138 3142
2 3138 3251
2 3139 3143
2 3139 3252
2 3140 3144
2 3140 3253
2 3141 3145
2 3141 3254
2 3146 3148
2 3147 3149
2 3148 3150
2 3148 3219
2 3149 3151
2 3149 3220
2 3150 3152
2 3150 3221
2 3151 3153
2 3151 3222
2 3152 3154
2 3152 3234
2 3153 3155
2 3153 3235
2 3156 3157
2 3157 3158
2 3157 3224
2 3158 3159
2 3158 3225
2 3159 3160
2 3159 3239
2 3162 3163
2 3166 3168
2 3167 3169
2 3175 3178
2 3181 3183
2 3182 3184
2 3188 3189
2 3191 3192
2 3195 3197
2 3202 3206
2 3203 3207
2 3204 3208
2 3205 3209
2 3214 3218
2 3221 3223
2 3225 3226
2 3229 3231
2 3234 3236
2 3235 3237
2 3239 3240
2 3243 3245
2 3244 3246
2 3251 3255
2 3252 3256
2 3253 3257
2 3254 3258
2 3259 3260
2 3260 3261
2 3260 3372
2 3261 3262
2 3261 3373
2 3262 3263
2 3262 3359
2 3264 3266
2 3265 3267
2 3266 3268
2 3266 3366
2 3267 3269
2 3267 3367
2 3268 3270
2 3268 3368
2 3269 3271
2 3269 3369
2 3270 3363
2 3271 3272
2 3271 3364
2 3273 3277
2 3274 3278
2 3275 3279
2 3276 3280
2 3277 3281
2 3277 3381
2 3278 3282
2 3278 3382
2 3279 3283
2 3279 3383
2 3280 3284
2 3280 3384
2 3281 3285
2 3281 3385
2 3282 3286
2 3282 3386
2 3283 3287
2 3283 3387
2 3284 3288
2 3284 3388
2 3285 3348
2 3286 3349
2 3287 3289
2 3287 3350
2 3288 3351
2 3290 3292
2 3291 3293
2 3292 3294
2 3292 3375
2 3293 3295
2 3293 3376
2 3294 3296
2 3294 3377
2 3295 3297
2 3295 3378
2 3296 3298
2 3296 3355
2 3297 3356
2 3299 3301
2 3300 3302
2 3301 3303
2 3301 3353
2 3302 3304
2 3302 3354
2 3303 3305
2 3303 3355
2 3304 3306
2 3304 3356
2 3305 3307
2 3305 3377
2 3306 3308
2 3306 3378
2 3309 3313
2 3310 3314
2 3311 3315
2 3312 3316
2 3313 3317
2 3313 3344
2 3314 3318
2 3314 3345
2 3315 3319
2 3315 3346
2 3316 3320
2 3316 3347
2 3317 3321
2 3317 3348
2 3318 3322
2 3318 3349
2 3319 3323
2 3319 3350
2 3320 3324
2 3320 3351
2 3321 3325
2 3321 3385
2 3322 3326
2 3322 3386
2 3323 3327
2 3323 3387
2 3324 3328
2 3324 3388
2 3329 3331
2 3330 3332
2 3331 3333
2 3331 3361
2 3332 3334
2 3332 3362
2 3333 3335
2 3333 3363
2 3334 3336
2 3334 3364
2 3335 3337
2 3335 3368
2 3336 3338
2 3336 3369
2 3339 3340
2 3340 3341
2 3340 3358
2 3341 3342
2 3341 3359
2 3342 3343
2 3342 3373
2 3350 3352
2 3355 3357
2 3359 3360
2 3364 3365
2 3368 3370
2 3369 3371
2 3373 3374
2 3377 3379
2 3378 3380
2 3385 3389
2 3386 3390
2 3387 3391
2 3388 3392
2 3393 3395
2 3393 3397
2 3393 4018
2 3393 4515
2 3394 3396
2 3394 3398
2 3394 4019
2 3395 3573
2 3395 3726
2 3395 4147
2 3396 3574
2 3396 3727
2 3396 4148
2 3397 3399
2 3398 3400
2 3399 3401
2 3399 3945
2 3400 3402
2 3400 3946
2 3401 3403
2 3401 3947
2 3402 3404
2 3402 3948
2 3403 3405
2 3406 3407
2 3406 3408
2 3406 3999
2 3406 4363
2 3407 3585
2 3407 3873
2 3407 4241
2 3408 3409
2 3409 3410
2 3409 3927
2 3410 3411
2 3410 3928
2 3411 3412
2 3413 3415
2 3413 3417
2 3413 4002
2 3413 4518
2 3414 3416
2 3414 3418
2 3414 4003
2 3414 4519
2 3415 3591
2 3415 3837
2 3415 4178
2 3416 3592
2 3416 3838
2 3416 4179
2 3417 3419
2 3418 3420
2 3419 3421
2 3419 3930
2 3420 3422
2 3420 3931
2 3421 3423
2 3421 3932
2 3422 3424
2 3422 3933
2 3423 3425
2 3424 3426
2 3427 3431
2 3427 3435
2 3427 4008
2 3428 3432
2 3428 3436
2 3428 4009
2 3428 4384
2 3429 3433
2 3429 3437
2 3429 4010
2 3430 3434
2 3430 3438
2 3430 4011
2 3430 4385
2 3431 3602
2 3431 3849
2 3431 4228
2 3432 3603
2 3432 3850
2 3432 4229
2 3433 3604
2 3433 3851
2 3433 4230
2 3434 3605
2 3434 3852
2 3434 4231
2 3435 3439
2 3436 3440
2 3437 3441
2 3438 3442
2 3439 3443
2 3439 3935
2 3440 3444
2 3440 3936
2 3441 3445
2 3441 3937
2 3442 3446
2 3442 3938
2 3443 3447
2 3443 3939
2 3444 3448
2 3444 3940
2 3445 3449
2 3445 3941
2 3446 3450
2 3446 3942
2 3448 3451
2 3450 3452
2 3453 3461
2 3453 3469
2 3453 3961
2 3453 4497
2 3454 3462
2 3454 3470
2 3454 3962
2 3454 4498
2 3455 3463
2 3455 3471
2 3455 3963
2 3455 4499
2 3456 3464
2 3456 3472
2 3456 3964
2 3456 4500
2 3457 3465
2 3457 3473
2 3457 3965
2 3458 3466
2 3458 3474
2 3458 3966
2 3459 3467
2 3459 3475
2 3459 3967
2 3460 3468
2 3460 3476
2 3460 3968
2 3461 3624
2 3461 3738
2 3461 4095
2 3462 3625
2 3462 3739
2 3462 4096
2 3463 3626
2 3463 3740
2 3463 4097
2 3464 3627
2 3464 3741
2 3464 4098
2 3465 3628
2 3465 3742
2 3465 4099
2 3466 3629
2 3466 3743
2 3466 4100
2 3467 3630
2 3467 3744
2 3467 4101
2 3468 3631
2 3468 3745
2 3468 4102
2 3469 3477
2 3470 3478
2 3471 3479
2 3472 3480
2 3473 3481
2 3474 3482
2 3475 3483
2 3476 3484
2 3477 3485
2 3477 3891
2 3478 3486
2 3478 3892
2 3479 3487
2 3479 3893
2 3480 3488
2 3480 3894
2 3481 3489
2 3481 3895
2 3482 3490
2 3482 3896
2 3483 3491
2 3483 3897
2 3484 3492
2 3484 3898
2 3485 3493
2 3485 3899
2 3486 3494
2 3486 3900
2 3487 3495
2 3487 3901
2 3488 3496
2 3488 3902
2 3489 3497
2 3489 3903
2 3490 3498
2 3490 3904
2 3491 3499
2 3491 3905
2 3492 3500
2 3492 3906
2 3493 3501
2 3494 3502
2 3495 3503
2 3496 3504
2 3505 3509
2 3505 3513
2 3505 3981
2 3505 4372
2 3506 3510
2 3506 3514
2 3506 3982
2 3506 4373
2 3507 3511
2 3507 3515
2 3507 3983
2 3507 4374
2 3508 3512
2 3508 3516
2 3508 3984
2 3508 4375
2 3509 3668
2 3509 3782
2 3509 4207
2 3510 3669
2 3510 3783
2 3510 4208
2 3511 3670
2 3511 3784
2 3511 4209
2 3512 3671
2 3512 3785
2 3512 4210
2 3513 3517
2 3514 3518
2 3515 3519
2 3516 3520
2 3517 3521
2 3517 3911
2 3518 3522
2 3518 3912
2 3519 3523
2 3519 3913
2 3520 3524
2 3520 3914
2 3521 3525
2 3521 3915
2 3522 3526
2 3522 3916
2 3523 3527
2 3523 3917
2 3524 3528
2 3524 3918
2 3525 3529
2 3526 3530
2 3527 3531
2 3528 3532
2 3533 3535
2 3533 3537
2 3533 3993
2 3533 4509
2 3534 3536
2 3534 3538
2 3534 3994
2 3534 4510
2 3535 3690
2 3535 3804
2 3535 4130
2 3536 3691
2 3536 3805
2 3536 4131
2 3537 3539
2 3538 3540
2 3539 3541
2 3539 3921
2 3540 3542
2 3540 3922
2 3541 3543
2 3541 3923
2 3542 3544
2 3542 3924
2 3543 3545
2 3544 3546
2 3547 3551
2 3547 3555
2 3547 3951
2 3548 3552
2 3548 3556
2 3548 3952
2 3549 3553
2 3549 3557
2 3549 3953
2 3549 4366
2 3550 3554
2 3550 3558
2 3550 3954
2 3550 4367
2 3551 3702
2 3551 3815
2 3551 4194
2 3552 3703
2 3552 3816
2 3552 4195
2 3553 3704
2 3553 3817
2 3553 4196
2 3554 3705
2 3554 3818
2 3554 4197
2 3555 3559
2 3556 3560
2 3557 3561
2 3558 3562
2 3559 3563
2 3559 3879
2 3560 3564
2 3560 3880
2 3561 3565
2 3561 3881
2 3562 3566
2 3562 3882
2 3563 3567
2 3563 3883
2 3564 3568
2 3564 3884
2 3565 3569
2 3565 3885
2 3566 3570
2 3566 3886
2 3569 3571
2 3570 3572
2 3573 3575
2 3573 3945
2 3573 4267
2 3574 3576
2 3574 3946
2 3574 4268
2 3575 3577
2 3576 3578
2 3577 3579
2 3577 4054
2 3578 3580
2 3578 4055
2 3579 3581
2 3579 4056
2 3580 3582
2 3580 4057
2 3581 3583
2 3581 8525
2 3582 3584
2 3582 8526
2 3585 3586
2 3585 3927
2 3585 4430
2 3586 3587
2 3587 3588
2 3587 4033
2 3588 3589
2 3588 4034
2 3589 3590
2 3591 3593
2 3591 3930
2 3592 3594
2 3592 3931
2 3592 4277
2 3593 3595
2 3594 3596
2 3595 3597
2 3595 4036
2 3596 3598
2 3596 4037
2 3597 3599
2 3597 4038
2 3598 3600
2 3598 4039
2 3599 8541
2 3600 3601
2 3600 8542
2 3602 3606
2 3602 3935
2 3602 4435
2 3603 3607
2 3603 3936
2 3603 4436
2 3604 3608
2 3604 3937
2 3605 3609
2 3605 3938
2 3606 3610
2 3607 3611
2 3608 3612
2 3609 3613
2 3610 3614
2 3610 4042
2 3611 3615
2 3611 4043
2 3612 3616
2 3612 4044
2 3613 3617
2 3613 4045
2 3614 3618
2 3614 4046
2 3615 3619
2 3615 4047
2 3616 3620
2 3616 4048
2 3617 3621
2 3617 4049
2 3618 3622
2 3619 3623
2 3624 3632
2 3624 3891
2 3625 3633
2 3625 3892
2 3626 3634
2 3626 3893
2 3626 4247
2 3627 3635
2 3627 3894
2 3627 4248
2 3628 3636
2 3628 3895
2 3629 3637
2 3629 3896
2 3630 3638
2 3630 3897
2 3630 4249
2 3631 3639
2 3631 3898
2 3631 4250
2 3632 3640
2 3633 3641
2 3634 3642
2 3635 3643
2 3636 3644
2 3637 3645
2 3638 3646
2 3639 3647
2 3640 3648
2 3640 4075
2 3641 3649
2 3641 4076
2 3642 3650
2 3642 4077
2 3643 3651
2 3643 4078
2 3644 3652
2 3644 4079
2 3645 3653
2 3645 4080
2 3646 3654
2 3646 4081
2 3647 3655
2 3647 4082
2 3648 3656
2 3648 4083
2 3649 3657
2 3649 4084
2 3650 3658
2 3650 4085
2 3651 3659
2 3651 4086
2 3652 3660
2 3652 4087
2 3653 3661
2 3653 4088
2 3654 3662
2 3654 4089
2 3655 3663
2 3655 4090
2 3656 8483
2 3657 8484
2 3658 3664
2 3658 8485
2 3659 3665
2 3659 8486
2 3660 8487
2 3661 8488
2 3662 3666
2 3662 8489
2 3663 3667
2 3663 8490
2 3668 3672
2 3668 3911
2 3668 4465
2 3669 3673
2 3669 3912
2 3669 4466
2 3670 3674
2 3670 3913
2 3671 3675
2 3671 3914
2 3672 3676
2 3673 3677
2 3674 3678
2 3675 3679
2 3676 3680
2 3676 4060
2 3677 3681
2 3677 4061
2 3678 3682
2 3678 4062
2 3679 3683
2 3679 4063
2 3680 3684
2 3680 4064
2 3681 3685
2 3681 4065
2 3682 3686
2 3682 4066
2 3683 3687
2 3683 4067
2 3684 3688
2 3685 3689
2 3690 3692
2 3690 3921
2 3690 4282
2 3691 3693
2 3691 3922
2 3691 4283
2 3692 3694
2 3693 3695
2 3694 3696
2 3694 4070
2 3695 3697
2 3695 4071
2 3696 3698
2 3696 4072
2 3697 3699
2 3697 4073
2 3698 3700
2 3698 8509
2 3699 3701
2 3699 8510
2 3702 3706
2 3702 3879
2 3702 4445
2 3703 3707
2 3703 3880
2 3703 4446
2 3704 3708
2 3704 3881
2 3704 4447
2 3705 3709
2 3705 3882
2 3705 4448
2 3706 3710
2 3707 3711
2 3708 3712
2 3709 3713
2 3710 3714
2 3710 4023
2 3711 3715
2 3711 4024
2 3712 3716
2 3712 4025
2 3713 3717
2 3713 4026
2 3714 3718
2 3714 4027
2 3715 3719
2 3715 4028
2 3716 3720
2 3716 4029
2 3717 3721
2 3717 4030
2 3718 3722
2 3719 3723
2 3720 3724
2 3721 3725
2 3726 3728
2 3726 4054
2 3726 4295
2 3727 3729
2 3727 4055
2 3727 4296
2 3728 3730
2 3729 3731
2 3730 3732
2 3730 4018
2 3731 3733
2 3731 4019
2 3732 3734
2 3732 4020
2 3733 3735
2 3733 4021
2 3734 3736
2 3735 3737
2 3738 3746
2 3738 4075
2 3739 3747
2 3739 4076
2 3739 4329
2 3740 3748
2 3740 4077
2 3741 3749
2 3741 4078
2 3741 4330
2 3742 3750
2 3742 4079
2 3743 3751
2 3743 4080
2 3743 4331
2 3744 3752
2 3744 4081
2 3745 3753
2 3745 4082
2 3745 4332
2 3746 3754
2 3747 3755
2 3748 3756
2 3749 3757
2 3750 3758
2 3751 3759
2 3752 3760
2 3753 3761
2 3754 3762
2 3754 3961
2 3755 3763
2 3755 3962
2 3756 3764
2 3756 3963
2 3757 3765
2 3757 3964
2 3758 3766
2 3758 3965
2 3759 3767
2 3759 3966
2 3760 3768
2 3760 3967
2 3761 3769
2 3761 3968
2 3762 3770
2 3762 3969
2 3763 3771
2 3763 3970
2 3764 3772
2 3764 3971
2 3765 3773
2 3765 3972
2 3766 3774
2 3766 3973
2 3767 3775
2 3767 3974
2 3768 3776
2 3768 3975
2 3769 3777
2 3769 3976
2 3771 3778
2 3773 3779
2 3775 3780
2 3777 3781
2 3782 3786
2 3782 4060
2 3783 3787
2 3783 4061
2 3783 4137
2 3784 3788
2 3784 4062
2 3785 3789
2 3785 4063
2 3785 4138
2 3786 3790
2 3787 3791
2 3788 3792
2 3789 3793
2 3790 3794
2 3790 3981
2 3791 3795
2 3791 3982
2 3792 3796
2 3792 3983
2 3793 3797
2 3793 3984
2 3794 3798
2 3794 3985
2 3795 3799
2 3795 3986
2 3796 3800
2 3796 3987
2 3797 3801
2 3797 3988
2 3798 8603
2 3799 3802
2 3799 8604
2 3800 8605
2 3801 3803
2 3801 8606
2 3804 3806
2 3804 4070
2 3805 3807
2 3805 4071
2 3805 4321
2 3806 3808
2 3807 3809
2 3808 3810
2 3808 3993
2 3809 3811
2 3809 3994
2 3810 3812
2 3810 3995
2 3811 3813
2 3811 3996
2 3813 3814
2 3815 3819
2 3815 4023
2 3816 3820
2 3816 4024
2 3816 4120
2 3817 3821
2 3817 4025
2 3818 3822
2 3818 4026
2 3818 4121
2 3819 3823
2 3820 3824
2 3821 3825
2 3822 3826
2 3823 3827
2 3823 3951
2 3824 3828
2 3824 3952
2 3825 3829
2 3825 3953
2 3826 3830
2 3826 3954
2 3827 3831
2 3827 3955
2 3828 3832
2 3828 3956
2 3829 3833
2 3829 3957
2 3830 3834
2 3830 3958
2 3831 8613
2 3832 3835
2 3832 8614
2 3833 8615
2 3834 3836
2 3834 8616
2 3837 3839
2 3837 4036
2 3837 4310
2 3838 3840
2 3838 4037
2 3838 4311
2 3839 3841
2 3840 3842
2 3841 3843
2 3841 4002
2 3842 3844
2 3842 4003
2 3843 3845
2 3843 4004
2 3844 3846
2 3844 4005
2 3845 3847
2 3846 3848
2 3849 3853
2 3849 4042
2 3849 4158
2 3850 3854
2 3850 4043
2 3850 4159
2 3851 3855
2 3851 4044
2 3851 4160
2 3852 3856
2 3852 4045
2 3852 4161
2 3853 3857
2 3854 3858
2 3855 3859
2 3856 3860
2 3857 3861
2 3857 4008
2 3858 3862
2 3858 4009
2 3859 3863
2 3859 4010
2 3860 3864
2 3860 4011
2 3861 3865
2 3861 4012
2 3862 3866
2 3862 4013
2 3863 3867
2 3863 4014
2 3864 3868
2 3864 4015
2 3865 3869
2 3865 8577
2 3866 3870
2 3866 8578
2 3867 3871
2 3867 8579
2 3868 3872
2 3868 8580
2 3873 3874
2 3873 4033
2 3873 4189
2 3874 3875
2 3875 3876
2 3875 3999
2 3876 3877
2 3876 4000
2 3877 3878
2 3877 8592
2 3883 3887
2 3884 3888
2 3885 3889
2 3886 3890
2 3901 3907
2 3902 3908
2 3905 3909
2 3906 3910
2 3915 3919
2 3916 3920
2 3923 3925
2 3924 3926
2 3928 3929
2 3933 3934
2 3939 3943
2 3940 3944
2 3947 3949
2 3948 3950
2 3955 8164
2 3956 8165
2 3957 3959
2 3957 8166
2 3958 3960
2 3958 8167
2 3969 3977
2 3970 3978
2 3971 3979
2 3972 3980
2 3985 3989
2 3985 8198
2 3986 3990
2 3986 8199
2 3987 3991
2 3987 8200
2 3988 3992
2 3988 8201
2 3995 3997
2 3996 3998
2 4000 4001
2 4000 8101
2 4004 4006
2 4005 4007
2 4012 8130
2 4013 4016
2 4013 8131
2 4014 8132
2 4015 4017
2 4015 8133
2 4020 4022
2 4028 4031
2 4030 4032
2 4034 4035
2 4038 4040
2 4038 8387
2 4039 4041
2 4039 8388
2 4046 4050
2 4047 4051
2 4048 4052
2 4049 4053
2 4056 4058
2 4056 8399
2 4057 4059
2 4057 8400
2 4065 4068
2 4067 4069
2 4072 8286
2 4073 4074
2 4073 8287
2 4083 8343
2 4084 4091
2 4084 8344
2 4085 8345
2 4086 4092
2 4086 8346
2 4087 8347
2 4088 4093
2 4088 8348
2 4089 8349
2 4090 4094
2 4090 8350
2 4095 4399
2 4096 4103
2 4096 4400
2 4097 4354
2 4097 4401
2 4098 4104
2 4098 4355
2 4098 4402
2 4100 4105
2 4101 4356
2 4102 4106
2 4102 4357
2 4103 4107
2 4104 4108
2 4105 4109
2 4106 4110
2 4107 4111
2 4107 4329
2 4108 4112
2 4108 4330
2 4109 4113
2 4109 4331
2 4110 4114
2 4110 4332
2 4111 4115
2 4111 4333
2 4112 4116
2 4112 4334
2 4113 4117
2 4113 4335
2 4114 4118
2 4114 4336
2 4115 4305
2 4116 4119
2 4116 4306
2 4117 4307
2 4118 4308
2 4120 4122
2 4121 4123
2 4122 4124
2 4122 4316
2 4123 4125
2 4123 4317
2 4124 4126
2 4124 4318
2 4125 4127
2 4125 4319
2 4126 4128
2 4126 4312
2 4127 4129
2 4127 4313
2 4130 4349
2 4130 4390
2 4131 4132
2 4131 4350
2 4131 4391
2 4132 4133
2 4133 4134
2 4133 4321
2 4134 4135
2 4134 4322
2 4135 4136
2 4135 4293
2 4137 4139
2 4138 4140
2 4139 4141
2 4139 4324
2 4140 4142
2 4140 4325
2 4141 4143
2 4141 4326
2 4142 4144
2 4142 4327
2 4143 4145
2 4143 4297
2 4144 4146
2 4144 4298
2 4147 4149
2 4147 4341
2 4147 4425
2 4148 4150
2 4148 4342
2 4149 4151
2 4150 4152
2 4151 4153
2 4151 4295
2 4152 4154
2 4152 4296
2 4153 4155
2 4153 4297
2 4154 4156
2 4154 4298
2 4155 4157
2 4155 4326
2 4156 4327
2 4158 4162
2 4159 4163
2 4160 4164
2 4161 4165
2 4162 4166
2 4162 4301
2 4163 4167
2 4163 4302
2 4164 4168
2 4164 4303
2 4165 4169
2 4165 4304
2 4166 4170
2 4166 4305
2 4167 4171
2 4167 4306
2 4168 4172
2 4168 4307
2 4169 4173
2 4169 4308
2 4170 4174
2 4170 4333
2 4171 4175
2 4171 4334
2 4172 4176
2 4172 4335
2 4173 4177
2 4173 4336
2 4178 4180
2 4178 4416
2 4179 4181
2 4179 4346
2 4179 4417
2 4180 4182
2 4181 4183
2 4182 4184
2 4182 4310
2 4183 4185
2 4183 4311
2 4184 4186
2 4184 4312
2 4185 4187
2 4185 4313
2 4186 4318
2 4187 4188
2 4187 4319
2 4189 4190
2 4190 4191
2 4190 4292
2 4191 4192
2 4191 4293
2 4192 4193
2 4192 4322
2 4194 4488
2 4195 4316
2 4195 4489
2 4196 4198
2 4196 4490
2 4197 4199
2 4197 4317
2 4197 4491
2 4198 4200
2 4199 4201
2 4200 4202
2 4200 4366
2 4201 4203
2 4201 4367
2 4202 4204
2 4202 4368
2 4203 4205
2 4203 4369
2 4204 4351
2 4205 4206
2 4205 4352
2 4207 4211
2 4207 4483
2 4208 4212
2 4208 4324
2 4208 4484
2 4209 4213
2 4210 4214
2 4210 4325
2 4211 4215
2 4212 4216
2 4213 4217
2 4214 4218
2 4215 4219
2 4215 4372
2 4216 4220
2 4216 4373
2 4217 4221
2 4217 4374
2 4218 4222
2 4218 4375
2 4219 4223
2 4219 4376
2 4220 4224
2 4220 4377
2 4221 4225
2 4221 4378
2 4222 4226
2 4222 4379
2 4223 4358
2 4224 4227
2 4224 4359
2 4225 4360
2 4226 4361
2 4228 4301
2 4228 4475
2 4229 4232
2 4229 4302
2 4229 4476
2 4230 4303
2 4231 4233
2 4231 4304
2 4232 4234
2 4233 4235
2 4234 4236
2 4234 4384
2 4235 4237
2 4235 4385
2 4236 4238
2 4236 4386
2 4237 4239
2 4237 4387
2 4238 4240
2 4238 4343
2 4239 4344
2 4241 4242
2 4241 4292
2 4241 4480
2 4242 4243
2 4243 4244
2 4243 4363
2 4244 4245
2 4244 4364
2 4245 4246
2 4245 4347
2 4247 4251
2 4248 4252
2 4249 4253
2 4250 4254
2 4251 4255
2 4251 4354
2 4252 4256
2 4252 4355
2 4253 4257
2 4253 4356
2 4254 4258
2 4254 4357
2 4255 4259
2 4255 4358
2 4256 4260
2 4256 4359
2 4257 4261
2 4257 4360
2 4258 4262
2 4258 4361
2 4259 4263
2 4259 4376
2 4260 4264
2 4260 4377
2 4261 4265
2 4261 4378
2 4262 4266
2 4262 4379
2 4267 4269
2 4268 4270
2 4269 4271
2 4269 4341
2 4270 4272
2 4270 4342
2 4271 4273
2 4271 4343
2 4272 4274
2 4272 4344
2 4273 4275
2 4273 4386
2 4274 4276
2 4274 4387
2 4277 4278
2 4278 4279
2 4278 4346
2 4279 4280
2 4279 4347
2 4280 4281
2 4280 4364
2 4282 4284
2 4283 4285
2 4284 4286
2 4284 4349
2 4285 4287
2 4285 4350
2 4286 4288
2 4286 4351
2 4287 4289
2 4287 4352
2 4288 4290
2 4288 4368
2 4289 4291
2 4289 4369
2 4293 4294
2 4297 4299
2 4298 4300
2 4306 4309
2 4312 4314
2 4313 4315
2 4319 4320
2 4322 4323
2 4326 4328
2 4333 4337
2 4334 4338
2 4335 4339
2 4336 4340
2 4343 4345
2 4347 4348
2 4352 4353
2 4359 4362
2 4364 4365
2 4368 4370
2 4369 4371
2 4376 4380
2 4377 4381
2 4378 4382
2 4379 4383
2 4386 4388
2 4387 4389
2 4390 4392
2 4391 4393
2 4392 4394
2 4392 4509
2 4393 4395
2 4393 4510
2 4394 4396
2 4394 4511
2 4395 4397
2 4395 4512
2 4396 4485
2 4397 4398
2 4397 4486
2 4399 4403
2 4400 4404
2 4401 4405
2 4402 4406
2 4403 4407
2 4403 4497
2 4404 4408
2 4404 4498
2 4405 4409
2 4405 4499
2 4406 4410
2 4406 4500
2 4407 4411
2 4407 4501
2 4408 4412
2 4408 4502
2 4409 4413
2 4409 4503
2 4410 4414
2 4410 4504
2 4411 4492
2 4412 4493
2 4413 4494
2 4414 4415
2 4414 4495
2 4416 4418
2 4417 4419
2 4418 4420
2 4418 4518
2 4419 4421
2 4419 4519
2 4420 4422
2 4420 4520
2 4421 4423
2 4421 4521
2 4422 4477
2 4423 4424
2 4423 4478
2 4425 4426
2 4426 4427
2 4426 4515
2 4427 4428
2 4427 4516
2 4428 4429
2 4428 4481
2 4430 4431
2 4431 4432
2 4431 4480
2 4432 4433
2 4432 4481
2 4433 4434
2 4433 4516
2 4435 4437
2 4436 4438
2 4437 4439
2 4437 4475
2 4438 4440
2 4438 4476
2 4439 4441
2 4439 4477
2 4440 4442
2 4440 4478
2 4441 4443
2 4441 4520
2 4442 4444
2 4442 4521
2 4445 4449
2 4446 4450
2 4447 4451
2 4448 4452
2 4449 4453
2 4449 4488
2 4450 4454
2 4450 4489
2 4451 4455
2 4451 4490
2 4452 4456
2 4452 4491
2 4453 4457
2 4453 4492
2 4454 4458
2 4454 4493
2 4455 4459
2 4455 4494
2 4456 4460
2 4456 4495
2 4457 4461
2 4457 4501
2 4458 4462
2 4458 4502
2 4459 4463
2 4459 4503
2 4460 4464
2 4460 4504
2 4465 4467
2 4466 4468
2 4467 4469
2 4467 4483
2 4468 4470
2 4468 4484
2 4469 4471
2 4469 4485
2 4470 4472
2 4470 4486
2 4471 4473
2 4471 4511
2 4472 4474
2 4472 4512
2 4478 4479
2 4481 4482
2 4486 4487
2 4495 4496
2 4501 4505
2 4502 4506
2 4503 4507
2 4504 4508
2 4511 4513
2 4512 4514
2 4516 4517
2 4520 4522
2 4521 4523
2 4524 4528
2 4524 4532
2 4524 5142
2 4524 5637
2 4525 4529
2 4525 4533
2 4525 5143
2 4525 5638
2 4526 4530
2 4526 4534
2 4526 5144
2 4526 5639
2 4527 4531
2 4527 4535
2 4527 5145
2 4527 5640
2 4528 4704
2 4528 4857
2 4528 5273
2 4529 4705
2 4529 4858
2 4529 5274
2 4530 4706
2 4530 4859
2 4530 5275
2 4531 4707
2 4531 4860
2 4531 5276
2 4532 4536
2 4533 4537
2 4534 4538
2 4535 4539
2 4536 4540
2 4536 5072
2 4537 4541
2 4537 5073
2 4538 4542
2 4538 5074
2 4539 4543
2 4539 5075
2 4540 4544
2 4540 5076
2 4541 4545
2 4541 5077
2 4542 4546
2 4542 5078
2 4543 4547
2 4543 5079
2 4544 4548
2 4544 6161
2 4545 4549
2 4545 6162
2 4546 4550
2 4546 6163
2 4547 4551
2 4547 6164
2 4552 4560
2 4552 4568
2 4552 5106
2 4552 5494
2 4553 4561
2 4553 4569
2 4553 5107
2 4553 5495
2 4554 4562
2 4554 4570
2 4554 5108
2 4555 4563
2 4555 4571
2 4555 5109
2 4556 4564
2 4556 4572
2 4556 5110
2 4556 5496
2 4557 4565
2 4557 4573
2 4557 5111
2 4557 5497
2 4558 4566
2 4558 4574
2 4558 5112
2 4559 4567
2 4559 4575
2 4559 5113
2 4560 4726
2 4560 4966
2 4560 5353
2 4561 4727
2 4561 4967
2 4561 5354
2 4562 4728
2 4562 4968
2 4562 5355
2 4563 4729
2 4563 4969
2 4563 5356
2 4564 4730
2 4564 4970
2 4564 5357
2 4565 4731
2 4565 4971
2 4565 5358
2 4566 4732
2 4566 4972
2 4566 5359
2 4567 4733
2 4567 4973
2 4567 5360
2 4568 4576
2 4569 4577
2 4570 4578
2 4571 4579
2 4572 4580
2 4573 4581
2 4574 4582
2 4575 4583
2 4576 4584
2 4576 5034
2 4577 4585
2 4577 5035
2 4578 4586
2 4578 5036
2 4579 4587
2 4579 5037
2 4580 4588
2 4580 5038
2 4581 4589
2 4581 5039
2 4582 4590
2 4582 5040
2 4583 4591
2 4583 5041
2 4584 4592
2 4584 5042
2 4585 4593
2 4585 5043
2 4586 4594
2 4586 5044
2 4587 4595
2 4587 5045
2 4588 4596
2 4588 5046
2 4589 4597
2 4589 5047
2 4590 4598
2 4590 5048
2 4591 4599
2 4591 5049
2 4592 4600
2 4592 6177
2 4593 4601
2 4593 6178
2 4594 6179
2 4595 6180
2 4596 4602
2 4596 6181
2 4597 4603
2 4597 6182
2 4598 6183
2 4599 6184
2 4604 4608
2 4604 4612
2 4604 5126
2 4605 4609
2 4605 4613
2 4605 5127
2 4606 4610
2 4606 4614
2 4606 5128
2 4606 5649
2 4607 4611
2 4607 4615
2 4607 5129
2 4607 5650
2 4608 4770
2 4608 4933
2 4608 5291
2 4609 4771
2 4609 4934
2 4609 5292
2 4610 4772
2 4610 4935
2 4610 5293
2 4611 4773
2 4611 4936
2 4611 5294
2 4612 4616
2 4613 4617
2 4614 4618
2 4615 4619
2 4616 4620
2 4616 5054
2 4617 4621
2 4617 5055
2 4618 4622
2 4618 5056
2 4619 4623
2 4619 5057
2 4620 4624
2 4620 5058
2 4621 4625
2 4621 5059
2 4622 4626
2 4622 5060
2 4623 4627
2 4623 5061
2 4624 6145
2 4625 6146
2 4626 4628
2 4626 6147
2 4627 4629
2 4627 6148
2 4630 4632
2 4630 4634
2 4630 5136
2 4630 5515
2 4631 4633
2 4631 4635
2 4631 5137
2 4631 5516
2 4632 4794
2 4632 4955
2 4632 5342
2 4633 4795
2 4633 4956
2 4633 5343
2 4634 4636
2 4635 4637
2 4636 4638
2 4636 5066
2 4637 4639
2 4637 5067
2 4638 4640
2 4638 5068
2 4639 4641
2 4639 5069
2 4640 4642
2 4640 6153
2 4641 4643
2 4641 6154
2 4644 4645
2 4644 4646
2 4644 5088
2 4644 5628
2 4645 4806
2 4645 4879
2 4645 5226
2 4646 4647
2 4647 4648
2 4647 5015
2 4648 4649
2 4648 5016
2 4649 4650
2 4649 6206
2 4651 4653
2 4651 4655
2 4651 5091
2 4651 5512
2 4652 4654
2 4652 4656
2 4652 5092
2 4653 4812
2 4653 4885
2 4653 5335
2 4654 4813
2 4654 4886
2 4654 5336
2 4655 4657
2 4656 4658
2 4657 4659
2 4657 5018
2 4658 4660
2 4658 5019
2 4659 4661
2 4659 5020
2 4660 4662
2 4660 5021
2 4661 4663
2 4661 6210
2 4662 6211
2 4664 4668
2 4664 4672
2 4664 5096
2 4665 4669
2 4665 4673
2 4665 5097
2 4666 4670
2 4666 4674
2 4666 5098
2 4666 5631
2 4667 4671
2 4667 4675
2 4667 5099
2 4667 5632
2 4668 4824
2 4668 4897
2 4668 5242
2 4669 4825
2 4669 4898
2 4669 5243
2 4670 4826
2 4670 4899
2 4670 5244
2 4671 4827
2 4671 4900
2 4671 5245
2 4672 4676
2 4673 4677
2 4674 4678
2 4675 4679
2 4676 4680
2 4676 5024
2 4677 4681
2 4677 5025
2 4678 4682
2 4678 5026
2 4679 4683
2 4679 5027
2 4680 4684
2 4680 5028
2 4681 4685
2 4681 5029
2 4682 4686
2 4682 5030
2 4683 4687
2 4683 5031
2 4684 6193
2 4685 6194
2 4686 4688
2 4686 6195
2 4687 4689
2 4687 6196
2 4690 4692
2 4690 4694
2 4690 5082
2 4690 5506
2 4691 4693
2 4691 4695
2 4691 5083
2 4691 5507
2 4692 4846
2 4692 4921
2 4692 5324
2 4693 4847
2 4693 4922
2 4693 5325
2 4694 4696
2 4695 4697
2 4696 4698
2 4696 5010
2 4697 4699
2 4697 5011
2 4698 4700
2 4698 5012
2 4699 4701
2 4699 5013
2 4700 4702
2 4700 6201
2 4701 4703
2 4701 6202
2 4704 4708
2 4704 5072
2 4704 5383
2 4705 4709
2 4705 5073
2 4705 5384
2 4706 4710
2 4706 5074
2 4707 4711
2 4707 5075
2 4708 4712
2 4709 4713
2 4710 4714
2 4711 4715
2 4712 4716
2 4712 5195
2 4713 4717
2 4713 5196
2 4714 4718
2 4714 5197
2 4715 4719
2 4715 5198
2 4716 4720
2 4716 5199
2 4717 4721
2 4717 5200
2 4718 4722
2 4718 5201
2 4719 4723
2 4719 5202
2 4720 4724
2 4721 4725
2 4726 4734
2 4726 5034
2 4727 4735
2 4727 5035
2 4728 4736
2 4728 5036
2 4729 4737
2 4729 5037
2 4730 4738
2 4730 5038
2 4730 5561
2 4731 4739
2 4731 5039
2 4731 5562
2 4732 4740
2 4732 5040
2 4732 5563
2 4733 4741
2 4733 5041
2 4733 5564
2 4734 4742
2 4735 4743
2 4736 4744
2 4737 4745
2 4738 4746
2 4739 4747
2 4740 4748
2 4741 4749
2 4742 4750
2 4742 5160
2 4743 4751
2 4743 5161
2 4744 4752
2 4744 5162
2 4745 4753
2 4745 5163
2 4746 4754
2 4746 5164
2 4747 4755
2 4747 5165
2 4748 4756
2 4748 5166
2 4749 4757
2 4749 5167
2 4750 4758
2 4750 5168
2 4751 4759
2 4751 5169
2 4752 4760
2 4752 5170
2 4753 4761
2 4753 5171
2 4754 4762
2 4754 5172
2 4755 4763
2 4755 5173
2 4756 4764
2 4756 5174
2 4757 4765
2 4757 5175
2 4758 7388
2 4759 7389
2 4760 7390
2 4761 7391
2 4762 4766
2 4762 7392
2 4763 4767
2 4763 7393
2 4764 4768
2 4764 7394
2 4765 4769
2 4765 7395
2 4770 4774
2 4770 5054
2 4770 5393
2 4771 4775
2 4771 5055
2 4771 5394
2 4772 4776
2 4772 5056
2 4772 5395
2 4773 4777
2 4773 5057
2 4773 5396
2 4774 4778
2 4775 4779
2 4776 4780
2 4777 4781
2 4778 4782
2 4778 5180
2 4779 4783
2 4779 5181
2 4780 4784
2 4780 5182
2 4781 4785
2 4781 5183
2 4782 4786
2 4782 5184
2 4783 4787
2 4783 5185
2 4784 4788
2 4784 5186
2 4785 4789
2 4785 5187
2 4786 4790
2 4787 4791
2 4788 4792
2 4789 4793
2 4794 4796
2 4794 5066
2 4794 5581
2 4795 4797
2 4795 5067
2 4795 5582
2 4796 4798
2 4797 4799
2 4798 4800
2 4798 5190
2 4799 4801
2 4799 5191
2 4800 4802
2 4800 5192
2 4801 4803
2 4801 5193
2 4802 4804
2 4802 7412
2 4803 4805
2 4803 7413
2 4806 4807
2 4806 5015
2 4806 5378
2 4807 4808
2 4808 4809
2 4808 5223
2 4809 4810
2 4809 5224
2 4810 4811
2 4812 4814
2 4812 5018
2 4812 5596
2 4813 4815
2 4813 5019
2 4813 5597
2 4814 4816
2 4815 4817
2 4816 4818
2 4816 5205
2 4817 4819
2 4817 5206
2 4818 4820
2 4818 5207
2 4819 4821
2 4819 5208
2 4820 4822
2 4820 7356
2 4821 4823
2 4821 7357
2 4824 4828
2 4824 5024
2 4824 5413
2 4825 4829
2 4825 5025
2 4826 4830
2 4826 5026
2 4826 5414
2 4827 4831
2 4827 5027
2 4828 4832
2 4829 4833
2 4830 4834
2 4831 4835
2 4832 4836
2 4832 5211
2 4833 4837
2 4833 5212
2 4834 4838
2 4834 5213
2 4835 4839
2 4835 5214
2 4836 4840
2 4836 5215
2 4837 4841
2 4837 5216
2 4838 4842
2 4838 5217
2 4839 4843
2 4839 5218
2 4840 4844
2 4842 4845
2 4846 4848
2 4846 5010
2 4847 4849
2 4847 5011
2 4847 5591
2 4848 4850
2 4849 4851
2 4850 4852
2 4850 5154
2 4851 4853
2 4851 5155
2 4852 4854
2 4852 5156
2 4853 4855
2 4853 5157
2 4854 7365
2 4855 4856
2 4855 7366
2 4857 4861
2 4857 5195
2 4857 5432
2 4858 4862
2 4858 5196
2 4859 4863
2 4859 5197
2 4859 5433
2 4860 4864
2 4860 5198
2 4861 4865
2 4862 4866
2 4863 4867
2 4864 4868
2 4865 4869
2 4865 5142
2 4866 4870
2 4866 5143
2 4867 4871
2 4867 5144
2 4868 4872
2 4868 5145
2 4869 4873
2 4869 5146
2 4870 4874
2 4870 5147
2 4871 4875
2 4871 5148
2 4872 4876
2 4872 5149
2 4873 4877
2 4873 7462
2 4874 7463
2 4875 4878
2 4875 7464
2 4876 7465
2 4879 4880
2 4879 5223
2 4879 5469
2 4880 4881
2 4881 4882
2 4881 5088
2 4882 4883
2 4882 5089
2 4883 4884
2 4883 7474
2 4885 4887
2 4885 5205
2 4885 5263
2 4886 4888
2 4886 5206
2 4886 5264
2 4887 4889
2 4888 4890
2 4889 4891
2 4889 5091
2 4890 4892
2 4890 5092
2 4891 4893
2 4891 5093
2 4892 4894
2 4892 5094
2 4893 4895
2 4894 4896
2 4897 4901
2 4897 5211
2 4897 5452
2 4898 4902
2 4898 5212
2 4898 5453
2 4899 4903
2 4899 5213
2 4899 5454
2 4900 4904
2 4900 5214
2 4900 5455
2 4901 4905
2 4902 4906
2 4903 4907
2 4904 4908
2 4905 4909
2 4905 5096
2 4906 4910
2 4906 5097
2 4907 4911
2 4907 5098
2 4908 4912
2 4908 5099
2 4909 4913
2 4909 5100
2 4910 4914
2 4910 5101
2 4911 4915
2 4911 5102
2 4912 4916
2 4912 5103
2 4913 4917
2 4913 7420
2 4914 4918
2 4914 7421
2 4915 4919
2 4915 7422
2 4916 4920
2 4916 7423
2 4921 4923
2 4921 5154
2 4921 5232
2 4922 4924
2 4922 5155
2 4922 5233
2 4923 4925
2 4924 4926
2 4925 4927
2 4925 5082
2 4926 4928
2 4926 5083
2 4927 4929
2 4927 5084
2 4928 4930
2 4928 5085
2 4929 4931
2 4930 4932
2 4933 4937
2 4933 5180
2 4933 5441
2 4934 4938
2 4934 5181
2 4935 4939
2 4935 5182
2 4935 5442
2 4936 4940
2 4936 5183
2 4937 4941
2 4938 4942
2 4939 4943
2 4940 4944
2 4941 4945
2 4941 5126
2 4942 4946
2 4942 5127
2 4943 4947
2 4943 5128
2 4944 4948
2 4944 5129
2 4945 4949
2 4945 5130
2 4946 4950
2 4946 5131
2 4947 4951
2 4947 5132
2 4948 4952
2 4948 5133
2 4949 4953
2 4949 7432
2 4950 7433
2 4951 4954
2 4951 7434
2 4952 7435
2 4955 4957
2 4955 5190
2 4955 5286
2 4956 4958
2 4956 5191
2 4957 4959
2 4958 4960
2 4959 4961
2 4959 5136
2 4960 4962
2 4960 5137
2 4961 4963
2 4961 5138
2 4962 4964
2 4962 5139
2 4963 4965
2 4966 4974
2 4966 5160
2 4966 5304
2 4967 4975
2 4967 5161
2 4968 4976
2 4968 5162
2 4968 5305
2 4969 4977
2 4969 5163
2 4970 4978
2 4970 5164
2 4970 5306
2 4971 4979
2 4971 5165
2 4972 4980
2 4972 5166
2 4972 5307
2 4973 4981
2 4973 5167
2 4974 4982
2 4975 4983
2 4976 4984
2 4977 4985
2 4978 4986
2 4979 4987
2 4980 4988
2 4981 4989
2 4982 4990
2 4982 5106
2 4983 4991
2 4983 5107
2 4984 4992
2 4984 5108
2 4985 4993
2 4985 5109
2 4986 4994
2 4986 5110
2 4987 4995
2 4987 5111
2 4988 4996
2 4988 5112
2 4989 4997
2 4989 5113
2 4990 4998
2 4990 5114
2 4991 4999
2 4991 5115
2 4992 5000
2 4992 5116
2 4993 5001
2 4993 5117
2 4994 5002
2 4994 5118
2 4995 5003
2 4995 5119
2 4996 5004
2 4996 5120
2 4997 5005
2 4997 5121
2 4998 5006
2 5000 5007
2 5002 5008
2 5004 5009
2 5012 5705
2 5013 5014
2 5013 5706
2 5016 5017
2 5016 5713
2 5020 5022
2 5020 5665
2 5021 5023
2 5021 5666
2 5028 5032
2 5028 5689
2 5029 5690
2 5030 5033
2 5030 5691
2 5031 5692
2 5042 5795
2 5043 5796
2 5044 5797
2 5045 5798
2 5046 5050
2 5046 5799
2 5047 5051
2 5047 5800
2 5048 5052
2 5048 5801
2 5049 5053
2 5049 5802
2 5058 5062
2 5058 5827
2 5059 5063
2 5059 5828
2 5060 5064
2 5060 5829
2 5061 5065
2 5061 5830
2 5068 5070
2 5068 5725
2 5069 5071
2 5069 5726
2 5076 5080
2 5076 5749
2 5077 5081
2 5077 5750
2 5078 5751
2 5079 5752
2 5084 5086
2 5085 5087
2 5089 5090
2 5089 7083
2 5093 5095
2 5100 7113
2 5101 7114
2 5102 5104
2 5102 7115
2 5103 5105
2 5103 7116
2 5114 5122
2 5115 5123
2 5118 5124
2 5119 5125
2 5130 6994
2 5131 6995
2 5132 5134
2 5132 6996
2 5133 5135
2 5133 6997
2 5138 5140
2 5139 5141
2 5146 5150
2 5146 7060
2 5147 5151
2 5147 7061
2 5148 5152
2 5148 7062
2 5149 5153
2 5149 7063
2 5156 5158
2 5156 7156
2 5157 5159
2 5157 7157
2 5168 5176
2 5168 7216
2 5169 7217
2 5170 5177
2 5170 7218
2 5171 7219
2 5172 5178
2 5172 7220
2 5173 7221
2 5174 5179
2 5174 7222
2 5175 7223
2 5184 5188
2 5186 5189
2 5192 5194
2 5192 7127
2 5193 7128
2 5199 5203
2 5201 5204
2 5207 5209
2 5207 7138
2 5208 5210
2 5208 7139
2 5215 5219
2 5216 5220
2 5217 5221
2 5218 5222
2 5224 5225
2 5226 5227
2 5226 5491
2 5226 5530
2 5227 5228
2 5228 5229
2 5228 5469
2 5229 5230
2 5229 5470
2 5230 5231
2 5230 5439
2 5232 5234
2 5233 5235
2 5234 5236
2 5234 5447
2 5235 5237
2 5235 5448
2 5236 5238
2 5236 5449
2 5237 5239
2 5237 5450
2 5238 5240
2 5238 5443
2 5239 5241
2 5239 5444
2 5242 5246
2 5242 5486
2 5243 5247
2 5244 5248
2 5244 5487
2 5244 5521
2 5245 5249
2 5245 5522
2 5246 5250
2 5247 5251
2 5248 5252
2 5249 5253
2 5250 5254
2 5250 5452
2 5251 5255
2 5251 5453
2 5252 5256
2 5252 5454
2 5253 5257
2 5253 5455
2 5254 5258
2 5254 5456
2 5255 5259
2 5255 5457
2 5256 5260
2 5256 5458
2 5257 5261
2 5257 5459
2 5258 5427
2 5259 5428
2 5260 5262
2 5260 5429
2 5261 5430
2 5263 5265
2 5264 5266
2 5265 5267
2 5265 5464
2 5266 5268
2 5266 5465
2 5267 5269
2 5267 5466
2 5268 5270
2 5268 5467
2 5269 5271
2 5269 5434
2 5270 5272
2 5270 5435
2 5273 5277
2 5273 5472
2 5273 5544
2 5274 5473
2 5274 5545
2 5275 5278
2 5275 5546
2 5276 5547
2 5277 5279
2 5278 5280
2 5279 5281
2 5279 5432
2 5280 5282
2 5280 5433
2 5281 5283
2 5281 5434
2 5282 5284
2 5282 5435
2 5283 5285
2 5283 5466
2 5284 5467
2 5286 5287
2 5287 5288
2 5287 5438
2 5288 5289
2 5288 5439
2 5289 5290
2 5289 5470
2 5291 5295
2 5291 5477
2 5292 5478
2 5293 5296
2 5293 5479
2 5293 5535
2 5294 5480
2 5294 5536
2 5295 5297
2 5296 5298
2 5297 5299
2 5297 5441
2 5298 5300
2 5298 5442
2 5299 5301
2 5299 5443
2 5300 5302
2 5300 5444
2 5301 5449
2 5302 5303
2 5302 5450
2 5304 5308
2 5305 5309
2 5306 5310
2 5307 5311
2 5308 5312
2 5308 5423
2 5309 5313
2 5309 5424
2 5310 5314
2 5310 5425
2 5311 5315
2 5311 5426
2 5312 5316
2 5312 5427
2 5313 5317
2 5313 5428
2 5314 5318
2 5314 5429
2 5315 5319
2 5315 5430
2 5316 5320
2 5316 5456
2 5317 5321
2 5317 5457
2 5318 5322
2 5318 5458
2 5319 5323
2 5319 5459
2 5324 5326
2 5324 5447
2 5325 5327
2 5325 5448
2 5325 5625
2 5326 5328
2 5327 5329
2 5328 5330
2 5328 5506
2 5329 5331
2 5329 5507
2 5330 5332
2 5330 5508
2 5331 5333
2 5331 5509
2 5332 5488
2 5333 5334
2 5333 5489
2 5335 5337
2 5335 5464
2 5335 5620
2 5336 5465
2 5336 5621
2 5337 5338
2 5338 5339
2 5338 5512
2 5339 5340
2 5339 5513
2 5340 5341
2 5340 5492
2 5342 5344
2 5342 5438
2 5342 5606
2 5343 5345
2 5343 5607
2 5344 5346
2 5345 5347
2 5346 5348
2 5346 5515
2 5347 5349
2 5347 5516
2 5348 5350
2 5348 5517
2 5349 5351
2 5349 5518
2 5350 5352
2 5350 5474
2 5351 5475
2 5353 5361
2 5353 5423
2 5354 5362
2 5355 5424
2 5357 5363
2 5357 5425
2 5357 5611
2 5358 5364
2 5358 5612
2 5359 5426
2 5359 5613
2 5360 5614
2 5361 5365
2 5362 5366
2 5363 5367
2 5364 5368
2 5365 5369
2 5365 5494
2 5366 5370
2 5366 5495
2 5367 5371
2 5367 5496
2 5368 5372
2 5368 5497
2 5369 5373
2 5369 5498
2 5370 5374
2 5370 5499
2 5371 5375
2 5371 5500
2 5372 5376
2 5372 5501
2 5373 5481
2 5374 5482
2 5375 5377
2 5375 5483
2 5376 5484
2 5378 5379
2 5379 5380
2 5379 5491
2 5380 5381
2 5380 5492
2 5381 5382
2 5381 5513
2 5383 5385
2 5384 5386
2 5385 5387
2 5385 5472
2 5386 5388
2 5386 5473
2 5387 5389
2 5387 5474
2 5388 5390
2 5388 5475
2 5389 5391
2 5389 5517
2 5390 5392
2 5390 5518
2 5393 5397
2 5394 5398
2 5395 5399
2 5396 5400
2 5397 5401
2 5397 5477
2 5398 5402
2 5398 5478
2 5399 5403
2 5399 5479
2 5400 5404
2 5400 5480
2 5401 5405
2 5401 5481
2 5402 5406
2 5402 5482
2 5403 5407
2 5403 5483
2 5404 5408
2 5404 5484
2 5405 5409
2 5405 5498
2 5406 5410
2 5406 5499
2 5407 5411
2 5407 5500
2 5408 5412
2 5408 5501
2 5413 5415
2 5414 5416
2 5415 5417
2 5415 5486
2 5416 5418
2 5416 5487
2 5417 5419
2 5417 5488
2 5418 5420
2 5418 5489
2 5419 5421
2 5419 5508
2 5420 5422
2 5420 5509
2 5429 5431
2 5434 5436
2 5435 5437
2 5439 5440
2 5443 5445
2 5444 5446
2 5450 5451
2 5456 5460
2 5457 5461
2 5458 5462
2 5459 5463
2 5466 5468
2 5470 5471
2 5474 5476
2 5483 5485
2 5489 5490
2 5492 5493
2 5498 5502
2 5499 5503
2 5500 5504
2 5501 5505
2 5508 5510
2 5509 5511
2 5513 5514
2 5517 5519
2 5518 5520
2 5521 5523
2 5522 5524
2 5523 5525
2 5523 5631
2 5524 5526
2 5524 5632
2 5525 5527
2 5525 5633
2 5526 5528
2 5526 5634
2 5527 5529
2 5527 5622
2 5528 5623
2 5530 5531
2 5531 5532
2 5531 5628
2 5532 5533
2 5532 5629
2 5533 5534
2 5533 5626
2 5535 5537
2 5536 5538
2 5537 5539
2 5537 5649
2 5538 5540
2 5538 5650
2 5539 5541
2 5539 5651
2 5540 5542
2 5540 5652
2 5541 5543
2 5541 5608
2 5542 5609
2 5544 5548
2 5545 5549
2 5546 5550
2 5547 5551
2 5548 5552
2 5548 5637
2 5549 5553
2 5549 5638
2 5550 5554
2 5550 5639
2 5551 5555
2 5551 5640
2 5552 5556
2 5552 5641
2 5553 5557
2 5553 5642
2 5554 5558
2 5554 5643
2 5555 5559
2 5555 5644
2 5556 5560
2 5556 5615
2 5557 5616
2 5558 5617
2 5559 5618
2 5561 5565
2 5562 5566
2 5563 5567
2 5564 5568
2 5565 5569
2 5565 5611
2 5566 5570
2 5566 5612
2 5567 5571
2 5567 5613
2 5568 5572
2 5568 5614
2 5569 5573
2 5569 5615
2 5570 5574
2 5570 5616
2 5571 5575
2 5571 5617
2 5572 5576
2 5572 5618
2 5573 5577
2 5573 5641
2 5574 5578
2 5574 5642
2 5575 5579
2 5575 5643
2 5576 5580
2 5576 5644
2 5581 5583
2 5582 5584
2 5583 5585
2 5583 5606
2 5584 5586
2 5584 5607
2 5585 5587
2 5585 5608
2 5586 5588
2 5586 5609
2 5587 5589
2 5587 5651
2 5588 5590
2 5588 5652
2 5591 5592
2 5592 5593
2 5592 5625
2 5593 5594
2 5593 5626
2 5594 5595
2 5594 5629
2 5596 5598
2 5597 5599
2 5598 5600
2 5598 5620
2 5599 5601
2 5599 5621
2 5600 5602
2 5600 5622
2 5601 5603
2 5601 5623
2 5602 5604
2 5602 5633
2 5603 5605
2 5603 5634
2 5608 5610
2 5615 5619
2 5622 5624
2 5626 5627
2 5629 5630
2 5633 5635
2 5634 5636
2 5641 5645
2 5642 5646
2 5643 5647
2 5644 5648
2 5651 5653
2 5652 5654
2 5655 5657
2 5655 5659
2 5655 6279
2 5655 6777
2 5656 5658
2 5656 5660
2 5656 6280
2 5656 6778
2 5657 5835
2 5657 5988
2 5657 6409
2 5658 5836
2 5658 5989
2 5658 6410
2 5659 5661
2 5660 5662
2 5661 5663
2 5661 6208
2 5662 5664
2 5662 6209
2 5663 5665
2 5663 6210
2 5664 5666
2 5664 6211
2 5665 5667
2 5666 5668
2 5669 5673
2 5669 5677
2 5669 6261
2 5669 6625
2 5670 5674
2 5670 5678
2 5670 6262
2 5671 5675
2 5671 5679
2 5671 6263
2 5671 6626
2 5672 5676
2 5672 5680
2 5672 6264
2 5673 5846
2 5673 6117
2 5673 6496
2 5674 5847
2 5674 6118
2 5674 6497
2 5675 5848
2 5675 6119
2 5675 6498
2 5676 5849
2 5676 6120
2 5676 6499
2 5677 5681
2 5678 5682
2 5679 5683
2 5680 5684
2 5681 5685
2 5681 6189
2 5682 5686
2 5682 6190
2 5683 5687
2 5683 6191
2 5684 5688
2 5684 6192
2 5685 5689
2 5685 6193
2 5686 5690
2 5686 6194
2 5687 5691
2 5687 6195
2 5688 5692
2 5688 6196
2 5689 5693
2 5691 5694
2 5695 5697
2 5695 5699
2 5695 6271
2 5696 5698
2 5696 5700
2 5696 6272
2 5696 6783
2 5697 5868
2 5697 6099
2 5697 6425
2 5698 5869
2 5698 6100
2 5698 6426
2 5699 5701
2 5700 5702
2 5701 5703
2 5701 6199
2 5702 5704
2 5702 6200
2 5703 5705
2 5703 6201
2 5704 5706
2 5704 6202
2 5706 5707
2 5708 5709
2 5708 5710
2 5708 6276
2 5708 6649
2 5709 5880
2 5709 6111
2 5709 6490
2 5710 5711
2 5711 5712
2 5711 6205
2 5712 5713
2 5712 6206
2 5713 5714
2 5715 5717
2 5715 5719
2 5715 6225
2 5715 6759
2 5716 5718
2 5716 5720
2 5716 6226
2 5716 6760
2 5717 5886
2 5717 6000
2 5717 6357
2 5718 5887
2 5718 6001
2 5718 6358
2 5719 5721
2 5720 5722
2 5721 5723
2 5721 6151
2 5722 5724
2 5722 6152
2 5723 5725
2 5723 6153
2 5724 5726
2 5724 6154
2 5725 5727
2 5726 5728
2 5729 5733
2 5729 5737
2 5729 6231
2 5729 6643
2 5730 5734
2 5730 5738
2 5730 6232
2 5730 6644
2 5731 5735
2 5731 5739
2 5731 6233
2 5732 5736
2 5732 5740
2 5732 6234
2 5733 5898
2 5733 6011
2 5733 6477
2 5734 5899
2 5734 6012
2 5734 6478
2 5735 5900
2 5735 6013
2 5735 6479
2 5736 5901
2 5736 6014
2 5736 6480
2 5737 5741
2 5738 5742
2 5739 5743
2 5740 5744
2 5741 5745
2 5741 6157
2 5742 5746
2 5742 6158
2 5743 5747
2 5743 6159
2 5744 5748
2 5744 6160
2 5745 5749
2 5745 6161
2 5746 5750
2 5746 6162
2 5747 5751
2 5747 6163
2 5748 5752
2 5748 6164
2 5749 5753
2 5750 5754
2 5755 5763
2 5755 5771
2 5755 6241
2 5756 5764
2 5756 5772
2 5756 6242
2 5757 5765
2 5757 5773
2 5757 6243
2 5758 5766
2 5758 5774
2 5758 6244
2 5759 5767
2 5759 5775
2 5759 6245
2 5759 6765
2 5760 5768
2 5760 5776
2 5760 6246
2 5760 6766
2 5761 5769
2 5761 5777
2 5761 6247
2 5761 6767
2 5762 5770
2 5762 5778
2 5762 6248
2 5762 6768
2 5763 5922
2 5763 6033
2 5763 6374
2 5764 5923
2 5764 6034
2 5764 6375
2 5765 5924
2 5765 6035
2 5765 6376
2 5766 5925
2 5766 6036
2 5766 6377
2 5767 5926
2 5767 6037
2 5767 6378
2 5768 5927
2 5768 6038
2 5768 6379
2 5769 5928
2 5769 6039
2 5769 6380
2 5770 5929
2 5770 6040
2 5770 6381
2 5771 5779
2 5772 5780
2 5773 5781
2 5774 5782
2 5775 5783
2 5776 5784
2 5777 5785
2 5778 5786
2 5779 5787
2 5779 6169
2 5780 5788
2 5780 6170
2 5781 5789
2 5781 6171
2 5782 5790
2 5782 6172
2 5783 5791
2 5783 6173
2 5784 5792
2 5784 6174
2 5785 5793
2 5785 6175
2 5786 5794
2 5786 6176
2 5787 5795
2 5787 6177
2 5788 5796
2 5788 6178
2 5789 5797
2 5789 6179
2 5790 5798
2 5790 6180
2 5791 5799
2 5791 6181
2 5792 5800
2 5792 6182
2 5793 5801
2 5793 6183
2 5794 5802
2 5794 6184
2 5799 5803
2 5800 5804
2 5801 5805
2 5802 5806
2 5807 5811
2 5807 5815
2 5807 6213
2 5807 6631
2 5808 5812
2 5808 5816
2 5808 6214
2 5808 6632
2 5809 5813
2 5809 5817
2 5809 6215
2 5809 6633
2 5810 5814
2 5810 5818
2 5810 6216
2 5810 6634
2 5811 5966
2 5811 6077
2 5811 6456
2 5812 5967
2 5812 6078
2 5812 6457
2 5813 5968
2 5813 6079
2 5813 6458
2 5814 5969
2 5814 6080
2 5814 6459
2 5815 5819
2 5816 5820
2 5817 5821
2 5818 5822
2 5819 5823
2 5819 6141
2 5820 5824
2 5820 6142
2 5821 5825
2 5821 6143
2 5822 5826
2 5822 6144
2 5823 5827
2 5823 6145
2 5824 5828
2 5824 6146
2 5825 5829
2 5825 6147
2 5826 5830
2 5826 6148
2 5827 5831
2 5828 5832
2 5829 5833
2 5830 5834
2 5835 5837
2 5835 6208
2 5835 6519
2 5836 5838
2 5836 6209
2 5837 5839
2 5838 5840
2 5839 5841
2 5839 6316
2 5840 5842
2 5840 6317
2 5841 5843
2 5841 6318
2 5842 5844
2 5842 6319
2 5843 5845
2 5846 5850
2 5846 6189
2 5847 5851
2 5847 6190
2 5848 5852
2 5848 6191
2 5848 6692
2 5849 5853
2 5849 6192
2 5849 6693
2 5850 5854
2 5851 5855
2 5852 5856
2 5853 5857
2 5854 5858
2 5854 6295
2 5855 5859
2 5855 6296
2 5856 5860
2 5856 6297
2 5857 5861
2 5857 6298
2 5858 5862
2 5858 6299
2 5859 5863
2 5859 6300
2 5860 5864
2 5860 6301
2 5861 5865
2 5861 6302
2 5862 8533
2 5863 8534
2 5864 5866
2 5864 8535
2 5865 5867
2 5865 8536
2 5868 5870
2 5868 6199
2 5868 6524
2 5869 5871
2 5869 6200
2 5869 6525
2 5870 5872
2 5871 5873
2 5872 5874
2 5872 6307
2 5873 5875
2 5873 6308
2 5874 5876
2 5874 6309
2 5875 5877
2 5875 6310
2 5876 5878
2 5877 5879
2 5880 5881
2 5880 6205
2 5880 6702
2 5881 5882
2 5882 5883
2 5882 6313
2 5883 5884
2 5883 6314
2 5884 5885
2 5884 8545
2 5886 5888
2 5886 6151
2 5886 6509
2 5887 5889
2 5887 6152
2 5887 6510
2 5888 5890
2 5889 5891
2 5890 5892
2 5890 6352
2 5891 5893
2 5891 6353
2 5892 5894
2 5892 6354
2 5893 5895
2 5893 6355
2 5894 5896
2 5895 5897
2 5898 5902
2 5898 6157
2 5898 6717
2 5899 5903
2 5899 6158
2 5899 6718
2 5900 5904
2 5900 6159
2 5900 6719
2 5901 5905
2 5901 6160
2 5901 6720
2 5902 5906
2 5903 5907
2 5904 5908
2 5905 5909
2 5906 5910
2 5906 6322
2 5907 5911
2 5907 6323
2 5908 5912
2 5908 6324
2 5909 5913
2 5909 6325
2 5910 5914
2 5910 6326
2 5911 5915
2 5911 6327
2 5912 5916
2 5912 6328
2 5913 5917
2 5913 6329
2 5914 5918
2 5914 8499
2 5915 5919
2 5915 8500
2 5916 5920
2 5916 8501
2 5917 5921
2 5917 8502
2 5922 5930
2 5922 6169
2 5922 6534
2 5923 5931
2 5923 6170
2 5923 6535
2 5924 5932
2 5924 6171
2 5925 5933
2 5925 6172
2 5926 5934
2 5926 6173
2 5926 6536
2 5927 5935
2 5927 6174
2 5927 6537
2 5928 5936
2 5928 6175
2 5929 5937
2 5929 6176
2 5930 5938
2 5931 5939
2 5932 5940
2 5933 5941
2 5934 5942
2 5935 5943
2 5936 5944
2 5937 5945
2 5938 5946
2 5938 6332
2 5939 5947
2 5939 6333
2 5940 5948
2 5940 6334
2 5941 5949
2 5941 6335
2 5942 5950
2 5942 6336
2 5943 5951
2 5943 6337
2 5944 5952
2 5944 6338
2 5945 5953
2 5945 6339
2 5946 5954
2 5946 6340
2 5947 5955
2 5947 6341
2 5948 5956
2 5948 6342
2 5949 5957
2 5949 6343
2 5950 5958
2 5950 6344
2 5951 5959
2 5951 6345
2 5952 5960
2 5952 6346
2 5953 5961
2 5953 6347
2 5954 5962
2 5955 5963
2 5958 5964
2 5959 5965
2 5966 5970
2 5966 6141
2 5967 5971
2 5967 6142
2 5968 5972
2 5968 6143
2 5968 6707
2 5969 5973
2 5969 6144
2 5969 6708
2 5970 5974
2 5971 5975
2 5972 5976
2 5973 5977
2 5974 5978
2 5974 6285
2 5975 5979
2 5975 6286
2 5976 5980
2 5976 6287
2 5977 5981
2 5977 6288
2 5978 5982
2 5978 6289
2 5979 5983
2 5979 6290
2 5980 5984
2 5980 6291
2 5981 5985
2 5981 6292
2 5982 8517
2 5983 8518
2 5984 5986
2 5984 8519
2 5985 5987
2 5985 8520
2 5988 5990
2 5988 6316
2 5988 6563
2 5989 5991
2 5989 6317
2 5989 6564
2 5990 5992
2 5991 5993
2 5992 5994
2 5992 6279
2 5993 5995
2 5993 6280
2 5994 5996
2 5994 6281
2 5995 5997
2 5995 6282
2 5996 5998
2 5996 8587
2 5997 5999
2 5997 8588
2 6000 6002
2 6000 6352
2 6001 6003
2 6001 6353
2 6001 6600
2 6002 6004
2 6003 6005
2 6004 6006
2 6004 6225
2 6005 6007
2 6005 6226
2 6006 6008
2 6006 6227
2 6007 6009
2 6007 6228
2 6008 8596
2 6009 6010
2 6009 8597
2 6011 6015
2 6011 6322
2 6012 6016
2 6012 6323
2 6012 6399
2 6013 6017
2 6013 6324
2 6014 6018
2 6014 6325
2 6014 6400
2 6015 6019
2 6016 6020
2 6017 6021
2 6018 6022
2 6019 6023
2 6019 6231
2 6020 6024
2 6020 6232
2 6021 6025
2 6021 6233
2 6022 6026
2 6022 6234
2 6023 6027
2 6023 6235
2 6024 6028
2 6024 6236
2 6025 6029
2 6025 6237
2 6026 6030
2 6026 6238
2 6028 6031
2 6030 6032
2 6033 6041
2 6033 6332
2 6034 6042
2 6034 6333
2 6034 6583
2 6035 6043
2 6035 6334
2 6036 6044
2 6036 6335
2 6036 6584
2 6037 6045
2 6037 6336
2 6038 6046
2 6038 6337
2 6038 6585
2 6039 6047
2 6039 6338
2 6040 6048
2 6040 6339
2 6040 6586
2 6041 6049
2 6042 6050
2 6043 6051
2 6044 6052
2 6045 6053
2 6046 6054
2 6047 6055
2 6048 6056
2 6049 6057
2 6049 6241
2 6050 6058
2 6050 6242
2 6051 6059
2 6051 6243
2 6052 6060
2 6052 6244
2 6053 6061
2 6053 6245
2 6054 6062
2 6054 6246
2 6055 6063
2 6055 6247
2 6056 6064
2 6056 6248
2 6057 6065
2 6057 6249
2 6058 6066
2 6058 6250
2 6059 6067
2 6059 6251
2 6060 6068
2 6060 6252
2 6061 6069
2 6061 6253
2 6062 6070
2 6062 6254
2 6063 6071
2 6063 6255
2 6064 6072
2 6064 6256
2 6065 8555
2 6066 6073
2 6066 8556
2 6067 8557
2 6068 6074
2 6068 8558
2 6069 8559
2 6070 6075
2 6070 8560
2 6071 8561
2 6072 6076
2 6072 8562
2 6077 6081
2 6077 6285
2 6078 6082
2 6078 6286
2 6078 6364
2 6079 6083
2 6079 6287
2 6080 6084
2 6080 6288
2 6080 6365
2 6081 6085
2 6082 6086
2 6083 6087
2 6084 6088
2 6085 6089
2 6085 6213
2 6086 6090
2 6086 6214
2 6087 6091
2 6087 6215
2 6088 6092
2 6088 6216
2 6089 6093
2 6089 6217
2 6090 6094
2 6090 6218
2 6091 6095
2 6091 6219
2 6092 6096
2 6092 6220
2 6094 6097
2 6096 6098
2 6099 6101
2 6099 6307
2 6099 6572
2 6100 6102
2 6100 6308
2 6100 6573
2 6101 6103
2 6102 6104
2 6103 6105
2 6103 6271
2 6104 6106
2 6104 6272
2 6105 6107
2 6105 6273
2 6106 6108
2 6106 6274
2 6107 6109
2 6107 8569
2 6108 6110
2 6108 8570
2 6111 6112
2 6111 6313
2 6111 6420
2 6112 6113
2 6113 6114
2 6113 6276
2 6114 6115
2 6114 6277
2 6115 6116
2 6117 6121
2 6117 6295
2 6117 6436
2 6118 6122
2 6118 6296
2 6118 6437
2 6119 6123
2 6119 6297
2 6119 6438
2 6120 6124
2 6120 6298
2 6120 6439
2 6121 6125
2 6122 6126
2 6123 6127
2 6124 6128
2 6125 6129
2 6125 6261
2 6126 6130
2 6126 6262
2 6127 6131
2 6127 6263
2 6128 6132
2 6128 6264
2 6129 6133
2 6129 6265
2 6130 6134
2 6130 6266
2 6131 6135
2 6131 6267
2 6132 6136
2 6132 6268
2 6133 6137
2 6134 6138
2 6135 6139
2 6136 6140
2 6147 6149
2 6148 6150
2 6153 6155
2 6154 6156
2 6161 6165
2 6162 6166
2 6163 6167
2 6164 6168
2 6177 6185
2 6178 6186
2 6181 6187
2 6182 6188
2 6195 6197
2 6196 6198
2 6201 6203
2 6202 6204
2 6206 6207
2 6210 6212
2 6217 6221
2 6218 6222
2 6219 6223
2 6220 6224
2 6227 6229
2 6227 8178
2 6228 6230
2 6228 8179
2 6235 6239
2 6236 6240
2 6249 8238
2 6250 8239
2 6251 8240
2 6252 8241
2 6253 6257
2 6253 8242
2 6254 6258
2 6254 8243
2 6255 6259
2 6255 8244
2 6256 6260
2 6256 8245
2 6265 6269
2 6267 6270
2 6273 8111
2 6274 6275
2 6274 8112
2 6277 6278
2 6281 6283
2 6281 8144
2 6282 6284
2 6282 8145
2 6289 8305
2 6290 6293
2 6290 8306
2 6291 8307
2 6292 6294
2 6292 8308
2 6299 6303
2 6299 8371
2 6300 6304
2 6300 8372
2 6301 6305
2 6301 8373
2 6302 6306
2 6302 8374
2 6309 6311
2 6310 6312
2 6314 6315
2 6314 8254
2 6318 6320
2 6319 6321
2 6326 8272
2 6327 6330
2 6327 8273
2 6328 8274
2 6329 6331
2 6329 8275
2 6341 6348
2 6343 6349
2 6345 6350
2 6347 6351
2 6355 6356
2 6357 6620
2 6357 6669
2 6358 6359
2 6358 6621
2 6358 6670
2 6359 6360
2 6360 6361
2 6360 6600
2 6361 6362
2 6361 6601
2 6362 6363
2 6362 6570
2 6364 6366
2 6365 6367
2 6366 6368
2 6366 6578
2 6367 6369
2 6367 6579
2 6368 6370
2 6368 6580
2 6369 6371
2 6369 6581
2 6370 6372
2 6370 6574
2 6371 6373
2 6371 6575
2 6374 6611
2 6375 6382
2 6375 6612
2 6377 6383
2 6378 6613
2 6378 6652
2 6379 6384
2 6379 6614
2 6379 6653
2 6380 6654
2 6381 6385
2 6381 6655
2 6382 6386
2 6383 6387
2 6384 6388
2 6385 6389
2 6386 6390
2 6386 6583
2 6387 6391
2 6387 6584
2 6388 6392
2 6388 6585
2 6389 6393
2 6389 6586
2 6390 6394
2 6390 6587
2 6391 6395
2 6391 6588
2 6392 6396
2 6392 6589
2 6393 6397
2 6393 6590
2 6394 6558
2 6395 6559
2 6396 6398
2 6396 6560
2 6397 6561
2 6399 6401
2 6400 6402
2 6401 6403
2 6401 6595
2 6402 6404
2 6402 6596
2 6403 6405
2 6403 6597
2 6404 6406
2 6404 6598
2 6405 6407
2 6405 6565
2 6406 6408
2 6406 6566
2 6409 6411
2 6409 6603
2 6409 6683
2 6410 6412
2 6410 6684
2 6411 6413
2 6412 6414
2 6413 6415
2 6413 6563
2 6414 6416
2 6414 6564
2 6415 6417
2 6415 6565
2 6416 6418
2 6416 6566
2 6417 6419
2 6417 6597
2 6418 6598
2 6420 6421
2 6421 6422
2 6421 6569
2 6422 6423
2 6422 6570
2 6423 6424
2 6423 6601
2 6425 6427
2 6425 6606
2 6426 6428
2 6426 6607
2 6426 6678
2 6427 6429
2 6428 6430
2 6429 6431
2 6429 6572
2 6430 6432
2 6430 6573
2 6431 6433
2 6431 6574
2 6432 6434
2 6432 6575
2 6433 6580
2 6434 6435
2 6434 6581
2 6436 6440
2 6437 6441
2 6438 6442
2 6439 6443
2 6440 6444
2 6440 6554
2 6441 6445
2 6441 6555
2 6442 6446
2 6442 6556
2 6443 6447
2 6443 6557
2 6444 6448
2 6444 6558
2 6445 6449
2 6445 6559
2 6446 6450
2 6446 6560
2 6447 6451
2 6447 6561
2 6448 6452
2 6448 6587
2 6449 6453
2 6449 6588
2 6450 6454
2 6450 6589
2 6451 6455
2 6451 6590
2 6456 6460
2 6457 6461
2 6457 6578
2 6458 6462
2 6458 6754
2 6459 6463
2 6459 6579
2 6459 6755
2 6460 6464
2 6461 6465
2 6462 6466
2 6463 6467
2 6464 6468
2 6464 6631
2 6465 6469
2 6465 6632
2 6466 6470
2 6466 6633
2 6467 6471
2 6467 6634
2 6468 6472
2 6468 6635
2 6469 6473
2 6469 6636
2 6470 6474
2 6470 6637
2 6471 6475
2 6471 6638
2 6472 6615
2 6473 6616
2 6474 6617
2 6475 6476
2 6475 6618
2 6477 6481
2 6477 6745
2 6478 6482
2 6478 6595
2 6478 6746
2 6479 6747
2 6480 6596
2 6480 6748
2 6481 6483
2 6482 6484
2 6483 6485
2 6483 6643
2 6484 6486
2 6484 6644
2 6485 6487
2 6485 6645
2 6486 6488
2 6486 6646
2 6487 6622
2 6488 6489
2 6488 6623
2 6490 6491
2 6490 6569
2 6490 6737
2 6491 6492
2 6492 6493
2 6492 6649
2 6493 6494
2 6493 6650
2 6494 6495
2 6494 6604
2 6496 6500
2 6496 6554
2 6497 6555
2 6498 6501
2 6498 6556
2 6498 6740
2 6499 6557
2 6499 6741
2 6500 6502
2 6501 6503
2 6502 6504
2 6502 6625
2 6503 6505
2 6503 6626
2 6504 6506
2 6504 6627
2 6505 6507
2 6505 6628
2 6506 6608
2 6507 6508
2 6507 6609
2 6509 6511
2 6510 6512
2 6511 6513
2 6511 6620
2 6512 6514
2 6512 6621
2 6513 6515
2 6513 6622
2 6514 6516
2 6514 6623
2 6515 6517
2 6515 6645
2 6516 6518
2 6516 6646
2 6519 6520
2 6520 6521
2 6520 6603
2 6521 6522
2 6521 6604
2 6522 6523
2 6522 6650
2 6524 6526
2 6525 6527
2 6526 6528
2 6526 6606
2 6527 6529
2 6527 6607
2 6528 6530
2 6528 6608
2 6529 6531
2 6529 6609
2 6530 6532
2 6530 6627
2 6531 6533
2 6531 6628
2 6534 6538
2 6535 6539
2 6536 6540
2 6537 6541
2 6538 6542
2 6538 6611
2 6539 6543
2 6539 6612
2 6540 6544
2 6540 6613
2 6541 6545
2 6541 6614
2 6542 6546
2 6542 6615
2 6543 6547
2 6543 6616
2 6544 6548
2 6544 6617
2 6545 6549
2 6545 6618
2 6546 6550
2 6546 6635
2 6547 6551
2 6547 6636
2 6548 6552
2 6548 6637
2 6549 6553
2 6549 6638
2 6560 6562
2 6565 6567
2 6566 6568
2 6570 6571
2 6574 6576
2 6575 6577
2 6581 6582
2 6587 6591
2 6588 6592
2 6589 6593
2 6590 6594
2 6597 6599
2 6601 6602
2 6604 6605
2 6609 6610
2 6618 6619
2 6623 6624
2 6627 6629
2 6628 6630
2 6635 6639
2 6636 6640
2 6637 6641
2 6638 6642
2 6645 6647
2 6646 6648
2 6650 6651
2 6652 6656
2 6653 6657
2 6654 6658
2 6655 6659
2 6656 6660
2 6656 6765
2 6657 6661
2 6657 6766
2 6658 6662
2 6658 6767
2 6659 6663
2 6659 6768
2 6660 6664
2 6660 6769
2 6661 6665
2 6661 6770
2 6662 6666
2 6662 6771
2 6663 6667
2 6663 6772
2 6664 6749
2 6665 6668
2 6665 6750
2 6666 6751
2 6667 6752
2 6669 6671
2 6670 6672
2 6671 6673
2 6671 6759
2 6672 6674
2 6672 6760
2 6673 6675
2 6673 6761
2 6674 6676
2 6674 6762
2 6675 6756
2 6676 6677
2 6676 6757
2 6678 6679
2 6679 6680
2 6679 6783
2 6680 6681
2 6680 6784
2 6681 6682
2 6681 6738
2 6683 6685
2 6684 6686
2 6685 6687
2 6685 6777
2 6686 6688
2 6686 6778
2 6687 6689
2 6687 6779
2 6688 6690
2 6688 6780
2 6689 6691
2 6689 6742
2 6690 6743
2 6692 6694
2 6693 6695
2 6694 6696
2 6694 6740
2 6695 6697
2 6695 6741
2 6696 6698
2 6696 6742
2 6697 6699
2 6697 6743
2 6698 6700
2 6698 6779
2 6699 6701
2 6699 6780
2 6702 6703
2 6703 6704
2 6703 6737
2 6704 6705
2 6704 6738
2 6705 6706
2 6705 6784
2 6707 6709
2 6708 6710
2 6709 6711
2 6709 6754
2 6710 6712
2 6710 6755
2 6711 6713
2 6711 6756
2 6712 6714
2 6712 6757
2 6713 6715
2 6713 6761
2 6714 6716
2 6714 6762
2 6717 6721
2 6718 6722
2 6719 6723
2 6720 6724
2 6721 6725
2 6721 6745
2 6722 6726
2 6722 6746
2 6723 6727
2 6723 6747
2 6724 6728
2 6724 6748
2 6725 6729
2 6725 6749
2 6726 6730
2 6726 6750
2 6727 6731
2 6727 6751
2 6728 6732
2 6728 6752
2 6729 6733
2 6729 6769
2 6730 6734
2 6730 6770
2 6731 6735
2 6731 6771
2 6732 6736
2 6732 6772
2 6738 6739
2 6742 6744
2 6750 6753
2 6757 6758
2 6761 6763
2 6762 6764
2 6769 6773
2 6770 6774
2 6771 6775
2 6772 6776
2 6779 6781
2 6780 6782
2 6784 6785
2 6786 6788
2 6786 6790
2 6786 7410
2 6786 7899
2 6787 6789
2 6787 6791
2 6787 7411
2 6787 7900
2 6788 6966
2 6788 7119
2 6788 7535
2 6789 6967
2 6789 7120
2 6789 7536
2 6790 6792
2 6791 6793
2 6792 6794
2 6792 7338
2 6793 6795
2 6793 7339
2 6794 6796
2 6794 7340
2 6795 6797
2 6795 7341
2 6796 6798
2 6796 8435
2 6797 6799
2 6797 8436
2 6800 6804
2 6800 6808
2 6800 7368
2 6800 7756
2 6801 6805
2 6801 6809
2 6801 7369
2 6801 7757
2 6802 6806
2 6802 6810
2 6802 7370
2 6802 7758
2 6803 6807
2 6803 6811
2 6803 7371
2 6803 7759
2 6804 6978
2 6804 7250
2 6804 7619
2 6805 6979
2 6805 7251
2 6805 7620
2 6806 6980
2 6806 7252
2 6806 7621
2 6807 6981
2 6807 7253
2 6807 7622
2 6808 6812
2 6809 6813
2 6810 6814
2 6811 6815
2 6812 6816
2 6812 7296
2 6813 6817
2 6813 7297
2 6814 6818
2 6814 7298
2 6815 6819
2 6815 7299
2 6816 6820
2 6816 7300
2 6817 6821
2 6817 7301
2 6818 6822
2 6818 7302
2 6819 6823
2 6819 7303
2 6820 6824
2 6820 8443
2 6821 6825
2 6821 8444
2 6822 6826
2 6822 8445
2 6823 6827
2 6823 8446
2 6828 6836
2 6828 6844
2 6828 7380
2 6829 6837
2 6829 6845
2 6829 7381
2 6830 6838
2 6830 6846
2 6830 7382
2 6831 6839
2 6831 6847
2 6831 7383
2 6832 6840
2 6832 6848
2 6832 7384
2 6832 7905
2 6833 6841
2 6833 6849
2 6833 7385
2 6833 7906
2 6834 6842
2 6834 6850
2 6834 7386
2 6834 7907
2 6835 6843
2 6835 6851
2 6835 7387
2 6835 7908
2 6836 7000
2 6836 7184
2 6836 7552
2 6837 7001
2 6837 7185
2 6837 7553
2 6838 7002
2 6838 7186
2 6838 7554
2 6839 7003
2 6839 7187
2 6839 7555
2 6840 7004
2 6840 7188
2 6840 7556
2 6841 7005
2 6841 7189
2 6841 7557
2 6842 7006
2 6842 7190
2 6842 7558
2 6843 7007
2 6843 7191
2 6843 7559
2 6844 6852
2 6845 6853
2 6846 6854
2 6847 6855
2 6848 6856
2 6849 6857
2 6850 6858
2 6851 6859
2 6852 6860
2 6852 7306
2 6853 6861
2 6853 7307
2 6854 6862
2 6854 7308
2 6855 6863
2 6855 7309
2 6856 6864
2 6856 7310
2 6857 6865
2 6857 7311
2 6858 6866
2 6858 7312
2 6859 6867
2 6859 7313
2 6860 6868
2 6860 7314
2 6861 6869
2 6861 7315
2 6862 6870
2 6862 7316
2 6863 6871
2 6863 7317
2 6864 6872
2 6864 7318
2 6865 6873
2 6865 7319
2 6866 6874
2 6866 7320
2 6867 6875
2 6867 7321
2 6868 8411
2 6869 8412
2 6870 8413
2 6871 8414
2 6872 6876
2 6872 8415
2 6873 6877
2 6873 8416
2 6874 6878
2 6874 8417
2 6875 6879
2 6875 8418
2 6880 6884
2 6880 6888
2 6880 7400
2 6881 6885
2 6881 6889
2 6881 7401
2 6882 6886
2 6882 6890
2 6882 7402
2 6882 7777
2 6883 6887
2 6883 6891
2 6883 7403
2 6883 7778
2 6884 7044
2 6884 7228
2 6884 7606
2 6885 7045
2 6885 7229
2 6885 7607
2 6886 7046
2 6886 7230
2 6886 7608
2 6887 7047
2 6887 7231
2 6887 7609
2 6888 6892
2 6889 6893
2 6890 6894
2 6891 6895
2 6892 6896
2 6892 7326
2 6893 6897
2 6893 7327
2 6894 6898
2 6894 7328
2 6895 6899
2 6895 7329
2 6896 6900
2 6896 7330
2 6897 6901
2 6897 7331
2 6898 6902
2 6898 7332
2 6899 6903
2 6899 7333
2 6900 8427
2 6901 8428
2 6902 6904
2 6902 8429
2 6903 6905
2 6903 8430
2 6906 6908
2 6906 6910
2 6906 7354
2 6906 7890
2 6907 6909
2 6907 6911
2 6907 7355
2 6907 7891
2 6908 7068
2 6908 7130
2 6908 7488
2 6909 7069
2 6909 7131
2 6909 7489
2 6910 6912
2 6911 6913
2 6912 6914
2 6912 7282
2 6913 6915
2 6913 7283
2 6914 6916
2 6914 7284
2 6915 6917
2 6915 7285
2 6916 6918
2 6916 8468
2 6917 6919
2 6917 8469
2 6920 6921
2 6920 6922
2 6920 7360
2 6920 7774
2 6921 7079
2 6921 7142
2 6921 7600
2 6922 6923
2 6923 6924
2 6923 7287
2 6924 6925
2 6924 7288
2 6925 6926
2 6925 8473
2 6927 6929
2 6927 6931
2 6927 7363
2 6928 6930
2 6928 6932
2 6928 7364
2 6928 7896
2 6929 7085
2 6929 7148
2 6929 7519
2 6930 7086
2 6930 7149
2 6930 7520
2 6931 6933
2 6932 6934
2 6933 6935
2 6933 7290
2 6934 6936
2 6934 7291
2 6935 6937
2 6935 7292
2 6936 6938
2 6936 7293
2 6937 8453
2 6938 6939
2 6938 8454
2 6940 6944
2 6940 6948
2 6940 7344
2 6941 6945
2 6941 6949
2 6941 7345
2 6941 7768
2 6942 6946
2 6942 6950
2 6942 7346
2 6943 6947
2 6943 6951
2 6943 7347
2 6943 7769
2 6944 7097
2 6944 7160
2 6944 7587
2 6945 7098
2 6945 7161
2 6945 7588
2 6946 7099
2 6946 7162
2 6946 7589
2 6947 7100
2 6947 7163
2 6947 7590
2 6948 6952
2 6949 6953
2 6950 6954
2 6951 6955
2 6952 6956
2 6952 7272
2 6953 6957
2 6953 7273
2 6954 6958
2 6954 7274
2 6955 6959
2 6955 7275
2 6956 6960
2 6956 7276
2 6957 6961
2 6957 7277
2 6958 6962
2 6958 7278
2 6959 6963
2 6959 7279
2 6960 8460
2 6961 6964
2 6961 8461
2 6962 8462
2 6963 6965
2 6963 8463
2 6966 6968
2 6966 7338
2 6966 7645
2 6967 6969
2 6967 7339
2 6967 7646
2 6968 6970
2 6969 6971
2 6970 6972
2 6970 7468
2 6971 6973
2 6971 7469
2 6972 6974
2 6972 7470
2 6973 6975
2 6973 7471
2 6974 6976
2 6975 6977
2 6978 6982
2 6978 7296
2 6979 6983
2 6979 7297
2 6980 6984
2 6980 7298
2 6980 7823
2 6981 6985
2 6981 7299
2 6981 7824
2 6982 6986
2 6983 6987
2 6984 6988
2 6985 6989
2 6986 6990
2 6986 7428
2 6987 6991
2 6987 7429
2 6988 6992
2 6988 7430
2 6989 6993
2 6989 7431
2 6990 6994
2 6990 7432
2 6991 6995
2 6991 7433
2 6992 6996
2 6992 7434
2 6993 6997
2 6993 7435
2 6996 6998
2 6997 6999
2 7000 7008
2 7000 7306
2 7001 7009
2 7001 7307
2 7002 7010
2 7002 7308
2 7002 7655
2 7003 7011
2 7003 7309
2 7003 7656
2 7004 7012
2 7004 7310
2 7005 7013
2 7005 7311
2 7006 7014
2 7006 7312
2 7006 7657
2 7007 7015
2 7007 7313
2 7007 7658
2 7008 7016
2 7009 7017
2 7010 7018
2 7011 7019
2 7012 7020
2 7013 7021
2 7014 7022
2 7015 7023
2 7016 7024
2 7016 7438
2 7017 7025
2 7017 7439
2 7018 7026
2 7018 7440
2 7019 7027
2 7019 7441
2 7020 7028
2 7020 7442
2 7021 7029
2 7021 7443
2 7022 7030
2 7022 7444
2 7023 7031
2 7023 7445
2 7024 7032
2 7024 7446
2 7025 7033
2 7025 7447
2 7026 7034
2 7026 7448
2 7027 7035
2 7027 7449
2 7028 7036
2 7028 7450
2 7029 7037
2 7029 7451
2 7030 7038
2 7030 7452
2 7031 7039
2 7031 7453
2 7034 7040
2 7035 7041
2 7038 7042
2 7039 7043
2 7044 7048
2 7044 7326
2 7044 7833
2 7045 7049
2 7045 7327
2 7045 7834
2 7046 7050
2 7046 7328
2 7046 7835
2 7047 7051
2 7047 7329
2 7047 7836
2 7048 7052
2 7049 7053
2 7050 7054
2 7051 7055
2 7052 7056
2 7052 7458
2 7053 7057
2 7053 7459
2 7054 7058
2 7054 7460
2 7055 7059
2 7055 7461
2 7056 7060
2 7056 7462
2 7057 7061
2 7057 7463
2 7058 7062
2 7058 7464
2 7059 7063
2 7059 7465
2 7060 7064
2 7061 7065
2 7062 7066
2 7063 7067
2 7068 7070
2 7068 7282
2 7069 7071
2 7069 7283
2 7069 7640
2 7070 7072
2 7071 7073
2 7072 7074
2 7072 7482
2 7073 7075
2 7073 7483
2 7074 7076
2 7074 7484
2 7075 7077
2 7075 7485
2 7077 7078
2 7079 7080
2 7079 7287
2 7079 7863
2 7080 7081
2 7081 7082
2 7081 7473
2 7082 7083
2 7082 7474
2 7083 7084
2 7085 7087
2 7085 7290
2 7085 7675
2 7086 7088
2 7086 7291
2 7086 7676
2 7087 7089
2 7088 7090
2 7089 7091
2 7089 7476
2 7090 7092
2 7090 7477
2 7091 7093
2 7091 7478
2 7092 7094
2 7092 7479
2 7093 7095
2 7094 7096
2 7097 7101
2 7097 7272
2 7098 7102
2 7098 7273
2 7099 7103
2 7099 7274
2 7099 7853
2 7100 7104
2 7100 7275
2 7100 7854
2 7101 7105
2 7102 7106
2 7103 7107
2 7104 7108
2 7105 7109
2 7105 7416
2 7106 7110
2 7106 7417
2 7107 7111
2 7107 7418
2 7108 7112
2 7108 7419
2 7109 7113
2 7109 7420
2 7110 7114
2 7110 7421
2 7111 7115
2 7111 7422
2 7112 7116
2 7112 7423
2 7115 7117
2 7116 7118
2 7119 7121
2 7119 7468
2 7119 7690
2 7120 7122
2 7120 7469
2 7121 7123
2 7122 7124
2 7123 7125
2 7123 7410
2 7124 7126
2 7124 7411
2 7125 7127
2 7125 7412
2 7126 7128
2 7126 7413
2 7127 7129
2 7130 7132
2 7130 7482
2 7130 7728
2 7131 7133
2 7131 7483
2 7131 7729
2 7132 7134
2 7133 7135
2 7134 7136
2 7134 7354
2 7135 7137
2 7135 7355
2 7136 7138
2 7136 7356
2 7137 7139
2 7137 7357
2 7138 7140
2 7139 7141
2 7142 7143
2 7142 7473
2 7142 7530
2 7143 7144
2 7144 7145
2 7144 7360
2 7145 7146
2 7145 7361
2 7146 7147
2 7148 7150
2 7148 7476
2 7148 7719
2 7149 7151
2 7149 7477
2 7149 7720
2 7150 7152
2 7151 7153
2 7152 7154
2 7152 7363
2 7153 7155
2 7153 7364
2 7154 7156
2 7154 7365
2 7155 7157
2 7155 7366
2 7156 7158
2 7157 7159
2 7160 7164
2 7160 7416
2 7160 7499
2 7161 7165
2 7161 7417
2 7161 7500
2 7162 7166
2 7162 7418
2 7162 7501
2 7163 7167
2 7163 7419
2 7163 7502
2 7164 7168
2 7165 7169
2 7166 7170
2 7167 7171
2 7168 7172
2 7168 7344
2 7169 7173
2 7169 7345
2 7170 7174
2 7170 7346
2 7171 7175
2 7171 7347
2 7172 7176
2 7172 7348
2 7173 7177
2 7173 7349
2 7174 7178
2 7174 7350
2 7175 7179
2 7175 7351
2 7176 7180
2 7177 7181
2 7178 7182
2 7179 7183
2 7184 7192
2 7184 7438
2 7184 7698
2 7185 7193
2 7185 7439
2 7186 7194
2 7186 7440
2 7186 7699
2 7187 7195
2 7187 7441
2 7188 7196
2 7188 7442
2 7188 7700
2 7189 7197
2 7189 7443
2 7190 7198
2 7190 7444
2 7190 7701
2 7191 7199
2 7191 7445
2 7192 7200
2 7193 7201
2 7194 7202
2 7195 7203
2 7196 7204
2 7197 7205
2 7198 7206
2 7199 7207
2 7200 7208
2 7200 7380
2 7201 7209
2 7201 7381
2 7202 7210
2 7202 7382
2 7203 7211
2 7203 7383
2 7204 7212
2 7204 7384
2 7205 7213
2 7205 7385
2 7206 7214
2 7206 7386
2 7207 7215
2 7207 7387
2 7208 7216
2 7208 7388
2 7209 7217
2 7209 7389
2 7210 7218
2 7210 7390
2 7211 7219
2 7211 7391
2 7212 7220
2 7212 7392
2 7213 7221
2 7213 7393
2 7214 7222
2 7214 7394
2 7215 7223
2 7215 7395
2 7216 7224
2 7218 7225
2 7220 7226
2 7222 7227
2 7228 7232
2 7228 7458
2 7228 7542
2 7229 7233
2 7229 7459
2 7230 7234
2 7230 7460
2 7230 7543
2 7231 7235
2 7231 7461
2 7232 7236
2 7233 7237
2 7234 7238
2 7235 7239
2 7236 7240
2 7236 7400
2 7237 7241
2 7237 7401
2 7238 7242
2 7238 7402
2 7239 7243
2 7239 7403
2 7240 7244
2 7240 7404
2 7241 7245
2 7241 7405
2 7242 7246
2 7242 7406
2 7243 7247
2 7243 7407
2 7244 7248
2 7246 7249
2 7250 7254
2 7250 7428
2 7250 7577
2 7251 7255
2 7251 7429
2 7252 7256
2 7252 7430
2 7252 7578
2 7253 7257
2 7253 7431
2 7254 7258
2 7255 7259
2 7256 7260
2 7257 7261
2 7258 7262
2 7258 7368
2 7259 7263
2 7259 7369
2 7260 7264
2 7260 7370
2 7261 7265
2 7261 7371
2 7262 7266
2 7262 7372
2 7263 7267
2 7263 7373
2 7264 7268
2 7264 7374
2 7265 7269
2 7265 7375
2 7266 7270
2 7268 7271
2 7276 7958
2 7277 7959
2 7278 7280
2 7278 7960
2 7279 7281
2 7279 7961
2 7284 7974
2 7285 7286
2 7285 7975
2 7288 7289
2 7288 7922
2 7292 7294
2 7292 7934
2 7293 7295
2 7293 7935
2 7300 8039
2 7301 8040
2 7302 7304
2 7302 8041
2 7303 7305
2 7303 8042
2 7314 8085
2 7315 8086
2 7316 7322
2 7316 8087
2 7317 7323
2 7317 8088
2 7318 8089
2 7319 8090
2 7320 7324
2 7320 8091
2 7321 7325
2 7321 8092
2 7330 7334
2 7330 7997
2 7331 7335
2 7331 7998
2 7332 7336
2 7332 7999
2 7333 7337
2 7333 8000
2 7340 7342
2 7340 8015
2 7341 7343
2 7341 8016
2 7349 7352
2 7351 7353
2 7356 7358
2 7357 7359
2 7361 7362
2 7366 7367
2 7372 7376
2 7373 7377
2 7374 7378
2 7375 7379
2 7392 7396
2 7393 7397
2 7394 7398
2 7395 7399
2 7406 7408
2 7407 7409
2 7412 7414
2 7413 7415
2 7420 7424
2 7421 7425
2 7422 7426
2 7423 7427
2 7432 7436
2 7434 7437
2 7446 7454
2 7448 7455
2 7450 7456
2 7452 7457
2 7462 7466
2 7464 7467
2 7470 7472
2 7474 7475
2 7478 7480
2 7479 7481
2 7484 7486
2 7485 7487
2 7488 7490
2 7488 7788
2 7489 7491
2 7489 7753
2 7489 7789
2 7490 7492
2 7491 7493
2 7492 7494
2 7492 7728
2 7493 7495
2 7493 7729
2 7494 7496
2 7494 7730
2 7495 7497
2 7495 7731
2 7496 7695
2 7497 7498
2 7497 7696
2 7499 7503
2 7500 7504
2 7501 7505
2 7502 7506
2 7503 7507
2 7503 7710
2 7504 7508
2 7504 7711
2 7505 7509
2 7505 7712
2 7506 7510
2 7506 7713
2 7507 7511
2 7507 7714
2 7508 7512
2 7508 7715
2 7509 7513
2 7509 7716
2 7510 7514
2 7510 7717
2 7511 7515
2 7511 7702
2 7512 7516
2 7512 7703
2 7513 7517
2 7513 7704
2 7514 7518
2 7514 7705
2 7519 7521
2 7519 7748
2 7520 7522
2 7520 7749
2 7520 7783
2 7521 7523
2 7522 7524
2 7523 7525
2 7523 7719
2 7524 7526
2 7524 7720
2 7525 7527
2 7525 7721
2 7526 7528
2 7526 7722
2 7527 7687
2 7528 7529
2 7528 7688
2 7530 7531
2 7531 7532
2 7531 7725
2 7532 7533
2 7532 7726
2 7533 7534
2 7533 7691
2 7535 7537
2 7535 7734
2 7535 7814
2 7536 7735
2 7536 7815
2 7537 7538
2 7538 7539
2 7538 7690
2 7539 7540
2 7539 7691
2 7540 7541
2 7540 7726
2 7542 7544
2 7543 7545
2 7544 7546
2 7544 7693
2 7545 7547
2 7545 7694
2 7546 7548
2 7546 7695
2 7547 7549
2 7547 7696
2 7548 7550
2 7548 7730
2 7549 7551
2 7549 7731
2 7552 7560
2 7554 7561
2 7554 7739
2 7555 7740
2 7556 7562
2 7556 7797
2 7557 7798
2 7558 7563
2 7558 7741
2 7558 7799
2 7559 7742
2 7559 7800
2 7560 7564
2 7561 7565
2 7562 7566
2 7563 7567
2 7564 7568
2 7564 7698
2 7565 7569
2 7565 7699
2 7566 7570
2 7566 7700
2 7567 7571
2 7567 7701
2 7568 7572
2 7568 7702
2 7569 7573
2 7569 7703
2 7570 7574
2 7570 7704
2 7571 7575
2 7571 7705
2 7572 7714
2 7573 7715
2 7574 7716
2 7575 7576
2 7575 7717
2 7577 7579
2 7578 7580
2 7579 7581
2 7579 7685
2 7580 7582
2 7580 7686
2 7581 7583
2 7581 7687
2 7582 7584
2 7582 7688
2 7583 7585
2 7583 7721
2 7584 7586
2 7584 7722
2 7587 7710
2 7588 7591
2 7588 7711
2 7589 7712
2 7589 7885
2 7590 7592
2 7590 7713
2 7590 7886
2 7591 7593
2 7592 7594
2 7593 7595
2 7593 7768
2 7594 7596
2 7594 7769
2 7595 7597
2 7595 7770
2 7596 7598
2 7596 7771
2 7597 7750
2 7598 7599
2 7598 7751
2 7600 7601
2 7600 7725
2 7600 7882
2 7601 7602
2 7602 7603
2 7602 7774
2 7603 7604
2 7603 7775
2 7604 7605
2 7604 7754
2 7606 7693
2 7606 7868
2 7607 7869
2 7608 7610
2 7608 7694
2 7608 7870
2 7609 7611
2 7609 7871
2 7610 7612
2 7611 7613
2 7612 7614
2 7612 7777
2 7613 7615
2 7613 7778
2 7614 7616
2 7614 7779
2 7615 7617
2 7615 7780
2 7616 7618
2 7616 7736
2 7617 7737
2 7619 7623
2 7619 7685
2 7620 7624
2 7621 7625
2 7621 7686
2 7621 7877
2 7622 7626
2 7622 7878
2 7623 7627
2 7624 7628
2 7625 7629
2 7626 7630
2 7627 7631
2 7627 7756
2 7628 7632
2 7628 7757
2 7629 7633
2 7629 7758
2 7630 7634
2 7630 7759
2 7631 7635
2 7631 7760
2 7632 7636
2 7632 7761
2 7633 7637
2 7633 7762
2 7634 7638
2 7634 7763
2 7635 7743
2 7636 7744
2 7637 7639
2 7637 7745
2 7638 7746
2 7640 7641
2 7641 7642
2 7641 7753
2 7642 7643
2 7642 7754
2 7643 7644
2 7643 7775
2 7645 7647
2 7646 7648
2 7647 7649
2 7647 7734
2 7648 7650
2 7648 7735
2 7649 7651
2 7649 7736
2 7650 7652
2 7650 7737
2 7651 7653
2 7651 7779
2 7652 7654
2 7652 7780
2 7655 7659
2 7656 7660
2 7657 7661
2 7658 7662
2 7659 7663
2 7659 7739
2 7660 7664
2 7660 7740
2 7661 7665
2 7661 7741
2 7662 7666
2 7662 7742
2 7663 7667
2 7663 7743
2 7664 7668
2 7664 7744
2 7665 7669
2 7665 7745
2 7666 7670
2 7666 7746
2 7667 7671
2 7667 7760
2 7668 7672
2 7668 7761
2 7669 7673
2 7669 7762
2 7670 7674
2 7670 7763
2 7675 7677
2 7676 7678
2 7677 7679
2 7677 7748
2 7678 7680
2 7678 7749
2 7679 7681
2 7679 7750
2 7680 7682
2 7680 7751
2 7681 7683
2 7681 7770
2 7682 7684
2 7682 7771
2 7688 7689
2 7691 7692
2 7696 7697
2 7702 7706
2 7703 7707
2 7704 7708
2 7705 7709
2 7717 7718
2 7721 7723
2 7722 7724
2 7726 7727
2 7730 7732
2 7731 7733
2 7736 7738
2 7745 7747
2 7751 7752
2 7754 7755
2 7760 7764
2 7761 7765
2 7762 7766
2 7763 7767
2 7770 7772
2 7771 7773
2 7775 7776
2 7779 7781
2 7780 7782
2 7783 7784
2 7784 7785
2 7784 7896
2 7785 7786
2 7785 7897
2 7786 7787
2 7786 7883
2 7788 7790
2 7789 7791
2 7790 7792
2 7790 7890
2 7791 7793
2 7791 7891
2 7792 7794
2 7792 7892
2 7793 7795
2 7793 7893
2 7794 7887
2 7795 7796
2 7795 7888
2 7797 7801
2 7798 7802
2 7799 7803
2 7800 7804
2 7801 7805
2 7801 7905
2 7802 7806
2 7802 7906
2 7803 7807
2 7803 7907
2 7804 7808
2 7804 7908
2 7805 7809
2 7805 7909
2 7806 7810
2 7806 7910
2 7807 7811
2 7807 7911
2 7808 7812
2 7808 7912
2 7809 7872
2 7810 7873
2 7811 7813
2 7811 7874
2 7812 7875
2 7814 7816
2 7815 7817
2 7816 7818
2 7816 7899
2 7817 7819
2 7817 7900
2 7818 7820
2 7818 7901
2 7819 7821
2 7819 7902
2 7820 7822
2 7820 7879
2 7821 7880
2 7823 7825
2 7824 7826
2 7825 7827
2 7825 7877
2 7826 7828
2 7826 7878
2 7827 7829
2 7827 7879
2 7828 7830
2 7828 7880
2 7829 7831
2 7829 7901
2 7830 7832
2 7830 7902
2 7833 7837
2 7834 7838
2 7835 7839
2 7836 7840
2 7837 7841
2 7837 7868
2 7838 7842
2 7838 7869
2 7839 7843
2 7839 7870
2 7840 7844
2 7840 7871
2 7841 7845
2 7841 7872
2 7842 7846
2 7842 7873
2 7843 7847
2 7843 7874
2 7844 7848
2 7844 7875
2 7845 7849
2 7845 7909
2 7846 7850
2 7846 7910
2 7847 7851
2 7847 7911
2 7848 7852
2 7848 7912
2 7853 7855
2 7854 7856
2 7855 7857
2 7855 7885
2 7856 7858
2 7856 7886
2 7857 7859
2 7857 7887
2 7858 7860
2 7858 7888
2 7859 7861
2 7859 7892
2 7860 7862
2 7860 7893
2 7863 7864
2 7864 7865
2 7864 7882
2 7865 7866
2 7865 7883
2 7866 7867
2 7866 7897
2 7874 7876
2 7879 7881
2 7883 7884
2 7888 7889
2 7892 7894
2 7893 7895
2 7897 7898
2 7901 7903
2 7902 7904
2 7909 7913
2 7910 7914
2 7911 7915
2 7912 7916
2 7917 7918
2 7917 7919
2 7917 8544
2 7917 9039
2 7918 8097
2 7918 8250
2 7918 8670
2 7919 7920
2 7920 7921
2 7920 8472
2 7921 7922
2 7921 8473
2 7922 7923
2 7924 7926
2 7924 7928
2 7924 8523
2 7924 8887
2 7925 7927
2 7925 7929
2 7925 8524
2 7925 8888
2 7926 8103
2 7926 8391
2 7926 8760
2 7927 8104
2 7927 8392
2 7927 8761
2 7928 7930
2 7929 7931
2 7930 7932
2 7930 8451
2 7931 7933
2 7931 8452
2 7932 7934
2 7932 8453
2 7933 7935
2 7933 8454
2 7934 7936
2 7935 7937
2 7938 7942
2 7938 7946
2 7938 8529
2 7939 7943
2 7939 7947
2 7939 8530
2 7940 7944
2 7940 7948
2 7940 8531
2 7940 9042
2 7941 7945
2 7941 7949
2 7941 8532
2 7941 9043
2 7942 8114
2 7942 8355
2 7942 8686
2 7943 8115
2 7943 8356
2 7943 8687
2 7944 8116
2 7944 8357
2 7944 8688
2 7945 8117
2 7945 8358
2 7945 8689
2 7946 7950
2 7947 7951
2 7948 7952
2 7949 7953
2 7950 7954
2 7950 8456
2 7951 7955
2 7951 8457
2 7952 7956
2 7952 8458
2 7953 7957
2 7953 8459
2 7954 7958
2 7954 8460
2 7955 7959
2 7955 8461
2 7956 7960
2 7956 8462
2 7957 7961
2 7957 8463
2 7960 7962
2 7961 7963
2 7964 7966
2 7964 7968
2 7964 8539
2 7965 7967
2 7965 7969
2 7965 8540
2 7965 8911
2 7966 8136
2 7966 8379
2 7966 8753
2 7967 8137
2 7967 8380
2 7967 8754
2 7968 7970
2 7969 7971
2 7970 7972
2 7970 8466
2 7971 7973
2 7971 8467
2 7972 7974
2 7972 8468
2 7973 7975
2 7973 8469
2 7975 7976
2 7977 7981
2 7977 7985
2 7977 8495
2 7977 9021
2 7978 7982
2 7978 7986
2 7978 8496
2 7978 9022
2 7979 7983
2 7979 7987
2 7979 8497
2 7979 9023
2 7980 7984
2 7980 7988
2 7980 8498
2 7980 9024
2 7981 8148
2 7981 8256
2 7981 8619
2 7982 8149
2 7982 8257
2 7982 8620
2 7983 8150
2 7983 8258
2 7983 8621
2 7984 8151
2 7984 8259
2 7984 8622
2 7985 7989
2 7986 7990
2 7987 7991
2 7988 7992
2 7989 7993
2 7989 8423
2 7990 7994
2 7990 8424
2 7991 7995
2 7991 8425
2 7992 7996
2 7992 8426
2 7993 7997
2 7993 8427
2 7994 7998
2 7994 8428
2 7995 7999
2 7995 8429
2 7996 8000
2 7996 8430
2 7997 8001
2 7998 8002
2 7999 8003
2 8000 8004
2 8005 8007
2 8005 8009
2 8005 8507
2 8005 8905
2 8006 8008
2 8006 8010
2 8006 8508
2 8006 8906
2 8007 8170
2 8007 8278
2 8007 8742
2 8008 8171
2 8008 8279
2 8008 8743
2 8009 8011
2 8010 8012
2 8011 8013
2 8011 8433
2 8012 8014
2 8012 8434
2 8013 8015
2 8013 8435
2 8014 8016
2 8014 8436
2 8015 8017
2 8016 8018
2 8019 8023
2 8019 8027
2 8019 8513
2 8020 8024
2 8020 8028
2 8020 8514
2 8021 8025
2 8021 8029
2 8021 8515
2 8021 9033
2 8022 8026
2 8022 8030
2 8022 8516
2 8022 9034
2 8023 8182
2 8023 8289
2 8023 8652
2 8024 8183
2 8024 8290
2 8024 8653
2 8025 8184
2 8025 8291
2 8025 8654
2 8026 8185
2 8026 8292
2 8026 8655
2 8027 8031
2 8028 8032
2 8029 8033
2 8030 8034
2 8031 8035
2 8031 8439
2 8032 8036
2 8032 8440
2 8033 8037
2 8033 8441
2 8034 8038
2 8034 8442
2 8035 8039
2 8035 8443
2 8036 8040
2 8036 8444
2 8037 8041
2 8037 8445
2 8038 8042
2 8038 8446
2 8041 8043
2 8042 8044
2 8045 8053
2 8045 8061
2 8045 8475
2 8046 8054
2 8046 8062
2 8046 8476
2 8047 8055
2 8047 8063
2 8047 8477
2 8047 8893
2 8048 8056
2 8048 8064
2 8048 8478
2 8048 8894
2 8049 8057
2 8049 8065
2 8049 8479
2 8050 8058
2 8050 8066
2 8050 8480
2 8051 8059
2 8051 8067
2 8051 8481
2 8051 8895
2 8052 8060
2 8052 8068
2 8052 8482
2 8052 8896
2 8053 8206
2 8053 8311
2 8053 8717
2 8054 8207
2 8054 8312
2 8054 8718
2 8055 8208
2 8055 8313
2 8055 8719
2 8056 8209
2 8056 8314
2 8056 8720
2 8057 8210
2 8057 8315
2 8057 8721
2 8058 8211
2 8058 8316
2 8058 8722
2 8059 8212
2 8059 8317
2 8059 8723
2 8060 8213
2 8060 8318
2 8060 8724
2 8061 8069
2 8062 8070
2 8063 8071
2 8064 8072
2 8065 8073
2 8066 8074
2 8067 8075
2 8068 8076
2 8069 8077
2 8069 8403
2 8070 8078
2 8070 8404
2 8071 8079
2 8071 8405
2 8072 8080
2 8072 8406
2 8073 8081
2 8073 8407
2 8074 8082
2 8074 8408
2 8075 8083
2 8075 8409
2 8076 8084
2 8076 8410
2 8077 8085
2 8077 8411
2 8078 8086
2 8078 8412
2 8079 8087
2 8079 8413
2 8080 8088
2 8080 8414
2 8081 8089
2 8081 8415
2 8082 8090
2 8082 8416
2 8083 8091
2 8083 8417
2 8084 8092
2 8084 8418
2 8087 8093
2 8088 8094
2 8091 8095
2 8092 8096
2 8097 8098
2 8097 8472
2 8097 8781
2 8098 8099
2 8099 8100
2 8099 8591
2 8100 8101
2 8100 8592
2 8101 8102
2 8103 8105
2 8103 8451
2 8104 8106
2 8104 8452
2 8104 8954
2 8105 8107
2 8106 8108
2 8107 8109
2 8107 8567
2 8108 8110
2 8108 8568
2 8109 8111
2 8109 8569
2 8110 8112
2 8110 8570
2 8112 8113
2 8114 8118
2 8114 8456
2 8115 8119
2 8115 8457
2 8115 8786
2 8116 8120
2 8116 8458
2 8117 8121
2 8117 8459
2 8117 8787
2 8118 8122
2 8119 8123
2 8120 8124
2 8121 8125
2 8122 8126
2 8122 8573
2 8123 8127
2 8123 8574
2 8124 8128
2 8124 8575
2 8125 8129
2 8125 8576
2 8126 8130
2 8126 8577
2 8127 8131
2 8127 8578
2 8128 8132
2 8128 8579
2 8129 8133
2 8129 8580
2 8131 8134
2 8133 8135
2 8136 8138
2 8136 8466
2 8136 8959
2 8137 8139
2 8137 8467
2 8137 8960
2 8138 8140
2 8139 8141
2 8140 8142
2 8140 8585
2 8141 8143
2 8141 8586
2 8142 8144
2 8142 8587
2 8143 8145
2 8143 8588
2 8144 8146
2 8145 8147
2 8148 8152
2 8148 8423
2 8149 8153
2 8149 8424
2 8150 8154
2 8150 8425
2 8150 8771
2 8151 8155
2 8151 8426
2 8151 8772
2 8152 8156
2 8153 8157
2 8154 8158
2 8155 8159
2 8156 8160
2 8156 8609
2 8157 8161
2 8157 8610
2 8158 8162
2 8158 8611
2 8159 8163
2 8159 8612
2 8160 8164
2 8160 8613
2 8161 8165
2 8161 8614
2 8162 8166
2 8162 8615
2 8163 8167
2 8163 8616
2 8166 8168
2 8167 8169
2 8170 8172
2 8170 8433
2 8170 8989
2 8171 8173
2 8171 8434
2 8171 8990
2 8172 8174
2 8173 8175
2 8174 8176
2 8174 8594
2 8175 8177
2 8175 8595
2 8176 8178
2 8176 8596
2 8177 8179
2 8177 8597
2 8178 8180
2 8179 8181
2 8182 8186
2 8182 8439
2 8182 8796
2 8183 8187
2 8183 8440
2 8183 8797
2 8184 8188
2 8184 8441
2 8184 8798
2 8185 8189
2 8185 8442
2 8185 8799
2 8186 8190
2 8187 8191
2 8188 8192
2 8189 8193
2 8190 8194
2 8190 8599
2 8191 8195
2 8191 8600
2 8192 8196
2 8192 8601
2 8193 8197
2 8193 8602
2 8194 8198
2 8194 8603
2 8195 8199
2 8195 8604
2 8196 8200
2 8196 8605
2 8197 8201
2 8197 8606
2 8198 8202
2 8199 8203
2 8200 8204
2 8201 8205
2 8206 8214
2 8206 8403
2 8207 8215
2 8207 8404
2 8208 8216
2 8208 8405
2 8209 8217
2 8209 8406
2 8210 8218
2 8210 8407
2 8210 8969
2 8211 8219
2 8211 8408
2 8211 8970
2 8212 8220
2 8212 8409
2 8212 8971
2 8213 8221
2 8213 8410
2 8213 8972
2 8214 8222
2 8215 8223
2 8216 8224
2 8217 8225
2 8218 8226
2 8219 8227
2 8220 8228
2 8221 8229
2 8222 8230
2 8222 8547
2 8223 8231
2 8223 8548
2 8224 8232
2 8224 8549
2 8225 8233
2 8225 8550
2 8226 8234
2 8226 8551
2 8227 8235
2 8227 8552
2 8228 8236
2 8228 8553
2 8229 8237
2 8229 8554
2 8230 8238
2 8230 8555
2 8231 8239
2 8231 8556
2 8232 8240
2 8232 8557
2 8233 8241
2 8233 8558
2 8234 8242
2 8234 8559
2 8235 8243
2 8235 8560
2 8236 8244
2 8236 8561
2 8237 8245
2 8237 8562
2 8242 8246
2 8243 8247
2 8244 8248
2 8245 8249
2 8250 8251
2 8250 8591
2 8250 8821
2 8251 8252
2 8252 8253
2 8252 8544
2 8253 8254
2 8253 8545
2 8254 8255
2 8256 8260
2 8256 8609
2 8257 8261
2 8257 8610
2 8257 8859
2 8258 8262
2 8258 8611
2 8259 8263
2 8259 8612
2 8259 8860
2 8260 8264
2 8261 8265
2 8262 8266
2 8263 8267
2 8264 8268
2 8264 8495
2 8265 8269
2 8265 8496
2 8266 8270
2 8266 8497
2 8267 8271
2 8267 8498
2 8268 8272
2 8268 8499
2 8269 8273
2 8269 8500
2 8270 8274
2 8270 8501
2 8271 8275
2 8271 8502
2 8273 8276
2 8275 8277
2 8278 8280
2 8278 8594
2 8279 8281
2 8279 8595
2 8279 8665
2 8280 8282
2 8281 8283
2 8282 8284
2 8282 8507
2 8283 8285
2 8283 8508
2 8284 8286
2 8284 8509
2 8285 8287
2 8285 8510
2 8287 8288
2 8289 8293
2 8289 8599
2 8290 8294
2 8290 8600
2 8290 8850
2 8291 8295
2 8291 8601
2 8292 8296
2 8292 8602
2 8292 8851
2 8293 8297
2 8294 8298
2 8295 8299
2 8296 8300
2 8297 8301
2 8297 8513
2 8298 8302
2 8298 8514
2 8299 8303
2 8299 8515
2 8300 8304
2 8300 8516
2 8301 8305
2 8301 8517
2 8302 8306
2 8302 8518
2 8303 8307
2 8303 8519
2 8304 8308
2 8304 8520
2 8306 8309
2 8308 8310
2 8311 8319
2 8311 8547
2 8312 8320
2 8312 8548
2 8312 8632
2 8313 8321
2 8313 8549
2 8314 8322
2 8314 8550
2 8314 8633
2 8315 8323
2 8315 8551
2 8316 8324
2 8316 8552
2 8316 8634
2 8317 8325
2 8317 8553
2 8318 8326
2 8318 8554
2 8318 8635
2 8319 8327
2 8320 8328
2 8321 8329
2 8322 8330
2 8323 8331
2 8324 8332
2 8325 8333
2 8326 8334
2 8327 8335
2 8327 8475
2 8328 8336
2 8328 8476
2 8329 8337
2 8329 8477
2 8330 8338
2 8330 8478
2 8331 8339
2 8331 8479
2 8332 8340
2 8332 8480
2 8333 8341
2 8333 8481
2 8334 8342
2 8334 8482
2 8335 8343
2 8335 8483
2 8336 8344
2 8336 8484
2 8337 8345
2 8337 8485
2 8338 8346
2 8338 8486
2 8339 8347
2 8339 8487
2 8340 8348
2 8340 8488
2 8341 8349
2 8341 8489
2 8342 8350
2 8342 8490
2 8344 8351
2 8346 8352
2 8348 8353
2 8350 8354
2 8355 8359
2 8355 8573
2 8355 8829
2 8356 8360
2 8356 8574
2 8356 8830
2 8357 8361
2 8357 8575
2 8357 8831
2 8358 8362
2 8358 8576
2 8358 8832
2 8359 8363
2 8360 8364
2 8361 8365
2 8362 8366
2 8363 8367
2 8363 8529
2 8364 8368
2 8364 8530
2 8365 8369
2 8365 8531
2 8366 8370
2 8366 8532
2 8367 8371
2 8367 8533
2 8368 8372
2 8368 8534
2 8369 8373
2 8369 8535
2 8370 8374
2 8370 8536
2 8371 8375
2 8372 8376
2 8373 8377
2 8374 8378
2 8379 8381
2 8379 8585
2 8379 8676
2 8380 8382
2 8380 8586
2 8380 8677
2 8381 8383
2 8382 8384
2 8383 8385
2 8383 8539
2 8384 8386
2 8384 8540
2 8385 8387
2 8385 8541
2 8386 8388
2 8386 8542
2 8387 8389
2 8388 8390
2 8391 8393
2 8391 8567
2 8391 8707
2 8392 8394
2 8392 8568
2 8392 8708
2 8393 8395
2 8394 8396
2 8395 8397
2 8395 8523
2 8396 8398
2 8396 8524
2 8397 8399
2 8397 8525
2 8398 8400
2 8398 8526
2 8399 8401
2 8400 8402
2 8415 8419
2 8416 8420
2 8417 8421
2 8418 8422
2 8429 8431
2 8430 8432
2 8435 8437
2 8436 8438
2 8443 8447
2 8444 8448
2 8445 8449
2 8446 8450
2 8454 8455
2 8461 8464
2 8463 8465
2 8468 8470
2 8469 8471
2 8473 8474
2 8485 8491
2 8486 8492
2 8489 8493
2 8490 8494
2 8499 8503
2 8500 8504
2 8501 8505
2 8502 8506
2 8509 8511
2 8510 8512
2 8519 8521
2 8520 8522
2 8525 8527
2 8526 8528
2 8535 8537
2 8536 8538
2 8542 8543
2 8545 8546
2 8556 8563
2 8558 8564
2 8560 8565
2 8562 8566
2 8569 8571
2 8570 8572
2 8577 8581
2 8578 8582
2 8579 8583
2 8580 8584
2 8587 8589
2 8588 8590
2 8592 8593
2 8597 8598
2 8604 8607
2 8606 8608
2 8614 8617
2 8616 8618
2 8619 8923
2 8620 8623
2 8620 8924
2 8621 8882
2 8621 8925
2 8622 8624
2 8622 8883
2 8622 8926
2 8623 8625
2 8624 8626
2 8625 8627
2 8625 8859
2 8626 8628
2 8626 8860
2 8627 8629
2 8627 8861
2 8628 8630
2 8628 8862
2 8629 8826
2 8630 8631
2 8630 8827
2 8632 8636
2 8633 8637
2 8634 8638
2 8635 8639
2 8636 8640
2 8636 8841
2 8637 8641
2 8637 8842
2 8638 8642
2 8638 8843
2 8639 8643
2 8639 8844
2 8640 8644
2 8640 8845
2 8641 8645
2 8641 8846
2 8642 8646
2 8642 8847
2 8643 8647
2 8643 8848
2 8644 8648
2 8644 8833
2 8645 8649
2 8645 8834
2 8646 8650
2 8646 8835
2 8647 8651
2 8647 8836
2 8652 8873
2 8653 8656
2 8653 8874
2 8654 8875
2 8654 8914
2 8655 8657
2 8655 8876
2 8655 8915
2 8656 8658
2 8657 8659
2 8658 8660
2 8658 8850
2 8659 8661
2 8659 8851
2 8660 8662
2 8660 8852
2 8661 8663
2 8661 8853
2 8662 8818
2 8663 8664
2 8663 8819
2 8665 8666
2 8666 8667
2 8666 8856
2 8667 8668
2 8667 8857
2 8668 8669
2 8668 8822
2 8670 8671
2 8670 8865
2 8670 8949
2 8671 8672
2 8672 8673
2 8672 8821
2 8673 8674
2 8673 8822
2 8674 8675
2 8674 8857
2 8676 8678
2 8677 8679
2 8678 8680
2 8678 8824
2 8679 8681
2 8679 8825
2 8680 8682
2 8680 8826
2 8681 8683
2 8681 8827
2 8682 8684
2 8682 8861
2 8683 8685
2 8683 8862
2 8686 8690
2 8687 8691
2 8687 8868
2 8688 8692
2 8688 8940
2 8689 8693
2 8689 8869
2 8689 8941
2 8690 8694
2 8691 8695
2 8692 8696
2 8693 8697
2 8694 8698
2 8694 8829
2 8695 8699
2 8695 8830
2 8696 8700
2 8696 8831
2 8697 8701
2 8697 8832
2 8698 8702
2 8698 8833
2 8699 8703
2 8699 8834
2 8700 8704
2 8700 8835
2 8701 8705
2 8701 8836
2 8702 8845
2 8703 8846
2 8704 8847
2 8705 8706
2 8705 8848
2 8707 8709
2 8708 8710
2 8709 8711
2 8709 8816
2 8710 8712
2 8710 8817
2 8711 8713
2 8711 8818
2 8712 8714
2 8712 8819
2 8713 8715
2 8713 8852
2 8714 8716
2 8714 8853
2 8718 8841
2 8719 8725
2 8720 8726
2 8720 8842
2 8721 9012
2 8722 8843
2 8722 9013
2 8723 8727
2 8723 9014
2 8724 8728
2 8724 8844
2 8724 9015
2 8725 8729
2 8726 8730
2 8727 8731
2 8728 8732
2 8729 8733
2 8729 8893
2 8730 8734
2 8730 8894
2 8731 8735
2 8731 8895
2 8732 8736
2 8732 8896
2 8733 8737
2 8733 8897
2 8734 8738
2 8734 8898
2 8735 8739
2 8735 8899
2 8736 8740
2 8736 8900
2 8737 8877
2 8738 8878
2 8739 8879
2 8740 8741
2 8740 8880
2 8742 8744
2 8742 9007
2 8743 8745
2 8743 8856
2 8743 9008
2 8744 8746
2 8745 8747
2 8746 8748
2 8746 8905
2 8747 8749
2 8747 8906
2 8748 8750
2 8748 8907
2 8749 8751
2 8749 8908
2 8750 8884
2 8751 8752
2 8751 8885
2 8753 8824
2 8753 8999
2 8754 8755
2 8754 8825
2 8754 9000
2 8755 8756
2 8756 8757
2 8756 8911
2 8757 8758
2 8757 8912
2 8758 8759
2 8758 8866
2 8760 8762
2 8760 8816
2 8761 8763
2 8761 8817
2 8761 9004
2 8762 8764
2 8763 8765
2 8764 8766
2 8764 8887
2 8765 8767
2 8765 8888
2 8766 8768
2 8766 8889
2 8767 8769
2 8767 8890
2 8768 8870
2 8769 8770
2 8769 8871
2 8771 8773
2 8772 8774
2 8773 8775
2 8773 8882
2 8774 8776
2 8774 8883
2 8775 8777
2 8775 8884
2 8776 8778
2 8776 8885
2 8777 8779
2 8777 8907
2 8778 8780
2 8778 8908
2 8781 8782
2 8782 8783
2 8782 8865
2 8783 8784
2 8783 8866
2 8784 8785
2 8784 8912
2 8786 8788
2 8787 8789
2 8788 8790
2 8788 8868
2 8789 8791
2 8789 8869
2 8790 8792
2 8790 8870
2 8791 8793
2 8791 8871
2 8792 8794
2 8792 8889
2 8793 8795
2 8793 8890
2 8796 8800
2 8797 8801
2 8798 8802
2 8799 8803
2 8800 8804
2 8800 8873
2 8801 8805
2 8801 8874
2 8802 8806
2 8802 8875
2 8803 8807
2 8803 8876
2 8804 8808
2 8804 8877
2 8805 8809
2 8805 8878
2 8806 8810
2 8806 8879
2 8807 8811
2 8807 8880
2 8808 8812
2 8808 8897
2 8809 8813
2 8809 8898
2 8810 8814
2 8810 8899
2 8811 8815
2 8811 8900
2 8819 8820
2 8822 8823
2 8827 8828
2 8833 8837
2 8834 8838
2 8835 8839
2 8836 8840
2 8848 8849
2 8852 8854
2 8853 8855
2 8857 8858
2 8861 8863
2 8862 8864
2 8866 8867
2 8871 8872
2 8880 8881
2 8885 8886
2 8889 8891
2 8890 8892
2 8897 8901
2 8898 8902
2 8899 8903
2 8900 8904
2 8907 8909
2 8908 8910
2 8912 8913
2 8914 8916
2 8915 8917
2 8916 8918
2 8916 9033
2 8917 8919
2 8917 9034
2 8918 8920
2 8918 9035
2 8919 8921
2 8919 9036
2 8920 9009
2 8921 8922
2 8921 9010
2 8923 8927
2 8924 8928
2 8925 8929
2 8926 8930
2 8927 8931
2 8927 9021
2 8928 8932
2 8928 9022
2 8929 8933
2 8929 9023
2 8930 8934
2 8930 9024
2 8931 8935
2 8931 9025
2 8932 8936
2 8932 9026
2 8933 8937
2 8933 9027
2 8934 8938
2 8934 9028
2 8935 9016
2 8936 9017
2 8937 9018
2 8938 8939
2 8938 9019
2 8940 8942
2 8941 8943
2 8942 8944
2 8942 9042
2 8943 8945
2 8943 9043
2 8944 8946
2 8944 9044
2 8945 8947
2 8945 9045
2 8946 9001
2 8947 8948
2 8947 9002
2 8949 8950
2 8950 8951
2 8950 9039
2 8951 8952
2 8951 9040
2 8952 8953
2 8952 9005
2 8954 8955
2 8955 8956
2 8955 9004
2 8956 8957
2 8956 9005
2 8957 8958
2 8957 9040
2 8959 8961
2 8960 8962
2 8961 8963
2 8961 8999
2 8962 8964
2 8962 9000
2 8963 8965
2 8963 9001
2 8964 8966
2 8964 9002
2 8965 8967
2 8965 9044
2 8966 8968
2 8966 9045
2 8969 8973
2 8970 8974
2 8971 8975
2 8972 8976
2 8973 8977
2 8973 9012
2 8974 8978
2 8974 9013
2 8975 8979
2 8975 9014
2 8976 8980
2 8976 9015
2 8977 8981
2 8977 9016
2 8978 8982
2 8978 9017
2 8979 8983
2 8979 9018
2 8980 8984
2 8980 9019
2 8981 8985
2 8981 9025
2 8982 8986
2 8982 9026
2 8983 8987
2 8983 9027
2 8984 8988
2 8984 9028
2 8989 8991
2 8990 8992
2 8991 8993
2 8991 9007
2 8992 8994
2 8992 9008
2 8993 8995
2 8993 9009
2 8994 8996
2 8994 9010
2 8995 8997
2 8995 9035
2 8996 8998
2 8996 9036
2 9002 9003
2 9005 9006
2 9010 9011
2 9019 9020
2 9025 9029
2 9026 9030
2 9027 9031
2 9028 9032
2 9035 9037
2 9036 9038
2 9040 9041
2 9044 9046
2 9045 9047
