# vtk DataFile Version 1.0
Cube
ASCII

DATASET POLYDATA
POINTS 3392 float
7.579109 5.336891 5.336891
6.458000 6.458000 6.458000
7.282041 5.633959 3.461488
6.458000 6.458000 2.875102
6.458000 6.458000 1.389762
7.307873 5.608127 0.694881
7.876177 5.039823 1.157274
20.495109 7.579109 5.336891
19.374000 6.458000 6.458000
20.198041 7.282041 3.461488
19.374000 6.458000 2.875102
19.374000 6.458000 1.389762
20.223873 7.307873 0.694881
20.792177 7.876177 1.157274
18.252891 20.495109 5.336891
19.374000 19.374000 6.458000
18.549959 20.198041 3.461488
19.374000 19.374000 2.875102
19.374000 19.374000 1.389762
18.524127 20.223873 0.694881
17.955823 20.792177 1.157274
5.336891 18.252891 5.336891
6.458000 19.374000 6.458000
5.633959 18.549959 3.461488
6.458000 19.374000 2.875102
6.458000 19.374000 1.389762
5.608127 18.524127 0.694881
5.039823 17.955823 1.157274
7.579109 20.495109 20.495109
6.458000 19.374000 19.374000
7.282041 20.198041 22.370512
6.458000 19.374000 22.956898
6.458000 19.374000 24.442238
7.307873 20.223873 25.137119
7.876177 20.792177 24.674726
5.336891 7.579109 20.495109
6.458000 6.458000 19.374000
5.633959 7.282041 22.370512
6.458000 6.458000 22.956898
6.458000 6.458000 24.442238
5.608127 7.307873 25.137119
5.039823 7.876177 24.674726
18.252891 5.336891 20.495109
19.374000 6.458000 19.374000
18.549959 5.633959 22.370512
19.374000 6.458000 22.956898
19.374000 6.458000 24.442238
18.524127 5.608127 25.137119
17.955823 5.039823 24.674726
20.495109 18.252891 20.495109
19.374000 19.374000 19.374000
20.198041 18.549959 22.370512
19.374000 19.374000 22.956898
19.374000 19.374000 24.442238
20.223873 18.524127 25.137119
20.792177 17.955823 24.674726
5.336891 7.579109 5.336891
3.461488 7.282041 5.633959
2.875102 6.458000 6.458000
1.389762 6.458000 6.458000
0.694881 7.307873 5.608127
1.157274 7.876177 5.039823
18.252891 5.336891 5.336891
18.549959 3.461488 5.633959
19.374000 2.875102 6.458000
19.374000 1.389762 6.458000
18.524127 0.694881 5.608127
17.955823 1.157274 5.039823
20.495109 18.252891 5.336891
22.370512 18.549959 5.633959
22.956898 19.374000 6.458000
24.442238 19.374000 6.458000
25.137119 18.524127 5.608127
24.674726 17.955823 5.039823
7.579109 20.495109 5.336891
7.282041 22.370512 5.633959
6.458000 22.956898 6.458000
6.458000 24.442238 6.458000
7.307873 25.137119 5.608127
7.876177 24.674726 5.039823
5.336891 18.252891 20.495109
3.461488 18.549959 20.198041
2.875102 19.374000 19.374000
1.389762 19.374000 19.374000
0.694881 18.524127 20.223873
1.157274 17.955823 20.792177
7.579109 5.336891 20.495109
7.282041 3.461488 20.198041
6.458000 2.875102 19.374000
6.458000 1.389762 19.374000
7.307873 0.694881 20.223873
7.876177 1.157274 20.792177
20.495109 7.579109 20.495109
22.370512 7.282041 20.198041
22.956898 6.458000 19.374000
24.442238 6.458000 19.374000
25.137119 7.307873 20.223873
24.674726 7.876177 20.792177
18.252891 20.495109 20.495109
18.549959 22.370512 20.198041
19.374000 22.956898 19.374000
19.374000 24.442238 19.374000
18.524127 25.137119 20.223873
17.955823 24.674726 20.792177
5.336891 5.336891 7.579109
5.633959 3.461488 7.282041
6.458000 2.875102 6.458000
6.458000 1.389762 6.458000
5.608127 0.694881 7.307873
5.039823 1.157274 7.876177
5.336891 20.495109 18.252891
5.633959 22.370512 18.549959
6.458000 22.956898 19.374000
6.458000 24.442238 19.374000
5.608127 25.137119 18.524127
5.039823 24.674726 17.955823
5.336891 5.336891 18.252891
3.461488 5.633959 18.549959
2.875102 6.458000 19.374000
1.389762 6.458000 19.374000
0.694881 5.608127 18.524127
1.157274 5.039823 17.955823
20.495109 5.336891 18.252891
20.198041 3.461488 18.549959
19.374000 2.875102 19.374000
19.374000 1.389762 19.374000
20.223873 0.694881 18.524127
20.792177 1.157274 17.955823
20.495109 20.495109 18.252891
22.370512 20.198041 18.549959
22.956898 19.374000 19.374000
24.442238 19.374000 19.374000
25.137119 20.223873 18.524127
24.674726 20.792177 17.955823
20.495109 20.495109 7.579109
20.198041 22.370512 7.282041
19.374000 22.956898 6.458000
19.374000 24.442238 6.458000
20.223873 25.137119 7.307873
20.792177 24.674726 7.876177
5.336891 20.495109 7.579109
3.461488 20.198041 7.282041
2.875102 19.374000 6.458000
1.389762 19.374000 6.458000
0.694881 20.223873 7.307873
1.157274 20.792177 7.876177
20.495109 5.336891 7.579109
22.370512 5.633959 7.282041
22.956898 6.458000 6.458000
24.442238 6.458000 6.458000
25.137119 5.608127 7.307873
24.674726 5.039823 7.876177
18.549959 20.198041 22.370512
18.524127 20.223873 25.137119
17.955823 20.792177 24.674726
5.633959 18.549959 22.370512
5.608127 18.524127 25.137119
5.039823 17.955823 24.674726
7.282041 5.633959 22.370512
7.307873 5.608127 25.137119
7.876177 5.039823 24.674726
20.198041 7.282041 22.370512
20.223873 7.307873 25.137119
20.792177 7.876177 24.674726
18.549959 5.633959 3.461488
18.524127 5.608127 0.694881
17.955823 5.039823 1.157274
20.198041 18.549959 3.461488
20.223873 18.524127 0.694881
20.792177 17.955823 1.157274
7.282041 20.198041 3.461488
7.307873 20.223873 0.694881
7.876177 20.792177 1.157274
5.633959 7.282041 3.461488
5.608127 7.307873 0.694881
5.039823 7.876177 1.157274
22.370512 18.549959 20.198041
25.137119 18.524127 20.223873
24.674726 17.955823 20.792177
7.282041 22.370512 20.198041
7.307873 25.137119 20.223873
7.876177 24.674726 20.792177
3.461488 7.282041 20.198041
0.694881 7.307873 20.223873
1.157274 7.876177 20.792177
18.549959 3.461488 20.198041
18.524127 0.694881 20.223873
17.955823 1.157274 20.792177
22.370512 7.282041 5.633959
25.137119 7.307873 5.608127
24.674726 7.876177 5.039823
18.549959 22.370512 5.633959
18.524127 25.137119 5.608127
17.955823 24.674726 5.039823
3.461488 18.549959 5.633959
0.694881 18.524127 5.608127
1.157274 17.955823 5.039823
7.282041 3.461488 5.633959
7.307873 0.694881 5.608127
7.876177 1.157274 5.039823
20.198041 22.370512 18.549959
20.223873 25.137119 18.524127
20.792177 24.674726 17.955823
20.198041 3.461488 7.282041
20.223873 0.694881 7.307873
20.792177 1.157274 7.876177
22.370512 20.198041 7.282041
25.137119 20.223873 7.307873
24.674726 20.792177 7.876177
5.633959 22.370512 7.282041
5.608127 25.137119 7.307873
5.039823 24.674726 7.876177
3.461488 5.633959 7.282041
0.694881 5.608127 7.307873
1.157274 5.039823 7.876177
5.633959 3.461488 18.549959
5.608127 0.694881 18.524127
5.039823 1.157274 17.955823
22.370512 5.633959 18.549959
25.137119 5.608127 18.524127
24.674726 5.039823 17.955823
3.461488 20.198041 18.549959
0.694881 20.223873 18.524127
1.157274 20.792177 17.955823
7.579109 18.252891 18.252891
7.282041 18.549959 16.377488
6.458000 19.374000 15.791102
6.458000 19.374000 14.305762
7.307873 18.524127 13.610881
7.876177 17.955823 14.073274
20.198041 20.198041 16.377488
19.374000 19.374000 15.791102
19.374000 19.374000 14.305762
20.223873 20.223873 13.610881
20.792177 20.792177 14.073274
18.252891 7.579109 18.252891
18.549959 7.282041 16.377488
19.374000 6.458000 15.791102
19.374000 6.458000 14.305762
18.524127 7.307873 13.610881
17.955823 7.876177 14.073274
5.633959 5.633959 16.377488
6.458000 6.458000 15.791102
6.458000 6.458000 14.305762
5.608127 5.608127 13.610881
5.039823 5.039823 14.073274
7.579109 7.579109 7.579109
7.282041 7.282041 9.454512
6.458000 6.458000 10.040898
6.458000 6.458000 11.526238
7.307873 7.307873 12.221119
7.876177 7.876177 11.758726
5.633959 20.198041 9.454512
6.458000 19.374000 10.040898
6.458000 19.374000 11.526238
5.608127 20.223873 12.221119
5.039823 20.792177 11.758726
18.252891 18.252891 7.579109
18.549959 18.549959 9.454512
19.374000 19.374000 10.040898
19.374000 19.374000 11.526238
18.524127 18.524127 12.221119
17.955823 17.955823 11.758726
20.198041 5.633959 9.454512
19.374000 6.458000 10.040898
19.374000 6.458000 11.526238
20.223873 5.608127 12.221119
20.792177 5.039823 11.758726
18.252891 18.252891 18.252891
18.549959 16.377488 18.549959
19.374000 15.791102 19.374000
19.374000 14.305762 19.374000
18.524127 13.610881 18.524127
17.955823 14.073274 17.955823
7.579109 7.579109 18.252891
7.282041 9.454512 18.549959
6.458000 10.040898 19.374000
6.458000 11.526238 19.374000
7.307873 12.221119 18.524127
7.876177 11.758726 17.955823
7.579109 18.252891 7.579109
7.282041 16.377488 7.282041
6.458000 15.791102 6.458000
6.458000 14.305762 6.458000
7.307873 13.610881 7.307873
7.876177 14.073274 7.876177
18.252891 7.579109 7.579109
18.549959 9.454512 7.282041
19.374000 10.040898 6.458000
19.374000 11.526238 6.458000
18.524127 12.221119 7.307873
17.955823 11.758726 7.876177
5.633959 16.377488 20.198041
6.458000 15.791102 19.374000
6.458000 14.305762 19.374000
5.608127 13.610881 20.223873
5.039823 14.073274 20.792177
5.633959 9.454512 5.633959
6.458000 10.040898 6.458000
6.458000 11.526238 6.458000
5.608127 12.221119 5.608127
5.039823 11.758726 5.039823
20.198041 16.377488 5.633959
19.374000 15.791102 6.458000
19.374000 14.305762 6.458000
20.223873 13.610881 5.608127
20.792177 14.073274 5.039823
20.198041 9.454512 20.198041
19.374000 10.040898 19.374000
19.374000 11.526238 19.374000
20.223873 12.221119 20.223873
20.792177 11.758726 20.792177
18.549959 7.282041 9.454512
18.524127 7.307873 12.221119
17.955823 7.876177 11.758726
5.633959 5.633959 9.454512
5.608127 5.608127 12.221119
5.039823 5.039823 11.758726
7.282041 18.549959 9.454512
7.307873 18.524127 12.221119
7.876177 17.955823 11.758726
20.198041 20.198041 9.454512
20.223873 20.223873 12.221119
20.792177 20.792177 11.758726
18.549959 18.549959 16.377488
18.524127 18.524127 13.610881
17.955823 17.955823 14.073274
20.198041 5.633959 16.377488
20.223873 5.608127 13.610881
20.792177 5.039823 14.073274
7.282041 7.282041 16.377488
7.307873 7.307873 13.610881
7.876177 7.876177 14.073274
5.633959 20.198041 16.377488
5.608127 20.223873 13.610881
5.039823 20.792177 14.073274
7.282041 9.454512 7.282041
7.307873 12.221119 7.307873
7.876177 11.758726 7.876177
18.549959 16.377488 7.282041
18.524127 13.610881 7.307873
17.955823 14.073274 7.876177
18.549959 9.454512 18.549959
18.524127 12.221119 18.524127
17.955823 11.758726 17.955823
7.282041 16.377488 18.549959
7.307873 13.610881 18.524127
7.876177 14.073274 17.955823
20.198041 9.454512 5.633959
20.223873 12.221119 5.608127
20.792177 11.758726 5.039823
20.198041 16.377488 20.198041
20.223873 13.610881 20.223873
20.792177 14.073274 20.792177
5.633959 9.454512 20.198041
5.608127 12.221119 20.223873
5.039823 11.758726 20.792177
5.633959 16.377488 5.633959
5.608127 13.610881 5.608127
5.039823 14.073274 5.039823
16.377488 7.282041 18.549959
15.791102 6.458000 19.374000
14.305762 6.458000 19.374000
13.610881 7.307873 18.524127
14.073274 7.876177 17.955823
9.454512 18.549959 18.549959
10.040898 19.374000 19.374000
11.526238 19.374000 19.374000
12.221119 18.524127 18.524127
11.758726 17.955823 17.955823
16.377488 18.549959 7.282041
15.791102 19.374000 6.458000
14.305762 19.374000 6.458000
13.610881 18.524127 7.307873
14.073274 17.955823 7.876177
9.454512 7.282041 7.282041
10.040898 6.458000 6.458000
11.526238 6.458000 6.458000
12.221119 7.307873 7.307873
11.758726 7.876177 7.876177
16.377488 5.633959 5.633959
15.791102 6.458000 6.458000
14.305762 6.458000 6.458000
13.610881 5.608127 5.608127
14.073274 5.039823 5.039823
9.454512 20.198041 5.633959
10.040898 19.374000 6.458000
11.526238 19.374000 6.458000
12.221119 20.223873 5.608127
11.758726 20.792177 5.039823
16.377488 20.198041 20.198041
15.791102 19.374000 19.374000
14.305762 19.374000 19.374000
13.610881 20.223873 20.223873
14.073274 20.792177 20.792177
9.454512 5.633959 20.198041
10.040898 6.458000 19.374000
11.526238 6.458000 19.374000
12.221119 5.608127 20.223873
11.758726 5.039823 20.792177
9.454512 18.549959 7.282041
12.221119 18.524127 7.307873
11.758726 17.955823 7.876177
16.377488 7.282041 7.282041
13.610881 7.307873 7.307873
14.073274 7.876177 7.876177
9.454512 7.282041 18.549959
12.221119 7.307873 18.524127
11.758726 7.876177 17.955823
16.377488 18.549959 18.549959
13.610881 18.524127 18.524127
14.073274 17.955823 17.955823
9.454512 20.198041 20.198041
12.221119 20.223873 20.223873
11.758726 20.792177 20.792177
16.377488 5.633959 20.198041
13.610881 5.608127 20.223873
14.073274 5.039823 20.792177
9.454512 5.633959 5.633959
12.221119 5.608127 5.608127
11.758726 5.039823 5.039823
16.377488 20.198041 5.633959
13.610881 20.223873 5.608127
14.073274 20.792177 5.039823
7.579109 5.336891 31.168891
6.458000 6.458000 32.290000
7.282041 5.633959 29.293488
6.458000 6.458000 28.707102
6.458000 6.458000 27.221762
7.307873 5.608127 26.526881
7.876177 5.039823 26.989274
20.495109 7.579109 31.168891
19.374000 6.458000 32.290000
20.198041 7.282041 29.293488
19.374000 6.458000 28.707102
19.374000 6.458000 27.221762
20.223873 7.307873 26.526881
20.792177 7.876177 26.989274
18.252891 20.495109 31.168891
19.374000 19.374000 32.290000
18.549959 20.198041 29.293488
19.374000 19.374000 28.707102
19.374000 19.374000 27.221762
18.524127 20.223873 26.526881
17.955823 20.792177 26.989274
5.336891 18.252891 31.168891
6.458000 19.374000 32.290000
5.633959 18.549959 29.293488
6.458000 19.374000 28.707102
6.458000 19.374000 27.221762
5.608127 18.524127 26.526881
5.039823 17.955823 26.989274
7.579109 20.495109 46.327109
6.458000 19.374000 45.206000
7.282041 20.198041 48.202512
6.458000 19.374000 48.788898
6.458000 19.374000 50.274238
7.307873 20.223873 50.969119
7.876177 20.792177 50.506726
5.336891 7.579109 46.327109
6.458000 6.458000 45.206000
5.633959 7.282041 48.202512
6.458000 6.458000 48.788898
6.458000 6.458000 50.274238
5.608127 7.307873 50.969119
5.039823 7.876177 50.506726
18.252891 5.336891 46.327109
19.374000 6.458000 45.206000
18.549959 5.633959 48.202512
19.374000 6.458000 48.788898
19.374000 6.458000 50.274238
18.524127 5.608127 50.969119
17.955823 5.039823 50.506726
20.495109 18.252891 46.327109
19.374000 19.374000 45.206000
20.198041 18.549959 48.202512
19.374000 19.374000 48.788898
19.374000 19.374000 50.274238
20.223873 18.524127 50.969119
20.792177 17.955823 50.506726
5.336891 7.579109 31.168891
3.461488 7.282041 31.465959
2.875102 6.458000 32.290000
1.389762 6.458000 32.290000
0.694881 7.307873 31.440127
1.157274 7.876177 30.871823
18.252891 5.336891 31.168891
18.549959 3.461488 31.465959
19.374000 2.875102 32.290000
19.374000 1.389762 32.290000
18.524127 0.694881 31.440127
17.955823 1.157274 30.871823
20.495109 18.252891 31.168891
22.370512 18.549959 31.465959
22.956898 19.374000 32.290000
24.442238 19.374000 32.290000
25.137119 18.524127 31.440127
24.674726 17.955823 30.871823
7.579109 20.495109 31.168891
7.282041 22.370512 31.465959
6.458000 22.956898 32.290000
6.458000 24.442238 32.290000
7.307873 25.137119 31.440127
7.876177 24.674726 30.871823
5.336891 18.252891 46.327109
3.461488 18.549959 46.030041
2.875102 19.374000 45.206000
1.389762 19.374000 45.206000
0.694881 18.524127 46.055873
1.157274 17.955823 46.624177
7.579109 5.336891 46.327109
7.282041 3.461488 46.030041
6.458000 2.875102 45.206000
6.458000 1.389762 45.206000
7.307873 0.694881 46.055873
7.876177 1.157274 46.624177
20.495109 7.579109 46.327109
22.370512 7.282041 46.030041
22.956898 6.458000 45.206000
24.442238 6.458000 45.206000
25.137119 7.307873 46.055873
24.674726 7.876177 46.624177
18.252891 20.495109 46.327109
18.549959 22.370512 46.030041
19.374000 22.956898 45.206000
19.374000 24.442238 45.206000
18.524127 25.137119 46.055873
17.955823 24.674726 46.624177
5.336891 5.336891 33.411109
5.633959 3.461488 33.114041
6.458000 2.875102 32.290000
6.458000 1.389762 32.290000
5.608127 0.694881 33.139873
5.039823 1.157274 33.708177
5.336891 20.495109 44.084891
5.633959 22.370512 44.381959
6.458000 22.956898 45.206000
6.458000 24.442238 45.206000
5.608127 25.137119 44.356127
5.039823 24.674726 43.787823
5.336891 5.336891 44.084891
3.461488 5.633959 44.381959
2.875102 6.458000 45.206000
1.389762 6.458000 45.206000
0.694881 5.608127 44.356127
1.157274 5.039823 43.787823
20.495109 5.336891 44.084891
20.198041 3.461488 44.381959
19.374000 2.875102 45.206000
19.374000 1.389762 45.206000
20.223873 0.694881 44.356127
20.792177 1.157274 43.787823
20.495109 20.495109 44.084891
22.370512 20.198041 44.381959
22.956898 19.374000 45.206000
24.442238 19.374000 45.206000
25.137119 20.223873 44.356127
24.674726 20.792177 43.787823
20.495109 20.495109 33.411109
20.198041 22.370512 33.114041
19.374000 22.956898 32.290000
19.374000 24.442238 32.290000
20.223873 25.137119 33.139873
20.792177 24.674726 33.708177
5.336891 20.495109 33.411109
3.461488 20.198041 33.114041
2.875102 19.374000 32.290000
1.389762 19.374000 32.290000
0.694881 20.223873 33.139873
1.157274 20.792177 33.708177
20.495109 5.336891 33.411109
22.370512 5.633959 33.114041
22.956898 6.458000 32.290000
24.442238 6.458000 32.290000
25.137119 5.608127 33.139873
24.674726 5.039823 33.708177
18.549959 20.198041 48.202512
18.524127 20.223873 50.969119
17.955823 20.792177 50.506726
5.633959 18.549959 48.202512
5.608127 18.524127 50.969119
5.039823 17.955823 50.506726
7.282041 5.633959 48.202512
7.307873 5.608127 50.969119
7.876177 5.039823 50.506726
20.198041 7.282041 48.202512
20.223873 7.307873 50.969119
20.792177 7.876177 50.506726
18.549959 5.633959 29.293488
18.524127 5.608127 26.526881
17.955823 5.039823 26.989274
20.198041 18.549959 29.293488
20.223873 18.524127 26.526881
20.792177 17.955823 26.989274
7.282041 20.198041 29.293488
7.307873 20.223873 26.526881
7.876177 20.792177 26.989274
5.633959 7.282041 29.293488
5.608127 7.307873 26.526881
5.039823 7.876177 26.989274
22.370512 18.549959 46.030041
25.137119 18.524127 46.055873
24.674726 17.955823 46.624177
7.282041 22.370512 46.030041
7.307873 25.137119 46.055873
7.876177 24.674726 46.624177
3.461488 7.282041 46.030041
0.694881 7.307873 46.055873
1.157274 7.876177 46.624177
18.549959 3.461488 46.030041
18.524127 0.694881 46.055873
17.955823 1.157274 46.624177
22.370512 7.282041 31.465959
25.137119 7.307873 31.440127
24.674726 7.876177 30.871823
18.549959 22.370512 31.465959
18.524127 25.137119 31.440127
17.955823 24.674726 30.871823
3.461488 18.549959 31.465959
0.694881 18.524127 31.440127
1.157274 17.955823 30.871823
7.282041 3.461488 31.465959
7.307873 0.694881 31.440127
7.876177 1.157274 30.871823
20.198041 22.370512 44.381959
20.223873 25.137119 44.356127
20.792177 24.674726 43.787823
20.198041 3.461488 33.114041
20.223873 0.694881 33.139873
20.792177 1.157274 33.708177
22.370512 20.198041 33.114041
25.137119 20.223873 33.139873
24.674726 20.792177 33.708177
5.633959 22.370512 33.114041
5.608127 25.137119 33.139873
5.039823 24.674726 33.708177
3.461488 5.633959 33.114041
0.694881 5.608127 33.139873
1.157274 5.039823 33.708177
5.633959 3.461488 44.381959
5.608127 0.694881 44.356127
5.039823 1.157274 43.787823
22.370512 5.633959 44.381959
25.137119 5.608127 44.356127
24.674726 5.039823 43.787823
3.461488 20.198041 44.381959
0.694881 20.223873 44.356127
1.157274 20.792177 43.787823
7.579109 18.252891 44.084891
7.282041 18.549959 42.209488
6.458000 19.374000 41.623102
6.458000 19.374000 40.137762
7.307873 18.524127 39.442881
7.876177 17.955823 39.905274
20.198041 20.198041 42.209488
19.374000 19.374000 41.623102
19.374000 19.374000 40.137762
20.223873 20.223873 39.442881
20.792177 20.792177 39.905274
18.252891 7.579109 44.084891
18.549959 7.282041 42.209488
19.374000 6.458000 41.623102
19.374000 6.458000 40.137762
18.524127 7.307873 39.442881
17.955823 7.876177 39.905274
5.633959 5.633959 42.209488
6.458000 6.458000 41.623102
6.458000 6.458000 40.137762
5.608127 5.608127 39.442881
5.039823 5.039823 39.905274
7.579109 7.579109 33.411109
7.282041 7.282041 35.286512
6.458000 6.458000 35.872898
6.458000 6.458000 37.358238
7.307873 7.307873 38.053119
7.876177 7.876177 37.590726
5.633959 20.198041 35.286512
6.458000 19.374000 35.872898
6.458000 19.374000 37.358238
5.608127 20.223873 38.053119
5.039823 20.792177 37.590726
18.252891 18.252891 33.411109
18.549959 18.549959 35.286512
19.374000 19.374000 35.872898
19.374000 19.374000 37.358238
18.524127 18.524127 38.053119
17.955823 17.955823 37.590726
20.198041 5.633959 35.286512
19.374000 6.458000 35.872898
19.374000 6.458000 37.358238
20.223873 5.608127 38.053119
20.792177 5.039823 37.590726
18.252891 18.252891 44.084891
18.549959 16.377488 44.381959
19.374000 15.791102 45.206000
19.374000 14.305762 45.206000
18.524127 13.610881 44.356127
17.955823 14.073274 43.787823
7.579109 7.579109 44.084891
7.282041 9.454512 44.381959
6.458000 10.040898 45.206000
6.458000 11.526238 45.206000
7.307873 12.221119 44.356127
7.876177 11.758726 43.787823
7.579109 18.252891 33.411109
7.282041 16.377488 33.114041
6.458000 15.791102 32.290000
6.458000 14.305762 32.290000
7.307873 13.610881 33.139873
7.876177 14.073274 33.708177
18.252891 7.579109 33.411109
18.549959 9.454512 33.114041
19.374000 10.040898 32.290000
19.374000 11.526238 32.290000
18.524127 12.221119 33.139873
17.955823 11.758726 33.708177
5.633959 16.377488 46.030041
6.458000 15.791102 45.206000
6.458000 14.305762 45.206000
5.608127 13.610881 46.055873
5.039823 14.073274 46.624177
5.633959 9.454512 31.465959
6.458000 10.040898 32.290000
6.458000 11.526238 32.290000
5.608127 12.221119 31.440127
5.039823 11.758726 30.871823
20.198041 16.377488 31.465959
19.374000 15.791102 32.290000
19.374000 14.305762 32.290000
20.223873 13.610881 31.440127
20.792177 14.073274 30.871823
20.198041 9.454512 46.030041
19.374000 10.040898 45.206000
19.374000 11.526238 45.206000
20.223873 12.221119 46.055873
20.792177 11.758726 46.624177
18.549959 7.282041 35.286512
18.524127 7.307873 38.053119
17.955823 7.876177 37.590726
5.633959 5.633959 35.286512
5.608127 5.608127 38.053119
5.039823 5.039823 37.590726
7.282041 18.549959 35.286512
7.307873 18.524127 38.053119
7.876177 17.955823 37.590726
20.198041 20.198041 35.286512
20.223873 20.223873 38.053119
20.792177 20.792177 37.590726
18.549959 18.549959 42.209488
18.524127 18.524127 39.442881
17.955823 17.955823 39.905274
20.198041 5.633959 42.209488
20.223873 5.608127 39.442881
20.792177 5.039823 39.905274
7.282041 7.282041 42.209488
7.307873 7.307873 39.442881
7.876177 7.876177 39.905274
5.633959 20.198041 42.209488
5.608127 20.223873 39.442881
5.039823 20.792177 39.905274
7.282041 9.454512 33.114041
7.307873 12.221119 33.139873
7.876177 11.758726 33.708177
18.549959 16.377488 33.114041
18.524127 13.610881 33.139873
17.955823 14.073274 33.708177
18.549959 9.454512 44.381959
18.524127 12.221119 44.356127
17.955823 11.758726 43.787823
7.282041 16.377488 44.381959
7.307873 13.610881 44.356127
7.876177 14.073274 43.787823
20.198041 9.454512 31.465959
20.223873 12.221119 31.440127
20.792177 11.758726 30.871823
20.198041 16.377488 46.030041
20.223873 13.610881 46.055873
20.792177 14.073274 46.624177
5.633959 9.454512 46.030041
5.608127 12.221119 46.055873
5.039823 11.758726 46.624177
5.633959 16.377488 31.465959
5.608127 13.610881 31.440127
5.039823 14.073274 30.871823
16.377488 7.282041 44.381959
15.791102 6.458000 45.206000
14.305762 6.458000 45.206000
13.610881 7.307873 44.356127
14.073274 7.876177 43.787823
9.454512 18.549959 44.381959
10.040898 19.374000 45.206000
11.526238 19.374000 45.206000
12.221119 18.524127 44.356127
11.758726 17.955823 43.787823
16.377488 18.549959 33.114041
15.791102 19.374000 32.290000
14.305762 19.374000 32.290000
13.610881 18.524127 33.139873
14.073274 17.955823 33.708177
9.454512 7.282041 33.114041
10.040898 6.458000 32.290000
11.526238 6.458000 32.290000
12.221119 7.307873 33.139873
11.758726 7.876177 33.708177
16.377488 5.633959 31.465959
15.791102 6.458000 32.290000
14.305762 6.458000 32.290000
13.610881 5.608127 31.440127
14.073274 5.039823 30.871823
9.454512 20.198041 31.465959
10.040898 19.374000 32.290000
11.526238 19.374000 32.290000
12.221119 20.223873 31.440127
11.758726 20.792177 30.871823
16.377488 20.198041 46.030041
15.791102 19.374000 45.206000
14.305762 19.374000 45.206000
13.610881 20.223873 46.055873
14.073274 20.792177 46.624177
9.454512 5.633959 46.030041
10.040898 6.458000 45.206000
11.526238 6.458000 45.206000
12.221119 5.608127 46.055873
11.758726 5.039823 46.624177
9.454512 18.549959 33.114041
12.221119 18.524127 33.139873
11.758726 17.955823 33.708177
16.377488 7.282041 33.114041
13.610881 7.307873 33.139873
14.073274 7.876177 33.708177
9.454512 7.282041 44.381959
12.221119 7.307873 44.356127
11.758726 7.876177 43.787823
16.377488 18.549959 44.381959
13.610881 18.524127 44.356127
14.073274 17.955823 43.787823
9.454512 20.198041 46.030041
12.221119 20.223873 46.055873
11.758726 20.792177 46.624177
16.377488 5.633959 46.030041
13.610881 5.608127 46.055873
14.073274 5.039823 46.624177
9.454512 5.633959 31.465959
12.221119 5.608127 31.440127
11.758726 5.039823 30.871823
16.377488 20.198041 31.465959
13.610881 20.223873 31.440127
14.073274 20.792177 30.871823
7.579109 31.168891 5.336891
6.458000 32.290000 6.458000
7.282041 31.465959 3.461488
6.458000 32.290000 2.875102
6.458000 32.290000 1.389762
7.307873 31.440127 0.694881
7.876177 30.871823 1.157274
20.495109 33.411109 5.336891
19.374000 32.290000 6.458000
20.198041 33.114041 3.461488
19.374000 32.290000 2.875102
19.374000 32.290000 1.389762
20.223873 33.139873 0.694881
20.792177 33.708177 1.157274
18.252891 46.327109 5.336891
19.374000 45.206000 6.458000
18.549959 46.030041 3.461488
19.374000 45.206000 2.875102
19.374000 45.206000 1.389762
18.524127 46.055873 0.694881
17.955823 46.624177 1.157274
5.336891 44.084891 5.336891
6.458000 45.206000 6.458000
5.633959 44.381959 3.461488
6.458000 45.206000 2.875102
6.458000 45.206000 1.389762
5.608127 44.356127 0.694881
5.039823 43.787823 1.157274
7.579109 46.327109 20.495109
6.458000 45.206000 19.374000
7.282041 46.030041 22.370512
6.458000 45.206000 22.956898
6.458000 45.206000 24.442238
7.307873 46.055873 25.137119
7.876177 46.624177 24.674726
5.336891 33.411109 20.495109
6.458000 32.290000 19.374000
5.633959 33.114041 22.370512
6.458000 32.290000 22.956898
6.458000 32.290000 24.442238
5.608127 33.139873 25.137119
5.039823 33.708177 24.674726
18.252891 31.168891 20.495109
19.374000 32.290000 19.374000
18.549959 31.465959 22.370512
19.374000 32.290000 22.956898
19.374000 32.290000 24.442238
18.524127 31.440127 25.137119
17.955823 30.871823 24.674726
20.495109 44.084891 20.495109
19.374000 45.206000 19.374000
20.198041 44.381959 22.370512
19.374000 45.206000 22.956898
19.374000 45.206000 24.442238
20.223873 44.356127 25.137119
20.792177 43.787823 24.674726
5.336891 33.411109 5.336891
3.461488 33.114041 5.633959
2.875102 32.290000 6.458000
1.389762 32.290000 6.458000
0.694881 33.139873 5.608127
1.157274 33.708177 5.039823
18.252891 31.168891 5.336891
18.549959 29.293488 5.633959
19.374000 28.707102 6.458000
19.374000 27.221762 6.458000
18.524127 26.526881 5.608127
17.955823 26.989274 5.039823
20.495109 44.084891 5.336891
22.370512 44.381959 5.633959
22.956898 45.206000 6.458000
24.442238 45.206000 6.458000
25.137119 44.356127 5.608127
24.674726 43.787823 5.039823
7.579109 46.327109 5.336891
7.282041 48.202512 5.633959
6.458000 48.788898 6.458000
6.458000 50.274238 6.458000
7.307873 50.969119 5.608127
7.876177 50.506726 5.039823
5.336891 44.084891 20.495109
3.461488 44.381959 20.198041
2.875102 45.206000 19.374000
1.389762 45.206000 19.374000
0.694881 44.356127 20.223873
1.157274 43.787823 20.792177
7.579109 31.168891 20.495109
7.282041 29.293488 20.198041
6.458000 28.707102 19.374000
6.458000 27.221762 19.374000
7.307873 26.526881 20.223873
7.876177 26.989274 20.792177
20.495109 33.411109 20.495109
22.370512 33.114041 20.198041
22.956898 32.290000 19.374000
24.442238 32.290000 19.374000
25.137119 33.139873 20.223873
24.674726 33.708177 20.792177
18.252891 46.327109 20.495109
18.549959 48.202512 20.198041
19.374000 48.788898 19.374000
19.374000 50.274238 19.374000
18.524127 50.969119 20.223873
17.955823 50.506726 20.792177
5.336891 31.168891 7.579109
5.633959 29.293488 7.282041
6.458000 28.707102 6.458000
6.458000 27.221762 6.458000
5.608127 26.526881 7.307873
5.039823 26.989274 7.876177
5.336891 46.327109 18.252891
5.633959 48.202512 18.549959
6.458000 48.788898 19.374000
6.458000 50.274238 19.374000
5.608127 50.969119 18.524127
5.039823 50.506726 17.955823
5.336891 31.168891 18.252891
3.461488 31.465959 18.549959
2.875102 32.290000 19.374000
1.389762 32.290000 19.374000
0.694881 31.440127 18.524127
1.157274 30.871823 17.955823
20.495109 31.168891 18.252891
20.198041 29.293488 18.549959
19.374000 28.707102 19.374000
19.374000 27.221762 19.374000
20.223873 26.526881 18.524127
20.792177 26.989274 17.955823
20.495109 46.327109 18.252891
22.370512 46.030041 18.549959
22.956898 45.206000 19.374000
24.442238 45.206000 19.374000
25.137119 46.055873 18.524127
24.674726 46.624177 17.955823
20.495109 46.327109 7.579109
20.198041 48.202512 7.282041
19.374000 48.788898 6.458000
19.374000 50.274238 6.458000
20.223873 50.969119 7.307873
20.792177 50.506726 7.876177
5.336891 46.327109 7.579109
3.461488 46.030041 7.282041
2.875102 45.206000 6.458000
1.389762 45.206000 6.458000
0.694881 46.055873 7.307873
1.157274 46.624177 7.876177
20.495109 31.168891 7.579109
22.370512 31.465959 7.282041
22.956898 32.290000 6.458000
24.442238 32.290000 6.458000
25.137119 31.440127 7.307873
24.674726 30.871823 7.876177
18.549959 46.030041 22.370512
18.524127 46.055873 25.137119
17.955823 46.624177 24.674726
5.633959 44.381959 22.370512
5.608127 44.356127 25.137119
5.039823 43.787823 24.674726
7.282041 31.465959 22.370512
7.307873 31.440127 25.137119
7.876177 30.871823 24.674726
20.198041 33.114041 22.370512
20.223873 33.139873 25.137119
20.792177 33.708177 24.674726
18.549959 31.465959 3.461488
18.524127 31.440127 0.694881
17.955823 30.871823 1.157274
20.198041 44.381959 3.461488
20.223873 44.356127 0.694881
20.792177 43.787823 1.157274
7.282041 46.030041 3.461488
7.307873 46.055873 0.694881
7.876177 46.624177 1.157274
5.633959 33.114041 3.461488
5.608127 33.139873 0.694881
5.039823 33.708177 1.157274
22.370512 44.381959 20.198041
25.137119 44.356127 20.223873
24.674726 43.787823 20.792177
7.282041 48.202512 20.198041
7.307873 50.969119 20.223873
7.876177 50.506726 20.792177
3.461488 33.114041 20.198041
0.694881 33.139873 20.223873
1.157274 33.708177 20.792177
18.549959 29.293488 20.198041
18.524127 26.526881 20.223873
17.955823 26.989274 20.792177
22.370512 33.114041 5.633959
25.137119 33.139873 5.608127
24.674726 33.708177 5.039823
18.549959 48.202512 5.633959
18.524127 50.969119 5.608127
17.955823 50.506726 5.039823
3.461488 44.381959 5.633959
0.694881 44.356127 5.608127
1.157274 43.787823 5.039823
7.282041 29.293488 5.633959
7.307873 26.526881 5.608127
7.876177 26.989274 5.039823
20.198041 48.202512 18.549959
20.223873 50.969119 18.524127
20.792177 50.506726 17.955823
20.198041 29.293488 7.282041
20.223873 26.526881 7.307873
20.792177 26.989274 7.876177
22.370512 46.030041 7.282041
25.137119 46.055873 7.307873
24.674726 46.624177 7.876177
5.633959 48.202512 7.282041
5.608127 50.969119 7.307873
5.039823 50.506726 7.876177
3.461488 31.465959 7.282041
0.694881 31.440127 7.307873
1.157274 30.871823 7.876177
5.633959 29.293488 18.549959
5.608127 26.526881 18.524127
5.039823 26.989274 17.955823
22.370512 31.465959 18.549959
25.137119 31.440127 18.524127
24.674726 30.871823 17.955823
3.461488 46.030041 18.549959
0.694881 46.055873 18.524127
1.157274 46.624177 17.955823
7.579109 44.084891 18.252891
7.282041 44.381959 16.377488
6.458000 45.206000 15.791102
6.458000 45.206000 14.305762
7.307873 44.356127 13.610881
7.876177 43.787823 14.073274
20.198041 46.030041 16.377488
19.374000 45.206000 15.791102
19.374000 45.206000 14.305762
20.223873 46.055873 13.610881
20.792177 46.624177 14.073274
18.252891 33.411109 18.252891
18.549959 33.114041 16.377488
19.374000 32.290000 15.791102
19.374000 32.290000 14.305762
18.524127 33.139873 13.610881
17.955823 33.708177 14.073274
5.633959 31.465959 16.377488
6.458000 32.290000 15.791102
6.458000 32.290000 14.305762
5.608127 31.440127 13.610881
5.039823 30.871823 14.073274
7.579109 33.411109 7.579109
7.282041 33.114041 9.454512
6.458000 32.290000 10.040898
6.458000 32.290000 11.526238
7.307873 33.139873 12.221119
7.876177 33.708177 11.758726
5.633959 46.030041 9.454512
6.458000 45.206000 10.040898
6.458000 45.206000 11.526238
5.608127 46.055873 12.221119
5.039823 46.624177 11.758726
18.252891 44.084891 7.579109
18.549959 44.381959 9.454512
19.374000 45.206000 10.040898
19.374000 45.206000 11.526238
18.524127 44.356127 12.221119
17.955823 43.787823 11.758726
20.198041 31.465959 9.454512
19.374000 32.290000 10.040898
19.374000 32.290000 11.526238
20.223873 31.440127 12.221119
20.792177 30.871823 11.758726
18.252891 44.084891 18.252891
18.549959 42.209488 18.549959
19.374000 41.623102 19.374000
19.374000 40.137762 19.374000
18.524127 39.442881 18.524127
17.955823 39.905274 17.955823
7.579109 33.411109 18.252891
7.282041 35.286512 18.549959
6.458000 35.872898 19.374000
6.458000 37.358238 19.374000
7.307873 38.053119 18.524127
7.876177 37.590726 17.955823
7.579109 44.084891 7.579109
7.282041 42.209488 7.282041
6.458000 41.623102 6.458000
6.458000 40.137762 6.458000
7.307873 39.442881 7.307873
7.876177 39.905274 7.876177
18.252891 33.411109 7.579109
18.549959 35.286512 7.282041
19.374000 35.872898 6.458000
19.374000 37.358238 6.458000
18.524127 38.053119 7.307873
17.955823 37.590726 7.876177
5.633959 42.209488 20.198041
6.458000 41.623102 19.374000
6.458000 40.137762 19.374000
5.608127 39.442881 20.223873
5.039823 39.905274 20.792177
5.633959 35.286512 5.633959
6.458000 35.872898 6.458000
6.458000 37.358238 6.458000
5.608127 38.053119 5.608127
5.039823 37.590726 5.039823
20.198041 42.209488 5.633959
19.374000 41.623102 6.458000
19.374000 40.137762 6.458000
20.223873 39.442881 5.608127
20.792177 39.905274 5.039823
20.198041 35.286512 20.198041
19.374000 35.872898 19.374000
19.374000 37.358238 19.374000
20.223873 38.053119 20.223873
20.792177 37.590726 20.792177
18.549959 33.114041 9.454512
18.524127 33.139873 12.221119
17.955823 33.708177 11.758726
5.633959 31.465959 9.454512
5.608127 31.440127 12.221119
5.039823 30.871823 11.758726
7.282041 44.381959 9.454512
7.307873 44.356127 12.221119
7.876177 43.787823 11.758726
20.198041 46.030041 9.454512
20.223873 46.055873 12.221119
20.792177 46.624177 11.758726
18.549959 44.381959 16.377488
18.524127 44.356127 13.610881
17.955823 43.787823 14.073274
20.198041 31.465959 16.377488
20.223873 31.440127 13.610881
20.792177 30.871823 14.073274
7.282041 33.114041 16.377488
7.307873 33.139873 13.610881
7.876177 33.708177 14.073274
5.633959 46.030041 16.377488
5.608127 46.055873 13.610881
5.039823 46.624177 14.073274
7.282041 35.286512 7.282041
7.307873 38.053119 7.307873
7.876177 37.590726 7.876177
18.549959 42.209488 7.282041
18.524127 39.442881 7.307873
17.955823 39.905274 7.876177
18.549959 35.286512 18.549959
18.524127 38.053119 18.524127
17.955823 37.590726 17.955823
7.282041 42.209488 18.549959
7.307873 39.442881 18.524127
7.876177 39.905274 17.955823
20.198041 35.286512 5.633959
20.223873 38.053119 5.608127
20.792177 37.590726 5.039823
20.198041 42.209488 20.198041
20.223873 39.442881 20.223873
20.792177 39.905274 20.792177
5.633959 35.286512 20.198041
5.608127 38.053119 20.223873
5.039823 37.590726 20.792177
5.633959 42.209488 5.633959
5.608127 39.442881 5.608127
5.039823 39.905274 5.039823
16.377488 33.114041 18.549959
15.791102 32.290000 19.374000
14.305762 32.290000 19.374000
13.610881 33.139873 18.524127
14.073274 33.708177 17.955823
9.454512 44.381959 18.549959
10.040898 45.206000 19.374000
11.526238 45.206000 19.374000
12.221119 44.356127 18.524127
11.758726 43.787823 17.955823
16.377488 44.381959 7.282041
15.791102 45.206000 6.458000
14.305762 45.206000 6.458000
13.610881 44.356127 7.307873
14.073274 43.787823 7.876177
9.454512 33.114041 7.282041
10.040898 32.290000 6.458000
11.526238 32.290000 6.458000
12.221119 33.139873 7.307873
11.758726 33.708177 7.876177
16.377488 31.465959 5.633959
15.791102 32.290000 6.458000
14.305762 32.290000 6.458000
13.610881 31.440127 5.608127
14.073274 30.871823 5.039823
9.454512 46.030041 5.633959
10.040898 45.206000 6.458000
11.526238 45.206000 6.458000
12.221119 46.055873 5.608127
11.758726 46.624177 5.039823
16.377488 46.030041 20.198041
15.791102 45.206000 19.374000
14.305762 45.206000 19.374000
13.610881 46.055873 20.223873
14.073274 46.624177 20.792177
9.454512 31.465959 20.198041
10.040898 32.290000 19.374000
11.526238 32.290000 19.374000
12.221119 31.440127 20.223873
11.758726 30.871823 20.792177
9.454512 44.381959 7.282041
12.221119 44.356127 7.307873
11.758726 43.787823 7.876177
16.377488 33.114041 7.282041
13.610881 33.139873 7.307873
14.073274 33.708177 7.876177
9.454512 33.114041 18.549959
12.221119 33.139873 18.524127
11.758726 33.708177 17.955823
16.377488 44.381959 18.549959
13.610881 44.356127 18.524127
14.073274 43.787823 17.955823
9.454512 46.030041 20.198041
12.221119 46.055873 20.223873
11.758726 46.624177 20.792177
16.377488 31.465959 20.198041
13.610881 31.440127 20.223873
14.073274 30.871823 20.792177
9.454512 31.465959 5.633959
12.221119 31.440127 5.608127
11.758726 30.871823 5.039823
16.377488 46.030041 5.633959
13.610881 46.055873 5.608127
14.073274 46.624177 5.039823
7.579109 31.168891 31.168891
6.458000 32.290000 32.290000
7.282041 31.465959 29.293488
6.458000 32.290000 28.707102
6.458000 32.290000 27.221762
7.307873 31.440127 26.526881
7.876177 30.871823 26.989274
20.495109 33.411109 31.168891
19.374000 32.290000 32.290000
20.198041 33.114041 29.293488
19.374000 32.290000 28.707102
19.374000 32.290000 27.221762
20.223873 33.139873 26.526881
20.792177 33.708177 26.989274
18.252891 46.327109 31.168891
19.374000 45.206000 32.290000
18.549959 46.030041 29.293488
19.374000 45.206000 28.707102
19.374000 45.206000 27.221762
18.524127 46.055873 26.526881
17.955823 46.624177 26.989274
5.336891 44.084891 31.168891
6.458000 45.206000 32.290000
5.633959 44.381959 29.293488
6.458000 45.206000 28.707102
6.458000 45.206000 27.221762
5.608127 44.356127 26.526881
5.039823 43.787823 26.989274
7.579109 46.327109 46.327109
6.458000 45.206000 45.206000
7.282041 46.030041 48.202512
6.458000 45.206000 48.788898
6.458000 45.206000 50.274238
7.307873 46.055873 50.969119
7.876177 46.624177 50.506726
5.336891 33.411109 46.327109
6.458000 32.290000 45.206000
5.633959 33.114041 48.202512
6.458000 32.290000 48.788898
6.458000 32.290000 50.274238
5.608127 33.139873 50.969119
5.039823 33.708177 50.506726
18.252891 31.168891 46.327109
19.374000 32.290000 45.206000
18.549959 31.465959 48.202512
19.374000 32.290000 48.788898
19.374000 32.290000 50.274238
18.524127 31.440127 50.969119
17.955823 30.871823 50.506726
20.495109 44.084891 46.327109
19.374000 45.206000 45.206000
20.198041 44.381959 48.202512
19.374000 45.206000 48.788898
19.374000 45.206000 50.274238
20.223873 44.356127 50.969119
20.792177 43.787823 50.506726
5.336891 33.411109 31.168891
3.461488 33.114041 31.465959
2.875102 32.290000 32.290000
1.389762 32.290000 32.290000
0.694881 33.139873 31.440127
1.157274 33.708177 30.871823
18.252891 31.168891 31.168891
18.549959 29.293488 31.465959
19.374000 28.707102 32.290000
19.374000 27.221762 32.290000
18.524127 26.526881 31.440127
17.955823 26.989274 30.871823
20.495109 44.084891 31.168891
22.370512 44.381959 31.465959
22.956898 45.206000 32.290000
24.442238 45.206000 32.290000
25.137119 44.356127 31.440127
24.674726 43.787823 30.871823
7.579109 46.327109 31.168891
7.282041 48.202512 31.465959
6.458000 48.788898 32.290000
6.458000 50.274238 32.290000
7.307873 50.969119 31.440127
7.876177 50.506726 30.871823
5.336891 44.084891 46.327109
3.461488 44.381959 46.030041
2.875102 45.206000 45.206000
1.389762 45.206000 45.206000
0.694881 44.356127 46.055873
1.157274 43.787823 46.624177
7.579109 31.168891 46.327109
7.282041 29.293488 46.030041
6.458000 28.707102 45.206000
6.458000 27.221762 45.206000
7.307873 26.526881 46.055873
7.876177 26.989274 46.624177
20.495109 33.411109 46.327109
22.370512 33.114041 46.030041
22.956898 32.290000 45.206000
24.442238 32.290000 45.206000
25.137119 33.139873 46.055873
24.674726 33.708177 46.624177
18.252891 46.327109 46.327109
18.549959 48.202512 46.030041
19.374000 48.788898 45.206000
19.374000 50.274238 45.206000
18.524127 50.969119 46.055873
17.955823 50.506726 46.624177
5.336891 31.168891 33.411109
5.633959 29.293488 33.114041
6.458000 28.707102 32.290000
6.458000 27.221762 32.290000
5.608127 26.526881 33.139873
5.039823 26.989274 33.708177
5.336891 46.327109 44.084891
5.633959 48.202512 44.381959
6.458000 48.788898 45.206000
6.458000 50.274238 45.206000
5.608127 50.969119 44.356127
5.039823 50.506726 43.787823
5.336891 31.168891 44.084891
3.461488 31.465959 44.381959
2.875102 32.290000 45.206000
1.389762 32.290000 45.206000
0.694881 31.440127 44.356127
1.157274 30.871823 43.787823
20.495109 31.168891 44.084891
20.198041 29.293488 44.381959
19.374000 28.707102 45.206000
19.374000 27.221762 45.206000
20.223873 26.526881 44.356127
20.792177 26.989274 43.787823
20.495109 46.327109 44.084891
22.370512 46.030041 44.381959
22.956898 45.206000 45.206000
24.442238 45.206000 45.206000
25.137119 46.055873 44.356127
24.674726 46.624177 43.787823
20.495109 46.327109 33.411109
20.198041 48.202512 33.114041
19.374000 48.788898 32.290000
19.374000 50.274238 32.290000
20.223873 50.969119 33.139873
20.792177 50.506726 33.708177
5.336891 46.327109 33.411109
3.461488 46.030041 33.114041
2.875102 45.206000 32.290000
1.389762 45.206000 32.290000
0.694881 46.055873 33.139873
1.157274 46.624177 33.708177
20.495109 31.168891 33.411109
22.370512 31.465959 33.114041
22.956898 32.290000 32.290000
24.442238 32.290000 32.290000
25.137119 31.440127 33.139873
24.674726 30.871823 33.708177
18.549959 46.030041 48.202512
18.524127 46.055873 50.969119
17.955823 46.624177 50.506726
5.633959 44.381959 48.202512
5.608127 44.356127 50.969119
5.039823 43.787823 50.506726
7.282041 31.465959 48.202512
7.307873 31.440127 50.969119
7.876177 30.871823 50.506726
20.198041 33.114041 48.202512
20.223873 33.139873 50.969119
20.792177 33.708177 50.506726
18.549959 31.465959 29.293488
18.524127 31.440127 26.526881
17.955823 30.871823 26.989274
20.198041 44.381959 29.293488
20.223873 44.356127 26.526881
20.792177 43.787823 26.989274
7.282041 46.030041 29.293488
7.307873 46.055873 26.526881
7.876177 46.624177 26.989274
5.633959 33.114041 29.293488
5.608127 33.139873 26.526881
5.039823 33.708177 26.989274
22.370512 44.381959 46.030041
25.137119 44.356127 46.055873
24.674726 43.787823 46.624177
7.282041 48.202512 46.030041
7.307873 50.969119 46.055873
7.876177 50.506726 46.624177
3.461488 33.114041 46.030041
0.694881 33.139873 46.055873
1.157274 33.708177 46.624177
18.549959 29.293488 46.030041
18.524127 26.526881 46.055873
17.955823 26.989274 46.624177
22.370512 33.114041 31.465959
25.137119 33.139873 31.440127
24.674726 33.708177 30.871823
18.549959 48.202512 31.465959
18.524127 50.969119 31.440127
17.955823 50.506726 30.871823
3.461488 44.381959 31.465959
0.694881 44.356127 31.440127
1.157274 43.787823 30.871823
7.282041 29.293488 31.465959
7.307873 26.526881 31.440127
7.876177 26.989274 30.871823
20.198041 48.202512 44.381959
20.223873 50.969119 44.356127
20.792177 50.506726 43.787823
20.198041 29.293488 33.114041
20.223873 26.526881 33.139873
20.792177 26.989274 33.708177
22.370512 46.030041 33.114041
25.137119 46.055873 33.139873
24.674726 46.624177 33.708177
5.633959 48.202512 33.114041
5.608127 50.969119 33.139873
5.039823 50.506726 33.708177
3.461488 31.465959 33.114041
0.694881 31.440127 33.139873
1.157274 30.871823 33.708177
5.633959 29.293488 44.381959
5.608127 26.526881 44.356127
5.039823 26.989274 43.787823
22.370512 31.465959 44.381959
25.137119 31.440127 44.356127
24.674726 30.871823 43.787823
3.461488 46.030041 44.381959
0.694881 46.055873 44.356127
1.157274 46.624177 43.787823
7.579109 44.084891 44.084891
7.282041 44.381959 42.209488
6.458000 45.206000 41.623102
6.458000 45.206000 40.137762
7.307873 44.356127 39.442881
7.876177 43.787823 39.905274
20.198041 46.030041 42.209488
19.374000 45.206000 41.623102
19.374000 45.206000 40.137762
20.223873 46.055873 39.442881
20.792177 46.624177 39.905274
18.252891 33.411109 44.084891
18.549959 33.114041 42.209488
19.374000 32.290000 41.623102
19.374000 32.290000 40.137762
18.524127 33.139873 39.442881
17.955823 33.708177 39.905274
5.633959 31.465959 42.209488
6.458000 32.290000 41.623102
6.458000 32.290000 40.137762
5.608127 31.440127 39.442881
5.039823 30.871823 39.905274
7.579109 33.411109 33.411109
7.282041 33.114041 35.286512
6.458000 32.290000 35.872898
6.458000 32.290000 37.358238
7.307873 33.139873 38.053119
7.876177 33.708177 37.590726
5.633959 46.030041 35.286512
6.458000 45.206000 35.872898
6.458000 45.206000 37.358238
5.608127 46.055873 38.053119
5.039823 46.624177 37.590726
18.252891 44.084891 33.411109
18.549959 44.381959 35.286512
19.374000 45.206000 35.872898
19.374000 45.206000 37.358238
18.524127 44.356127 38.053119
17.955823 43.787823 37.590726
20.198041 31.465959 35.286512
19.374000 32.290000 35.872898
19.374000 32.290000 37.358238
20.223873 31.440127 38.053119
20.792177 30.871823 37.590726
18.252891 44.084891 44.084891
18.549959 42.209488 44.381959
19.374000 41.623102 45.206000
19.374000 40.137762 45.206000
18.524127 39.442881 44.356127
17.955823 39.905274 43.787823
7.579109 33.411109 44.084891
7.282041 35.286512 44.381959
6.458000 35.872898 45.206000
6.458000 37.358238 45.206000
7.307873 38.053119 44.356127
7.876177 37.590726 43.787823
7.579109 44.084891 33.411109
7.282041 42.209488 33.114041
6.458000 41.623102 32.290000
6.458000 40.137762 32.290000
7.307873 39.442881 33.139873
7.876177 39.905274 33.708177
18.252891 33.411109 33.411109
18.549959 35.286512 33.114041
19.374000 35.872898 32.290000
19.374000 37.358238 32.290000
18.524127 38.053119 33.139873
17.955823 37.590726 33.708177
5.633959 42.209488 46.030041
6.458000 41.623102 45.206000
6.458000 40.137762 45.206000
5.608127 39.442881 46.055873
5.039823 39.905274 46.624177
5.633959 35.286512 31.465959
6.458000 35.872898 32.290000
6.458000 37.358238 32.290000
5.608127 38.053119 31.440127
5.039823 37.590726 30.871823
20.198041 42.209488 31.465959
19.374000 41.623102 32.290000
19.374000 40.137762 32.290000
20.223873 39.442881 31.440127
20.792177 39.905274 30.871823
20.198041 35.286512 46.030041
19.374000 35.872898 45.206000
19.374000 37.358238 45.206000
20.223873 38.053119 46.055873
20.792177 37.590726 46.624177
18.549959 33.114041 35.286512
18.524127 33.139873 38.053119
17.955823 33.708177 37.590726
5.633959 31.465959 35.286512
5.608127 31.440127 38.053119
5.039823 30.871823 37.590726
7.282041 44.381959 35.286512
7.307873 44.356127 38.053119
7.876177 43.787823 37.590726
20.198041 46.030041 35.286512
20.223873 46.055873 38.053119
20.792177 46.624177 37.590726
18.549959 44.381959 42.209488
18.524127 44.356127 39.442881
17.955823 43.787823 39.905274
20.198041 31.465959 42.209488
20.223873 31.440127 39.442881
20.792177 30.871823 39.905274
7.282041 33.114041 42.209488
7.307873 33.139873 39.442881
7.876177 33.708177 39.905274
5.633959 46.030041 42.209488
5.608127 46.055873 39.442881
5.039823 46.624177 39.905274
7.282041 35.286512 33.114041
7.307873 38.053119 33.139873
7.876177 37.590726 33.708177
18.549959 42.209488 33.114041
18.524127 39.442881 33.139873
17.955823 39.905274 33.708177
18.549959 35.286512 44.381959
18.524127 38.053119 44.356127
17.955823 37.590726 43.787823
7.282041 42.209488 44.381959
7.307873 39.442881 44.356127
7.876177 39.905274 43.787823
20.198041 35.286512 31.465959
20.223873 38.053119 31.440127
20.792177 37.590726 30.871823
20.198041 42.209488 46.030041
20.223873 39.442881 46.055873
20.792177 39.905274 46.624177
5.633959 35.286512 46.030041
5.608127 38.053119 46.055873
5.039823 37.590726 46.624177
5.633959 42.209488 31.465959
5.608127 39.442881 31.440127
5.039823 39.905274 30.871823
16.377488 33.114041 44.381959
15.791102 32.290000 45.206000
14.305762 32.290000 45.206000
13.610881 33.139873 44.356127
14.073274 33.708177 43.787823
9.454512 44.381959 44.381959
10.040898 45.206000 45.206000
11.526238 45.206000 45.206000
12.221119 44.356127 44.356127
11.758726 43.787823 43.787823
16.377488 44.381959 33.114041
15.791102 45.206000 32.290000
14.305762 45.206000 32.290000
13.610881 44.356127 33.139873
14.073274 43.787823 33.708177
9.454512 33.114041 33.114041
10.040898 32.290000 32.290000
11.526238 32.290000 32.290000
12.221119 33.139873 33.139873
11.758726 33.708177 33.708177
16.377488 31.465959 31.465959
15.791102 32.290000 32.290000
14.305762 32.290000 32.290000
13.610881 31.440127 31.440127
14.073274 30.871823 30.871823
9.454512 46.030041 31.465959
10.040898 45.206000 32.290000
11.526238 45.206000 32.290000
12.221119 46.055873 31.440127
11.758726 46.624177 30.871823
16.377488 46.030041 46.030041
15.791102 45.206000 45.206000
14.305762 45.206000 45.206000
13.610881 46.055873 46.055873
14.073274 46.624177 46.624177
9.454512 31.465959 46.030041
10.040898 32.290000 45.206000
11.526238 32.290000 45.206000
12.221119 31.440127 46.055873
11.758726 30.871823 46.624177
9.454512 44.381959 33.114041
12.221119 44.356127 33.139873
11.758726 43.787823 33.708177
16.377488 33.114041 33.114041
13.610881 33.139873 33.139873
14.073274 33.708177 33.708177
9.454512 33.114041 44.381959
12.221119 33.139873 44.356127
11.758726 33.708177 43.787823
16.377488 44.381959 44.381959
13.610881 44.356127 44.356127
14.073274 43.787823 43.787823
9.454512 46.030041 46.030041
12.221119 46.055873 46.055873
11.758726 46.624177 46.624177
16.377488 31.465959 46.030041
13.610881 31.440127 46.055873
14.073274 30.871823 46.624177
9.454512 31.465959 31.465959
12.221119 31.440127 31.440127
11.758726 30.871823 30.871823
16.377488 46.030041 31.465959
13.610881 46.055873 31.440127
14.073274 46.624177 30.871823
33.411109 5.336891 5.336891
32.290000 6.458000 6.458000
33.114041 5.633959 3.461488
32.290000 6.458000 2.875102
32.290000 6.458000 1.389762
33.139873 5.608127 0.694881
33.708177 5.039823 1.157274
46.327109 7.579109 5.336891
45.206000 6.458000 6.458000
46.030041 7.282041 3.461488
45.206000 6.458000 2.875102
45.206000 6.458000 1.389762
46.055873 7.307873 0.694881
46.624177 7.876177 1.157274
44.084891 20.495109 5.336891
45.206000 19.374000 6.458000
44.381959 20.198041 3.461488
45.206000 19.374000 2.875102
45.206000 19.374000 1.389762
44.356127 20.223873 0.694881
43.787823 20.792177 1.157274
31.168891 18.252891 5.336891
32.290000 19.374000 6.458000
31.465959 18.549959 3.461488
32.290000 19.374000 2.875102
32.290000 19.374000 1.389762
31.440127 18.524127 0.694881
30.871823 17.955823 1.157274
33.411109 20.495109 20.495109
32.290000 19.374000 19.374000
33.114041 20.198041 22.370512
32.290000 19.374000 22.956898
32.290000 19.374000 24.442238
33.139873 20.223873 25.137119
33.708177 20.792177 24.674726
31.168891 7.579109 20.495109
32.290000 6.458000 19.374000
31.465959 7.282041 22.370512
32.290000 6.458000 22.956898
32.290000 6.458000 24.442238
31.440127 7.307873 25.137119
30.871823 7.876177 24.674726
44.084891 5.336891 20.495109
45.206000 6.458000 19.374000
44.381959 5.633959 22.370512
45.206000 6.458000 22.956898
45.206000 6.458000 24.442238
44.356127 5.608127 25.137119
43.787823 5.039823 24.674726
46.327109 18.252891 20.495109
45.206000 19.374000 19.374000
46.030041 18.549959 22.370512
45.206000 19.374000 22.956898
45.206000 19.374000 24.442238
46.055873 18.524127 25.137119
46.624177 17.955823 24.674726
31.168891 7.579109 5.336891
29.293488 7.282041 5.633959
28.707102 6.458000 6.458000
27.221762 6.458000 6.458000
26.526881 7.307873 5.608127
26.989274 7.876177 5.039823
44.084891 5.336891 5.336891
44.381959 3.461488 5.633959
45.206000 2.875102 6.458000
45.206000 1.389762 6.458000
44.356127 0.694881 5.608127
43.787823 1.157274 5.039823
46.327109 18.252891 5.336891
48.202512 18.549959 5.633959
48.788898 19.374000 6.458000
50.274238 19.374000 6.458000
50.969119 18.524127 5.608127
50.506726 17.955823 5.039823
33.411109 20.495109 5.336891
33.114041 22.370512 5.633959
32.290000 22.956898 6.458000
32.290000 24.442238 6.458000
33.139873 25.137119 5.608127
33.708177 24.674726 5.039823
31.168891 18.252891 20.495109
29.293488 18.549959 20.198041
28.707102 19.374000 19.374000
27.221762 19.374000 19.374000
26.526881 18.524127 20.223873
26.989274 17.955823 20.792177
33.411109 5.336891 20.495109
33.114041 3.461488 20.198041
32.290000 2.875102 19.374000
32.290000 1.389762 19.374000
33.139873 0.694881 20.223873
33.708177 1.157274 20.792177
46.327109 7.579109 20.495109
48.202512 7.282041 20.198041
48.788898 6.458000 19.374000
50.274238 6.458000 19.374000
50.969119 7.307873 20.223873
50.506726 7.876177 20.792177
44.084891 20.495109 20.495109
44.381959 22.370512 20.198041
45.206000 22.956898 19.374000
45.206000 24.442238 19.374000
44.356127 25.137119 20.223873
43.787823 24.674726 20.792177
31.168891 5.336891 7.579109
31.465959 3.461488 7.282041
32.290000 2.875102 6.458000
32.290000 1.389762 6.458000
31.440127 0.694881 7.307873
30.871823 1.157274 7.876177
31.168891 20.495109 18.252891
31.465959 22.370512 18.549959
32.290000 22.956898 19.374000
32.290000 24.442238 19.374000
31.440127 25.137119 18.524127
30.871823 24.674726 17.955823
31.168891 5.336891 18.252891
29.293488 5.633959 18.549959
28.707102 6.458000 19.374000
27.221762 6.458000 19.374000
26.526881 5.608127 18.524127
26.989274 5.039823 17.955823
46.327109 5.336891 18.252891
46.030041 3.461488 18.549959
45.206000 2.875102 19.374000
45.206000 1.389762 19.374000
46.055873 0.694881 18.524127
46.624177 1.157274 17.955823
46.327109 20.495109 18.252891
48.202512 20.198041 18.549959
48.788898 19.374000 19.374000
50.274238 19.374000 19.374000
50.969119 20.223873 18.524127
50.506726 20.792177 17.955823
46.327109 20.495109 7.579109
46.030041 22.370512 7.282041
45.206000 22.956898 6.458000
45.206000 24.442238 6.458000
46.055873 25.137119 7.307873
46.624177 24.674726 7.876177
31.168891 20.495109 7.579109
29.293488 20.198041 7.282041
28.707102 19.374000 6.458000
27.221762 19.374000 6.458000
26.526881 20.223873 7.307873
26.989274 20.792177 7.876177
46.327109 5.336891 7.579109
48.202512 5.633959 7.282041
48.788898 6.458000 6.458000
50.274238 6.458000 6.458000
50.969119 5.608127 7.307873
50.506726 5.039823 7.876177
44.381959 20.198041 22.370512
44.356127 20.223873 25.137119
43.787823 20.792177 24.674726
31.465959 18.549959 22.370512
31.440127 18.524127 25.137119
30.871823 17.955823 24.674726
33.114041 5.633959 22.370512
33.139873 5.608127 25.137119
33.708177 5.039823 24.674726
46.030041 7.282041 22.370512
46.055873 7.307873 25.137119
46.624177 7.876177 24.674726
44.381959 5.633959 3.461488
44.356127 5.608127 0.694881
43.787823 5.039823 1.157274
46.030041 18.549959 3.461488
46.055873 18.524127 0.694881
46.624177 17.955823 1.157274
33.114041 20.198041 3.461488
33.139873 20.223873 0.694881
33.708177 20.792177 1.157274
31.465959 7.282041 3.461488
31.440127 7.307873 0.694881
30.871823 7.876177 1.157274
48.202512 18.549959 20.198041
50.969119 18.524127 20.223873
50.506726 17.955823 20.792177
33.114041 22.370512 20.198041
33.139873 25.137119 20.223873
33.708177 24.674726 20.792177
29.293488 7.282041 20.198041
26.526881 7.307873 20.223873
26.989274 7.876177 20.792177
44.381959 3.461488 20.198041
44.356127 0.694881 20.223873
43.787823 1.157274 20.792177
48.202512 7.282041 5.633959
50.969119 7.307873 5.608127
50.506726 7.876177 5.039823
44.381959 22.370512 5.633959
44.356127 25.137119 5.608127
43.787823 24.674726 5.039823
29.293488 18.549959 5.633959
26.526881 18.524127 5.608127
26.989274 17.955823 5.039823
33.114041 3.461488 5.633959
33.139873 0.694881 5.608127
33.708177 1.157274 5.039823
46.030041 22.370512 18.549959
46.055873 25.137119 18.524127
46.624177 24.674726 17.955823
46.030041 3.461488 7.282041
46.055873 0.694881 7.307873
46.624177 1.157274 7.876177
48.202512 20.198041 7.282041
50.969119 20.223873 7.307873
50.506726 20.792177 7.876177
31.465959 22.370512 7.282041
31.440127 25.137119 7.307873
30.871823 24.674726 7.876177
29.293488 5.633959 7.282041
26.526881 5.608127 7.307873
26.989274 5.039823 7.876177
31.465959 3.461488 18.549959
31.440127 0.694881 18.524127
30.871823 1.157274 17.955823
48.202512 5.633959 18.549959
50.969119 5.608127 18.524127
50.506726 5.039823 17.955823
29.293488 20.198041 18.549959
26.526881 20.223873 18.524127
26.989274 20.792177 17.955823
33.411109 18.252891 18.252891
33.114041 18.549959 16.377488
32.290000 19.374000 15.791102
32.290000 19.374000 14.305762
33.139873 18.524127 13.610881
33.708177 17.955823 14.073274
46.030041 20.198041 16.377488
45.206000 19.374000 15.791102
45.206000 19.374000 14.305762
46.055873 20.223873 13.610881
46.624177 20.792177 14.073274
44.084891 7.579109 18.252891
44.381959 7.282041 16.377488
45.206000 6.458000 15.791102
45.206000 6.458000 14.305762
44.356127 7.307873 13.610881
43.787823 7.876177 14.073274
31.465959 5.633959 16.377488
32.290000 6.458000 15.791102
32.290000 6.458000 14.305762
31.440127 5.608127 13.610881
30.871823 5.039823 14.073274
33.411109 7.579109 7.579109
33.114041 7.282041 9.454512
32.290000 6.458000 10.040898
32.290000 6.458000 11.526238
33.139873 7.307873 12.221119
33.708177 7.876177 11.758726
31.465959 20.198041 9.454512
32.290000 19.374000 10.040898
32.290000 19.374000 11.526238
31.440127 20.223873 12.221119
30.871823 20.792177 11.758726
44.084891 18.252891 7.579109
44.381959 18.549959 9.454512
45.206000 19.374000 10.040898
45.206000 19.374000 11.526238
44.356127 18.524127 12.221119
43.787823 17.955823 11.758726
46.030041 5.633959 9.454512
45.206000 6.458000 10.040898
45.206000 6.458000 11.526238
46.055873 5.608127 12.221119
46.624177 5.039823 11.758726
44.084891 18.252891 18.252891
44.381959 16.377488 18.549959
45.206000 15.791102 19.374000
45.206000 14.305762 19.374000
44.356127 13.610881 18.524127
43.787823 14.073274 17.955823
33.411109 7.579109 18.252891
33.114041 9.454512 18.549959
32.290000 10.040898 19.374000
32.290000 11.526238 19.374000
33.139873 12.221119 18.524127
33.708177 11.758726 17.955823
33.411109 18.252891 7.579109
33.114041 16.377488 7.282041
32.290000 15.791102 6.458000
32.290000 14.305762 6.458000
33.139873 13.610881 7.307873
33.708177 14.073274 7.876177
44.084891 7.579109 7.579109
44.381959 9.454512 7.282041
45.206000 10.040898 6.458000
45.206000 11.526238 6.458000
44.356127 12.221119 7.307873
43.787823 11.758726 7.876177
31.465959 16.377488 20.198041
32.290000 15.791102 19.374000
32.290000 14.305762 19.374000
31.440127 13.610881 20.223873
30.871823 14.073274 20.792177
31.465959 9.454512 5.633959
32.290000 10.040898 6.458000
32.290000 11.526238 6.458000
31.440127 12.221119 5.608127
30.871823 11.758726 5.039823
46.030041 16.377488 5.633959
45.206000 15.791102 6.458000
45.206000 14.305762 6.458000
46.055873 13.610881 5.608127
46.624177 14.073274 5.039823
46.030041 9.454512 20.198041
45.206000 10.040898 19.374000
45.206000 11.526238 19.374000
46.055873 12.221119 20.223873
46.624177 11.758726 20.792177
44.381959 7.282041 9.454512
44.356127 7.307873 12.221119
43.787823 7.876177 11.758726
31.465959 5.633959 9.454512
31.440127 5.608127 12.221119
30.871823 5.039823 11.758726
33.114041 18.549959 9.454512
33.139873 18.524127 12.221119
33.708177 17.955823 11.758726
46.030041 20.198041 9.454512
46.055873 20.223873 12.221119
46.624177 20.792177 11.758726
44.381959 18.549959 16.377488
44.356127 18.524127 13.610881
43.787823 17.955823 14.073274
46.030041 5.633959 16.377488
46.055873 5.608127 13.610881
46.624177 5.039823 14.073274
33.114041 7.282041 16.377488
33.139873 7.307873 13.610881
33.708177 7.876177 14.073274
31.465959 20.198041 16.377488
31.440127 20.223873 13.610881
30.871823 20.792177 14.073274
33.114041 9.454512 7.282041
33.139873 12.221119 7.307873
33.708177 11.758726 7.876177
44.381959 16.377488 7.282041
44.356127 13.610881 7.307873
43.787823 14.073274 7.876177
44.381959 9.454512 18.549959
44.356127 12.221119 18.524127
43.787823 11.758726 17.955823
33.114041 16.377488 18.549959
33.139873 13.610881 18.524127
33.708177 14.073274 17.955823
46.030041 9.454512 5.633959
46.055873 12.221119 5.608127
46.624177 11.758726 5.039823
46.030041 16.377488 20.198041
46.055873 13.610881 20.223873
46.624177 14.073274 20.792177
31.465959 9.454512 20.198041
31.440127 12.221119 20.223873
30.871823 11.758726 20.792177
31.465959 16.377488 5.633959
31.440127 13.610881 5.608127
30.871823 14.073274 5.039823
42.209488 7.282041 18.549959
41.623102 6.458000 19.374000
40.137762 6.458000 19.374000
39.442881 7.307873 18.524127
39.905274 7.876177 17.955823
35.286512 18.549959 18.549959
35.872898 19.374000 19.374000
37.358238 19.374000 19.374000
38.053119 18.524127 18.524127
37.590726 17.955823 17.955823
42.209488 18.549959 7.282041
41.623102 19.374000 6.458000
40.137762 19.374000 6.458000
39.442881 18.524127 7.307873
39.905274 17.955823 7.876177
35.286512 7.282041 7.282041
35.872898 6.458000 6.458000
37.358238 6.458000 6.458000
38.053119 7.307873 7.307873
37.590726 7.876177 7.876177
42.209488 5.633959 5.633959
41.623102 6.458000 6.458000
40.137762 6.458000 6.458000
39.442881 5.608127 5.608127
39.905274 5.039823 5.039823
35.286512 20.198041 5.633959
35.872898 19.374000 6.458000
37.358238 19.374000 6.458000
38.053119 20.223873 5.608127
37.590726 20.792177 5.039823
42.209488 20.198041 20.198041
41.623102 19.374000 19.374000
40.137762 19.374000 19.374000
39.442881 20.223873 20.223873
39.905274 20.792177 20.792177
35.286512 5.633959 20.198041
35.872898 6.458000 19.374000
37.358238 6.458000 19.374000
38.053119 5.608127 20.223873
37.590726 5.039823 20.792177
35.286512 18.549959 7.282041
38.053119 18.524127 7.307873
37.590726 17.955823 7.876177
42.209488 7.282041 7.282041
39.442881 7.307873 7.307873
39.905274 7.876177 7.876177
35.286512 7.282041 18.549959
38.053119 7.307873 18.524127
37.590726 7.876177 17.955823
42.209488 18.549959 18.549959
39.442881 18.524127 18.524127
39.905274 17.955823 17.955823
35.286512 20.198041 20.198041
38.053119 20.223873 20.223873
37.590726 20.792177 20.792177
42.209488 5.633959 20.198041
39.442881 5.608127 20.223873
39.905274 5.039823 20.792177
35.286512 5.633959 5.633959
38.053119 5.608127 5.608127
37.590726 5.039823 5.039823
42.209488 20.198041 5.633959
39.442881 20.223873 5.608127
39.905274 20.792177 5.039823
33.411109 5.336891 31.168891
32.290000 6.458000 32.290000
33.114041 5.633959 29.293488
32.290000 6.458000 28.707102
32.290000 6.458000 27.221762
33.139873 5.608127 26.526881
33.708177 5.039823 26.989274
46.327109 7.579109 31.168891
45.206000 6.458000 32.290000
46.030041 7.282041 29.293488
45.206000 6.458000 28.707102
45.206000 6.458000 27.221762
46.055873 7.307873 26.526881
46.624177 7.876177 26.989274
44.084891 20.495109 31.168891
45.206000 19.374000 32.290000
44.381959 20.198041 29.293488
45.206000 19.374000 28.707102
45.206000 19.374000 27.221762
44.356127 20.223873 26.526881
43.787823 20.792177 26.989274
31.168891 18.252891 31.168891
32.290000 19.374000 32.290000
31.465959 18.549959 29.293488
32.290000 19.374000 28.707102
32.290000 19.374000 27.221762
31.440127 18.524127 26.526881
30.871823 17.955823 26.989274
33.411109 20.495109 46.327109
32.290000 19.374000 45.206000
33.114041 20.198041 48.202512
32.290000 19.374000 48.788898
32.290000 19.374000 50.274238
33.139873 20.223873 50.969119
33.708177 20.792177 50.506726
31.168891 7.579109 46.327109
32.290000 6.458000 45.206000
31.465959 7.282041 48.202512
32.290000 6.458000 48.788898
32.290000 6.458000 50.274238
31.440127 7.307873 50.969119
30.871823 7.876177 50.506726
44.084891 5.336891 46.327109
45.206000 6.458000 45.206000
44.381959 5.633959 48.202512
45.206000 6.458000 48.788898
45.206000 6.458000 50.274238
44.356127 5.608127 50.969119
43.787823 5.039823 50.506726
46.327109 18.252891 46.327109
45.206000 19.374000 45.206000
46.030041 18.549959 48.202512
45.206000 19.374000 48.788898
45.206000 19.374000 50.274238
46.055873 18.524127 50.969119
46.624177 17.955823 50.506726
31.168891 7.579109 31.168891
29.293488 7.282041 31.465959
28.707102 6.458000 32.290000
27.221762 6.458000 32.290000
26.526881 7.307873 31.440127
26.989274 7.876177 30.871823
44.084891 5.336891 31.168891
44.381959 3.461488 31.465959
45.206000 2.875102 32.290000
45.206000 1.389762 32.290000
44.356127 0.694881 31.440127
43.787823 1.157274 30.871823
46.327109 18.252891 31.168891
48.202512 18.549959 31.465959
48.788898 19.374000 32.290000
50.274238 19.374000 32.290000
50.969119 18.524127 31.440127
50.506726 17.955823 30.871823
33.411109 20.495109 31.168891
33.114041 22.370512 31.465959
32.290000 22.956898 32.290000
32.290000 24.442238 32.290000
33.139873 25.137119 31.440127
33.708177 24.674726 30.871823
31.168891 18.252891 46.327109
29.293488 18.549959 46.030041
28.707102 19.374000 45.206000
27.221762 19.374000 45.206000
26.526881 18.524127 46.055873
26.989274 17.955823 46.624177
33.411109 5.336891 46.327109
33.114041 3.461488 46.030041
32.290000 2.875102 45.206000
32.290000 1.389762 45.206000
33.139873 0.694881 46.055873
33.708177 1.157274 46.624177
46.327109 7.579109 46.327109
48.202512 7.282041 46.030041
48.788898 6.458000 45.206000
50.274238 6.458000 45.206000
50.969119 7.307873 46.055873
50.506726 7.876177 46.624177
44.084891 20.495109 46.327109
44.381959 22.370512 46.030041
45.206000 22.956898 45.206000
45.206000 24.442238 45.206000
44.356127 25.137119 46.055873
43.787823 24.674726 46.624177
31.168891 5.336891 33.411109
31.465959 3.461488 33.114041
32.290000 2.875102 32.290000
32.290000 1.389762 32.290000
31.440127 0.694881 33.139873
30.871823 1.157274 33.708177
31.168891 20.495109 44.084891
31.465959 22.370512 44.381959
32.290000 22.956898 45.206000
32.290000 24.442238 45.206000
31.440127 25.137119 44.356127
30.871823 24.674726 43.787823
31.168891 5.336891 44.084891
29.293488 5.633959 44.381959
28.707102 6.458000 45.206000
27.221762 6.458000 45.206000
26.526881 5.608127 44.356127
26.989274 5.039823 43.787823
46.327109 5.336891 44.084891
46.030041 3.461488 44.381959
45.206000 2.875102 45.206000
45.206000 1.389762 45.206000
46.055873 0.694881 44.356127
46.624177 1.157274 43.787823
46.327109 20.495109 44.084891
48.202512 20.198041 44.381959
48.788898 19.374000 45.206000
50.274238 19.374000 45.206000
50.969119 20.223873 44.356127
50.506726 20.792177 43.787823
46.327109 20.495109 33.411109
46.030041 22.370512 33.114041
45.206000 22.956898 32.290000
45.206000 24.442238 32.290000
46.055873 25.137119 33.139873
46.624177 24.674726 33.708177
31.168891 20.495109 33.411109
29.293488 20.198041 33.114041
28.707102 19.374000 32.290000
27.221762 19.374000 32.290000
26.526881 20.223873 33.139873
26.989274 20.792177 33.708177
46.327109 5.336891 33.411109
48.202512 5.633959 33.114041
48.788898 6.458000 32.290000
50.274238 6.458000 32.290000
50.969119 5.608127 33.139873
50.506726 5.039823 33.708177
44.381959 20.198041 48.202512
44.356127 20.223873 50.969119
43.787823 20.792177 50.506726
31.465959 18.549959 48.202512
31.440127 18.524127 50.969119
30.871823 17.955823 50.506726
33.114041 5.633959 48.202512
33.139873 5.608127 50.969119
33.708177 5.039823 50.506726
46.030041 7.282041 48.202512
46.055873 7.307873 50.969119
46.624177 7.876177 50.506726
44.381959 5.633959 29.293488
44.356127 5.608127 26.526881
43.787823 5.039823 26.989274
46.030041 18.549959 29.293488
46.055873 18.524127 26.526881
46.624177 17.955823 26.989274
33.114041 20.198041 29.293488
33.139873 20.223873 26.526881
33.708177 20.792177 26.989274
31.465959 7.282041 29.293488
31.440127 7.307873 26.526881
30.871823 7.876177 26.989274
48.202512 18.549959 46.030041
50.969119 18.524127 46.055873
50.506726 17.955823 46.624177
33.114041 22.370512 46.030041
33.139873 25.137119 46.055873
33.708177 24.674726 46.624177
29.293488 7.282041 46.030041
26.526881 7.307873 46.055873
26.989274 7.876177 46.624177
44.381959 3.461488 46.030041
44.356127 0.694881 46.055873
43.787823 1.157274 46.624177
48.202512 7.282041 31.465959
50.969119 7.307873 31.440127
50.506726 7.876177 30.871823
44.381959 22.370512 31.465959
44.356127 25.137119 31.440127
43.787823 24.674726 30.871823
29.293488 18.549959 31.465959
26.526881 18.524127 31.440127
26.989274 17.955823 30.871823
33.114041 3.461488 31.465959
33.139873 0.694881 31.440127
33.708177 1.157274 30.871823
46.030041 22.370512 44.381959
46.055873 25.137119 44.356127
46.624177 24.674726 43.787823
46.030041 3.461488 33.114041
46.055873 0.694881 33.139873
46.624177 1.157274 33.708177
48.202512 20.198041 33.114041
50.969119 20.223873 33.139873
50.506726 20.792177 33.708177
31.465959 22.370512 33.114041
31.440127 25.137119 33.139873
30.871823 24.674726 33.708177
29.293488 5.633959 33.114041
26.526881 5.608127 33.139873
26.989274 5.039823 33.708177
31.465959 3.461488 44.381959
31.440127 0.694881 44.356127
30.871823 1.157274 43.787823
48.202512 5.633959 44.381959
50.969119 5.608127 44.356127
50.506726 5.039823 43.787823
29.293488 20.198041 44.381959
26.526881 20.223873 44.356127
26.989274 20.792177 43.787823
33.411109 18.252891 44.084891
33.114041 18.549959 42.209488
32.290000 19.374000 41.623102
32.290000 19.374000 40.137762
33.139873 18.524127 39.442881
33.708177 17.955823 39.905274
46.030041 20.198041 42.209488
45.206000 19.374000 41.623102
45.206000 19.374000 40.137762
46.055873 20.223873 39.442881
46.624177 20.792177 39.905274
44.084891 7.579109 44.084891
44.381959 7.282041 42.209488
45.206000 6.458000 41.623102
45.206000 6.458000 40.137762
44.356127 7.307873 39.442881
43.787823 7.876177 39.905274
31.465959 5.633959 42.209488
32.290000 6.458000 41.623102
32.290000 6.458000 40.137762
31.440127 5.608127 39.442881
30.871823 5.039823 39.905274
33.411109 7.579109 33.411109
33.114041 7.282041 35.286512
32.290000 6.458000 35.872898
32.290000 6.458000 37.358238
33.139873 7.307873 38.053119
33.708177 7.876177 37.590726
31.465959 20.198041 35.286512
32.290000 19.374000 35.872898
32.290000 19.374000 37.358238
31.440127 20.223873 38.053119
30.871823 20.792177 37.590726
44.084891 18.252891 33.411109
44.381959 18.549959 35.286512
45.206000 19.374000 35.872898
45.206000 19.374000 37.358238
44.356127 18.524127 38.053119
43.787823 17.955823 37.590726
46.030041 5.633959 35.286512
45.206000 6.458000 35.872898
45.206000 6.458000 37.358238
46.055873 5.608127 38.053119
46.624177 5.039823 37.590726
44.084891 18.252891 44.084891
44.381959 16.377488 44.381959
45.206000 15.791102 45.206000
45.206000 14.305762 45.206000
44.356127 13.610881 44.356127
43.787823 14.073274 43.787823
33.411109 7.579109 44.084891
33.114041 9.454512 44.381959
32.290000 10.040898 45.206000
32.290000 11.526238 45.206000
33.139873 12.221119 44.356127
33.708177 11.758726 43.787823
33.411109 18.252891 33.411109
33.114041 16.377488 33.114041
32.290000 15.791102 32.290000
32.290000 14.305762 32.290000
33.139873 13.610881 33.139873
33.708177 14.073274 33.708177
44.084891 7.579109 33.411109
44.381959 9.454512 33.114041
45.206000 10.040898 32.290000
45.206000 11.526238 32.290000
44.356127 12.221119 33.139873
43.787823 11.758726 33.708177
31.465959 16.377488 46.030041
32.290000 15.791102 45.206000
32.290000 14.305762 45.206000
31.440127 13.610881 46.055873
30.871823 14.073274 46.624177
31.465959 9.454512 31.465959
32.290000 10.040898 32.290000
32.290000 11.526238 32.290000
31.440127 12.221119 31.440127
30.871823 11.758726 30.871823
46.030041 16.377488 31.465959
45.206000 15.791102 32.290000
45.206000 14.305762 32.290000
46.055873 13.610881 31.440127
46.624177 14.073274 30.871823
46.030041 9.454512 46.030041
45.206000 10.040898 45.206000
45.206000 11.526238 45.206000
46.055873 12.221119 46.055873
46.624177 11.758726 46.624177
44.381959 7.282041 35.286512
44.356127 7.307873 38.053119
43.787823 7.876177 37.590726
31.465959 5.633959 35.286512
31.440127 5.608127 38.053119
30.871823 5.039823 37.590726
33.114041 18.549959 35.286512
33.139873 18.524127 38.053119
33.708177 17.955823 37.590726
46.030041 20.198041 35.286512
46.055873 20.223873 38.053119
46.624177 20.792177 37.590726
44.381959 18.549959 42.209488
44.356127 18.524127 39.442881
43.787823 17.955823 39.905274
46.030041 5.633959 42.209488
46.055873 5.608127 39.442881
46.624177 5.039823 39.905274
33.114041 7.282041 42.209488
33.139873 7.307873 39.442881
33.708177 7.876177 39.905274
31.465959 20.198041 42.209488
31.440127 20.223873 39.442881
30.871823 20.792177 39.905274
33.114041 9.454512 33.114041
33.139873 12.221119 33.139873
33.708177 11.758726 33.708177
44.381959 16.377488 33.114041
44.356127 13.610881 33.139873
43.787823 14.073274 33.708177
44.381959 9.454512 44.381959
44.356127 12.221119 44.356127
43.787823 11.758726 43.787823
33.114041 16.377488 44.381959
33.139873 13.610881 44.356127
33.708177 14.073274 43.787823
46.030041 9.454512 31.465959
46.055873 12.221119 31.440127
46.624177 11.758726 30.871823
46.030041 16.377488 46.030041
46.055873 13.610881 46.055873
46.624177 14.073274 46.624177
31.465959 9.454512 46.030041
31.440127 12.221119 46.055873
30.871823 11.758726 46.624177
31.465959 16.377488 31.465959
31.440127 13.610881 31.440127
30.871823 14.073274 30.871823
42.209488 7.282041 44.381959
41.623102 6.458000 45.206000
40.137762 6.458000 45.206000
39.442881 7.307873 44.356127
39.905274 7.876177 43.787823
35.286512 18.549959 44.381959
35.872898 19.374000 45.206000
37.358238 19.374000 45.206000
38.053119 18.524127 44.356127
37.590726 17.955823 43.787823
42.209488 18.549959 33.114041
41.623102 19.374000 32.290000
40.137762 19.374000 32.290000
39.442881 18.524127 33.139873
39.905274 17.955823 33.708177
35.286512 7.282041 33.114041
35.872898 6.458000 32.290000
37.358238 6.458000 32.290000
38.053119 7.307873 33.139873
37.590726 7.876177 33.708177
42.209488 5.633959 31.465959
41.623102 6.458000 32.290000
40.137762 6.458000 32.290000
39.442881 5.608127 31.440127
39.905274 5.039823 30.871823
35.286512 20.198041 31.465959
35.872898 19.374000 32.290000
37.358238 19.374000 32.290000
38.053119 20.223873 31.440127
37.590726 20.792177 30.871823
42.209488 20.198041 46.030041
41.623102 19.374000 45.206000
40.137762 19.374000 45.206000
39.442881 20.223873 46.055873
39.905274 20.792177 46.624177
35.286512 5.633959 46.030041
35.872898 6.458000 45.206000
37.358238 6.458000 45.206000
38.053119 5.608127 46.055873
37.590726 5.039823 46.624177
35.286512 18.549959 33.114041
38.053119 18.524127 33.139873
37.590726 17.955823 33.708177
42.209488 7.282041 33.114041
39.442881 7.307873 33.139873
39.905274 7.876177 33.708177
35.286512 7.282041 44.381959
38.053119 7.307873 44.356127
37.590726 7.876177 43.787823
42.209488 18.549959 44.381959
39.442881 18.524127 44.356127
39.905274 17.955823 43.787823
35.286512 20.198041 46.030041
38.053119 20.223873 46.055873
37.590726 20.792177 46.624177
42.209488 5.633959 46.030041
39.442881 5.608127 46.055873
39.905274 5.039823 46.624177
35.286512 5.633959 31.465959
38.053119 5.608127 31.440127
37.590726 5.039823 30.871823
42.209488 20.198041 31.465959
39.442881 20.223873 31.440127
39.905274 20.792177 30.871823
33.411109 31.168891 5.336891
32.290000 32.290000 6.458000
33.114041 31.465959 3.461488
32.290000 32.290000 2.875102
32.290000 32.290000 1.389762
33.139873 31.440127 0.694881
33.708177 30.871823 1.157274
46.327109 33.411109 5.336891
45.206000 32.290000 6.458000
46.030041 33.114041 3.461488
45.206000 32.290000 2.875102
45.206000 32.290000 1.389762
46.055873 33.139873 0.694881
46.624177 33.708177 1.157274
44.084891 46.327109 5.336891
45.206000 45.206000 6.458000
44.381959 46.030041 3.461488
45.206000 45.206000 2.875102
45.206000 45.206000 1.389762
44.356127 46.055873 0.694881
43.787823 46.624177 1.157274
31.168891 44.084891 5.336891
32.290000 45.206000 6.458000
31.465959 44.381959 3.461488
32.290000 45.206000 2.875102
32.290000 45.206000 1.389762
31.440127 44.356127 0.694881
30.871823 43.787823 1.157274
33.411109 46.327109 20.495109
32.290000 45.206000 19.374000
33.114041 46.030041 22.370512
32.290000 45.206000 22.956898
32.290000 45.206000 24.442238
33.139873 46.055873 25.137119
33.708177 46.624177 24.674726
31.168891 33.411109 20.495109
32.290000 32.290000 19.374000
31.465959 33.114041 22.370512
32.290000 32.290000 22.956898
32.290000 32.290000 24.442238
31.440127 33.139873 25.137119
30.871823 33.708177 24.674726
44.084891 31.168891 20.495109
45.206000 32.290000 19.374000
44.381959 31.465959 22.370512
45.206000 32.290000 22.956898
45.206000 32.290000 24.442238
44.356127 31.440127 25.137119
43.787823 30.871823 24.674726
46.327109 44.084891 20.495109
45.206000 45.206000 19.374000
46.030041 44.381959 22.370512
45.206000 45.206000 22.956898
45.206000 45.206000 24.442238
46.055873 44.356127 25.137119
46.624177 43.787823 24.674726
31.168891 33.411109 5.336891
29.293488 33.114041 5.633959
28.707102 32.290000 6.458000
27.221762 32.290000 6.458000
26.526881 33.139873 5.608127
26.989274 33.708177 5.039823
44.084891 31.168891 5.336891
44.381959 29.293488 5.633959
45.206000 28.707102 6.458000
45.206000 27.221762 6.458000
44.356127 26.526881 5.608127
43.787823 26.989274 5.039823
46.327109 44.084891 5.336891
48.202512 44.381959 5.633959
48.788898 45.206000 6.458000
50.274238 45.206000 6.458000
50.969119 44.356127 5.608127
50.506726 43.787823 5.039823
33.411109 46.327109 5.336891
33.114041 48.202512 5.633959
32.290000 48.788898 6.458000
32.290000 50.274238 6.458000
33.139873 50.969119 5.608127
33.708177 50.506726 5.039823
31.168891 44.084891 20.495109
29.293488 44.381959 20.198041
28.707102 45.206000 19.374000
27.221762 45.206000 19.374000
26.526881 44.356127 20.223873
26.989274 43.787823 20.792177
33.411109 31.168891 20.495109
33.114041 29.293488 20.198041
32.290000 28.707102 19.374000
32.290000 27.221762 19.374000
33.139873 26.526881 20.223873
33.708177 26.989274 20.792177
46.327109 33.411109 20.495109
48.202512 33.114041 20.198041
48.788898 32.290000 19.374000
50.274238 32.290000 19.374000
50.969119 33.139873 20.223873
50.506726 33.708177 20.792177
44.084891 46.327109 20.495109
44.381959 48.202512 20.198041
45.206000 48.788898 19.374000
45.206000 50.274238 19.374000
44.356127 50.969119 20.223873
43.787823 50.506726 20.792177
31.168891 31.168891 7.579109
31.465959 29.293488 7.282041
32.290000 28.707102 6.458000
32.290000 27.221762 6.458000
31.440127 26.526881 7.307873
30.871823 26.989274 7.876177
31.168891 46.327109 18.252891
31.465959 48.202512 18.549959
32.290000 48.788898 19.374000
32.290000 50.274238 19.374000
31.440127 50.969119 18.524127
30.871823 50.506726 17.955823
31.168891 31.168891 18.252891
29.293488 31.465959 18.549959
28.707102 32.290000 19.374000
27.221762 32.290000 19.374000
26.526881 31.440127 18.524127
26.989274 30.871823 17.955823
46.327109 31.168891 18.252891
46.030041 29.293488 18.549959
45.206000 28.707102 19.374000
45.206000 27.221762 19.374000
46.055873 26.526881 18.524127
46.624177 26.989274 17.955823
46.327109 46.327109 18.252891
48.202512 46.030041 18.549959
48.788898 45.206000 19.374000
50.274238 45.206000 19.374000
50.969119 46.055873 18.524127
50.506726 46.624177 17.955823
46.327109 46.327109 7.579109
46.030041 48.202512 7.282041
45.206000 48.788898 6.458000
45.206000 50.274238 6.458000
46.055873 50.969119 7.307873
46.624177 50.506726 7.876177
31.168891 46.327109 7.579109
29.293488 46.030041 7.282041
28.707102 45.206000 6.458000
27.221762 45.206000 6.458000
26.526881 46.055873 7.307873
26.989274 46.624177 7.876177
46.327109 31.168891 7.579109
48.202512 31.465959 7.282041
48.788898 32.290000 6.458000
50.274238 32.290000 6.458000
50.969119 31.440127 7.307873
50.506726 30.871823 7.876177
44.381959 46.030041 22.370512
44.356127 46.055873 25.137119
43.787823 46.624177 24.674726
31.465959 44.381959 22.370512
31.440127 44.356127 25.137119
30.871823 43.787823 24.674726
33.114041 31.465959 22.370512
33.139873 31.440127 25.137119
33.708177 30.871823 24.674726
46.030041 33.114041 22.370512
46.055873 33.139873 25.137119
46.624177 33.708177 24.674726
44.381959 31.465959 3.461488
44.356127 31.440127 0.694881
43.787823 30.871823 1.157274
46.030041 44.381959 3.461488
46.055873 44.356127 0.694881
46.624177 43.787823 1.157274
33.114041 46.030041 3.461488
33.139873 46.055873 0.694881
33.708177 46.624177 1.157274
31.465959 33.114041 3.461488
31.440127 33.139873 0.694881
30.871823 33.708177 1.157274
48.202512 44.381959 20.198041
50.969119 44.356127 20.223873
50.506726 43.787823 20.792177
33.114041 48.202512 20.198041
33.139873 50.969119 20.223873
33.708177 50.506726 20.792177
29.293488 33.114041 20.198041
26.526881 33.139873 20.223873
26.989274 33.708177 20.792177
44.381959 29.293488 20.198041
44.356127 26.526881 20.223873
43.787823 26.989274 20.792177
48.202512 33.114041 5.633959
50.969119 33.139873 5.608127
50.506726 33.708177 5.039823
44.381959 48.202512 5.633959
44.356127 50.969119 5.608127
43.787823 50.506726 5.039823
29.293488 44.381959 5.633959
26.526881 44.356127 5.608127
26.989274 43.787823 5.039823
33.114041 29.293488 5.633959
33.139873 26.526881 5.608127
33.708177 26.989274 5.039823
46.030041 48.202512 18.549959
46.055873 50.969119 18.524127
46.624177 50.506726 17.955823
46.030041 29.293488 7.282041
46.055873 26.526881 7.307873
46.624177 26.989274 7.876177
48.202512 46.030041 7.282041
50.969119 46.055873 7.307873
50.506726 46.624177 7.876177
31.465959 48.202512 7.282041
31.440127 50.969119 7.307873
30.871823 50.506726 7.876177
29.293488 31.465959 7.282041
26.526881 31.440127 7.307873
26.989274 30.871823 7.876177
31.465959 29.293488 18.549959
31.440127 26.526881 18.524127
30.871823 26.989274 17.955823
48.202512 31.465959 18.549959
50.969119 31.440127 18.524127
50.506726 30.871823 17.955823
29.293488 46.030041 18.549959
26.526881 46.055873 18.524127
26.989274 46.624177 17.955823
33.411109 44.084891 18.252891
33.114041 44.381959 16.377488
32.290000 45.206000 15.791102
32.290000 45.206000 14.305762
33.139873 44.356127 13.610881
33.708177 43.787823 14.073274
46.030041 46.030041 16.377488
45.206000 45.206000 15.791102
45.206000 45.206000 14.305762
46.055873 46.055873 13.610881
46.624177 46.624177 14.073274
44.084891 33.411109 18.252891
44.381959 33.114041 16.377488
45.206000 32.290000 15.791102
45.206000 32.290000 14.305762
44.356127 33.139873 13.610881
43.787823 33.708177 14.073274
31.465959 31.465959 16.377488
32.290000 32.290000 15.791102
32.290000 32.290000 14.305762
31.440127 31.440127 13.610881
30.871823 30.871823 14.073274
33.411109 33.411109 7.579109
33.114041 33.114041 9.454512
32.290000 32.290000 10.040898
32.290000 32.290000 11.526238
33.139873 33.139873 12.221119
33.708177 33.708177 11.758726
31.465959 46.030041 9.454512
32.290000 45.206000 10.040898
32.290000 45.206000 11.526238
31.440127 46.055873 12.221119
30.871823 46.624177 11.758726
44.084891 44.084891 7.579109
44.381959 44.381959 9.454512
45.206000 45.206000 10.040898
45.206000 45.206000 11.526238
44.356127 44.356127 12.221119
43.787823 43.787823 11.758726
46.030041 31.465959 9.454512
45.206000 32.290000 10.040898
45.206000 32.290000 11.526238
46.055873 31.440127 12.221119
46.624177 30.871823 11.758726
44.084891 44.084891 18.252891
44.381959 42.209488 18.549959
45.206000 41.623102 19.374000
45.206000 40.137762 19.374000
44.356127 39.442881 18.524127
43.787823 39.905274 17.955823
33.411109 33.411109 18.252891
33.114041 35.286512 18.549959
32.290000 35.872898 19.374000
32.290000 37.358238 19.374000
33.139873 38.053119 18.524127
33.708177 37.590726 17.955823
33.411109 44.084891 7.579109
33.114041 42.209488 7.282041
32.290000 41.623102 6.458000
32.290000 40.137762 6.458000
33.139873 39.442881 7.307873
33.708177 39.905274 7.876177
44.084891 33.411109 7.579109
44.381959 35.286512 7.282041
45.206000 35.872898 6.458000
45.206000 37.358238 6.458000
44.356127 38.053119 7.307873
43.787823 37.590726 7.876177
31.465959 42.209488 20.198041
32.290000 41.623102 19.374000
32.290000 40.137762 19.374000
31.440127 39.442881 20.223873
30.871823 39.905274 20.792177
31.465959 35.286512 5.633959
32.290000 35.872898 6.458000
32.290000 37.358238 6.458000
31.440127 38.053119 5.608127
30.871823 37.590726 5.039823
46.030041 42.209488 5.633959
45.206000 41.623102 6.458000
45.206000 40.137762 6.458000
46.055873 39.442881 5.608127
46.624177 39.905274 5.039823
46.030041 35.286512 20.198041
45.206000 35.872898 19.374000
45.206000 37.358238 19.374000
46.055873 38.053119 20.223873
46.624177 37.590726 20.792177
44.381959 33.114041 9.454512
44.356127 33.139873 12.221119
43.787823 33.708177 11.758726
31.465959 31.465959 9.454512
31.440127 31.440127 12.221119
30.871823 30.871823 11.758726
33.114041 44.381959 9.454512
33.139873 44.356127 12.221119
33.708177 43.787823 11.758726
46.030041 46.030041 9.454512
46.055873 46.055873 12.221119
46.624177 46.624177 11.758726
44.381959 44.381959 16.377488
44.356127 44.356127 13.610881
43.787823 43.787823 14.073274
46.030041 31.465959 16.377488
46.055873 31.440127 13.610881
46.624177 30.871823 14.073274
33.114041 33.114041 16.377488
33.139873 33.139873 13.610881
33.708177 33.708177 14.073274
31.465959 46.030041 16.377488
31.440127 46.055873 13.610881
30.871823 46.624177 14.073274
33.114041 35.286512 7.282041
33.139873 38.053119 7.307873
33.708177 37.590726 7.876177
44.381959 42.209488 7.282041
44.356127 39.442881 7.307873
43.787823 39.905274 7.876177
44.381959 35.286512 18.549959
44.356127 38.053119 18.524127
43.787823 37.590726 17.955823
33.114041 42.209488 18.549959
33.139873 39.442881 18.524127
33.708177 39.905274 17.955823
46.030041 35.286512 5.633959
46.055873 38.053119 5.608127
46.624177 37.590726 5.039823
46.030041 42.209488 20.198041
46.055873 39.442881 20.223873
46.624177 39.905274 20.792177
31.465959 35.286512 20.198041
31.440127 38.053119 20.223873
30.871823 37.590726 20.792177
31.465959 42.209488 5.633959
31.440127 39.442881 5.608127
30.871823 39.905274 5.039823
42.209488 33.114041 18.549959
41.623102 32.290000 19.374000
40.137762 32.290000 19.374000
39.442881 33.139873 18.524127
39.905274 33.708177 17.955823
35.286512 44.381959 18.549959
35.872898 45.206000 19.374000
37.358238 45.206000 19.374000
38.053119 44.356127 18.524127
37.590726 43.787823 17.955823
42.209488 44.381959 7.282041
41.623102 45.206000 6.458000
40.137762 45.206000 6.458000
39.442881 44.356127 7.307873
39.905274 43.787823 7.876177
35.286512 33.114041 7.282041
35.872898 32.290000 6.458000
37.358238 32.290000 6.458000
38.053119 33.139873 7.307873
37.590726 33.708177 7.876177
42.209488 31.465959 5.633959
41.623102 32.290000 6.458000
40.137762 32.290000 6.458000
39.442881 31.440127 5.608127
39.905274 30.871823 5.039823
35.286512 46.030041 5.633959
35.872898 45.206000 6.458000
37.358238 45.206000 6.458000
38.053119 46.055873 5.608127
37.590726 46.624177 5.039823
42.209488 46.030041 20.198041
41.623102 45.206000 19.374000
40.137762 45.206000 19.374000
39.442881 46.055873 20.223873
39.905274 46.624177 20.792177
35.286512 31.465959 20.198041
35.872898 32.290000 19.374000
37.358238 32.290000 19.374000
38.053119 31.440127 20.223873
37.590726 30.871823 20.792177
35.286512 44.381959 7.282041
38.053119 44.356127 7.307873
37.590726 43.787823 7.876177
42.209488 33.114041 7.282041
39.442881 33.139873 7.307873
39.905274 33.708177 7.876177
35.286512 33.114041 18.549959
38.053119 33.139873 18.524127
37.590726 33.708177 17.955823
42.209488 44.381959 18.549959
39.442881 44.356127 18.524127
39.905274 43.787823 17.955823
35.286512 46.030041 20.198041
38.053119 46.055873 20.223873
37.590726 46.624177 20.792177
42.209488 31.465959 20.198041
39.442881 31.440127 20.223873
39.905274 30.871823 20.792177
35.286512 31.465959 5.633959
38.053119 31.440127 5.608127
37.590726 30.871823 5.039823
42.209488 46.030041 5.633959
39.442881 46.055873 5.608127
39.905274 46.624177 5.039823
33.411109 31.168891 31.168891
32.290000 32.290000 32.290000
33.114041 31.465959 29.293488
32.290000 32.290000 28.707102
32.290000 32.290000 27.221762
33.139873 31.440127 26.526881
33.708177 30.871823 26.989274
46.327109 33.411109 31.168891
45.206000 32.290000 32.290000
46.030041 33.114041 29.293488
45.206000 32.290000 28.707102
45.206000 32.290000 27.221762
46.055873 33.139873 26.526881
46.624177 33.708177 26.989274
44.084891 46.327109 31.168891
45.206000 45.206000 32.290000
44.381959 46.030041 29.293488
45.206000 45.206000 28.707102
45.206000 45.206000 27.221762
44.356127 46.055873 26.526881
43.787823 46.624177 26.989274
31.168891 44.084891 31.168891
32.290000 45.206000 32.290000
31.465959 44.381959 29.293488
32.290000 45.206000 28.707102
32.290000 45.206000 27.221762
31.440127 44.356127 26.526881
30.871823 43.787823 26.989274
33.411109 46.327109 46.327109
32.290000 45.206000 45.206000
33.114041 46.030041 48.202512
32.290000 45.206000 48.788898
32.290000 45.206000 50.274238
33.139873 46.055873 50.969119
33.708177 46.624177 50.506726
31.168891 33.411109 46.327109
32.290000 32.290000 45.206000
31.465959 33.114041 48.202512
32.290000 32.290000 48.788898
32.290000 32.290000 50.274238
31.440127 33.139873 50.969119
30.871823 33.708177 50.506726
44.084891 31.168891 46.327109
45.206000 32.290000 45.206000
44.381959 31.465959 48.202512
45.206000 32.290000 48.788898
45.206000 32.290000 50.274238
44.356127 31.440127 50.969119
43.787823 30.871823 50.506726
46.327109 44.084891 46.327109
45.206000 45.206000 45.206000
46.030041 44.381959 48.202512
45.206000 45.206000 48.788898
45.206000 45.206000 50.274238
46.055873 44.356127 50.969119
46.624177 43.787823 50.506726
31.168891 33.411109 31.168891
29.293488 33.114041 31.465959
28.707102 32.290000 32.290000
27.221762 32.290000 32.290000
26.526881 33.139873 31.440127
26.989274 33.708177 30.871823
44.084891 31.168891 31.168891
44.381959 29.293488 31.465959
45.206000 28.707102 32.290000
45.206000 27.221762 32.290000
44.356127 26.526881 31.440127
43.787823 26.989274 30.871823
46.327109 44.084891 31.168891
48.202512 44.381959 31.465959
48.788898 45.206000 32.290000
50.274238 45.206000 32.290000
50.969119 44.356127 31.440127
50.506726 43.787823 30.871823
33.411109 46.327109 31.168891
33.114041 48.202512 31.465959
32.290000 48.788898 32.290000
32.290000 50.274238 32.290000
33.139873 50.969119 31.440127
33.708177 50.506726 30.871823
31.168891 44.084891 46.327109
29.293488 44.381959 46.030041
28.707102 45.206000 45.206000
27.221762 45.206000 45.206000
26.526881 44.356127 46.055873
26.989274 43.787823 46.624177
33.411109 31.168891 46.327109
33.114041 29.293488 46.030041
32.290000 28.707102 45.206000
32.290000 27.221762 45.206000
33.139873 26.526881 46.055873
33.708177 26.989274 46.624177
46.327109 33.411109 46.327109
48.202512 33.114041 46.030041
48.788898 32.290000 45.206000
50.274238 32.290000 45.206000
50.969119 33.139873 46.055873
50.506726 33.708177 46.624177
44.084891 46.327109 46.327109
44.381959 48.202512 46.030041
45.206000 48.788898 45.206000
45.206000 50.274238 45.206000
44.356127 50.969119 46.055873
43.787823 50.506726 46.624177
31.168891 31.168891 33.411109
31.465959 29.293488 33.114041
32.290000 28.707102 32.290000
32.290000 27.221762 32.290000
31.440127 26.526881 33.139873
30.871823 26.989274 33.708177
31.168891 46.327109 44.084891
31.465959 48.202512 44.381959
32.290000 48.788898 45.206000
32.290000 50.274238 45.206000
31.440127 50.969119 44.356127
30.871823 50.506726 43.787823
31.168891 31.168891 44.084891
29.293488 31.465959 44.381959
28.707102 32.290000 45.206000
27.221762 32.290000 45.206000
26.526881 31.440127 44.356127
26.989274 30.871823 43.787823
46.327109 31.168891 44.084891
46.030041 29.293488 44.381959
45.206000 28.707102 45.206000
45.206000 27.221762 45.206000
46.055873 26.526881 44.356127
46.624177 26.989274 43.787823
46.327109 46.327109 44.084891
48.202512 46.030041 44.381959
48.788898 45.206000 45.206000
50.274238 45.206000 45.206000
50.969119 46.055873 44.356127
50.506726 46.624177 43.787823
46.327109 46.327109 33.411109
46.030041 48.202512 33.114041
45.206000 48.788898 32.290000
45.206000 50.274238 32.290000
46.055873 50.969119 33.139873
46.624177 50.506726 33.708177
31.168891 46.327109 33.411109
29.293488 46.030041 33.114041
28.707102 45.206000 32.290000
27.221762 45.206000 32.290000
26.526881 46.055873 33.139873
26.989274 46.624177 33.708177
46.327109 31.168891 33.411109
48.202512 31.465959 33.114041
48.788898 32.290000 32.290000
50.274238 32.290000 32.290000
50.969119 31.440127 33.139873
50.506726 30.871823 33.708177
44.381959 46.030041 48.202512
44.356127 46.055873 50.969119
43.787823 46.624177 50.506726
31.465959 44.381959 48.202512
31.440127 44.356127 50.969119
30.871823 43.787823 50.506726
33.114041 31.465959 48.202512
33.139873 31.440127 50.969119
33.708177 30.871823 50.506726
46.030041 33.114041 48.202512
46.055873 33.139873 50.969119
46.624177 33.708177 50.506726
44.381959 31.465959 29.293488
44.356127 31.440127 26.526881
43.787823 30.871823 26.989274
46.030041 44.381959 29.293488
46.055873 44.356127 26.526881
46.624177 43.787823 26.989274
33.114041 46.030041 29.293488
33.139873 46.055873 26.526881
33.708177 46.624177 26.989274
31.465959 33.114041 29.293488
31.440127 33.139873 26.526881
30.871823 33.708177 26.989274
48.202512 44.381959 46.030041
50.969119 44.356127 46.055873
50.506726 43.787823 46.624177
33.114041 48.202512 46.030041
33.139873 50.969119 46.055873
33.708177 50.506726 46.624177
29.293488 33.114041 46.030041
26.526881 33.139873 46.055873
26.989274 33.708177 46.624177
44.381959 29.293488 46.030041
44.356127 26.526881 46.055873
43.787823 26.989274 46.624177
48.202512 33.114041 31.465959
50.969119 33.139873 31.440127
50.506726 33.708177 30.871823
44.381959 48.202512 31.465959
44.356127 50.969119 31.440127
43.787823 50.506726 30.871823
29.293488 44.381959 31.465959
26.526881 44.356127 31.440127
26.989274 43.787823 30.871823
33.114041 29.293488 31.465959
33.139873 26.526881 31.440127
33.708177 26.989274 30.871823
46.030041 48.202512 44.381959
46.055873 50.969119 44.356127
46.624177 50.506726 43.787823
46.030041 29.293488 33.114041
46.055873 26.526881 33.139873
46.624177 26.989274 33.708177
48.202512 46.030041 33.114041
50.969119 46.055873 33.139873
50.506726 46.624177 33.708177
31.465959 48.202512 33.114041
31.440127 50.969119 33.139873
30.871823 50.506726 33.708177
29.293488 31.465959 33.114041
26.526881 31.440127 33.139873
26.989274 30.871823 33.708177
31.465959 29.293488 44.381959
31.440127 26.526881 44.356127
30.871823 26.989274 43.787823
48.202512 31.465959 44.381959
50.969119 31.440127 44.356127
50.506726 30.871823 43.787823
29.293488 46.030041 44.381959
26.526881 46.055873 44.356127
26.989274 46.624177 43.787823
33.411109 44.084891 44.084891
33.114041 44.381959 42.209488
32.290000 45.206000 41.623102
32.290000 45.206000 40.137762
33.139873 44.356127 39.442881
33.708177 43.787823 39.905274
46.030041 46.030041 42.209488
45.206000 45.206000 41.623102
45.206000 45.206000 40.137762
46.055873 46.055873 39.442881
46.624177 46.624177 39.905274
44.084891 33.411109 44.084891
44.381959 33.114041 42.209488
45.206000 32.290000 41.623102
45.206000 32.290000 40.137762
44.356127 33.139873 39.442881
43.787823 33.708177 39.905274
31.465959 31.465959 42.209488
32.290000 32.290000 41.623102
32.290000 32.290000 40.137762
31.440127 31.440127 39.442881
30.871823 30.871823 39.905274
33.411109 33.411109 33.411109
33.114041 33.114041 35.286512
32.290000 32.290000 35.872898
32.290000 32.290000 37.358238
33.139873 33.139873 38.053119
33.708177 33.708177 37.590726
31.465959 46.030041 35.286512
32.290000 45.206000 35.872898
32.290000 45.206000 37.358238
31.440127 46.055873 38.053119
30.871823 46.624177 37.590726
44.084891 44.084891 33.411109
44.381959 44.381959 35.286512
45.206000 45.206000 35.872898
45.206000 45.206000 37.358238
44.356127 44.356127 38.053119
43.787823 43.787823 37.590726
46.030041 31.465959 35.286512
45.206000 32.290000 35.872898
45.206000 32.290000 37.358238
46.055873 31.440127 38.053119
46.624177 30.871823 37.590726
44.084891 44.084891 44.084891
44.381959 42.209488 44.381959
45.206000 41.623102 45.206000
45.206000 40.137762 45.206000
44.356127 39.442881 44.356127
43.787823 39.905274 43.787823
33.411109 33.411109 44.084891
33.114041 35.286512 44.381959
32.290000 35.872898 45.206000
32.290000 37.358238 45.206000
33.139873 38.053119 44.356127
33.708177 37.590726 43.787823
33.411109 44.084891 33.411109
33.114041 42.209488 33.114041
32.290000 41.623102 32.290000
32.290000 40.137762 32.290000
33.139873 39.442881 33.139873
33.708177 39.905274 33.708177
44.084891 33.411109 33.411109
44.381959 35.286512 33.114041
45.206000 35.872898 32.290000
45.206000 37.358238 32.290000
44.356127 38.053119 33.139873
43.787823 37.590726 33.708177
31.465959 42.209488 46.030041
32.290000 41.623102 45.206000
32.290000 40.137762 45.206000
31.440127 39.442881 46.055873
30.871823 39.905274 46.624177
31.465959 35.286512 31.465959
32.290000 35.872898 32.290000
32.290000 37.358238 32.290000
31.440127 38.053119 31.440127
30.871823 37.590726 30.871823
46.030041 42.209488 31.465959
45.206000 41.623102 32.290000
45.206000 40.137762 32.290000
46.055873 39.442881 31.440127
46.624177 39.905274 30.871823
46.030041 35.286512 46.030041
45.206000 35.872898 45.206000
45.206000 37.358238 45.206000
46.055873 38.053119 46.055873
46.624177 37.590726 46.624177
44.381959 33.114041 35.286512
44.356127 33.139873 38.053119
43.787823 33.708177 37.590726
31.465959 31.465959 35.286512
31.440127 31.440127 38.053119
30.871823 30.871823 37.590726
33.114041 44.381959 35.286512
33.139873 44.356127 38.053119
33.708177 43.787823 37.590726
46.030041 46.030041 35.286512
46.055873 46.055873 38.053119
46.624177 46.624177 37.590726
44.381959 44.381959 42.209488
44.356127 44.356127 39.442881
43.787823 43.787823 39.905274
46.030041 31.465959 42.209488
46.055873 31.440127 39.442881
46.624177 30.871823 39.905274
33.114041 33.114041 42.209488
33.139873 33.139873 39.442881
33.708177 33.708177 39.905274
31.465959 46.030041 42.209488
31.440127 46.055873 39.442881
30.871823 46.624177 39.905274
33.114041 35.286512 33.114041
33.139873 38.053119 33.139873
33.708177 37.590726 33.708177
44.381959 42.209488 33.114041
44.356127 39.442881 33.139873
43.787823 39.905274 33.708177
44.381959 35.286512 44.381959
44.356127 38.053119 44.356127
43.787823 37.590726 43.787823
33.114041 42.209488 44.381959
33.139873 39.442881 44.356127
33.708177 39.905274 43.787823
46.030041 35.286512 31.465959
46.055873 38.053119 31.440127
46.624177 37.590726 30.871823
46.030041 42.209488 46.030041
46.055873 39.442881 46.055873
46.624177 39.905274 46.624177
31.465959 35.286512 46.030041
31.440127 38.053119 46.055873
30.871823 37.590726 46.624177
31.465959 42.209488 31.465959
31.440127 39.442881 31.440127
30.871823 39.905274 30.871823
42.209488 33.114041 44.381959
41.623102 32.290000 45.206000
40.137762 32.290000 45.206000
39.442881 33.139873 44.356127
39.905274 33.708177 43.787823
35.286512 44.381959 44.381959
35.872898 45.206000 45.206000
37.358238 45.206000 45.206000
38.053119 44.356127 44.356127
37.590726 43.787823 43.787823
42.209488 44.381959 33.114041
41.623102 45.206000 32.290000
40.137762 45.206000 32.290000
39.442881 44.356127 33.139873
39.905274 43.787823 33.708177
35.286512 33.114041 33.114041
35.872898 32.290000 32.290000
37.358238 32.290000 32.290000
38.053119 33.139873 33.139873
37.590726 33.708177 33.708177
42.209488 31.465959 31.465959
41.623102 32.290000 32.290000
40.137762 32.290000 32.290000
39.442881 31.440127 31.440127
39.905274 30.871823 30.871823
35.286512 46.030041 31.465959
35.872898 45.206000 32.290000
37.358238 45.206000 32.290000
38.053119 46.055873 31.440127
37.590726 46.624177 30.871823
42.209488 46.030041 46.030041
41.623102 45.206000 45.206000
40.137762 45.206000 45.206000
39.442881 46.055873 46.055873
39.905274 46.624177 46.624177
35.286512 31.465959 46.030041
35.872898 32.290000 45.206000
37.358238 32.290000 45.206000
38.053119 31.440127 46.055873
37.590726 30.871823 46.624177
35.286512 44.381959 33.114041
38.053119 44.356127 33.139873
37.590726 43.787823 33.708177
42.209488 33.114041 33.114041
39.442881 33.139873 33.139873
39.905274 33.708177 33.708177
35.286512 33.114041 44.381959
38.053119 33.139873 44.356127
37.590726 33.708177 43.787823
42.209488 44.381959 44.381959
39.442881 44.356127 44.356127
39.905274 43.787823 43.787823
35.286512 46.030041 46.030041
38.053119 46.055873 46.055873
37.590726 46.624177 46.624177
42.209488 31.465959 46.030041
39.442881 31.440127 46.055873
39.905274 30.871823 46.624177
35.286512 31.465959 31.465959
38.053119 31.440127 31.440127
37.590726 30.871823 30.871823
42.209488 46.030041 31.465959
39.442881 46.055873 31.440127
39.905274 46.624177 30.871823
POINT_DATA 3392
SCALARS my_scalars float
LOOKUP_TABLE default
1.39
1.52
1.52
1.7
1.7
1.7
1.09
1.39
1.52
1.52
1.7
1.7
1.7
1.09
1.39
1.52
1.52
1.7
1.7
1.7
1.09
1.39
1.52
1.52
1.7
1.7
1.7
1.09
1.39
1.52
1.52
1.7
1.7
1.7
1.09
1.39
1.52
1.52
1.7
1.7
1.7
1.09
1.39
1.52
1.52
1.7
1.7
1.7
1.09
1.39
1.52
1.52
1.7
1.7
1.7
1.09
1.39
1.52
1.7
1.7
1.7
1.09
1.39
1.52
1.7
1.7
1.7
1.09
1.39
1.52
1.7
1.7
1.7
1.09
1.39
1.52
1.7
1.7
1.7
1.09
1.39
1.52
1.7
1.7
1.7
1.09
1.39
1.52
1.7
1.7
1.7
1.09
1.39
1.52
1.7
1.7
1.7
1.09
1.39
1.52
1.7
1.7
1.7
1.09
1.39
1.52
1.7
1.7
1.7
1.09
1.39
1.52
1.7
1.7
1.7
1.09
1.39
1.52
1.7
1.7
1.7
1.09
1.39
1.52
1.7
1.7
1.7
1.09
1.39
1.52
1.7
1.7
1.7
1.09
1.39
1.52
1.7
1.7
1.7
1.09
1.39
1.52
1.7
1.7
1.7
1.09
1.39
1.52
1.7
1.7
1.7
1.09
1.52
1.7
1.09
1.52
1.7
1.09
1.52
1.7
1.09
1.52
1.7
1.09
1.52
1.7
1.09
1.52
1.7
1.09
1.52
1.7
1.09
1.52
1.7
1.09
1.52
1.7
1.09
1.52
1.7
1.09
1.52
1.7
1.09
1.52
1.7
1.09
1.52
1.7
1.09
1.52
1.7
1.09
1.52
1.7
1.09
1.52
1.7
1.09
1.52
1.7
1.09
1.52
1.7
1.09
1.52
1.7
1.09
1.52
1.7
1.09
1.52
1.7
1.09
1.52
1.7
1.09
1.52
1.7
1.09
1.52
1.7
1.09
1.39
1.52
1.7
1.7
1.7
1.09
1.52
1.7
1.7
1.7
1.09
1.39
1.52
1.7
1.7
1.7
1.09
1.52
1.7
1.7
1.7
1.09
1.39
1.52
1.7
1.7
1.7
1.09
1.52
1.7
1.7
1.7
1.09
1.39
1.52
1.7
1.7
1.7
1.09
1.52
1.7
1.7
1.7
1.09
1.39
1.52
1.7
1.7
1.7
1.09
1.39
1.52
1.7
1.7
1.7
1.09
1.39
1.52
1.7
1.7
1.7
1.09
1.39
1.52
1.7
1.7
1.7
1.09
1.52
1.7
1.7
1.7
1.09
1.52
1.7
1.7
1.7
1.09
1.52
1.7
1.7
1.7
1.09
1.52
1.7
1.7
1.7
1.09
1.52
1.7
1.09
1.52
1.7
1.09
1.52
1.7
1.09
1.52
1.7
1.09
1.52
1.7
1.09
1.52
1.7
1.09
1.52
1.7
1.09
1.52
1.7
1.09
1.52
1.7
1.09
1.52
1.7
1.09
1.52
1.7
1.09
1.52
1.7
1.09
1.52
1.7
1.09
1.52
1.7
1.09
1.52
1.7
1.09
1.52
1.7
1.09
1.52
1.7
1.7
1.7
1.09
1.52
1.7
1.7
1.7
1.09
1.52
1.7
1.7
1.7
1.09
1.52
1.7
1.7
1.7
1.09
1.52
1.7
1.7
1.7
1.09
1.52
1.7
1.7
1.7
1.09
1.52
1.7
1.7
1.7
1.09
1.52
1.7
1.7
1.7
1.09
1.52
1.7
1.09
1.52
1.7
1.09
1.52
1.7
1.09
1.52
1.7
1.09
1.52
1.7
1.09
1.52
1.7
1.09
1.52
1.7
1.09
1.52
1.7
1.09
1.39
1.52
1.52
1.7
1.7
1.7
1.09
1.39
1.52
1.52
1.7
1.7
1.7
1.09
1.39
1.52
1.52
1.7
1.7
1.7
1.09
1.39
1.52
1.52
1.7
1.7
1.7
1.09
1.39
1.52
1.52
1.7
1.7
1.7
1.09
1.39
1.52
1.52
1.7
1.7
1.7
1.09
1.39
1.52
1.52
1.7
1.7
1.7
1.09
1.39
1.52
1.52
1.7
1.7
1.7
1.09
1.39
1.52
1.7
1.7
1.7
1.09
1.39
1.52
1.7
1.7
1.7
1.09
1.39
1.52
1.7
1.7
1.7
1.09
1.39
1.52
1.7
1.7
1.7
1.09
1.39
1.52
1.7
1.7
1.7
1.09
1.39
1.52
1.7
1.7
1.7
1.09
1.39
1.52
1.7
1.7
1.7
1.09
1.39
1.52
1.7
1.7
1.7
1.09
1.39
1.52
1.7
1.7
1.7
1.09
1.39
1.52
1.7
1.7
1.7
1.09
1.39
1.52
1.7
1.7
1.7
1.09
1.39
1.52
1.7
1.7
1.7
1.09
1.39
1.52
1.7
1.7
1.7
1.09
1.39
1.52
1.7
1.7
1.7
1.09
1.39
1.52
1.7
1.7
1.7
1.09
1.39
1.52
1.7
1.7
1.7
1.09
1.52
1.7
1.09
1.52
1.7
1.09
1.52
1.7
1.09
1.52
1.7
1.09
1.52
1.7
1.09
1.52
1.7
1.09
1.52
1.7
1.09
1.52
1.7
1.09
1.52
1.7
1.09
1.52
1.7
1.09
1.52
1.7
1.09
1.52
1.7
1.09
1.52
1.7
1.09
1.52
1.7
1.09
1.52
1.7
1.09
1.52
1.7
1.09
1.52
1.7
1.09
1.52
1.7
1.09
1.52
1.7
1.09
1.52
1.7
1.09
1.52
1.7
1.09
1.52
1.7
1.09
1.52
1.7
1.09
1.52
1.7
1.09
1.39
1.52
1.7
1.7
1.7
1.09
1.52
1.7
1.7
1.7
1.09
1.39
1.52
1.7
1.7
1.7
1.09
1.52
1.7
1.7
1.7
1.09
1.39
1.52
1.7
1.7
1.7
1.09
1.52
1.7
1.7
1.7
1.09
1.39
1.52
1.7
1.7
1.7
1.09
1.52
1.7
1.7
1.7
1.09
1.39
1.52
1.7
1.7
1.7
1.09
1.39
1.52
1.7
1.7
1.7
1.09
1.39
1.52
1.7
1.7
1.7
1.09
1.39
1.52
1.7
1.7
1.7
1.09
1.52
1.7
1.7
1.7
1.09
1.52
1.7
1.7
1.7
1.09
1.52
1.7
1.7
1.7
1.09
1.52
1.7
1.7
1.7
1.09
1.52
1.7
1.09
1.52
1.7
1.09
1.52
1.7
1.09
1.52
1.7
1.09
1.52
1.7
1.09
1.52
1.7
1.09
1.52
1.7
1.09
1.52
1.7
1.09
1.52
1.7
1.09
1.52
1.7
1.09
1.52
1.7
1.09
1.52
1.7
1.09
1.52
1.7
1.09
1.52
1.7
1.09
1.52
1.7
1.09
1.52
1.7
1.09
1.52
1.7
1.7
1.7
1.09
1.52
1.7
1.7
1.7
1.09
1.52
1.7
1.7
1.7
1.09
1.52
1.7
1.7
1.7
1.09
1.52
1.7
1.7
1.7
1.09
1.52
1.7
1.7
1.7
1.09
1.52
1.7
1.7
1.7
1.09
1.52
1.7
1.7
1.7
1.09
1.52
1.7
1.09
1.52
1.7
1.09
1.52
1.7
1.09
1.52
1.7
1.09
1.52
1.7
1.09
1.52
1.7
1.09
1.52
1.7
1.09
1.52
1.7
1.09
1.39
1.52
1.52
1.7
1.7
1.7
1.09
1.39
1.52
1.52
1.7
1.7
1.7
1.09
1.39
1.52
1.52
1.7
1.7
1.7
1.09
1.39
1.52
1.52
1.7
1.7
1.7
1.09
1.39
1.52
1.52
1.7
1.7
1.7
1.09
1.39
1.52
1.52
1.7
1.7
1.7
1.09
1.39
1.52
1.52
1.7
1.7
1.7
1.09
1.39
1.52
1.52
1.7
1.7
1.7
1.09
1.39
1.52
1.7
1.7
1.7
1.09
1.39
1.52
1.7
1.7
1.7
1.09
1.39
1.52
1.7
1.7
1.7
1.09
1.39
1.52
1.7
1.7
1.7
1.09
1.39
1.52
1.7
1.7
1.7
1.09
1.39
1.52
1.7
1.7
1.7
1.09
1.39
1.52
1.7
1.7
1.7
1.09
1.39
1.52
1.7
1.7
1.7
1.09
1.39
1.52
1.7
1.7
1.7
1.09
1.39
1.52
1.7
1.7
1.7
1.09
1.39
1.52
1.7
1.7
1.7
1.09
1.39
1.52
1.7
1.7
1.7
1.09
1.39
1.52
1.7
1.7
1.7
1.09
1.39
1.52
1.7
1.7
1.7
1.09
1.39
1.52
1.7
1.7
1.7
1.09
1.39
1.52
1.7
1.7
1.7
1.09
1.52
1.7
1.09
1.52
1.7
1.09
1.52
1.7
1.09
1.52
1.7
1.09
1.52
1.7
1.09
1.52
1.7
1.09
1.52
1.7
1.09
1.52
1.7
1.09
1.52
1.7
1.09
1.52
1.7
1.09
1.52
1.7
1.09
1.52
1.7
1.09
1.52
1.7
1.09
1.52
1.7
1.09
1.52
1.7
1.09
1.52
1.7
1.09
1.52
1.7
1.09
1.52
1.7
1.09
1.52
1.7
1.09
1.52
1.7
1.09
1.52
1.7
1.09
1.52
1.7
1.09
1.52
1.7
1.09
1.52
1.7
1.09
1.39
1.52
1.7
1.7
1.7
1.09
1.52
1.7
1.7
1.7
1.09
1.39
1.52
1.7
1.7
1.7
1.09
1.52
1.7
1.7
1.7
1.09
1.39
1.52
1.7
1.7
1.7
1.09
1.52
1.7
1.7
1.7
1.09
1.39
1.52
1.7
1.7
1.7
1.09
1.52
1.7
1.7
1.7
1.09
1.39
1.52
1.7
1.7
1.7
1.09
1.39
1.52
1.7
1.7
1.7
1.09
1.39
1.52
1.7
1.7
1.7
1.09
1.39
1.52
1.7
1.7
1.7
1.09
1.52
1.7
1.7
1.7
1.09
1.52
1.7
1.7
1.7
1.09
1.52
1.7
1.7
1.7
1.09
1.52
1.7
1.7
1.7
1.09
1.52
1.7
1.09
1.52
1.7
1.09
1.52
1.7
1.09
1.52
1.7
1.09
1.52
1.7
1.09
1.52
1.7
1.09
1.52
1.7
1.09
1.52
1.7
1.09
1.52
1.7
1.09
1.52
1.7
1.09
1.52
1.7
1.09
1.52
1.7
1.09
1.52
1.7
1.09
1.52
1.7
1.09
1.52
1.7
1.09
1.52
1.7
1.09
1.52
1.7
1.7
1.7
1.09
1.52
1.7
1.7
1.7
1.09
1.52
1.7
1.7
1.7
1.09
1.52
1.7
1.7
1.7
1.09
1.52
1.7
1.7
1.7
1.09
1.52
1.7
1.7
1.7
1.09
1.52
1.7
1.7
1.7
1.09
1.52
1.7
1.7
1.7
1.09
1.52
1.7
1.09
1.52
1.7
1.09
1.52
1.7
1.09
1.52
1.7
1.09
1.52
1.7
1.09
1.52
1.7
1.09
1.52
1.7
1.09
1.52
1.7
1.09
1.39
1.52
1.52
1.7
1.7
1.7
1.09
1.39
1.52
1.52
1.7
1.7
1.7
1.09
1.39
1.52
1.52
1.7
1.7
1.7
1.09
1.39
1.52
1.52
1.7
1.7
1.7
1.09
1.39
1.52
1.52
1.7
1.7
1.7
1.09
1.39
1.52
1.52
1.7
1.7
1.7
1.09
1.39
1.52
1.52
1.7
1.7
1.7
1.09
1.39
1.52
1.52
1.7
1.7
1.7
1.09
1.39
1.52
1.7
1.7
1.7
1.09
1.39
1.52
1.7
1.7
1.7
1.09
1.39
1.52
1.7
1.7
1.7
1.09
1.39
1.52
1.7
1.7
1.7
1.09
1.39
1.52
1.7
1.7
1.7
1.09
1.39
1.52
1.7
1.7
1.7
1.09
1.39
1.52
1.7
1.7
1.7
1.09
1.39
1.52
1.7
1.7
1.7
1.09
1.39
1.52
1.7
1.7
1.7
1.09
1.39
1.52
1.7
1.7
1.7
1.09
1.39
1.52
1.7
1.7
1.7
1.09
1.39
1.52
1.7
1.7
1.7
1.09
1.39
1.52
1.7
1.7
1.7
1.09
1.39
1.52
1.7
1.7
1.7
1.09
1.39
1.52
1.7
1.7
1.7
1.09
1.39
1.52
1.7
1.7
1.7
1.09
1.52
1.7
1.09
1.52
1.7
1.09
1.52
1.7
1.09
1.52
1.7
1.09
1.52
1.7
1.09
1.52
1.7
1.09
1.52
1.7
1.09
1.52
1.7
1.09
1.52
1.7
1.09
1.52
1.7
1.09
1.52
1.7
1.09
1.52
1.7
1.09
1.52
1.7
1.09
1.52
1.7
1.09
1.52
1.7
1.09
1.52
1.7
1.09
1.52
1.7
1.09
1.52
1.7
1.09
1.52
1.7
1.09
1.52
1.7
1.09
1.52
1.7
1.09
1.52
1.7
1.09
1.52
1.7
1.09
1.52
1.7
1.09
1.39
1.52
1.7
1.7
1.7
1.09
1.52
1.7
1.7
1.7
1.09
1.39
1.52
1.7
1.7
1.7
1.09
1.52
1.7
1.7
1.7
1.09
1.39
1.52
1.7
1.7
1.7
1.09
1.52
1.7
1.7
1.7
1.09
1.39
1.52
1.7
1.7
1.7
1.09
1.52
1.7
1.7
1.7
1.09
1.39
1.52
1.7
1.7
1.7
1.09
1.39
1.52
1.7
1.7
1.7
1.09
1.39
1.52
1.7
1.7
1.7
1.09
1.39
1.52
1.7
1.7
1.7
1.09
1.52
1.7
1.7
1.7
1.09
1.52
1.7
1.7
1.7
1.09
1.52
1.7
1.7
1.7
1.09
1.52
1.7
1.7
1.7
1.09
1.52
1.7
1.09
1.52
1.7
1.09
1.52
1.7
1.09
1.52
1.7
1.09
1.52
1.7
1.09
1.52
1.7
1.09
1.52
1.7
1.09
1.52
1.7
1.09
1.52
1.7
1.09
1.52
1.7
1.09
1.52
1.7
1.09
1.52
1.7
1.09
1.52
1.7
1.09
1.52
1.7
1.09
1.52
1.7
1.09
1.52
1.7
1.09
1.52
1.7
1.7
1.7
1.09
1.52
1.7
1.7
1.7
1.09
1.52
1.7
1.7
1.7
1.09
1.52
1.7
1.7
1.7
1.09
1.52
1.7
1.7
1.7
1.09
1.52
1.7
1.7
1.7
1.09
1.52
1.7
1.7
1.7
1.09
1.52
1.7
1.7
1.7
1.09
1.52
1.7
1.09
1.52
1.7
1.09
1.52
1.7
1.09
1.52
1.7
1.09
1.52
1.7
1.09
1.52
1.7
1.09
1.52
1.7
1.09
1.52
1.7
1.09
1.39
1.52
1.52
1.7
1.7
1.7
1.09
1.39
1.52
1.52
1.7
1.7
1.7
1.09
1.39
1.52
1.52
1.7
1.7
1.7
1.09
1.39
1.52
1.52
1.7
1.7
1.7
1.09
1.39
1.52
1.52
1.7
1.7
1.7
1.09
1.39
1.52
1.52
1.7
1.7
1.7
1.09
1.39
1.52
1.52
1.7
1.7
1.7
1.09
1.39
1.52
1.52
1.7
1.7
1.7
1.09
1.39
1.52
1.7
1.7
1.7
1.09
1.39
1.52
1.7
1.7
1.7
1.09
1.39
1.52
1.7
1.7
1.7
1.09
1.39
1.52
1.7
1.7
1.7
1.09
1.39
1.52
1.7
1.7
1.7
1.09
1.39
1.52
1.7
1.7
1.7
1.09
1.39
1.52
1.7
1.7
1.7
1.09
1.39
1.52
1.7
1.7
1.7
1.09
1.39
1.52
1.7
1.7
1.7
1.09
1.39
1.52
1.7
1.7
1.7
1.09
1.39
1.52
1.7
1.7
1.7
1.09
1.39
1.52
1.7
1.7
1.7
1.09
1.39
1.52
1.7
1.7
1.7
1.09
1.39
1.52
1.7
1.7
1.7
1.09
1.39
1.52
1.7
1.7
1.7
1.09
1.39
1.52
1.7
1.7
1.7
1.09
1.52
1.7
1.09
1.52
1.7
1.09
1.52
1.7
1.09
1.52
1.7
1.09
1.52
1.7
1.09
1.52
1.7
1.09
1.52
1.7
1.09
1.52
1.7
1.09
1.52
1.7
1.09
1.52
1.7
1.09
1.52
1.7
1.09
1.52
1.7
1.09
1.52
1.7
1.09
1.52
1.7
1.09
1.52
1.7
1.09
1.52
1.7
1.09
1.52
1.7
1.09
1.52
1.7
1.09
1.52
1.7
1.09
1.52
1.7
1.09
1.52
1.7
1.09
1.52
1.7
1.09
1.52
1.7
1.09
1.52
1.7
1.09
1.39
1.52
1.7
1.7
1.7
1.09
1.52
1.7
1.7
1.7
1.09
1.39
1.52
1.7
1.7
1.7
1.09
1.52
1.7
1.7
1.7
1.09
1.39
1.52
1.7
1.7
1.7
1.09
1.52
1.7
1.7
1.7
1.09
1.39
1.52
1.7
1.7
1.7
1.09
1.52
1.7
1.7
1.7
1.09
1.39
1.52
1.7
1.7
1.7
1.09
1.39
1.52
1.7
1.7
1.7
1.09
1.39
1.52
1.7
1.7
1.7
1.09
1.39
1.52
1.7
1.7
1.7
1.09
1.52
1.7
1.7
1.7
1.09
1.52
1.7
1.7
1.7
1.09
1.52
1.7
1.7
1.7
1.09
1.52
1.7
1.7
1.7
1.09
1.52
1.7
1.09
1.52
1.7
1.09
1.52
1.7
1.09
1.52
1.7
1.09
1.52
1.7
1.09
1.52
1.7
1.09
1.52
1.7
1.09
1.52
1.7
1.09
1.52
1.7
1.09
1.52
1.7
1.09
1.52
1.7
1.09
1.52
1.7
1.09
1.52
1.7
1.09
1.52
1.7
1.09
1.52
1.7
1.09
1.52
1.7
1.09
1.52
1.7
1.7
1.7
1.09
1.52
1.7
1.7
1.7
1.09
1.52
1.7
1.7
1.7
1.09
1.52
1.7
1.7
1.7
1.09
1.52
1.7
1.7
1.7
1.09
1.52
1.7
1.7
1.7
1.09
1.52
1.7
1.7
1.7
1.09
1.52
1.7
1.7
1.7
1.09
1.52
1.7
1.09
1.52
1.7
1.09
1.52
1.7
1.09
1.52
1.7
1.09
1.52
1.7
1.09
1.52
1.7
1.09
1.52
1.7
1.09
1.52
1.7
1.09
1.39
1.52
1.52
1.7
1.7
1.7
1.09
1.39
1.52
1.52
1.7
1.7
1.7
1.09
1.39
1.52
1.52
1.7
1.7
1.7
1.09
1.39
1.52
1.52
1.7
1.7
1.7
1.09
1.39
1.52
1.52
1.7
1.7
1.7
1.09
1.39
1.52
1.52
1.7
1.7
1.7
1.09
1.39
1.52
1.52
1.7
1.7
1.7
1.09
1.39
1.52
1.52
1.7
1.7
1.7
1.09
1.39
1.52
1.7
1.7
1.7
1.09
1.39
1.52
1.7
1.7
1.7
1.09
1.39
1.52
1.7
1.7
1.7
1.09
1.39
1.52
1.7
1.7
1.7
1.09
1.39
1.52
1.7
1.7
1.7
1.09
1.39
1.52
1.7
1.7
1.7
1.09
1.39
1.52
1.7
1.7
1.7
1.09
1.39
1.52
1.7
1.7
1.7
1.09
1.39
1.52
1.7
1.7
1.7
1.09
1.39
1.52
1.7
1.7
1.7
1.09
1.39
1.52
1.7
1.7
1.7
1.09
1.39
1.52
1.7
1.7
1.7
1.09
1.39
1.52
1.7
1.7
1.7
1.09
1.39
1.52
1.7
1.7
1.7
1.09
1.39
1.52
1.7
1.7
1.7
1.09
1.39
1.52
1.7
1.7
1.7
1.09
1.52
1.7
1.09
1.52
1.7
1.09
1.52
1.7
1.09
1.52
1.7
1.09
1.52
1.7
1.09
1.52
1.7
1.09
1.52
1.7
1.09
1.52
1.7
1.09
1.52
1.7
1.09
1.52
1.7
1.09
1.52
1.7
1.09
1.52
1.7
1.09
1.52
1.7
1.09
1.52
1.7
1.09
1.52
1.7
1.09
1.52
1.7
1.09
1.52
1.7
1.09
1.52
1.7
1.09
1.52
1.7
1.09
1.52
1.7
1.09
1.52
1.7
1.09
1.52
1.7
1.09
1.52
1.7
1.09
1.52
1.7
1.09
1.39
1.52
1.7
1.7
1.7
1.09
1.52
1.7
1.7
1.7
1.09
1.39
1.52
1.7
1.7
1.7
1.09
1.52
1.7
1.7
1.7
1.09
1.39
1.52
1.7
1.7
1.7
1.09
1.52
1.7
1.7
1.7
1.09
1.39
1.52
1.7
1.7
1.7
1.09
1.52
1.7
1.7
1.7
1.09
1.39
1.52
1.7
1.7
1.7
1.09
1.39
1.52
1.7
1.7
1.7
1.09
1.39
1.52
1.7
1.7
1.7
1.09
1.39
1.52
1.7
1.7
1.7
1.09
1.52
1.7
1.7
1.7
1.09
1.52
1.7
1.7
1.7
1.09
1.52
1.7
1.7
1.7
1.09
1.52
1.7
1.7
1.7
1.09
1.52
1.7
1.09
1.52
1.7
1.09
1.52
1.7
1.09
1.52
1.7
1.09
1.52
1.7
1.09
1.52
1.7
1.09
1.52
1.7
1.09
1.52
1.7
1.09
1.52
1.7
1.09
1.52
1.7
1.09
1.52
1.7
1.09
1.52
1.7
1.09
1.52
1.7
1.09
1.52
1.7
1.09
1.52
1.7
1.09
1.52
1.7
1.09
1.52
1.7
1.7
1.7
1.09
1.52
1.7
1.7
1.7
1.09
1.52
1.7
1.7
1.7
1.09
1.52
1.7
1.7
1.7
1.09
1.52
1.7
1.7
1.7
1.09
1.52
1.7
1.7
1.7
1.09
1.52
1.7
1.7
1.7
1.09
1.52
1.7
1.7
1.7
1.09
1.52
1.7
1.09
1.52
1.7
1.09
1.52
1.7
1.09
1.52
1.7
1.09
1.52
1.7
1.09
1.52
1.7
1.09
1.52
1.7
1.09
1.52
1.7
1.09
1.39
1.52
1.52
1.7
1.7
1.7
1.09
1.39
1.52
1.52
1.7
1.7
1.7
1.09
1.39
1.52
1.52
1.7
1.7
1.7
1.09
1.39
1.52
1.52
1.7
1.7
1.7
1.09
1.39
1.52
1.52
1.7
1.7
1.7
1.09
1.39
1.52
1.52
1.7
1.7
1.7
1.09
1.39
1.52
1.52
1.7
1.7
1.7
1.09
1.39
1.52
1.52
1.7
1.7
1.7
1.09
1.39
1.52
1.7
1.7
1.7
1.09
1.39
1.52
1.7
1.7
1.7
1.09
1.39
1.52
1.7
1.7
1.7
1.09
1.39
1.52
1.7
1.7
1.7
1.09
1.39
1.52
1.7
1.7
1.7
1.09
1.39
1.52
1.7
1.7
1.7
1.09
1.39
1.52
1.7
1.7
1.7
1.09
1.39
1.52
1.7
1.7
1.7
1.09
1.39
1.52
1.7
1.7
1.7
1.09
1.39
1.52
1.7
1.7
1.7
1.09
1.39
1.52
1.7
1.7
1.7
1.09
1.39
1.52
1.7
1.7
1.7
1.09
1.39
1.52
1.7
1.7
1.7
1.09
1.39
1.52
1.7
1.7
1.7
1.09
1.39
1.52
1.7
1.7
1.7
1.09
1.39
1.52
1.7
1.7
1.7
1.09
1.52
1.7
1.09
1.52
1.7
1.09
1.52
1.7
1.09
1.52
1.7
1.09
1.52
1.7
1.09
1.52
1.7
1.09
1.52
1.7
1.09
1.52
1.7
1.09
1.52
1.7
1.09
1.52
1.7
1.09
1.52
1.7
1.09
1.52
1.7
1.09
1.52
1.7
1.09
1.52
1.7
1.09
1.52
1.7
1.09
1.52
1.7
1.09
1.52
1.7
1.09
1.52
1.7
1.09
1.52
1.7
1.09
1.52
1.7
1.09
1.52
1.7
1.09
1.52
1.7
1.09
1.52
1.7
1.09
1.52
1.7
1.09
1.39
1.52
1.7
1.7
1.7
1.09
1.52
1.7
1.7
1.7
1.09
1.39
1.52
1.7
1.7
1.7
1.09
1.52
1.7
1.7
1.7
1.09
1.39
1.52
1.7
1.7
1.7
1.09
1.52
1.7
1.7
1.7
1.09
1.39
1.52
1.7
1.7
1.7
1.09
1.52
1.7
1.7
1.7
1.09
1.39
1.52
1.7
1.7
1.7
1.09
1.39
1.52
1.7
1.7
1.7
1.09
1.39
1.52
1.7
1.7
1.7
1.09
1.39
1.52
1.7
1.7
1.7
1.09
1.52
1.7
1.7
1.7
1.09
1.52
1.7
1.7
1.7
1.09
1.52
1.7
1.7
1.7
1.09
1.52
1.7
1.7
1.7
1.09
1.52
1.7
1.09
1.52
1.7
1.09
1.52
1.7
1.09
1.52
1.7
1.09
1.52
1.7
1.09
1.52
1.7
1.09
1.52
1.7
1.09
1.52
1.7
1.09
1.52
1.7
1.09
1.52
1.7
1.09
1.52
1.7
1.09
1.52
1.7
1.09
1.52
1.7
1.09
1.52
1.7
1.09
1.52
1.7
1.09
1.52
1.7
1.09
1.52
1.7
1.7
1.7
1.09
1.52
1.7
1.7
1.7
1.09
1.52
1.7
1.7
1.7
1.09
1.52
1.7
1.7
1.7
1.09
1.52
1.7
1.7
1.7
1.09
1.52
1.7
1.7
1.7
1.09
1.52
1.7
1.7
1.7
1.09
1.52
1.7
1.7
1.7
1.09
1.52
1.7
1.09
1.52
1.7
1.09
1.52
1.7
1.09
1.52
1.7
1.09
1.52
1.7
1.09
1.52
1.7
1.09
1.52
1.7
1.09
1.52
1.7
1.09
1.39
1.52
1.52
1.7
1.7
1.7
1.09
1.39
1.52
1.52
1.7
1.7
1.7
1.09
1.39
1.52
1.52
1.7
1.7
1.7
1.09
1.39
1.52
1.52
1.7
1.7
1.7
1.09
1.39
1.52
1.52
1.7
1.7
1.7
1.09
1.39
1.52
1.52
1.7
1.7
1.7
1.09
1.39
1.52
1.52
1.7
1.7
1.7
1.09
1.39
1.52
1.52
1.7
1.7
1.7
1.09
1.39
1.52
1.7
1.7
1.7
1.09
1.39
1.52
1.7
1.7
1.7
1.09
1.39
1.52
1.7
1.7
1.7
1.09
1.39
1.52
1.7
1.7
1.7
1.09
1.39
1.52
1.7
1.7
1.7
1.09
1.39
1.52
1.7
1.7
1.7
1.09
1.39
1.52
1.7
1.7
1.7
1.09
1.39
1.52
1.7
1.7
1.7
1.09
1.39
1.52
1.7
1.7
1.7
1.09
1.39
1.52
1.7
1.7
1.7
1.09
1.39
1.52
1.7
1.7
1.7
1.09
1.39
1.52
1.7
1.7
1.7
1.09
1.39
1.52
1.7
1.7
1.7
1.09
1.39
1.52
1.7
1.7
1.7
1.09
1.39
1.52
1.7
1.7
1.7
1.09
1.39
1.52
1.7
1.7
1.7
1.09
1.52
1.7
1.09
1.52
1.7
1.09
1.52
1.7
1.09
1.52
1.7
1.09
1.52
1.7
1.09
1.52
1.7
1.09
1.52
1.7
1.09
1.52
1.7
1.09
1.52
1.7
1.09
1.52
1.7
1.09
1.52
1.7
1.09
1.52
1.7
1.09
1.52
1.7
1.09
1.52
1.7
1.09
1.52
1.7
1.09
1.52
1.7
1.09
1.52
1.7
1.09
1.52
1.7
1.09
1.52
1.7
1.09
1.52
1.7
1.09
1.52
1.7
1.09
1.52
1.7
1.09
1.52
1.7
1.09
1.52
1.7
1.09
1.39
1.52
1.7
1.7
1.7
1.09
1.52
1.7
1.7
1.7
1.09
1.39
1.52
1.7
1.7
1.7
1.09
1.52
1.7
1.7
1.7
1.09
1.39
1.52
1.7
1.7
1.7
1.09
1.52
1.7
1.7
1.7
1.09
1.39
1.52
1.7
1.7
1.7
1.09
1.52
1.7
1.7
1.7
1.09
1.39
1.52
1.7
1.7
1.7
1.09
1.39
1.52
1.7
1.7
1.7
1.09
1.39
1.52
1.7
1.7
1.7
1.09
1.39
1.52
1.7
1.7
1.7
1.09
1.52
1.7
1.7
1.7
1.09
1.52
1.7
1.7
1.7
1.09
1.52
1.7
1.7
1.7
1.09
1.52
1.7
1.7
1.7
1.09
1.52
1.7
1.09
1.52
1.7
1.09
1.52
1.7
1.09
1.52
1.7
1.09
1.52
1.7
1.09
1.52
1.7
1.09
1.52
1.7
1.09
1.52
1.7
1.09
1.52
1.7
1.09
1.52
1.7
1.09
1.52
1.7
1.09
1.52
1.7
1.09
1.52
1.7
1.09
1.52
1.7
1.09
1.52
1.7
1.09
1.52
1.7
1.09
1.52
1.7
1.7
1.7
1.09
1.52
1.7
1.7
1.7
1.09
1.52
1.7
1.7
1.7
1.09
1.52
1.7
1.7
1.7
1.09
1.52
1.7
1.7
1.7
1.09
1.52
1.7
1.7
1.7
1.09
1.52
1.7
1.7
1.7
1.09
1.52
1.7
1.7
1.7
1.09
1.52
1.7
1.09
1.52
1.7
1.09
1.52
1.7
1.09
1.52
1.7
1.09
1.52
1.7
1.09
1.52
1.7
1.09
1.52
1.7
1.09
1.52
1.7
1.09
VECTORS vectors float
0.4375 0 0
0.03125 0 0
0.03125 0 0
0.3125 0 0
0.3125 0 0
0.3125 0 0
0.25 0 0
0.4375 0 0
0.03125 0 0
0.03125 0 0
0.3125 0 0
0.3125 0 0
0.3125 0 0
0.25 0 0
0.4375 0 0
0.03125 0 0
0.03125 0 0
0.3125 0 0
0.3125 0 0
0.3125 0 0
0.25 0 0
0.4375 0 0
0.03125 0 0
0.03125 0 0
0.3125 0 0
0.3125 0 0
0.3125 0 0
0.25 0 0
0.4375 0 0
0.03125 0 0
0.03125 0 0
0.3125 0 0
0.3125 0 0
0.3125 0 0
0.25 0 0
0.4375 0 0
0.03125 0 0
0.03125 0 0
0.3125 0 0
0.3125 0 0
0.3125 0 0
0.25 0 0
0.4375 0 0
0.03125 0 0
0.03125 0 0
0.3125 0 0
0.3125 0 0
0.3125 0 0
0.25 0 0
0.4375 0 0
0.03125 0 0
0.03125 0 0
0.3125 0 0
0.3125 0 0
0.3125 0 0
0.25 0 0
0.4375 0 0
0.03125 0 0
0.3125 0 0
0.3125 0 0
0.3125 0 0
0.25 0 0
0.4375 0 0
0.03125 0 0
0.3125 0 0
0.3125 0 0
0.3125 0 0
0.25 0 0
0.4375 0 0
0.03125 0 0
0.3125 0 0
0.3125 0 0
0.3125 0 0
0.25 0 0
0.4375 0 0
0.03125 0 0
0.3125 0 0
0.3125 0 0
0.3125 0 0
0.25 0 0
0.4375 0 0
0.03125 0 0
0.3125 0 0
0.3125 0 0
0.3125 0 0
0.25 0 0
0.4375 0 0
0.03125 0 0
0.3125 0 0
0.3125 0 0
0.3125 0 0
0.25 0 0
0.4375 0 0
0.03125 0 0
0.3125 0 0
0.3125 0 0
0.3125 0 0
0.25 0 0
0.4375 0 0
0.03125 0 0
0.3125 0 0
0.3125 0 0
0.3125 0 0
0.25 0 0
0.4375 0 0
0.03125 0 0
0.3125 0 0
0.3125 0 0
0.3125 0 0
0.25 0 0
0.4375 0 0
0.03125 0 0
0.3125 0 0
0.3125 0 0
0.3125 0 0
0.25 0 0
0.4375 0 0
0.03125 0 0
0.3125 0 0
0.3125 0 0
0.3125 0 0
0.25 0 0
0.4375 0 0
0.03125 0 0
0.3125 0 0
0.3125 0 0
0.3125 0 0
0.25 0 0
0.4375 0 0
0.03125 0 0
0.3125 0 0
0.3125 0 0
0.3125 0 0
0.25 0 0
0.4375 0 0
0.03125 0 0
0.3125 0 0
0.3125 0 0
0.3125 0 0
0.25 0 0
0.4375 0 0
0.03125 0 0
0.3125 0 0
0.3125 0 0
0.3125 0 0
0.25 0 0
0.4375 0 0
0.03125 0 0
0.3125 0 0
0.3125 0 0
0.3125 0 0
0.25 0 0
0.03125 0 0
0.3125 0 0
0.25 0 0
0.03125 0 0
0.3125 0 0
0.25 0 0
0.03125 0 0
0.3125 0 0
0.25 0 0
0.03125 0 0
0.3125 0 0
0.25 0 0
0.03125 0 0
0.3125 0 0
0.25 0 0
0.03125 0 0
0.3125 0 0
0.25 0 0
0.03125 0 0
0.3125 0 0
0.25 0 0
0.03125 0 0
0.3125 0 0
0.25 0 0
0.03125 0 0
0.3125 0 0
0.25 0 0
0.03125 0 0
0.3125 0 0
0.25 0 0
0.03125 0 0
0.3125 0 0
0.25 0 0
0.03125 0 0
0.3125 0 0
0.25 0 0
0.03125 0 0
0.3125 0 0
0.25 0 0
0.03125 0 0
0.3125 0 0
0.25 0 0
0.03125 0 0
0.3125 0 0
0.25 0 0
0.03125 0 0
0.3125 0 0
0.25 0 0
0.03125 0 0
0.3125 0 0
0.25 0 0
0.03125 0 0
0.3125 0 0
0.25 0 0
0.03125 0 0
0.3125 0 0
0.25 0 0
0.03125 0 0
0.3125 0 0
0.25 0 0
0.03125 0 0
0.3125 0 0
0.25 0 0
0.03125 0 0
0.3125 0 0
0.25 0 0
0.03125 0 0
0.3125 0 0
0.25 0 0
0.03125 0 0
0.3125 0 0
0.25 0 0
0.4375 0 0
0.03125 0 0
0.3125 0 0
0.3125 0 0
0.3125 0 0
0.25 0 0
0.03125 0 0
0.3125 0 0
0.3125 0 0
0.3125 0 0
0.25 0 0
0.4375 0 0
0.03125 0 0
0.3125 0 0
0.3125 0 0
0.3125 0 0
0.25 0 0
0.03125 0 0
0.3125 0 0
0.3125 0 0
0.3125 0 0
0.25 0 0
0.4375 0 0
0.03125 0 0
0.3125 0 0
0.3125 0 0
0.3125 0 0
0.25 0 0
0.03125 0 0
0.3125 0 0
0.3125 0 0
0.3125 0 0
0.25 0 0
0.4375 0 0
0.03125 0 0
0.3125 0 0
0.3125 0 0
0.3125 0 0
0.25 0 0
0.03125 0 0
0.3125 0 0
0.3125 0 0
0.3125 0 0
0.25 0 0
0.4375 0 0
0.03125 0 0
0.3125 0 0
0.3125 0 0
0.3125 0 0
0.25 0 0
0.4375 0 0
0.03125 0 0
0.3125 0 0
0.3125 0 0
0.3125 0 0
0.25 0 0
0.4375 0 0
0.03125 0 0
0.3125 0 0
0.3125 0 0
0.3125 0 0
0.25 0 0
0.4375 0 0
0.03125 0 0
0.3125 0 0
0.3125 0 0
0.3125 0 0
0.25 0 0
0.03125 0 0
0.3125 0 0
0.3125 0 0
0.3125 0 0
0.25 0 0
0.03125 0 0
0.3125 0 0
0.3125 0 0
0.3125 0 0
0.25 0 0
0.03125 0 0
0.3125 0 0
0.3125 0 0
0.3125 0 0
0.25 0 0
0.03125 0 0
0.3125 0 0
0.3125 0 0
0.3125 0 0
0.25 0 0
0.03125 0 0
0.3125 0 0
0.25 0 0
0.03125 0 0
0.3125 0 0
0.25 0 0
0.03125 0 0
0.3125 0 0
0.25 0 0
0.03125 0 0
0.3125 0 0
0.25 0 0
0.03125 0 0
0.3125 0 0
0.25 0 0
0.03125 0 0
0.3125 0 0
0.25 0 0
0.03125 0 0
0.3125 0 0
0.25 0 0
0.03125 0 0
0.3125 0 0
0.25 0 0
0.03125 0 0
0.3125 0 0
0.25 0 0
0.03125 0 0
0.3125 0 0
0.25 0 0
0.03125 0 0
0.3125 0 0
0.25 0 0
0.03125 0 0
0.3125 0 0
0.25 0 0
0.03125 0 0
0.3125 0 0
0.25 0 0
0.03125 0 0
0.3125 0 0
0.25 0 0
0.03125 0 0
0.3125 0 0
0.25 0 0
0.03125 0 0
0.3125 0 0
0.25 0 0
0.03125 0 0
0.3125 0 0
0.3125 0 0
0.3125 0 0
0.25 0 0
0.03125 0 0
0.3125 0 0
0.3125 0 0
0.3125 0 0
0.25 0 0
0.03125 0 0
0.3125 0 0
0.3125 0 0
0.3125 0 0
0.25 0 0
0.03125 0 0
0.3125 0 0
0.3125 0 0
0.3125 0 0
0.25 0 0
0.03125 0 0
0.3125 0 0
0.3125 0 0
0.3125 0 0
0.25 0 0
0.03125 0 0
0.3125 0 0
0.3125 0 0
0.3125 0 0
0.25 0 0
0.03125 0 0
0.3125 0 0
0.3125 0 0
0.3125 0 0
0.25 0 0
0.03125 0 0
0.3125 0 0
0.3125 0 0
0.3125 0 0
0.25 0 0
0.03125 0 0
0.3125 0 0
0.25 0 0
0.03125 0 0
0.3125 0 0
0.25 0 0
0.03125 0 0
0.3125 0 0
0.25 0 0
0.03125 0 0
0.3125 0 0
0.25 0 0
0.03125 0 0
0.3125 0 0
0.25 0 0
0.03125 0 0
0.3125 0 0
0.25 0 0
0.03125 0 0
0.3125 0 0
0.25 0 0
0.03125 0 0
0.3125 0 0
0.25 0 0
0.4375 0 0
0.03125 0 0
0.03125 0 0
0.3125 0 0
0.3125 0 0
0.3125 0 0
0.25 0 0
0.4375 0 0
0.03125 0 0
0.03125 0 0
0.3125 0 0
0.3125 0 0
0.3125 0 0
0.25 0 0
0.4375 0 0
0.03125 0 0
0.03125 0 0
0.3125 0 0
0.3125 0 0
0.3125 0 0
0.25 0 0
0.4375 0 0
0.03125 0 0
0.03125 0 0
0.3125 0 0
0.3125 0 0
0.3125 0 0
0.25 0 0
0.4375 0 0
0.03125 0 0
0.03125 0 0
0.3125 0 0
0.3125 0 0
0.3125 0 0
0.25 0 0
0.4375 0 0
0.03125 0 0
0.03125 0 0
0.3125 0 0
0.3125 0 0
0.3125 0 0
0.25 0 0
0.4375 0 0
0.03125 0 0
0.03125 0 0
0.3125 0 0
0.3125 0 0
0.3125 0 0
0.25 0 0
0.4375 0 0
0.03125 0 0
0.03125 0 0
0.3125 0 0
0.3125 0 0
0.3125 0 0
0.25 0 0
0.4375 0 0
0.03125 0 0
0.3125 0 0
0.3125 0 0
0.3125 0 0
0.25 0 0
0.4375 0 0
0.03125 0 0
0.3125 0 0
0.3125 0 0
0.3125 0 0
0.25 0 0
0.4375 0 0
0.03125 0 0
0.3125 0 0
0.3125 0 0
0.3125 0 0
0.25 0 0
0.4375 0 0
0.03125 0 0
0.3125 0 0
0.3125 0 0
0.3125 0 0
0.25 0 0
0.4375 0 0
0.03125 0 0
0.3125 0 0
0.3125 0 0
0.3125 0 0
0.25 0 0
0.4375 0 0
0.03125 0 0
0.3125 0 0
0.3125 0 0
0.3125 0 0
0.25 0 0
0.4375 0 0
0.03125 0 0
0.3125 0 0
0.3125 0 0
0.3125 0 0
0.25 0 0
0.4375 0 0
0.03125 0 0
0.3125 0 0
0.3125 0 0
0.3125 0 0
0.25 0 0
0.4375 0 0
0.03125 0 0
0.3125 0 0
0.3125 0 0
0.3125 0 0
0.25 0 0
0.4375 0 0
0.03125 0 0
0.3125 0 0
0.3125 0 0
0.3125 0 0
0.25 0 0
0.4375 0 0
0.03125 0 0
0.3125 0 0
0.3125 0 0
0.3125 0 0
0.25 0 0
0.4375 0 0
0.03125 0 0
0.3125 0 0
0.3125 0 0
0.3125 0 0
0.25 0 0
0.4375 0 0
0.03125 0 0
0.3125 0 0
0.3125 0 0
0.3125 0 0
0.25 0 0
0.4375 0 0
0.03125 0 0
0.3125 0 0
0.3125 0 0
0.3125 0 0
0.25 0 0
0.4375 0 0
0.03125 0 0
0.3125 0 0
0.3125 0 0
0.3125 0 0
0.25 0 0
0.4375 0 0
0.03125 0 0
0.3125 0 0
0.3125 0 0
0.3125 0 0
0.25 0 0
0.03125 0 0
0.3125 0 0
0.25 0 0
0.03125 0 0
0.3125 0 0
0.25 0 0
0.03125 0 0
0.3125 0 0
0.25 0 0
0.03125 0 0
0.3125 0 0
0.25 0 0
0.03125 0 0
0.3125 0 0
0.25 0 0
0.03125 0 0
0.3125 0 0
0.25 0 0
0.03125 0 0
0.3125 0 0
0.25 0 0
0.03125 0 0
0.3125 0 0
0.25 0 0
0.03125 0 0
0.3125 0 0
0.25 0 0
0.03125 0 0
0.3125 0 0
0.25 0 0
0.03125 0 0
0.3125 0 0
0.25 0 0
0.03125 0 0
0.3125 0 0
0.25 0 0
0.03125 0 0
0.3125 0 0
0.25 0 0
0.03125 0 0
0.3125 0 0
0.25 0 0
0.03125 0 0
0.3125 0 0
0.25 0 0
0.03125 0 0
0.3125 0 0
0.25 0 0
0.03125 0 0
0.3125 0 0
0.25 0 0
0.03125 0 0
0.3125 0 0
0.25 0 0
0.03125 0 0
0.3125 0 0
0.25 0 0
0.03125 0 0
0.3125 0 0
0.25 0 0
0.03125 0 0
0.3125 0 0
0.25 0 0
0.03125 0 0
0.3125 0 0
0.25 0 0
0.03125 0 0
0.3125 0 0
0.25 0 0
0.03125 0 0
0.3125 0 0
0.25 0 0
0.4375 0 0
0.03125 0 0
0.3125 0 0
0.3125 0 0
0.3125 0 0
0.25 0 0
0.03125 0 0
0.3125 0 0
0.3125 0 0
0.3125 0 0
0.25 0 0
0.4375 0 0
0.03125 0 0
0.3125 0 0
0.3125 0 0
0.3125 0 0
0.25 0 0
0.03125 0 0
0.3125 0 0
0.3125 0 0
0.3125 0 0
0.25 0 0
0.4375 0 0
0.03125 0 0
0.3125 0 0
0.3125 0 0
0.3125 0 0
0.25 0 0
0.03125 0 0
0.3125 0 0
0.3125 0 0
0.3125 0 0
0.25 0 0
0.4375 0 0
0.03125 0 0
0.3125 0 0
0.3125 0 0
0.3125 0 0
0.25 0 0
0.03125 0 0
0.3125 0 0
0.3125 0 0
0.3125 0 0
0.25 0 0
0.4375 0 0
0.03125 0 0
0.3125 0 0
0.3125 0 0
0.3125 0 0
0.25 0 0
0.4375 0 0
0.03125 0 0
0.3125 0 0
0.3125 0 0
0.3125 0 0
0.25 0 0
0.4375 0 0
0.03125 0 0
0.3125 0 0
0.3125 0 0
0.3125 0 0
0.25 0 0
0.4375 0 0
0.03125 0 0
0.3125 0 0
0.3125 0 0
0.3125 0 0
0.25 0 0
0.03125 0 0
0.3125 0 0
0.3125 0 0
0.3125 0 0
0.25 0 0
0.03125 0 0
0.3125 0 0
0.3125 0 0
0.3125 0 0
0.25 0 0
0.03125 0 0
0.3125 0 0
0.3125 0 0
0.3125 0 0
0.25 0 0
0.03125 0 0
0.3125 0 0
0.3125 0 0
0.3125 0 0
0.25 0 0
0.03125 0 0
0.3125 0 0
0.25 0 0
0.03125 0 0
0.3125 0 0
0.25 0 0
0.03125 0 0
0.3125 0 0
0.25 0 0
0.03125 0 0
0.3125 0 0
0.25 0 0
0.03125 0 0
0.3125 0 0
0.25 0 0
0.03125 0 0
0.3125 0 0
0.25 0 0
0.03125 0 0
0.3125 0 0
0.25 0 0
0.03125 0 0
0.3125 0 0
0.25 0 0
0.03125 0 0
0.3125 0 0
0.25 0 0
0.03125 0 0
0.3125 0 0
0.25 0 0
0.03125 0 0
0.3125 0 0
0.25 0 0
0.03125 0 0
0.3125 0 0
0.25 0 0
0.03125 0 0
0.3125 0 0
0.25 0 0
0.03125 0 0
0.3125 0 0
0.25 0 0
0.03125 0 0
0.3125 0 0
0.25 0 0
0.03125 0 0
0.3125 0 0
0.25 0 0
0.03125 0 0
0.3125 0 0
0.3125 0 0
0.3125 0 0
0.25 0 0
0.03125 0 0
0.3125 0 0
0.3125 0 0
0.3125 0 0
0.25 0 0
0.03125 0 0
0.3125 0 0
0.3125 0 0
0.3125 0 0
0.25 0 0
0.03125 0 0
0.3125 0 0
0.3125 0 0
0.3125 0 0
0.25 0 0
0.03125 0 0
0.3125 0 0
0.3125 0 0
0.3125 0 0
0.25 0 0
0.03125 0 0
0.3125 0 0
0.3125 0 0
0.3125 0 0
0.25 0 0
0.03125 0 0
0.3125 0 0
0.3125 0 0
0.3125 0 0
0.25 0 0
0.03125 0 0
0.3125 0 0
0.3125 0 0
0.3125 0 0
0.25 0 0
0.03125 0 0
0.3125 0 0
0.25 0 0
0.03125 0 0
0.3125 0 0
0.25 0 0
0.03125 0 0
0.3125 0 0
0.25 0 0
0.03125 0 0
0.3125 0 0
0.25 0 0
0.03125 0 0
0.3125 0 0
0.25 0 0
0.03125 0 0
0.3125 0 0
0.25 0 0
0.03125 0 0
0.3125 0 0
0.25 0 0
0.03125 0 0
0.3125 0 0
0.25 0 0
0.4375 0 0
0.03125 0 0
0.03125 0 0
0.3125 0 0
0.3125 0 0
0.3125 0 0
0.25 0 0
0.4375 0 0
0.03125 0 0
0.03125 0 0
0.3125 0 0
0.3125 0 0
0.3125 0 0
0.25 0 0
0.4375 0 0
0.03125 0 0
0.03125 0 0
0.3125 0 0
0.3125 0 0
0.3125 0 0
0.25 0 0
0.4375 0 0
0.03125 0 0
0.03125 0 0
0.3125 0 0
0.3125 0 0
0.3125 0 0
0.25 0 0
0.4375 0 0
0.03125 0 0
0.03125 0 0
0.3125 0 0
0.3125 0 0
0.3125 0 0
0.25 0 0
0.4375 0 0
0.03125 0 0
0.03125 0 0
0.3125 0 0
0.3125 0 0
0.3125 0 0
0.25 0 0
0.4375 0 0
0.03125 0 0
0.03125 0 0
0.3125 0 0
0.3125 0 0
0.3125 0 0
0.25 0 0
0.4375 0 0
0.03125 0 0
0.03125 0 0
0.3125 0 0
0.3125 0 0
0.3125 0 0
0.25 0 0
0.4375 0 0
0.03125 0 0
0.3125 0 0
0.3125 0 0
0.3125 0 0
0.25 0 0
0.4375 0 0
0.03125 0 0
0.3125 0 0
0.3125 0 0
0.3125 0 0
0.25 0 0
0.4375 0 0
0.03125 0 0
0.3125 0 0
0.3125 0 0
0.3125 0 0
0.25 0 0
0.4375 0 0
0.03125 0 0
0.3125 0 0
0.3125 0 0
0.3125 0 0
0.25 0 0
0.4375 0 0
0.03125 0 0
0.3125 0 0
0.3125 0 0
0.3125 0 0
0.25 0 0
0.4375 0 0
0.03125 0 0
0.3125 0 0
0.3125 0 0
0.3125 0 0
0.25 0 0
0.4375 0 0
0.03125 0 0
0.3125 0 0
0.3125 0 0
0.3125 0 0
0.25 0 0
0.4375 0 0
0.03125 0 0
0.3125 0 0
0.3125 0 0
0.3125 0 0
0.25 0 0
0.4375 0 0
0.03125 0 0
0.3125 0 0
0.3125 0 0
0.3125 0 0
0.25 0 0
0.4375 0 0
0.03125 0 0
0.3125 0 0
0.3125 0 0
0.3125 0 0
0.25 0 0
0.4375 0 0
0.03125 0 0
0.3125 0 0
0.3125 0 0
0.3125 0 0
0.25 0 0
0.4375 0 0
0.03125 0 0
0.3125 0 0
0.3125 0 0
0.3125 0 0
0.25 0 0
0.4375 0 0
0.03125 0 0
0.3125 0 0
0.3125 0 0
0.3125 0 0
0.25 0 0
0.4375 0 0
0.03125 0 0
0.3125 0 0
0.3125 0 0
0.3125 0 0
0.25 0 0
0.4375 0 0
0.03125 0 0
0.3125 0 0
0.3125 0 0
0.3125 0 0
0.25 0 0
0.4375 0 0
0.03125 0 0
0.3125 0 0
0.3125 0 0
0.3125 0 0
0.25 0 0
0.03125 0 0
0.3125 0 0
0.25 0 0
0.03125 0 0
0.3125 0 0
0.25 0 0
0.03125 0 0
0.3125 0 0
0.25 0 0
0.03125 0 0
0.3125 0 0
0.25 0 0
0.03125 0 0
0.3125 0 0
0.25 0 0
0.03125 0 0
0.3125 0 0
0.25 0 0
0.03125 0 0
0.3125 0 0
0.25 0 0
0.03125 0 0
0.3125 0 0
0.25 0 0
0.03125 0 0
0.3125 0 0
0.25 0 0
0.03125 0 0
0.3125 0 0
0.25 0 0
0.03125 0 0
0.3125 0 0
0.25 0 0
0.03125 0 0
0.3125 0 0
0.25 0 0
0.03125 0 0
0.3125 0 0
0.25 0 0
0.03125 0 0
0.3125 0 0
0.25 0 0
0.03125 0 0
0.3125 0 0
0.25 0 0
0.03125 0 0
0.3125 0 0
0.25 0 0
0.03125 0 0
0.3125 0 0
0.25 0 0
0.03125 0 0
0.3125 0 0
0.25 0 0
0.03125 0 0
0.3125 0 0
0.25 0 0
0.03125 0 0
0.3125 0 0
0.25 0 0
0.03125 0 0
0.3125 0 0
0.25 0 0
0.03125 0 0
0.3125 0 0
0.25 0 0
0.03125 0 0
0.3125 0 0
0.25 0 0
0.03125 0 0
0.3125 0 0
0.25 0 0
0.4375 0 0
0.03125 0 0
0.3125 0 0
0.3125 0 0
0.3125 0 0
0.25 0 0
0.03125 0 0
0.3125 0 0
0.3125 0 0
0.3125 0 0
0.25 0 0
0.4375 0 0
0.03125 0 0
0.3125 0 0
0.3125 0 0
0.3125 0 0
0.25 0 0
0.03125 0 0
0.3125 0 0
0.3125 0 0
0.3125 0 0
0.25 0 0
0.4375 0 0
0.03125 0 0
0.3125 0 0
0.3125 0 0
0.3125 0 0
0.25 0 0
0.03125 0 0
0.3125 0 0
0.3125 0 0
0.3125 0 0
0.25 0 0
0.4375 0 0
0.03125 0 0
0.3125 0 0
0.3125 0 0
0.3125 0 0
0.25 0 0
0.03125 0 0
0.3125 0 0
0.3125 0 0
0.3125 0 0
0.25 0 0
0.4375 0 0
0.03125 0 0
0.3125 0 0
0.3125 0 0
0.3125 0 0
0.25 0 0
0.4375 0 0
0.03125 0 0
0.3125 0 0
0.3125 0 0
0.3125 0 0
0.25 0 0
0.4375 0 0
0.03125 0 0
0.3125 0 0
0.3125 0 0
0.3125 0 0
0.25 0 0
0.4375 0 0
0.03125 0 0
0.3125 0 0
0.3125 0 0
0.3125 0 0
0.25 0 0
0.03125 0 0
0.3125 0 0
0.3125 0 0
0.3125 0 0
0.25 0 0
0.03125 0 0
0.3125 0 0
0.3125 0 0
0.3125 0 0
0.25 0 0
0.03125 0 0
0.3125 0 0
0.3125 0 0
0.3125 0 0
0.25 0 0
0.03125 0 0
0.3125 0 0
0.3125 0 0
0.3125 0 0
0.25 0 0
0.03125 0 0
0.3125 0 0
0.25 0 0
0.03125 0 0
0.3125 0 0
0.25 0 0
0.03125 0 0
0.3125 0 0
0.25 0 0
0.03125 0 0
0.3125 0 0
0.25 0 0
0.03125 0 0
0.3125 0 0
0.25 0 0
0.03125 0 0
0.3125 0 0
0.25 0 0
0.03125 0 0
0.3125 0 0
0.25 0 0
0.03125 0 0
0.3125 0 0
0.25 0 0
0.03125 0 0
0.3125 0 0
0.25 0 0
0.03125 0 0
0.3125 0 0
0.25 0 0
0.03125 0 0
0.3125 0 0
0.25 0 0
0.03125 0 0
0.3125 0 0
0.25 0 0
0.03125 0 0
0.3125 0 0
0.25 0 0
0.03125 0 0
0.3125 0 0
0.25 0 0
0.03125 0 0
0.3125 0 0
0.25 0 0
0.03125 0 0
0.3125 0 0
0.25 0 0
0.03125 0 0
0.3125 0 0
0.3125 0 0
0.3125 0 0
0.25 0 0
0.03125 0 0
0.3125 0 0
0.3125 0 0
0.3125 0 0
0.25 0 0
0.03125 0 0
0.3125 0 0
0.3125 0 0
0.3125 0 0
0.25 0 0
0.03125 0 0
0.3125 0 0
0.3125 0 0
0.3125 0 0
0.25 0 0
0.03125 0 0
0.3125 0 0
0.3125 0 0
0.3125 0 0
0.25 0 0
0.03125 0 0
0.3125 0 0
0.3125 0 0
0.3125 0 0
0.25 0 0
0.03125 0 0
0.3125 0 0
0.3125 0 0
0.3125 0 0
0.25 0 0
0.03125 0 0
0.3125 0 0
0.3125 0 0
0.3125 0 0
0.25 0 0
0.03125 0 0
0.3125 0 0
0.25 0 0
0.03125 0 0
0.3125 0 0
0.25 0 0
0.03125 0 0
0.3125 0 0
0.25 0 0
0.03125 0 0
0.3125 0 0
0.25 0 0
0.03125 0 0
0.3125 0 0
0.25 0 0
0.03125 0 0
0.3125 0 0
0.25 0 0
0.03125 0 0
0.3125 0 0
0.25 0 0
0.03125 0 0
0.3125 0 0
0.25 0 0
0.4375 0 0
0.03125 0 0
0.03125 0 0
0.3125 0 0
0.3125 0 0
0.3125 0 0
0.25 0 0
0.4375 0 0
0.03125 0 0
0.03125 0 0
0.3125 0 0
0.3125 0 0
0.3125 0 0
0.25 0 0
0.4375 0 0
0.03125 0 0
0.03125 0 0
0.3125 0 0
0.3125 0 0
0.3125 0 0
0.25 0 0
0.4375 0 0
0.03125 0 0
0.03125 0 0
0.3125 0 0
0.3125 0 0
0.3125 0 0
0.25 0 0
0.4375 0 0
0.03125 0 0
0.03125 0 0
0.3125 0 0
0.3125 0 0
0.3125 0 0
0.25 0 0
0.4375 0 0
0.03125 0 0
0.03125 0 0
0.3125 0 0
0.3125 0 0
0.3125 0 0
0.25 0 0
0.4375 0 0
0.03125 0 0
0.03125 0 0
0.3125 0 0
0.3125 0 0
0.3125 0 0
0.25 0 0
0.4375 0 0
0.03125 0 0
0.03125 0 0
0.3125 0 0
0.3125 0 0
0.3125 0 0
0.25 0 0
0.4375 0 0
0.03125 0 0
0.3125 0 0
0.3125 0 0
0.3125 0 0
0.25 0 0
0.4375 0 0
0.03125 0 0
0.3125 0 0
0.3125 0 0
0.3125 0 0
0.25 0 0
0.4375 0 0
0.03125 0 0
0.3125 0 0
0.3125 0 0
0.3125 0 0
0.25 0 0
0.4375 0 0
0.03125 0 0
0.3125 0 0
0.3125 0 0
0.3125 0 0
0.25 0 0
0.4375 0 0
0.03125 0 0
0.3125 0 0
0.3125 0 0
0.3125 0 0
0.25 0 0
0.4375 0 0
0.03125 0 0
0.3125 0 0
0.3125 0 0
0.3125 0 0
0.25 0 0
0.4375 0 0
0.03125 0 0
0.3125 0 0
0.3125 0 0
0.3125 0 0
0.25 0 0
0.4375 0 0
0.03125 0 0
0.3125 0 0
0.3125 0 0
0.3125 0 0
0.25 0 0
0.4375 0 0
0.03125 0 0
0.3125 0 0
0.3125 0 0
0.3125 0 0
0.25 0 0
0.4375 0 0
0.03125 0 0
0.3125 0 0
0.3125 0 0
0.3125 0 0
0.25 0 0
0.4375 0 0
0.03125 0 0
0.3125 0 0
0.3125 0 0
0.3125 0 0
0.25 0 0
0.4375 0 0
0.03125 0 0
0.3125 0 0
0.3125 0 0
0.3125 0 0
0.25 0 0
0.4375 0 0
0.03125 0 0
0.3125 0 0
0.3125 0 0
0.3125 0 0
0.25 0 0
0.4375 0 0
0.03125 0 0
0.3125 0 0
0.3125 0 0
0.3125 0 0
0.25 0 0
0.4375 0 0
0.03125 0 0
0.3125 0 0
0.3125 0 0
0.3125 0 0
0.25 0 0
0.4375 0 0
0.03125 0 0
0.3125 0 0
0.3125 0 0
0.3125 0 0
0.25 0 0
0.03125 0 0
0.3125 0 0
0.25 0 0
0.03125 0 0
0.3125 0 0
0.25 0 0
0.03125 0 0
0.3125 0 0
0.25 0 0
0.03125 0 0
0.3125 0 0
0.25 0 0
0.03125 0 0
0.3125 0 0
0.25 0 0
0.03125 0 0
0.3125 0 0
0.25 0 0
0.03125 0 0
0.3125 0 0
0.25 0 0
0.03125 0 0
0.3125 0 0
0.25 0 0
0.03125 0 0
0.3125 0 0
0.25 0 0
0.03125 0 0
0.3125 0 0
0.25 0 0
0.03125 0 0
0.3125 0 0
0.25 0 0
0.03125 0 0
0.3125 0 0
0.25 0 0
0.03125 0 0
0.3125 0 0
0.25 0 0
0.03125 0 0
0.3125 0 0
0.25 0 0
0.03125 0 0
0.3125 0 0
0.25 0 0
0.03125 0 0
0.3125 0 0
0.25 0 0
0.03125 0 0
0.3125 0 0
0.25 0 0
0.03125 0 0
0.3125 0 0
0.25 0 0
0.03125 0 0
0.3125 0 0
0.25 0 0
0.03125 0 0
0.3125 0 0
0.25 0 0
0.03125 0 0
0.3125 0 0
0.25 0 0
0.03125 0 0
0.3125 0 0
0.25 0 0
0.03125 0 0
0.3125 0 0
0.25 0 0
0.03125 0 0
0.3125 0 0
0.25 0 0
0.4375 0 0
0.03125 0 0
0.3125 0 0
0.3125 0 0
0.3125 0 0
0.25 0 0
0.03125 0 0
0.3125 0 0
0.3125 0 0
0.3125 0 0
0.25 0 0
0.4375 0 0
0.03125 0 0
0.3125 0 0
0.3125 0 0
0.3125 0 0
0.25 0 0
0.03125 0 0
0.3125 0 0
0.3125 0 0
0.3125 0 0
0.25 0 0
0.4375 0 0
0.03125 0 0
0.3125 0 0
0.3125 0 0
0.3125 0 0
0.25 0 0
0.03125 0 0
0.3125 0 0
0.3125 0 0
0.3125 0 0
0.25 0 0
0.4375 0 0
0.03125 0 0
0.3125 0 0
0.3125 0 0
0.3125 0 0
0.25 0 0
0.03125 0 0
0.3125 0 0
0.3125 0 0
0.3125 0 0
0.25 0 0
0.4375 0 0
0.03125 0 0
0.3125 0 0
0.3125 0 0
0.3125 0 0
0.25 0 0
0.4375 0 0
0.03125 0 0
0.3125 0 0
0.3125 0 0
0.3125 0 0
0.25 0 0
0.4375 0 0
0.03125 0 0
0.3125 0 0
0.3125 0 0
0.3125 0 0
0.25 0 0
0.4375 0 0
0.03125 0 0
0.3125 0 0
0.3125 0 0
0.3125 0 0
0.25 0 0
0.03125 0 0
0.3125 0 0
0.3125 0 0
0.3125 0 0
0.25 0 0
0.03125 0 0
0.3125 0 0
0.3125 0 0
0.3125 0 0
0.25 0 0
0.03125 0 0
0.3125 0 0
0.3125 0 0
0.3125 0 0
0.25 0 0
0.03125 0 0
0.3125 0 0
0.3125 0 0
0.3125 0 0
0.25 0 0
0.03125 0 0
0.3125 0 0
0.25 0 0
0.03125 0 0
0.3125 0 0
0.25 0 0
0.03125 0 0
0.3125 0 0
0.25 0 0
0.03125 0 0
0.3125 0 0
0.25 0 0
0.03125 0 0
0.3125 0 0
0.25 0 0
0.03125 0 0
0.3125 0 0
0.25 0 0
0.03125 0 0
0.3125 0 0
0.25 0 0
0.03125 0 0
0.3125 0 0
0.25 0 0
0.03125 0 0
0.3125 0 0
0.25 0 0
0.03125 0 0
0.3125 0 0
0.25 0 0
0.03125 0 0
0.3125 0 0
0.25 0 0
0.03125 0 0
0.3125 0 0
0.25 0 0
0.03125 0 0
0.3125 0 0
0.25 0 0
0.03125 0 0
0.3125 0 0
0.25 0 0
0.03125 0 0
0.3125 0 0
0.25 0 0
0.03125 0 0
0.3125 0 0
0.25 0 0
0.03125 0 0
0.3125 0 0
0.3125 0 0
0.3125 0 0
0.25 0 0
0.03125 0 0
0.3125 0 0
0.3125 0 0
0.3125 0 0
0.25 0 0
0.03125 0 0
0.3125 0 0
0.3125 0 0
0.3125 0 0
0.25 0 0
0.03125 0 0
0.3125 0 0
0.3125 0 0
0.3125 0 0
0.25 0 0
0.03125 0 0
0.3125 0 0
0.3125 0 0
0.3125 0 0
0.25 0 0
0.03125 0 0
0.3125 0 0
0.3125 0 0
0.3125 0 0
0.25 0 0
0.03125 0 0
0.3125 0 0
0.3125 0 0
0.3125 0 0
0.25 0 0
0.03125 0 0
0.3125 0 0
0.3125 0 0
0.3125 0 0
0.25 0 0
0.03125 0 0
0.3125 0 0
0.25 0 0
0.03125 0 0
0.3125 0 0
0.25 0 0
0.03125 0 0
0.3125 0 0
0.25 0 0
0.03125 0 0
0.3125 0 0
0.25 0 0
0.03125 0 0
0.3125 0 0
0.25 0 0
0.03125 0 0
0.3125 0 0
0.25 0 0
0.03125 0 0
0.3125 0 0
0.25 0 0
0.03125 0 0
0.3125 0 0
0.25 0 0
0.4375 0 0
0.03125 0 0
0.03125 0 0
0.3125 0 0
0.3125 0 0
0.3125 0 0
0.25 0 0
0.4375 0 0
0.03125 0 0
0.03125 0 0
0.3125 0 0
0.3125 0 0
0.3125 0 0
0.25 0 0
0.4375 0 0
0.03125 0 0
0.03125 0 0
0.3125 0 0
0.3125 0 0
0.3125 0 0
0.25 0 0
0.4375 0 0
0.03125 0 0
0.03125 0 0
0.3125 0 0
0.3125 0 0
0.3125 0 0
0.25 0 0
0.4375 0 0
0.03125 0 0
0.03125 0 0
0.3125 0 0
0.3125 0 0
0.3125 0 0
0.25 0 0
0.4375 0 0
0.03125 0 0
0.03125 0 0
0.3125 0 0
0.3125 0 0
0.3125 0 0
0.25 0 0
0.4375 0 0
0.03125 0 0
0.03125 0 0
0.3125 0 0
0.3125 0 0
0.3125 0 0
0.25 0 0
0.4375 0 0
0.03125 0 0
0.03125 0 0
0.3125 0 0
0.3125 0 0
0.3125 0 0
0.25 0 0
0.4375 0 0
0.03125 0 0
0.3125 0 0
0.3125 0 0
0.3125 0 0
0.25 0 0
0.4375 0 0
0.03125 0 0
0.3125 0 0
0.3125 0 0
0.3125 0 0
0.25 0 0
0.4375 0 0
0.03125 0 0
0.3125 0 0
0.3125 0 0
0.3125 0 0
0.25 0 0
0.4375 0 0
0.03125 0 0
0.3125 0 0
0.3125 0 0
0.3125 0 0
0.25 0 0
0.4375 0 0
0.03125 0 0
0.3125 0 0
0.3125 0 0
0.3125 0 0
0.25 0 0
0.4375 0 0
0.03125 0 0
0.3125 0 0
0.3125 0 0
0.3125 0 0
0.25 0 0
0.4375 0 0
0.03125 0 0
0.3125 0 0
0.3125 0 0
0.3125 0 0
0.25 0 0
0.4375 0 0
0.03125 0 0
0.3125 0 0
0.3125 0 0
0.3125 0 0
0.25 0 0
0.4375 0 0
0.03125 0 0
0.3125 0 0
0.3125 0 0
0.3125 0 0
0.25 0 0
0.4375 0 0
0.03125 0 0
0.3125 0 0
0.3125 0 0
0.3125 0 0
0.25 0 0
0.4375 0 0
0.03125 0 0
0.3125 0 0
0.3125 0 0
0.3125 0 0
0.25 0 0
0.4375 0 0
0.03125 0 0
0.3125 0 0
0.3125 0 0
0.3125 0 0
0.25 0 0
0.4375 0 0
0.03125 0 0
0.3125 0 0
0.3125 0 0
0.3125 0 0
0.25 0 0
0.4375 0 0
0.03125 0 0
0.3125 0 0
0.3125 0 0
0.3125 0 0
0.25 0 0
0.4375 0 0
0.03125 0 0
0.3125 0 0
0.3125 0 0
0.3125 0 0
0.25 0 0
0.4375 0 0
0.03125 0 0
0.3125 0 0
0.3125 0 0
0.3125 0 0
0.25 0 0
0.03125 0 0
0.3125 0 0
0.25 0 0
0.03125 0 0
0.3125 0 0
0.25 0 0
0.03125 0 0
0.3125 0 0
0.25 0 0
0.03125 0 0
0.3125 0 0
0.25 0 0
0.03125 0 0
0.3125 0 0
0.25 0 0
0.03125 0 0
0.3125 0 0
0.25 0 0
0.03125 0 0
0.3125 0 0
0.25 0 0
0.03125 0 0
0.3125 0 0
0.25 0 0
0.03125 0 0
0.3125 0 0
0.25 0 0
0.03125 0 0
0.3125 0 0
0.25 0 0
0.03125 0 0
0.3125 0 0
0.25 0 0
0.03125 0 0
0.3125 0 0
0.25 0 0
0.03125 0 0
0.3125 0 0
0.25 0 0
0.03125 0 0
0.3125 0 0
0.25 0 0
0.03125 0 0
0.3125 0 0
0.25 0 0
0.03125 0 0
0.3125 0 0
0.25 0 0
0.03125 0 0
0.3125 0 0
0.25 0 0
0.03125 0 0
0.3125 0 0
0.25 0 0
0.03125 0 0
0.3125 0 0
0.25 0 0
0.03125 0 0
0.3125 0 0
0.25 0 0
0.03125 0 0
0.3125 0 0
0.25 0 0
0.03125 0 0
0.3125 0 0
0.25 0 0
0.03125 0 0
0.3125 0 0
0.25 0 0
0.03125 0 0
0.3125 0 0
0.25 0 0
0.4375 0 0
0.03125 0 0
0.3125 0 0
0.3125 0 0
0.3125 0 0
0.25 0 0
0.03125 0 0
0.3125 0 0
0.3125 0 0
0.3125 0 0
0.25 0 0
0.4375 0 0
0.03125 0 0
0.3125 0 0
0.3125 0 0
0.3125 0 0
0.25 0 0
0.03125 0 0
0.3125 0 0
0.3125 0 0
0.3125 0 0
0.25 0 0
0.4375 0 0
0.03125 0 0
0.3125 0 0
0.3125 0 0
0.3125 0 0
0.25 0 0
0.03125 0 0
0.3125 0 0
0.3125 0 0
0.3125 0 0
0.25 0 0
0.4375 0 0
0.03125 0 0
0.3125 0 0
0.3125 0 0
0.3125 0 0
0.25 0 0
0.03125 0 0
0.3125 0 0
0.3125 0 0
0.3125 0 0
0.25 0 0
0.4375 0 0
0.03125 0 0
0.3125 0 0
0.3125 0 0
0.3125 0 0
0.25 0 0
0.4375 0 0
0.03125 0 0
0.3125 0 0
0.3125 0 0
0.3125 0 0
0.25 0 0
0.4375 0 0
0.03125 0 0
0.3125 0 0
0.3125 0 0
0.3125 0 0
0.25 0 0
0.4375 0 0
0.03125 0 0
0.3125 0 0
0.3125 0 0
0.3125 0 0
0.25 0 0
0.03125 0 0
0.3125 0 0
0.3125 0 0
0.3125 0 0
0.25 0 0
0.03125 0 0
0.3125 0 0
0.3125 0 0
0.3125 0 0
0.25 0 0
0.03125 0 0
0.3125 0 0
0.3125 0 0
0.3125 0 0
0.25 0 0
0.03125 0 0
0.3125 0 0
0.3125 0 0
0.3125 0 0
0.25 0 0
0.03125 0 0
0.3125 0 0
0.25 0 0
0.03125 0 0
0.3125 0 0
0.25 0 0
0.03125 0 0
0.3125 0 0
0.25 0 0
0.03125 0 0
0.3125 0 0
0.25 0 0
0.03125 0 0
0.3125 0 0
0.25 0 0
0.03125 0 0
0.3125 0 0
0.25 0 0
0.03125 0 0
0.3125 0 0
0.25 0 0
0.03125 0 0
0.3125 0 0
0.25 0 0
0.03125 0 0
0.3125 0 0
0.25 0 0
0.03125 0 0
0.3125 0 0
0.25 0 0
0.03125 0 0
0.3125 0 0
0.25 0 0
0.03125 0 0
0.3125 0 0
0.25 0 0
0.03125 0 0
0.3125 0 0
0.25 0 0
0.03125 0 0
0.3125 0 0
0.25 0 0
0.03125 0 0
0.3125 0 0
0.25 0 0
0.03125 0 0
0.3125 0 0
0.25 0 0
0.03125 0 0
0.3125 0 0
0.3125 0 0
0.3125 0 0
0.25 0 0
0.03125 0 0
0.3125 0 0
0.3125 0 0
0.3125 0 0
0.25 0 0
0.03125 0 0
0.3125 0 0
0.3125 0 0
0.3125 0 0
0.25 0 0
0.03125 0 0
0.3125 0 0
0.3125 0 0
0.3125 0 0
0.25 0 0
0.03125 0 0
0.3125 0 0
0.3125 0 0
0.3125 0 0
0.25 0 0
0.03125 0 0
0.3125 0 0
0.3125 0 0
0.3125 0 0
0.25 0 0
0.03125 0 0
0.3125 0 0
0.3125 0 0
0.3125 0 0
0.25 0 0
0.03125 0 0
0.3125 0 0
0.3125 0 0
0.3125 0 0
0.25 0 0
0.03125 0 0
0.3125 0 0
0.25 0 0
0.03125 0 0
0.3125 0 0
0.25 0 0
0.03125 0 0
0.3125 0 0
0.25 0 0
0.03125 0 0
0.3125 0 0
0.25 0 0
0.03125 0 0
0.3125 0 0
0.25 0 0
0.03125 0 0
0.3125 0 0
0.25 0 0
0.03125 0 0
0.3125 0 0
0.25 0 0
0.03125 0 0
0.3125 0 0
0.25 0 0
0.4375 0 0
0.03125 0 0
0.03125 0 0
0.3125 0 0
0.3125 0 0
0.3125 0 0
0.25 0 0
0.4375 0 0
0.03125 0 0
0.03125 0 0
0.3125 0 0
0.3125 0 0
0.3125 0 0
0.25 0 0
0.4375 0 0
0.03125 0 0
0.03125 0 0
0.3125 0 0
0.3125 0 0
0.3125 0 0
0.25 0 0
0.4375 0 0
0.03125 0 0
0.03125 0 0
0.3125 0 0
0.3125 0 0
0.3125 0 0
0.25 0 0
0.4375 0 0
0.03125 0 0
0.03125 0 0
0.3125 0 0
0.3125 0 0
0.3125 0 0
0.25 0 0
0.4375 0 0
0.03125 0 0
0.03125 0 0
0.3125 0 0
0.3125 0 0
0.3125 0 0
0.25 0 0
0.4375 0 0
0.03125 0 0
0.03125 0 0
0.3125 0 0
0.3125 0 0
0.3125 0 0
0.25 0 0
0.4375 0 0
0.03125 0 0
0.03125 0 0
0.3125 0 0
0.3125 0 0
0.3125 0 0
0.25 0 0
0.4375 0 0
0.03125 0 0
0.3125 0 0
0.3125 0 0
0.3125 0 0
0.25 0 0
0.4375 0 0
0.03125 0 0
0.3125 0 0
0.3125 0 0
0.3125 0 0
0.25 0 0
0.4375 0 0
0.03125 0 0
0.3125 0 0
0.3125 0 0
0.3125 0 0
0.25 0 0
0.4375 0 0
0.03125 0 0
0.3125 0 0
0.3125 0 0
0.3125 0 0
0.25 0 0
0.4375 0 0
0.03125 0 0
0.3125 0 0
0.3125 0 0
0.3125 0 0
0.25 0 0
0.4375 0 0
0.03125 0 0
0.3125 0 0
0.3125 0 0
0.3125 0 0
0.25 0 0
0.4375 0 0
0.03125 0 0
0.3125 0 0
0.3125 0 0
0.3125 0 0
0.25 0 0
0.4375 0 0
0.03125 0 0
0.3125 0 0
0.3125 0 0
0.3125 0 0
0.25 0 0
0.4375 0 0
0.03125 0 0
0.3125 0 0
0.3125 0 0
0.3125 0 0
0.25 0 0
0.4375 0 0
0.03125 0 0
0.3125 0 0
0.3125 0 0
0.3125 0 0
0.25 0 0
0.4375 0 0
0.03125 0 0
0.3125 0 0
0.3125 0 0
0.3125 0 0
0.25 0 0
0.4375 0 0
0.03125 0 0
0.3125 0 0
0.3125 0 0
0.3125 0 0
0.25 0 0
0.4375 0 0
0.03125 0 0
0.3125 0 0
0.3125 0 0
0.3125 0 0
0.25 0 0
0.4375 0 0
0.03125 0 0
0.3125 0 0
0.3125 0 0
0.3125 0 0
0.25 0 0
0.4375 0 0
0.03125 0 0
0.3125 0 0
0.3125 0 0
0.3125 0 0
0.25 0 0
0.4375 0 0
0.03125 0 0
0.3125 0 0
0.3125 0 0
0.3125 0 0
0.25 0 0
0.03125 0 0
0.3125 0 0
0.25 0 0
0.03125 0 0
0.3125 0 0
0.25 0 0
0.03125 0 0
0.3125 0 0
0.25 0 0
0.03125 0 0
0.3125 0 0
0.25 0 0
0.03125 0 0
0.3125 0 0
0.25 0 0
0.03125 0 0
0.3125 0 0
0.25 0 0
0.03125 0 0
0.3125 0 0
0.25 0 0
0.03125 0 0
0.3125 0 0
0.25 0 0
0.03125 0 0
0.3125 0 0
0.25 0 0
0.03125 0 0
0.3125 0 0
0.25 0 0
0.03125 0 0
0.3125 0 0
0.25 0 0
0.03125 0 0
0.3125 0 0
0.25 0 0
0.03125 0 0
0.3125 0 0
0.25 0 0
0.03125 0 0
0.3125 0 0
0.25 0 0
0.03125 0 0
0.3125 0 0
0.25 0 0
0.03125 0 0
0.3125 0 0
0.25 0 0
0.03125 0 0
0.3125 0 0
0.25 0 0
0.03125 0 0
0.3125 0 0
0.25 0 0
0.03125 0 0
0.3125 0 0
0.25 0 0
0.03125 0 0
0.3125 0 0
0.25 0 0
0.03125 0 0
0.3125 0 0
0.25 0 0
0.03125 0 0
0.3125 0 0
0.25 0 0
0.03125 0 0
0.3125 0 0
0.25 0 0
0.03125 0 0
0.3125 0 0
0.25 0 0
0.4375 0 0
0.03125 0 0
0.3125 0 0
0.3125 0 0
0.3125 0 0
0.25 0 0
0.03125 0 0
0.3125 0 0
0.3125 0 0
0.3125 0 0
0.25 0 0
0.4375 0 0
0.03125 0 0
0.3125 0 0
0.3125 0 0
0.3125 0 0
0.25 0 0
0.03125 0 0
0.3125 0 0
0.3125 0 0
0.3125 0 0
0.25 0 0
0.4375 0 0
0.03125 0 0
0.3125 0 0
0.3125 0 0
0.3125 0 0
0.25 0 0
0.03125 0 0
0.3125 0 0
0.3125 0 0
0.3125 0 0
0.25 0 0
0.4375 0 0
0.03125 0 0
0.3125 0 0
0.3125 0 0
0.3125 0 0
0.25 0 0
0.03125 0 0
0.3125 0 0
0.3125 0 0
0.3125 0 0
0.25 0 0
0.4375 0 0
0.03125 0 0
0.3125 0 0
0.3125 0 0
0.3125 0 0
0.25 0 0
0.4375 0 0
0.03125 0 0
0.3125 0 0
0.3125 0 0
0.3125 0 0
0.25 0 0
0.4375 0 0
0.03125 0 0
0.3125 0 0
0.3125 0 0
0.3125 0 0
0.25 0 0
0.4375 0 0
0.03125 0 0
0.3125 0 0
0.3125 0 0
0.3125 0 0
0.25 0 0
0.03125 0 0
0.3125 0 0
0.3125 0 0
0.3125 0 0
0.25 0 0
0.03125 0 0
0.3125 0 0
0.3125 0 0
0.3125 0 0
0.25 0 0
0.03125 0 0
0.3125 0 0
0.3125 0 0
0.3125 0 0
0.25 0 0
0.03125 0 0
0.3125 0 0
0.3125 0 0
0.3125 0 0
0.25 0 0
0.03125 0 0
0.3125 0 0
0.25 0 0
0.03125 0 0
0.3125 0 0
0.25 0 0
0.03125 0 0
0.3125 0 0
0.25 0 0
0.03125 0 0
0.3125 0 0
0.25 0 0
0.03125 0 0
0.3125 0 0
0.25 0 0
0.03125 0 0
0.3125 0 0
0.25 0 0
0.03125 0 0
0.3125 0 0
0.25 0 0
0.03125 0 0
0.3125 0 0
0.25 0 0
0.03125 0 0
0.3125 0 0
0.25 0 0
0.03125 0 0
0.3125 0 0
0.25 0 0
0.03125 0 0
0.3125 0 0
0.25 0 0
0.03125 0 0
0.3125 0 0
0.25 0 0
0.03125 0 0
0.3125 0 0
0.25 0 0
0.03125 0 0
0.3125 0 0
0.25 0 0
0.03125 0 0
0.3125 0 0
0.25 0 0
0.03125 0 0
0.3125 0 0
0.25 0 0
0.03125 0 0
0.3125 0 0
0.3125 0 0
0.3125 0 0
0.25 0 0
0.03125 0 0
0.3125 0 0
0.3125 0 0
0.3125 0 0
0.25 0 0
0.03125 0 0
0.3125 0 0
0.3125 0 0
0.3125 0 0
0.25 0 0
0.03125 0 0
0.3125 0 0
0.3125 0 0
0.3125 0 0
0.25 0 0
0.03125 0 0
0.3125 0 0
0.3125 0 0
0.3125 0 0
0.25 0 0
0.03125 0 0
0.3125 0 0
0.3125 0 0
0.3125 0 0
0.25 0 0
0.03125 0 0
0.3125 0 0
0.3125 0 0
0.3125 0 0
0.25 0 0
0.03125 0 0
0.3125 0 0
0.3125 0 0
0.3125 0 0
0.25 0 0
0.03125 0 0
0.3125 0 0
0.25 0 0
0.03125 0 0
0.3125 0 0
0.25 0 0
0.03125 0 0
0.3125 0 0
0.25 0 0
0.03125 0 0
0.3125 0 0
0.25 0 0
0.03125 0 0
0.3125 0 0
0.25 0 0
0.03125 0 0
0.3125 0 0
0.25 0 0
0.03125 0 0
0.3125 0 0
0.25 0 0
0.03125 0 0
0.3125 0 0
0.25 0 0
0.4375 0 0
0.03125 0 0
0.03125 0 0
0.3125 0 0
0.3125 0 0
0.3125 0 0
0.25 0 0
0.4375 0 0
0.03125 0 0
0.03125 0 0
0.3125 0 0
0.3125 0 0
0.3125 0 0
0.25 0 0
0.4375 0 0
0.03125 0 0
0.03125 0 0
0.3125 0 0
0.3125 0 0
0.3125 0 0
0.25 0 0
0.4375 0 0
0.03125 0 0
0.03125 0 0
0.3125 0 0
0.3125 0 0
0.3125 0 0
0.25 0 0
0.4375 0 0
0.03125 0 0
0.03125 0 0
0.3125 0 0
0.3125 0 0
0.3125 0 0
0.25 0 0
0.4375 0 0
0.03125 0 0
0.03125 0 0
0.3125 0 0
0.3125 0 0
0.3125 0 0
0.25 0 0
0.4375 0 0
0.03125 0 0
0.03125 0 0
0.3125 0 0
0.3125 0 0
0.3125 0 0
0.25 0 0
0.4375 0 0
0.03125 0 0
0.03125 0 0
0.3125 0 0
0.3125 0 0
0.3125 0 0
0.25 0 0
0.4375 0 0
0.03125 0 0
0.3125 0 0
0.3125 0 0
0.3125 0 0
0.25 0 0
0.4375 0 0
0.03125 0 0
0.3125 0 0
0.3125 0 0
0.3125 0 0
0.25 0 0
0.4375 0 0
0.03125 0 0
0.3125 0 0
0.3125 0 0
0.3125 0 0
0.25 0 0
0.4375 0 0
0.03125 0 0
0.3125 0 0
0.3125 0 0
0.3125 0 0
0.25 0 0
0.4375 0 0
0.03125 0 0
0.3125 0 0
0.3125 0 0
0.3125 0 0
0.25 0 0
0.4375 0 0
0.03125 0 0
0.3125 0 0
0.3125 0 0
0.3125 0 0
0.25 0 0
0.4375 0 0
0.03125 0 0
0.3125 0 0
0.3125 0 0
0.3125 0 0
0.25 0 0
0.4375 0 0
0.03125 0 0
0.3125 0 0
0.3125 0 0
0.3125 0 0
0.25 0 0
0.4375 0 0
0.03125 0 0
0.3125 0 0
0.3125 0 0
0.3125 0 0
0.25 0 0
0.4375 0 0
0.03125 0 0
0.3125 0 0
0.3125 0 0
0.3125 0 0
0.25 0 0
0.4375 0 0
0.03125 0 0
0.3125 0 0
0.3125 0 0
0.3125 0 0
0.25 0 0
0.4375 0 0
0.03125 0 0
0.3125 0 0
0.3125 0 0
0.3125 0 0
0.25 0 0
0.4375 0 0
0.03125 0 0
0.3125 0 0
0.3125 0 0
0.3125 0 0
0.25 0 0
0.4375 0 0
0.03125 0 0
0.3125 0 0
0.3125 0 0
0.3125 0 0
0.25 0 0
0.4375 0 0
0.03125 0 0
0.3125 0 0
0.3125 0 0
0.3125 0 0
0.25 0 0
0.4375 0 0
0.03125 0 0
0.3125 0 0
0.3125 0 0
0.3125 0 0
0.25 0 0
0.03125 0 0
0.3125 0 0
0.25 0 0
0.03125 0 0
0.3125 0 0
0.25 0 0
0.03125 0 0
0.3125 0 0
0.25 0 0
0.03125 0 0
0.3125 0 0
0.25 0 0
0.03125 0 0
0.3125 0 0
0.25 0 0
0.03125 0 0
0.3125 0 0
0.25 0 0
0.03125 0 0
0.3125 0 0
0.25 0 0
0.03125 0 0
0.3125 0 0
0.25 0 0
0.03125 0 0
0.3125 0 0
0.25 0 0
0.03125 0 0
0.3125 0 0
0.25 0 0
0.03125 0 0
0.3125 0 0
0.25 0 0
0.03125 0 0
0.3125 0 0
0.25 0 0
0.03125 0 0
0.3125 0 0
0.25 0 0
0.03125 0 0
0.3125 0 0
0.25 0 0
0.03125 0 0
0.3125 0 0
0.25 0 0
0.03125 0 0
0.3125 0 0
0.25 0 0
0.03125 0 0
0.3125 0 0
0.25 0 0
0.03125 0 0
0.3125 0 0
0.25 0 0
0.03125 0 0
0.3125 0 0
0.25 0 0
0.03125 0 0
0.3125 0 0
0.25 0 0
0.03125 0 0
0.3125 0 0
0.25 0 0
0.03125 0 0
0.3125 0 0
0.25 0 0
0.03125 0 0
0.3125 0 0
0.25 0 0
0.03125 0 0
0.3125 0 0
0.25 0 0
0.4375 0 0
0.03125 0 0
0.3125 0 0
0.3125 0 0
0.3125 0 0
0.25 0 0
0.03125 0 0
0.3125 0 0
0.3125 0 0
0.3125 0 0
0.25 0 0
0.4375 0 0
0.03125 0 0
0.3125 0 0
0.3125 0 0
0.3125 0 0
0.25 0 0
0.03125 0 0
0.3125 0 0
0.3125 0 0
0.3125 0 0
0.25 0 0
0.4375 0 0
0.03125 0 0
0.3125 0 0
0.3125 0 0
0.3125 0 0
0.25 0 0
0.03125 0 0
0.3125 0 0
0.3125 0 0
0.3125 0 0
0.25 0 0
0.4375 0 0
0.03125 0 0
0.3125 0 0
0.3125 0 0
0.3125 0 0
0.25 0 0
0.03125 0 0
0.3125 0 0
0.3125 0 0
0.3125 0 0
0.25 0 0
0.4375 0 0
0.03125 0 0
0.3125 0 0
0.3125 0 0
0.3125 0 0
0.25 0 0
0.4375 0 0
0.03125 0 0
0.3125 0 0
0.3125 0 0
0.3125 0 0
0.25 0 0
0.4375 0 0
0.03125 0 0
0.3125 0 0
0.3125 0 0
0.3125 0 0
0.25 0 0
0.4375 0 0
0.03125 0 0
0.3125 0 0
0.3125 0 0
0.3125 0 0
0.25 0 0
0.03125 0 0
0.3125 0 0
0.3125 0 0
0.3125 0 0
0.25 0 0
0.03125 0 0
0.3125 0 0
0.3125 0 0
0.3125 0 0
0.25 0 0
0.03125 0 0
0.3125 0 0
0.3125 0 0
0.3125 0 0
0.25 0 0
0.03125 0 0
0.3125 0 0
0.3125 0 0
0.3125 0 0
0.25 0 0
0.03125 0 0
0.3125 0 0
0.25 0 0
0.03125 0 0
0.3125 0 0
0.25 0 0
0.03125 0 0
0.3125 0 0
0.25 0 0
0.03125 0 0
0.3125 0 0
0.25 0 0
0.03125 0 0
0.3125 0 0
0.25 0 0
0.03125 0 0
0.3125 0 0
0.25 0 0
0.03125 0 0
0.3125 0 0
0.25 0 0
0.03125 0 0
0.3125 0 0
0.25 0 0
0.03125 0 0
0.3125 0 0
0.25 0 0
0.03125 0 0
0.3125 0 0
0.25 0 0
0.03125 0 0
0.3125 0 0
0.25 0 0
0.03125 0 0
0.3125 0 0
0.25 0 0
0.03125 0 0
0.3125 0 0
0.25 0 0
0.03125 0 0
0.3125 0 0
0.25 0 0
0.03125 0 0
0.3125 0 0
0.25 0 0
0.03125 0 0
0.3125 0 0
0.25 0 0
0.03125 0 0
0.3125 0 0
0.3125 0 0
0.3125 0 0
0.25 0 0
0.03125 0 0
0.3125 0 0
0.3125 0 0
0.3125 0 0
0.25 0 0
0.03125 0 0
0.3125 0 0
0.3125 0 0
0.3125 0 0
0.25 0 0
0.03125 0 0
0.3125 0 0
0.3125 0 0
0.3125 0 0
0.25 0 0
0.03125 0 0
0.3125 0 0
0.3125 0 0
0.3125 0 0
0.25 0 0
0.03125 0 0
0.3125 0 0
0.3125 0 0
0.3125 0 0
0.25 0 0
0.03125 0 0
0.3125 0 0
0.3125 0 0
0.3125 0 0
0.25 0 0
0.03125 0 0
0.3125 0 0
0.3125 0 0
0.3125 0 0
0.25 0 0
0.03125 0 0
0.3125 0 0
0.25 0 0
0.03125 0 0
0.3125 0 0
0.25 0 0
0.03125 0 0
0.3125 0 0
0.25 0 0
0.03125 0 0
0.3125 0 0
0.25 0 0
0.03125 0 0
0.3125 0 0
0.25 0 0
0.03125 0 0
0.3125 0 0
0.25 0 0
0.03125 0 0
0.3125 0 0
0.25 0 0
0.03125 0 0
0.3125 0 0
0.25 0 0
0.4375 0 0
0.03125 0 0
0.03125 0 0
0.3125 0 0
0.3125 0 0
0.3125 0 0
0.25 0 0
0.4375 0 0
0.03125 0 0
0.03125 0 0
0.3125 0 0
0.3125 0 0
0.3125 0 0
0.25 0 0
0.4375 0 0
0.03125 0 0
0.03125 0 0
0.3125 0 0
0.3125 0 0
0.3125 0 0
0.25 0 0
0.4375 0 0
0.03125 0 0
0.03125 0 0
0.3125 0 0
0.3125 0 0
0.3125 0 0
0.25 0 0
0.4375 0 0
0.03125 0 0
0.03125 0 0
0.3125 0 0
0.3125 0 0
0.3125 0 0
0.25 0 0
0.4375 0 0
0.03125 0 0
0.03125 0 0
0.3125 0 0
0.3125 0 0
0.3125 0 0
0.25 0 0
0.4375 0 0
0.03125 0 0
0.03125 0 0
0.3125 0 0
0.3125 0 0
0.3125 0 0
0.25 0 0
0.4375 0 0
0.03125 0 0
0.03125 0 0
0.3125 0 0
0.3125 0 0
0.3125 0 0
0.25 0 0
0.4375 0 0
0.03125 0 0
0.3125 0 0
0.3125 0 0
0.3125 0 0
0.25 0 0
0.4375 0 0
0.03125 0 0
0.3125 0 0
0.3125 0 0
0.3125 0 0
0.25 0 0
0.4375 0 0
0.03125 0 0
0.3125 0 0
0.3125 0 0
0.3125 0 0
0.25 0 0
0.4375 0 0
0.03125 0 0
0.3125 0 0
0.3125 0 0
0.3125 0 0
0.25 0 0
0.4375 0 0
0.03125 0 0
0.3125 0 0
0.3125 0 0
0.3125 0 0
0.25 0 0
0.4375 0 0
0.03125 0 0
0.3125 0 0
0.3125 0 0
0.3125 0 0
0.25 0 0
0.4375 0 0
0.03125 0 0
0.3125 0 0
0.3125 0 0
0.3125 0 0
0.25 0 0
0.4375 0 0
0.03125 0 0
0.3125 0 0
0.3125 0 0
0.3125 0 0
0.25 0 0
0.4375 0 0
0.03125 0 0
0.3125 0 0
0.3125 0 0
0.3125 0 0
0.25 0 0
0.4375 0 0
0.03125 0 0
0.3125 0 0
0.3125 0 0
0.3125 0 0
0.25 0 0
0.4375 0 0
0.03125 0 0
0.3125 0 0
0.3125 0 0
0.3125 0 0
0.25 0 0
0.4375 0 0
0.03125 0 0
0.3125 0 0
0.3125 0 0
0.3125 0 0
0.25 0 0
0.4375 0 0
0.03125 0 0
0.3125 0 0
0.3125 0 0
0.3125 0 0
0.25 0 0
0.4375 0 0
0.03125 0 0
0.3125 0 0
0.3125 0 0
0.3125 0 0
0.25 0 0
0.4375 0 0
0.03125 0 0
0.3125 0 0
0.3125 0 0
0.3125 0 0
0.25 0 0
0.4375 0 0
0.03125 0 0
0.3125 0 0
0.3125 0 0
0.3125 0 0
0.25 0 0
0.03125 0 0
0.3125 0 0
0.25 0 0
0.03125 0 0
0.3125 0 0
0.25 0 0
0.03125 0 0
0.3125 0 0
0.25 0 0
0.03125 0 0
0.3125 0 0
0.25 0 0
0.03125 0 0
0.3125 0 0
0.25 0 0
0.03125 0 0
0.3125 0 0
0.25 0 0
0.03125 0 0
0.3125 0 0
0.25 0 0
0.03125 0 0
0.3125 0 0
0.25 0 0
0.03125 0 0
0.3125 0 0
0.25 0 0
0.03125 0 0
0.3125 0 0
0.25 0 0
0.03125 0 0
0.3125 0 0
0.25 0 0
0.03125 0 0
0.3125 0 0
0.25 0 0
0.03125 0 0
0.3125 0 0
0.25 0 0
0.03125 0 0
0.3125 0 0
0.25 0 0
0.03125 0 0
0.3125 0 0
0.25 0 0
0.03125 0 0
0.3125 0 0
0.25 0 0
0.03125 0 0
0.3125 0 0
0.25 0 0
0.03125 0 0
0.3125 0 0
0.25 0 0
0.03125 0 0
0.3125 0 0
0.25 0 0
0.03125 0 0
0.3125 0 0
0.25 0 0
0.03125 0 0
0.3125 0 0
0.25 0 0
0.03125 0 0
0.3125 0 0
0.25 0 0
0.03125 0 0
0.3125 0 0
0.25 0 0
0.03125 0 0
0.3125 0 0
0.25 0 0
0.4375 0 0
0.03125 0 0
0.3125 0 0
0.3125 0 0
0.3125 0 0
0.25 0 0
0.03125 0 0
0.3125 0 0
0.3125 0 0
0.3125 0 0
0.25 0 0
0.4375 0 0
0.03125 0 0
0.3125 0 0
0.3125 0 0
0.3125 0 0
0.25 0 0
0.03125 0 0
0.3125 0 0
0.3125 0 0
0.3125 0 0
0.25 0 0
0.4375 0 0
0.03125 0 0
0.3125 0 0
0.3125 0 0
0.3125 0 0
0.25 0 0
0.03125 0 0
0.3125 0 0
0.3125 0 0
0.3125 0 0
0.25 0 0
0.4375 0 0
0.03125 0 0
0.3125 0 0
0.3125 0 0
0.3125 0 0
0.25 0 0
0.03125 0 0
0.3125 0 0
0.3125 0 0
0.3125 0 0
0.25 0 0
0.4375 0 0
0.03125 0 0
0.3125 0 0
0.3125 0 0
0.3125 0 0
0.25 0 0
0.4375 0 0
0.03125 0 0
0.3125 0 0
0.3125 0 0
0.3125 0 0
0.25 0 0
0.4375 0 0
0.03125 0 0
0.3125 0 0
0.3125 0 0
0.3125 0 0
0.25 0 0
0.4375 0 0
0.03125 0 0
0.3125 0 0
0.3125 0 0
0.3125 0 0
0.25 0 0
0.03125 0 0
0.3125 0 0
0.3125 0 0
0.3125 0 0
0.25 0 0
0.03125 0 0
0.3125 0 0
0.3125 0 0
0.3125 0 0
0.25 0 0
0.03125 0 0
0.3125 0 0
0.3125 0 0
0.3125 0 0
0.25 0 0
0.03125 0 0
0.3125 0 0
0.3125 0 0
0.3125 0 0
0.25 0 0
0.03125 0 0
0.3125 0 0
0.25 0 0
0.03125 0 0
0.3125 0 0
0.25 0 0
0.03125 0 0
0.3125 0 0
0.25 0 0
0.03125 0 0
0.3125 0 0
0.25 0 0
0.03125 0 0
0.3125 0 0
0.25 0 0
0.03125 0 0
0.3125 0 0
0.25 0 0
0.03125 0 0
0.3125 0 0
0.25 0 0
0.03125 0 0
0.3125 0 0
0.25 0 0
0.03125 0 0
0.3125 0 0
0.25 0 0
0.03125 0 0
0.3125 0 0
0.25 0 0
0.03125 0 0
0.3125 0 0
0.25 0 0
0.03125 0 0
0.3125 0 0
0.25 0 0
0.03125 0 0
0.3125 0 0
0.25 0 0
0.03125 0 0
0.3125 0 0
0.25 0 0
0.03125 0 0
0.3125 0 0
0.25 0 0
0.03125 0 0
0.3125 0 0
0.25 0 0
0.03125 0 0
0.3125 0 0
0.3125 0 0
0.3125 0 0
0.25 0 0
0.03125 0 0
0.3125 0 0
0.3125 0 0
0.3125 0 0
0.25 0 0
0.03125 0 0
0.3125 0 0
0.3125 0 0
0.3125 0 0
0.25 0 0
0.03125 0 0
0.3125 0 0
0.3125 0 0
0.3125 0 0
0.25 0 0
0.03125 0 0
0.3125 0 0
0.3125 0 0
0.3125 0 0
0.25 0 0
0.03125 0 0
0.3125 0 0
0.3125 0 0
0.3125 0 0
0.25 0 0
0.03125 0 0
0.3125 0 0
0.3125 0 0
0.3125 0 0
0.25 0 0
0.03125 0 0
0.3125 0 0
0.3125 0 0
0.3125 0 0
0.25 0 0
0.03125 0 0
0.3125 0 0
0.25 0 0
0.03125 0 0
0.3125 0 0
0.25 0 0
0.03125 0 0
0.3125 0 0
0.25 0 0
0.03125 0 0
0.3125 0 0
0.25 0 0
0.03125 0 0
0.3125 0 0
0.25 0 0
0.03125 0 0
0.3125 0 0
0.25 0 0
0.03125 0 0
0.3125 0 0
0.25 0 0
0.03125 0 0
0.3125 0 0
0.25 0 0
