# vtk DataFile Version 1.0
Cube
ASCII

DATASET POLYDATA
POINTS 10230 float
-0.000124 14.330887 -2.174058
-0.000124 14.330887 54.560242
1.598145 15.253505 0.406218
1.598145 15.253505 57.140518
13.957987 6.272168 8.550994
13.957987 6.272168 65.285294
-10.863713 49.264613 8.550994
-10.863713 49.264613 65.285294
12.410974 7.165336 11.273105
-0.000124 14.330887 -0.253035
-0.000124 14.330887 56.481265
12.410974 7.165336 9.249393
23.272081 0.894673 15.960493
-1.549619 43.887118 15.960493
22.206858 1.509680 17.807762
-2.614842 44.502125 17.807762
15.214213 5.546885 9.819005
-9.607487 48.539331 9.819005
14.116970 6.180379 11.607270
-10.704730 49.172825 11.607270
21.325191 2.018710 14.339027
-3.496509 45.011156 14.339027
22.069842 1.588786 13.911818
-2.751858 44.581231 13.911818
21.264874 2.053534 15.677389
-3.556826 45.045980 15.677389
20.186992 2.675850 16.289552
-4.634708 45.668295 16.289552
20.127420 2.710244 17.247227
-4.694280 45.702689 17.247227
18.061014 3.903284 16.167006
-6.760686 46.895730 16.167006
17.999208 3.938968 17.124114
-6.822492 46.931413 17.124114
17.120768 4.446279 15.436836
-7.700932 47.438724 15.436836
16.387410 4.869539 15.889008
-8.434290 47.861985 15.889008
16.109656 5.029901 13.256537
-8.712044 48.022347 13.256537
15.377291 5.452732 13.710978
-9.444409 48.445177 13.710978
16.108911 5.030331 11.842150
-8.712789 48.022777 11.842150
17.212856 4.392968 11.264028
-7.608844 47.385414 11.264028
17.271311 4.359219 10.306353
-7.550389 47.351665 10.306353
19.414417 3.121896 11.346860
-5.407283 46.114342 11.346860
19.472500 3.088362 10.389185
-5.349200 46.080808 10.389185
20.360868 2.575462 12.088377
-4.460832 45.567908 12.088377
21.101051 2.148118 11.651523
-3.720649 45.140563 11.651523
20.322891 2.597389 13.553257
-4.498809 45.589834 13.553257
19.234211 3.225938 14.196057
-5.587489 46.218384 14.196057
19.225648 3.230882 15.528745
-5.596052 46.223328 15.528745
17.117913 4.447783 14.026988
-7.703787 47.440229 14.026988
18.176807 3.836431 13.370005
-6.644893 46.828876 13.370005
18.236379 3.802037 12.015190
-6.585321 46.794482 12.015190
22.314088 1.447771 16.543722
-2.507612 44.440216 16.543722
15.057836 5.637169 11.026879
-9.763864 48.629615 11.026879
1.166496 16.778447 1.476226
1.166496 16.778447 58.210526
13.517277 4.736263 7.420846
13.517277 4.736263 64.155146
-11.304423 47.728708 7.420846
-11.304423 47.728708 64.155146
0.000000 18.425702 2.626798
0.000000 18.425702 59.361098
0.000000 20.769221 4.036078
0.000000 20.769221 60.770378
12.410850 0.610923 4.812771
12.410850 0.610923 61.547071
-12.410850 43.603368 4.812771
-12.410850 43.603368 61.547071
12.410850 2.927356 6.258928
12.410850 2.927356 62.993228
-12.410850 45.919801 6.258928
-12.410850 45.919801 62.993228
0.000000 17.107554 1.833085
0.000000 17.107554 58.567385
12.410850 4.227017 7.054910
12.410850 4.227017 63.789210
-12.410850 47.219463 7.054910
-12.410850 47.219463 63.789210
1.204721 19.019643 2.956992
1.204721 19.019643 59.691292
2.029422 18.604551 2.694312
2.029422 18.604551 59.428612
1.228054 20.203655 3.661632
1.228054 20.203655 60.395932
13.639524 1.170684 5.146936
13.639524 1.170684 61.881236
-11.182176 44.163130 5.146936
-11.182176 44.163130 61.881236
13.608869 2.344163 5.853278
13.608869 2.344163 62.587578
-11.212831 45.336609 5.853278
-11.212831 45.336609 62.587578
14.436673 2.776667 6.075109
14.436673 2.776667 62.809409
-10.385027 45.769113 6.075109
-10.385027 45.769113 62.809409
2.454866 20.839298 4.055368
2.454866 20.839298 60.789668
3.290985 20.403140 3.876087
3.290985 20.403140 60.610387
14.862117 0.562556 4.683416
14.862117 0.562556 61.417716
-9.959583 43.555002 4.683416
-9.959583 43.555002 61.417716
15.693892 1.022575 4.817877
15.693892 1.022575 61.552177
-9.127808 44.015021 4.817877
-9.127808 44.015021 61.552177
-1.598145 15.253505 0.406218
-1.598145 15.253505 57.140518
48.045255 15.253505 0.406218
48.045255 15.253505 57.140518
12.410850 8.951887 8.550994
12.410850 8.951887 65.285294
12.410850 19.706877 15.960493
12.410850 18.476863 17.807762
12.410850 10.402452 9.819005
12.410850 9.135465 11.607270
12.410850 17.458802 14.339027
12.410850 18.318651 13.911818
12.410850 17.389154 15.677389
12.410850 16.144523 16.289552
12.410850 16.075735 17.247227
12.410850 13.689655 16.167006
12.410850 13.618287 17.124114
12.410726 12.603880 15.436836
12.410850 11.757144 15.889008
12.410850 11.436420 13.256537
12.410850 10.590759 13.710978
12.410850 11.435561 11.842150
12.410850 12.710287 11.264028
12.410850 12.777785 10.306353
12.410850 15.252430 11.346860
12.410850 15.319498 10.389185
12.410850 16.345298 12.088377
12.410850 17.199988 11.651523
12.410850 16.301446 13.553257
12.410850 15.044346 14.196057
12.410850 15.034458 15.528745
12.410850 12.600656 14.026988
12.410850 13.823361 13.370005
12.410850 13.892149 12.015190
12.410850 18.600682 16.543722
12.410850 10.221884 11.026879
-2.702959 14.117214 1.476226
-2.702959 14.117214 58.210526
46.940441 14.117214 1.476226
46.940441 14.117214 58.210526
13.961337 9.338174 7.420846
13.961337 9.338174 64.155146
-3.546276 12.283372 2.626798
-3.546276 12.283372 59.361098
46.097124 12.283372 2.626798
46.097124 12.283372 59.361098
-5.575823 11.111613 4.036078
-5.575823 11.111613 60.770378
44.067577 11.111613 4.036078
44.067577 11.111613 60.770378
18.087200 10.442650 4.812771
18.087200 10.442650 61.547071
16.081111 9.284434 6.258928
16.081111 9.284434 62.993228
-2.404726 12.942446 1.833085
-2.404726 12.942446 58.567385
47.238674 12.942446 1.833085
47.238674 12.942446 58.567385
14.955571 8.634603 7.054910
14.955571 8.634603 63.789210
-4.663005 13.029720 2.956992
-4.663005 13.029720 59.691292
44.980395 13.029720 2.956992
44.980395 13.029720 59.691292
-4.715875 13.951478 2.694312
-4.715875 13.951478 59.428612
44.927525 13.951478 2.694312
44.927525 13.951478 59.428612
-5.700055 12.457921 3.661632
-5.700055 12.457921 60.395932
43.943345 12.457921 3.661632
43.943345 12.457921 60.395932
16.988096 11.226832 5.146936
16.988096 11.226832 61.881236
15.987161 10.613545 5.853278
15.987161 10.613545 62.587578
15.198699 11.114192 6.075109
15.198699 11.114192 62.809409
-6.863945 13.202550 4.055368
-6.863945 13.202550 60.789668
42.779455 13.202550 4.055368
42.779455 13.202550 60.789668
-6.904280 14.144730 3.876087
-6.904280 14.144730 60.610387
42.739120 14.144730 3.876087
42.739120 14.144730 60.610387
16.903454 12.589693 4.683416
16.903454 12.589693 61.417716
16.089178 13.080022 4.817877
16.089178 13.080022 61.552177
0.000000 12.485436 0.406218
0.000000 12.485436 57.140518
49.643400 12.485436 0.406218
49.643400 12.485436 57.140518
10.863713 6.272168 8.550994
10.863713 6.272168 65.285294
-13.957987 49.264613 8.550994
-13.957987 49.264613 65.285294
1.549619 0.894673 15.960493
-23.272081 43.887118 15.960493
51.193019 0.894673 15.960493
26.371319 43.887118 15.960493
2.614842 1.509680 17.807762
-22.206858 44.502125 17.807762
52.258242 1.509680 17.807762
27.436542 44.502125 17.807762
9.607487 5.546885 9.819005
-15.214213 48.539331 9.819005
10.704730 6.180379 11.607270
-14.116970 49.172825 11.607270
3.496509 2.018710 14.339027
-21.325191 45.011156 14.339027
53.139909 2.018710 14.339027
28.318209 45.011156 14.339027
2.751858 1.588786 13.911818
-22.069842 44.581231 13.911818
52.395258 1.588786 13.911818
27.573558 44.581231 13.911818
3.556826 2.053534 15.677389
-21.264874 45.045980 15.677389
53.200226 2.053534 15.677389
28.378526 45.045980 15.677389
4.634708 2.675850 16.289552
-20.186992 45.668295 16.289552
54.278108 2.675850 16.289552
29.456408 45.668295 16.289552
4.694280 2.710244 17.247227
-20.127420 45.702689 17.247227
54.337680 2.710244 17.247227
29.515980 45.702689 17.247227
6.760686 3.903284 16.167006
-18.061014 46.895730 16.167006
6.822492 3.938968 17.124114
-17.999208 46.931413 17.124114
7.701057 4.446064 15.436836
-17.120643 47.438509 15.436836
8.434290 4.869539 15.889008
-16.387410 47.861985 15.889008
8.712044 5.029901 13.256537
-16.109656 48.022347 13.256537
9.444409 5.452732 13.710978
-15.377291 48.445177 13.710978
8.712789 5.030331 11.842150
-16.108911 48.022777 11.842150
7.608844 4.392968 11.264028
-17.212856 47.385414 11.264028
7.550389 4.359219 10.306353
-17.271311 47.351665 10.306353
5.407283 3.121896 11.346860
-19.414417 46.114342 11.346860
55.050683 3.121896 11.346860
30.228983 46.114342 11.346860
5.349200 3.088362 10.389185
-19.472500 46.080808 10.389185
54.992600 3.088362 10.389185
30.170900 46.080808 10.389185
4.460832 2.575462 12.088377
-20.360868 45.567908 12.088377
54.104232 2.575462 12.088377
29.282532 45.567908 12.088377
3.720649 2.148118 11.651523
-21.101051 45.140563 11.651523
53.364049 2.148118 11.651523
28.542349 45.140563 11.651523
4.498809 2.597389 13.553257
-20.322891 45.589834 13.553257
54.142209 2.597389 13.553257
29.320509 45.589834 13.553257
5.587489 3.225938 14.196057
-19.234211 46.218384 14.196057
55.230889 3.225938 14.196057
30.409189 46.218384 14.196057
5.596052 3.230882 15.528745
-19.225648 46.223328 15.528745
55.239452 3.230882 15.528745
30.417752 46.223328 15.528745
7.703787 4.447783 14.026988
-17.117913 47.440229 14.026988
6.644893 3.836431 13.370005
-18.176807 46.828876 13.370005
6.585321 3.802037 12.015190
-18.236379 46.794482 12.015190
2.507612 1.447771 16.543722
-22.314088 44.440216 16.543722
52.151012 1.447771 16.543722
27.329312 44.440216 16.543722
9.763864 5.637169 11.026879
-15.057836 48.629615 11.026879
1.536463 12.096784 1.476226
1.536463 12.096784 58.210526
9.753935 7.421786 7.420846
9.753935 7.421786 64.155146
3.546276 12.283372 2.626798
3.546276 12.283372 59.361098
5.575823 11.111613 4.036078
5.575823 11.111613 60.770378
6.734500 10.442650 4.812771
6.734500 10.442650 61.547071
8.740589 9.284434 6.258928
8.740589 9.284434 62.993228
2.404726 12.942446 1.833085
2.404726 12.942446 58.567385
9.866129 8.634603 7.054910
9.866129 8.634603 63.789210
3.458283 10.943082 2.956992
3.458283 10.943082 59.691292
2.686453 10.436416 2.694312
2.686453 10.436416 59.428612
4.472002 10.330870 3.661632
4.472002 10.330870 60.395932
6.604930 9.098706 5.146936
6.604930 9.098706 61.881236
7.636520 8.538515 5.853278
7.636520 8.538515 62.587578
7.597178 7.605364 6.075109
7.597178 7.605364 62.809409
4.409079 8.950597 4.055368
4.409079 8.950597 60.789668
3.613295 8.444576 3.876087
3.613295 8.444576 60.610387
5.466979 8.343974 4.683416
5.466979 8.343974 61.417716
5.449480 7.393626 4.817877
5.449480 7.393626 61.552177
12.410974 7.165336 2.174058
12.410974 7.165336 58.908358
12.410850 9.010787 -0.406218
12.410850 9.010787 56.328082
-1.547137 15.224055 -8.550994
-1.547137 15.224055 48.183306
48.096263 15.224055 -8.550994
48.096263 15.224055 48.183306
-0.000124 14.330887 45.461195
12.410974 7.165336 0.253035
12.410974 7.165336 56.987335
-0.000124 14.330887 47.484907
-10.861231 20.601550 40.773807
38.782169 20.601550 40.773807
-9.796008 19.986543 38.926538
39.847392 19.986543 38.926538
-2.803363 15.949337 46.915295
46.840037 15.949337 46.915295
-1.706120 15.315844 45.127030
47.937280 15.315844 45.127030
-8.914341 19.477512 42.395273
40.729059 19.477512 42.395273
-9.658992 19.907437 42.822482
39.984408 19.907437 42.822482
-8.854024 19.442689 41.056911
40.789376 19.442689 41.056911
-7.776142 18.820373 40.444748
41.867258 18.820373 40.444748
-7.716570 18.785979 39.487073
41.926830 18.785979 39.487073
-5.650164 17.592939 40.567294
43.993236 17.592939 40.567294
-5.588358 17.557255 39.610186
44.055042 17.557255 39.610186
-4.709793 17.050159 41.297464
44.933607 17.050159 41.297464
-3.976560 16.626683 40.845292
45.666840 16.626683 40.845292
-3.698806 16.466322 43.477763
45.944594 16.466322 43.477763
-2.966441 16.043491 43.023322
46.676959 16.043491 43.023322
-3.698061 16.465892 44.892150
45.945339 16.465892 44.892150
-4.802006 17.103255 45.470272
44.841394 17.103255 45.470272
-4.860461 17.137004 46.427947
44.782939 17.137004 46.427947
-7.003567 18.374326 45.387440
42.639833 18.374326 45.387440
-7.061650 18.407860 46.345115
42.581750 18.407860 46.345115
-7.950018 18.920760 44.645923
41.693382 18.920760 44.645923
-8.690201 19.348105 45.082777
40.953199 19.348105 45.082777
-7.912041 18.898834 43.181043
41.731359 18.898834 43.181043
-6.823361 18.270285 42.538243
42.820039 18.270285 42.538243
-6.814798 18.265340 41.205555
42.828602 18.265340 41.205555
-4.707063 17.048439 42.707312
44.936337 17.048439 42.707312
-5.765957 17.659792 43.364295
43.877443 17.659792 43.364295
-5.825529 17.694186 44.719110
43.817871 17.694186 44.719110
-9.903238 20.048452 40.190578
39.740162 20.048452 40.190578
-2.646986 15.859053 45.707421
46.996414 15.859053 45.707421
13.947313 9.399438 -1.476226
13.947313 9.399438 55.258074
-2.656915 14.074437 -7.420846
-2.656915 14.074437 49.313454
46.986485 14.074437 -7.420846
46.986485 14.074437 49.313454
15.957126 9.212851 -2.626798
15.957126 9.212851 54.107502
17.986673 10.384610 -4.036078
17.986673 10.384610 52.698222
-5.676350 11.053573 -4.812771
-5.676350 11.053573 51.921529
43.967050 11.053573 -4.812771
43.967050 11.053573 51.921529
-3.670261 12.211789 -6.258928
-3.670261 12.211789 50.475372
45.973139 12.211789 -6.258928
45.973139 12.211789 50.475372
14.815576 8.553777 -1.833085
14.815576 8.553777 54.901215
-2.544721 12.861620 -7.054910
-2.544721 12.861620 49.679390
47.098679 12.861620 -7.054910
47.098679 12.861620 49.679390
15.869133 10.553141 -2.956992
15.869133 10.553141 53.777308
15.097303 11.059807 -2.694312
15.097303 11.059807 54.039988
16.882852 11.165353 -3.661632
16.882852 11.165353 53.072668
-5.805920 12.397517 -5.146936
-5.805920 12.397517 51.587364
43.837480 12.397517 -5.146936
43.837480 12.397517 51.587364
-4.774330 12.957708 -5.853278
-4.774330 12.957708 50.881022
44.869070 12.957708 -5.853278
44.869070 12.957708 50.881022
-4.813672 13.890859 -6.075109
-4.813672 13.890859 50.659191
44.829728 13.890859 -6.075109
44.829728 13.890859 50.659191
16.819929 12.545626 -4.055368
16.819929 12.545626 52.678932
16.024145 13.051647 -3.876087
16.024145 13.051647 52.858213
-6.943871 13.152249 -4.683416
-6.943871 13.152249 52.050884
42.699529 13.152249 -4.683416
42.699529 13.152249 52.050884
-6.961370 14.102597 -4.817877
-6.961370 14.102597 51.916423
42.682030 14.102597 -4.817877
42.682030 14.102597 51.916423
10.812705 6.242718 -0.406218
10.812705 6.242718 56.328082
-14.008995 49.235164 -0.406218
-14.008995 49.235164 56.328082
0.000000 12.544336 -8.550994
0.000000 12.544336 48.183306
49.643400 12.544336 -8.550994
49.643400 12.544336 48.183306
0.000000 1.789346 40.773807
-24.821700 44.781791 40.773807
49.643400 1.789346 40.773807
24.821700 44.781791 40.773807
0.000000 3.019359 38.926538
-24.821700 46.011805 38.926538
49.643400 3.019359 38.926538
24.821700 46.011805 38.926538
0.000000 11.093771 46.915295
49.643400 11.093771 46.915295
0.000000 12.360758 45.127030
49.643400 12.360758 45.127030
0.000000 4.037421 42.395273
-24.821700 47.029866 42.395273
49.643400 4.037421 42.395273
24.821700 47.029866 42.395273
0.000000 3.177572 42.822482
-24.821700 46.170017 42.822482
49.643400 3.177572 42.822482
24.821700 46.170017 42.822482
0.000000 4.107068 41.056911
-24.821700 47.099514 41.056911
49.643400 4.107068 41.056911
24.821700 47.099514 41.056911
0.000000 5.351700 40.444748
-24.821700 48.344145 40.444748
49.643400 5.351700 40.444748
24.821700 48.344145 40.444748
0.000000 5.420488 39.487073
-24.821700 48.412933 39.487073
49.643400 5.420488 39.487073
24.821700 48.412933 39.487073
0.000000 7.806568 40.567294
49.643400 7.806568 40.567294
0.000000 7.877936 39.610186
49.643400 7.877936 39.610186
-0.000124 8.892342 41.297464
49.643276 8.892342 41.297464
0.000000 9.739079 40.845292
49.643400 9.739079 40.845292
0.000000 10.059802 43.477763
49.643400 10.059802 43.477763
0.000000 10.905464 43.023322
49.643400 10.905464 43.023322
0.000000 10.060662 44.892150
49.643400 10.060662 44.892150
0.000000 8.785936 45.470272
49.643400 8.785936 45.470272
0.000000 8.718438 46.427947
49.643400 8.718438 46.427947
0.000000 6.243793 45.387440
-24.821700 49.236238 45.387440
49.643400 6.243793 45.387440
24.821700 49.236238 45.387440
0.000000 6.176725 46.345115
-24.821700 49.169170 46.345115
49.643400 6.176725 46.345115
24.821700 49.169170 46.345115
0.000000 5.150925 44.645923
-24.821700 48.143370 44.645923
49.643400 5.150925 44.645923
24.821700 48.143370 44.645923
0.000000 4.296235 45.082777
-24.821700 47.288681 45.082777
49.643400 4.296235 45.082777
24.821700 47.288681 45.082777
0.000000 5.194777 43.181043
-24.821700 48.187223 43.181043
49.643400 5.194777 43.181043
24.821700 48.187223 43.181043
0.000000 6.451876 42.538243
-24.821700 49.444322 42.538243
49.643400 6.451876 42.538243
24.821700 49.444322 42.538243
0.000000 6.461765 41.205555
-24.821700 49.454210 41.205555
49.643400 6.461765 41.205555
24.821700 49.454210 41.205555
0.000000 8.895567 42.707312
49.643400 8.895567 42.707312
0.000000 7.672862 43.364295
49.643400 7.672862 43.364295
0.000000 7.604074 44.719110
49.643400 7.604074 44.719110
0.000000 2.895541 40.190578
-24.821700 45.887987 40.190578
49.643400 2.895541 40.190578
24.821700 45.887987 40.190578
0.000000 11.274339 45.707421
49.643400 11.274339 45.707421
9.707891 7.379008 -1.476226
9.707891 7.379008 55.258074
1.550487 12.158049 -7.420846
1.550487 12.158049 49.313454
8.864574 9.212851 -2.626798
8.864574 9.212851 54.107502
6.835027 10.384610 -4.036078
6.835027 10.384610 52.698222
5.676350 11.053573 -4.812771
5.676350 11.053573 51.921529
3.670261 12.211789 -6.258928
3.670261 12.211789 50.475372
10.006124 8.553777 -1.833085
10.006124 8.553777 54.901215
2.544721 12.861620 -7.054910
2.544721 12.861620 49.679390
7.747845 8.466502 -2.956992
7.747845 8.466502 53.777308
7.694975 7.544744 -2.694312
7.694975 7.544744 54.039988
6.710795 9.038302 -3.661632
6.710795 9.038302 53.072668
4.577246 10.269391 -5.146936
4.577246 10.269391 51.587364
3.576311 10.882678 -5.853278
3.576311 10.882678 50.881022
2.787849 10.382031 -6.075109
2.787849 10.382031 50.659191
5.546905 8.293673 -4.055368
5.546905 8.293673 52.678932
5.506570 7.351493 -3.876087
5.506570 7.351493 52.858213
4.492604 8.906530 -4.683416
4.492604 8.906530 52.050884
3.678328 8.416201 -4.817877
3.678328 8.416201 51.916423
14.008995 6.242718 -0.406218
14.008995 6.242718 56.328082
-10.812705 49.235164 -0.406218
-10.812705 49.235164 56.328082
1.547137 15.224055 -8.550994
1.547137 15.224055 48.183306
10.861231 20.601550 40.773807
9.796008 19.986543 38.926538
2.803363 15.949337 46.915295
1.706120 15.315844 45.127030
8.914341 19.477512 42.395273
9.658992 19.907437 42.822482
8.854024 19.442689 41.056911
7.776142 18.820373 40.444748
7.716570 18.785979 39.487073
5.650164 17.592939 40.567294
5.588358 17.557255 39.610186
4.709918 17.049944 41.297464
3.976560 16.626683 40.845292
3.698806 16.466322 43.477763
2.966441 16.043491 43.023322
3.698061 16.465892 44.892150
4.802006 17.103255 45.470272
4.860461 17.137004 46.427947
7.003567 18.374326 45.387440
7.061650 18.407860 46.345115
7.950018 18.920760 44.645923
8.690201 19.348105 45.082777
7.912041 18.898834 43.181043
6.823361 18.270285 42.538243
6.814798 18.265340 41.205555
4.707063 17.048439 42.707312
5.765957 17.659792 43.364295
5.825529 17.694186 44.719110
9.903238 20.048452 40.190578
2.646986 15.859053 45.707421
13.577346 4.717776 -1.476226
13.577346 4.717776 55.258074
-11.244354 47.710222 -1.476226
-11.244354 47.710222 55.258074
1.106427 16.759960 -7.420846
1.106427 16.759960 49.313454
12.410850 3.070520 -2.626798
12.410850 3.070520 54.107502
-12.410850 46.062966 -2.626798
-12.410850 46.062966 54.107502
12.410850 0.727002 -4.036078
12.410850 0.727002 52.698222
-12.410850 43.719448 -4.036078
-12.410850 43.719448 52.698222
0.000000 20.885300 -4.812771
0.000000 20.885300 51.921529
0.000000 18.568867 -6.258928
0.000000 18.568867 50.475372
12.410850 4.388669 -1.833085
12.410850 4.388669 54.901215
-12.410850 47.381114 -1.833085
-12.410850 47.381114 54.901215
0.000000 17.269206 -7.054910
0.000000 17.269206 49.679390
13.615571 2.476580 -2.956992
13.615571 2.476580 53.777308
-11.206129 45.469025 -2.956992
-11.206129 45.469025 53.777308
14.440272 2.891672 -2.694312
14.440272 2.891672 54.039988
-10.381428 45.884117 -2.694312
-10.381428 45.884117 54.039988
13.638904 1.292568 -3.661632
13.638904 1.292568 53.072668
-11.182796 44.285013 -3.661632
-11.182796 44.285013 53.072668
1.228674 20.325538 -5.146936
1.228674 20.325538 51.587364
1.198019 19.152060 -5.853278
1.198019 19.152060 50.881022
2.025823 18.719556 -6.075109
2.025823 18.719556 50.659191
14.865716 0.656925 -4.055368
14.865716 0.656925 52.678932
-9.955984 43.649370 -4.055368
-9.955984 43.649370 52.678932
15.701835 1.093083 -3.876087
15.701835 1.093083 52.858213
-9.119865 44.085528 -3.876087
-9.119865 44.085528 52.858213
2.451267 20.933667 -4.683416
2.451267 20.933667 52.050884
3.283042 20.473647 -4.817877
3.283042 20.473647 51.916423
11.244354 4.717776 -1.476226
11.244354 4.717776 55.258074
-13.577346 47.710222 -1.476226
-13.577346 47.710222 55.258074
-1.106427 16.759960 -7.420846
-1.106427 16.759960 49.313454
11.206129 2.476580 -2.956992
11.206129 2.476580 53.777308
-13.615571 45.469025 -2.956992
-13.615571 45.469025 53.777308
10.381428 2.891672 -2.694312
10.381428 2.891672 54.039988
-14.440272 45.884117 -2.694312
-14.440272 45.884117 54.039988
11.182796 1.292568 -3.661632
11.182796 1.292568 53.072668
-13.638904 44.285013 -3.661632
-13.638904 44.285013 53.072668
-1.228674 20.325538 -5.146936
-1.228674 20.325538 51.587364
-1.198019 19.152060 -5.853278
-1.198019 19.152060 50.881022
-2.025823 18.719556 -6.075109
-2.025823 18.719556 50.659191
9.955984 0.656925 -4.055368
9.955984 0.656925 52.678932
-14.865716 43.649370 -4.055368
-14.865716 43.649370 52.678932
9.119865 1.093083 -3.876087
9.119865 1.093083 52.858213
-15.701835 44.085528 -3.876087
-15.701835 44.085528 52.858213
-2.451267 20.933667 -4.683416
-2.451267 20.933667 52.050884
-3.283042 20.473647 -4.817877
-3.283042 20.473647 51.916423
15.113809 7.379008 -1.476226
15.113809 7.379008 55.258074
-1.550487 12.158049 -7.420846
-1.550487 12.158049 49.313454
48.092913 12.158049 -7.420846
48.092913 12.158049 49.313454
17.073855 8.466502 -2.956992
17.073855 8.466502 53.777308
17.126725 7.544744 -2.694312
17.126725 7.544744 54.039988
18.110905 9.038302 -3.661632
18.110905 9.038302 53.072668
-4.577246 10.269391 -5.146936
-4.577246 10.269391 51.587364
45.066154 10.269391 -5.146936
45.066154 10.269391 51.587364
-3.576311 10.882678 -5.853278
-3.576311 10.882678 50.881022
46.067089 10.882678 -5.853278
46.067089 10.882678 50.881022
-2.787849 10.382031 -6.075109
-2.787849 10.382031 50.659191
46.855551 10.382031 -6.075109
46.855551 10.382031 50.659191
19.274795 8.293673 -4.055368
19.274795 8.293673 52.678932
19.315130 7.351493 -3.876087
19.315130 7.351493 52.858213
-4.492604 8.906530 -4.683416
-4.492604 8.906530 52.050884
45.150796 8.906530 -4.683416
45.150796 8.906530 52.050884
-3.678328 8.416201 -4.817877
-3.678328 8.416201 51.916423
45.965072 8.416201 -4.817877
45.965072 8.416201 51.916423
10.874387 9.399438 -1.476226
10.874387 9.399438 55.258074
2.656915 14.074437 -7.420846
2.656915 14.074437 49.313454
8.952567 10.553141 -2.956992
8.952567 10.553141 53.777308
9.724397 11.059807 -2.694312
9.724397 11.059807 54.039988
7.938848 11.165353 -3.661632
7.938848 11.165353 53.072668
5.805920 12.397517 -5.146936
5.805920 12.397517 51.587364
4.774330 12.957708 -5.853278
4.774330 12.957708 50.881022
4.813672 13.890859 -6.075109
4.813672 13.890859 50.659191
8.001771 12.545626 -4.055368
8.001771 12.545626 52.678932
8.797555 13.051647 -3.876087
8.797555 13.051647 52.858213
6.943871 13.152249 -4.683416
6.943871 13.152249 52.050884
6.961370 14.102597 -4.817877
6.961370 14.102597 51.916423
-1.536463 12.096784 1.476226
-1.536463 12.096784 58.210526
48.106937 12.096784 1.476226
48.106937 12.096784 58.210526
15.067765 7.421786 7.420846
15.067765 7.421786 64.155146
-3.458283 10.943082 2.956992
-3.458283 10.943082 59.691292
46.185117 10.943082 2.956992
46.185117 10.943082 59.691292
-2.686453 10.436416 2.694312
-2.686453 10.436416 59.428612
46.956947 10.436416 2.694312
46.956947 10.436416 59.428612
-4.472002 10.330870 3.661632
-4.472002 10.330870 60.395932
45.171398 10.330870 3.661632
45.171398 10.330870 60.395932
18.216770 9.098706 5.146936
18.216770 9.098706 61.881236
17.185180 8.538515 5.853278
17.185180 8.538515 62.587578
17.224522 7.605364 6.075109
17.224522 7.605364 62.809409
-4.409079 8.950597 4.055368
-4.409079 8.950597 60.789668
45.234321 8.950597 4.055368
45.234321 8.950597 60.789668
-3.613295 8.444576 3.876087
-3.613295 8.444576 60.610387
46.030105 8.444576 3.876087
46.030105 8.444576 60.610387
19.354721 8.343974 4.683416
19.354721 8.343974 61.417716
19.372220 7.393626 4.817877
19.372220 7.393626 61.552177
2.702959 14.117214 1.476226
2.702959 14.117214 58.210526
10.860363 9.338174 7.420846
10.860363 9.338174 64.155146
4.663005 13.029720 2.956992
4.663005 13.029720 59.691292
4.715875 13.951478 2.694312
4.715875 13.951478 59.428612
5.700055 12.457921 3.661632
5.700055 12.457921 60.395932
7.833604 11.226832 5.146936
7.833604 11.226832 61.881236
8.834539 10.613545 5.853278
8.834539 10.613545 62.587578
9.623001 11.114192 6.075109
9.623001 11.114192 62.809409
6.863945 13.202550 4.055368
6.863945 13.202550 60.789668
6.904280 14.144730 3.876087
6.904280 14.144730 60.610387
7.918246 12.589693 4.683416
7.918246 12.589693 61.417716
8.732522 13.080022 4.817877
8.732522 13.080022 61.552177
-1.166496 16.778447 1.476226
-1.166496 16.778447 58.210526
11.304423 4.736263 7.420846
11.304423 4.736263 64.155146
-13.517277 47.728708 7.420846
-13.517277 47.728708 64.155146
-1.204721 19.019643 2.956992
-1.204721 19.019643 59.691292
-2.029422 18.604551 2.694312
-2.029422 18.604551 59.428612
-1.228054 20.203655 3.661632
-1.228054 20.203655 60.395932
11.182176 1.170684 5.146936
11.182176 1.170684 61.881236
-13.639524 44.163130 5.146936
-13.639524 44.163130 61.881236
11.212831 2.344163 5.853278
11.212831 2.344163 62.587578
-13.608869 45.336609 5.853278
-13.608869 45.336609 62.587578
10.385027 2.776667 6.075109
10.385027 2.776667 62.809409
-14.436673 45.769113 6.075109
-14.436673 45.769113 62.809409
-2.454866 20.839298 4.055368
-2.454866 20.839298 60.789668
-3.290985 20.403140 3.876087
-3.290985 20.403140 60.610387
9.959583 0.562556 4.683416
9.959583 0.562556 61.417716
-14.862117 43.555002 4.683416
-14.862117 43.555002 61.417716
9.127808 1.022575 4.817877
9.127808 1.022575 61.552177
-15.693892 44.015021 4.817877
-15.693892 44.015021 61.552177
24.821576 0.000072 16.737375
-0.000124 42.992517 16.737375
1.598145 0.922690 19.317651
-23.223555 43.915135 19.317651
51.241545 0.922690 19.317651
26.419845 43.915135 19.317651
1.547137 13.437575 27.462427
0.000124 14.330744 30.184539
24.821576 0.000072 18.658398
-0.000124 42.992517 18.658398
0.000124 14.330744 28.160826
10.861231 8.060080 34.871927
9.796008 8.675087 36.719195
2.803363 12.712293 28.730439
1.706120 13.345787 30.518704
8.914341 9.184118 33.250460
9.658992 8.754193 32.823251
8.854024 9.218942 34.588822
7.776142 9.841257 35.200986
7.716570 9.875651 36.158661
5.650164 11.068692 35.078439
5.588358 11.104375 36.035547
4.709918 11.611686 34.348269
3.976560 12.034947 34.800441
3.698806 12.195309 32.167970
2.966441 12.618139 32.622412
3.698061 12.195739 30.753584
4.802006 11.558376 30.175461
4.860461 11.524627 29.217786
7.003567 10.287304 30.258293
7.061650 10.253770 29.300618
7.950018 9.740870 30.999811
8.690201 9.313525 30.562957
7.912041 9.762796 32.464690
6.823361 10.391346 33.107490
6.814798 10.396290 34.440179
4.707063 11.613191 32.938422
5.765957 11.001838 32.281438
5.825529 10.967445 30.926623
9.903238 8.613178 35.455155
2.646986 12.802577 29.938312
1.166496 2.447632 20.387660
-23.655204 45.440077 20.387660
50.809896 2.447632 20.387660
25.988196 45.440077 20.387660
1.106427 11.901670 26.332280
0.000000 4.094887 21.538231
-24.821700 47.087333 21.538231
49.643400 4.094887 21.538231
24.821700 47.087333 21.538231
0.000000 6.438405 22.947511
-24.821700 49.430851 22.947511
49.643400 6.438405 22.947511
24.821700 49.430851 22.947511
0.000000 7.776330 23.724204
49.643400 7.776330 23.724204
0.000000 10.092763 25.170361
49.643400 10.092763 25.170361
-0.000000 2.776739 20.744519
-24.821700 45.769184 20.744519
49.643400 2.776739 20.744519
24.821700 45.769184 20.744519
0.000000 11.392425 25.966344
49.643400 11.392425 25.966344
1.204721 4.688828 21.868425
-23.616979 47.681273 21.868425
50.848121 4.688828 21.868425
26.026421 47.681273 21.868425
2.029422 4.273736 21.605745
-22.792278 47.266181 21.605745
51.672822 4.273736 21.605745
26.851122 47.266181 21.605745
1.228054 5.872840 22.573065
-23.593646 48.865285 22.573065
50.871454 5.872840 22.573065
26.049754 48.865285 22.573065
1.228674 8.336092 24.058369
50.872074 8.336092 24.058369
1.198019 9.509571 24.764711
50.841419 9.509571 24.764711
2.025823 9.942075 24.986542
2.454866 6.508483 22.966801
52.098266 6.508483 22.966801
3.290985 6.072325 22.787521
-21.530715 49.064770 22.787521
52.934385 6.072325 22.787521
28.112685 49.064770 22.787521
2.451267 7.727964 23.594850
52.094667 7.727964 23.594850
3.283042 8.187983 23.729310
12.410850 21.496079 16.737375
23.223555 0.922690 19.317651
-1.598145 43.915135 19.317651
0.000000 16.117295 27.462427
12.410850 21.496079 18.658398
12.410850 5.376062 34.871927
-12.410850 48.368508 34.871927
12.410850 4.146048 36.719195
-12.410850 47.138494 36.719195
0.000000 17.567860 28.730439
0.000000 16.300872 30.518704
12.410850 3.127987 33.250460
-12.410850 46.120433 33.250460
12.410850 3.987836 32.823251
-12.410850 46.980281 32.823251
12.410850 3.058339 34.588822
-12.410850 46.050785 34.588822
12.410850 1.813708 35.200986
-12.410850 44.806153 35.200986
12.410850 1.744920 36.158661
-12.410850 44.737366 36.158661
0.000000 20.855062 35.078439
0.000000 20.783695 36.035547
-0.000124 19.769288 34.348269
0.000000 18.922552 34.800441
0.000000 18.601828 32.167970
0.000000 17.756167 32.622412
0.000000 18.600968 30.753584
0.000000 19.875694 30.175461
0.000000 19.943192 29.217786
12.410850 0.921615 30.258293
-12.410850 43.914060 30.258293
12.410850 0.988683 29.300618
-12.410850 43.981128 29.300618
12.410850 2.014483 30.999811
-12.410850 45.006928 30.999811
12.410850 2.869173 30.562957
-12.410850 45.861618 30.562957
12.410850 1.970630 32.464690
-12.410850 44.963076 32.464690
12.410850 0.713531 33.107490
-12.410850 43.705977 33.107490
12.410850 0.703643 34.440179
-12.410850 43.696089 34.440179
0.000000 19.766063 32.938422
0.000000 20.988769 32.281438
0.000000 21.057557 30.926623
12.410850 4.269866 35.455155
-12.410850 47.262312 35.455155
0.000000 17.387291 29.938312
9.707891 21.282622 20.387660
1.550487 16.503582 26.332280
8.864574 19.448779 21.538231
6.835027 18.277020 22.947511
5.676350 17.608058 23.724204
3.670261 16.449841 25.170361
10.006124 20.107853 20.744519
2.544721 15.800010 25.966344
7.747845 20.195128 21.868425
7.694975 21.116886 21.605745
6.710795 19.623329 22.573065
4.577246 18.392240 24.058369
3.576311 17.778953 24.764711
2.787849 18.279600 24.986542
5.546905 20.367958 22.966801
5.506570 21.310137 22.787521
4.492604 19.755100 23.594850
3.678328 20.245429 23.729310
0.000124 0.000072 16.737375
-24.821576 42.992517 16.737375
49.643524 0.000072 16.737375
24.821824 42.992517 16.737375
12.410850 19.650844 19.317651
-1.547137 13.437575 27.462427
48.096263 13.437575 27.462427
0.000124 0.000072 18.658398
-24.821576 42.992517 18.658398
49.643524 0.000072 18.658398
24.821824 42.992517 18.658398
13.960469 8.060080 34.871927
15.025692 8.675087 36.719195
-2.803363 12.712293 28.730439
46.840037 12.712293 28.730439
-1.706120 13.345787 30.518704
47.937280 13.345787 30.518704
15.907359 9.184118 33.250460
15.162708 8.754193 32.823251
15.967676 9.218942 34.588822
17.045558 9.841257 35.200986
17.105130 9.875651 36.158661
-5.650164 11.068692 35.078439
43.993236 11.068692 35.078439
-5.588358 11.104375 36.035547
44.055042 11.104375 36.035547
-4.709793 11.611471 34.348269
44.933607 11.611471 34.348269
-3.976560 12.034947 34.800441
45.666840 12.034947 34.800441
-3.698806 12.195309 32.167970
45.944594 12.195309 32.167970
-2.966441 12.618139 32.622412
46.676959 12.618139 32.622412
-3.698061 12.195739 30.753584
45.945339 12.195739 30.753584
-4.802006 11.558376 30.175461
44.841394 11.558376 30.175461
-4.860461 11.524627 29.217786
44.782939 11.524627 29.217786
17.818133 10.287304 30.258293
17.760050 10.253770 29.300618
16.871682 9.740870 30.999811
16.131499 9.313525 30.562957
16.909659 9.762796 32.464690
17.998339 10.391346 33.107490
18.006902 10.396290 34.440179
-4.707063 11.613191 32.938422
44.936337 11.613191 32.938422
-5.765957 11.001838 32.281438
43.877443 11.001838 32.281438
-5.825529 10.967445 30.926623
43.817871 10.967445 30.926623
14.918462 8.613178 35.455155
-2.646986 12.802577 29.938312
46.996414 12.802577 29.938312
-10.874387 19.262192 20.387660
38.769013 19.262192 20.387660
-2.656915 14.587193 26.332280
46.986485 14.587193 26.332280
-8.864574 19.448779 21.538231
40.778826 19.448779 21.538231
-6.835027 18.277020 22.947511
42.808373 18.277020 22.947511
-5.676350 17.608058 23.724204
43.967050 17.608058 23.724204
-3.670261 16.449841 25.170361
45.973139 16.449841 25.170361
-10.006124 20.107853 20.744519
39.637276 20.107853 20.744519
-2.544721 15.800010 25.966344
47.098679 15.800010 25.966344
-8.952567 18.108490 21.868425
40.690833 18.108490 21.868425
-9.724397 17.601824 21.605745
39.919003 17.601824 21.605745
-7.938848 17.496277 22.573065
41.704552 17.496277 22.573065
-5.805920 16.264114 24.058369
43.837480 16.264114 24.058369
-4.774330 15.703922 24.764711
44.869070 15.703922 24.764711
-4.813672 14.770771 24.986542
44.829728 14.770771 24.986542
-8.001771 16.116005 22.966801
41.641629 16.116005 22.966801
-8.797555 15.609984 22.787521
40.845845 15.609984 22.787521
-6.943871 15.509381 23.594850
42.699529 15.509381 23.594850
-6.961370 14.559033 23.729310
42.682030 14.559033 23.729310
0.000124 14.330744 21.085492
-0.000000 16.176194 18.505216
23.274563 0.893240 10.360440
-1.547137 43.885685 10.360440
24.821576 0.000072 7.638328
24.821576 0.000072 64.372628
-0.000124 42.992517 7.638328
-0.000124 42.992517 64.372628
0.000124 14.330744 19.164468
24.821576 0.000072 9.662040
-0.000124 42.992517 9.662040
13.960469 6.270735 2.950940
13.960469 6.270735 59.685240
-10.861231 49.263180 2.950940
-10.861231 49.263180 59.685240
15.025692 5.655728 1.103671
15.025692 5.655728 57.837971
-9.796008 48.648173 1.103671
-9.796008 48.648173 57.837971
22.018337 1.618522 9.092428
-2.803363 44.610968 9.092428
23.115580 0.985029 7.304163
23.115580 0.985029 64.038463
-1.706120 43.977474 7.304163
-1.706120 43.977474 64.038463
15.907359 5.146697 4.572406
15.907359 5.146697 61.306706
-8.914341 48.139143 4.572406
-8.914341 48.139143 61.306706
15.162708 5.576622 4.999616
15.162708 5.576622 61.733916
-9.658992 48.569067 4.999616
-9.658992 48.569067 61.733916
15.967676 5.111873 3.234044
15.967676 5.111873 59.968344
-8.854024 48.104319 3.234044
-8.854024 48.104319 59.968344
17.045558 4.489558 2.621881
17.045558 4.489558 59.356181
-7.776142 47.482003 2.621881
-7.776142 47.482003 59.356181
17.105130 4.455164 1.664206
17.105130 4.455164 58.398506
-7.716570 47.447609 1.664206
-7.716570 47.447609 58.398506
19.171536 3.262123 2.744427
19.171536 3.262123 59.478727
-5.650164 46.254569 2.744427
-5.650164 46.254569 59.478727
19.233342 3.226440 1.787320
19.233342 3.226440 58.521620
-5.588358 46.218885 1.787320
-5.588358 46.218885 58.521620
20.111907 2.719344 3.474598
20.111907 2.719344 60.208898
-4.709793 45.711789 3.474598
-4.709793 45.711789 60.208898
20.845140 2.295868 3.022425
20.845140 2.295868 59.756725
-3.976560 45.288314 3.022425
-3.976560 45.288314 59.756725
21.122894 2.135506 5.654897
21.122894 2.135506 62.389197
-3.698806 45.127952 5.654897
-3.698806 45.127952 62.389197
21.855259 1.712676 5.200455
21.855259 1.712676 61.934755
-2.966441 44.705121 5.200455
-2.966441 44.705121 61.934755
21.123639 2.135076 7.069283
21.123639 2.135076 63.803583
-3.698061 45.127522 7.069283
-3.698061 45.127522 63.803583
20.019694 2.772440 7.647405
20.019694 2.772440 64.381705
-4.802006 45.764885 7.647405
-4.802006 45.764885 64.381705
19.961239 2.806189 8.605080
-4.860461 45.798634 8.605080
17.818133 4.043511 7.564573
17.818133 4.043511 64.298873
-7.003567 47.035957 7.564573
-7.003567 47.035957 64.298873
17.760050 4.077045 8.522248
17.760050 4.077045 65.256548
-7.061650 47.069491 8.522248
-7.061650 47.069491 65.256548
16.871682 4.589945 6.823056
16.871682 4.589945 63.557356
-7.950018 47.582391 6.823056
-7.950018 47.582391 63.557356
16.131499 5.017290 7.259910
16.131499 5.017290 63.994210
-8.690201 48.009736 7.259910
-8.690201 48.009736 63.994210
16.909659 4.568019 5.358176
16.909659 4.568019 62.092476
-7.912041 47.560465 5.358176
-7.912041 47.560465 62.092476
17.998339 3.939469 4.715377
17.998339 3.939469 61.449677
-6.823361 46.931915 4.715377
-6.823361 46.931915 61.449677
18.006902 3.934525 3.382688
18.006902 3.934525 60.116988
-6.814798 46.926971 3.382688
-6.814798 46.926971 60.116988
20.114637 2.717624 4.884445
20.114637 2.717624 61.618745
-4.707063 45.710070 4.884445
-4.707063 45.710070 61.618745
19.055743 3.328977 5.541428
19.055743 3.328977 62.275728
-5.765957 46.321422 5.541428
-5.765957 46.321422 62.275728
18.996171 3.363371 6.896243
18.996171 3.363371 63.630543
-5.825529 46.355816 6.896243
-5.825529 46.355816 63.630543
14.918462 5.717637 2.367711
14.918462 5.717637 59.102011
-9.903238 48.710083 2.367711
-9.903238 48.710083 59.102011
22.174714 1.528238 7.884555
22.174714 1.528238 64.618855
-2.646986 44.520684 7.884555
-2.646986 44.520684 64.618855
1.536463 16.564846 17.435207
9.753935 21.239844 11.490587
3.546276 16.378259 16.284635
5.575823 17.550018 14.875355
6.734500 18.218980 14.098663
8.740589 19.377197 12.652505
2.404726 15.719185 17.078348
9.866129 20.027028 11.856523
3.458283 17.718548 15.954442
2.686453 18.225214 16.217121
4.472002 18.330761 15.249802
6.604930 19.562924 13.764498
7.636520 20.123116 13.058156
7.597178 21.056267 12.836324
4.409079 19.711033 14.856066
3.613295 20.217054 15.035346
5.466979 20.317657 14.228017
5.449480 21.268005 14.093557
-1.598145 13.408126 18.505216
48.045255 13.408126 18.505216
12.410850 19.709743 10.360440
12.410850 21.496079 7.638328
12.410850 21.496079 64.372628
12.410850 21.496079 9.662040
12.410850 8.954753 2.950940
12.410850 8.954753 59.685240
12.410850 10.184767 1.103671
12.410850 10.184767 57.837971
12.410850 18.259178 9.092428
12.410850 19.526166 7.304163
12.410850 19.526166 64.038463
12.410850 11.202828 4.572406
12.410850 11.202828 61.306706
12.410850 10.342979 4.999616
12.410850 10.342979 61.733916
12.410850 11.272476 3.234044
12.410850 11.272476 59.968344
12.410850 12.517107 2.621881
12.410850 12.517107 59.356181
12.410850 12.585895 1.664206
12.410850 12.585895 58.398506
12.410850 14.971976 2.744427
12.410850 14.971976 59.478727
12.410850 15.043343 1.787320
12.410850 15.043343 58.521620
12.410726 16.057750 3.474598
12.410726 16.057750 60.208898
12.410850 16.904486 3.022425
12.410850 16.904486 59.756725
12.410850 17.225210 5.654897
12.410850 17.225210 62.389197
12.410850 18.070871 5.200455
12.410850 18.070871 61.934755
12.410850 17.226070 7.069283
12.410850 17.226070 63.803583
12.410850 15.951344 7.647405
12.410850 15.951344 64.381705
12.410850 15.883846 8.605080
12.410850 13.409200 7.564573
12.410850 13.409200 64.298873
12.410850 13.342132 8.522248
12.410850 13.342132 65.256548
12.410850 12.316332 6.823056
12.410850 12.316332 63.557356
12.410850 11.461643 7.259910
12.410850 11.461643 63.994210
12.410850 12.360185 5.358176
12.410850 12.360185 62.092476
12.410850 13.617284 4.715377
12.410850 13.617284 61.449677
12.410850 13.627172 3.382688
12.410850 13.627172 60.116988
12.410850 16.060974 4.884445
12.410850 16.060974 61.618745
12.410850 14.838269 5.541428
12.410850 14.838269 62.275728
12.410850 14.769481 6.896243
12.410850 14.769481 63.630543
12.410850 10.060949 2.367711
12.410850 10.060949 59.102011
12.410850 18.439747 7.884555
12.410850 18.439747 64.618855
-2.702959 14.544416 17.435207
46.940441 14.544416 17.435207
-10.860363 19.323456 11.490587
38.783037 19.323456 11.490587
-3.546276 16.378259 16.284635
46.097124 16.378259 16.284635
-5.575823 17.550018 14.875355
44.067577 17.550018 14.875355
-6.734500 18.218980 14.098663
42.908900 18.218980 14.098663
-8.740589 19.377197 12.652505
40.902811 19.377197 12.652505
-2.404726 15.719185 17.078348
47.238674 15.719185 17.078348
-9.866129 20.027028 11.856523
39.777271 20.027028 11.856523
-4.663005 15.631910 15.954442
44.980395 15.631910 15.954442
-4.715875 14.710152 16.217121
44.927525 14.710152 16.217121
-5.700055 16.203709 15.249802
43.943345 16.203709 15.249802
-7.833604 17.434798 13.764498
41.809796 17.434798 13.764498
-8.834539 18.048085 13.058156
40.808861 18.048085 13.058156
-9.623001 17.547438 12.836324
40.020399 17.547438 12.836324
-6.863945 15.459080 14.856066
42.779455 15.459080 14.856066
-6.904280 14.516901 15.035346
42.739120 14.516901 15.035346
-7.918246 16.071938 14.228017
41.725154 16.071938 14.228017
-8.732522 15.581609 14.093557
40.910878 15.581609 14.093557
1.598145 13.408126 18.505216
1.547137 0.893240 10.360440
-23.274563 43.885685 10.360440
51.190537 0.893240 10.360440
26.368837 43.885685 10.360440
0.000124 0.000072 7.638328
0.000124 0.000072 64.372628
-24.821576 42.992517 7.638328
-24.821576 42.992517 64.372628
49.643524 0.000072 7.638328
49.643524 0.000072 64.372628
24.821824 42.992517 7.638328
24.821824 42.992517 64.372628
0.000124 0.000072 9.662040
-24.821576 42.992517 9.662040
49.643524 0.000072 9.662040
24.821824 42.992517 9.662040
10.861231 6.270735 2.950940
10.861231 6.270735 59.685240
-13.960469 49.263180 2.950940
-13.960469 49.263180 59.685240
9.796008 5.655728 1.103671
9.796008 5.655728 57.837971
-15.025692 48.648173 1.103671
-15.025692 48.648173 57.837971
2.803363 1.618522 9.092428
-22.018337 44.610968 9.092428
52.446763 1.618522 9.092428
27.625063 44.610968 9.092428
1.706120 0.985029 7.304163
1.706120 0.985029 64.038463
-23.115580 43.977474 7.304163
-23.115580 43.977474 64.038463
51.349520 0.985029 7.304163
51.349520 0.985029 64.038463
26.527820 43.977474 7.304163
26.527820 43.977474 64.038463
8.914341 5.146697 4.572406
8.914341 5.146697 61.306706
-15.907359 48.139143 4.572406
-15.907359 48.139143 61.306706
9.658992 5.576622 4.999616
9.658992 5.576622 61.733916
-15.162708 48.569067 4.999616
-15.162708 48.569067 61.733916
8.854024 5.111873 3.234044
8.854024 5.111873 59.968344
-15.967676 48.104319 3.234044
-15.967676 48.104319 59.968344
7.776142 4.489558 2.621881
7.776142 4.489558 59.356181
-17.045558 47.482003 2.621881
-17.045558 47.482003 59.356181
7.716570 4.455164 1.664206
7.716570 4.455164 58.398506
-17.105130 47.447609 1.664206
-17.105130 47.447609 58.398506
5.650164 3.262123 2.744427
5.650164 3.262123 59.478727
-19.171536 46.254569 2.744427
-19.171536 46.254569 59.478727
5.588358 3.226440 1.787320
5.588358 3.226440 58.521620
-19.233342 46.218885 1.787320
-19.233342 46.218885 58.521620
55.231758 3.226440 1.787320
55.231758 3.226440 58.521620
30.410058 46.218885 1.787320
30.410058 46.218885 58.521620
4.709918 2.719129 3.474598
4.709918 2.719129 60.208898
-20.111782 45.711574 3.474598
-20.111782 45.711574 60.208898
54.353318 2.719129 3.474598
54.353318 2.719129 60.208898
29.531618 45.711574 3.474598
29.531618 45.711574 60.208898
3.976560 2.295868 3.022425
3.976560 2.295868 59.756725
-20.845140 45.288314 3.022425
-20.845140 45.288314 59.756725
53.619960 2.295868 3.022425
53.619960 2.295868 59.756725
28.798260 45.288314 3.022425
28.798260 45.288314 59.756725
3.698806 2.135506 5.654897
3.698806 2.135506 62.389197
-21.122894 45.127952 5.654897
-21.122894 45.127952 62.389197
53.342206 2.135506 5.654897
53.342206 2.135506 62.389197
28.520506 45.127952 5.654897
28.520506 45.127952 62.389197
2.966441 1.712676 5.200455
2.966441 1.712676 61.934755
-21.855259 44.705121 5.200455
-21.855259 44.705121 61.934755
52.609841 1.712676 5.200455
52.609841 1.712676 61.934755
27.788141 44.705121 5.200455
27.788141 44.705121 61.934755
3.698061 2.135076 7.069283
3.698061 2.135076 63.803583
-21.123639 45.127522 7.069283
-21.123639 45.127522 63.803583
53.341461 2.135076 7.069283
53.341461 2.135076 63.803583
28.519761 45.127522 7.069283
28.519761 45.127522 63.803583
4.802006 2.772440 7.647405
4.802006 2.772440 64.381705
-20.019694 45.764885 7.647405
-20.019694 45.764885 64.381705
54.445406 2.772440 7.647405
54.445406 2.772440 64.381705
29.623706 45.764885 7.647405
29.623706 45.764885 64.381705
4.860461 2.806189 8.605080
-19.961239 45.798634 8.605080
54.503861 2.806189 8.605080
29.682161 45.798634 8.605080
7.003567 4.043511 7.564573
7.003567 4.043511 64.298873
-17.818133 47.035957 7.564573
-17.818133 47.035957 64.298873
7.061650 4.077045 8.522248
7.061650 4.077045 65.256548
-17.760050 47.069491 8.522248
-17.760050 47.069491 65.256548
7.950018 4.589945 6.823056
7.950018 4.589945 63.557356
-16.871682 47.582391 6.823056
-16.871682 47.582391 63.557356
8.690201 5.017290 7.259910
8.690201 5.017290 63.994210
-16.131499 48.009736 7.259910
-16.131499 48.009736 63.994210
7.912041 4.568019 5.358176
7.912041 4.568019 62.092476
-16.909659 47.560465 5.358176
-16.909659 47.560465 62.092476
6.823361 3.939469 4.715377
6.823361 3.939469 61.449677
-17.998339 46.931915 4.715377
-17.998339 46.931915 61.449677
6.814798 3.934525 3.382688
6.814798 3.934525 60.116988
-18.006902 46.926971 3.382688
-18.006902 46.926971 60.116988
4.707063 2.717624 4.884445
4.707063 2.717624 61.618745
-20.114637 45.710070 4.884445
-20.114637 45.710070 61.618745
54.350463 2.717624 4.884445
54.350463 2.717624 61.618745
29.528763 45.710070 4.884445
29.528763 45.710070 61.618745
5.765957 3.328977 5.541428
5.765957 3.328977 62.275728
-19.055743 46.321422 5.541428
-19.055743 46.321422 62.275728
5.825529 3.363371 6.896243
5.825529 3.363371 63.630543
-18.996171 46.355816 6.896243
-18.996171 46.355816 63.630543
9.903238 5.717637 2.367711
9.903238 5.717637 59.102011
-14.918462 48.710083 2.367711
-14.918462 48.710083 59.102011
2.646986 1.528238 7.884555
2.646986 1.528238 64.618855
-22.174714 44.520684 7.884555
-22.174714 44.520684 64.618855
52.290386 1.528238 7.884555
52.290386 1.528238 64.618855
27.468686 44.520684 7.884555
27.468686 44.520684 64.618855
1.166496 11.883184 17.435207
1.106427 2.429145 11.490587
-23.715273 45.421590 11.490587
50.749827 2.429145 11.490587
25.928127 45.421590 11.490587
0.000000 10.235928 16.284635
49.643400 10.235928 16.284635
0.000000 7.892410 14.875355
49.643400 7.892410 14.875355
0.000000 6.554485 14.098663
49.643400 6.554485 14.098663
0.000000 4.238052 12.652505
-24.821700 47.230498 12.652505
49.643400 4.238052 12.652505
24.821700 47.230498 12.652505
0.000000 11.554076 17.078348
49.643400 11.554076 17.078348
-0.000000 2.938390 11.856523
-24.821700 45.930836 11.856523
49.643400 2.938390 11.856523
24.821700 45.930836 11.856523
1.204721 9.641987 15.954442
50.848121 9.641987 15.954442
2.029422 10.057079 16.217121
1.228054 8.457975 15.249802
50.871454 8.457975 15.249802
1.228674 5.994723 13.764498
-23.593026 48.987169 13.764498
50.872074 5.994723 13.764498
26.050374 48.987169 13.764498
1.198019 4.821244 13.058156
-23.623681 47.813690 13.058156
50.841419 4.821244 13.058156
26.019719 47.813690 13.058156
2.025823 4.388740 12.836324
-22.795877 47.381186 12.836324
51.669223 4.388740 12.836324
26.847523 47.381186 12.836324
2.454866 7.822332 14.856066
52.098266 7.822332 14.856066
3.290985 8.258491 15.035346
2.451267 6.602851 14.228017
52.094667 6.602851 14.228017
3.283042 6.142832 14.093557
-21.538658 49.135278 14.093557
52.926442 6.142832 14.093557
28.104742 49.135278 14.093557
-1.166496 11.883184 17.435207
48.476904 11.883184 17.435207
-1.106427 2.429145 11.490587
-25.928127 45.421590 11.490587
48.536973 2.429145 11.490587
23.715273 45.421590 11.490587
-1.204721 9.641987 15.954442
48.438679 9.641987 15.954442
-2.029422 10.057079 16.217121
47.613978 10.057079 16.217121
-1.228054 8.457975 15.249802
48.415346 8.457975 15.249802
-1.228674 5.994723 13.764498
-26.050374 48.987169 13.764498
48.414726 5.994723 13.764498
23.593026 48.987169 13.764498
-1.198019 4.821244 13.058156
-26.019719 47.813690 13.058156
48.445381 4.821244 13.058156
23.623681 47.813690 13.058156
-2.025823 4.388740 12.836324
-26.847523 47.381186 12.836324
47.617577 4.388740 12.836324
22.795877 47.381186 12.836324
-2.454866 7.822332 14.856066
47.188534 7.822332 14.856066
-3.290985 8.258491 15.035346
46.352415 8.258491 15.035346
-2.451267 6.602851 14.228017
47.192133 6.602851 14.228017
-3.283042 6.142832 14.093557
-28.104742 49.135278 14.093557
46.360358 6.142832 14.093557
21.538658 49.135278 14.093557
2.702959 14.544416 17.435207
10.860363 19.323456 11.490587
4.663005 15.631910 15.954442
4.715875 14.710152 16.217121
5.700055 16.203709 15.249802
7.833604 17.434798 13.764498
8.834539 18.048085 13.058156
9.623001 17.547438 12.836324
6.863945 15.459080 14.856066
6.904280 14.516901 15.035346
7.918246 16.071938 14.228017
8.732522 15.581609 14.093557
-1.536463 16.564846 17.435207
-9.753935 21.239844 11.490587
39.889465 21.239844 11.490587
-3.458283 17.718548 15.954442
46.185117 17.718548 15.954442
-2.686453 18.225214 16.217121
-4.472002 18.330761 15.249802
45.171398 18.330761 15.249802
-6.604930 19.562924 13.764498
43.038470 19.562924 13.764498
-7.636520 20.123116 13.058156
42.006880 20.123116 13.058156
-7.597178 21.056267 12.836324
42.046222 21.056267 12.836324
-4.409079 19.711033 14.856066
45.234321 19.711033 14.856066
-3.613295 20.217054 15.035346
-5.466979 20.317657 14.228017
44.176421 20.317657 14.228017
-5.449480 21.268005 14.093557
44.193920 21.268005 14.093557
10.874387 19.262192 20.387660
2.656915 14.587193 26.332280
8.952567 18.108490 21.868425
9.724397 17.601824 21.605745
7.938848 17.496277 22.573065
5.805920 16.264114 24.058369
4.774330 15.703922 24.764711
4.813672 14.770771 24.986542
8.001771 16.116005 22.966801
8.797555 15.609984 22.787521
6.943871 15.509381 23.594850
6.961370 14.559033 23.729310
-9.707891 21.282622 20.387660
39.935509 21.282622 20.387660
-1.550487 16.503582 26.332280
-7.747845 20.195128 21.868425
41.895555 20.195128 21.868425
-7.694975 21.116886 21.605745
41.948425 21.116886 21.605745
-6.710795 19.623329 22.573065
42.932605 19.623329 22.573065
-4.577246 18.392240 24.058369
45.066154 18.392240 24.058369
-3.576311 17.778953 24.764711
46.067089 17.778953 24.764711
-2.787849 18.279600 24.986542
-5.546905 20.367958 22.966801
44.096495 20.367958 22.966801
-5.506570 21.310137 22.787521
44.136830 21.310137 22.787521
-4.492604 19.755100 23.594850
45.150796 19.755100 23.594850
-3.678328 20.245429 23.729310
-1.166496 2.447632 20.387660
-25.988196 45.440077 20.387660
48.476904 2.447632 20.387660
23.655204 45.440077 20.387660
-1.106427 11.901670 26.332280
48.536973 11.901670 26.332280
-1.204721 4.688828 21.868425
-26.026421 47.681273 21.868425
48.438679 4.688828 21.868425
23.616979 47.681273 21.868425
-2.029422 4.273736 21.605745
-26.851122 47.266181 21.605745
47.613978 4.273736 21.605745
22.792278 47.266181 21.605745
-1.228054 5.872840 22.573065
-26.049754 48.865285 22.573065
48.415346 5.872840 22.573065
23.593646 48.865285 22.573065
-1.228674 8.336092 24.058369
48.414726 8.336092 24.058369
-1.198019 9.509571 24.764711
48.445381 9.509571 24.764711
-2.025823 9.942075 24.986542
47.617577 9.942075 24.986542
-2.454866 6.508483 22.966801
47.188534 6.508483 22.966801
-3.290985 6.072325 22.787521
-28.112685 49.064770 22.787521
46.352415 6.072325 22.787521
21.530715 49.064770 22.787521
-2.451267 7.727964 23.594850
47.192133 7.727964 23.594850
-3.283042 8.187983 23.729310
46.360358 8.187983 23.729310
12.410726 7.165479 35.648808
14.008995 8.088097 38.229084
-10.863713 20.602983 46.373860
38.779687 20.602983 46.373860
-12.410726 21.496151 -7.638328
-12.410726 21.496151 49.095972
37.232674 21.496151 -7.638328
37.232674 21.496151 49.095972
12.410726 7.165479 37.569832
-12.410726 21.496151 47.072260
37.232674 21.496151 47.072260
-1.549619 15.225488 -2.950940
-1.549619 15.225488 53.783360
48.093781 15.225488 -2.950940
48.093781 15.225488 53.783360
-2.614842 15.840495 -1.103671
-2.614842 15.840495 55.630629
47.028558 15.840495 -1.103671
47.028558 15.840495 55.630629
-9.607487 19.877700 47.641872
40.035913 19.877700 47.641872
-10.704730 20.511194 -7.304163
-10.704730 20.511194 49.430137
38.938670 20.511194 -7.304163
38.938670 20.511194 49.430137
-3.496509 16.349525 -4.572406
-3.496509 16.349525 52.161894
46.146891 16.349525 -4.572406
46.146891 16.349525 52.161894
-2.751858 15.919601 -4.999616
-2.751858 15.919601 51.734684
46.891542 15.919601 -4.999616
46.891542 15.919601 51.734684
-3.556826 16.384349 -3.234044
-3.556826 16.384349 53.500256
46.086574 16.384349 -3.234044
46.086574 16.384349 53.500256
-4.634708 17.006665 -2.621881
-4.634708 17.006665 54.112419
45.008692 17.006665 -2.621881
45.008692 17.006665 54.112419
-4.694280 17.041059 -1.664206
-4.694280 17.041059 55.070094
44.949120 17.041059 -1.664206
44.949120 17.041059 55.070094
-6.760686 18.234099 -2.744427
-6.760686 18.234099 53.989873
42.882714 18.234099 -2.744427
42.882714 18.234099 53.989873
-6.822492 18.269783 -1.787320
-6.822492 18.269783 54.946980
42.820908 18.269783 -1.787320
42.820908 18.269783 54.946980
-7.700932 18.777094 -3.474598
-7.700932 18.777094 53.259702
41.942468 18.777094 -3.474598
41.942468 18.777094 53.259702
-8.434290 19.200355 -3.022425
-8.434290 19.200355 53.711875
41.209110 19.200355 -3.022425
41.209110 19.200355 53.711875
-8.712044 19.360716 -5.654897
-8.712044 19.360716 51.079403
40.931356 19.360716 -5.654897
40.931356 19.360716 51.079403
-9.444409 19.783547 -5.200455
-9.444409 19.783547 51.533845
40.198991 19.783547 -5.200455
40.198991 19.783547 51.533845
-8.712789 19.361146 -7.069283
-8.712789 19.361146 49.665017
40.930611 19.361146 -7.069283
40.930611 19.361146 49.665017
-7.608844 18.723783 -7.647405
-7.608844 18.723783 49.086895
42.034556 18.723783 -7.647405
42.034556 18.723783 49.086895
-7.550389 18.690034 48.129220
42.093011 18.690034 48.129220
-5.407283 17.452712 -7.564573
-5.407283 17.452712 49.169727
44.236117 17.452712 -7.564573
44.236117 17.452712 49.169727
-5.349200 17.419178 -8.522248
-5.349200 17.419178 48.212052
44.294200 17.419178 -8.522248
44.294200 17.419178 48.212052
-4.460832 16.906278 -6.823056
-4.460832 16.906278 49.911244
45.182568 16.906278 -6.823056
45.182568 16.906278 49.911244
-3.720649 16.478933 -7.259910
-3.720649 16.478933 49.474390
45.922751 16.478933 -7.259910
45.922751 16.478933 49.474390
-4.498809 16.928204 -5.358176
-4.498809 16.928204 51.376124
45.144591 16.928204 -5.358176
45.144591 16.928204 51.376124
-5.587489 17.556753 -4.715377
-5.587489 17.556753 52.018923
44.055911 17.556753 -4.715377
44.055911 17.556753 52.018923
-5.596052 17.561697 -3.382688
-5.596052 17.561697 53.351612
44.047348 17.561697 -3.382688
44.047348 17.561697 53.351612
-7.703787 18.778599 -4.884445
-7.703787 18.778599 51.849855
41.939613 18.778599 -4.884445
41.939613 18.778599 51.849855
-6.644893 18.167246 -5.541428
-6.644893 18.167246 51.192872
42.998507 18.167246 -5.541428
42.998507 18.167246 51.192872
-6.585321 18.132852 -6.896243
-6.585321 18.132852 49.838057
43.058079 18.132852 -6.896243
43.058079 18.132852 49.838057
-2.507612 15.778586 -2.367711
-2.507612 15.778586 54.366589
47.135788 15.778586 -2.367711
47.135788 15.778586 54.366589
-9.763864 19.967985 -7.884555
-9.763864 19.967985 48.849745
39.879536 19.967985 -7.884555
39.879536 19.967985 48.849745
13.577346 9.613039 39.299093
13.517277 19.067078 45.243713
12.410850 11.260295 40.449665
12.410850 13.603813 41.858945
12.410850 14.941738 42.635637
12.410850 17.258171 44.081795
12.410850 9.942146 39.655952
12.410850 18.557832 44.877777
13.615571 11.854235 40.779858
14.440272 11.439143 40.517179
13.638904 13.038247 41.484498
13.639524 15.501499 42.969802
13.608869 16.674978 43.676144
14.436673 17.107482 43.897976
14.865716 13.673891 41.878234
15.701835 13.237732 41.698954
14.862117 14.893371 42.506283
15.693892 15.353390 42.640743
10.812705 8.088097 38.229084
0.000000 1.786479 46.373860
-24.821700 44.778925 46.373860
49.643400 1.786479 46.373860
24.821700 44.778925 46.373860
-0.000000 0.000143 -7.638328
0.000000 0.000143 49.095972
-24.821700 42.992589 -7.638328
-24.821700 42.992589 49.095972
49.643400 0.000143 -7.638328
49.643400 0.000143 49.095972
24.821700 42.992589 -7.638328
24.821700 42.992589 49.095972
0.000000 0.000143 47.072260
-24.821700 42.992589 47.072260
49.643400 0.000143 47.072260
24.821700 42.992589 47.072260
0.000000 12.541470 -2.950940
0.000000 12.541470 53.783360
49.643400 12.541470 -2.950940
49.643400 12.541470 53.783360
0.000000 11.311456 -1.103671
0.000000 11.311456 55.630629
49.643400 11.311456 -1.103671
49.643400 11.311456 55.630629
0.000000 3.237045 47.641872
-24.821700 46.229490 47.641872
49.643400 3.237045 47.641872
24.821700 46.229490 47.641872
-0.000000 1.970057 -7.304163
0.000000 1.970057 49.430137
-24.821700 44.962503 -7.304163
-24.821700 44.962503 49.430137
49.643400 1.970057 -7.304163
49.643400 1.970057 49.430137
24.821700 44.962503 -7.304163
24.821700 44.962503 49.430137
0.000000 10.293395 -4.572406
0.000000 10.293395 52.161894
49.643400 10.293395 -4.572406
49.643400 10.293395 52.161894
0.000000 11.153244 -4.999616
0.000000 11.153244 51.734684
49.643400 11.153244 -4.999616
49.643400 11.153244 51.734684
0.000000 10.223747 -3.234044
0.000000 10.223747 53.500256
49.643400 10.223747 -3.234044
49.643400 10.223747 53.500256
0.000000 8.979116 -2.621881
0.000000 8.979116 54.112419
49.643400 8.979116 -2.621881
49.643400 8.979116 54.112419
0.000000 8.910328 -1.664206
0.000000 8.910328 55.070094
49.643400 8.910328 -1.664206
49.643400 8.910328 55.070094
-0.000000 6.524247 -2.744427
0.000000 6.524247 53.989873
49.643400 6.524247 -2.744427
49.643400 6.524247 53.989873
-0.000000 6.452879 -1.787320
0.000000 6.452879 54.946980
-24.821700 49.445325 -1.787320
-24.821700 49.445325 54.946980
49.643400 6.452879 -1.787320
49.643400 6.452879 54.946980
24.821700 49.445325 -1.787320
24.821700 49.445325 54.946980
-0.000124 5.438473 -3.474598
-0.000124 5.438473 53.259702
-24.821824 48.430918 -3.474598
-24.821824 48.430918 53.259702
49.643276 5.438473 -3.474598
49.643276 5.438473 53.259702
24.821576 48.430918 -3.474598
24.821576 48.430918 53.259702
0.000000 4.591736 -3.022425
0.000000 4.591736 53.711875
-24.821700 47.584182 -3.022425
-24.821700 47.584182 53.711875
49.643400 4.591736 -3.022425
49.643400 4.591736 53.711875
24.821700 47.584182 -3.022425
24.821700 47.584182 53.711875
0.000000 4.271013 -5.654897
0.000000 4.271013 51.079403
-24.821700 47.263458 -5.654897
-24.821700 47.263458 51.079403
49.643400 4.271013 -5.654897
49.643400 4.271013 51.079403
24.821700 47.263458 -5.654897
24.821700 47.263458 51.079403
0.000000 3.425351 -5.200455
0.000000 3.425351 51.533845
-24.821700 46.417797 -5.200455
-24.821700 46.417797 51.533845
49.643400 3.425351 -5.200455
49.643400 3.425351 51.533845
24.821700 46.417797 -5.200455
24.821700 46.417797 51.533845
0.000000 4.270153 -7.069283
0.000000 4.270153 49.665017
-24.821700 47.262599 -7.069283
-24.821700 47.262599 49.665017
49.643400 4.270153 -7.069283
49.643400 4.270153 49.665017
24.821700 47.262599 -7.069283
24.821700 47.262599 49.665017
-0.000000 5.544879 -7.647405
0.000000 5.544879 49.086895
-24.821700 48.537325 -7.647405
-24.821700 48.537325 49.086895
49.643400 5.544879 -7.647405
49.643400 5.544879 49.086895
24.821700 48.537325 -7.647405
24.821700 48.537325 49.086895
0.000000 5.612377 48.129220
-24.821700 48.604823 48.129220
49.643400 5.612377 48.129220
24.821700 48.604823 48.129220
0.000000 8.087022 -7.564573
0.000000 8.087022 49.169727
49.643400 8.087022 -7.564573
49.643400 8.087022 49.169727
0.000000 8.154091 -8.522248
0.000000 8.154091 48.212052
49.643400 8.154091 -8.522248
49.643400 8.154091 48.212052
0.000000 9.179890 -6.823056
0.000000 9.179890 49.911244
49.643400 9.179890 -6.823056
49.643400 9.179890 49.911244
-0.000000 10.034580 -7.259910
0.000000 10.034580 49.474390
49.643400 10.034580 -7.259910
49.643400 10.034580 49.474390
0.000000 9.136038 -5.358176
0.000000 9.136038 51.376124
49.643400 9.136038 -5.358176
49.643400 9.136038 51.376124
0.000000 7.878939 -4.715377
0.000000 7.878939 52.018923
49.643400 7.878939 -4.715377
49.643400 7.878939 52.018923
0.000000 7.869051 -3.382688
0.000000 7.869051 53.351612
49.643400 7.869051 -3.382688
49.643400 7.869051 53.351612
0.000000 5.435248 -4.884445
0.000000 5.435248 51.849855
-24.821700 48.427694 -4.884445
-24.821700 48.427694 51.849855
49.643400 5.435248 -4.884445
49.643400 5.435248 51.849855
24.821700 48.427694 -4.884445
24.821700 48.427694 51.849855
0.000000 6.657953 -5.541428
0.000000 6.657953 51.192872
49.643400 6.657953 -5.541428
49.643400 6.657953 51.192872
-0.000000 6.726741 -6.896243
0.000000 6.726741 49.838057
49.643400 6.726741 -6.896243
49.643400 6.726741 49.838057
0.000000 11.435274 -2.367711
0.000000 11.435274 54.366589
49.643400 11.435274 -2.367711
49.643400 11.435274 54.366589
0.000000 3.056476 -7.884555
0.000000 3.056476 48.849745
-24.821700 46.048922 -7.884555
-24.821700 46.048922 48.849745
49.643400 3.056476 -7.884555
49.643400 3.056476 48.849745
24.821700 46.048922 -7.884555
24.821700 46.048922 48.849745
9.707891 6.951807 39.299093
1.550487 2.172767 45.243713
-23.271213 45.165212 45.243713
51.193887 2.172767 45.243713
26.372187 45.165212 45.243713
8.864574 5.117964 40.449665
-15.957126 48.110410 40.449665
6.835027 3.946205 41.858945
-17.986673 46.938650 41.858945
5.676350 3.277242 42.635637
-19.145350 46.269688 42.635637
3.670261 2.119026 44.081795
-21.151439 45.111472 44.081795
53.313661 2.119026 44.081795
28.491961 45.111472 44.081795
10.006124 5.777038 39.655952
-14.815576 48.769484 39.655952
2.544721 1.469195 44.877777
-22.276979 44.461641 44.877777
52.188121 1.469195 44.877777
27.366421 44.461641 44.877777
7.747845 5.864313 40.779858
-17.073855 48.856758 40.779858
7.694975 6.786071 40.517179
6.710795 5.292513 41.484498
-18.110905 48.284959 41.484498
4.577246 4.061425 42.969802
-20.244454 47.053870 42.969802
54.220646 4.061425 42.969802
29.398946 47.053870 42.969802
3.576311 3.448137 43.676144
-21.245389 46.440583 43.676144
53.219711 3.448137 43.676144
28.398011 46.440583 43.676144
2.787849 3.948784 43.897976
-22.033851 46.941230 43.897976
52.431249 3.948784 43.897976
27.609549 46.941230 43.897976
5.546905 6.037143 41.878234
-19.274795 49.029588 41.878234
5.506570 6.979322 41.698954
4.492604 5.424285 42.506283
-20.329096 48.416731 42.506283
3.678328 5.914614 42.640743
-21.143372 48.907060 42.640743
53.321728 5.914614 42.640743
28.500028 48.907060 42.640743
12.410850 5.320029 38.229084
-12.410850 48.312474 38.229084
10.863713 20.602983 46.373860
12.410726 21.496151 -7.638328
12.410726 21.496151 49.095972
12.410726 21.496151 47.072260
1.549619 15.225488 -2.950940
1.549619 15.225488 53.783360
2.614842 15.840495 -1.103671
2.614842 15.840495 55.630629
9.607487 19.877700 47.641872
10.704730 20.511194 -7.304163
10.704730 20.511194 49.430137
3.496509 16.349525 -4.572406
3.496509 16.349525 52.161894
2.751858 15.919601 -4.999616
2.751858 15.919601 51.734684
3.556826 16.384349 -3.234044
3.556826 16.384349 53.500256
4.634708 17.006665 -2.621881
4.634708 17.006665 54.112419
4.694280 17.041059 -1.664206
4.694280 17.041059 55.070094
6.760686 18.234099 -2.744427
6.760686 18.234099 53.989873
6.822492 18.269783 -1.787320
6.822492 18.269783 54.946980
7.701057 18.776879 -3.474598
7.701057 18.776879 53.259702
8.434290 19.200355 -3.022425
8.434290 19.200355 53.711875
8.712044 19.360716 -5.654897
8.712044 19.360716 51.079403
9.444409 19.783547 -5.200455
9.444409 19.783547 51.533845
8.712789 19.361146 -7.069283
8.712789 19.361146 49.665017
7.608844 18.723783 -7.647405
7.608844 18.723783 49.086895
7.550389 18.690034 48.129220
5.407283 17.452712 -7.564573
5.407283 17.452712 49.169727
5.349200 17.419178 -8.522248
5.349200 17.419178 48.212052
4.460832 16.906278 -6.823056
4.460832 16.906278 49.911244
3.720649 16.478933 -7.259910
3.720649 16.478933 49.474390
4.498809 16.928204 -5.358176
4.498809 16.928204 51.376124
5.587489 17.556753 -4.715377
5.587489 17.556753 52.018923
5.596052 17.561697 -3.382688
5.596052 17.561697 53.351612
7.703787 18.778599 -4.884445
7.703787 18.778599 51.849855
6.644893 18.167246 -5.541428
6.644893 18.167246 51.192872
6.585321 18.132852 -6.896243
6.585321 18.132852 49.838057
2.507612 15.778586 -2.367711
2.507612 15.778586 54.366589
9.763864 19.967985 -7.884555
9.763864 19.967985 48.849745
13.947313 4.931377 39.299093
-10.874387 47.923822 39.299093
22.164785 0.256378 45.243713
-2.656915 43.248824 45.243713
15.957126 5.117964 40.449665
-8.864574 48.110410 40.449665
17.986673 3.946205 41.858945
-6.835027 46.938650 41.858945
19.145350 3.277242 42.635637
-5.676350 46.269688 42.635637
21.151439 2.119026 44.081795
-3.670261 45.111472 44.081795
14.815576 5.777038 39.655952
-10.006124 48.769484 39.655952
22.276979 1.469195 44.877777
-2.544721 44.461641 44.877777
15.869133 3.777675 40.779858
-8.952567 46.770120 40.779858
15.097303 3.271009 40.517179
-9.724397 46.263454 40.517179
16.882852 3.165462 41.484498
-7.938848 46.157908 41.484498
19.015780 1.933299 42.969802
-5.805920 44.925744 42.969802
20.047370 1.373107 43.676144
-4.774330 44.365553 43.676144
20.008028 0.439956 43.897976
-4.813672 43.432402 43.897976
16.819929 1.785190 41.878234
-8.001771 44.777635 41.878234
16.024145 1.279169 41.698954
-8.797555 44.271614 41.698954
17.877829 1.178566 42.506283
-6.943871 44.171012 42.506283
17.860330 0.228218 42.640743
-6.961370 43.220664 42.640743
-12.410726 21.496151 39.996925
37.232674 21.496151 39.996925
-0.000000 1.845379 37.416649
-24.821700 44.837825 37.416649
49.643400 1.845379 37.416649
24.821700 44.837825 37.416649
10.863713 8.058647 29.271873
12.410726 7.165479 26.549761
-12.410726 21.496151 38.075902
37.232674 21.496151 38.075902
12.410726 7.165479 28.573474
1.549619 13.436142 21.862373
2.614842 12.821135 20.015105
9.607487 8.783930 28.003861
10.704730 8.150436 26.215596
3.496509 12.312105 23.483840
2.751858 12.742029 23.911049
3.556826 12.277281 22.145478
4.634708 11.654965 21.533314
4.694280 11.620571 20.575639
6.760686 10.427531 21.655861
6.822492 10.391847 20.698753
7.701057 9.884751 22.386031
8.434290 9.461276 21.933859
8.712044 9.300914 24.566330
9.444409 8.878083 24.111888
8.712789 9.300484 25.980716
7.608844 9.937847 26.558839
7.550389 9.971596 27.516514
5.407283 11.208919 26.476007
5.349200 11.242453 27.433682
4.460832 11.755353 25.734489
3.720649 12.182698 26.171343
4.498809 11.733427 24.269610
5.587489 11.104877 23.626810
5.596052 11.099933 22.294121
7.703787 9.883032 23.795878
6.644893 10.494384 24.452862
6.585321 10.528778 25.807677
2.507612 12.883045 21.279145
9.763864 8.693646 26.795988
1.536463 2.234031 36.346640
-23.285237 45.226476 36.346640
51.179863 2.234031 36.346640
26.358163 45.226476 36.346640
9.753935 6.909029 30.402020
3.546276 2.047444 35.196069
-21.275424 45.039889 35.196069
53.189676 2.047444 35.196069
28.367976 45.039889 35.196069
5.575823 3.219203 33.786789
-19.245877 46.211648 33.786789
55.219223 3.219203 33.786789
30.397523 46.211648 33.786789
6.734500 3.888165 33.010096
-18.087200 46.880611 33.010096
8.740589 5.046382 31.563939
-16.081111 48.038827 31.563939
2.404726 1.388369 35.989781
-22.416974 44.380815 35.989781
52.048126 1.388369 35.989781
27.226426 44.380815 35.989781
9.866129 5.696212 30.767956
-14.955571 48.688658 30.767956
3.458283 3.387733 34.865875
-21.363417 46.380179 34.865875
53.101683 3.387733 34.865875
28.279983 46.380179 34.865875
2.686453 3.894399 35.128555
-22.135247 46.886845 35.128555
52.329853 3.894399 35.128555
27.508153 46.886845 35.128555
4.472002 3.999945 34.161235
-20.349698 46.992391 34.161235
54.115402 3.999945 34.161235
29.293702 46.992391 34.161235
6.604930 5.232109 32.675931
-18.216770 48.224554 32.675931
7.636520 5.792301 31.969589
-17.185180 48.784746 31.969589
7.597178 6.725452 31.747758
4.409079 5.380218 33.767499
-20.412621 48.372663 33.767499
3.613295 5.886239 33.946779
-21.208405 48.878685 33.946779
53.256695 5.886239 33.946779
28.434995 48.878685 33.946779
5.466979 5.986841 33.139450
-19.354721 48.979287 33.139450
5.449480 6.937189 33.004990
0.000000 0.000143 39.996925
-24.821700 42.992589 39.996925
49.643400 0.000143 39.996925
24.821700 42.992589 39.996925
10.812705 20.573533 37.416649
12.410850 5.378928 29.271873
-12.410850 48.371374 29.271873
0.000000 0.000143 38.075902
-24.821700 42.992589 38.075902
49.643400 0.000143 38.075902
24.821700 42.992589 38.075902
0.000000 16.120161 21.862373
0.000000 17.350175 20.015105
12.410850 3.928363 28.003861
-12.410850 46.920809 28.003861
12.410850 5.195350 26.215596
-12.410850 48.187796 26.215596
0.000000 18.368236 23.483840
0.000000 17.508387 23.911049
0.000000 18.437883 22.145478
0.000000 19.682515 21.533314
0.000000 19.751303 20.575639
12.410850 0.641161 21.655861
-12.410850 43.633606 21.655861
12.410850 0.712528 20.698753
-12.410850 43.704974 20.698753
12.410726 1.726935 22.386031
-12.410974 44.719380 22.386031
12.410850 2.573671 21.933859
-12.410850 45.566117 21.933859
12.410850 2.894395 24.566330
-12.410850 45.886840 24.566330
12.410850 3.740056 24.111888
-12.410850 46.732502 24.111888
12.410850 2.895255 25.980716
-12.410850 45.887700 25.980716
12.410850 1.620529 26.558839
-12.410850 44.612974 26.558839
12.410850 1.553030 27.516514
-12.410850 44.545476 27.516514
0.000000 20.574608 26.476007
0.000000 20.507540 27.433682
0.000000 19.481740 25.734489
0.000000 18.627050 26.171343
0.000000 19.525592 24.269610
0.000000 20.782691 23.626810
0.000000 20.792580 22.294121
12.410850 1.730159 23.795878
-12.410850 44.722605 23.795878
12.410850 0.507454 24.452862
-12.410850 43.499900 24.452862
12.410850 0.438666 25.807677
-12.410850 43.431112 25.807677
0.000000 17.226356 21.279145
12.410850 4.108931 26.795988
-12.410850 47.101377 26.795988
22.118741 0.213601 36.346640
-2.702959 43.206046 36.346640
13.961337 4.992641 30.402020
-10.860363 47.985087 30.402020
21.275424 2.047444 35.196069
-3.546276 45.039889 35.196069
19.245877 3.219203 33.786789
-5.575823 46.211648 33.786789
18.087200 3.888165 33.010096
-6.734500 46.880611 33.010096
16.081111 5.046382 31.563939
-8.740589 48.038827 31.563939
22.416974 1.388369 35.989781
-2.404726 44.380815 35.989781
14.955571 5.696212 30.767956
-9.866129 48.688658 30.767956
20.158695 1.301095 34.865875
-4.663005 44.293540 34.865875
20.105825 0.379337 35.128555
-4.715875 43.371782 35.128555
19.121645 1.872894 34.161235
-5.700055 44.865340 34.161235
16.988096 3.103983 32.675931
-7.833604 46.096428 32.675931
15.987161 3.717270 31.969589
-8.834539 46.709716 31.969589
15.198699 3.216623 31.747758
-9.623001 46.209069 31.747758
17.957755 1.128265 33.767499
-6.863945 44.120711 33.767499
17.917420 0.186086 33.946779
-6.904280 43.178531 33.946779
16.903454 1.741122 33.139450
-7.918246 44.733568 33.139450
16.089178 1.250794 33.004990
-8.732522 44.243239 33.004990
12.410726 21.496151 39.996925
-10.812705 20.573533 37.416649
38.830695 20.573533 37.416649
13.957987 8.058647 29.271873
12.410726 21.496151 38.075902
-1.549619 13.436142 21.862373
48.093781 13.436142 21.862373
-2.614842 12.821135 20.015105
47.028558 12.821135 20.015105
15.214213 8.783930 28.003861
14.116970 8.150436 26.215596
-3.496509 12.312105 23.483840
46.146891 12.312105 23.483840
-2.751858 12.742029 23.911049
46.891542 12.742029 23.911049
-3.556826 12.277281 22.145478
46.086574 12.277281 22.145478
-4.634708 11.654965 21.533314
45.008692 11.654965 21.533314
-4.694280 11.620571 20.575639
44.949120 11.620571 20.575639
18.061014 10.427531 21.655861
17.999208 10.391847 20.698753
17.120768 9.884536 22.386031
16.387410 9.461276 21.933859
16.109656 9.300914 24.566330
15.377291 8.878083 24.111888
16.108911 9.300484 25.980716
17.212856 9.937847 26.558839
17.271311 9.971596 27.516514
-5.407283 11.208919 26.476007
44.236117 11.208919 26.476007
-5.349200 11.242453 27.433682
44.294200 11.242453 27.433682
-4.460832 11.755353 25.734489
45.182568 11.755353 25.734489
-3.720649 12.182698 26.171343
45.922751 12.182698 26.171343
-4.498809 11.733427 24.269610
45.144591 11.733427 24.269610
-5.587489 11.104877 23.626810
44.055911 11.104877 23.626810
-5.596052 11.099933 22.294121
44.047348 11.099933 22.294121
17.117913 9.883032 23.795878
18.176807 10.494384 24.452862
18.236379 10.528778 25.807677
-2.507612 12.883045 21.279145
47.135788 12.883045 21.279145
15.057836 8.693646 26.795988
13.577346 19.048591 36.346640
13.517277 9.594552 30.402020
12.410850 17.401336 35.196069
12.410850 15.057817 33.786789
12.410850 13.719893 33.010096
12.410850 11.403460 31.563939
12.410850 18.719484 35.989781
12.410850 10.103798 30.767956
13.615571 16.807395 34.865875
14.440272 17.222487 35.128555
13.638904 15.623383 34.161235
13.639524 13.160131 32.675931
13.608869 11.986652 31.969589
14.436673 11.554148 31.747758
14.865716 14.987740 33.767499
15.701835 15.423898 33.946779
14.862117 13.768259 33.139450
15.693892 13.308240 33.004990
11.244354 19.048591 36.346640
11.304423 9.594552 30.402020
11.206129 16.807395 34.865875
10.381428 17.222487 35.128555
11.182796 15.623383 34.161235
11.182176 13.160131 32.675931
11.212831 11.986652 31.969589
10.385027 11.554148 31.747758
9.955984 14.987740 33.767499
9.119865 15.423898 33.946779
9.959583 13.768259 33.139450
9.127808 13.308240 33.004990
2.702959 0.213601 36.346640
-22.118741 43.206046 36.346640
52.346359 0.213601 36.346640
27.524659 43.206046 36.346640
10.860363 4.992641 30.402020
-13.961337 47.985087 30.402020
4.663005 1.301095 34.865875
-20.158695 44.293540 34.865875
54.306405 1.301095 34.865875
29.484705 44.293540 34.865875
4.715875 0.379337 35.128555
-20.105825 43.371782 35.128555
54.359275 0.379337 35.128555
29.537575 43.371782 35.128555
5.700055 1.872894 34.161235
-19.121645 44.865340 34.161235
55.343455 1.872894 34.161235
30.521755 44.865340 34.161235
7.833604 3.103983 32.675931
-16.988096 46.096428 32.675931
8.834539 3.717270 31.969589
-15.987161 46.709716 31.969589
9.623001 3.216623 31.747758
-15.198699 46.209069 31.747758
6.863945 1.128265 33.767499
-17.957755 44.120711 33.767499
6.904280 0.186086 33.946779
-17.917420 43.178531 33.946779
56.547680 0.186086 33.946779
31.725980 43.178531 33.946779
7.918246 1.741122 33.139450
-16.903454 44.733568 33.139450
8.732522 1.250794 33.004990
-16.089178 44.243239 33.004990
23.285237 2.234031 36.346640
-1.536463 45.226476 36.346640
15.067765 6.909029 30.402020
21.363417 3.387733 34.865875
-3.458283 46.380179 34.865875
22.135247 3.894399 35.128555
-2.686453 46.886845 35.128555
20.349698 3.999945 34.161235
-4.472002 46.992391 34.161235
18.216770 5.232109 32.675931
-6.604930 48.224554 32.675931
17.185180 5.792301 31.969589
-7.636520 48.784746 31.969589
17.224522 6.725452 31.747758
20.412621 5.380218 33.767499
-4.409079 48.372663 33.767499
21.208405 5.886239 33.946779
-3.613295 48.878685 33.946779
19.354721 5.986841 33.139450
-5.466979 48.979287 33.139450
19.372220 6.937189 33.004990
10.874387 4.931377 39.299093
-13.947313 47.923822 39.299093
2.656915 0.256378 45.243713
-22.164785 43.248824 45.243713
52.300315 0.256378 45.243713
27.478615 43.248824 45.243713
8.952567 3.777675 40.779858
-15.869133 46.770120 40.779858
9.724397 3.271009 40.517179
-15.097303 46.263454 40.517179
7.938848 3.165462 41.484498
-16.882852 46.157908 41.484498
5.805920 1.933299 42.969802
-19.015780 44.925744 42.969802
55.449320 1.933299 42.969802
30.627620 44.925744 42.969802
4.774330 1.373107 43.676144
-20.047370 44.365553 43.676144
54.417730 1.373107 43.676144
29.596030 44.365553 43.676144
4.813672 0.439956 43.897976
-20.008028 43.432402 43.897976
54.457072 0.439956 43.897976
29.635372 43.432402 43.897976
8.001771 1.785190 41.878234
-16.819929 44.777635 41.878234
8.797555 1.279169 41.698954
-16.024145 44.271614 41.698954
6.943871 1.178566 42.506283
-17.877829 44.171012 42.506283
6.961370 0.228218 42.640743
-17.860330 43.220664 42.640743
56.604770 0.228218 42.640743
31.783070 43.220664 42.640743
15.113809 6.951807 39.299093
23.271213 2.172767 45.243713
-1.550487 45.165212 45.243713
17.073855 5.864313 40.779858
-7.747845 48.856758 40.779858
17.126725 6.786071 40.517179
18.110905 5.292513 41.484498
-6.710795 48.284959 41.484498
20.244454 4.061425 42.969802
-4.577246 47.053870 42.969802
21.245389 3.448137 43.676144
-3.576311 46.440583 43.676144
22.033851 3.948784 43.897976
-2.787849 46.941230 43.897976
19.274795 6.037143 41.878234
-5.546905 49.029588 41.878234
19.315130 6.979322 41.698954
20.329096 5.424285 42.506283
-4.492604 48.416731 42.506283
21.143372 5.914614 42.640743
-3.678328 48.907060 42.640743
11.244354 9.613039 39.299093
11.304423 19.067078 45.243713
11.206129 11.854235 40.779858
10.381428 11.439143 40.517179
11.182796 13.038247 41.484498
11.182176 15.501499 42.969802
11.212831 16.674978 43.676144
10.385027 17.107482 43.897976
9.955984 13.673891 41.878234
9.119865 13.237732 41.698954
9.959583 14.893371 42.506283
9.127808 15.353390 42.640743
-12.410974 35.827110 -2.174058
-12.410974 35.827110 54.560242
14.008995 -6.242718 0.406218
14.008995 -6.242718 57.140518
-10.812705 36.749727 0.406218
-10.812705 36.749727 57.140518
1.547137 27.768391 8.550994
1.547137 27.768391 65.285294
0.000124 28.661559 11.273105
-12.410974 35.827110 -0.253035
-12.410974 35.827110 56.481265
0.000124 28.661559 9.249393
10.861231 22.390896 15.960493
9.796008 23.005902 17.807762
2.803363 27.043108 9.819005
1.706120 27.676602 11.607270
8.914341 23.514933 14.339027
9.658992 23.085009 13.911818
8.854024 23.549757 15.677389
7.776142 24.172073 16.289552
7.716570 24.206467 17.247227
5.650164 25.399507 16.167006
5.588358 25.435191 17.124114
4.709918 25.942501 15.436836
3.976560 26.365762 15.889008
3.698806 26.526124 13.256537
2.966441 26.948955 13.710978
3.698061 26.526554 11.842150
4.802006 25.889191 11.264028
4.860461 25.855442 10.306353
7.003567 24.618119 11.346860
7.061650 24.584585 10.389185
7.950018 24.071685 12.088377
8.690201 23.644340 11.651523
7.912041 24.093611 13.553257
6.823361 24.722161 14.196057
6.814798 24.727105 15.528745
4.707063 25.944006 14.026988
5.765957 25.332654 13.370005
5.825529 25.298260 12.015190
9.903238 22.943993 16.543722
2.646986 27.133392 11.026879
13.577346 -4.717776 1.476226
13.577346 -4.717776 58.210526
-11.244354 38.274670 1.476226
-11.244354 38.274670 58.210526
1.106427 26.232486 7.420846
1.106427 26.232486 64.155146
12.410850 -3.070520 2.626798
12.410850 -3.070520 59.361098
-12.410850 39.921925 2.626798
-12.410850 39.921925 59.361098
12.410850 -0.727002 4.036078
12.410850 -0.727002 60.770378
-12.410850 42.265443 4.036078
-12.410850 42.265443 60.770378
0.000000 22.107145 4.812771
0.000000 22.107145 61.547071
0.000000 24.423578 6.258928
0.000000 24.423578 62.993228
12.410850 -4.388669 1.833085
12.410850 -4.388669 58.567385
-12.410850 38.603777 1.833085
-12.410850 38.603777 58.567385
0.000000 25.723240 7.054910
0.000000 25.723240 63.789210
13.615571 -2.476580 2.956992
13.615571 -2.476580 59.691292
-11.206129 40.515866 2.956992
-11.206129 40.515866 59.691292
14.440272 -2.891672 2.694312
14.440272 -2.891672 59.428612
-10.381428 40.100774 2.694312
-10.381428 40.100774 59.428612
13.638904 -1.292568 3.661632
13.638904 -1.292568 60.395932
-11.182796 41.699878 3.661632
-11.182796 41.699878 60.395932
1.228674 22.666907 5.146936
1.228674 22.666907 61.881236
1.198019 23.840386 5.853278
1.198019 23.840386 62.587578
2.025823 24.272890 6.075109
2.025823 24.272890 62.809409
14.865716 -0.656925 4.055368
14.865716 -0.656925 60.789668
-9.955984 42.335521 4.055368
-9.955984 42.335521 60.789668
15.701835 -1.093083 3.876087
15.701835 -1.093083 60.610387
-9.119865 41.899363 3.876087
-9.119865 41.899363 60.610387
2.451267 22.058779 4.683416
2.451267 22.058779 61.417716
3.283042 22.518798 4.817877
3.283042 22.518798 61.552177
10.812705 -6.242718 0.406218
10.812705 -6.242718 57.140518
-14.008995 36.749727 0.406218
-14.008995 36.749727 57.140518
60.456105 -6.242718 0.406218
60.456105 -6.242718 57.140518
35.634405 36.749727 0.406218
35.634405 36.749727 57.140518
0.000000 30.448110 8.550994
0.000000 30.448110 65.285294
24.821700 -1.789346 15.960493
0.000000 41.203100 15.960493
24.821700 -3.019359 17.807762
0.000000 39.973086 17.807762
0.000000 31.898675 9.819005
0.000000 30.631688 11.607270
24.821700 -4.037421 14.339027
0.000000 38.955025 14.339027
24.821700 -3.177572 13.911818
0.000000 39.814874 13.911818
24.821700 -4.107068 15.677389
0.000000 38.885377 15.677389
24.821700 -5.351700 16.289552
0.000000 37.640746 16.289552
24.821700 -5.420488 17.247227
0.000000 37.571958 17.247227
0.000000 35.185877 16.167006
0.000000 35.114510 17.124114
-0.000124 34.100103 15.436836
0.000000 33.253367 15.889008
0.000000 32.932643 13.256537
0.000000 32.086982 13.710978
0.000000 32.931783 11.842150
0.000000 34.206509 11.264028
0.000000 34.274008 10.306353
24.821700 -6.243793 11.346860
0.000000 36.748653 11.346860
24.821700 -6.176725 10.389185
0.000000 36.815721 10.389185
24.821700 -5.150925 12.088377
0.000000 37.841521 12.088377
24.821700 -4.296235 11.651523
0.000000 38.696210 11.651523
24.821700 -5.194777 13.553257
0.000000 37.797668 13.553257
24.821700 -6.451876 14.196057
0.000000 36.540569 14.196057
24.821700 -6.461765 15.528745
0.000000 36.530681 15.528745
0.000000 34.096879 14.026988
0.000000 35.319584 13.370005
0.000000 35.388372 12.015190
24.821700 -2.895541 16.543722
0.000000 40.096904 16.543722
0.000000 31.718107 11.026879
-15.113809 35.613437 1.476226
-15.113809 35.613437 58.210526
34.529591 35.613437 1.476226
34.529591 35.613437 58.210526
1.550487 30.834397 7.420846
1.550487 30.834397 64.155146
-15.957126 33.779594 2.626798
-15.957126 33.779594 59.361098
33.686274 33.779594 2.626798
33.686274 33.779594 59.361098
-17.986673 32.607835 4.036078
-17.986673 32.607835 60.770378
31.656727 32.607835 4.036078
31.656727 32.607835 60.770378
5.676350 31.938873 4.812771
5.676350 31.938873 61.547071
3.670261 30.780656 6.258928
3.670261 30.780656 62.993228
-14.815576 34.438669 1.833085
-14.815576 34.438669 58.567385
34.827824 34.438669 1.833085
34.827824 34.438669 58.567385
2.544721 30.130826 7.054910
2.544721 30.130826 63.789210
-17.073855 34.525943 2.956992
-17.073855 34.525943 59.691292
32.569545 34.525943 2.956992
32.569545 34.525943 59.691292
-17.126725 35.447701 2.694312
-17.126725 35.447701 59.428612
32.516675 35.447701 2.694312
32.516675 35.447701 59.428612
-18.110905 33.954144 3.661632
-18.110905 33.954144 60.395932
31.532495 33.954144 3.661632
31.532495 33.954144 60.395932
4.577246 32.723055 5.146936
4.577246 32.723055 61.881236
3.576311 32.109768 5.853278
3.576311 32.109768 62.587578
2.787849 32.610415 6.075109
2.787849 32.610415 62.809409
-19.274795 34.698773 4.055368
-19.274795 34.698773 60.789668
30.368605 34.698773 4.055368
30.368605 34.698773 60.789668
-19.315130 35.640952 3.876087
-19.315130 35.640952 60.610387
30.328270 35.640952 3.876087
30.328270 35.640952 60.610387
4.492604 34.085916 4.683416
4.492604 34.085916 61.417716
3.678328 34.576244 4.817877
3.678328 34.576244 61.552177
-12.410850 33.981659 0.406218
-12.410850 33.981659 57.140518
37.232550 33.981659 0.406218
37.232550 33.981659 57.140518
-1.547137 27.768391 8.550994
-1.547137 27.768391 65.285294
-10.861231 22.390896 15.960493
38.782169 22.390896 15.960493
-9.796008 23.005902 17.807762
39.847392 23.005902 17.807762
-2.803363 27.043108 9.819005
-1.706120 27.676602 11.607270
-8.914341 23.514933 14.339027
40.729059 23.514933 14.339027
-9.658992 23.085009 13.911818
39.984408 23.085009 13.911818
-8.854024 23.549757 15.677389
40.789376 23.549757 15.677389
-7.776142 24.172073 16.289552
41.867258 24.172073 16.289552
-7.716570 24.206467 17.247227
41.926830 24.206467 17.247227
-5.650164 25.399507 16.167006
-5.588358 25.435191 17.124114
-4.709793 25.942287 15.436836
-3.976560 26.365762 15.889008
-3.698806 26.526124 13.256537
-2.966441 26.948955 13.710978
-3.698061 26.526554 11.842150
-4.802006 25.889191 11.264028
-4.860461 25.855442 10.306353
-7.003567 24.618119 11.346860
42.639833 24.618119 11.346860
-7.061650 24.584585 10.389185
42.581750 24.584585 10.389185
-7.950018 24.071685 12.088377
41.693382 24.071685 12.088377
-8.690201 23.644340 11.651523
40.953199 23.644340 11.651523
-7.912041 24.093611 13.553257
41.731359 24.093611 13.553257
-6.823361 24.722161 14.196057
42.820039 24.722161 14.196057
-6.814798 24.727105 15.528745
42.828602 24.727105 15.528745
-4.707063 25.944006 14.026988
-5.765957 25.332654 13.370005
-5.825529 25.298260 12.015190
-9.903238 22.943993 16.543722
39.740162 22.943993 16.543722
-2.646986 27.133392 11.026879
-10.874387 33.593007 1.476226
-10.874387 33.593007 58.210526
-2.656915 28.918009 7.420846
-2.656915 28.918009 64.155146
-8.864574 33.779594 2.626798
-8.864574 33.779594 59.361098
-6.835027 32.607835 4.036078
-6.835027 32.607835 60.770378
-5.676350 31.938873 4.812771
-5.676350 31.938873 61.547071
-3.670261 30.780656 6.258928
-3.670261 30.780656 62.993228
-10.006124 34.438669 1.833085
-10.006124 34.438669 58.567385
-2.544721 30.130826 7.054910
-2.544721 30.130826 63.789210
-8.952567 32.439305 2.956992
-8.952567 32.439305 59.691292
-9.724397 31.932639 2.694312
-9.724397 31.932639 59.428612
-7.938848 31.827092 3.661632
-7.938848 31.827092 60.395932
-5.805920 30.594929 5.146936
-5.805920 30.594929 61.881236
-4.774330 30.034737 5.853278
-4.774330 30.034737 62.587578
-4.813672 29.101586 6.075109
-4.813672 29.101586 62.809409
-8.001771 30.446820 4.055368
-8.001771 30.446820 60.789668
-8.797555 29.940799 3.876087
-8.797555 29.940799 60.610387
-6.943871 29.840197 4.683416
-6.943871 29.840197 61.417716
-6.961370 28.889849 4.817877
-6.961370 28.889849 61.552177
0.000124 28.661559 2.174058
0.000124 28.661559 58.908358
0.000000 30.507009 -0.406218
0.000000 30.507009 56.328082
10.863713 -6.272168 -8.550994
10.863713 -6.272168 48.183306
-13.957987 36.720278 -8.550994
-13.957987 36.720278 48.183306
60.507113 -6.272168 -8.550994
60.507113 -6.272168 48.183306
35.685413 36.720278 -8.550994
35.685413 36.720278 48.183306
-12.410974 35.827110 45.461195
0.000124 28.661559 0.253035
0.000124 28.661559 56.987335
-12.410974 35.827110 47.484907
1.549619 -0.894673 40.773807
-23.272081 42.097773 40.773807
51.193019 -0.894673 40.773807
26.371319 42.097773 40.773807
2.614842 -1.509680 38.926538
-22.206858 41.482766 38.926538
52.258242 -1.509680 38.926538
27.436542 41.482766 38.926538
9.607487 -5.546885 46.915295
-15.214213 37.445560 46.915295
59.250887 -5.546885 46.915295
34.429187 37.445560 46.915295
10.704730 -6.180379 45.127030
-14.116970 36.812067 45.127030
60.348130 -6.180379 45.127030
35.526430 36.812067 45.127030
3.496509 -2.018710 42.395273
-21.325191 40.973735 42.395273
53.139909 -2.018710 42.395273
28.318209 40.973735 42.395273
2.751858 -1.588786 42.822482
-22.069842 41.403660 42.822482
52.395258 -1.588786 42.822482
27.573558 41.403660 42.822482
3.556826 -2.053534 41.056911
-21.264874 40.938911 41.056911
53.200226 -2.053534 41.056911
28.378526 40.938911 41.056911
4.634708 -2.675850 40.444748
-20.186992 40.316596 40.444748
54.278108 -2.675850 40.444748
29.456408 40.316596 40.444748
4.694280 -2.710244 39.487073
-20.127420 40.282202 39.487073
54.337680 -2.710244 39.487073
29.515980 40.282202 39.487073
6.760686 -3.903284 40.567294
-18.061014 39.089161 40.567294
56.404086 -3.903284 40.567294
31.582386 39.089161 40.567294
6.822492 -3.938968 39.610186
-17.999208 39.053478 39.610186
56.465892 -3.938968 39.610186
31.644192 39.053478 39.610186
7.701057 -4.446064 41.297464
-17.120643 38.546382 41.297464
57.344457 -4.446064 41.297464
32.522757 38.546382 41.297464
8.434290 -4.869539 40.845292
-16.387410 38.122906 40.845292
58.077690 -4.869539 40.845292
33.255990 38.122906 40.845292
8.712044 -5.029901 43.477763
-16.109656 37.962544 43.477763
58.355444 -5.029901 43.477763
33.533744 37.962544 43.477763
9.444409 -5.452732 43.023322
-15.377291 37.539714 43.023322
59.087809 -5.452732 43.023322
34.266109 37.539714 43.023322
8.712789 -5.030331 44.892150
-16.108911 37.962114 44.892150
58.356189 -5.030331 44.892150
33.534489 37.962114 44.892150
7.608844 -4.392968 45.470272
-17.212856 38.599477 45.470272
57.252244 -4.392968 45.470272
32.430544 38.599477 45.470272
7.550389 -4.359219 46.427947
-17.271311 38.633227 46.427947
57.193789 -4.359219 46.427947
32.372089 38.633227 46.427947
5.407283 -3.121896 45.387440
-19.414417 39.870549 45.387440
55.050683 -3.121896 45.387440
30.228983 39.870549 45.387440
5.349200 -3.088362 46.345115
-19.472500 39.904083 46.345115
54.992600 -3.088362 46.345115
30.170900 39.904083 46.345115
4.460832 -2.575462 44.645923
-20.360868 40.416983 44.645923
54.104232 -2.575462 44.645923
29.282532 40.416983 44.645923
3.720649 -2.148118 45.082777
-21.101051 40.844328 45.082777
53.364049 -2.148118 45.082777
28.542349 40.844328 45.082777
4.498809 -2.597389 43.181043
-20.322891 40.395057 43.181043
54.142209 -2.597389 43.181043
29.320509 40.395057 43.181043
5.587489 -3.225938 42.538243
-19.234211 39.766507 42.538243
55.230889 -3.225938 42.538243
30.409189 39.766507 42.538243
5.596052 -3.230882 41.205555
-19.225648 39.761563 41.205555
55.239452 -3.230882 41.205555
30.417752 39.761563 41.205555
7.703787 -4.447783 42.707312
-17.117913 38.544662 42.707312
57.347187 -4.447783 42.707312
32.525487 38.544662 42.707312
6.644893 -3.836431 43.364295
-18.176807 39.156015 43.364295
56.288293 -3.836431 43.364295
31.466593 39.156015 43.364295
6.585321 -3.802037 44.719110
-18.236379 39.190409 44.719110
56.228721 -3.802037 44.719110
31.407021 39.190409 44.719110
2.507612 -1.447771 40.190578
-22.314088 41.544675 40.190578
52.151012 -1.447771 40.190578
27.329312 41.544675 40.190578
9.763864 -5.637169 45.707421
-15.057836 37.355276 45.707421
59.407264 -5.637169 45.707421
34.585564 37.355276 45.707421
1.536463 30.895661 -1.476226
1.536463 30.895661 55.258074
-15.067765 35.570660 -7.420846
-15.067765 35.570660 49.313454
34.575635 35.570660 -7.420846
34.575635 35.570660 49.313454
3.546276 30.709074 -2.626798
3.546276 30.709074 54.107502
5.575823 31.880833 -4.036078
5.575823 31.880833 52.698222
-18.087200 32.549795 -4.812771
-18.087200 32.549795 51.921529
31.556200 32.549795 -4.812771
31.556200 32.549795 51.921529
-16.081111 33.708012 -6.258928
-16.081111 33.708012 50.475372
33.562289 33.708012 -6.258928
33.562289 33.708012 50.475372
2.404726 30.050000 -1.833085
2.404726 30.050000 54.901215
-14.955571 34.357843 -7.054910
-14.955571 34.357843 49.679390
34.687829 34.357843 -7.054910
34.687829 34.357843 49.679390
3.458283 32.049363 -2.956992
3.458283 32.049363 53.777308
2.686453 32.556029 -2.694312
2.686453 32.556029 54.039988
4.472002 32.661576 -3.661632
4.472002 32.661576 53.072668
-18.216770 33.893739 -5.146936
-18.216770 33.893739 51.587364
31.426630 33.893739 -5.146936
31.426630 33.893739 51.587364
-17.185180 34.453931 -5.853278
-17.185180 34.453931 50.881022
32.458220 34.453931 -5.853278
32.458220 34.453931 50.881022
-17.224522 35.387082 -6.075109
-17.224522 35.387082 50.659191
32.418878 35.387082 -6.075109
32.418878 35.387082 50.659191
4.409079 34.041848 -4.055368
4.409079 34.041848 52.678932
3.613295 34.547869 -3.876087
3.613295 34.547869 52.858213
-19.354721 34.648472 -4.683416
-19.354721 34.648472 52.050884
30.288679 34.648472 -4.683416
30.288679 34.648472 52.050884
-19.372220 35.598820 -4.817877
-19.372220 35.598820 51.916423
30.271180 35.598820 -4.817877
30.271180 35.598820 51.916423
-1.598145 27.738941 -0.406218
-1.598145 27.738941 56.328082
-12.410850 34.040559 -8.550994
-12.410850 34.040559 48.183306
37.232550 34.040559 -8.550994
37.232550 34.040559 48.183306
-12.410850 23.285568 40.773807
37.232550 23.285568 40.773807
-12.410850 24.515582 38.926538
37.232550 24.515582 38.926538
-12.410850 32.589993 46.915295
37.232550 32.589993 46.915295
-12.410850 33.856981 45.127030
37.232550 33.856981 45.127030
-12.410850 25.533643 42.395273
37.232550 25.533643 42.395273
-12.410850 24.673794 42.822482
37.232550 24.673794 42.822482
-12.410850 25.603291 41.056911
37.232550 25.603291 41.056911
-12.410850 26.847922 40.444748
37.232550 26.847922 40.444748
-12.410850 26.916710 39.487073
37.232550 26.916710 39.487073
-12.410850 29.302791 40.567294
37.232550 29.302791 40.567294
-12.410850 29.374158 39.610186
37.232550 29.374158 39.610186
-12.410974 30.388565 41.297464
37.232426 30.388565 41.297464
-12.410850 31.235301 40.845292
37.232550 31.235301 40.845292
-12.410850 31.556025 43.477763
37.232550 31.556025 43.477763
-12.410850 32.401686 43.023322
37.232550 32.401686 43.023322
-12.410850 31.556885 44.892150
37.232550 31.556885 44.892150
-12.410850 30.282159 45.470272
37.232550 30.282159 45.470272
-12.410850 30.214661 46.427947
37.232550 30.214661 46.427947
-12.410850 27.740016 45.387440
37.232550 27.740016 45.387440
-12.410850 27.672947 46.345115
37.232550 27.672947 46.345115
-12.410850 26.647148 44.645923
37.232550 26.647148 44.645923
-12.410850 25.792458 45.082777
37.232550 25.792458 45.082777
-12.410850 26.691000 43.181043
37.232550 26.691000 43.181043
-12.410850 27.948099 42.538243
37.232550 27.948099 42.538243
-12.410850 27.957987 41.205555
37.232550 27.957987 41.205555
-12.410850 30.391790 42.707312
37.232550 30.391790 42.707312
-12.410850 29.169085 43.364295
37.232550 29.169085 43.364295
-12.410850 29.100297 44.719110
37.232550 29.100297 44.719110
-12.410850 24.391764 40.190578
37.232550 24.391764 40.190578
-12.410850 32.770562 45.707421
37.232550 32.770562 45.707421
-2.702959 28.875231 -1.476226
-2.702959 28.875231 55.258074
-10.860363 33.654271 -7.420846
-10.860363 33.654271 49.313454
-3.546276 30.709074 -2.626798
-3.546276 30.709074 54.107502
-5.575823 31.880833 -4.036078
-5.575823 31.880833 52.698222
-6.734500 32.549795 -4.812771
-6.734500 32.549795 51.921529
-8.740589 33.708012 -6.258928
-8.740589 33.708012 50.475372
-2.404726 30.050000 -1.833085
-2.404726 30.050000 54.901215
-9.866129 34.357843 -7.054910
-9.866129 34.357843 49.679390
-4.663005 29.962725 -2.956992
-4.663005 29.962725 53.777308
-4.715875 29.040967 -2.694312
-4.715875 29.040967 54.039988
-5.700055 30.534525 -3.661632
-5.700055 30.534525 53.072668
-7.833604 31.765613 -5.146936
-7.833604 31.765613 51.587364
-8.834539 32.378901 -5.853278
-8.834539 32.378901 50.881022
-9.623001 31.878253 -6.075109
-9.623001 31.878253 50.659191
-6.863945 29.789895 -4.055368
-6.863945 29.789895 52.678932
-6.904280 28.847716 -3.876087
-6.904280 28.847716 52.858213
-7.918246 30.402753 -4.683416
-7.918246 30.402753 52.050884
-8.732522 29.912424 -4.817877
-8.732522 29.912424 51.916423
1.598145 27.738941 -0.406218
1.598145 27.738941 56.328082
13.957987 -6.272168 -8.550994
13.957987 -6.272168 48.183306
-10.863713 36.720278 -8.550994
-10.863713 36.720278 48.183306
23.272081 -0.894673 40.773807
-1.549619 42.097773 40.773807
22.206858 -1.509680 38.926538
-2.614842 41.482766 38.926538
15.214213 -5.546885 46.915295
-9.607487 37.445560 46.915295
14.116970 -6.180379 45.127030
-10.704730 36.812067 45.127030
21.325191 -2.018710 42.395273
-3.496509 40.973735 42.395273
22.069842 -1.588786 42.822482
-2.751858 41.403660 42.822482
21.264874 -2.053534 41.056911
-3.556826 40.938911 41.056911
20.186992 -2.675850 40.444748
-4.634708 40.316596 40.444748
20.127420 -2.710244 39.487073
-4.694280 40.282202 39.487073
18.061014 -3.903284 40.567294
-6.760686 39.089161 40.567294
17.999208 -3.938968 39.610186
-6.822492 39.053478 39.610186
17.120768 -4.446279 41.297464
-7.700932 38.546167 41.297464
16.387410 -4.869539 40.845292
-8.434290 38.122906 40.845292
16.109656 -5.029901 43.477763
-8.712044 37.962544 43.477763
15.377291 -5.452732 43.023322
-9.444409 37.539714 43.023322
16.108911 -5.030331 44.892150
-8.712789 37.962114 44.892150
17.212856 -4.392968 45.470272
-7.608844 38.599477 45.470272
17.271311 -4.359219 46.427947
-7.550389 38.633227 46.427947
19.414417 -3.121896 45.387440
-5.407283 39.870549 45.387440
19.472500 -3.088362 46.345115
-5.349200 39.904083 46.345115
20.360868 -2.575462 44.645923
-4.460832 40.416983 44.645923
21.101051 -2.148118 45.082777
-3.720649 40.844328 45.082777
20.322891 -2.597389 43.181043
-4.498809 40.395057 43.181043
19.234211 -3.225938 42.538243
-5.587489 39.766507 42.538243
19.225648 -3.230882 41.205555
-5.596052 39.761563 41.205555
17.117913 -4.447783 42.707312
-7.703787 38.544662 42.707312
18.176807 -3.836431 43.364295
-6.644893 39.156015 43.364295
18.236379 -3.802037 44.719110
-6.585321 39.190409 44.719110
22.314088 -1.447771 40.190578
-2.507612 41.544675 40.190578
15.057836 -5.637169 45.707421
-9.763864 37.355276 45.707421
1.166496 26.213999 -1.476226
1.166496 26.213999 55.258074
13.517277 -4.736263 -7.420846
13.517277 -4.736263 49.313454
-11.304423 38.256183 -7.420846
-11.304423 38.256183 49.313454
0.000000 24.566743 -2.626798
0.000000 24.566743 54.107502
0.000000 22.223225 -4.036078
0.000000 22.223225 52.698222
12.410850 -0.610923 -4.812771
12.410850 -0.610923 51.921529
-12.410850 42.381523 -4.812771
-12.410850 42.381523 51.921529
12.410850 -2.927356 -6.258928
12.410850 -2.927356 50.475372
-12.410850 40.065090 -6.258928
-12.410850 40.065090 50.475372
0.000000 25.884892 -1.833085
0.000000 25.884892 54.901215
12.410850 -4.227017 -7.054910
12.410850 -4.227017 49.679390
-12.410850 38.765428 -7.054910
-12.410850 38.765428 49.679390
1.204721 23.972803 -2.956992
1.204721 23.972803 53.777308
2.029422 24.387895 -2.694312
2.029422 24.387895 54.039988
1.228054 22.788791 -3.661632
1.228054 22.788791 53.072668
13.639524 -1.170684 -5.146936
13.639524 -1.170684 51.587364
-11.182176 41.821761 -5.146936
-11.182176 41.821761 51.587364
13.608869 -2.344163 -5.853278
13.608869 -2.344163 50.881022
-11.212831 40.648282 -5.853278
-11.212831 40.648282 50.881022
14.436673 -2.776667 -6.075109
14.436673 -2.776667 50.659191
-10.385027 40.215778 -6.075109
-10.385027 40.215778 50.659191
2.454866 22.153147 -4.055368
2.454866 22.153147 52.678932
3.290985 22.589306 -3.876087
3.290985 22.589306 52.858213
14.862117 -0.562556 -4.683416
14.862117 -0.562556 52.050884
-9.959583 42.429889 -4.683416
-9.959583 42.429889 52.050884
15.693892 -1.022575 -4.817877
15.693892 -1.022575 51.916423
-9.127808 41.969870 -4.817877
-9.127808 41.969870 51.916423
-1.166496 26.213999 -1.476226
-1.166496 26.213999 55.258074
11.304423 -4.736263 -7.420846
11.304423 -4.736263 49.313454
-13.517277 38.256183 -7.420846
-13.517277 38.256183 49.313454
-1.204721 23.972803 -2.956992
-1.204721 23.972803 53.777308
-2.029422 24.387895 -2.694312
-2.029422 24.387895 54.039988
-1.228054 22.788791 -3.661632
-1.228054 22.788791 53.072668
11.182176 -1.170684 -5.146936
11.182176 -1.170684 51.587364
-13.639524 41.821761 -5.146936
-13.639524 41.821761 51.587364
11.212831 -2.344163 -5.853278
11.212831 -2.344163 50.881022
-13.608869 40.648282 -5.853278
-13.608869 40.648282 50.881022
10.385027 -2.776667 -6.075109
10.385027 -2.776667 50.659191
-14.436673 40.215778 -6.075109
-14.436673 40.215778 50.659191
-2.454866 22.153147 -4.055368
-2.454866 22.153147 52.678932
-3.290985 22.589306 -3.876087
-3.290985 22.589306 52.858213
9.959583 -0.562556 -4.683416
9.959583 -0.562556 52.050884
-14.862117 42.429889 -4.683416
-14.862117 42.429889 52.050884
9.127808 -1.022575 -4.817877
9.127808 -1.022575 51.916423
-15.693892 41.969870 -4.817877
-15.693892 41.969870 51.916423
2.702959 28.875231 -1.476226
2.702959 28.875231 55.258074
-13.961337 33.654271 -7.420846
-13.961337 33.654271 49.313454
35.682063 33.654271 -7.420846
35.682063 33.654271 49.313454
4.663005 29.962725 -2.956992
4.663005 29.962725 53.777308
4.715875 29.040967 -2.694312
4.715875 29.040967 54.039988
5.700055 30.534525 -3.661632
5.700055 30.534525 53.072668
-16.988096 31.765613 -5.146936
-16.988096 31.765613 51.587364
32.655304 31.765613 -5.146936
32.655304 31.765613 51.587364
-15.987161 32.378901 -5.853278
-15.987161 32.378901 50.881022
33.656239 32.378901 -5.853278
33.656239 32.378901 50.881022
-15.198699 31.878253 -6.075109
-15.198699 31.878253 50.659191
34.444701 31.878253 -6.075109
34.444701 31.878253 50.659191
6.863945 29.789895 -4.055368
6.863945 29.789895 52.678932
6.904280 28.847716 -3.876087
6.904280 28.847716 52.858213
-16.903454 30.402753 -4.683416
-16.903454 30.402753 52.050884
32.739946 30.402753 -4.683416
32.739946 30.402753 52.050884
-16.089178 29.912424 -4.817877
-16.089178 29.912424 51.916423
33.554222 29.912424 -4.817877
33.554222 29.912424 51.916423
-1.536463 30.895661 -1.476226
-1.536463 30.895661 55.258074
-9.753935 35.570660 -7.420846
-9.753935 35.570660 49.313454
-3.458283 32.049363 -2.956992
-3.458283 32.049363 53.777308
-2.686453 32.556029 -2.694312
-2.686453 32.556029 54.039988
-4.472002 32.661576 -3.661632
-4.472002 32.661576 53.072668
-6.604930 33.893739 -5.146936
-6.604930 33.893739 51.587364
-7.636520 34.453931 -5.853278
-7.636520 34.453931 50.881022
-7.597178 35.387082 -6.075109
-7.597178 35.387082 50.659191
-4.409079 34.041848 -4.055368
-4.409079 34.041848 52.678932
-3.613295 34.547869 -3.876087
-3.613295 34.547869 52.858213
-5.466979 34.648472 -4.683416
-5.466979 34.648472 52.050884
-5.449480 35.598820 -4.817877
-5.449480 35.598820 51.916423
-13.947313 33.593007 1.476226
-13.947313 33.593007 58.210526
35.696087 33.593007 1.476226
35.696087 33.593007 58.210526
2.656915 28.918009 7.420846
2.656915 28.918009 64.155146
-15.869133 32.439305 2.956992
-15.869133 32.439305 59.691292
33.774267 32.439305 2.956992
33.774267 32.439305 59.691292
-15.097303 31.932639 2.694312
-15.097303 31.932639 59.428612
34.546097 31.932639 2.694312
34.546097 31.932639 59.428612
-16.882852 31.827092 3.661632
-16.882852 31.827092 60.395932
32.760548 31.827092 3.661632
32.760548 31.827092 60.395932
5.805920 30.594929 5.146936
5.805920 30.594929 61.881236
4.774330 30.034737 5.853278
4.774330 30.034737 62.587578
4.813672 29.101586 6.075109
4.813672 29.101586 62.809409
-16.819929 30.446820 4.055368
-16.819929 30.446820 60.789668
32.823471 30.446820 4.055368
32.823471 30.446820 60.789668
-16.024145 29.940799 3.876087
-16.024145 29.940799 60.610387
33.619255 29.940799 3.876087
33.619255 29.940799 60.610387
6.943871 29.840197 4.683416
6.943871 29.840197 61.417716
6.961370 28.889849 4.817877
6.961370 28.889849 61.552177
-9.707891 35.613437 1.476226
-9.707891 35.613437 58.210526
-1.550487 30.834397 7.420846
-1.550487 30.834397 64.155146
-7.747845 34.525943 2.956992
-7.747845 34.525943 59.691292
-7.694975 35.447701 2.694312
-7.694975 35.447701 59.428612
-6.710795 33.954144 3.661632
-6.710795 33.954144 60.395932
-4.577246 32.723055 5.146936
-4.577246 32.723055 61.881236
-3.576311 32.109768 5.853278
-3.576311 32.109768 62.587578
-2.787849 32.610415 6.075109
-2.787849 32.610415 62.809409
-5.546905 34.698773 4.055368
-5.546905 34.698773 60.789668
-5.506570 35.640952 3.876087
-5.506570 35.640952 60.610387
-4.492604 34.085916 4.683416
-4.492604 34.085916 61.417716
-3.678328 34.576244 4.817877
-3.678328 34.576244 61.552177
11.244354 -4.717776 1.476226
11.244354 -4.717776 58.210526
-13.577346 38.274670 1.476226
-13.577346 38.274670 58.210526
-1.106427 26.232486 7.420846
-1.106427 26.232486 64.155146
11.206129 -2.476580 2.956992
11.206129 -2.476580 59.691292
-13.615571 40.515866 2.956992
-13.615571 40.515866 59.691292
10.381428 -2.891672 2.694312
10.381428 -2.891672 59.428612
-14.440272 40.100774 2.694312
-14.440272 40.100774 59.428612
11.182796 -1.292568 3.661632
11.182796 -1.292568 60.395932
-13.638904 41.699878 3.661632
-13.638904 41.699878 60.395932
-1.228674 22.666907 5.146936
-1.228674 22.666907 61.881236
-1.198019 23.840386 5.853278
-1.198019 23.840386 62.587578
-2.025823 24.272890 6.075109
-2.025823 24.272890 62.809409
9.955984 -0.656925 4.055368
9.955984 -0.656925 60.789668
-14.865716 42.335521 4.055368
-14.865716 42.335521 60.789668
9.119865 -1.093083 3.876087
9.119865 -1.093083 60.610387
-15.701835 41.899363 3.876087
-15.701835 41.899363 60.610387
-2.451267 22.058779 4.683416
-2.451267 22.058779 61.417716
-3.283042 22.518798 4.817877
-3.283042 22.518798 61.552177
-10.812705 22.418912 19.317651
38.830695 22.418912 19.317651
-10.863713 34.933798 27.462427
-12.410726 35.826966 30.184539
-12.410726 35.826966 28.160826
-1.549619 29.556303 34.871927
-2.614842 30.171310 36.719195
-9.607487 34.208516 28.730439
-10.704730 34.842009 30.518704
-3.496509 30.680341 33.250460
-2.751858 30.250416 32.823251
-3.556826 30.715165 34.588822
-4.634708 31.337480 35.200986
-4.694280 31.371874 36.158661
-6.760686 32.564914 35.078439
-6.822492 32.600598 36.035547
-7.700932 33.107909 34.348269
-8.434290 33.531170 34.800441
-8.712044 33.691532 32.167970
-9.444409 34.114362 32.622412
-8.712789 33.691961 30.753584
-7.608844 33.054598 30.175461
-7.550389 33.020849 29.217786
-5.407283 31.783527 30.258293
-5.349200 31.749993 29.300618
-4.460832 31.237093 30.999811
-3.720649 30.809748 30.562957
-4.498809 31.259019 32.464690
-5.587489 31.887569 33.107490
-5.596052 31.892513 34.440179
-7.703787 33.109414 32.938422
-6.644893 32.498061 32.281438
-6.585321 32.463667 30.926623
-2.507612 30.109401 35.455155
-9.763864 34.298800 29.938312
-11.244354 23.943854 20.387660
38.399046 23.943854 20.387660
-11.304423 33.397893 26.332280
-12.410850 25.591110 21.538231
37.232550 25.591110 21.538231
-12.410850 27.934628 22.947511
37.232550 27.934628 22.947511
-12.410850 29.272553 23.724204
37.232550 29.272553 23.724204
-12.410850 31.588986 25.170361
37.232550 31.588986 25.170361
-12.410850 24.272962 20.744519
37.232550 24.272962 20.744519
-12.410850 32.888648 25.966344
37.232550 32.888648 25.966344
-11.206129 26.185051 21.868425
38.437271 26.185051 21.868425
-10.381428 25.769958 21.605745
39.261972 25.769958 21.605745
-11.182796 27.369062 22.573065
38.460604 27.369062 22.573065
-11.182176 29.832315 24.058369
38.461224 29.832315 24.058369
-11.212831 31.005793 24.764711
38.430569 31.005793 24.764711
-10.385027 31.438297 24.986542
-9.955984 28.004706 22.966801
39.687416 28.004706 22.966801
-9.119865 27.568547 22.787521
40.523535 27.568547 22.787521
-9.959583 29.224187 23.594850
39.683817 29.224187 23.594850
-9.127808 29.684206 23.729310
10.812705 22.418912 19.317651
12.410850 -5.378928 27.462427
-12.410850 37.613517 27.462427
0.000000 26.872285 34.871927
0.000000 25.642271 36.719195
12.410850 -3.928363 28.730439
-12.410850 39.064082 28.730439
12.410850 -5.195350 30.518704
-12.410850 37.797095 30.518704
0.000000 24.624210 33.250460
0.000000 25.484059 32.823251
0.000000 24.554562 34.588822
0.000000 23.309931 35.200986
0.000000 23.241143 36.158661
12.410850 -0.641161 35.078439
-12.410850 42.351285 35.078439
12.410850 -0.712528 36.035547
-12.410850 42.279917 36.035547
12.410726 -1.726935 34.348269
-12.410974 41.265511 34.348269
12.410850 -2.573671 34.800441
-12.410850 40.418774 34.800441
12.410850 -2.894395 32.167970
-12.410850 40.098051 32.167970
12.410850 -3.740056 32.622412
-12.410850 39.252389 32.622412
12.410850 -2.895255 30.753584
-12.410850 40.097191 30.753584
12.410850 -1.620529 30.175461
-12.410850 41.371917 30.175461
12.410850 -1.553030 29.217786
-12.410850 41.439415 29.217786
0.000000 22.417837 30.258293
0.000000 22.484906 29.300618
0.000000 23.510705 30.999811
0.000000 24.365395 30.562957
0.000000 23.466853 32.464690
0.000000 22.209754 33.107490
0.000000 22.199866 34.440179
12.410850 -1.730159 32.938422
-12.410850 41.262286 32.938422
12.410850 -0.507454 32.281438
-12.410850 42.484991 32.281438
12.410850 -0.438666 30.926623
-12.410850 42.553779 30.926623
0.000000 25.766089 35.455155
12.410850 -4.108931 29.938312
-12.410850 38.883514 29.938312
22.118741 -0.213601 20.387660
-2.702959 42.778845 20.387660
13.961337 -4.992641 26.332280
-10.860363 37.999804 26.332280
21.275424 -2.047444 21.538231
-3.546276 40.945002 21.538231
19.245877 -3.219203 22.947511
-5.575823 39.773243 22.947511
18.087200 -3.888165 23.724204
-6.734500 39.104280 23.724204
16.081111 -5.046382 25.170361
-8.740589 37.946064 25.170361
22.416974 -1.388369 20.744519
-2.404726 41.604076 20.744519
14.955571 -5.696212 25.966344
-9.866129 37.296233 25.966344
20.158695 -1.301095 21.868425
-4.663005 41.691351 21.868425
20.105825 -0.379337 21.605745
-4.715875 42.613109 21.605745
19.121645 -1.872894 22.573065
-5.700055 41.119551 22.573065
16.988096 -3.103983 24.058369
-7.833604 39.888463 24.058369
15.987161 -3.717270 24.764711
-8.834539 39.275175 24.764711
15.198699 -3.216623 24.986542
-9.623001 39.775822 24.986542
17.957755 -1.128265 22.966801
-6.863945 41.864180 22.966801
17.917420 -0.186086 22.787521
-6.904280 42.806360 22.787521
16.903454 -1.741122 23.594850
-7.918246 41.251323 23.594850
16.089178 -1.250794 23.729310
-8.732522 41.741652 23.729310
-12.410726 21.496294 16.737375
37.232674 21.496294 16.737375
24.821700 -1.845379 19.317651
0.000000 41.147066 19.317651
-13.957987 34.933798 27.462427
35.685413 34.933798 27.462427
-12.410726 21.496294 18.658398
37.232674 21.496294 18.658398
1.549619 29.556303 34.871927
2.614842 30.171310 36.719195
-15.214213 34.208516 28.730439
34.429187 34.208516 28.730439
-14.116970 34.842009 30.518704
35.526430 34.842009 30.518704
3.496509 30.680341 33.250460
2.751858 30.250416 32.823251
3.556826 30.715165 34.588822
4.634708 31.337480 35.200986
4.694280 31.371874 36.158661
-18.061014 32.564914 35.078439
31.582386 32.564914 35.078439
-17.999208 32.600598 36.035547
31.644192 32.600598 36.035547
-17.120643 33.107694 34.348269
32.522757 33.107694 34.348269
-16.387410 33.531170 34.800441
33.255990 33.531170 34.800441
-16.109656 33.691532 32.167970
33.533744 33.691532 32.167970
-15.377291 34.114362 32.622412
34.266109 34.114362 32.622412
-16.108911 33.691961 30.753584
33.534489 33.691961 30.753584
-17.212856 33.054598 30.175461
32.430544 33.054598 30.175461
-17.271311 33.020849 29.217786
32.372089 33.020849 29.217786
5.407283 31.783527 30.258293
5.349200 31.749993 29.300618
4.460832 31.237093 30.999811
3.720649 30.809748 30.562957
4.498809 31.259019 32.464690
5.587489 31.887569 33.107490
5.596052 31.892513 34.440179
-17.117913 33.109414 32.938422
32.525487 33.109414 32.938422
-18.176807 32.498061 32.281438
31.466593 32.498061 32.281438
-18.236379 32.463667 30.926623
31.407021 32.463667 30.926623
2.507612 30.109401 35.455155
-15.057836 34.298800 29.938312
34.585564 34.298800 29.938312
1.536463 -2.234031 20.387660
-23.285237 40.758415 20.387660
51.179863 -2.234031 20.387660
26.358163 40.758415 20.387660
-15.067765 36.083416 26.332280
34.575635 36.083416 26.332280
3.546276 -2.047444 21.538231
-21.275424 40.945002 21.538231
53.189676 -2.047444 21.538231
28.367976 40.945002 21.538231
5.575823 -3.219203 22.947511
-19.245877 39.773243 22.947511
55.219223 -3.219203 22.947511
30.397523 39.773243 22.947511
6.734500 -3.888165 23.724204
-18.087200 39.104280 23.724204
56.377900 -3.888165 23.724204
31.556200 39.104280 23.724204
8.740589 -5.046382 25.170361
-16.081111 37.946064 25.170361
58.383989 -5.046382 25.170361
33.562289 37.946064 25.170361
2.404726 -1.388369 20.744519
-22.416974 41.604076 20.744519
52.048126 -1.388369 20.744519
27.226426 41.604076 20.744519
9.866129 -5.696212 25.966344
-14.955571 37.296233 25.966344
59.509529 -5.696212 25.966344
34.687829 37.296233 25.966344
3.458283 -3.387733 21.868425
-21.363417 39.604712 21.868425
53.101683 -3.387733 21.868425
28.279983 39.604712 21.868425
2.686453 -3.894399 21.605745
-22.135247 39.098047 21.605745
52.329853 -3.894399 21.605745
27.508153 39.098047 21.605745
4.472002 -3.999945 22.573065
-20.349698 38.992500 22.573065
54.115402 -3.999945 22.573065
29.293702 38.992500 22.573065
6.604930 -5.232109 24.058369
-18.216770 37.760337 24.058369
56.248330 -5.232109 24.058369
31.426630 37.760337 24.058369
7.636520 -5.792301 24.764711
-17.185180 37.200145 24.764711
57.279920 -5.792301 24.764711
32.458220 37.200145 24.764711
-17.224522 36.266994 24.986542
32.418878 36.266994 24.986542
4.409079 -5.380218 22.966801
-20.412621 37.612228 22.966801
54.052479 -5.380218 22.966801
29.230779 37.612228 22.966801
3.613295 -5.886239 22.787521
-21.208405 37.106207 22.787521
53.256695 -5.886239 22.787521
28.434995 37.106207 22.787521
5.466979 -5.986841 23.594850
-19.354721 37.005604 23.594850
55.110379 -5.986841 23.594850
30.288679 37.005604 23.594850
-19.372220 36.055256 23.729310
30.271180 36.055256 23.729310
-12.410726 35.826966 21.085492
12.410850 -5.320029 18.505216
-12.410850 37.672417 18.505216
10.863713 22.389462 10.360440
-12.410726 35.826966 19.164468
1.549619 27.766958 2.950940
1.549619 27.766958 59.685240
2.614842 27.151951 1.103671
2.614842 27.151951 57.837971
9.607487 23.114745 9.092428
10.704730 22.481251 7.304163
10.704730 22.481251 64.038463
3.496509 26.642920 4.572406
3.496509 26.642920 61.306706
2.751858 27.072845 4.999616
2.751858 27.072845 61.733916
3.556826 26.608096 3.234044
3.556826 26.608096 59.968344
4.634708 25.985781 2.621881
4.634708 25.985781 59.356181
4.694280 25.951387 1.664206
4.694280 25.951387 58.398506
6.760686 24.758346 2.744427
6.760686 24.758346 59.478727
6.822492 24.722662 1.787320
6.822492 24.722662 58.521620
7.701057 24.215567 3.474598
7.701057 24.215567 60.208898
8.434290 23.792091 3.022425
8.434290 23.792091 59.756725
8.712044 23.631729 5.654897
8.712044 23.631729 62.389197
9.444409 23.208898 5.200455
9.444409 23.208898 61.934755
8.712789 23.631299 7.069283
8.712789 23.631299 63.803583
7.608844 24.268662 7.647405
7.608844 24.268662 64.381705
7.550389 24.302411 8.605080
5.407283 25.539734 7.564573
5.407283 25.539734 64.298873
5.349200 25.573268 8.522248
5.349200 25.573268 65.256548
4.460832 26.086168 6.823056
4.460832 26.086168 63.557356
3.720649 26.513513 7.259910
3.720649 26.513513 63.994210
4.498809 26.064242 5.358176
4.498809 26.064242 62.092476
5.587489 25.435692 4.715377
5.587489 25.435692 61.449677
5.596052 25.430748 3.382688
5.596052 25.430748 60.116988
7.703787 24.213847 4.884445
7.703787 24.213847 61.618745
6.644893 24.825199 5.541428
6.644893 24.825199 62.275728
6.585321 24.859593 6.896243
6.585321 24.859593 63.630543
2.507612 27.213860 2.367711
2.507612 27.213860 59.102011
9.763864 23.024461 7.884555
9.763864 23.024461 64.618855
13.947313 -4.931377 17.435207
-10.874387 38.061069 17.435207
22.164785 -0.256378 11.490587
-2.656915 42.736067 11.490587
15.957126 -5.117964 16.284635
-8.864574 37.874482 16.284635
17.986673 -3.946205 14.875355
-6.835027 39.046241 14.875355
19.145350 -3.277242 14.098663
-5.676350 39.715203 14.098663
21.151439 -2.119026 12.652505
-3.670261 40.873420 12.652505
14.815576 -5.777038 17.078348
-10.006124 37.215407 17.078348
22.276979 -1.469195 11.856523
-2.544721 41.523250 11.856523
15.869133 -3.777675 15.954442
-8.952567 39.214771 15.954442
15.097303 -3.271009 16.217121
-9.724397 39.721437 16.217121
16.882852 -3.165462 15.249802
-7.938848 39.826983 15.249802
19.015780 -1.933299 13.764498
-5.805920 41.059147 13.764498
20.047370 -1.373107 13.058156
-4.774330 41.619338 13.058156
20.008028 -0.439956 12.836324
-4.813672 42.552490 12.836324
16.819929 -1.785190 14.856066
-8.001771 41.207256 14.856066
16.024145 -1.279169 15.035346
-8.797555 41.713277 15.035346
17.877829 -1.178566 14.228017
-6.943871 41.813879 14.228017
17.860330 -0.228218 14.093557
-6.961370 42.764227 14.093557
-14.008995 34.904348 18.505216
35.634405 34.904348 18.505216
24.821700 -1.786479 10.360440
0.000000 41.205966 10.360440
0.000000 30.450976 2.950940
0.000000 30.450976 59.685240
0.000000 31.680990 1.103671
0.000000 31.680990 57.837971
24.821700 -3.237045 9.092428
0.000000 39.755401 9.092428
24.821700 -1.970057 7.304163
24.821700 -1.970057 64.038463
0.000000 41.022388 7.304163
0.000000 41.022388 64.038463
0.000000 32.699051 4.572406
0.000000 32.699051 61.306706
0.000000 31.839202 4.999616
0.000000 31.839202 61.733916
0.000000 32.768699 3.234044
0.000000 32.768699 59.968344
0.000000 34.013330 2.621881
0.000000 34.013330 59.356181
0.000000 34.082118 1.664206
0.000000 34.082118 58.398506
0.000000 36.468199 2.744427
0.000000 36.468199 59.478727
24.821700 -6.452879 1.787320
24.821700 -6.452879 58.521620
0.000000 36.539566 1.787320
0.000000 36.539566 58.521620
24.821576 -5.438473 3.474598
24.821576 -5.438473 60.208898
-0.000124 37.553973 3.474598
-0.000124 37.553973 60.208898
24.821700 -4.591736 3.022425
24.821700 -4.591736 59.756725
0.000000 38.400709 3.022425
0.000000 38.400709 59.756725
24.821700 -4.271013 5.654897
24.821700 -4.271013 62.389197
0.000000 38.721433 5.654897
0.000000 38.721433 62.389197
24.821700 -3.425351 5.200455
24.821700 -3.425351 61.934755
0.000000 39.567094 5.200455
0.000000 39.567094 61.934755
24.821700 -4.270153 7.069283
24.821700 -4.270153 63.803583
0.000000 38.722293 7.069283
0.000000 38.722293 63.803583
24.821700 -5.544879 7.647405
24.821700 -5.544879 64.381705
0.000000 37.447567 7.647405
0.000000 37.447567 64.381705
24.821700 -5.612377 8.605080
0.000000 37.380068 8.605080
0.000000 34.905423 7.564573
0.000000 34.905423 64.298873
0.000000 34.838355 8.522248
0.000000 34.838355 65.256548
0.000000 33.812555 6.823056
0.000000 33.812555 63.557356
0.000000 32.957865 7.259910
0.000000 32.957865 63.994210
0.000000 33.856408 5.358176
0.000000 33.856408 62.092476
0.000000 35.113507 4.715377
0.000000 35.113507 61.449677
0.000000 35.123395 3.382688
0.000000 35.123395 60.116988
24.821700 -5.435248 4.884445
24.821700 -5.435248 61.618745
0.000000 37.557197 4.884445
0.000000 37.557197 61.618745
0.000000 36.334492 5.541428
0.000000 36.334492 62.275728
0.000000 36.265704 6.896243
0.000000 36.265704 63.630543
0.000000 31.557172 2.367711
0.000000 31.557172 59.102011
24.821700 -3.056476 7.884555
24.821700 -3.056476 64.618855
0.000000 39.935969 7.884555
0.000000 39.935969 64.618855
-15.113809 36.040639 17.435207
34.529591 36.040639 17.435207
1.550487 -2.172767 11.490587
-23.271213 40.819679 11.490587
51.193887 -2.172767 11.490587
26.372187 40.819679 11.490587
8.864574 -5.117964 16.284635
-15.957126 37.874482 16.284635
58.507974 -5.117964 16.284635
33.686274 37.874482 16.284635
6.835027 -3.946205 14.875355
-17.986673 39.046241 14.875355
56.478427 -3.946205 14.875355
31.656727 39.046241 14.875355
5.676350 -3.277242 14.098663
-19.145350 39.715203 14.098663
55.319750 -3.277242 14.098663
30.498050 39.715203 14.098663
3.670261 -2.119026 12.652505
-21.151439 40.873420 12.652505
53.313661 -2.119026 12.652505
28.491961 40.873420 12.652505
10.006124 -5.777038 17.078348
-14.815576 37.215407 17.078348
59.649524 -5.777038 17.078348
34.827824 37.215407 17.078348
2.544721 -1.469195 11.856523
-22.276979 41.523250 11.856523
52.188121 -1.469195 11.856523
27.366421 41.523250 11.856523
7.747845 -5.864313 15.954442
-17.073855 37.128133 15.954442
57.391245 -5.864313 15.954442
32.569545 37.128133 15.954442
-17.126725 36.206375 16.217121
32.516675 36.206375 16.217121
6.710795 -5.292513 15.249802
-18.110905 37.699932 15.249802
56.354195 -5.292513 15.249802
31.532495 37.699932 15.249802
4.577246 -4.061425 13.764498
-20.244454 38.931021 13.764498
54.220646 -4.061425 13.764498
29.398946 38.931021 13.764498
3.576311 -3.448137 13.058156
-21.245389 39.544308 13.058156
53.219711 -3.448137 13.058156
28.398011 39.544308 13.058156
2.787849 -3.948784 12.836324
-22.033851 39.043661 12.836324
52.431249 -3.948784 12.836324
27.609549 39.043661 12.836324
5.546905 -6.037143 14.856066
-19.274795 36.955303 14.856066
55.190305 -6.037143 14.856066
30.368605 36.955303 14.856066
-19.315130 36.013124 15.035346
30.328270 36.013124 15.035346
4.492604 -5.424285 14.228017
-20.329096 37.568160 14.228017
54.136004 -5.424285 14.228017
29.314304 37.568160 14.228017
3.678328 -5.914614 14.093557
-21.143372 37.077831 14.093557
53.321728 -5.914614 14.093557
28.500028 37.077831 14.093557
-10.812705 34.904348 18.505216
-10.863713 22.389462 10.360440
38.779687 22.389462 10.360440
-12.410726 21.496294 7.638328
-12.410726 21.496294 64.372628
37.232674 21.496294 7.638328
37.232674 21.496294 64.372628
-12.410726 21.496294 9.662040
37.232674 21.496294 9.662040
-1.549619 27.766958 2.950940
-1.549619 27.766958 59.685240
-2.614842 27.151951 1.103671
-2.614842 27.151951 57.837971
-9.607487 23.114745 9.092428
40.035913 23.114745 9.092428
-10.704730 22.481251 7.304163
-10.704730 22.481251 64.038463
38.938670 22.481251 7.304163
38.938670 22.481251 64.038463
-3.496509 26.642920 4.572406
-3.496509 26.642920 61.306706
-2.751858 27.072845 4.999616
-2.751858 27.072845 61.733916
-3.556826 26.608096 3.234044
-3.556826 26.608096 59.968344
-4.634708 25.985781 2.621881
-4.634708 25.985781 59.356181
-4.694280 25.951387 1.664206
-4.694280 25.951387 58.398506
-6.760686 24.758346 2.744427
-6.760686 24.758346 59.478727
-6.822492 24.722662 1.787320
-6.822492 24.722662 58.521620
42.820908 24.722662 1.787320
42.820908 24.722662 58.521620
-7.700932 24.215352 3.474598
-7.700932 24.215352 60.208898
41.942468 24.215352 3.474598
41.942468 24.215352 60.208898
-8.434290 23.792091 3.022425
-8.434290 23.792091 59.756725
41.209110 23.792091 3.022425
41.209110 23.792091 59.756725
-8.712044 23.631729 5.654897
-8.712044 23.631729 62.389197
40.931356 23.631729 5.654897
40.931356 23.631729 62.389197
-9.444409 23.208898 5.200455
-9.444409 23.208898 61.934755
40.198991 23.208898 5.200455
40.198991 23.208898 61.934755
-8.712789 23.631299 7.069283
-8.712789 23.631299 63.803583
40.930611 23.631299 7.069283
40.930611 23.631299 63.803583
-7.608844 24.268662 7.647405
-7.608844 24.268662 64.381705
42.034556 24.268662 7.647405
42.034556 24.268662 64.381705
-7.550389 24.302411 8.605080
42.093011 24.302411 8.605080
-5.407283 25.539734 7.564573
-5.407283 25.539734 64.298873
-5.349200 25.573268 8.522248
-5.349200 25.573268 65.256548
-4.460832 26.086168 6.823056
-4.460832 26.086168 63.557356
-3.720649 26.513513 7.259910
-3.720649 26.513513 63.994210
-4.498809 26.064242 5.358176
-4.498809 26.064242 62.092476
-5.587489 25.435692 4.715377
-5.587489 25.435692 61.449677
-5.596052 25.430748 3.382688
-5.596052 25.430748 60.116988
-7.703787 24.213847 4.884445
-7.703787 24.213847 61.618745
41.939613 24.213847 4.884445
41.939613 24.213847 61.618745
-6.644893 24.825199 5.541428
-6.644893 24.825199 62.275728
-6.585321 24.859593 6.896243
-6.585321 24.859593 63.630543
-2.507612 27.213860 2.367711
-2.507612 27.213860 59.102011
-9.763864 23.024461 7.884555
-9.763864 23.024461 64.618855
39.879536 23.024461 7.884555
39.879536 23.024461 64.618855
-11.244354 33.379406 17.435207
-11.304423 23.925368 11.490587
38.338977 23.925368 11.490587
-12.410850 31.732151 16.284635
37.232550 31.732151 16.284635
-12.410850 29.388633 14.875355
37.232550 29.388633 14.875355
-12.410850 28.050708 14.098663
37.232550 28.050708 14.098663
-12.410850 25.734275 12.652505
37.232550 25.734275 12.652505
-12.410850 33.050299 17.078348
37.232550 33.050299 17.078348
-12.410850 24.434613 11.856523
37.232550 24.434613 11.856523
-11.206129 31.138210 15.954442
38.437271 31.138210 15.954442
-10.381428 31.553302 16.217121
-11.182796 29.954198 15.249802
38.460604 29.954198 15.249802
-11.182176 27.490946 13.764498
38.461224 27.490946 13.764498
-11.212831 26.317467 13.058156
38.430569 26.317467 13.058156
-10.385027 25.884963 12.836324
39.258373 25.884963 12.836324
-9.955984 29.318555 14.856066
39.687416 29.318555 14.856066
-9.119865 29.754713 15.035346
-9.959583 28.099074 14.228017
39.683817 28.099074 14.228017
-9.127808 27.639055 14.093557
40.515592 27.639055 14.093557
-13.577346 33.379406 17.435207
36.066054 33.379406 17.435207
-13.517277 23.925368 11.490587
36.126123 23.925368 11.490587
-13.615571 31.138210 15.954442
36.027829 31.138210 15.954442
-14.440272 31.553302 16.217121
35.203128 31.553302 16.217121
-13.638904 29.954198 15.249802
36.004496 29.954198 15.249802
-13.639524 27.490946 13.764498
36.003876 27.490946 13.764498
-13.608869 26.317467 13.058156
36.034531 26.317467 13.058156
-14.436673 25.884963 12.836324
35.206727 25.884963 12.836324
-14.865716 29.318555 14.856066
34.777684 29.318555 14.856066
-15.701835 29.754713 15.035346
33.941565 29.754713 15.035346
-14.862117 28.099074 14.228017
34.781283 28.099074 14.228017
-15.693892 27.639055 14.093557
33.949508 27.639055 14.093557
-9.707891 36.040639 17.435207
23.271213 -2.172767 11.490587
-1.550487 40.819679 11.490587
17.073855 -5.864313 15.954442
-7.747845 37.128133 15.954442
-7.694975 36.206375 16.217121
18.110905 -5.292513 15.249802
-6.710795 37.699932 15.249802
20.244454 -4.061425 13.764498
-4.577246 38.931021 13.764498
21.245389 -3.448137 13.058156
-3.576311 39.544308 13.058156
22.033851 -3.948784 12.836324
-2.787849 39.043661 12.836324
19.274795 -6.037143 14.856066
-5.546905 36.955303 14.856066
-5.506570 36.013124 15.035346
20.329096 -5.424285 14.228017
-4.492604 37.568160 14.228017
21.143372 -5.914614 14.093557
-3.678328 37.077831 14.093557
10.874387 -4.931377 17.435207
-13.947313 38.061069 17.435207
2.656915 -0.256378 11.490587
-22.164785 42.736067 11.490587
52.300315 -0.256378 11.490587
27.478615 42.736067 11.490587
8.952567 -3.777675 15.954442
-15.869133 39.214771 15.954442
58.595967 -3.777675 15.954442
33.774267 39.214771 15.954442
9.724397 -3.271009 16.217121
-15.097303 39.721437 16.217121
7.938848 -3.165462 15.249802
-16.882852 39.826983 15.249802
57.582248 -3.165462 15.249802
32.760548 39.826983 15.249802
5.805920 -1.933299 13.764498
-19.015780 41.059147 13.764498
55.449320 -1.933299 13.764498
30.627620 41.059147 13.764498
4.774330 -1.373107 13.058156
-20.047370 41.619338 13.058156
54.417730 -1.373107 13.058156
29.596030 41.619338 13.058156
4.813672 -0.439956 12.836324
-20.008028 42.552490 12.836324
54.457072 -0.439956 12.836324
29.635372 42.552490 12.836324
8.001771 -1.785190 14.856066
-16.819929 41.207256 14.856066
57.645171 -1.785190 14.856066
32.823471 41.207256 14.856066
8.797555 -1.279169 15.035346
-16.024145 41.713277 15.035346
6.943871 -1.178566 14.228017
-17.877829 41.813879 14.228017
56.587271 -1.178566 14.228017
31.765571 41.813879 14.228017
6.961370 -0.228218 14.093557
-17.860330 42.764227 14.093557
56.604770 -0.228218 14.093557
31.783070 42.764227 14.093557
23.285237 -2.234031 20.387660
-1.536463 40.758415 20.387660
-9.753935 36.083416 26.332280
21.363417 -3.387733 21.868425
-3.458283 39.604712 21.868425
22.135247 -3.894399 21.605745
-2.686453 39.098047 21.605745
20.349698 -3.999945 22.573065
-4.472002 38.992500 22.573065
18.216770 -5.232109 24.058369
-6.604930 37.760337 24.058369
17.185180 -5.792301 24.764711
-7.636520 37.200145 24.764711
-7.597178 36.266994 24.986542
20.412621 -5.380218 22.966801
-4.409079 37.612228 22.966801
21.208405 -5.886239 22.787521
-3.613295 37.106207 22.787521
19.354721 -5.986841 23.594850
-5.466979 37.005604 23.594850
-5.449480 36.055256 23.729310
2.702959 -0.213601 20.387660
-22.118741 42.778845 20.387660
52.346359 -0.213601 20.387660
27.524659 42.778845 20.387660
10.860363 -4.992641 26.332280
-13.961337 37.999804 26.332280
4.663005 -1.301095 21.868425
-20.158695 41.691351 21.868425
54.306405 -1.301095 21.868425
29.484705 41.691351 21.868425
4.715875 -0.379337 21.605745
-20.105825 42.613109 21.605745
54.359275 -0.379337 21.605745
29.537575 42.613109 21.605745
5.700055 -1.872894 22.573065
-19.121645 41.119551 22.573065
55.343455 -1.872894 22.573065
30.521755 41.119551 22.573065
7.833604 -3.103983 24.058369
-16.988096 39.888463 24.058369
57.477004 -3.103983 24.058369
32.655304 39.888463 24.058369
8.834539 -3.717270 24.764711
-15.987161 39.275175 24.764711
58.477939 -3.717270 24.764711
33.656239 39.275175 24.764711
9.623001 -3.216623 24.986542
-15.198699 39.775822 24.986542
6.863945 -1.128265 22.966801
-17.957755 41.864180 22.966801
56.507345 -1.128265 22.966801
31.685645 41.864180 22.966801
6.904280 -0.186086 22.787521
-17.917420 42.806360 22.787521
56.547680 -0.186086 22.787521
31.725980 42.806360 22.787521
7.918246 -1.741122 23.594850
-16.903454 41.251323 23.594850
57.561646 -1.741122 23.594850
32.739946 41.251323 23.594850
8.732522 -1.250794 23.729310
-16.089178 41.741652 23.729310
-13.577346 23.943854 20.387660
36.066054 23.943854 20.387660
-13.517277 33.397893 26.332280
36.126123 33.397893 26.332280
-13.615571 26.185051 21.868425
36.027829 26.185051 21.868425
-14.440272 25.769958 21.605745
35.203128 25.769958 21.605745
-13.638904 27.369062 22.573065
36.004496 27.369062 22.573065
-13.639524 29.832315 24.058369
36.003876 29.832315 24.058369
-13.608869 31.005793 24.764711
36.034531 31.005793 24.764711
-14.436673 31.438297 24.986542
35.206727 31.438297 24.986542
-14.865716 28.004706 22.966801
34.777684 28.004706 22.966801
-15.701835 27.568547 22.787521
33.941565 27.568547 22.787521
-14.862117 29.224187 23.594850
34.781283 29.224187 23.594850
-15.693892 29.684206 23.729310
33.949508 29.684206 23.729310
-0.000124 28.661702 35.648808
1.598145 29.584320 38.229084
1.547137 -0.893240 46.373860
-23.274563 42.099206 46.373860
51.190537 -0.893240 46.373860
26.368837 42.099206 46.373860
-0.000124 28.661702 37.569832
10.861231 -6.270735 -2.950940
10.861231 -6.270735 53.783360
-13.960469 36.721711 -2.950940
-13.960469 36.721711 53.783360
60.504631 -6.270735 -2.950940
60.504631 -6.270735 53.783360
35.682931 36.721711 -2.950940
35.682931 36.721711 53.783360
9.796008 -5.655728 -1.103671
9.796008 -5.655728 55.630629
-15.025692 37.336718 -1.103671
-15.025692 37.336718 55.630629
59.439408 -5.655728 -1.103671
59.439408 -5.655728 55.630629
34.617708 37.336718 -1.103671
34.617708 37.336718 55.630629
2.803363 -1.618522 47.641872
-22.018337 41.373923 47.641872
52.446763 -1.618522 47.641872
27.625063 41.373923 47.641872
1.706120 -0.985029 -7.304163
1.706120 -0.985029 49.430137
-23.115580 42.007417 -7.304163
-23.115580 42.007417 49.430137
51.349520 -0.985029 -7.304163
51.349520 -0.985029 49.430137
26.527820 42.007417 -7.304163
26.527820 42.007417 49.430137
8.914341 -5.146697 -4.572406
8.914341 -5.146697 52.161894
-15.907359 37.845748 -4.572406
-15.907359 37.845748 52.161894
58.557741 -5.146697 -4.572406
58.557741 -5.146697 52.161894
33.736041 37.845748 -4.572406
33.736041 37.845748 52.161894
9.658992 -5.576622 -4.999616
9.658992 -5.576622 51.734684
-15.162708 37.415824 -4.999616
-15.162708 37.415824 51.734684
59.302392 -5.576622 -4.999616
59.302392 -5.576622 51.734684
34.480692 37.415824 -4.999616
34.480692 37.415824 51.734684
8.854024 -5.111873 -3.234044
8.854024 -5.111873 53.500256
-15.967676 37.880572 -3.234044
-15.967676 37.880572 53.500256
58.497424 -5.111873 -3.234044
58.497424 -5.111873 53.500256
33.675724 37.880572 -3.234044
33.675724 37.880572 53.500256
7.776142 -4.489558 -2.621881
7.776142 -4.489558 54.112419
-17.045558 38.502888 -2.621881
-17.045558 38.502888 54.112419
57.419542 -4.489558 -2.621881
57.419542 -4.489558 54.112419
32.597842 38.502888 -2.621881
32.597842 38.502888 54.112419
7.716570 -4.455164 -1.664206
7.716570 -4.455164 55.070094
-17.105130 38.537282 -1.664206
-17.105130 38.537282 55.070094
57.359970 -4.455164 -1.664206
57.359970 -4.455164 55.070094
32.538270 38.537282 -1.664206
32.538270 38.537282 55.070094
5.650164 -3.262123 -2.744427
5.650164 -3.262123 53.989873
-19.171536 39.730322 -2.744427
-19.171536 39.730322 53.989873
55.293564 -3.262123 -2.744427
55.293564 -3.262123 53.989873
30.471864 39.730322 -2.744427
30.471864 39.730322 53.989873
5.588358 -3.226440 -1.787320
5.588358 -3.226440 54.946980
-19.233342 39.766006 -1.787320
-19.233342 39.766006 54.946980
55.231758 -3.226440 -1.787320
55.231758 -3.226440 54.946980
30.410058 39.766006 -1.787320
30.410058 39.766006 54.946980
4.709918 -2.719129 -3.474598
4.709918 -2.719129 53.259702
-20.111782 40.273317 -3.474598
-20.111782 40.273317 53.259702
54.353318 -2.719129 -3.474598
54.353318 -2.719129 53.259702
29.531618 40.273317 -3.474598
29.531618 40.273317 53.259702
3.976560 -2.295868 -3.022425
3.976560 -2.295868 53.711875
-20.845140 40.696577 -3.022425
-20.845140 40.696577 53.711875
53.619960 -2.295868 -3.022425
53.619960 -2.295868 53.711875
28.798260 40.696577 -3.022425
28.798260 40.696577 53.711875
3.698806 -2.135506 -5.654897
3.698806 -2.135506 51.079403
-21.122894 40.856939 -5.654897
-21.122894 40.856939 51.079403
53.342206 -2.135506 -5.654897
53.342206 -2.135506 51.079403
28.520506 40.856939 -5.654897
28.520506 40.856939 51.079403
2.966441 -1.712676 -5.200455
2.966441 -1.712676 51.533845
-21.855259 41.279770 -5.200455
-21.855259 41.279770 51.533845
52.609841 -1.712676 -5.200455
52.609841 -1.712676 51.533845
27.788141 41.279770 -5.200455
27.788141 41.279770 51.533845
3.698061 -2.135076 -7.069283
3.698061 -2.135076 49.665017
-21.123639 40.857369 -7.069283
-21.123639 40.857369 49.665017
53.341461 -2.135076 -7.069283
53.341461 -2.135076 49.665017
28.519761 40.857369 -7.069283
28.519761 40.857369 49.665017
4.802006 -2.772440 -7.647405
4.802006 -2.772440 49.086895
-20.019694 40.220006 -7.647405
-20.019694 40.220006 49.086895
54.445406 -2.772440 -7.647405
54.445406 -2.772440 49.086895
29.623706 40.220006 -7.647405
29.623706 40.220006 49.086895
4.860461 -2.806189 48.129220
-19.961239 40.186257 48.129220
54.503861 -2.806189 48.129220
29.682161 40.186257 48.129220
7.003567 -4.043511 -7.564573
7.003567 -4.043511 49.169727
-17.818133 38.948934 -7.564573
-17.818133 38.948934 49.169727
56.646967 -4.043511 -7.564573
56.646967 -4.043511 49.169727
31.825267 38.948934 -7.564573
31.825267 38.948934 49.169727
7.061650 -4.077045 -8.522248
7.061650 -4.077045 48.212052
-17.760050 38.915400 -8.522248
-17.760050 38.915400 48.212052
56.705050 -4.077045 -8.522248
56.705050 -4.077045 48.212052
31.883350 38.915400 -8.522248
31.883350 38.915400 48.212052
7.950018 -4.589945 -6.823056
7.950018 -4.589945 49.911244
-16.871682 38.402500 -6.823056
-16.871682 38.402500 49.911244
57.593418 -4.589945 -6.823056
57.593418 -4.589945 49.911244
32.771718 38.402500 -6.823056
32.771718 38.402500 49.911244
8.690201 -5.017290 -7.259910
8.690201 -5.017290 49.474390
-16.131499 37.975155 -7.259910
-16.131499 37.975155 49.474390
58.333601 -5.017290 -7.259910
58.333601 -5.017290 49.474390
33.511901 37.975155 -7.259910
33.511901 37.975155 49.474390
7.912041 -4.568019 -5.358176
7.912041 -4.568019 51.376124
-16.909659 38.424427 -5.358176
-16.909659 38.424427 51.376124
57.555441 -4.568019 -5.358176
57.555441 -4.568019 51.376124
32.733741 38.424427 -5.358176
32.733741 38.424427 51.376124
6.823361 -3.939469 -4.715377
6.823361 -3.939469 52.018923
-17.998339 39.052976 -4.715377
-17.998339 39.052976 52.018923
56.466761 -3.939469 -4.715377
56.466761 -3.939469 52.018923
31.645061 39.052976 -4.715377
31.645061 39.052976 52.018923
6.814798 -3.934525 -3.382688
6.814798 -3.934525 53.351612
-18.006902 39.057920 -3.382688
-18.006902 39.057920 53.351612
56.458198 -3.934525 -3.382688
56.458198 -3.934525 53.351612
31.636498 39.057920 -3.382688
31.636498 39.057920 53.351612
4.707063 -2.717624 -4.884445
4.707063 -2.717624 51.849855
-20.114637 40.274821 -4.884445
-20.114637 40.274821 51.849855
54.350463 -2.717624 -4.884445
54.350463 -2.717624 51.849855
29.528763 40.274821 -4.884445
29.528763 40.274821 51.849855
5.765957 -3.328977 -5.541428
5.765957 -3.328977 51.192872
-19.055743 39.663469 -5.541428
-19.055743 39.663469 51.192872
55.409357 -3.328977 -5.541428
55.409357 -3.328977 51.192872
30.587657 39.663469 -5.541428
30.587657 39.663469 51.192872
5.825529 -3.363371 -6.896243
5.825529 -3.363371 49.838057
-18.996171 39.629075 -6.896243
-18.996171 39.629075 49.838057
55.468929 -3.363371 -6.896243
55.468929 -3.363371 49.838057
30.647229 39.629075 -6.896243
30.647229 39.629075 49.838057
9.903238 -5.717637 -2.367711
9.903238 -5.717637 54.366589
-14.918462 37.274809 -2.367711
-14.918462 37.274809 54.366589
59.546638 -5.717637 -2.367711
59.546638 -5.717637 54.366589
34.724938 37.274809 -2.367711
34.724938 37.274809 54.366589
2.646986 -1.528238 -7.884555
2.646986 -1.528238 48.849745
-22.174714 41.464207 -7.884555
-22.174714 41.464207 48.849745
52.290386 -1.528238 -7.884555
52.290386 -1.528238 48.849745
27.468686 41.464207 -7.884555
27.468686 41.464207 48.849745
1.166496 31.109262 39.299093
25.928127 -2.429145 45.243713
1.106427 40.563301 45.243713
0.000000 32.756517 40.449665
0.000000 35.100036 41.858945
0.000000 36.437961 42.635637
24.821700 -4.238052 44.081795
0.000000 38.754394 44.081795
0.000000 31.438369 39.655952
24.821700 -2.938390 44.877777
0.000000 40.054055 44.877777
1.204721 33.350458 40.779858
2.029422 32.935366 40.517179
1.228054 34.534470 41.484498
26.050374 -5.994723 42.969802
1.228674 36.997722 42.969802
26.019719 -4.821244 43.676144
1.198019 38.171201 43.676144
26.847523 -4.388740 43.897976
2.025823 38.603705 43.897976
2.454866 35.170113 41.878234
3.290985 34.733955 41.698954
2.451267 36.389594 42.506283
28.104742 -6.142832 42.640743
3.283042 36.849613 42.640743
-1.598145 29.584320 38.229084
-12.410850 23.282702 46.373860
37.232550 23.282702 46.373860
-12.410850 34.037692 -2.950940
-12.410850 34.037692 53.783360
37.232550 34.037692 -2.950940
37.232550 34.037692 53.783360
-12.410850 32.807678 -1.103671
-12.410850 32.807678 55.630629
37.232550 32.807678 -1.103671
37.232550 32.807678 55.630629
-12.410850 24.733267 47.641872
37.232550 24.733267 47.641872
-12.410850 23.466280 -7.304163
-12.410850 23.466280 49.430137
37.232550 23.466280 -7.304163
37.232550 23.466280 49.430137
-12.410850 31.789617 -4.572406
-12.410850 31.789617 52.161894
37.232550 31.789617 -4.572406
37.232550 31.789617 52.161894
-12.410850 32.649466 -4.999616
-12.410850 32.649466 51.734684
37.232550 32.649466 -4.999616
37.232550 32.649466 51.734684
-12.410850 31.719970 -3.234044
-12.410850 31.719970 53.500256
37.232550 31.719970 -3.234044
37.232550 31.719970 53.500256
-12.410850 30.475338 -2.621881
-12.410850 30.475338 54.112419
37.232550 30.475338 -2.621881
37.232550 30.475338 54.112419
-12.410850 30.406550 -1.664206
-12.410850 30.406550 55.070094
37.232550 30.406550 -1.664206
37.232550 30.406550 55.070094
-12.410850 28.020470 -2.744427
-12.410850 28.020470 53.989873
37.232550 28.020470 -2.744427
37.232550 28.020470 53.989873
-12.410850 27.949102 -1.787320
-12.410850 27.949102 54.946980
37.232550 27.949102 -1.787320
37.232550 27.949102 54.946980
-12.410974 26.934695 -3.474598
-12.410974 26.934695 53.259702
37.232426 26.934695 -3.474598
37.232426 26.934695 53.259702
-12.410850 26.087959 -3.022425
-12.410850 26.087959 53.711875
37.232550 26.087959 -3.022425
37.232550 26.087959 53.711875
-12.410850 25.767236 -5.654897
-12.410850 25.767236 51.079403
37.232550 25.767236 -5.654897
37.232550 25.767236 51.079403
-12.410850 24.921574 -5.200455
-12.410850 24.921574 51.533845
37.232550 24.921574 -5.200455
37.232550 24.921574 51.533845
-12.410850 25.766376 -7.069283
-12.410850 25.766376 49.665017
37.232550 25.766376 -7.069283
37.232550 25.766376 49.665017
-12.410850 27.041102 -7.647405
-12.410850 27.041102 49.086895
37.232550 27.041102 -7.647405
37.232550 27.041102 49.086895
-12.410850 27.108600 48.129220
37.232550 27.108600 48.129220
-12.410850 29.583245 -7.564573
-12.410850 29.583245 49.169727
37.232550 29.583245 -7.564573
37.232550 29.583245 49.169727
-12.410850 29.650313 -8.522248
-12.410850 29.650313 48.212052
37.232550 29.650313 -8.522248
37.232550 29.650313 48.212052
-12.410850 30.676113 -6.823056
-12.410850 30.676113 49.911244
37.232550 30.676113 -6.823056
37.232550 30.676113 49.911244
-12.410850 31.530803 -7.259910
-12.410850 31.530803 49.474390
37.232550 31.530803 -7.259910
37.232550 31.530803 49.474390
-12.410850 30.632261 -5.358176
-12.410850 30.632261 51.376124
37.232550 30.632261 -5.358176
37.232550 30.632261 51.376124
-12.410850 29.375162 -4.715377
-12.410850 29.375162 52.018923
37.232550 29.375162 -4.715377
37.232550 29.375162 52.018923
-12.410850 29.365273 -3.382688
-12.410850 29.365273 53.351612
37.232550 29.365273 -3.382688
37.232550 29.365273 53.351612
-12.410850 26.931471 -4.884445
-12.410850 26.931471 51.849855
37.232550 26.931471 -4.884445
37.232550 26.931471 51.849855
-12.410850 28.154176 -5.541428
-12.410850 28.154176 51.192872
37.232550 28.154176 -5.541428
37.232550 28.154176 51.192872
-12.410850 28.222964 -6.896243
-12.410850 28.222964 49.838057
37.232550 28.222964 -6.896243
37.232550 28.222964 49.838057
-12.410850 32.931497 -2.367711
-12.410850 32.931497 54.366589
37.232550 32.931497 -2.367711
37.232550 32.931497 54.366589
-12.410850 24.552699 -7.884555
-12.410850 24.552699 48.849745
37.232550 24.552699 -7.884555
37.232550 24.552699 48.849745
-2.702959 28.448030 39.299093
-10.860363 23.668989 45.243713
38.783037 23.668989 45.243713
-3.546276 26.614187 40.449665
-5.575823 25.442428 41.858945
-6.734500 24.773465 42.635637
-8.740589 23.615249 44.081795
40.902811 23.615249 44.081795
-2.404726 27.273261 39.655952
-9.866129 22.965418 44.877777
39.777271 22.965418 44.877777
-4.663005 27.360536 40.779858
-4.715875 28.282294 40.517179
-5.700055 26.788736 41.484498
-7.833604 25.557647 42.969802
41.809796 25.557647 42.969802
-8.834539 24.944360 43.676144
40.808861 24.944360 43.676144
-9.623001 25.445007 43.897976
40.020399 25.445007 43.897976
-6.863945 27.533365 41.878234
-6.904280 28.475545 41.698954
-7.918246 26.920508 42.506283
-8.732522 27.410837 42.640743
40.910878 27.410837 42.640743
0.000000 26.816251 38.229084
23.274563 -0.893240 46.373860
-1.547137 42.099206 46.373860
24.821576 -0.000072 -7.638328
24.821576 -0.000072 49.095972
-0.000124 42.992374 -7.638328
-0.000124 42.992374 49.095972
24.821576 -0.000072 47.072260
-0.000124 42.992374 47.072260
13.960469 -6.270735 -2.950940
13.960469 -6.270735 53.783360
-10.861231 36.721711 -2.950940
-10.861231 36.721711 53.783360
15.025692 -5.655728 -1.103671
15.025692 -5.655728 55.630629
-9.796008 37.336718 -1.103671
-9.796008 37.336718 55.630629
22.018337 -1.618522 47.641872
-2.803363 41.373923 47.641872
23.115580 -0.985029 -7.304163
23.115580 -0.985029 49.430137
-1.706120 42.007417 -7.304163
-1.706120 42.007417 49.430137
15.907359 -5.146697 -4.572406
15.907359 -5.146697 52.161894
-8.914341 37.845748 -4.572406
-8.914341 37.845748 52.161894
15.162708 -5.576622 -4.999616
15.162708 -5.576622 51.734684
-9.658992 37.415824 -4.999616
-9.658992 37.415824 51.734684
15.967676 -5.111873 -3.234044
15.967676 -5.111873 53.500256
-8.854024 37.880572 -3.234044
-8.854024 37.880572 53.500256
17.045558 -4.489558 -2.621881
17.045558 -4.489558 54.112419
-7.776142 38.502888 -2.621881
-7.776142 38.502888 54.112419
17.105130 -4.455164 -1.664206
17.105130 -4.455164 55.070094
-7.716570 38.537282 -1.664206
-7.716570 38.537282 55.070094
19.171536 -3.262123 -2.744427
19.171536 -3.262123 53.989873
-5.650164 39.730322 -2.744427
-5.650164 39.730322 53.989873
19.233342 -3.226440 -1.787320
19.233342 -3.226440 54.946980
-5.588358 39.766006 -1.787320
-5.588358 39.766006 54.946980
20.111907 -2.719344 -3.474598
20.111907 -2.719344 53.259702
-4.709793 40.273102 -3.474598
-4.709793 40.273102 53.259702
20.845140 -2.295868 -3.022425
20.845140 -2.295868 53.711875
-3.976560 40.696577 -3.022425
-3.976560 40.696577 53.711875
21.122894 -2.135506 -5.654897
21.122894 -2.135506 51.079403
-3.698806 40.856939 -5.654897
-3.698806 40.856939 51.079403
21.855259 -1.712676 -5.200455
21.855259 -1.712676 51.533845
-2.966441 41.279770 -5.200455
-2.966441 41.279770 51.533845
21.123639 -2.135076 -7.069283
21.123639 -2.135076 49.665017
-3.698061 40.857369 -7.069283
-3.698061 40.857369 49.665017
20.019694 -2.772440 -7.647405
20.019694 -2.772440 49.086895
-4.802006 40.220006 -7.647405
-4.802006 40.220006 49.086895
19.961239 -2.806189 48.129220
-4.860461 40.186257 48.129220
17.818133 -4.043511 -7.564573
17.818133 -4.043511 49.169727
-7.003567 38.948934 -7.564573
-7.003567 38.948934 49.169727
17.760050 -4.077045 -8.522248
17.760050 -4.077045 48.212052
-7.061650 38.915400 -8.522248
-7.061650 38.915400 48.212052
16.871682 -4.589945 -6.823056
16.871682 -4.589945 49.911244
-7.950018 38.402500 -6.823056
-7.950018 38.402500 49.911244
16.131499 -5.017290 -7.259910
16.131499 -5.017290 49.474390
-8.690201 37.975155 -7.259910
-8.690201 37.975155 49.474390
16.909659 -4.568019 -5.358176
16.909659 -4.568019 51.376124
-7.912041 38.424427 -5.358176
-7.912041 38.424427 51.376124
17.998339 -3.939469 -4.715377
17.998339 -3.939469 52.018923
-6.823361 39.052976 -4.715377
-6.823361 39.052976 52.018923
18.006902 -3.934525 -3.382688
18.006902 -3.934525 53.351612
-6.814798 39.057920 -3.382688
-6.814798 39.057920 53.351612
20.114637 -2.717624 -4.884445
20.114637 -2.717624 51.849855
-4.707063 40.274821 -4.884445
-4.707063 40.274821 51.849855
19.055743 -3.328977 -5.541428
19.055743 -3.328977 51.192872
-5.765957 39.663469 -5.541428
-5.765957 39.663469 51.192872
18.996171 -3.363371 -6.896243
18.996171 -3.363371 49.838057
-5.825529 39.629075 -6.896243
-5.825529 39.629075 49.838057
14.918462 -5.717637 -2.367711
14.918462 -5.717637 54.366589
-9.903238 37.274809 -2.367711
-9.903238 37.274809 54.366589
22.174714 -1.528238 -7.884555
22.174714 -1.528238 48.849745
-2.646986 41.464207 -7.884555
-2.646986 41.464207 48.849745
1.536463 26.427600 39.299093
9.753935 21.752601 45.243713
3.546276 26.614187 40.449665
5.575823 25.442428 41.858945
6.734500 24.773465 42.635637
8.740589 23.615249 44.081795
2.404726 27.273261 39.655952
9.866129 22.965418 44.877777
3.458283 25.273897 40.779858
2.686453 24.767231 40.517179
4.472002 24.661685 41.484498
6.604930 23.429521 42.969802
7.636520 22.869330 43.676144
7.597178 21.936179 43.897976
4.409079 23.281412 41.878234
3.613295 22.775391 41.698954
5.466979 22.674789 42.506283
5.449480 21.724441 42.640743
-12.410850 23.341602 37.416649
37.232550 23.341602 37.416649
-1.547137 29.554870 29.271873
-0.000124 28.661702 26.549761
-0.000124 28.661702 28.573474
-10.861231 34.932365 21.862373
-9.796008 34.317358 20.015105
-2.803363 30.280153 28.003861
-1.706120 29.646659 26.215596
-8.914341 33.808328 23.483840
-9.658992 34.238252 23.911049
-8.854024 33.773504 22.145478
-7.776142 33.151188 21.533314
-7.716570 33.116794 20.575639
-5.650164 31.923754 21.655861
-5.588358 31.888070 20.698753
-4.709793 31.380974 22.386031
-3.976560 30.957499 21.933859
-3.698806 30.797137 24.566330
-2.966441 30.374306 24.111888
-3.698061 30.796707 25.980716
-4.802006 31.434070 26.558839
-4.860461 31.467819 27.516514
-7.003567 32.705142 26.476007
-7.061650 32.738676 27.433682
-7.950018 33.251575 25.734489
-8.690201 33.678920 26.171343
-7.912041 33.229649 24.269610
-6.823361 32.601100 23.626810
-6.814798 32.596156 22.294121
-4.707063 31.379254 23.795878
-5.765957 31.990607 24.452862
-5.825529 32.025001 25.807677
-9.903238 34.379267 21.279145
-2.646986 30.189868 26.795988
-10.874387 23.730254 36.346640
38.769013 23.730254 36.346640
-2.656915 28.405252 30.402020
-8.864574 23.543666 35.196069
40.778826 23.543666 35.196069
-6.835027 24.715425 33.786789
42.808373 24.715425 33.786789
-5.676350 25.384388 33.010096
-3.670261 26.542604 31.563939
-10.006124 22.884592 35.989781
39.637276 22.884592 35.989781
-2.544721 27.192435 30.767956
-8.952567 24.883956 34.865875
40.690833 24.883956 34.865875
-9.724397 25.390622 35.128555
39.919003 25.390622 35.128555
-7.938848 25.496168 34.161235
41.704552 25.496168 34.161235
-5.805920 26.728332 32.675931
-4.774330 27.288523 31.969589
-4.813672 28.221674 31.747758
-8.001771 26.876441 33.767499
-8.797555 27.382462 33.946779
40.845845 27.382462 33.946779
-6.943871 27.483064 33.139450
-6.961370 28.433412 33.004990
23.223555 -0.922690 37.416649
-1.598145 42.069756 37.416649
0.000000 26.875151 29.271873
12.410850 -5.376062 21.862373
-12.410850 37.616384 21.862373
12.410850 -4.146048 20.015105
-12.410850 38.846397 20.015105
0.000000 25.424586 28.003861
0.000000 26.691573 26.215596
12.410850 -3.127987 23.483840
-12.410850 39.864459 23.483840
12.410850 -3.987836 23.911049
-12.410850 39.004610 23.911049
12.410850 -3.058339 22.145478
-12.410850 39.934106 22.145478
12.410850 -1.813708 21.533314
-12.410850 41.178738 21.533314
12.410850 -1.744920 20.575639
-12.410850 41.247525 20.575639
0.000000 22.137383 21.655861
0.000000 22.208751 20.698753
-0.000124 23.223158 22.386031
0.000000 24.069894 21.933859
0.000000 24.390618 24.566330
0.000000 25.236279 24.111888
0.000000 24.391477 25.980716
0.000000 23.116751 26.558839
0.000000 23.049253 27.516514
12.410850 -0.921615 26.476007
-12.410850 42.070831 26.476007
12.410850 -0.988683 27.433682
-12.410850 42.003763 27.433682
12.410850 -2.014483 25.734489
-12.410850 40.977963 25.734489
12.410850 -2.869173 26.171343
-12.410850 40.123273 26.171343
12.410850 -1.970630 24.269610
-12.410850 41.021815 24.269610
12.410850 -0.713531 23.626810
-12.410850 42.278914 23.626810
12.410850 -0.703643 22.294121
-12.410850 42.288803 22.294121
0.000000 23.226382 23.795878
0.000000 22.003677 24.452862
0.000000 21.934889 25.807677
12.410850 -4.269866 21.279145
-12.410850 38.722579 21.279145
0.000000 25.605154 26.795988
9.707891 21.709824 36.346640
1.550487 26.488864 30.402020
8.864574 23.543666 35.196069
6.835027 24.715425 33.786789
5.676350 25.384388 33.010096
3.670261 26.542604 31.563939
10.006124 22.884592 35.989781
2.544721 27.192435 30.767956
7.747845 22.797317 34.865875
7.694975 21.875559 35.128555
6.710795 23.369117 34.161235
4.577246 24.600206 32.675931
3.576311 25.213493 31.969589
2.787849 24.712846 31.747758
5.546905 22.624488 33.767499
5.506570 21.682308 33.946779
4.492604 23.237345 33.139450
3.678328 22.747016 33.004990
24.821576 -0.000072 39.996925
-0.000124 42.992374 39.996925
1.598145 -0.922690 37.416649
-23.223555 42.069756 37.416649
51.241545 -0.922690 37.416649
26.419845 42.069756 37.416649
1.547137 29.554870 29.271873
24.821576 -0.000072 38.075902
-0.000124 42.992374 38.075902
-13.960469 34.932365 21.862373
35.682931 34.932365 21.862373
-15.025692 34.317358 20.015105
34.617708 34.317358 20.015105
2.803363 30.280153 28.003861
1.706120 29.646659 26.215596
-15.907359 33.808328 23.483840
33.736041 33.808328 23.483840
-15.162708 34.238252 23.911049
34.480692 34.238252 23.911049
-15.967676 33.773504 22.145478
33.675724 33.773504 22.145478
-17.045558 33.151188 21.533314
32.597842 33.151188 21.533314
-17.105130 33.116794 20.575639
32.538270 33.116794 20.575639
5.650164 31.923754 21.655861
5.588358 31.888070 20.698753
4.709918 31.380759 22.386031
3.976560 30.957499 21.933859
3.698806 30.797137 24.566330
2.966441 30.374306 24.111888
3.698061 30.796707 25.980716
4.802006 31.434070 26.558839
4.860461 31.467819 27.516514
-17.818133 32.705142 26.476007
31.825267 32.705142 26.476007
-17.760050 32.738676 27.433682
31.883350 32.738676 27.433682
-16.871682 33.251575 25.734489
32.771718 33.251575 25.734489
-16.131499 33.678920 26.171343
33.511901 33.678920 26.171343
-16.909659 33.229649 24.269610
32.733741 33.229649 24.269610
-17.998339 32.601100 23.626810
31.645061 32.601100 23.626810
-18.006902 32.596156 22.294121
31.636498 32.596156 22.294121
4.707063 31.379254 23.795878
5.765957 31.990607 24.452862
5.825529 32.025001 25.807677
-14.918462 34.379267 21.279145
34.724938 34.379267 21.279145
2.646986 30.189868 26.795988
25.988196 -2.447632 36.346640
1.166496 40.544814 36.346640
1.106427 31.090775 30.402020
24.821700 -4.094887 35.196069
0.000000 38.897558 35.196069
24.821700 -6.438405 33.786789
0.000000 36.554040 33.786789
0.000000 35.216115 33.010096
0.000000 32.899682 31.563939
24.821700 -2.776739 35.989781
0.000000 40.215707 35.989781
0.000000 31.600021 30.767956
26.026421 -4.688828 34.865875
1.204721 38.303618 34.865875
26.851122 -4.273736 35.128555
2.029422 38.718710 35.128555
26.049754 -5.872840 34.161235
1.228054 37.119606 34.161235
1.228674 34.656354 32.675931
1.198019 33.482875 31.969589
2.025823 33.050371 31.747758
2.454866 36.483963 33.767499
28.112685 -6.072325 33.946779
3.290985 36.920121 33.946779
2.451267 35.264482 33.139450
3.283042 34.804463 33.004990
23.655204 -2.447632 36.346640
-1.166496 40.544814 36.346640
-1.106427 31.090775 30.402020
23.616979 -4.688828 34.865875
-1.204721 38.303618 34.865875
22.792278 -4.273736 35.128555
-2.029422 38.718710 35.128555
23.593646 -5.872840 34.161235
-1.228054 37.119606 34.161235
-1.228674 34.656354 32.675931
-1.198019 33.482875 31.969589
-2.025823 33.050371 31.747758
-2.454866 36.483963 33.767499
21.530715 -6.072325 33.946779
-3.290985 36.920121 33.946779
-2.451267 35.264482 33.139450
-3.283042 34.804463 33.004990
-9.707891 21.709824 36.346640
39.935509 21.709824 36.346640
-1.550487 26.488864 30.402020
-7.747845 22.797317 34.865875
41.895555 22.797317 34.865875
-7.694975 21.875559 35.128555
41.948425 21.875559 35.128555
-6.710795 23.369117 34.161235
42.932605 23.369117 34.161235
-4.577246 24.600206 32.675931
-3.576311 25.213493 31.969589
-2.787849 24.712846 31.747758
-5.546905 22.624488 33.767499
-5.506570 21.682308 33.946779
44.136830 21.682308 33.946779
-4.492604 23.237345 33.139450
-3.678328 22.747016 33.004990
10.874387 23.730254 36.346640
2.656915 28.405252 30.402020
8.952567 24.883956 34.865875
9.724397 25.390622 35.128555
7.938848 25.496168 34.161235
5.805920 26.728332 32.675931
4.774330 27.288523 31.969589
4.813672 28.221674 31.747758
8.001771 26.876441 33.767499
8.797555 27.382462 33.946779
6.943871 27.483064 33.139450
6.961370 28.433412 33.004990
-1.536463 26.427600 39.299093
-9.753935 21.752601 45.243713
39.889465 21.752601 45.243713
-3.458283 25.273897 40.779858
-2.686453 24.767231 40.517179
-4.472002 24.661685 41.484498
-6.604930 23.429521 42.969802
43.038470 23.429521 42.969802
-7.636520 22.869330 43.676144
42.006880 22.869330 43.676144
-7.597178 21.936179 43.897976
42.046222 21.936179 43.897976
-4.409079 23.281412 41.878234
-3.613295 22.775391 41.698954
-5.466979 22.674789 42.506283
-5.449480 21.724441 42.640743
44.193920 21.724441 42.640743
2.702959 28.448030 39.299093
10.860363 23.668989 45.243713
4.663005 27.360536 40.779858
4.715875 28.282294 40.517179
5.700055 26.788736 41.484498
7.833604 25.557647 42.969802
8.834539 24.944360 43.676144
9.623001 25.445007 43.897976
6.863945 27.533365 41.878234
6.904280 28.475545 41.698954
7.918246 26.920508 42.506283
8.732522 27.410837 42.640743
-1.166496 31.109262 39.299093
23.715273 -2.429145 45.243713
-1.106427 40.563301 45.243713
-1.204721 33.350458 40.779858
-2.029422 32.935366 40.517179
-1.228054 34.534470 41.484498
23.593026 -5.994723 42.969802
-1.228674 36.997722 42.969802
23.623681 -4.821244 43.676144
-1.198019 38.171201 43.676144
22.795877 -4.388740 43.897976
-2.025823 38.603705 43.897976
-2.454866 35.170113 41.878234
-3.290985 34.733955 41.698954
-2.451267 36.389594 42.506283
21.538658 -6.142832 42.640743
-3.283042 36.849613 42.640743
24.821576 14.330887 -2.174058
24.821576 14.330887 54.560242
26.419845 15.253505 0.406218
26.419845 15.253505 57.140518
-10.863713 6.272168 8.550994
-10.863713 6.272168 65.285294
-35.685413 49.264613 8.550994
-35.685413 49.264613 65.285294
38.779687 6.272168 8.550994
38.779687 6.272168 65.285294
13.957987 49.264613 8.550994
13.957987 49.264613 65.285294
37.232674 7.165336 11.273105
24.821576 14.330887 -0.253035
24.821576 14.330887 56.481265
37.232674 7.165336 9.249393
-1.549619 0.894673 15.960493
-26.371319 43.887118 15.960493
48.093781 0.894673 15.960493
23.272081 43.887118 15.960493
-2.614842 1.509680 17.807762
-27.436542 44.502125 17.807762
47.028558 1.509680 17.807762
22.206858 44.502125 17.807762
-9.607487 5.546885 9.819005
-34.429187 48.539331 9.819005
40.035913 5.546885 9.819005
15.214213 48.539331 9.819005
-10.704730 6.180379 11.607270
-35.526430 49.172825 11.607270
38.938670 6.180379 11.607270
14.116970 49.172825 11.607270
-3.496509 2.018710 14.339027
-28.318209 45.011156 14.339027
46.146891 2.018710 14.339027
21.325191 45.011156 14.339027
-2.751858 1.588786 13.911818
-27.573558 44.581231 13.911818
46.891542 1.588786 13.911818
22.069842 44.581231 13.911818
-3.556826 2.053534 15.677389
-28.378526 45.045980 15.677389
46.086574 2.053534 15.677389
21.264874 45.045980 15.677389
-4.634708 2.675850 16.289552
-29.456408 45.668295 16.289552
45.008692 2.675850 16.289552
20.186992 45.668295 16.289552
-4.694280 2.710244 17.247227
-29.515980 45.702689 17.247227
44.949120 2.710244 17.247227
20.127420 45.702689 17.247227
-6.760686 3.903284 16.167006
-31.582386 46.895730 16.167006
42.882714 3.903284 16.167006
18.061014 46.895730 16.167006
-6.822492 3.938968 17.124114
-31.644192 46.931413 17.124114
42.820908 3.938968 17.124114
17.999208 46.931413 17.124114
-7.700932 4.446279 15.436836
-32.522632 47.438724 15.436836
41.942468 4.446279 15.436836
17.120768 47.438724 15.436836
-8.434290 4.869539 15.889008
-33.255990 47.861985 15.889008
41.209110 4.869539 15.889008
16.387410 47.861985 15.889008
-8.712044 5.029901 13.256537
-33.533744 48.022347 13.256537
40.931356 5.029901 13.256537
16.109656 48.022347 13.256537
-9.444409 5.452732 13.710978
-34.266109 48.445177 13.710978
40.198991 5.452732 13.710978
15.377291 48.445177 13.710978
-8.712789 5.030331 11.842150
-33.534489 48.022777 11.842150
40.930611 5.030331 11.842150
16.108911 48.022777 11.842150
-7.608844 4.392968 11.264028
-32.430544 47.385414 11.264028
42.034556 4.392968 11.264028
17.212856 47.385414 11.264028
-7.550389 4.359219 10.306353
-32.372089 47.351665 10.306353
42.093011 4.359219 10.306353
17.271311 47.351665 10.306353
-5.407283 3.121896 11.346860
-30.228983 46.114342 11.346860
44.236117 3.121896 11.346860
19.414417 46.114342 11.346860
-5.349200 3.088362 10.389185
-30.170900 46.080808 10.389185
44.294200 3.088362 10.389185
19.472500 46.080808 10.389185
-4.460832 2.575462 12.088377
-29.282532 45.567908 12.088377
45.182568 2.575462 12.088377
20.360868 45.567908 12.088377
-3.720649 2.148118 11.651523
-28.542349 45.140563 11.651523
45.922751 2.148118 11.651523
21.101051 45.140563 11.651523
-4.498809 2.597389 13.553257
-29.320509 45.589834 13.553257
45.144591 2.597389 13.553257
20.322891 45.589834 13.553257
-5.587489 3.225938 14.196057
-30.409189 46.218384 14.196057
44.055911 3.225938 14.196057
19.234211 46.218384 14.196057
-5.596052 3.230882 15.528745
-30.417752 46.223328 15.528745
44.047348 3.230882 15.528745
19.225648 46.223328 15.528745
-7.703787 4.447783 14.026988
-32.525487 47.440229 14.026988
41.939613 4.447783 14.026988
17.117913 47.440229 14.026988
-6.644893 3.836431 13.370005
-31.466593 46.828876 13.370005
42.998507 3.836431 13.370005
18.176807 46.828876 13.370005
-6.585321 3.802037 12.015190
-31.407021 46.794482 12.015190
43.058079 3.802037 12.015190
18.236379 46.794482 12.015190
-2.507612 1.447771 16.543722
-27.329312 44.440216 16.543722
47.135788 1.447771 16.543722
22.314088 44.440216 16.543722
-9.763864 5.637169 11.026879
-34.585564 48.629615 11.026879
39.879536 5.637169 11.026879
15.057836 48.629615 11.026879
25.988196 16.778447 1.476226
25.988196 16.778447 58.210526
38.338977 4.736263 7.420846
38.338977 4.736263 64.155146
13.517277 47.728708 7.420846
13.517277 47.728708 64.155146
24.821700 18.425702 2.626798
24.821700 18.425702 59.361098
24.821700 20.769221 4.036078
24.821700 20.769221 60.770378
37.232550 0.610923 4.812771
37.232550 0.610923 61.547071
12.410850 43.603368 4.812771
12.410850 43.603368 61.547071
37.232550 2.927356 6.258928
37.232550 2.927356 62.993228
12.410850 45.919801 6.258928
12.410850 45.919801 62.993228
24.821700 17.107554 1.833085
24.821700 17.107554 58.567385
37.232550 4.227017 7.054910
37.232550 4.227017 63.789210
12.410850 47.219463 7.054910
12.410850 47.219463 63.789210
26.026421 19.019643 2.956992
26.026421 19.019643 59.691292
26.851122 18.604551 2.694312
26.851122 18.604551 59.428612
26.049754 20.203655 3.661632
26.049754 20.203655 60.395932
38.461224 1.170684 5.146936
38.461224 1.170684 61.881236
13.639524 44.163130 5.146936
13.639524 44.163130 61.881236
38.430569 2.344163 5.853278
38.430569 2.344163 62.587578
13.608869 45.336609 5.853278
13.608869 45.336609 62.587578
39.258373 2.776667 6.075109
39.258373 2.776667 62.809409
14.436673 45.769113 6.075109
14.436673 45.769113 62.809409
27.276566 20.839298 4.055368
27.276566 20.839298 60.789668
28.112685 20.403140 3.876087
28.112685 20.403140 60.610387
39.683817 0.562556 4.683416
39.683817 0.562556 61.417716
14.862117 43.555002 4.683416
14.862117 43.555002 61.417716
40.515592 1.022575 4.817877
40.515592 1.022575 61.552177
15.693892 44.015021 4.817877
15.693892 44.015021 61.552177
23.223555 15.253505 0.406218
23.223555 15.253505 57.140518
-12.410850 8.951887 8.550994
-12.410850 8.951887 65.285294
37.232550 8.951887 8.550994
37.232550 8.951887 65.285294
-12.410850 19.706877 15.960493
37.232550 19.706877 15.960493
-12.410850 18.476863 17.807762
37.232550 18.476863 17.807762
-12.410850 10.402452 9.819005
37.232550 10.402452 9.819005
-12.410850 9.135465 11.607270
37.232550 9.135465 11.607270
-12.410850 17.458802 14.339027
37.232550 17.458802 14.339027
-12.410850 18.318651 13.911818
37.232550 18.318651 13.911818
-12.410850 17.389154 15.677389
37.232550 17.389154 15.677389
-12.410850 16.144523 16.289552
37.232550 16.144523 16.289552
-12.410850 16.075735 17.247227
37.232550 16.075735 17.247227
-12.410850 13.689655 16.167006
37.232550 13.689655 16.167006
-12.410850 13.618287 17.124114
37.232550 13.618287 17.124114
-12.410974 12.603880 15.436836
37.232426 12.603880 15.436836
-12.410850 11.757144 15.889008
37.232550 11.757144 15.889008
-12.410850 11.436420 13.256537
37.232550 11.436420 13.256537
-12.410850 10.590759 13.710978
37.232550 10.590759 13.710978
-12.410850 11.435561 11.842150
37.232550 11.435561 11.842150
-12.410850 12.710287 11.264028
37.232550 12.710287 11.264028
-12.410850 12.777785 10.306353
37.232550 12.777785 10.306353
-12.410850 15.252430 11.346860
37.232550 15.252430 11.346860
-12.410850 15.319498 10.389185
37.232550 15.319498 10.389185
-12.410850 16.345298 12.088377
37.232550 16.345298 12.088377
-12.410850 17.199988 11.651523
37.232550 17.199988 11.651523
-12.410850 16.301446 13.553257
37.232550 16.301446 13.553257
-12.410850 15.044346 14.196057
37.232550 15.044346 14.196057
-12.410850 15.034458 15.528745
37.232550 15.034458 15.528745
-12.410850 12.600656 14.026988
37.232550 12.600656 14.026988
-12.410850 13.823361 13.370005
37.232550 13.823361 13.370005
-12.410850 13.892149 12.015190
37.232550 13.892149 12.015190
-12.410850 18.600682 16.543722
37.232550 18.600682 16.543722
-12.410850 10.221884 11.026879
37.232550 10.221884 11.026879
22.118741 14.117214 1.476226
22.118741 14.117214 58.210526
-10.860363 9.338174 7.420846
-10.860363 9.338174 64.155146
38.783037 9.338174 7.420846
38.783037 9.338174 64.155146
21.275424 12.283372 2.626798
21.275424 12.283372 59.361098
19.245877 11.111613 4.036078
19.245877 11.111613 60.770378
-6.734500 10.442650 4.812771
-6.734500 10.442650 61.547071
42.908900 10.442650 4.812771
42.908900 10.442650 61.547071
-8.740589 9.284434 6.258928
-8.740589 9.284434 62.993228
40.902811 9.284434 6.258928
40.902811 9.284434 62.993228
22.416974 12.942446 1.833085
22.416974 12.942446 58.567385
-9.866129 8.634603 7.054910
-9.866129 8.634603 63.789210
39.777271 8.634603 7.054910
39.777271 8.634603 63.789210
20.158695 13.029720 2.956992
20.158695 13.029720 59.691292
20.105825 13.951478 2.694312
20.105825 13.951478 59.428612
19.121645 12.457921 3.661632
19.121645 12.457921 60.395932
-7.833604 11.226832 5.146936
-7.833604 11.226832 61.881236
41.809796 11.226832 5.146936
41.809796 11.226832 61.881236
-8.834539 10.613545 5.853278
-8.834539 10.613545 62.587578
40.808861 10.613545 5.853278
40.808861 10.613545 62.587578
-9.623001 11.114192 6.075109
-9.623001 11.114192 62.809409
40.020399 11.114192 6.075109
40.020399 11.114192 62.809409
17.957755 13.202550 4.055368
17.957755 13.202550 60.789668
17.917420 14.144730 3.876087
17.917420 14.144730 60.610387
-7.918246 12.589693 4.683416
-7.918246 12.589693 61.417716
41.725154 12.589693 4.683416
41.725154 12.589693 61.417716
-8.732522 13.080022 4.817877
-8.732522 13.080022 61.552177
40.910878 13.080022 4.817877
40.910878 13.080022 61.552177
24.821700 12.485436 0.406218
24.821700 12.485436 57.140518
35.685413 6.272168 8.550994
35.685413 6.272168 65.285294
10.863713 49.264613 8.550994
10.863713 49.264613 65.285294
26.371319 0.894673 15.960493
1.549619 43.887118 15.960493
27.436542 1.509680 17.807762
2.614842 44.502125 17.807762
34.429187 5.546885 9.819005
9.607487 48.539331 9.819005
35.526430 6.180379 11.607270
10.704730 49.172825 11.607270
28.318209 2.018710 14.339027
3.496509 45.011156 14.339027
27.573558 1.588786 13.911818
2.751858 44.581231 13.911818
28.378526 2.053534 15.677389
3.556826 45.045980 15.677389
29.456408 2.675850 16.289552
4.634708 45.668295 16.289552
29.515980 2.710244 17.247227
4.694280 45.702689 17.247227
31.582386 3.903284 16.167006
6.760686 46.895730 16.167006
31.644192 3.938968 17.124114
6.822492 46.931413 17.124114
32.522757 4.446064 15.436836
7.701057 47.438509 15.436836
33.255990 4.869539 15.889008
8.434290 47.861985 15.889008
33.533744 5.029901 13.256537
8.712044 48.022347 13.256537
34.266109 5.452732 13.710978
9.444409 48.445177 13.710978
33.534489 5.030331 11.842150
8.712789 48.022777 11.842150
32.430544 4.392968 11.264028
7.608844 47.385414 11.264028
32.372089 4.359219 10.306353
7.550389 47.351665 10.306353
30.228983 3.121896 11.346860
5.407283 46.114342 11.346860
30.170900 3.088362 10.389185
5.349200 46.080808 10.389185
29.282532 2.575462 12.088377
4.460832 45.567908 12.088377
28.542349 2.148118 11.651523
3.720649 45.140563 11.651523
29.320509 2.597389 13.553257
4.498809 45.589834 13.553257
30.409189 3.225938 14.196057
5.587489 46.218384 14.196057
30.417752 3.230882 15.528745
5.596052 46.223328 15.528745
32.525487 4.447783 14.026988
7.703787 47.440229 14.026988
31.466593 3.836431 13.370005
6.644893 46.828876 13.370005
31.407021 3.802037 12.015190
6.585321 46.794482 12.015190
27.329312 1.447771 16.543722
2.507612 44.440216 16.543722
34.585564 5.637169 11.026879
9.763864 48.629615 11.026879
26.358163 12.096784 1.476226
26.358163 12.096784 58.210526
34.575635 7.421786 7.420846
34.575635 7.421786 64.155146
28.367976 12.283372 2.626798
28.367976 12.283372 59.361098
30.397523 11.111613 4.036078
30.397523 11.111613 60.770378
31.556200 10.442650 4.812771
31.556200 10.442650 61.547071
33.562289 9.284434 6.258928
33.562289 9.284434 62.993228
27.226426 12.942446 1.833085
27.226426 12.942446 58.567385
34.687829 8.634603 7.054910
34.687829 8.634603 63.789210
28.279983 10.943082 2.956992
28.279983 10.943082 59.691292
27.508153 10.436416 2.694312
27.508153 10.436416 59.428612
29.293702 10.330870 3.661632
29.293702 10.330870 60.395932
31.426630 9.098706 5.146936
31.426630 9.098706 61.881236
32.458220 8.538515 5.853278
32.458220 8.538515 62.587578
32.418878 7.605364 6.075109
32.418878 7.605364 62.809409
29.230779 8.950597 4.055368
29.230779 8.950597 60.789668
28.434995 8.444576 3.876087
28.434995 8.444576 60.610387
30.288679 8.343974 4.683416
30.288679 8.343974 61.417716
30.271180 7.393626 4.817877
30.271180 7.393626 61.552177
37.232674 7.165336 2.174058
37.232674 7.165336 58.908358
-12.410850 9.010787 -0.406218
-12.410850 9.010787 56.328082
37.232550 9.010787 -0.406218
37.232550 9.010787 56.328082
23.274563 15.224055 -8.550994
23.274563 15.224055 48.183306
24.821576 14.330887 45.461195
37.232674 7.165336 0.253035
37.232674 7.165336 56.987335
24.821576 14.330887 47.484907
13.960469 20.601550 40.773807
15.025692 19.986543 38.926538
22.018337 15.949337 46.915295
23.115580 15.315844 45.127030
15.907359 19.477512 42.395273
15.162708 19.907437 42.822482
15.967676 19.442689 41.056911
17.045558 18.820373 40.444748
17.105130 18.785979 39.487073
19.171536 17.592939 40.567294
19.233342 17.557255 39.610186
20.111907 17.050159 41.297464
20.845140 16.626683 40.845292
21.122894 16.466322 43.477763
21.855259 16.043491 43.023322
21.123639 16.465892 44.892150
20.019694 17.103255 45.470272
19.961239 17.137004 46.427947
17.818133 18.374326 45.387440
17.760050 18.407860 46.345115
16.871682 18.920760 44.645923
16.131499 19.348105 45.082777
16.909659 18.898834 43.181043
17.998339 18.270285 42.538243
18.006902 18.265340 41.205555
20.114637 17.048439 42.707312
19.055743 17.659792 43.364295
18.996171 17.694186 44.719110
14.918462 20.048452 40.190578
22.174714 15.859053 45.707421
-10.874387 9.399438 -1.476226
-10.874387 9.399438 55.258074
38.769013 9.399438 -1.476226
38.769013 9.399438 55.258074
22.164785 14.074437 -7.420846
22.164785 14.074437 49.313454
-8.864574 9.212851 -2.626798
-8.864574 9.212851 54.107502
40.778826 9.212851 -2.626798
40.778826 9.212851 54.107502
-6.835027 10.384610 -4.036078
-6.835027 10.384610 52.698222
42.808373 10.384610 -4.036078
42.808373 10.384610 52.698222
19.145350 11.053573 -4.812771
19.145350 11.053573 51.921529
21.151439 12.211789 -6.258928
21.151439 12.211789 50.475372
-10.006124 8.553777 -1.833085
-10.006124 8.553777 54.901215
39.637276 8.553777 -1.833085
39.637276 8.553777 54.901215
22.276979 12.861620 -7.054910
22.276979 12.861620 49.679390
-8.952567 10.553141 -2.956992
-8.952567 10.553141 53.777308
40.690833 10.553141 -2.956992
40.690833 10.553141 53.777308
-9.724397 11.059807 -2.694312
-9.724397 11.059807 54.039988
39.919003 11.059807 -2.694312
39.919003 11.059807 54.039988
-7.938848 11.165353 -3.661632
-7.938848 11.165353 53.072668
41.704552 11.165353 -3.661632
41.704552 11.165353 53.072668
19.015780 12.397517 -5.146936
19.015780 12.397517 51.587364
20.047370 12.957708 -5.853278
20.047370 12.957708 50.881022
20.008028 13.890859 -6.075109
20.008028 13.890859 50.659191
-8.001771 12.545626 -4.055368
-8.001771 12.545626 52.678932
41.641629 12.545626 -4.055368
41.641629 12.545626 52.678932
-8.797555 13.051647 -3.876087
-8.797555 13.051647 52.858213
40.845845 13.051647 -3.876087
40.845845 13.051647 52.858213
17.877829 13.152249 -4.683416
17.877829 13.152249 52.050884
17.860330 14.102597 -4.817877
17.860330 14.102597 51.916423
35.634405 6.242718 -0.406218
35.634405 6.242718 56.328082
10.812705 49.235164 -0.406218
10.812705 49.235164 56.328082
24.821700 12.544336 -8.550994
24.821700 12.544336 48.183306
24.821700 1.789346 40.773807
0.000000 44.781791 40.773807
24.821700 3.019359 38.926538
0.000000 46.011805 38.926538
24.821700 11.093771 46.915295
24.821700 12.360758 45.127030
24.821700 4.037421 42.395273
0.000000 47.029866 42.395273
24.821700 3.177572 42.822482
0.000000 46.170017 42.822482
24.821700 4.107068 41.056911
0.000000 47.099514 41.056911
24.821700 5.351700 40.444748
0.000000 48.344145 40.444748
24.821700 5.420488 39.487073
0.000000 48.412933 39.487073
24.821700 7.806568 40.567294
24.821700 7.877936 39.610186
24.821576 8.892342 41.297464
24.821700 9.739079 40.845292
24.821700 10.059802 43.477763
24.821700 10.905464 43.023322
24.821700 10.060662 44.892150
24.821700 8.785936 45.470272
24.821700 8.718438 46.427947
24.821700 6.243793 45.387440
0.000000 49.236238 45.387440
24.821700 6.176725 46.345115
0.000000 49.169170 46.345115
24.821700 5.150925 44.645923
0.000000 48.143370 44.645923
24.821700 4.296235 45.082777
0.000000 47.288681 45.082777
24.821700 5.194777 43.181043
0.000000 48.187223 43.181043
24.821700 6.451876 42.538243
0.000000 49.444322 42.538243
24.821700 6.461765 41.205555
0.000000 49.454210 41.205555
24.821700 8.895567 42.707312
24.821700 7.672862 43.364295
24.821700 7.604074 44.719110
24.821700 2.895541 40.190578
0.000000 45.887987 40.190578
24.821700 11.274339 45.707421
34.529591 7.379008 -1.476226
34.529591 7.379008 55.258074
26.372187 12.158049 -7.420846
26.372187 12.158049 49.313454
33.686274 9.212851 -2.626798
33.686274 9.212851 54.107502
31.656727 10.384610 -4.036078
31.656727 10.384610 52.698222
30.498050 11.053573 -4.812771
30.498050 11.053573 51.921529
28.491961 12.211789 -6.258928
28.491961 12.211789 50.475372
34.827824 8.553777 -1.833085
34.827824 8.553777 54.901215
27.366421 12.861620 -7.054910
27.366421 12.861620 49.679390
32.569545 8.466502 -2.956992
32.569545 8.466502 53.777308
32.516675 7.544744 -2.694312
32.516675 7.544744 54.039988
31.532495 9.038302 -3.661632
31.532495 9.038302 53.072668
29.398946 10.269391 -5.146936
29.398946 10.269391 51.587364
28.398011 10.882678 -5.853278
28.398011 10.882678 50.881022
27.609549 10.382031 -6.075109
27.609549 10.382031 50.659191
30.368605 8.293673 -4.055368
30.368605 8.293673 52.678932
30.328270 7.351493 -3.876087
30.328270 7.351493 52.858213
29.314304 8.906530 -4.683416
29.314304 8.906530 52.050884
28.500028 8.416201 -4.817877
28.500028 8.416201 51.916423
-10.812705 6.242718 -0.406218
-10.812705 6.242718 56.328082
-35.634405 49.235164 -0.406218
-35.634405 49.235164 56.328082
38.830695 6.242718 -0.406218
38.830695 6.242718 56.328082
14.008995 49.235164 -0.406218
14.008995 49.235164 56.328082
26.368837 15.224055 -8.550994
26.368837 15.224055 48.183306
-13.960469 20.601550 40.773807
35.682931 20.601550 40.773807
-15.025692 19.986543 38.926538
34.617708 19.986543 38.926538
27.625063 15.949337 46.915295
26.527820 15.315844 45.127030
-15.907359 19.477512 42.395273
33.736041 19.477512 42.395273
-15.162708 19.907437 42.822482
34.480692 19.907437 42.822482
-15.967676 19.442689 41.056911
33.675724 19.442689 41.056911
-17.045558 18.820373 40.444748
32.597842 18.820373 40.444748
-17.105130 18.785979 39.487073
32.538270 18.785979 39.487073
30.471864 17.592939 40.567294
30.410058 17.557255 39.610186
29.531618 17.049944 41.297464
28.798260 16.626683 40.845292
28.520506 16.466322 43.477763
27.788141 16.043491 43.023322
28.519761 16.465892 44.892150
29.623706 17.103255 45.470272
29.682161 17.137004 46.427947
-17.818133 18.374326 45.387440
31.825267 18.374326 45.387440
-17.760050 18.407860 46.345115
31.883350 18.407860 46.345115
-16.871682 18.920760 44.645923
32.771718 18.920760 44.645923
-16.131499 19.348105 45.082777
33.511901 19.348105 45.082777
-16.909659 18.898834 43.181043
32.733741 18.898834 43.181043
-17.998339 18.270285 42.538243
31.645061 18.270285 42.538243
-18.006902 18.265340 41.205555
31.636498 18.265340 41.205555
29.528763 17.048439 42.707312
30.587657 17.659792 43.364295
30.647229 17.694186 44.719110
-14.918462 20.048452 40.190578
34.724938 20.048452 40.190578
27.468686 15.859053 45.707421
38.399046 4.717776 -1.476226
38.399046 4.717776 55.258074
13.577346 47.710222 -1.476226
13.577346 47.710222 55.258074
25.928127 16.759960 -7.420846
25.928127 16.759960 49.313454
37.232550 3.070520 -2.626798
37.232550 3.070520 54.107502
12.410850 46.062966 -2.626798
12.410850 46.062966 54.107502
37.232550 0.727002 -4.036078
37.232550 0.727002 52.698222
12.410850 43.719448 -4.036078
12.410850 43.719448 52.698222
24.821700 20.885300 -4.812771
24.821700 20.885300 51.921529
24.821700 18.568867 -6.258928
24.821700 18.568867 50.475372
37.232550 4.388669 -1.833085
37.232550 4.388669 54.901215
12.410850 47.381114 -1.833085
12.410850 47.381114 54.901215
24.821700 17.269206 -7.054910
24.821700 17.269206 49.679390
38.437271 2.476580 -2.956992
38.437271 2.476580 53.777308
13.615571 45.469025 -2.956992
13.615571 45.469025 53.777308
39.261972 2.891672 -2.694312
39.261972 2.891672 54.039988
14.440272 45.884117 -2.694312
14.440272 45.884117 54.039988
38.460604 1.292568 -3.661632
38.460604 1.292568 53.072668
13.638904 44.285013 -3.661632
13.638904 44.285013 53.072668
26.050374 20.325538 -5.146936
26.050374 20.325538 51.587364
26.019719 19.152060 -5.853278
26.019719 19.152060 50.881022
26.847523 18.719556 -6.075109
26.847523 18.719556 50.659191
39.687416 0.656925 -4.055368
39.687416 0.656925 52.678932
14.865716 43.649370 -4.055368
14.865716 43.649370 52.678932
40.523535 1.093083 -3.876087
40.523535 1.093083 52.858213
15.701835 44.085528 -3.876087
15.701835 44.085528 52.858213
27.272967 20.933667 -4.683416
27.272967 20.933667 52.050884
28.104742 20.473647 -4.817877
28.104742 20.473647 51.916423
36.066054 4.717776 -1.476226
36.066054 4.717776 55.258074
11.244354 47.710222 -1.476226
11.244354 47.710222 55.258074
23.715273 16.759960 -7.420846
23.715273 16.759960 49.313454
36.027829 2.476580 -2.956992
36.027829 2.476580 53.777308
11.206129 45.469025 -2.956992
11.206129 45.469025 53.777308
35.203128 2.891672 -2.694312
35.203128 2.891672 54.039988
10.381428 45.884117 -2.694312
10.381428 45.884117 54.039988
36.004496 1.292568 -3.661632
36.004496 1.292568 53.072668
11.182796 44.285013 -3.661632
11.182796 44.285013 53.072668
23.593026 20.325538 -5.146936
23.593026 20.325538 51.587364
23.623681 19.152060 -5.853278
23.623681 19.152060 50.881022
22.795877 18.719556 -6.075109
22.795877 18.719556 50.659191
34.777684 0.656925 -4.055368
34.777684 0.656925 52.678932
9.955984 43.649370 -4.055368
9.955984 43.649370 52.678932
33.941565 1.093083 -3.876087
33.941565 1.093083 52.858213
9.119865 44.085528 -3.876087
9.119865 44.085528 52.858213
22.370433 20.933667 -4.683416
22.370433 20.933667 52.050884
21.538658 20.473647 -4.817877
21.538658 20.473647 51.916423
-9.707891 7.379008 -1.476226
-9.707891 7.379008 55.258074
39.935509 7.379008 -1.476226
39.935509 7.379008 55.258074
23.271213 12.158049 -7.420846
23.271213 12.158049 49.313454
-7.747845 8.466502 -2.956992
-7.747845 8.466502 53.777308
41.895555 8.466502 -2.956992
41.895555 8.466502 53.777308
-7.694975 7.544744 -2.694312
-7.694975 7.544744 54.039988
41.948425 7.544744 -2.694312
41.948425 7.544744 54.039988
-6.710795 9.038302 -3.661632
-6.710795 9.038302 53.072668
42.932605 9.038302 -3.661632
42.932605 9.038302 53.072668
20.244454 10.269391 -5.146936
20.244454 10.269391 51.587364
21.245389 10.882678 -5.853278
21.245389 10.882678 50.881022
22.033851 10.382031 -6.075109
22.033851 10.382031 50.659191
-5.546905 8.293673 -4.055368
-5.546905 8.293673 52.678932
44.096495 8.293673 -4.055368
44.096495 8.293673 52.678932
-5.506570 7.351493 -3.876087
-5.506570 7.351493 52.858213
44.136830 7.351493 -3.876087
44.136830 7.351493 52.858213
20.329096 8.906530 -4.683416
20.329096 8.906530 52.050884
21.143372 8.416201 -4.817877
21.143372 8.416201 51.916423
35.696087 9.399438 -1.476226
35.696087 9.399438 55.258074
27.478615 14.074437 -7.420846
27.478615 14.074437 49.313454
33.774267 10.553141 -2.956992
33.774267 10.553141 53.777308
34.546097 11.059807 -2.694312
34.546097 11.059807 54.039988
32.760548 11.165353 -3.661632
32.760548 11.165353 53.072668
30.627620 12.397517 -5.146936
30.627620 12.397517 51.587364
29.596030 12.957708 -5.853278
29.596030 12.957708 50.881022
29.635372 13.890859 -6.075109
29.635372 13.890859 50.659191
32.823471 12.545626 -4.055368
32.823471 12.545626 52.678932
33.619255 13.051647 -3.876087
33.619255 13.051647 52.858213
31.765571 13.152249 -4.683416
31.765571 13.152249 52.050884
31.783070 14.102597 -4.817877
31.783070 14.102597 51.916423
23.285237 12.096784 1.476226
23.285237 12.096784 58.210526
-9.753935 7.421786 7.420846
-9.753935 7.421786 64.155146
39.889465 7.421786 7.420846
39.889465 7.421786 64.155146
21.363417 10.943082 2.956992
21.363417 10.943082 59.691292
22.135247 10.436416 2.694312
22.135247 10.436416 59.428612
20.349698 10.330870 3.661632
20.349698 10.330870 60.395932
-6.604930 9.098706 5.146936
-6.604930 9.098706 61.881236
43.038470 9.098706 5.146936
43.038470 9.098706 61.881236
-7.636520 8.538515 5.853278
-7.636520 8.538515 62.587578
42.006880 8.538515 5.853278
42.006880 8.538515 62.587578
-7.597178 7.605364 6.075109
-7.597178 7.605364 62.809409
42.046222 7.605364 6.075109
42.046222 7.605364 62.809409
20.412621 8.950597 4.055368
20.412621 8.950597 60.789668
21.208405 8.444576 3.876087
21.208405 8.444576 60.610387
-5.466979 8.343974 4.683416
-5.466979 8.343974 61.417716
44.176421 8.343974 4.683416
44.176421 8.343974 61.417716
-5.449480 7.393626 4.817877
-5.449480 7.393626 61.552177
44.193920 7.393626 4.817877
44.193920 7.393626 61.552177
27.524659 14.117214 1.476226
27.524659 14.117214 58.210526
35.682063 9.338174 7.420846
35.682063 9.338174 64.155146
29.484705 13.029720 2.956992
29.484705 13.029720 59.691292
29.537575 13.951478 2.694312
29.537575 13.951478 59.428612
30.521755 12.457921 3.661632
30.521755 12.457921 60.395932
32.655304 11.226832 5.146936
32.655304 11.226832 61.881236
33.656239 10.613545 5.853278
33.656239 10.613545 62.587578
34.444701 11.114192 6.075109
34.444701 11.114192 62.809409
31.685645 13.202550 4.055368
31.685645 13.202550 60.789668
31.725980 14.144730 3.876087
31.725980 14.144730 60.610387
32.739946 12.589693 4.683416
32.739946 12.589693 61.417716
33.554222 13.080022 4.817877
33.554222 13.080022 61.552177
23.655204 16.778447 1.476226
23.655204 16.778447 58.210526
36.126123 4.736263 7.420846
36.126123 4.736263 64.155146
11.304423 47.728708 7.420846
11.304423 47.728708 64.155146
23.616979 19.019643 2.956992
23.616979 19.019643 59.691292
22.792278 18.604551 2.694312
22.792278 18.604551 59.428612
23.593646 20.203655 3.661632
23.593646 20.203655 60.395932
36.003876 1.170684 5.146936
36.003876 1.170684 61.881236
11.182176 44.163130 5.146936
11.182176 44.163130 61.881236
36.034531 2.344163 5.853278
36.034531 2.344163 62.587578
11.212831 45.336609 5.853278
11.212831 45.336609 62.587578
35.206727 2.776667 6.075109
35.206727 2.776667 62.809409
10.385027 45.769113 6.075109
10.385027 45.769113 62.809409
22.366834 20.839298 4.055368
22.366834 20.839298 60.789668
21.530715 20.403140 3.876087
21.530715 20.403140 60.610387
34.781283 0.562556 4.683416
34.781283 0.562556 61.417716
9.959583 43.555002 4.683416
9.959583 43.555002 61.417716
33.949508 1.022575 4.817877
33.949508 1.022575 61.552177
9.127808 44.015021 4.817877
9.127808 44.015021 61.552177
26.419845 0.922690 19.317651
1.598145 43.915135 19.317651
26.368837 13.437575 27.462427
24.821824 14.330744 30.184539
24.821824 14.330744 28.160826
35.682931 8.060080 34.871927
34.617708 8.675087 36.719195
27.625063 12.712293 28.730439
26.527820 13.345787 30.518704
33.736041 9.184118 33.250460
34.480692 8.754193 32.823251
33.675724 9.218942 34.588822
32.597842 9.841257 35.200986
32.538270 9.875651 36.158661
30.471864 11.068692 35.078439
30.410058 11.104375 36.035547
29.531618 11.611686 34.348269
28.798260 12.034947 34.800441
28.520506 12.195309 32.167970
27.788141 12.618139 32.622412
28.519761 12.195739 30.753584
29.623706 11.558376 30.175461
29.682161 11.524627 29.217786
31.825267 10.287304 30.258293
31.883350 10.253770 29.300618
32.771718 9.740870 30.999811
33.511901 9.313525 30.562957
32.733741 9.762796 32.464690
31.645061 10.391346 33.107490
31.636498 10.396290 34.440179
29.528763 11.613191 32.938422
30.587657 11.001838 32.281438
30.647229 10.967445 30.926623
34.724938 8.613178 35.455155
27.468686 12.802577 29.938312
25.988196 2.447632 20.387660
1.166496 45.440077 20.387660
25.928127 11.901670 26.332280
24.821700 4.094887 21.538231
0.000000 47.087333 21.538231
24.821700 6.438405 22.947511
0.000000 49.430851 22.947511
24.821700 7.776330 23.724204
24.821700 10.092763 25.170361
24.821700 2.776739 20.744519
0.000000 45.769184 20.744519
24.821700 11.392425 25.966344
26.026421 4.688828 21.868425
1.204721 47.681273 21.868425
26.851122 4.273736 21.605745
2.029422 47.266181 21.605745
26.049754 5.872840 22.573065
1.228054 48.865285 22.573065
26.050374 8.336092 24.058369
26.019719 9.509571 24.764711
26.847523 9.942075 24.986542
27.276566 6.508483 22.966801
28.112685 6.072325 22.787521
3.290985 49.064770 22.787521
27.272967 7.727964 23.594850
28.104742 8.187983 23.729310
-1.598145 0.922690 19.317651
-26.419845 43.915135 19.317651
48.045255 0.922690 19.317651
23.223555 43.915135 19.317651
24.821700 16.117295 27.462427
37.232550 5.376062 34.871927
12.410850 48.368508 34.871927
37.232550 4.146048 36.719195
12.410850 47.138494 36.719195
24.821700 17.567860 28.730439
24.821700 16.300872 30.518704
37.232550 3.127987 33.250460
12.410850 46.120433 33.250460
37.232550 3.987836 32.823251
12.410850 46.980281 32.823251
37.232550 3.058339 34.588822
12.410850 46.050785 34.588822
37.232550 1.813708 35.200986
12.410850 44.806153 35.200986
37.232550 1.744920 36.158661
12.410850 44.737366 36.158661
24.821700 20.855062 35.078439
24.821700 20.783695 36.035547
24.821576 19.769288 34.348269
24.821700 18.922552 34.800441
24.821700 18.601828 32.167970
24.821700 17.756167 32.622412
24.821700 18.600968 30.753584
24.821700 19.875694 30.175461
24.821700 19.943192 29.217786
37.232550 0.921615 30.258293
12.410850 43.914060 30.258293
37.232550 0.988683 29.300618
12.410850 43.981128 29.300618
37.232550 2.014483 30.999811
12.410850 45.006928 30.999811
37.232550 2.869173 30.562957
12.410850 45.861618 30.562957
37.232550 1.970630 32.464690
12.410850 44.963076 32.464690
37.232550 0.713531 33.107490
12.410850 43.705977 33.107490
37.232550 0.703643 34.440179
12.410850 43.696089 34.440179
24.821700 19.766063 32.938422
24.821700 20.988769 32.281438
24.821700 21.057557 30.926623
37.232550 4.269866 35.455155
12.410850 47.262312 35.455155
24.821700 17.387291 29.938312
-15.113809 21.282622 20.387660
34.529591 21.282622 20.387660
26.372187 16.503582 26.332280
-15.957126 19.448779 21.538231
33.686274 19.448779 21.538231
-17.986673 18.277020 22.947511
31.656727 18.277020 22.947511
30.498050 17.608058 23.724204
28.491961 16.449841 25.170361
-14.815576 20.107853 20.744519
34.827824 20.107853 20.744519
27.366421 15.800010 25.966344
-17.073855 20.195128 21.868425
32.569545 20.195128 21.868425
-17.126725 21.116886 21.605745
32.516675 21.116886 21.605745
-18.110905 19.623329 22.573065
31.532495 19.623329 22.573065
29.398946 18.392240 24.058369
28.398011 17.778953 24.764711
27.609549 18.279600 24.986542
30.368605 20.367958 22.966801
-19.315130 21.310137 22.787521
30.328270 21.310137 22.787521
29.314304 19.755100 23.594850
28.500028 20.245429 23.729310
-12.410850 19.650844 19.317651
37.232550 19.650844 19.317651
23.274563 13.437575 27.462427
-10.861231 8.060080 34.871927
38.782169 8.060080 34.871927
-9.796008 8.675087 36.719195
39.847392 8.675087 36.719195
22.018337 12.712293 28.730439
23.115580 13.345787 30.518704
-8.914341 9.184118 33.250460
40.729059 9.184118 33.250460
-9.658992 8.754193 32.823251
39.984408 8.754193 32.823251
-8.854024 9.218942 34.588822
40.789376 9.218942 34.588822
-7.776142 9.841257 35.200986
41.867258 9.841257 35.200986
-7.716570 9.875651 36.158661
41.926830 9.875651 36.158661
19.171536 11.068692 35.078439
19.233342 11.104375 36.035547
20.111907 11.611471 34.348269
20.845140 12.034947 34.800441
21.122894 12.195309 32.167970
21.855259 12.618139 32.622412
21.123639 12.195739 30.753584
20.019694 11.558376 30.175461
19.961239 11.524627 29.217786
-7.003567 10.287304 30.258293
42.639833 10.287304 30.258293
-7.061650 10.253770 29.300618
42.581750 10.253770 29.300618
-7.950018 9.740870 30.999811
41.693382 9.740870 30.999811
-8.690201 9.313525 30.562957
40.953199 9.313525 30.562957
-7.912041 9.762796 32.464690
41.731359 9.762796 32.464690
-6.823361 10.391346 33.107490
42.820039 10.391346 33.107490
-6.814798 10.396290 34.440179
42.828602 10.396290 34.440179
20.114637 11.613191 32.938422
19.055743 11.001838 32.281438
18.996171 10.967445 30.926623
-9.903238 8.613178 35.455155
39.740162 8.613178 35.455155
22.174714 12.802577 29.938312
13.947313 19.262192 20.387660
22.164785 14.587193 26.332280
15.957126 19.448779 21.538231
17.986673 18.277020 22.947511
19.145350 17.608058 23.724204
21.151439 16.449841 25.170361
14.815576 20.107853 20.744519
22.276979 15.800010 25.966344
15.869133 18.108490 21.868425
15.097303 17.601824 21.605745
16.882852 17.496277 22.573065
19.015780 16.264114 24.058369
20.047370 15.703922 24.764711
20.008028 14.770771 24.986542
16.819929 16.116005 22.966801
16.024145 15.609984 22.787521
17.877829 15.509381 23.594850
17.860330 14.559033 23.729310
24.821824 14.330744 21.085492
24.821700 16.176194 18.505216
-1.547137 0.893240 10.360440
-26.368837 43.885685 10.360440
48.096263 0.893240 10.360440
23.274563 43.885685 10.360440
24.821824 14.330744 19.164468
-10.861231 6.270735 2.950940
-10.861231 6.270735 59.685240
-35.682931 49.263180 2.950940
-35.682931 49.263180 59.685240
38.782169 6.270735 2.950940
38.782169 6.270735 59.685240
13.960469 49.263180 2.950940
13.960469 49.263180 59.685240
-9.796008 5.655728 1.103671
-9.796008 5.655728 57.837971
-34.617708 48.648173 1.103671
-34.617708 48.648173 57.837971
39.847392 5.655728 1.103671
39.847392 5.655728 57.837971
15.025692 48.648173 1.103671
15.025692 48.648173 57.837971
-2.803363 1.618522 9.092428
-27.625063 44.610968 9.092428
46.840037 1.618522 9.092428
22.018337 44.610968 9.092428
-1.706120 0.985029 7.304163
-1.706120 0.985029 64.038463
-26.527820 43.977474 7.304163
-26.527820 43.977474 64.038463
47.937280 0.985029 7.304163
47.937280 0.985029 64.038463
23.115580 43.977474 7.304163
23.115580 43.977474 64.038463
-8.914341 5.146697 4.572406
-8.914341 5.146697 61.306706
-33.736041 48.139143 4.572406
-33.736041 48.139143 61.306706
40.729059 5.146697 4.572406
40.729059 5.146697 61.306706
15.907359 48.139143 4.572406
15.907359 48.139143 61.306706
-9.658992 5.576622 4.999616
-9.658992 5.576622 61.733916
-34.480692 48.569067 4.999616
-34.480692 48.569067 61.733916
39.984408 5.576622 4.999616
39.984408 5.576622 61.733916
15.162708 48.569067 4.999616
15.162708 48.569067 61.733916
-8.854024 5.111873 3.234044
-8.854024 5.111873 59.968344
-33.675724 48.104319 3.234044
-33.675724 48.104319 59.968344
40.789376 5.111873 3.234044
40.789376 5.111873 59.968344
15.967676 48.104319 3.234044
15.967676 48.104319 59.968344
-7.776142 4.489558 2.621881
-7.776142 4.489558 59.356181
-32.597842 47.482003 2.621881
-32.597842 47.482003 59.356181
41.867258 4.489558 2.621881
41.867258 4.489558 59.356181
17.045558 47.482003 2.621881
17.045558 47.482003 59.356181
-7.716570 4.455164 1.664206
-7.716570 4.455164 58.398506
-32.538270 47.447609 1.664206
-32.538270 47.447609 58.398506
41.926830 4.455164 1.664206
41.926830 4.455164 58.398506
17.105130 47.447609 1.664206
17.105130 47.447609 58.398506
-5.650164 3.262123 2.744427
-5.650164 3.262123 59.478727
-30.471864 46.254569 2.744427
-30.471864 46.254569 59.478727
43.993236 3.262123 2.744427
43.993236 3.262123 59.478727
19.171536 46.254569 2.744427
19.171536 46.254569 59.478727
-5.588358 3.226440 1.787320
-5.588358 3.226440 58.521620
-30.410058 46.218885 1.787320
-30.410058 46.218885 58.521620
44.055042 3.226440 1.787320
44.055042 3.226440 58.521620
19.233342 46.218885 1.787320
19.233342 46.218885 58.521620
-4.709793 2.719344 3.474598
-4.709793 2.719344 60.208898
-29.531493 45.711789 3.474598
-29.531493 45.711789 60.208898
44.933607 2.719344 3.474598
44.933607 2.719344 60.208898
20.111907 45.711789 3.474598
20.111907 45.711789 60.208898
-3.976560 2.295868 3.022425
-3.976560 2.295868 59.756725
-28.798260 45.288314 3.022425
-28.798260 45.288314 59.756725
45.666840 2.295868 3.022425
45.666840 2.295868 59.756725
20.845140 45.288314 3.022425
20.845140 45.288314 59.756725
-3.698806 2.135506 5.654897
-3.698806 2.135506 62.389197
-28.520506 45.127952 5.654897
-28.520506 45.127952 62.389197
45.944594 2.135506 5.654897
45.944594 2.135506 62.389197
21.122894 45.127952 5.654897
21.122894 45.127952 62.389197
-2.966441 1.712676 5.200455
-2.966441 1.712676 61.934755
-27.788141 44.705121 5.200455
-27.788141 44.705121 61.934755
46.676959 1.712676 5.200455
46.676959 1.712676 61.934755
21.855259 44.705121 5.200455
21.855259 44.705121 61.934755
-3.698061 2.135076 7.069283
-3.698061 2.135076 63.803583
-28.519761 45.127522 7.069283
-28.519761 45.127522 63.803583
45.945339 2.135076 7.069283
45.945339 2.135076 63.803583
21.123639 45.127522 7.069283
21.123639 45.127522 63.803583
-4.802006 2.772440 7.647405
-4.802006 2.772440 64.381705
-29.623706 45.764885 7.647405
-29.623706 45.764885 64.381705
44.841394 2.772440 7.647405
44.841394 2.772440 64.381705
20.019694 45.764885 7.647405
20.019694 45.764885 64.381705
-4.860461 2.806189 8.605080
-29.682161 45.798634 8.605080
44.782939 2.806189 8.605080
19.961239 45.798634 8.605080
-7.003567 4.043511 7.564573
-7.003567 4.043511 64.298873
-31.825267 47.035957 7.564573
-31.825267 47.035957 64.298873
42.639833 4.043511 7.564573
42.639833 4.043511 64.298873
17.818133 47.035957 7.564573
17.818133 47.035957 64.298873
-7.061650 4.077045 8.522248
-7.061650 4.077045 65.256548
-31.883350 47.069491 8.522248
-31.883350 47.069491 65.256548
42.581750 4.077045 8.522248
42.581750 4.077045 65.256548
17.760050 47.069491 8.522248
17.760050 47.069491 65.256548
-7.950018 4.589945 6.823056
-7.950018 4.589945 63.557356
-32.771718 47.582391 6.823056
-32.771718 47.582391 63.557356
41.693382 4.589945 6.823056
41.693382 4.589945 63.557356
16.871682 47.582391 6.823056
16.871682 47.582391 63.557356
-8.690201 5.017290 7.259910
-8.690201 5.017290 63.994210
-33.511901 48.009736 7.259910
-33.511901 48.009736 63.994210
40.953199 5.017290 7.259910
40.953199 5.017290 63.994210
16.131499 48.009736 7.259910
16.131499 48.009736 63.994210
-7.912041 4.568019 5.358176
-7.912041 4.568019 62.092476
-32.733741 47.560465 5.358176
-32.733741 47.560465 62.092476
41.731359 4.568019 5.358176
41.731359 4.568019 62.092476
16.909659 47.560465 5.358176
16.909659 47.560465 62.092476
-6.823361 3.939469 4.715377
-6.823361 3.939469 61.449677
-31.645061 46.931915 4.715377
-31.645061 46.931915 61.449677
42.820039 3.939469 4.715377
42.820039 3.939469 61.449677
17.998339 46.931915 4.715377
17.998339 46.931915 61.449677
-6.814798 3.934525 3.382688
-6.814798 3.934525 60.116988
-31.636498 46.926971 3.382688
-31.636498 46.926971 60.116988
42.828602 3.934525 3.382688
42.828602 3.934525 60.116988
18.006902 46.926971 3.382688
18.006902 46.926971 60.116988
-4.707063 2.717624 4.884445
-4.707063 2.717624 61.618745
-29.528763 45.710070 4.884445
-29.528763 45.710070 61.618745
44.936337 2.717624 4.884445
44.936337 2.717624 61.618745
20.114637 45.710070 4.884445
20.114637 45.710070 61.618745
-5.765957 3.328977 5.541428
-5.765957 3.328977 62.275728
-30.587657 46.321422 5.541428
-30.587657 46.321422 62.275728
43.877443 3.328977 5.541428
43.877443 3.328977 62.275728
19.055743 46.321422 5.541428
19.055743 46.321422 62.275728
-5.825529 3.363371 6.896243
-5.825529 3.363371 63.630543
-30.647229 46.355816 6.896243
-30.647229 46.355816 63.630543
43.817871 3.363371 6.896243
43.817871 3.363371 63.630543
18.996171 46.355816 6.896243
18.996171 46.355816 63.630543
-9.903238 5.717637 2.367711
-9.903238 5.717637 59.102011
-34.724938 48.710083 2.367711
-34.724938 48.710083 59.102011
39.740162 5.717637 2.367711
39.740162 5.717637 59.102011
14.918462 48.710083 2.367711
14.918462 48.710083 59.102011
-2.646986 1.528238 7.884555
-2.646986 1.528238 64.618855
-27.468686 44.520684 7.884555
-27.468686 44.520684 64.618855
46.996414 1.528238 7.884555
46.996414 1.528238 64.618855
22.174714 44.520684 7.884555
22.174714 44.520684 64.618855
26.358163 16.564846 17.435207
-15.067765 21.239844 11.490587
34.575635 21.239844 11.490587
28.367976 16.378259 16.284635
30.397523 17.550018 14.875355
31.556200 18.218980 14.098663
-16.081111 19.377197 12.652505
33.562289 19.377197 12.652505
27.226426 15.719185 17.078348
-14.955571 20.027028 11.856523
34.687829 20.027028 11.856523
28.279983 17.718548 15.954442
27.508153 18.225214 16.217121
29.293702 18.330761 15.249802
-18.216770 19.562924 13.764498
31.426630 19.562924 13.764498
-17.185180 20.123116 13.058156
32.458220 20.123116 13.058156
-17.224522 21.056267 12.836324
32.418878 21.056267 12.836324
29.230779 19.711033 14.856066
28.434995 20.217054 15.035346
30.288679 20.317657 14.228017
-19.372220 21.268005 14.093557
30.271180 21.268005 14.093557
23.223555 13.408126 18.505216
-12.410850 19.709743 10.360440
37.232550 19.709743 10.360440
-12.410850 8.954753 2.950940
-12.410850 8.954753 59.685240
37.232550 8.954753 2.950940
37.232550 8.954753 59.685240
-12.410850 10.184767 1.103671
-12.410850 10.184767 57.837971
37.232550 10.184767 1.103671
37.232550 10.184767 57.837971
-12.410850 18.259178 9.092428
37.232550 18.259178 9.092428
-12.410850 19.526166 7.304163
-12.410850 19.526166 64.038463
37.232550 19.526166 7.304163
37.232550 19.526166 64.038463
-12.410850 11.202828 4.572406
-12.410850 11.202828 61.306706
37.232550 11.202828 4.572406
37.232550 11.202828 61.306706
-12.410850 10.342979 4.999616
-12.410850 10.342979 61.733916
37.232550 10.342979 4.999616
37.232550 10.342979 61.733916
-12.410850 11.272476 3.234044
-12.410850 11.272476 59.968344
37.232550 11.272476 3.234044
37.232550 11.272476 59.968344
-12.410850 12.517107 2.621881
-12.410850 12.517107 59.356181
37.232550 12.517107 2.621881
37.232550 12.517107 59.356181
-12.410850 12.585895 1.664206
-12.410850 12.585895 58.398506
37.232550 12.585895 1.664206
37.232550 12.585895 58.398506
-12.410850 14.971976 2.744427
-12.410850 14.971976 59.478727
37.232550 14.971976 2.744427
37.232550 14.971976 59.478727
-12.410850 15.043343 1.787320
-12.410850 15.043343 58.521620
37.232550 15.043343 1.787320
37.232550 15.043343 58.521620
-12.410974 16.057750 3.474598
-12.410974 16.057750 60.208898
37.232426 16.057750 3.474598
37.232426 16.057750 60.208898
-12.410850 16.904486 3.022425
-12.410850 16.904486 59.756725
37.232550 16.904486 3.022425
37.232550 16.904486 59.756725
-12.410850 17.225210 5.654897
-12.410850 17.225210 62.389197
37.232550 17.225210 5.654897
37.232550 17.225210 62.389197
-12.410850 18.070871 5.200455
-12.410850 18.070871 61.934755
37.232550 18.070871 5.200455
37.232550 18.070871 61.934755
-12.410850 17.226070 7.069283
-12.410850 17.226070 63.803583
37.232550 17.226070 7.069283
37.232550 17.226070 63.803583
-12.410850 15.951344 7.647405
-12.410850 15.951344 64.381705
37.232550 15.951344 7.647405
37.232550 15.951344 64.381705
-12.410850 15.883846 8.605080
37.232550 15.883846 8.605080
-12.410850 13.409200 7.564573
-12.410850 13.409200 64.298873
37.232550 13.409200 7.564573
37.232550 13.409200 64.298873
-12.410850 13.342132 8.522248
-12.410850 13.342132 65.256548
37.232550 13.342132 8.522248
37.232550 13.342132 65.256548
-12.410850 12.316332 6.823056
-12.410850 12.316332 63.557356
37.232550 12.316332 6.823056
37.232550 12.316332 63.557356
-12.410850 11.461643 7.259910
-12.410850 11.461643 63.994210
37.232550 11.461643 7.259910
37.232550 11.461643 63.994210
-12.410850 12.360185 5.358176
-12.410850 12.360185 62.092476
37.232550 12.360185 5.358176
37.232550 12.360185 62.092476
-12.410850 13.617284 4.715377
-12.410850 13.617284 61.449677
37.232550 13.617284 4.715377
37.232550 13.617284 61.449677
-12.410850 13.627172 3.382688
-12.410850 13.627172 60.116988
37.232550 13.627172 3.382688
37.232550 13.627172 60.116988
-12.410850 16.060974 4.884445
-12.410850 16.060974 61.618745
37.232550 16.060974 4.884445
37.232550 16.060974 61.618745
-12.410850 14.838269 5.541428
-12.410850 14.838269 62.275728
37.232550 14.838269 5.541428
37.232550 14.838269 62.275728
-12.410850 14.769481 6.896243
-12.410850 14.769481 63.630543
37.232550 14.769481 6.896243
37.232550 14.769481 63.630543
-12.410850 10.060949 2.367711
-12.410850 10.060949 59.102011
37.232550 10.060949 2.367711
37.232550 10.060949 59.102011
-12.410850 18.439747 7.884555
-12.410850 18.439747 64.618855
37.232550 18.439747 7.884555
37.232550 18.439747 64.618855
22.118741 14.544416 17.435207
13.961337 19.323456 11.490587
21.275424 16.378259 16.284635
19.245877 17.550018 14.875355
18.087200 18.218980 14.098663
16.081111 19.377197 12.652505
22.416974 15.719185 17.078348
14.955571 20.027028 11.856523
20.158695 15.631910 15.954442
20.105825 14.710152 16.217121
19.121645 16.203709 15.249802
16.988096 17.434798 13.764498
15.987161 18.048085 13.058156
15.198699 17.547438 12.836324
17.957755 15.459080 14.856066
17.917420 14.516901 15.035346
16.903454 16.071938 14.228017
16.089178 15.581609 14.093557
26.419845 13.408126 18.505216
26.368837 0.893240 10.360440
1.547137 43.885685 10.360440
35.682931 6.270735 2.950940
35.682931 6.270735 59.685240
10.861231 49.263180 2.950940
10.861231 49.263180 59.685240
34.617708 5.655728 1.103671
34.617708 5.655728 57.837971
9.796008 48.648173 1.103671
9.796008 48.648173 57.837971
27.625063 1.618522 9.092428
2.803363 44.610968 9.092428
26.527820 0.985029 7.304163
26.527820 0.985029 64.038463
1.706120 43.977474 7.304163
1.706120 43.977474 64.038463
33.736041 5.146697 4.572406
33.736041 5.146697 61.306706
8.914341 48.139143 4.572406
8.914341 48.139143 61.306706
34.480692 5.576622 4.999616
34.480692 5.576622 61.733916
9.658992 48.569067 4.999616
9.658992 48.569067 61.733916
33.675724 5.111873 3.234044
33.675724 5.111873 59.968344
8.854024 48.104319 3.234044
8.854024 48.104319 59.968344
32.597842 4.489558 2.621881
32.597842 4.489558 59.356181
7.776142 47.482003 2.621881
7.776142 47.482003 59.356181
32.538270 4.455164 1.664206
32.538270 4.455164 58.398506
7.716570 47.447609 1.664206
7.716570 47.447609 58.398506
30.471864 3.262123 2.744427
30.471864 3.262123 59.478727
5.650164 46.254569 2.744427
5.650164 46.254569 59.478727
30.410058 3.226440 1.787320
30.410058 3.226440 58.521620
5.588358 46.218885 1.787320
5.588358 46.218885 58.521620
29.531618 2.719129 3.474598
29.531618 2.719129 60.208898
4.709918 45.711574 3.474598
4.709918 45.711574 60.208898
28.798260 2.295868 3.022425
28.798260 2.295868 59.756725
3.976560 45.288314 3.022425
3.976560 45.288314 59.756725
28.520506 2.135506 5.654897
28.520506 2.135506 62.389197
3.698806 45.127952 5.654897
3.698806 45.127952 62.389197
27.788141 1.712676 5.200455
27.788141 1.712676 61.934755
2.966441 44.705121 5.200455
2.966441 44.705121 61.934755
28.519761 2.135076 7.069283
28.519761 2.135076 63.803583
3.698061 45.127522 7.069283
3.698061 45.127522 63.803583
29.623706 2.772440 7.647405
29.623706 2.772440 64.381705
4.802006 45.764885 7.647405
4.802006 45.764885 64.381705
29.682161 2.806189 8.605080
4.860461 45.798634 8.605080
31.825267 4.043511 7.564573
31.825267 4.043511 64.298873
7.003567 47.035957 7.564573
7.003567 47.035957 64.298873
31.883350 4.077045 8.522248
31.883350 4.077045 65.256548
7.061650 47.069491 8.522248
7.061650 47.069491 65.256548
32.771718 4.589945 6.823056
32.771718 4.589945 63.557356
7.950018 47.582391 6.823056
7.950018 47.582391 63.557356
33.511901 5.017290 7.259910
33.511901 5.017290 63.994210
8.690201 48.009736 7.259910
8.690201 48.009736 63.994210
32.733741 4.568019 5.358176
32.733741 4.568019 62.092476
7.912041 47.560465 5.358176
7.912041 47.560465 62.092476
31.645061 3.939469 4.715377
31.645061 3.939469 61.449677
6.823361 46.931915 4.715377
6.823361 46.931915 61.449677
31.636498 3.934525 3.382688
31.636498 3.934525 60.116988
6.814798 46.926971 3.382688
6.814798 46.926971 60.116988
29.528763 2.717624 4.884445
29.528763 2.717624 61.618745
4.707063 45.710070 4.884445
4.707063 45.710070 61.618745
30.587657 3.328977 5.541428
30.587657 3.328977 62.275728
5.765957 46.321422 5.541428
5.765957 46.321422 62.275728
30.647229 3.363371 6.896243
30.647229 3.363371 63.630543
5.825529 46.355816 6.896243
5.825529 46.355816 63.630543
34.724938 5.717637 2.367711
34.724938 5.717637 59.102011
9.903238 48.710083 2.367711
9.903238 48.710083 59.102011
27.468686 1.528238 7.884555
27.468686 1.528238 64.618855
2.646986 44.520684 7.884555
2.646986 44.520684 64.618855
25.988196 11.883184 17.435207
25.928127 2.429145 11.490587
1.106427 45.421590 11.490587
24.821700 10.235928 16.284635
24.821700 7.892410 14.875355
24.821700 6.554485 14.098663
24.821700 4.238052 12.652505
0.000000 47.230498 12.652505
24.821700 11.554076 17.078348
24.821700 2.938390 11.856523
0.000000 45.930836 11.856523
26.026421 9.641987 15.954442
26.851122 10.057079 16.217121
26.049754 8.457975 15.249802
26.050374 5.994723 13.764498
1.228674 48.987169 13.764498
26.019719 4.821244 13.058156
1.198019 47.813690 13.058156
26.847523 4.388740 12.836324
2.025823 47.381186 12.836324
27.276566 7.822332 14.856066
28.112685 8.258491 15.035346
27.272967 6.602851 14.228017
28.104742 6.142832 14.093557
3.283042 49.135278 14.093557
23.655204 11.883184 17.435207
23.715273 2.429145 11.490587
-1.106427 45.421590 11.490587
23.616979 9.641987 15.954442
22.792278 10.057079 16.217121
23.593646 8.457975 15.249802
23.593026 5.994723 13.764498
-1.228674 48.987169 13.764498
23.623681 4.821244 13.058156
-1.198019 47.813690 13.058156
22.795877 4.388740 12.836324
-2.025823 47.381186 12.836324
22.366834 7.822332 14.856066
21.530715 8.258491 15.035346
22.370433 6.602851 14.228017
21.538658 6.142832 14.093557
-3.283042 49.135278 14.093557
27.524659 14.544416 17.435207
-13.961337 19.323456 11.490587
35.682063 19.323456 11.490587
29.484705 15.631910 15.954442
29.537575 14.710152 16.217121
30.521755 16.203709 15.249802
-16.988096 17.434798 13.764498
32.655304 17.434798 13.764498
-15.987161 18.048085 13.058156
33.656239 18.048085 13.058156
-15.198699 17.547438 12.836324
34.444701 17.547438 12.836324
31.685645 15.459080 14.856066
31.725980 14.516901 15.035346
32.739946 16.071938 14.228017
-16.089178 15.581609 14.093557
33.554222 15.581609 14.093557
23.285237 16.564846 17.435207
15.067765 21.239844 11.490587
21.363417 17.718548 15.954442
22.135247 18.225214 16.217121
20.349698 18.330761 15.249802
18.216770 19.562924 13.764498
17.185180 20.123116 13.058156
17.224522 21.056267 12.836324
20.412621 19.711033 14.856066
21.208405 20.217054 15.035346
19.354721 20.317657 14.228017
19.372220 21.268005 14.093557
-13.947313 19.262192 20.387660
35.696087 19.262192 20.387660
27.478615 14.587193 26.332280
-15.869133 18.108490 21.868425
33.774267 18.108490 21.868425
-15.097303 17.601824 21.605745
34.546097 17.601824 21.605745
-16.882852 17.496277 22.573065
32.760548 17.496277 22.573065
30.627620 16.264114 24.058369
29.596030 15.703922 24.764711
29.635372 14.770771 24.986542
32.823471 16.116005 22.966801
-16.024145 15.609984 22.787521
33.619255 15.609984 22.787521
31.765571 15.509381 23.594850
31.783070 14.559033 23.729310
15.113809 21.282622 20.387660
23.271213 16.503582 26.332280
17.073855 20.195128 21.868425
17.126725 21.116886 21.605745
18.110905 19.623329 22.573065
20.244454 18.392240 24.058369
21.245389 17.778953 24.764711
22.033851 18.279600 24.986542
19.274795 20.367958 22.966801
19.315130 21.310137 22.787521
20.329096 19.755100 23.594850
21.143372 20.245429 23.729310
23.655204 2.447632 20.387660
-1.166496 45.440077 20.387660
23.715273 11.901670 26.332280
23.616979 4.688828 21.868425
-1.204721 47.681273 21.868425
22.792278 4.273736 21.605745
-2.029422 47.266181 21.605745
23.593646 5.872840 22.573065
-1.228054 48.865285 22.573065
23.593026 8.336092 24.058369
23.623681 9.509571 24.764711
22.795877 9.942075 24.986542
22.366834 6.508483 22.966801
21.530715 6.072325 22.787521
-3.290985 49.064770 22.787521
22.370433 7.727964 23.594850
21.538658 8.187983 23.729310
37.232426 7.165479 35.648808
-10.812705 8.088097 38.229084
38.830695 8.088097 38.229084
13.957987 20.602983 46.373860
37.232426 7.165479 37.569832
23.272081 15.225488 -2.950940
23.272081 15.225488 53.783360
22.206858 15.840495 -1.103671
22.206858 15.840495 55.630629
15.214213 19.877700 47.641872
14.116970 20.511194 -7.304163
14.116970 20.511194 49.430137
21.325191 16.349525 -4.572406
21.325191 16.349525 52.161894
22.069842 15.919601 -4.999616
22.069842 15.919601 51.734684
21.264874 16.384349 -3.234044
21.264874 16.384349 53.500256
20.186992 17.006665 -2.621881
20.186992 17.006665 54.112419
20.127420 17.041059 -1.664206
20.127420 17.041059 55.070094
18.061014 18.234099 -2.744427
18.061014 18.234099 53.989873
17.999208 18.269783 -1.787320
17.999208 18.269783 54.946980
17.120768 18.777094 -3.474598
17.120768 18.777094 53.259702
16.387410 19.200355 -3.022425
16.387410 19.200355 53.711875
16.109656 19.360716 -5.654897
16.109656 19.360716 51.079403
15.377291 19.783547 -5.200455
15.377291 19.783547 51.533845
16.108911 19.361146 -7.069283
16.108911 19.361146 49.665017
17.212856 18.723783 -7.647405
17.212856 18.723783 49.086895
17.271311 18.690034 48.129220
19.414417 17.452712 -7.564573
19.414417 17.452712 49.169727
19.472500 17.419178 -8.522248
19.472500 17.419178 48.212052
20.360868 16.906278 -6.823056
20.360868 16.906278 49.911244
21.101051 16.478933 -7.259910
21.101051 16.478933 49.474390
20.322891 16.928204 -5.358176
20.322891 16.928204 51.376124
19.234211 17.556753 -4.715377
19.234211 17.556753 52.018923
19.225648 17.561697 -3.382688
19.225648 17.561697 53.351612
17.117913 18.778599 -4.884445
17.117913 18.778599 51.849855
18.176807 18.167246 -5.541428
18.176807 18.167246 51.192872
18.236379 18.132852 -6.896243
18.236379 18.132852 49.838057
22.314088 15.778586 -2.367711
22.314088 15.778586 54.366589
15.057836 19.967985 -7.884555
15.057836 19.967985 48.849745
-11.244354 9.613039 39.299093
38.399046 9.613039 39.299093
-11.304423 19.067078 45.243713
38.338977 19.067078 45.243713
-12.410850 11.260295 40.449665
37.232550 11.260295 40.449665
-12.410850 13.603813 41.858945
37.232550 13.603813 41.858945
-12.410850 14.941738 42.635637
37.232550 14.941738 42.635637
-12.410850 17.258171 44.081795
37.232550 17.258171 44.081795
-12.410850 9.942146 39.655952
37.232550 9.942146 39.655952
-12.410850 18.557832 44.877777
37.232550 18.557832 44.877777
-11.206129 11.854235 40.779858
38.437271 11.854235 40.779858
-10.381428 11.439143 40.517179
39.261972 11.439143 40.517179
-11.182796 13.038247 41.484498
38.460604 13.038247 41.484498
-11.182176 15.501499 42.969802
38.461224 15.501499 42.969802
-11.212831 16.674978 43.676144
38.430569 16.674978 43.676144
-10.385027 17.107482 43.897976
39.258373 17.107482 43.897976
-9.955984 13.673891 41.878234
39.687416 13.673891 41.878234
-9.119865 13.237732 41.698954
40.523535 13.237732 41.698954
-9.959583 14.893371 42.506283
39.683817 14.893371 42.506283
-9.127808 15.353390 42.640743
40.515592 15.353390 42.640743
35.634405 8.088097 38.229084
24.821700 1.786479 46.373860
0.000000 44.778925 46.373860
24.821700 12.541470 -2.950940
24.821700 12.541470 53.783360
24.821700 11.311456 -1.103671
24.821700 11.311456 55.630629
24.821700 3.237045 47.641872
0.000000 46.229490 47.641872
24.821700 1.970057 -7.304163
24.821700 1.970057 49.430137
0.000000 44.962503 -7.304163
0.000000 44.962503 49.430137
24.821700 10.293395 -4.572406
24.821700 10.293395 52.161894
24.821700 11.153244 -4.999616
24.821700 11.153244 51.734684
24.821700 10.223747 -3.234044
24.821700 10.223747 53.500256
24.821700 8.979116 -2.621881
24.821700 8.979116 54.112419
24.821700 8.910328 -1.664206
24.821700 8.910328 55.070094
24.821700 6.524247 -2.744427
24.821700 6.524247 53.989873
24.821700 6.452879 -1.787320
24.821700 6.452879 54.946980
0.000000 49.445325 -1.787320
0.000000 49.445325 54.946980
24.821576 5.438473 -3.474598
24.821576 5.438473 53.259702
-0.000124 48.430918 -3.474598
-0.000124 48.430918 53.259702
24.821700 4.591736 -3.022425
24.821700 4.591736 53.711875
0.000000 47.584182 -3.022425
0.000000 47.584182 53.711875
24.821700 4.271013 -5.654897
24.821700 4.271013 51.079403
0.000000 47.263458 -5.654897
0.000000 47.263458 51.079403
24.821700 3.425351 -5.200455
24.821700 3.425351 51.533845
0.000000 46.417797 -5.200455
0.000000 46.417797 51.533845
24.821700 4.270153 -7.069283
24.821700 4.270153 49.665017
0.000000 47.262599 -7.069283
0.000000 47.262599 49.665017
24.821700 5.544879 -7.647405
24.821700 5.544879 49.086895
0.000000 48.537325 -7.647405
0.000000 48.537325 49.086895
24.821700 5.612377 48.129220
0.000000 48.604823 48.129220
24.821700 8.087022 -7.564573
24.821700 8.087022 49.169727
24.821700 8.154091 -8.522248
24.821700 8.154091 48.212052
24.821700 9.179890 -6.823056
24.821700 9.179890 49.911244
24.821700 10.034580 -7.259910
24.821700 10.034580 49.474390
24.821700 9.136038 -5.358176
24.821700 9.136038 51.376124
24.821700 7.878939 -4.715377
24.821700 7.878939 52.018923
24.821700 7.869051 -3.382688
24.821700 7.869051 53.351612
24.821700 5.435248 -4.884445
24.821700 5.435248 51.849855
0.000000 48.427694 -4.884445
0.000000 48.427694 51.849855
24.821700 6.657953 -5.541428
24.821700 6.657953 51.192872
24.821700 6.726741 -6.896243
24.821700 6.726741 49.838057
24.821700 11.435274 -2.367711
24.821700 11.435274 54.366589
24.821700 3.056476 -7.884555
24.821700 3.056476 48.849745
0.000000 46.048922 -7.884555
0.000000 46.048922 48.849745
34.529591 6.951807 39.299093
26.372187 2.172767 45.243713
1.550487 45.165212 45.243713
33.686274 5.117964 40.449665
8.864574 48.110410 40.449665
31.656727 3.946205 41.858945
6.835027 46.938650 41.858945
30.498050 3.277242 42.635637
5.676350 46.269688 42.635637
28.491961 2.119026 44.081795
3.670261 45.111472 44.081795
34.827824 5.777038 39.655952
10.006124 48.769484 39.655952
27.366421 1.469195 44.877777
2.544721 44.461641 44.877777
32.569545 5.864313 40.779858
7.747845 48.856758 40.779858
32.516675 6.786071 40.517179
31.532495 5.292513 41.484498
6.710795 48.284959 41.484498
29.398946 4.061425 42.969802
4.577246 47.053870 42.969802
28.398011 3.448137 43.676144
3.576311 46.440583 43.676144
27.609549 3.948784 43.897976
2.787849 46.941230 43.897976
30.368605 6.037143 41.878234
5.546905 49.029588 41.878234
30.328270 6.979322 41.698954
29.314304 5.424285 42.506283
4.492604 48.416731 42.506283
28.500028 5.914614 42.640743
3.678328 48.907060 42.640743
37.232550 5.320029 38.229084
12.410850 48.312474 38.229084
-13.957987 20.602983 46.373860
35.685413 20.602983 46.373860
26.371319 15.225488 -2.950940
26.371319 15.225488 53.783360
27.436542 15.840495 -1.103671
27.436542 15.840495 55.630629
-15.214213 19.877700 47.641872
34.429187 19.877700 47.641872
-14.116970 20.511194 -7.304163
-14.116970 20.511194 49.430137
35.526430 20.511194 -7.304163
35.526430 20.511194 49.430137
28.318209 16.349525 -4.572406
28.318209 16.349525 52.161894
27.573558 15.919601 -4.999616
27.573558 15.919601 51.734684
28.378526 16.384349 -3.234044
28.378526 16.384349 53.500256
29.456408 17.006665 -2.621881
29.456408 17.006665 54.112419
29.515980 17.041059 -1.664206
29.515980 17.041059 55.070094
31.582386 18.234099 -2.744427
31.582386 18.234099 53.989873
-17.999208 18.269783 -1.787320
-17.999208 18.269783 54.946980
31.644192 18.269783 -1.787320
31.644192 18.269783 54.946980
-17.120643 18.776879 -3.474598
-17.120643 18.776879 53.259702
32.522757 18.776879 -3.474598
32.522757 18.776879 53.259702
-16.387410 19.200355 -3.022425
-16.387410 19.200355 53.711875
33.255990 19.200355 -3.022425
33.255990 19.200355 53.711875
-16.109656 19.360716 -5.654897
-16.109656 19.360716 51.079403
33.533744 19.360716 -5.654897
33.533744 19.360716 51.079403
-15.377291 19.783547 -5.200455
-15.377291 19.783547 51.533845
34.266109 19.783547 -5.200455
34.266109 19.783547 51.533845
-16.108911 19.361146 -7.069283
-16.108911 19.361146 49.665017
33.534489 19.361146 -7.069283
33.534489 19.361146 49.665017
-17.212856 18.723783 -7.647405
-17.212856 18.723783 49.086895
32.430544 18.723783 -7.647405
32.430544 18.723783 49.086895
-17.271311 18.690034 48.129220
32.372089 18.690034 48.129220
30.228983 17.452712 -7.564573
30.228983 17.452712 49.169727
30.170900 17.419178 -8.522248
30.170900 17.419178 48.212052
29.282532 16.906278 -6.823056
29.282532 16.906278 49.911244
28.542349 16.478933 -7.259910
28.542349 16.478933 49.474390
29.320509 16.928204 -5.358176
29.320509 16.928204 51.376124
30.409189 17.556753 -4.715377
30.409189 17.556753 52.018923
30.417752 17.561697 -3.382688
30.417752 17.561697 53.351612
-17.117913 18.778599 -4.884445
-17.117913 18.778599 51.849855
32.525487 18.778599 -4.884445
32.525487 18.778599 51.849855
31.466593 18.167246 -5.541428
31.466593 18.167246 51.192872
31.407021 18.132852 -6.896243
31.407021 18.132852 49.838057
27.329312 15.778586 -2.367711
27.329312 15.778586 54.366589
-15.057836 19.967985 -7.884555
-15.057836 19.967985 48.849745
34.585564 19.967985 -7.884555
34.585564 19.967985 48.849745
38.769013 4.931377 39.299093
13.947313 47.923822 39.299093
-2.656915 0.256378 45.243713
-27.478615 43.248824 45.243713
46.986485 0.256378 45.243713
22.164785 43.248824 45.243713
-8.864574 5.117964 40.449665
-33.686274 48.110410 40.449665
40.778826 5.117964 40.449665
15.957126 48.110410 40.449665
-6.835027 3.946205 41.858945
-31.656727 46.938650 41.858945
42.808373 3.946205 41.858945
17.986673 46.938650 41.858945
-5.676350 3.277242 42.635637
-30.498050 46.269688 42.635637
43.967050 3.277242 42.635637
19.145350 46.269688 42.635637
-3.670261 2.119026 44.081795
-28.491961 45.111472 44.081795
45.973139 2.119026 44.081795
21.151439 45.111472 44.081795
-10.006124 5.777038 39.655952
-34.827824 48.769484 39.655952
39.637276 5.777038 39.655952
14.815576 48.769484 39.655952
-2.544721 1.469195 44.877777
-27.366421 44.461641 44.877777
47.098679 1.469195 44.877777
22.276979 44.461641 44.877777
-8.952567 3.777675 40.779858
-33.774267 46.770120 40.779858
40.690833 3.777675 40.779858
15.869133 46.770120 40.779858
39.919003 3.271009 40.517179
15.097303 46.263454 40.517179
-7.938848 3.165462 41.484498
-32.760548 46.157908 41.484498
41.704552 3.165462 41.484498
16.882852 46.157908 41.484498
-5.805920 1.933299 42.969802
-30.627620 44.925744 42.969802
43.837480 1.933299 42.969802
19.015780 44.925744 42.969802
-4.774330 1.373107 43.676144
-29.596030 44.365553 43.676144
44.869070 1.373107 43.676144
20.047370 44.365553 43.676144
-4.813672 0.439956 43.897976
-29.635372 43.432402 43.897976
44.829728 0.439956 43.897976
20.008028 43.432402 43.897976
-8.001771 1.785190 41.878234
-32.823471 44.777635 41.878234
41.641629 1.785190 41.878234
16.819929 44.777635 41.878234
40.845845 1.279169 41.698954
16.024145 44.271614 41.698954
-6.943871 1.178566 42.506283
-31.765571 44.171012 42.506283
42.699529 1.178566 42.506283
17.877829 44.171012 42.506283
-6.961370 0.228218 42.640743
-31.783070 43.220664 42.640743
42.682030 0.228218 42.640743
17.860330 43.220664 42.640743
24.821700 1.845379 37.416649
0.000000 44.837825 37.416649
35.685413 8.058647 29.271873
37.232426 7.165479 26.549761
37.232426 7.165479 28.573474
26.371319 13.436142 21.862373
27.436542 12.821135 20.015105
34.429187 8.783930 28.003861
35.526430 8.150436 26.215596
28.318209 12.312105 23.483840
27.573558 12.742029 23.911049
28.378526 12.277281 22.145478
29.456408 11.654965 21.533314
29.515980 11.620571 20.575639
31.582386 10.427531 21.655861
31.644192 10.391847 20.698753
32.522757 9.884751 22.386031
33.255990 9.461276 21.933859
33.533744 9.300914 24.566330
34.266109 8.878083 24.111888
33.534489 9.300484 25.980716
32.430544 9.937847 26.558839
32.372089 9.971596 27.516514
30.228983 11.208919 26.476007
30.170900 11.242453 27.433682
29.282532 11.755353 25.734489
28.542349 12.182698 26.171343
29.320509 11.733427 24.269610
30.409189 11.104877 23.626810
30.417752 11.099933 22.294121
32.525487 9.883032 23.795878
31.466593 10.494384 24.452862
31.407021 10.528778 25.807677
27.329312 12.883045 21.279145
34.585564 8.693646 26.795988
26.358163 2.234031 36.346640
1.536463 45.226476 36.346640
34.575635 6.909029 30.402020
28.367976 2.047444 35.196069
3.546276 45.039889 35.196069
30.397523 3.219203 33.786789
5.575823 46.211648 33.786789
31.556200 3.888165 33.010096
6.734500 46.880611 33.010096
33.562289 5.046382 31.563939
8.740589 48.038827 31.563939
27.226426 1.388369 35.989781
2.404726 44.380815 35.989781
34.687829 5.696212 30.767956
9.866129 48.688658 30.767956
28.279983 3.387733 34.865875
3.458283 46.380179 34.865875
27.508153 3.894399 35.128555
2.686453 46.886845 35.128555
29.293702 3.999945 34.161235
4.472002 46.992391 34.161235
31.426630 5.232109 32.675931
6.604930 48.224554 32.675931
32.458220 5.792301 31.969589
7.636520 48.784746 31.969589
32.418878 6.725452 31.747758
29.230779 5.380218 33.767499
4.409079 48.372663 33.767499
28.434995 5.886239 33.946779
3.613295 48.878685 33.946779
30.288679 5.986841 33.139450
5.466979 48.979287 33.139450
30.271180 6.937189 33.004990
-14.008995 20.573533 37.416649
35.634405 20.573533 37.416649
37.232550 5.378928 29.271873
12.410850 48.371374 29.271873
24.821700 16.120161 21.862373
24.821700 17.350175 20.015105
37.232550 3.928363 28.003861
12.410850 46.920809 28.003861
37.232550 5.195350 26.215596
12.410850 48.187796 26.215596
24.821700 18.368236 23.483840
24.821700 17.508387 23.911049
24.821700 18.437883 22.145478
24.821700 19.682515 21.533314
24.821700 19.751303 20.575639
37.232550 0.641161 21.655861
12.410850 43.633606 21.655861
37.232550 0.712528 20.698753
12.410850 43.704974 20.698753
37.232426 1.726935 22.386031
12.410726 44.719380 22.386031
37.232550 2.573671 21.933859
12.410850 45.566117 21.933859
37.232550 2.894395 24.566330
12.410850 45.886840 24.566330
37.232550 3.740056 24.111888
12.410850 46.732502 24.111888
37.232550 2.895255 25.980716
12.410850 45.887700 25.980716
37.232550 1.620529 26.558839
12.410850 44.612974 26.558839
37.232550 1.553030 27.516514
12.410850 44.545476 27.516514
24.821700 20.574608 26.476007
24.821700 20.507540 27.433682
24.821700 19.481740 25.734489
24.821700 18.627050 26.171343
24.821700 19.525592 24.269610
24.821700 20.782691 23.626810
24.821700 20.792580 22.294121
37.232550 1.730159 23.795878
12.410850 44.722605 23.795878
37.232550 0.507454 24.452862
12.410850 43.499900 24.452862
37.232550 0.438666 25.807677
12.410850 43.431112 25.807677
24.821700 17.226356 21.279145
37.232550 4.108931 26.795988
12.410850 47.101377 26.795988
-2.702959 0.213601 36.346640
-27.524659 43.206046 36.346640
46.940441 0.213601 36.346640
22.118741 43.206046 36.346640
38.783037 4.992641 30.402020
13.961337 47.985087 30.402020
-3.546276 2.047444 35.196069
-28.367976 45.039889 35.196069
46.097124 2.047444 35.196069
21.275424 45.039889 35.196069
-5.575823 3.219203 33.786789
-30.397523 46.211648 33.786789
44.067577 3.219203 33.786789
19.245877 46.211648 33.786789
-6.734500 3.888165 33.010096
-31.556200 46.880611 33.010096
42.908900 3.888165 33.010096
18.087200 46.880611 33.010096
-8.740589 5.046382 31.563939
-33.562289 48.038827 31.563939
40.902811 5.046382 31.563939
16.081111 48.038827 31.563939
-2.404726 1.388369 35.989781
-27.226426 44.380815 35.989781
47.238674 1.388369 35.989781
22.416974 44.380815 35.989781
-9.866129 5.696212 30.767956
-34.687829 48.688658 30.767956
39.777271 5.696212 30.767956
14.955571 48.688658 30.767956
-4.663005 1.301095 34.865875
-29.484705 44.293540 34.865875
44.980395 1.301095 34.865875
20.158695 44.293540 34.865875
-4.715875 0.379337 35.128555
-29.537575 43.371782 35.128555
44.927525 0.379337 35.128555
20.105825 43.371782 35.128555
-5.700055 1.872894 34.161235
-30.521755 44.865340 34.161235
43.943345 1.872894 34.161235
19.121645 44.865340 34.161235
-7.833604 3.103983 32.675931
-32.655304 46.096428 32.675931
41.809796 3.103983 32.675931
16.988096 46.096428 32.675931
-8.834539 3.717270 31.969589
-33.656239 46.709716 31.969589
40.808861 3.717270 31.969589
15.987161 46.709716 31.969589
40.020399 3.216623 31.747758
15.198699 46.209069 31.747758
-6.863945 1.128265 33.767499
-31.685645 44.120711 33.767499
42.779455 1.128265 33.767499
17.957755 44.120711 33.767499
-6.904280 0.186086 33.946779
-31.725980 43.178531 33.946779
42.739120 0.186086 33.946779
17.917420 43.178531 33.946779
-7.918246 1.741122 33.139450
-32.739946 44.733568 33.139450
41.725154 1.741122 33.139450
16.903454 44.733568 33.139450
40.910878 1.250794 33.004990
16.089178 44.243239 33.004990
14.008995 20.573533 37.416649
-10.863713 8.058647 29.271873
38.779687 8.058647 29.271873
23.272081 13.436142 21.862373
22.206858 12.821135 20.015105
-9.607487 8.783930 28.003861
40.035913 8.783930 28.003861
-10.704730 8.150436 26.215596
38.938670 8.150436 26.215596
21.325191 12.312105 23.483840
22.069842 12.742029 23.911049
21.264874 12.277281 22.145478
20.186992 11.654965 21.533314
20.127420 11.620571 20.575639
-6.760686 10.427531 21.655861
42.882714 10.427531 21.655861
-6.822492 10.391847 20.698753
42.820908 10.391847 20.698753
-7.700932 9.884536 22.386031
41.942468 9.884536 22.386031
-8.434290 9.461276 21.933859
41.209110 9.461276 21.933859
-8.712044 9.300914 24.566330
40.931356 9.300914 24.566330
-9.444409 8.878083 24.111888
40.198991 8.878083 24.111888
-8.712789 9.300484 25.980716
40.930611 9.300484 25.980716
-7.608844 9.937847 26.558839
42.034556 9.937847 26.558839
-7.550389 9.971596 27.516514
42.093011 9.971596 27.516514
19.414417 11.208919 26.476007
19.472500 11.242453 27.433682
20.360868 11.755353 25.734489
21.101051 12.182698 26.171343
20.322891 11.733427 24.269610
19.234211 11.104877 23.626810
19.225648 11.099933 22.294121
-7.703787 9.883032 23.795878
41.939613 9.883032 23.795878
-6.644893 10.494384 24.452862
42.998507 10.494384 24.452862
-6.585321 10.528778 25.807677
43.058079 10.528778 25.807677
22.314088 12.883045 21.279145
-9.763864 8.693646 26.795988
39.879536 8.693646 26.795988
-11.244354 19.048591 36.346640
38.399046 19.048591 36.346640
-11.304423 9.594552 30.402020
38.338977 9.594552 30.402020
-12.410850 17.401336 35.196069
37.232550 17.401336 35.196069
-12.410850 15.057817 33.786789
37.232550 15.057817 33.786789
-12.410850 13.719893 33.010096
37.232550 13.719893 33.010096
-12.410850 11.403460 31.563939
37.232550 11.403460 31.563939
-12.410850 18.719484 35.989781
37.232550 18.719484 35.989781
-12.410850 10.103798 30.767956
37.232550 10.103798 30.767956
-11.206129 16.807395 34.865875
38.437271 16.807395 34.865875
-10.381428 17.222487 35.128555
39.261972 17.222487 35.128555
-11.182796 15.623383 34.161235
38.460604 15.623383 34.161235
-11.182176 13.160131 32.675931
38.461224 13.160131 32.675931
-11.212831 11.986652 31.969589
38.430569 11.986652 31.969589
-10.385027 11.554148 31.747758
39.258373 11.554148 31.747758
-9.955984 14.987740 33.767499
39.687416 14.987740 33.767499
-9.119865 15.423898 33.946779
40.523535 15.423898 33.946779
-9.959583 13.768259 33.139450
39.683817 13.768259 33.139450
-9.127808 13.308240 33.004990
40.515592 13.308240 33.004990
-13.577346 19.048591 36.346640
36.066054 19.048591 36.346640
36.126123 9.594552 30.402020
-13.615571 16.807395 34.865875
36.027829 16.807395 34.865875
-14.440272 17.222487 35.128555
35.203128 17.222487 35.128555
-13.638904 15.623383 34.161235
36.004496 15.623383 34.161235
-13.639524 13.160131 32.675931
36.003876 13.160131 32.675931
-13.608869 11.986652 31.969589
36.034531 11.986652 31.969589
35.206727 11.554148 31.747758
-14.865716 14.987740 33.767499
34.777684 14.987740 33.767499
-15.701835 15.423898 33.946779
33.941565 15.423898 33.946779
-14.862117 13.768259 33.139450
34.781283 13.768259 33.139450
33.949508 13.308240 33.004990
27.524659 0.213601 36.346640
2.702959 43.206046 36.346640
35.682063 4.992641 30.402020
10.860363 47.985087 30.402020
29.484705 1.301095 34.865875
4.663005 44.293540 34.865875
29.537575 0.379337 35.128555
4.715875 43.371782 35.128555
30.521755 1.872894 34.161235
5.700055 44.865340 34.161235
32.655304 3.103983 32.675931
7.833604 46.096428 32.675931
33.656239 3.717270 31.969589
8.834539 46.709716 31.969589
34.444701 3.216623 31.747758
9.623001 46.209069 31.747758
31.685645 1.128265 33.767499
6.863945 44.120711 33.767499
31.725980 0.186086 33.946779
6.904280 43.178531 33.946779
32.739946 1.741122 33.139450
7.918246 44.733568 33.139450
33.554222 1.250794 33.004990
8.732522 44.243239 33.004990
-1.536463 2.234031 36.346640
-26.358163 45.226476 36.346640
48.106937 2.234031 36.346640
23.285237 45.226476 36.346640
-9.753935 6.909029 30.402020
39.889465 6.909029 30.402020
-3.458283 3.387733 34.865875
-28.279983 46.380179 34.865875
46.185117 3.387733 34.865875
21.363417 46.380179 34.865875
-2.686453 3.894399 35.128555
-27.508153 46.886845 35.128555
46.956947 3.894399 35.128555
22.135247 46.886845 35.128555
-4.472002 3.999945 34.161235
-29.293702 46.992391 34.161235
45.171398 3.999945 34.161235
20.349698 46.992391 34.161235
-6.604930 5.232109 32.675931
-31.426630 48.224554 32.675931
43.038470 5.232109 32.675931
18.216770 48.224554 32.675931
-7.636520 5.792301 31.969589
-32.458220 48.784746 31.969589
42.006880 5.792301 31.969589
17.185180 48.784746 31.969589
-7.597178 6.725452 31.747758
42.046222 6.725452 31.747758
-4.409079 5.380218 33.767499
-29.230779 48.372663 33.767499
45.234321 5.380218 33.767499
20.412621 48.372663 33.767499
-3.613295 5.886239 33.946779
-28.434995 48.878685 33.946779
46.030105 5.886239 33.946779
21.208405 48.878685 33.946779
-5.466979 5.986841 33.139450
-30.288679 48.979287 33.139450
44.176421 5.986841 33.139450
19.354721 48.979287 33.139450
-5.449480 6.937189 33.004990
44.193920 6.937189 33.004990
35.696087 4.931377 39.299093
10.874387 47.923822 39.299093
27.478615 0.256378 45.243713
2.656915 43.248824 45.243713
33.774267 3.777675 40.779858
8.952567 46.770120 40.779858
34.546097 3.271009 40.517179
9.724397 46.263454 40.517179
32.760548 3.165462 41.484498
7.938848 46.157908 41.484498
30.627620 1.933299 42.969802
5.805920 44.925744 42.969802
29.596030 1.373107 43.676144
4.774330 44.365553 43.676144
29.635372 0.439956 43.897976
4.813672 43.432402 43.897976
32.823471 1.785190 41.878234
8.001771 44.777635 41.878234
33.619255 1.279169 41.698954
8.797555 44.271614 41.698954
31.765571 1.178566 42.506283
6.943871 44.171012 42.506283
31.783070 0.228218 42.640743
6.961370 43.220664 42.640743
-9.707891 6.951807 39.299093
39.935509 6.951807 39.299093
-1.550487 2.172767 45.243713
-26.372187 45.165212 45.243713
48.092913 2.172767 45.243713
23.271213 45.165212 45.243713
-7.747845 5.864313 40.779858
-32.569545 48.856758 40.779858
41.895555 5.864313 40.779858
17.073855 48.856758 40.779858
-7.694975 6.786071 40.517179
41.948425 6.786071 40.517179
-6.710795 5.292513 41.484498
-31.532495 48.284959 41.484498
42.932605 5.292513 41.484498
18.110905 48.284959 41.484498
-4.577246 4.061425 42.969802
-29.398946 47.053870 42.969802
45.066154 4.061425 42.969802
20.244454 47.053870 42.969802
-3.576311 3.448137 43.676144
-28.398011 46.440583 43.676144
46.067089 3.448137 43.676144
21.245389 46.440583 43.676144
-2.787849 3.948784 43.897976
-27.609549 46.941230 43.897976
46.855551 3.948784 43.897976
22.033851 46.941230 43.897976
-5.546905 6.037143 41.878234
-30.368605 49.029588 41.878234
44.096495 6.037143 41.878234
19.274795 49.029588 41.878234
-5.506570 6.979322 41.698954
44.136830 6.979322 41.698954
-4.492604 5.424285 42.506283
-29.314304 48.416731 42.506283
45.150796 5.424285 42.506283
20.329096 48.416731 42.506283
-3.678328 5.914614 42.640743
-28.500028 48.907060 42.640743
45.965072 5.914614 42.640743
21.143372 48.907060 42.640743
36.066054 9.613039 39.299093
-13.517277 19.067078 45.243713
36.126123 19.067078 45.243713
-13.615571 11.854235 40.779858
36.027829 11.854235 40.779858
35.203128 11.439143 40.517179
-13.638904 13.038247 41.484498
36.004496 13.038247 41.484498
-13.639524 15.501499 42.969802
36.003876 15.501499 42.969802
-13.608869 16.674978 43.676144
36.034531 16.674978 43.676144
-14.436673 17.107482 43.897976
35.206727 17.107482 43.897976
-14.865716 13.673891 41.878234
34.777684 13.673891 41.878234
33.941565 13.237732 41.698954
-14.862117 14.893371 42.506283
34.781283 14.893371 42.506283
-15.693892 15.353390 42.640743
33.949508 15.353390 42.640743
12.410726 35.827110 -2.174058
12.410726 35.827110 54.560242
38.830695 -6.242718 0.406218
38.830695 -6.242718 57.140518
14.008995 36.749727 0.406218
14.008995 36.749727 57.140518
-23.274563 27.768391 8.550994
-23.274563 27.768391 65.285294
26.368837 27.768391 8.550994
26.368837 27.768391 65.285294
24.821824 28.661559 11.273105
12.410726 35.827110 -0.253035
12.410726 35.827110 56.481265
24.821824 28.661559 9.249393
-13.960469 22.390896 15.960493
35.682931 22.390896 15.960493
-15.025692 23.005902 17.807762
34.617708 23.005902 17.807762
-22.018337 27.043108 9.819005
27.625063 27.043108 9.819005
-23.115580 27.676602 11.607270
26.527820 27.676602 11.607270
-15.907359 23.514933 14.339027
33.736041 23.514933 14.339027
-15.162708 23.085009 13.911818
34.480692 23.085009 13.911818
-15.967676 23.549757 15.677389
33.675724 23.549757 15.677389
-17.045558 24.172073 16.289552
32.597842 24.172073 16.289552
-17.105130 24.206467 17.247227
32.538270 24.206467 17.247227
-19.171536 25.399507 16.167006
30.471864 25.399507 16.167006
-19.233342 25.435191 17.124114
30.410058 25.435191 17.124114
-20.111782 25.942501 15.436836
29.531618 25.942501 15.436836
-20.845140 26.365762 15.889008
28.798260 26.365762 15.889008
-21.122894 26.526124 13.256537
28.520506 26.526124 13.256537
-21.855259 26.948955 13.710978
27.788141 26.948955 13.710978
-21.123639 26.526554 11.842150
28.519761 26.526554 11.842150
-20.019694 25.889191 11.264028
29.623706 25.889191 11.264028
-19.961239 25.855442 10.306353
29.682161 25.855442 10.306353
-17.818133 24.618119 11.346860
31.825267 24.618119 11.346860
-17.760050 24.584585 10.389185
31.883350 24.584585 10.389185
-16.871682 24.071685 12.088377
32.771718 24.071685 12.088377
-16.131499 23.644340 11.651523
33.511901 23.644340 11.651523
-16.909659 24.093611 13.553257
32.733741 24.093611 13.553257
-17.998339 24.722161 14.196057
31.645061 24.722161 14.196057
-18.006902 24.727105 15.528745
31.636498 24.727105 15.528745
-20.114637 25.944006 14.026988
29.528763 25.944006 14.026988
-19.055743 25.332654 13.370005
30.587657 25.332654 13.370005
-18.996171 25.298260 12.015190
30.647229 25.298260 12.015190
-14.918462 22.943993 16.543722
34.724938 22.943993 16.543722
-22.174714 27.133392 11.026879
27.468686 27.133392 11.026879
38.399046 -4.717776 1.476226
38.399046 -4.717776 58.210526
13.577346 38.274670 1.476226
13.577346 38.274670 58.210526
25.928127 26.232486 7.420846
25.928127 26.232486 64.155146
37.232550 -3.070520 2.626798
37.232550 -3.070520 59.361098
12.410850 39.921925 2.626798
12.410850 39.921925 59.361098
37.232550 -0.727002 4.036078
37.232550 -0.727002 60.770378
12.410850 42.265443 4.036078
12.410850 42.265443 60.770378
24.821700 22.107145 4.812771
24.821700 22.107145 61.547071
24.821700 24.423578 6.258928
24.821700 24.423578 62.993228
37.232550 -4.388669 1.833085
37.232550 -4.388669 58.567385
12.410850 38.603777 1.833085
12.410850 38.603777 58.567385
24.821700 25.723240 7.054910
24.821700 25.723240 63.789210
38.437271 -2.476580 2.956992
38.437271 -2.476580 59.691292
13.615571 40.515866 2.956992
13.615571 40.515866 59.691292
39.261972 -2.891672 2.694312
39.261972 -2.891672 59.428612
14.440272 40.100774 2.694312
14.440272 40.100774 59.428612
38.460604 -1.292568 3.661632
38.460604 -1.292568 60.395932
13.638904 41.699878 3.661632
13.638904 41.699878 60.395932
26.050374 22.666907 5.146936
26.050374 22.666907 61.881236
26.019719 23.840386 5.853278
26.019719 23.840386 62.587578
26.847523 24.272890 6.075109
26.847523 24.272890 62.809409
39.687416 -0.656925 4.055368
39.687416 -0.656925 60.789668
14.865716 42.335521 4.055368
14.865716 42.335521 60.789668
40.523535 -1.093083 3.876087
40.523535 -1.093083 60.610387
15.701835 41.899363 3.876087
15.701835 41.899363 60.610387
27.272967 22.058779 4.683416
27.272967 22.058779 61.417716
28.104742 22.518798 4.817877
28.104742 22.518798 61.552177
35.634405 -6.242718 0.406218
35.634405 -6.242718 57.140518
10.812705 36.749727 0.406218
10.812705 36.749727 57.140518
-24.821700 30.448110 8.550994
-24.821700 30.448110 65.285294
24.821700 30.448110 8.550994
24.821700 30.448110 65.285294
-0.000000 -1.789346 15.960493
-24.821700 41.203100 15.960493
49.643400 -1.789346 15.960493
24.821700 41.203100 15.960493
0.000000 -3.019359 17.807762
-24.821700 39.973086 17.807762
49.643400 -3.019359 17.807762
24.821700 39.973086 17.807762
-24.821700 31.898675 9.819005
24.821700 31.898675 9.819005
-24.821700 30.631688 11.607270
24.821700 30.631688 11.607270
-0.000000 -4.037421 14.339027
-24.821700 38.955025 14.339027
49.643400 -4.037421 14.339027
24.821700 38.955025 14.339027
-0.000000 -3.177572 13.911818
-24.821700 39.814874 13.911818
49.643400 -3.177572 13.911818
24.821700 39.814874 13.911818
-0.000000 -4.107068 15.677389
-24.821700 38.885377 15.677389
49.643400 -4.107068 15.677389
24.821700 38.885377 15.677389
-0.000000 -5.351700 16.289552
-24.821700 37.640746 16.289552
49.643400 -5.351700 16.289552
24.821700 37.640746 16.289552
-0.000000 -5.420488 17.247227
-24.821700 37.571958 17.247227
49.643400 -5.420488 17.247227
24.821700 37.571958 17.247227
-24.821700 35.185877 16.167006
24.821700 35.185877 16.167006
-24.821700 35.114510 17.124114
24.821700 35.114510 17.124114
-24.821824 34.100103 15.436836
24.821576 34.100103 15.436836
-24.821700 33.253367 15.889008
24.821700 33.253367 15.889008
-24.821700 32.932643 13.256537
24.821700 32.932643 13.256537
-24.821700 32.086982 13.710978
24.821700 32.086982 13.710978
-24.821700 32.931783 11.842150
24.821700 32.931783 11.842150
-24.821700 34.206509 11.264028
24.821700 34.206509 11.264028
-24.821700 34.274008 10.306353
24.821700 34.274008 10.306353
-0.000000 -6.243793 11.346860
-24.821700 36.748653 11.346860
49.643400 -6.243793 11.346860
24.821700 36.748653 11.346860
-0.000000 -6.176725 10.389185
-24.821700 36.815721 10.389185
49.643400 -6.176725 10.389185
24.821700 36.815721 10.389185
-0.000000 -5.150925 12.088377
-24.821700 37.841521 12.088377
49.643400 -5.150925 12.088377
24.821700 37.841521 12.088377
-0.000000 -4.296235 11.651523
-24.821700 38.696210 11.651523
49.643400 -4.296235 11.651523
24.821700 38.696210 11.651523
0.000000 -5.194777 13.553257
-24.821700 37.797668 13.553257
49.643400 -5.194777 13.553257
24.821700 37.797668 13.553257
0.000000 -6.451876 14.196057
-24.821700 36.540569 14.196057
49.643400 -6.451876 14.196057
24.821700 36.540569 14.196057
-0.000000 -6.461765 15.528745
-24.821700 36.530681 15.528745
49.643400 -6.461765 15.528745
24.821700 36.530681 15.528745
-24.821700 34.096879 14.026988
24.821700 34.096879 14.026988
-24.821700 35.319584 13.370005
24.821700 35.319584 13.370005
-24.821700 35.388372 12.015190
24.821700 35.388372 12.015190
0.000000 -2.895541 16.543722
-24.821700 40.096904 16.543722
49.643400 -2.895541 16.543722
24.821700 40.096904 16.543722
-24.821700 31.718107 11.026879
24.821700 31.718107 11.026879
9.707891 35.613437 1.476226
9.707891 35.613437 58.210526
-23.271213 30.834397 7.420846
-23.271213 30.834397 64.155146
26.372187 30.834397 7.420846
26.372187 30.834397 64.155146
8.864574 33.779594 2.626798
8.864574 33.779594 59.361098
6.835027 32.607835 4.036078
6.835027 32.607835 60.770378
-19.145350 31.938873 4.812771
-19.145350 31.938873 61.547071
30.498050 31.938873 4.812771
30.498050 31.938873 61.547071
-21.151439 30.780656 6.258928
-21.151439 30.780656 62.993228
28.491961 30.780656 6.258928
28.491961 30.780656 62.993228
10.006124 34.438669 1.833085
10.006124 34.438669 58.567385
-22.276979 30.130826 7.054910
-22.276979 30.130826 63.789210
27.366421 30.130826 7.054910
27.366421 30.130826 63.789210
7.747845 34.525943 2.956992
7.747845 34.525943 59.691292
7.694975 35.447701 2.694312
7.694975 35.447701 59.428612
6.710795 33.954144 3.661632
6.710795 33.954144 60.395932
-20.244454 32.723055 5.146936
-20.244454 32.723055 61.881236
29.398946 32.723055 5.146936
29.398946 32.723055 61.881236
-21.245389 32.109768 5.853278
-21.245389 32.109768 62.587578
28.398011 32.109768 5.853278
28.398011 32.109768 62.587578
-22.033851 32.610415 6.075109
-22.033851 32.610415 62.809409
27.609549 32.610415 6.075109
27.609549 32.610415 62.809409
5.546905 34.698773 4.055368
5.546905 34.698773 60.789668
5.506570 35.640952 3.876087
5.506570 35.640952 60.610387
-20.329096 34.085916 4.683416
-20.329096 34.085916 61.417716
29.314304 34.085916 4.683416
29.314304 34.085916 61.417716
-21.143372 34.576244 4.817877
-21.143372 34.576244 61.552177
28.500028 34.576244 4.817877
28.500028 34.576244 61.552177
12.410850 33.981659 0.406218
12.410850 33.981659 57.140518
23.274563 27.768391 8.550994
23.274563 27.768391 65.285294
13.960469 22.390896 15.960493
15.025692 23.005902 17.807762
22.018337 27.043108 9.819005
23.115580 27.676602 11.607270
15.907359 23.514933 14.339027
15.162708 23.085009 13.911818
15.967676 23.549757 15.677389
17.045558 24.172073 16.289552
17.105130 24.206467 17.247227
19.171536 25.399507 16.167006
19.233342 25.435191 17.124114
20.111907 25.942287 15.436836
20.845140 26.365762 15.889008
21.122894 26.526124 13.256537
21.855259 26.948955 13.710978
21.123639 26.526554 11.842150
20.019694 25.889191 11.264028
19.961239 25.855442 10.306353
17.818133 24.618119 11.346860
17.760050 24.584585 10.389185
16.871682 24.071685 12.088377
16.131499 23.644340 11.651523
16.909659 24.093611 13.553257
17.998339 24.722161 14.196057
18.006902 24.727105 15.528745
20.114637 25.944006 14.026988
19.055743 25.332654 13.370005
18.996171 25.298260 12.015190
14.918462 22.943993 16.543722
22.174714 27.133392 11.026879
13.947313 33.593007 1.476226
13.947313 33.593007 58.210526
22.164785 28.918009 7.420846
22.164785 28.918009 64.155146
15.957126 33.779594 2.626798
15.957126 33.779594 59.361098
17.986673 32.607835 4.036078
17.986673 32.607835 60.770378
19.145350 31.938873 4.812771
19.145350 31.938873 61.547071
21.151439 30.780656 6.258928
21.151439 30.780656 62.993228
14.815576 34.438669 1.833085
14.815576 34.438669 58.567385
22.276979 30.130826 7.054910
22.276979 30.130826 63.789210
15.869133 32.439305 2.956992
15.869133 32.439305 59.691292
15.097303 31.932639 2.694312
15.097303 31.932639 59.428612
16.882852 31.827092 3.661632
16.882852 31.827092 60.395932
19.015780 30.594929 5.146936
19.015780 30.594929 61.881236
20.047370 30.034737 5.853278
20.047370 30.034737 62.587578
20.008028 29.101586 6.075109
20.008028 29.101586 62.809409
16.819929 30.446820 4.055368
16.819929 30.446820 60.789668
16.024145 29.940799 3.876087
16.024145 29.940799 60.610387
17.877829 29.840197 4.683416
17.877829 29.840197 61.417716
17.860330 28.889849 4.817877
17.860330 28.889849 61.552177
24.821824 28.661559 2.174058
24.821824 28.661559 58.908358
-24.821700 30.507009 -0.406218
-24.821700 30.507009 56.328082
24.821700 30.507009 -0.406218
24.821700 30.507009 56.328082
35.685413 -6.272168 -8.550994
35.685413 -6.272168 48.183306
10.863713 36.720278 -8.550994
10.863713 36.720278 48.183306
12.410726 35.827110 45.461195
24.821824 28.661559 0.253035
24.821824 28.661559 56.987335
12.410726 35.827110 47.484907
26.371319 -0.894673 40.773807
1.549619 42.097773 40.773807
27.436542 -1.509680 38.926538
2.614842 41.482766 38.926538
34.429187 -5.546885 46.915295
9.607487 37.445560 46.915295
35.526430 -6.180379 45.127030
10.704730 36.812067 45.127030
28.318209 -2.018710 42.395273
3.496509 40.973735 42.395273
27.573558 -1.588786 42.822482
2.751858 41.403660 42.822482
28.378526 -2.053534 41.056911
3.556826 40.938911 41.056911
29.456408 -2.675850 40.444748
4.634708 40.316596 40.444748
29.515980 -2.710244 39.487073
4.694280 40.282202 39.487073
31.582386 -3.903284 40.567294
6.760686 39.089161 40.567294
31.644192 -3.938968 39.610186
6.822492 39.053478 39.610186
32.522757 -4.446064 41.297464
7.701057 38.546382 41.297464
33.255990 -4.869539 40.845292
8.434290 38.122906 40.845292
33.533744 -5.029901 43.477763
8.712044 37.962544 43.477763
34.266109 -5.452732 43.023322
9.444409 37.539714 43.023322
33.534489 -5.030331 44.892150
8.712789 37.962114 44.892150
32.430544 -4.392968 45.470272
7.608844 38.599477 45.470272
32.372089 -4.359219 46.427947
7.550389 38.633227 46.427947
30.228983 -3.121896 45.387440
5.407283 39.870549 45.387440
30.170900 -3.088362 46.345115
5.349200 39.904083 46.345115
29.282532 -2.575462 44.645923
4.460832 40.416983 44.645923
28.542349 -2.148118 45.082777
3.720649 40.844328 45.082777
29.320509 -2.597389 43.181043
4.498809 40.395057 43.181043
30.409189 -3.225938 42.538243
5.587489 39.766507 42.538243
30.417752 -3.230882 41.205555
5.596052 39.761563 41.205555
32.525487 -4.447783 42.707312
7.703787 38.544662 42.707312
31.466593 -3.836431 43.364295
6.644893 39.156015 43.364295
31.407021 -3.802037 44.719110
6.585321 39.190409 44.719110
27.329312 -1.447771 40.190578
2.507612 41.544675 40.190578
34.585564 -5.637169 45.707421
9.763864 37.355276 45.707421
-23.285237 30.895661 -1.476226
-23.285237 30.895661 55.258074
26.358163 30.895661 -1.476226
26.358163 30.895661 55.258074
9.753935 35.570660 -7.420846
9.753935 35.570660 49.313454
-21.275424 30.709074 -2.626798
-21.275424 30.709074 54.107502
28.367976 30.709074 -2.626798
28.367976 30.709074 54.107502
-19.245877 31.880833 -4.036078
-19.245877 31.880833 52.698222
30.397523 31.880833 -4.036078
30.397523 31.880833 52.698222
6.734500 32.549795 -4.812771
6.734500 32.549795 51.921529
8.740589 33.708012 -6.258928
8.740589 33.708012 50.475372
-22.416974 30.050000 -1.833085
-22.416974 30.050000 54.901215
27.226426 30.050000 -1.833085
27.226426 30.050000 54.901215
9.866129 34.357843 -7.054910
9.866129 34.357843 49.679390
-21.363417 32.049363 -2.956992
-21.363417 32.049363 53.777308
28.279983 32.049363 -2.956992
28.279983 32.049363 53.777308
-22.135247 32.556029 -2.694312
-22.135247 32.556029 54.039988
27.508153 32.556029 -2.694312
27.508153 32.556029 54.039988
-20.349698 32.661576 -3.661632
-20.349698 32.661576 53.072668
29.293702 32.661576 -3.661632
29.293702 32.661576 53.072668
6.604930 33.893739 -5.146936
6.604930 33.893739 51.587364
7.636520 34.453931 -5.853278
7.636520 34.453931 50.881022
7.597178 35.387082 -6.075109
7.597178 35.387082 50.659191
-20.412621 34.041848 -4.055368
-20.412621 34.041848 52.678932
29.230779 34.041848 -4.055368
29.230779 34.041848 52.678932
-21.208405 34.547869 -3.876087
-21.208405 34.547869 52.858213
28.434995 34.547869 -3.876087
28.434995 34.547869 52.858213
5.466979 34.648472 -4.683416
5.466979 34.648472 52.050884
5.449480 35.598820 -4.817877
5.449480 35.598820 51.916423
23.223555 27.738941 -0.406218
23.223555 27.738941 56.328082
12.410850 34.040559 -8.550994
12.410850 34.040559 48.183306
12.410850 23.285568 40.773807
12.410850 24.515582 38.926538
12.410850 32.589993 46.915295
12.410850 33.856981 45.127030
12.410850 25.533643 42.395273
12.410850 24.673794 42.822482
12.410850 25.603291 41.056911
12.410850 26.847922 40.444748
12.410850 26.916710 39.487073
12.410850 29.302791 40.567294
12.410850 29.374158 39.610186
12.410726 30.388565 41.297464
12.410850 31.235301 40.845292
12.410850 31.556025 43.477763
12.410850 32.401686 43.023322
12.410850 31.556885 44.892150
12.410850 30.282159 45.470272
12.410850 30.214661 46.427947
12.410850 27.740016 45.387440
12.410850 27.672947 46.345115
12.410850 26.647148 44.645923
12.410850 25.792458 45.082777
12.410850 26.691000 43.181043
12.410850 27.948099 42.538243
12.410850 27.957987 41.205555
12.410850 30.391790 42.707312
12.410850 29.169085 43.364295
12.410850 29.100297 44.719110
12.410850 24.391764 40.190578
12.410850 32.770562 45.707421
22.118741 28.875231 -1.476226
22.118741 28.875231 55.258074
13.961337 33.654271 -7.420846
13.961337 33.654271 49.313454
21.275424 30.709074 -2.626798
21.275424 30.709074 54.107502
19.245877 31.880833 -4.036078
19.245877 31.880833 52.698222
18.087200 32.549795 -4.812771
18.087200 32.549795 51.921529
16.081111 33.708012 -6.258928
16.081111 33.708012 50.475372
22.416974 30.050000 -1.833085
22.416974 30.050000 54.901215
14.955571 34.357843 -7.054910
14.955571 34.357843 49.679390
20.158695 29.962725 -2.956992
20.158695 29.962725 53.777308
20.105825 29.040967 -2.694312
20.105825 29.040967 54.039988
19.121645 30.534525 -3.661632
19.121645 30.534525 53.072668
16.988096 31.765613 -5.146936
16.988096 31.765613 51.587364
15.987161 32.378901 -5.853278
15.987161 32.378901 50.881022
15.198699 31.878253 -6.075109
15.198699 31.878253 50.659191
17.957755 29.789895 -4.055368
17.957755 29.789895 52.678932
17.917420 28.847716 -3.876087
17.917420 28.847716 52.858213
16.903454 30.402753 -4.683416
16.903454 30.402753 52.050884
16.089178 29.912424 -4.817877
16.089178 29.912424 51.916423
-23.223555 27.738941 -0.406218
-23.223555 27.738941 56.328082
26.419845 27.738941 -0.406218
26.419845 27.738941 56.328082
38.779687 -6.272168 -8.550994
38.779687 -6.272168 48.183306
13.957987 36.720278 -8.550994
13.957987 36.720278 48.183306
-1.549619 -0.894673 40.773807
-26.371319 42.097773 40.773807
48.093781 -0.894673 40.773807
23.272081 42.097773 40.773807
-2.614842 -1.509680 38.926538
-27.436542 41.482766 38.926538
47.028558 -1.509680 38.926538
22.206858 41.482766 38.926538
40.035913 -5.546885 46.915295
15.214213 37.445560 46.915295
38.938670 -6.180379 45.127030
14.116970 36.812067 45.127030
-3.496509 -2.018710 42.395273
-28.318209 40.973735 42.395273
46.146891 -2.018710 42.395273
21.325191 40.973735 42.395273
-2.751858 -1.588786 42.822482
-27.573558 41.403660 42.822482
46.891542 -1.588786 42.822482
22.069842 41.403660 42.822482
-3.556826 -2.053534 41.056911
-28.378526 40.938911 41.056911
46.086574 -2.053534 41.056911
21.264874 40.938911 41.056911
-4.634708 -2.675850 40.444748
-29.456408 40.316596 40.444748
45.008692 -2.675850 40.444748
20.186992 40.316596 40.444748
-4.694280 -2.710244 39.487073
-29.515980 40.282202 39.487073
44.949120 -2.710244 39.487073
20.127420 40.282202 39.487073
42.882714 -3.903284 40.567294
18.061014 39.089161 40.567294
42.820908 -3.938968 39.610186
17.999208 39.053478 39.610186
41.942468 -4.446279 41.297464
17.120768 38.546167 41.297464
41.209110 -4.869539 40.845292
16.387410 38.122906 40.845292
40.931356 -5.029901 43.477763
16.109656 37.962544 43.477763
40.198991 -5.452732 43.023322
15.377291 37.539714 43.023322
40.930611 -5.030331 44.892150
16.108911 37.962114 44.892150
42.034556 -4.392968 45.470272
17.212856 38.599477 45.470272
42.093011 -4.359219 46.427947
17.271311 38.633227 46.427947
-5.407283 -3.121896 45.387440
-30.228983 39.870549 45.387440
44.236117 -3.121896 45.387440
19.414417 39.870549 45.387440
-5.349200 -3.088362 46.345115
-30.170900 39.904083 46.345115
44.294200 -3.088362 46.345115
19.472500 39.904083 46.345115
-4.460832 -2.575462 44.645923
-29.282532 40.416983 44.645923
45.182568 -2.575462 44.645923
20.360868 40.416983 44.645923
-3.720649 -2.148118 45.082777
-28.542349 40.844328 45.082777
45.922751 -2.148118 45.082777
21.101051 40.844328 45.082777
-4.498809 -2.597389 43.181043
-29.320509 40.395057 43.181043
45.144591 -2.597389 43.181043
20.322891 40.395057 43.181043
-5.587489 -3.225938 42.538243
-30.409189 39.766507 42.538243
44.055911 -3.225938 42.538243
19.234211 39.766507 42.538243
-5.596052 -3.230882 41.205555
-30.417752 39.761563 41.205555
44.047348 -3.230882 41.205555
19.225648 39.761563 41.205555
41.939613 -4.447783 42.707312
17.117913 38.544662 42.707312
42.998507 -3.836431 43.364295
18.176807 39.156015 43.364295
43.058079 -3.802037 44.719110
18.236379 39.190409 44.719110
-2.507612 -1.447771 40.190578
-27.329312 41.544675 40.190578
47.135788 -1.447771 40.190578
22.314088 41.544675 40.190578
39.879536 -5.637169 45.707421
15.057836 37.355276 45.707421
25.988196 26.213999 -1.476226
25.988196 26.213999 55.258074
38.338977 -4.736263 -7.420846
38.338977 -4.736263 49.313454
13.517277 38.256183 -7.420846
13.517277 38.256183 49.313454
24.821700 24.566743 -2.626798
24.821700 24.566743 54.107502
24.821700 22.223225 -4.036078
24.821700 22.223225 52.698222
37.232550 -0.610923 -4.812771
37.232550 -0.610923 51.921529
12.410850 42.381523 -4.812771
12.410850 42.381523 51.921529
37.232550 -2.927356 -6.258928
37.232550 -2.927356 50.475372
12.410850 40.065090 -6.258928
12.410850 40.065090 50.475372
24.821700 25.884892 -1.833085
24.821700 25.884892 54.901215
37.232550 -4.227017 -7.054910
37.232550 -4.227017 49.679390
12.410850 38.765428 -7.054910
12.410850 38.765428 49.679390
26.026421 23.972803 -2.956992
26.026421 23.972803 53.777308
26.851122 24.387895 -2.694312
26.851122 24.387895 54.039988
26.049754 22.788791 -3.661632
26.049754 22.788791 53.072668
38.461224 -1.170684 -5.146936
38.461224 -1.170684 51.587364
13.639524 41.821761 -5.146936
13.639524 41.821761 51.587364
38.430569 -2.344163 -5.853278
38.430569 -2.344163 50.881022
13.608869 40.648282 -5.853278
13.608869 40.648282 50.881022
39.258373 -2.776667 -6.075109
39.258373 -2.776667 50.659191
14.436673 40.215778 -6.075109
14.436673 40.215778 50.659191
27.276566 22.153147 -4.055368
27.276566 22.153147 52.678932
28.112685 22.589306 -3.876087
28.112685 22.589306 52.858213
39.683817 -0.562556 -4.683416
39.683817 -0.562556 52.050884
14.862117 42.429889 -4.683416
14.862117 42.429889 52.050884
40.515592 -1.022575 -4.817877
40.515592 -1.022575 51.916423
15.693892 41.969870 -4.817877
15.693892 41.969870 51.916423
23.655204 26.213999 -1.476226
23.655204 26.213999 55.258074
36.126123 -4.736263 -7.420846
36.126123 -4.736263 49.313454
11.304423 38.256183 -7.420846
11.304423 38.256183 49.313454
23.616979 23.972803 -2.956992
23.616979 23.972803 53.777308
22.792278 24.387895 -2.694312
22.792278 24.387895 54.039988
23.593646 22.788791 -3.661632
23.593646 22.788791 53.072668
36.003876 -1.170684 -5.146936
36.003876 -1.170684 51.587364
11.182176 41.821761 -5.146936
11.182176 41.821761 51.587364
36.034531 -2.344163 -5.853278
36.034531 -2.344163 50.881022
11.212831 40.648282 -5.853278
11.212831 40.648282 50.881022
35.206727 -2.776667 -6.075109
35.206727 -2.776667 50.659191
10.385027 40.215778 -6.075109
10.385027 40.215778 50.659191
22.366834 22.153147 -4.055368
22.366834 22.153147 52.678932
21.530715 22.589306 -3.876087
21.530715 22.589306 52.858213
34.781283 -0.562556 -4.683416
34.781283 -0.562556 52.050884
9.959583 42.429889 -4.683416
9.959583 42.429889 52.050884
33.949508 -1.022575 -4.817877
33.949508 -1.022575 51.916423
9.127808 41.969870 -4.817877
9.127808 41.969870 51.916423
-22.118741 28.875231 -1.476226
-22.118741 28.875231 55.258074
27.524659 28.875231 -1.476226
27.524659 28.875231 55.258074
10.860363 33.654271 -7.420846
10.860363 33.654271 49.313454
-20.158695 29.962725 -2.956992
-20.158695 29.962725 53.777308
29.484705 29.962725 -2.956992
29.484705 29.962725 53.777308
-20.105825 29.040967 -2.694312
-20.105825 29.040967 54.039988
29.537575 29.040967 -2.694312
29.537575 29.040967 54.039988
-19.121645 30.534525 -3.661632
-19.121645 30.534525 53.072668
30.521755 30.534525 -3.661632
30.521755 30.534525 53.072668
7.833604 31.765613 -5.146936
7.833604 31.765613 51.587364
8.834539 32.378901 -5.853278
8.834539 32.378901 50.881022
9.623001 31.878253 -6.075109
9.623001 31.878253 50.659191
-17.957755 29.789895 -4.055368
-17.957755 29.789895 52.678932
31.685645 29.789895 -4.055368
31.685645 29.789895 52.678932
-17.917420 28.847716 -3.876087
-17.917420 28.847716 52.858213
31.725980 28.847716 -3.876087
31.725980 28.847716 52.858213
7.918246 30.402753 -4.683416
7.918246 30.402753 52.050884
8.732522 29.912424 -4.817877
8.732522 29.912424 51.916423
23.285237 30.895661 -1.476226
23.285237 30.895661 55.258074
15.067765 35.570660 -7.420846
15.067765 35.570660 49.313454
21.363417 32.049363 -2.956992
21.363417 32.049363 53.777308
22.135247 32.556029 -2.694312
22.135247 32.556029 54.039988
20.349698 32.661576 -3.661632
20.349698 32.661576 53.072668
18.216770 33.893739 -5.146936
18.216770 33.893739 51.587364
17.185180 34.453931 -5.853278
17.185180 34.453931 50.881022
17.224522 35.387082 -6.075109
17.224522 35.387082 50.659191
20.412621 34.041848 -4.055368
20.412621 34.041848 52.678932
21.208405 34.547869 -3.876087
21.208405 34.547869 52.858213
19.354721 34.648472 -4.683416
19.354721 34.648472 52.050884
19.372220 35.598820 -4.817877
19.372220 35.598820 51.916423
10.874387 33.593007 1.476226
10.874387 33.593007 58.210526
-22.164785 28.918009 7.420846
-22.164785 28.918009 64.155146
27.478615 28.918009 7.420846
27.478615 28.918009 64.155146
8.952567 32.439305 2.956992
8.952567 32.439305 59.691292
9.724397 31.932639 2.694312
9.724397 31.932639 59.428612
7.938848 31.827092 3.661632
7.938848 31.827092 60.395932
-19.015780 30.594929 5.146936
-19.015780 30.594929 61.881236
30.627620 30.594929 5.146936
30.627620 30.594929 61.881236
-20.047370 30.034737 5.853278
-20.047370 30.034737 62.587578
29.596030 30.034737 5.853278
29.596030 30.034737 62.587578
-20.008028 29.101586 6.075109
-20.008028 29.101586 62.809409
29.635372 29.101586 6.075109
29.635372 29.101586 62.809409
8.001771 30.446820 4.055368
8.001771 30.446820 60.789668
8.797555 29.940799 3.876087
8.797555 29.940799 60.610387
-17.877829 29.840197 4.683416
-17.877829 29.840197 61.417716
31.765571 29.840197 4.683416
31.765571 29.840197 61.417716
-17.860330 28.889849 4.817877
-17.860330 28.889849 61.552177
31.783070 28.889849 4.817877
31.783070 28.889849 61.552177
15.113809 35.613437 1.476226
15.113809 35.613437 58.210526
23.271213 30.834397 7.420846
23.271213 30.834397 64.155146
17.073855 34.525943 2.956992
17.073855 34.525943 59.691292
17.126725 35.447701 2.694312
17.126725 35.447701 59.428612
18.110905 33.954144 3.661632
18.110905 33.954144 60.395932
20.244454 32.723055 5.146936
20.244454 32.723055 61.881236
21.245389 32.109768 5.853278
21.245389 32.109768 62.587578
22.033851 32.610415 6.075109
22.033851 32.610415 62.809409
19.274795 34.698773 4.055368
19.274795 34.698773 60.789668
19.315130 35.640952 3.876087
19.315130 35.640952 60.610387
20.329096 34.085916 4.683416
20.329096 34.085916 61.417716
21.143372 34.576244 4.817877
21.143372 34.576244 61.552177
36.066054 -4.717776 1.476226
36.066054 -4.717776 58.210526
11.244354 38.274670 1.476226
11.244354 38.274670 58.210526
23.715273 26.232486 7.420846
23.715273 26.232486 64.155146
36.027829 -2.476580 2.956992
36.027829 -2.476580 59.691292
11.206129 40.515866 2.956992
11.206129 40.515866 59.691292
35.203128 -2.891672 2.694312
35.203128 -2.891672 59.428612
10.381428 40.100774 2.694312
10.381428 40.100774 59.428612
36.004496 -1.292568 3.661632
36.004496 -1.292568 60.395932
11.182796 41.699878 3.661632
11.182796 41.699878 60.395932
23.593026 22.666907 5.146936
23.593026 22.666907 61.881236
23.623681 23.840386 5.853278
23.623681 23.840386 62.587578
22.795877 24.272890 6.075109
22.795877 24.272890 62.809409
34.777684 -0.656925 4.055368
34.777684 -0.656925 60.789668
9.955984 42.335521 4.055368
9.955984 42.335521 60.789668
33.941565 -1.093083 3.876087
33.941565 -1.093083 60.610387
9.119865 41.899363 3.876087
9.119865 41.899363 60.610387
22.370433 22.058779 4.683416
22.370433 22.058779 61.417716
21.538658 22.518798 4.817877
21.538658 22.518798 61.552177
14.008995 22.418912 19.317651
13.957987 34.933798 27.462427
12.410974 35.826966 30.184539
12.410974 35.826966 28.160826
23.272081 29.556303 34.871927
22.206858 30.171310 36.719195
15.214213 34.208516 28.730439
14.116970 34.842009 30.518704
21.325191 30.680341 33.250460
22.069842 30.250416 32.823251
21.264874 30.715165 34.588822
20.186992 31.337480 35.200986
20.127420 31.371874 36.158661
18.061014 32.564914 35.078439
17.999208 32.600598 36.035547
17.120768 33.107909 34.348269
16.387410 33.531170 34.800441
16.109656 33.691532 32.167970
15.377291 34.114362 32.622412
16.108911 33.691961 30.753584
17.212856 33.054598 30.175461
17.271311 33.020849 29.217786
19.414417 31.783527 30.258293
19.472500 31.749993 29.300618
20.360868 31.237093 30.999811
21.101051 30.809748 30.562957
20.322891 31.259019 32.464690
19.234211 31.887569 33.107490
19.225648 31.892513 34.440179
17.117913 33.109414 32.938422
18.176807 32.498061 32.281438
18.236379 32.463667 30.926623
22.314088 30.109401 35.455155
15.057836 34.298800 29.938312
13.577346 23.943854 20.387660
13.517277 33.397893 26.332280
12.410850 25.591110 21.538231
12.410850 27.934628 22.947511
12.410850 29.272553 23.724204
12.410850 31.588986 25.170361
12.410850 24.272962 20.744519
12.410850 32.888648 25.966344
13.615571 26.185051 21.868425
14.440272 25.769958 21.605745
13.638904 27.369062 22.573065
13.639524 29.832315 24.058369
13.608869 31.005793 24.764711
14.436673 31.438297 24.986542
14.865716 28.004706 22.966801
15.701835 27.568547 22.787521
14.862117 29.224187 23.594850
15.693892 29.684206 23.729310
-14.008995 22.418912 19.317651
35.634405 22.418912 19.317651
37.232550 -5.378928 27.462427
12.410850 37.613517 27.462427
24.821700 26.872285 34.871927
24.821700 25.642271 36.719195
37.232550 -3.928363 28.730439
12.410850 39.064082 28.730439
37.232550 -5.195350 30.518704
12.410850 37.797095 30.518704
24.821700 24.624210 33.250460
24.821700 25.484059 32.823251
24.821700 24.554562 34.588822
24.821700 23.309931 35.200986
24.821700 23.241143 36.158661
37.232550 -0.641161 35.078439
12.410850 42.351285 35.078439
37.232550 -0.712528 36.035547
12.410850 42.279917 36.035547
37.232426 -1.726935 34.348269
12.410726 41.265511 34.348269
37.232550 -2.573671 34.800441
12.410850 40.418774 34.800441
37.232550 -2.894395 32.167970
12.410850 40.098051 32.167970
37.232550 -3.740056 32.622412
12.410850 39.252389 32.622412
37.232550 -2.895255 30.753584
12.410850 40.097191 30.753584
37.232550 -1.620529 30.175461
12.410850 41.371917 30.175461
37.232550 -1.553030 29.217786
12.410850 41.439415 29.217786
24.821700 22.417837 30.258293
24.821700 22.484906 29.300618
24.821700 23.510705 30.999811
24.821700 24.365395 30.562957
24.821700 23.466853 32.464690
24.821700 22.209754 33.107490
24.821700 22.199866 34.440179
37.232550 -1.730159 32.938422
12.410850 41.262286 32.938422
37.232550 -0.507454 32.281438
12.410850 42.484991 32.281438
37.232550 -0.438666 30.926623
12.410850 42.553779 30.926623
24.821700 25.766089 35.455155
37.232550 -4.108931 29.938312
12.410850 38.883514 29.938312
-2.702959 -0.213601 20.387660
-27.524659 42.778845 20.387660
46.940441 -0.213601 20.387660
22.118741 42.778845 20.387660
38.783037 -4.992641 26.332280
13.961337 37.999804 26.332280
-3.546276 -2.047444 21.538231
-28.367976 40.945002 21.538231
46.097124 -2.047444 21.538231
21.275424 40.945002 21.538231
-5.575823 -3.219203 22.947511
-30.397523 39.773243 22.947511
44.067577 -3.219203 22.947511
19.245877 39.773243 22.947511
42.908900 -3.888165 23.724204
18.087200 39.104280 23.724204
40.902811 -5.046382 25.170361
16.081111 37.946064 25.170361
-2.404726 -1.388369 20.744519
-27.226426 41.604076 20.744519
47.238674 -1.388369 20.744519
22.416974 41.604076 20.744519
39.777271 -5.696212 25.966344
14.955571 37.296233 25.966344
-4.663005 -1.301095 21.868425
-29.484705 41.691351 21.868425
44.980395 -1.301095 21.868425
20.158695 41.691351 21.868425
-4.715875 -0.379337 21.605745
-29.537575 42.613109 21.605745
44.927525 -0.379337 21.605745
20.105825 42.613109 21.605745
-5.700055 -1.872894 22.573065
-30.521755 41.119551 22.573065
43.943345 -1.872894 22.573065
19.121645 41.119551 22.573065
41.809796 -3.103983 24.058369
16.988096 39.888463 24.058369
40.808861 -3.717270 24.764711
15.987161 39.275175 24.764711
40.020399 -3.216623 24.986542
15.198699 39.775822 24.986542
42.779455 -1.128265 22.966801
17.957755 41.864180 22.966801
-6.904280 -0.186086 22.787521
-31.725980 42.806360 22.787521
42.739120 -0.186086 22.787521
17.917420 42.806360 22.787521
41.725154 -1.741122 23.594850
16.903454 41.251323 23.594850
40.910878 -1.250794 23.729310
16.089178 41.741652 23.729310
-0.000000 -1.845379 19.317651
-24.821700 41.147066 19.317651
49.643400 -1.845379 19.317651
24.821700 41.147066 19.317651
10.863713 34.933798 27.462427
-23.272081 29.556303 34.871927
26.371319 29.556303 34.871927
-22.206858 30.171310 36.719195
27.436542 30.171310 36.719195
9.607487 34.208516 28.730439
10.704730 34.842009 30.518704
-21.325191 30.680341 33.250460
28.318209 30.680341 33.250460
-22.069842 30.250416 32.823251
27.573558 30.250416 32.823251
-21.264874 30.715165 34.588822
28.378526 30.715165 34.588822
-20.186992 31.337480 35.200986
29.456408 31.337480 35.200986
-20.127420 31.371874 36.158661
29.515980 31.371874 36.158661
6.760686 32.564914 35.078439
6.822492 32.600598 36.035547
7.701057 33.107694 34.348269
8.434290 33.531170 34.800441
8.712044 33.691532 32.167970
9.444409 34.114362 32.622412
8.712789 33.691961 30.753584
7.608844 33.054598 30.175461
7.550389 33.020849 29.217786
-19.414417 31.783527 30.258293
30.228983 31.783527 30.258293
-19.472500 31.749993 29.300618
30.170900 31.749993 29.300618
-20.360868 31.237093 30.999811
29.282532 31.237093 30.999811
-21.101051 30.809748 30.562957
28.542349 30.809748 30.562957
-20.322891 31.259019 32.464690
29.320509 31.259019 32.464690
-19.234211 31.887569 33.107490
30.409189 31.887569 33.107490
-19.225648 31.892513 34.440179
30.417752 31.892513 34.440179
7.703787 33.109414 32.938422
6.644893 32.498061 32.281438
6.585321 32.463667 30.926623
-22.314088 30.109401 35.455155
27.329312 30.109401 35.455155
9.763864 34.298800 29.938312
26.358163 -2.234031 20.387660
1.536463 40.758415 20.387660
9.753935 36.083416 26.332280
28.367976 -2.047444 21.538231
3.546276 40.945002 21.538231
30.397523 -3.219203 22.947511
5.575823 39.773243 22.947511
31.556200 -3.888165 23.724204
6.734500 39.104280 23.724204
33.562289 -5.046382 25.170361
8.740589 37.946064 25.170361
27.226426 -1.388369 20.744519
2.404726 41.604076 20.744519
34.687829 -5.696212 25.966344
9.866129 37.296233 25.966344
28.279983 -3.387733 21.868425
3.458283 39.604712 21.868425
27.508153 -3.894399 21.605745
2.686453 39.098047 21.605745
29.293702 -3.999945 22.573065
4.472002 38.992500 22.573065
31.426630 -5.232109 24.058369
6.604930 37.760337 24.058369
32.458220 -5.792301 24.764711
7.636520 37.200145 24.764711
7.597178 36.266994 24.986542
29.230779 -5.380218 22.966801
4.409079 37.612228 22.966801
28.434995 -5.886239 22.787521
3.613295 37.106207 22.787521
30.288679 -5.986841 23.594850
5.466979 37.005604 23.594850
5.449480 36.055256 23.729310
12.410974 35.826966 21.085492
37.232550 -5.320029 18.505216
12.410850 37.672417 18.505216
-13.957987 22.389462 10.360440
35.685413 22.389462 10.360440
12.410974 35.826966 19.164468
-23.272081 27.766958 2.950940
-23.272081 27.766958 59.685240
26.371319 27.766958 2.950940
26.371319 27.766958 59.685240
-22.206858 27.151951 1.103671
-22.206858 27.151951 57.837971
27.436542 27.151951 1.103671
27.436542 27.151951 57.837971
-15.214213 23.114745 9.092428
34.429187 23.114745 9.092428
-14.116970 22.481251 7.304163
-14.116970 22.481251 64.038463
35.526430 22.481251 7.304163
35.526430 22.481251 64.038463
-21.325191 26.642920 4.572406
-21.325191 26.642920 61.306706
28.318209 26.642920 4.572406
28.318209 26.642920 61.306706
-22.069842 27.072845 4.999616
-22.069842 27.072845 61.733916
27.573558 27.072845 4.999616
27.573558 27.072845 61.733916
-21.264874 26.608096 3.234044
-21.264874 26.608096 59.968344
28.378526 26.608096 3.234044
28.378526 26.608096 59.968344
-20.186992 25.985781 2.621881
-20.186992 25.985781 59.356181
29.456408 25.985781 2.621881
29.456408 25.985781 59.356181
-20.127420 25.951387 1.664206
-20.127420 25.951387 58.398506
29.515980 25.951387 1.664206
29.515980 25.951387 58.398506
-18.061014 24.758346 2.744427
-18.061014 24.758346 59.478727
31.582386 24.758346 2.744427
31.582386 24.758346 59.478727
-17.999208 24.722662 1.787320
-17.999208 24.722662 58.521620
31.644192 24.722662 1.787320
31.644192 24.722662 58.521620
-17.120643 24.215567 3.474598
-17.120643 24.215567 60.208898
32.522757 24.215567 3.474598
32.522757 24.215567 60.208898
-16.387410 23.792091 3.022425
-16.387410 23.792091 59.756725
33.255990 23.792091 3.022425
33.255990 23.792091 59.756725
-16.109656 23.631729 5.654897
-16.109656 23.631729 62.389197
33.533744 23.631729 5.654897
33.533744 23.631729 62.389197
-15.377291 23.208898 5.200455
-15.377291 23.208898 61.934755
34.266109 23.208898 5.200455
34.266109 23.208898 61.934755
-16.108911 23.631299 7.069283
-16.108911 23.631299 63.803583
33.534489 23.631299 7.069283
33.534489 23.631299 63.803583
-17.212856 24.268662 7.647405
-17.212856 24.268662 64.381705
32.430544 24.268662 7.647405
32.430544 24.268662 64.381705
-17.271311 24.302411 8.605080
32.372089 24.302411 8.605080
-19.414417 25.539734 7.564573
-19.414417 25.539734 64.298873
30.228983 25.539734 7.564573
30.228983 25.539734 64.298873
-19.472500 25.573268 8.522248
-19.472500 25.573268 65.256548
30.170900 25.573268 8.522248
30.170900 25.573268 65.256548
-20.360868 26.086168 6.823056
-20.360868 26.086168 63.557356
29.282532 26.086168 6.823056
29.282532 26.086168 63.557356
-21.101051 26.513513 7.259910
-21.101051 26.513513 63.994210
28.542349 26.513513 7.259910
28.542349 26.513513 63.994210
-20.322891 26.064242 5.358176
-20.322891 26.064242 62.092476
29.320509 26.064242 5.358176
29.320509 26.064242 62.092476
-19.234211 25.435692 4.715377
-19.234211 25.435692 61.449677
30.409189 25.435692 4.715377
30.409189 25.435692 61.449677
-19.225648 25.430748 3.382688
-19.225648 25.430748 60.116988
30.417752 25.430748 3.382688
30.417752 25.430748 60.116988
-17.117913 24.213847 4.884445
-17.117913 24.213847 61.618745
32.525487 24.213847 4.884445
32.525487 24.213847 61.618745
-18.176807 24.825199 5.541428
-18.176807 24.825199 62.275728
31.466593 24.825199 5.541428
31.466593 24.825199 62.275728
-18.236379 24.859593 6.896243
-18.236379 24.859593 63.630543
31.407021 24.859593 6.896243
31.407021 24.859593 63.630543
-22.314088 27.213860 2.367711
-22.314088 27.213860 59.102011
27.329312 27.213860 2.367711
27.329312 27.213860 59.102011
-15.057836 23.024461 7.884555
-15.057836 23.024461 64.618855
34.585564 23.024461 7.884555
34.585564 23.024461 64.618855
38.769013 -4.931377 17.435207
13.947313 38.061069 17.435207
-2.656915 -0.256378 11.490587
-27.478615 42.736067 11.490587
46.986485 -0.256378 11.490587
22.164785 42.736067 11.490587
40.778826 -5.117964 16.284635
15.957126 37.874482 16.284635
42.808373 -3.946205 14.875355
17.986673 39.046241 14.875355
43.967050 -3.277242 14.098663
19.145350 39.715203 14.098663
-3.670261 -2.119026 12.652505
-28.491961 40.873420 12.652505
45.973139 -2.119026 12.652505
21.151439 40.873420 12.652505
39.637276 -5.777038 17.078348
14.815576 37.215407 17.078348
-2.544721 -1.469195 11.856523
-27.366421 41.523250 11.856523
47.098679 -1.469195 11.856523
22.276979 41.523250 11.856523
40.690833 -3.777675 15.954442
15.869133 39.214771 15.954442
39.919003 -3.271009 16.217121
15.097303 39.721437 16.217121
41.704552 -3.165462 15.249802
16.882852 39.826983 15.249802
-5.805920 -1.933299 13.764498
-30.627620 41.059147 13.764498
43.837480 -1.933299 13.764498
19.015780 41.059147 13.764498
-4.774330 -1.373107 13.058156
-29.596030 41.619338 13.058156
44.869070 -1.373107 13.058156
20.047370 41.619338 13.058156
-4.813672 -0.439956 12.836324
-29.635372 42.552490 12.836324
44.829728 -0.439956 12.836324
20.008028 42.552490 12.836324
41.641629 -1.785190 14.856066
16.819929 41.207256 14.856066
40.845845 -1.279169 15.035346
16.024145 41.713277 15.035346
42.699529 -1.178566 14.228017
17.877829 41.813879 14.228017
-6.961370 -0.228218 14.093557
-31.783070 42.764227 14.093557
42.682030 -0.228218 14.093557
17.860330 42.764227 14.093557
10.812705 34.904348 18.505216
0.000000 -1.786479 10.360440
-24.821700 41.205966 10.360440
49.643400 -1.786479 10.360440
24.821700 41.205966 10.360440
-24.821700 30.450976 2.950940
-24.821700 30.450976 59.685240
24.821700 30.450976 2.950940
24.821700 30.450976 59.685240
-24.821700 31.680990 1.103671
-24.821700 31.680990 57.837971
24.821700 31.680990 1.103671
24.821700 31.680990 57.837971
-0.000000 -3.237045 9.092428
-24.821700 39.755401 9.092428
49.643400 -3.237045 9.092428
24.821700 39.755401 9.092428
-0.000000 -1.970057 7.304163
0.000000 -1.970057 64.038463
-24.821700 41.022388 7.304163
-24.821700 41.022388 64.038463
49.643400 -1.970057 7.304163
49.643400 -1.970057 64.038463
24.821700 41.022388 7.304163
24.821700 41.022388 64.038463
-24.821700 32.699051 4.572406
-24.821700 32.699051 61.306706
24.821700 32.699051 4.572406
24.821700 32.699051 61.306706
-24.821700 31.839202 4.999616
-24.821700 31.839202 61.733916
24.821700 31.839202 4.999616
24.821700 31.839202 61.733916
-24.821700 32.768699 3.234044
-24.821700 32.768699 59.968344
24.821700 32.768699 3.234044
24.821700 32.768699 59.968344
-24.821700 34.013330 2.621881
-24.821700 34.013330 59.356181
24.821700 34.013330 2.621881
24.821700 34.013330 59.356181
-24.821700 34.082118 1.664206
-24.821700 34.082118 58.398506
24.821700 34.082118 1.664206
24.821700 34.082118 58.398506
-24.821700 36.468199 2.744427
-24.821700 36.468199 59.478727
24.821700 36.468199 2.744427
24.821700 36.468199 59.478727
-0.000000 -6.452879 1.787320
0.000000 -6.452879 58.521620
-24.821700 36.539566 1.787320
-24.821700 36.539566 58.521620
49.643400 -6.452879 1.787320
49.643400 -6.452879 58.521620
24.821700 36.539566 1.787320
24.821700 36.539566 58.521620
-0.000124 -5.438473 3.474598
-0.000124 -5.438473 60.208898
-24.821824 37.553973 3.474598
-24.821824 37.553973 60.208898
49.643276 -5.438473 3.474598
49.643276 -5.438473 60.208898
24.821576 37.553973 3.474598
24.821576 37.553973 60.208898
-0.000000 -4.591736 3.022425
-0.000000 -4.591736 59.756725
-24.821700 38.400709 3.022425
-24.821700 38.400709 59.756725
49.643400 -4.591736 3.022425
49.643400 -4.591736 59.756725
24.821700 38.400709 3.022425
24.821700 38.400709 59.756725
0.000000 -4.271013 5.654897
0.000000 -4.271013 62.389197
-24.821700 38.721433 5.654897
-24.821700 38.721433 62.389197
49.643400 -4.271013 5.654897
49.643400 -4.271013 62.389197
24.821700 38.721433 5.654897
24.821700 38.721433 62.389197
-0.000000 -3.425351 5.200455
0.000000 -3.425351 61.934755
-24.821700 39.567094 5.200455
-24.821700 39.567094 61.934755
49.643400 -3.425351 5.200455
49.643400 -3.425351 61.934755
24.821700 39.567094 5.200455
24.821700 39.567094 61.934755
-0.000000 -4.270153 7.069283
0.000000 -4.270153 63.803583
-24.821700 38.722293 7.069283
-24.821700 38.722293 63.803583
49.643400 -4.270153 7.069283
49.643400 -4.270153 63.803583
24.821700 38.722293 7.069283
24.821700 38.722293 63.803583
0.000000 -5.544879 7.647405
0.000000 -5.544879 64.381705
-24.821700 37.447567 7.647405
-24.821700 37.447567 64.381705
49.643400 -5.544879 7.647405
49.643400 -5.544879 64.381705
24.821700 37.447567 7.647405
24.821700 37.447567 64.381705
-0.000000 -5.612377 8.605080
-24.821700 37.380068 8.605080
49.643400 -5.612377 8.605080
24.821700 37.380068 8.605080
-24.821700 34.905423 7.564573
-24.821700 34.905423 64.298873
24.821700 34.905423 7.564573
24.821700 34.905423 64.298873
-24.821700 34.838355 8.522248
-24.821700 34.838355 65.256548
24.821700 34.838355 8.522248
24.821700 34.838355 65.256548
-24.821700 33.812555 6.823056
-24.821700 33.812555 63.557356
24.821700 33.812555 6.823056
24.821700 33.812555 63.557356
-24.821700 32.957865 7.259910
-24.821700 32.957865 63.994210
24.821700 32.957865 7.259910
24.821700 32.957865 63.994210
-24.821700 33.856408 5.358176
-24.821700 33.856408 62.092476
24.821700 33.856408 5.358176
24.821700 33.856408 62.092476
-24.821700 35.113507 4.715377
-24.821700 35.113507 61.449677
24.821700 35.113507 4.715377
24.821700 35.113507 61.449677
-24.821700 35.123395 3.382688
-24.821700 35.123395 60.116988
24.821700 35.123395 3.382688
24.821700 35.123395 60.116988
0.000000 -5.435248 4.884445
0.000000 -5.435248 61.618745
-24.821700 37.557197 4.884445
-24.821700 37.557197 61.618745
49.643400 -5.435248 4.884445
49.643400 -5.435248 61.618745
24.821700 37.557197 4.884445
24.821700 37.557197 61.618745
-24.821700 36.334492 5.541428
-24.821700 36.334492 62.275728
24.821700 36.334492 5.541428
24.821700 36.334492 62.275728
-24.821700 36.265704 6.896243
-24.821700 36.265704 63.630543
24.821700 36.265704 6.896243
24.821700 36.265704 63.630543
-24.821700 31.557172 2.367711
-24.821700 31.557172 59.102011
24.821700 31.557172 2.367711
24.821700 31.557172 59.102011
0.000000 -3.056476 7.884555
0.000000 -3.056476 64.618855
-24.821700 39.935969 7.884555
-24.821700 39.935969 64.618855
49.643400 -3.056476 7.884555
49.643400 -3.056476 64.618855
24.821700 39.935969 7.884555
24.821700 39.935969 64.618855
9.707891 36.040639 17.435207
26.372187 -2.172767 11.490587
1.550487 40.819679 11.490587
33.686274 -5.117964 16.284635
8.864574 37.874482 16.284635
31.656727 -3.946205 14.875355
6.835027 39.046241 14.875355
30.498050 -3.277242 14.098663
5.676350 39.715203 14.098663
28.491961 -2.119026 12.652505
3.670261 40.873420 12.652505
34.827824 -5.777038 17.078348
10.006124 37.215407 17.078348
27.366421 -1.469195 11.856523
2.544721 41.523250 11.856523
32.569545 -5.864313 15.954442
7.747845 37.128133 15.954442
7.694975 36.206375 16.217121
31.532495 -5.292513 15.249802
6.710795 37.699932 15.249802
29.398946 -4.061425 13.764498
4.577246 38.931021 13.764498
28.398011 -3.448137 13.058156
3.576311 39.544308 13.058156
27.609549 -3.948784 12.836324
2.787849 39.043661 12.836324
30.368605 -6.037143 14.856066
5.546905 36.955303 14.856066
5.506570 36.013124 15.035346
29.314304 -5.424285 14.228017
4.492604 37.568160 14.228017
28.500028 -5.914614 14.093557
3.678328 37.077831 14.093557
14.008995 34.904348 18.505216
13.957987 22.389462 10.360440
23.272081 27.766958 2.950940
23.272081 27.766958 59.685240
22.206858 27.151951 1.103671
22.206858 27.151951 57.837971
15.214213 23.114745 9.092428
14.116970 22.481251 7.304163
14.116970 22.481251 64.038463
21.325191 26.642920 4.572406
21.325191 26.642920 61.306706
22.069842 27.072845 4.999616
22.069842 27.072845 61.733916
21.264874 26.608096 3.234044
21.264874 26.608096 59.968344
20.186992 25.985781 2.621881
20.186992 25.985781 59.356181
20.127420 25.951387 1.664206
20.127420 25.951387 58.398506
18.061014 24.758346 2.744427
18.061014 24.758346 59.478727
17.999208 24.722662 1.787320
17.999208 24.722662 58.521620
17.120768 24.215352 3.474598
17.120768 24.215352 60.208898
16.387410 23.792091 3.022425
16.387410 23.792091 59.756725
16.109656 23.631729 5.654897
16.109656 23.631729 62.389197
15.377291 23.208898 5.200455
15.377291 23.208898 61.934755
16.108911 23.631299 7.069283
16.108911 23.631299 63.803583
17.212856 24.268662 7.647405
17.212856 24.268662 64.381705
17.271311 24.302411 8.605080
19.414417 25.539734 7.564573
19.414417 25.539734 64.298873
19.472500 25.573268 8.522248
19.472500 25.573268 65.256548
20.360868 26.086168 6.823056
20.360868 26.086168 63.557356
21.101051 26.513513 7.259910
21.101051 26.513513 63.994210
20.322891 26.064242 5.358176
20.322891 26.064242 62.092476
19.234211 25.435692 4.715377
19.234211 25.435692 61.449677
19.225648 25.430748 3.382688
19.225648 25.430748 60.116988
17.117913 24.213847 4.884445
17.117913 24.213847 61.618745
18.176807 24.825199 5.541428
18.176807 24.825199 62.275728
18.236379 24.859593 6.896243
18.236379 24.859593 63.630543
22.314088 27.213860 2.367711
22.314088 27.213860 59.102011
15.057836 23.024461 7.884555
15.057836 23.024461 64.618855
13.577346 33.379406 17.435207
13.517277 23.925368 11.490587
12.410850 31.732151 16.284635
12.410850 29.388633 14.875355
12.410850 28.050708 14.098663
12.410850 25.734275 12.652505
12.410850 33.050299 17.078348
12.410850 24.434613 11.856523
13.615571 31.138210 15.954442
14.440272 31.553302 16.217121
13.638904 29.954198 15.249802
13.639524 27.490946 13.764498
13.608869 26.317467 13.058156
14.436673 25.884963 12.836324
14.865716 29.318555 14.856066
15.701835 29.754713 15.035346
14.862117 28.099074 14.228017
15.693892 27.639055 14.093557
11.244354 33.379406 17.435207
11.304423 23.925368 11.490587
11.206129 31.138210 15.954442
10.381428 31.553302 16.217121
11.182796 29.954198 15.249802
11.182176 27.490946 13.764498
11.212831 26.317467 13.058156
10.385027 25.884963 12.836324
9.955984 29.318555 14.856066
9.119865 29.754713 15.035346
9.959583 28.099074 14.228017
9.127808 27.639055 14.093557
15.113809 36.040639 17.435207
-1.550487 -2.172767 11.490587
-26.372187 40.819679 11.490587
48.092913 -2.172767 11.490587
23.271213 40.819679 11.490587
41.895555 -5.864313 15.954442
17.073855 37.128133 15.954442
17.126725 36.206375 16.217121
42.932605 -5.292513 15.249802
18.110905 37.699932 15.249802
-4.577246 -4.061425 13.764498
-29.398946 38.931021 13.764498
45.066154 -4.061425 13.764498
20.244454 38.931021 13.764498
-3.576311 -3.448137 13.058156
-28.398011 39.544308 13.058156
46.067089 -3.448137 13.058156
21.245389 39.544308 13.058156
-2.787849 -3.948784 12.836324
-27.609549 39.043661 12.836324
46.855551 -3.948784 12.836324
22.033851 39.043661 12.836324
44.096495 -6.037143 14.856066
19.274795 36.955303 14.856066
19.315130 36.013124 15.035346
45.150796 -5.424285 14.228017
20.329096 37.568160 14.228017
-3.678328 -5.914614 14.093557
-28.500028 37.077831 14.093557
45.965072 -5.914614 14.093557
21.143372 37.077831 14.093557
35.696087 -4.931377 17.435207
10.874387 38.061069 17.435207
27.478615 -0.256378 11.490587
2.656915 42.736067 11.490587
33.774267 -3.777675 15.954442
8.952567 39.214771 15.954442
34.546097 -3.271009 16.217121
9.724397 39.721437 16.217121
32.760548 -3.165462 15.249802
7.938848 39.826983 15.249802
30.627620 -1.933299 13.764498
5.805920 41.059147 13.764498
29.596030 -1.373107 13.058156
4.774330 41.619338 13.058156
29.635372 -0.439956 12.836324
4.813672 42.552490 12.836324
32.823471 -1.785190 14.856066
8.001771 41.207256 14.856066
33.619255 -1.279169 15.035346
8.797555 41.713277 15.035346
31.765571 -1.178566 14.228017
6.943871 41.813879 14.228017
31.783070 -0.228218 14.093557
6.961370 42.764227 14.093557
-1.536463 -2.234031 20.387660
-26.358163 40.758415 20.387660
48.106937 -2.234031 20.387660
23.285237 40.758415 20.387660
15.067765 36.083416 26.332280
-3.458283 -3.387733 21.868425
-28.279983 39.604712 21.868425
46.185117 -3.387733 21.868425
21.363417 39.604712 21.868425
-2.686453 -3.894399 21.605745
-27.508153 39.098047 21.605745
46.956947 -3.894399 21.605745
22.135247 39.098047 21.605745
-4.472002 -3.999945 22.573065
-29.293702 38.992500 22.573065
45.171398 -3.999945 22.573065
20.349698 38.992500 22.573065
43.038470 -5.232109 24.058369
18.216770 37.760337 24.058369
42.006880 -5.792301 24.764711
17.185180 37.200145 24.764711
17.224522 36.266994 24.986542
45.234321 -5.380218 22.966801
20.412621 37.612228 22.966801
-3.613295 -5.886239 22.787521
-28.434995 37.106207 22.787521
46.030105 -5.886239 22.787521
21.208405 37.106207 22.787521
44.176421 -5.986841 23.594850
19.354721 37.005604 23.594850
19.372220 36.055256 23.729310
27.524659 -0.213601 20.387660
2.702959 42.778845 20.387660
35.682063 -4.992641 26.332280
10.860363 37.999804 26.332280
29.484705 -1.301095 21.868425
4.663005 41.691351 21.868425
29.537575 -0.379337 21.605745
4.715875 42.613109 21.605745
30.521755 -1.872894 22.573065
5.700055 41.119551 22.573065
32.655304 -3.103983 24.058369
7.833604 39.888463 24.058369
33.656239 -3.717270 24.764711
8.834539 39.275175 24.764711
34.444701 -3.216623 24.986542
9.623001 39.775822 24.986542
31.685645 -1.128265 22.966801
6.863945 41.864180 22.966801
31.725980 -0.186086 22.787521
6.904280 42.806360 22.787521
32.739946 -1.741122 23.594850
7.918246 41.251323 23.594850
33.554222 -1.250794 23.729310
8.732522 41.741652 23.729310
11.244354 23.943854 20.387660
11.304423 33.397893 26.332280
11.206129 26.185051 21.868425
10.381428 25.769958 21.605745
11.182796 27.369062 22.573065
11.182176 29.832315 24.058369
11.212831 31.005793 24.764711
10.385027 31.438297 24.986542
9.955984 28.004706 22.966801
9.119865 27.568547 22.787521
9.959583 29.224187 23.594850
9.127808 29.684206 23.729310
24.821576 28.661702 35.648808
-23.223555 29.584320 38.229084
26.419845 29.584320 38.229084
26.368837 -0.893240 46.373860
1.547137 42.099206 46.373860
24.821576 28.661702 37.569832
35.682931 -6.270735 -2.950940
35.682931 -6.270735 53.783360
10.861231 36.721711 -2.950940
10.861231 36.721711 53.783360
34.617708 -5.655728 -1.103671
34.617708 -5.655728 55.630629
9.796008 37.336718 -1.103671
9.796008 37.336718 55.630629
27.625063 -1.618522 47.641872
2.803363 41.373923 47.641872
26.527820 -0.985029 -7.304163
26.527820 -0.985029 49.430137
1.706120 42.007417 -7.304163
1.706120 42.007417 49.430137
33.736041 -5.146697 -4.572406
33.736041 -5.146697 52.161894
8.914341 37.845748 -4.572406
8.914341 37.845748 52.161894
34.480692 -5.576622 -4.999616
34.480692 -5.576622 51.734684
9.658992 37.415824 -4.999616
9.658992 37.415824 51.734684
33.675724 -5.111873 -3.234044
33.675724 -5.111873 53.500256
8.854024 37.880572 -3.234044
8.854024 37.880572 53.500256
32.597842 -4.489558 -2.621881
32.597842 -4.489558 54.112419
7.776142 38.502888 -2.621881
7.776142 38.502888 54.112419
32.538270 -4.455164 -1.664206
32.538270 -4.455164 55.070094
7.716570 38.537282 -1.664206
7.716570 38.537282 55.070094
30.471864 -3.262123 -2.744427
30.471864 -3.262123 53.989873
5.650164 39.730322 -2.744427
5.650164 39.730322 53.989873
30.410058 -3.226440 -1.787320
30.410058 -3.226440 54.946980
5.588358 39.766006 -1.787320
5.588358 39.766006 54.946980
29.531618 -2.719129 -3.474598
29.531618 -2.719129 53.259702
4.709918 40.273317 -3.474598
4.709918 40.273317 53.259702
28.798260 -2.295868 -3.022425
28.798260 -2.295868 53.711875
3.976560 40.696577 -3.022425
3.976560 40.696577 53.711875
28.520506 -2.135506 -5.654897
28.520506 -2.135506 51.079403
3.698806 40.856939 -5.654897
3.698806 40.856939 51.079403
27.788141 -1.712676 -5.200455
27.788141 -1.712676 51.533845
2.966441 41.279770 -5.200455
2.966441 41.279770 51.533845
28.519761 -2.135076 -7.069283
28.519761 -2.135076 49.665017
3.698061 40.857369 -7.069283
3.698061 40.857369 49.665017
29.623706 -2.772440 -7.647405
29.623706 -2.772440 49.086895
4.802006 40.220006 -7.647405
4.802006 40.220006 49.086895
29.682161 -2.806189 48.129220
4.860461 40.186257 48.129220
31.825267 -4.043511 -7.564573
31.825267 -4.043511 49.169727
7.003567 38.948934 -7.564573
7.003567 38.948934 49.169727
31.883350 -4.077045 -8.522248
31.883350 -4.077045 48.212052
7.061650 38.915400 -8.522248
7.061650 38.915400 48.212052
32.771718 -4.589945 -6.823056
32.771718 -4.589945 49.911244
7.950018 38.402500 -6.823056
7.950018 38.402500 49.911244
33.511901 -5.017290 -7.259910
33.511901 -5.017290 49.474390
8.690201 37.975155 -7.259910
8.690201 37.975155 49.474390
32.733741 -4.568019 -5.358176
32.733741 -4.568019 51.376124
7.912041 38.424427 -5.358176
7.912041 38.424427 51.376124
31.645061 -3.939469 -4.715377
31.645061 -3.939469 52.018923
6.823361 39.052976 -4.715377
6.823361 39.052976 52.018923
31.636498 -3.934525 -3.382688
31.636498 -3.934525 53.351612
6.814798 39.057920 -3.382688
6.814798 39.057920 53.351612
29.528763 -2.717624 -4.884445
29.528763 -2.717624 51.849855
4.707063 40.274821 -4.884445
4.707063 40.274821 51.849855
30.587657 -3.328977 -5.541428
30.587657 -3.328977 51.192872
5.765957 39.663469 -5.541428
5.765957 39.663469 51.192872
30.647229 -3.363371 -6.896243
30.647229 -3.363371 49.838057
5.825529 39.629075 -6.896243
5.825529 39.629075 49.838057
34.724938 -5.717637 -2.367711
34.724938 -5.717637 54.366589
9.903238 37.274809 -2.367711
9.903238 37.274809 54.366589
27.468686 -1.528238 -7.884555
27.468686 -1.528238 48.849745
2.646986 41.464207 -7.884555
2.646986 41.464207 48.849745
-23.655204 31.109262 39.299093
25.988196 31.109262 39.299093
1.106427 -2.429145 45.243713
-23.715273 40.563301 45.243713
50.749827 -2.429145 45.243713
25.928127 40.563301 45.243713
-24.821700 32.756517 40.449665
24.821700 32.756517 40.449665
-24.821700 35.100036 41.858945
24.821700 35.100036 41.858945
-24.821700 36.437961 42.635637
24.821700 36.437961 42.635637
0.000000 -4.238052 44.081795
-24.821700 38.754394 44.081795
49.643400 -4.238052 44.081795
24.821700 38.754394 44.081795
-24.821700 31.438369 39.655952
24.821700 31.438369 39.655952
-0.000000 -2.938390 44.877777
-24.821700 40.054055 44.877777
49.643400 -2.938390 44.877777
24.821700 40.054055 44.877777
-23.616979 33.350458 40.779858
26.026421 33.350458 40.779858
-22.792278 32.935366 40.517179
26.851122 32.935366 40.517179
-23.593646 34.534470 41.484498
26.049754 34.534470 41.484498
1.228674 -5.994723 42.969802
-23.593026 36.997722 42.969802
50.872074 -5.994723 42.969802
26.050374 36.997722 42.969802
1.198019 -4.821244 43.676144
-23.623681 38.171201 43.676144
50.841419 -4.821244 43.676144
26.019719 38.171201 43.676144
2.025823 -4.388740 43.897976
-22.795877 38.603705 43.897976
51.669223 -4.388740 43.897976
26.847523 38.603705 43.897976
-22.366834 35.170113 41.878234
27.276566 35.170113 41.878234
-21.530715 34.733955 41.698954
28.112685 34.733955 41.698954
-22.370433 36.389594 42.506283
27.272967 36.389594 42.506283
3.283042 -6.142832 42.640743
-21.538658 36.849613 42.640743
52.926442 -6.142832 42.640743
28.104742 36.849613 42.640743
23.223555 29.584320 38.229084
12.410850 23.282702 46.373860
12.410850 34.037692 -2.950940
12.410850 34.037692 53.783360
12.410850 32.807678 -1.103671
12.410850 32.807678 55.630629
12.410850 24.733267 47.641872
12.410850 23.466280 -7.304163
12.410850 23.466280 49.430137
12.410850 31.789617 -4.572406
12.410850 31.789617 52.161894
12.410850 32.649466 -4.999616
12.410850 32.649466 51.734684
12.410850 31.719970 -3.234044
12.410850 31.719970 53.500256
12.410850 30.475338 -2.621881
12.410850 30.475338 54.112419
12.410850 30.406550 -1.664206
12.410850 30.406550 55.070094
12.410850 28.020470 -2.744427
12.410850 28.020470 53.989873
12.410850 27.949102 -1.787320
12.410850 27.949102 54.946980
12.410726 26.934695 -3.474598
12.410726 26.934695 53.259702
12.410850 26.087959 -3.022425
12.410850 26.087959 53.711875
12.410850 25.767236 -5.654897
12.410850 25.767236 51.079403
12.410850 24.921574 -5.200455
12.410850 24.921574 51.533845
12.410850 25.766376 -7.069283
12.410850 25.766376 49.665017
12.410850 27.041102 -7.647405
12.410850 27.041102 49.086895
12.410850 27.108600 48.129220
12.410850 29.583245 -7.564573
12.410850 29.583245 49.169727
12.410850 29.650313 -8.522248
12.410850 29.650313 48.212052
12.410850 30.676113 -6.823056
12.410850 30.676113 49.911244
12.410850 31.530803 -7.259910
12.410850 31.530803 49.474390
12.410850 30.632261 -5.358176
12.410850 30.632261 51.376124
12.410850 29.375162 -4.715377
12.410850 29.375162 52.018923
12.410850 29.365273 -3.382688
12.410850 29.365273 53.351612
12.410850 26.931471 -4.884445
12.410850 26.931471 51.849855
12.410850 28.154176 -5.541428
12.410850 28.154176 51.192872
12.410850 28.222964 -6.896243
12.410850 28.222964 49.838057
12.410850 32.931497 -2.367711
12.410850 32.931497 54.366589
12.410850 24.552699 -7.884555
12.410850 24.552699 48.849745
22.118741 28.448030 39.299093
13.961337 23.668989 45.243713
21.275424 26.614187 40.449665
19.245877 25.442428 41.858945
18.087200 24.773465 42.635637
16.081111 23.615249 44.081795
22.416974 27.273261 39.655952
14.955571 22.965418 44.877777
20.158695 27.360536 40.779858
20.105825 28.282294 40.517179
19.121645 26.788736 41.484498
16.988096 25.557647 42.969802
15.987161 24.944360 43.676144
15.198699 25.445007 43.897976
17.957755 27.533365 41.878234
17.917420 28.475545 41.698954
16.903454 26.920508 42.506283
16.089178 27.410837 42.640743
24.821700 26.816251 38.229084
-1.547137 -0.893240 46.373860
-26.368837 42.099206 46.373860
48.096263 -0.893240 46.373860
23.274563 42.099206 46.373860
38.782169 -6.270735 -2.950940
38.782169 -6.270735 53.783360
13.960469 36.721711 -2.950940
13.960469 36.721711 53.783360
39.847392 -5.655728 -1.103671
39.847392 -5.655728 55.630629
15.025692 37.336718 -1.103671
15.025692 37.336718 55.630629
-2.803363 -1.618522 47.641872
-27.625063 41.373923 47.641872
46.840037 -1.618522 47.641872
22.018337 41.373923 47.641872
-1.706120 -0.985029 -7.304163
-1.706120 -0.985029 49.430137
-26.527820 42.007417 -7.304163
-26.527820 42.007417 49.430137
47.937280 -0.985029 -7.304163
47.937280 -0.985029 49.430137
23.115580 42.007417 -7.304163
23.115580 42.007417 49.430137
40.729059 -5.146697 -4.572406
40.729059 -5.146697 52.161894
15.907359 37.845748 -4.572406
15.907359 37.845748 52.161894
39.984408 -5.576622 -4.999616
39.984408 -5.576622 51.734684
15.162708 37.415824 -4.999616
15.162708 37.415824 51.734684
40.789376 -5.111873 -3.234044
40.789376 -5.111873 53.500256
15.967676 37.880572 -3.234044
15.967676 37.880572 53.500256
41.867258 -4.489558 -2.621881
41.867258 -4.489558 54.112419
17.045558 38.502888 -2.621881
17.045558 38.502888 54.112419
41.926830 -4.455164 -1.664206
41.926830 -4.455164 55.070094
17.105130 38.537282 -1.664206
17.105130 38.537282 55.070094
43.993236 -3.262123 -2.744427
43.993236 -3.262123 53.989873
19.171536 39.730322 -2.744427
19.171536 39.730322 53.989873
-5.588358 -3.226440 -1.787320
-5.588358 -3.226440 54.946980
-30.410058 39.766006 -1.787320
-30.410058 39.766006 54.946980
44.055042 -3.226440 -1.787320
44.055042 -3.226440 54.946980
19.233342 39.766006 -1.787320
19.233342 39.766006 54.946980
-4.709793 -2.719344 -3.474598
-4.709793 -2.719344 53.259702
-29.531493 40.273102 -3.474598
-29.531493 40.273102 53.259702
44.933607 -2.719344 -3.474598
44.933607 -2.719344 53.259702
20.111907 40.273102 -3.474598
20.111907 40.273102 53.259702
-3.976560 -2.295868 -3.022425
-3.976560 -2.295868 53.711875
-28.798260 40.696577 -3.022425
-28.798260 40.696577 53.711875
45.666840 -2.295868 -3.022425
45.666840 -2.295868 53.711875
20.845140 40.696577 -3.022425
20.845140 40.696577 53.711875
-3.698806 -2.135506 -5.654897
-3.698806 -2.135506 51.079403
-28.520506 40.856939 -5.654897
-28.520506 40.856939 51.079403
45.944594 -2.135506 -5.654897
45.944594 -2.135506 51.079403
21.122894 40.856939 -5.654897
21.122894 40.856939 51.079403
-2.966441 -1.712676 -5.200455
-2.966441 -1.712676 51.533845
-27.788141 41.279770 -5.200455
-27.788141 41.279770 51.533845
46.676959 -1.712676 -5.200455
46.676959 -1.712676 51.533845
21.855259 41.279770 -5.200455
21.855259 41.279770 51.533845
-3.698061 -2.135076 -7.069283
-3.698061 -2.135076 49.665017
-28.519761 40.857369 -7.069283
-28.519761 40.857369 49.665017
45.945339 -2.135076 -7.069283
45.945339 -2.135076 49.665017
21.123639 40.857369 -7.069283
21.123639 40.857369 49.665017
-4.802006 -2.772440 -7.647405
-4.802006 -2.772440 49.086895
-29.623706 40.220006 -7.647405
-29.623706 40.220006 49.086895
44.841394 -2.772440 -7.647405
44.841394 -2.772440 49.086895
20.019694 40.220006 -7.647405
20.019694 40.220006 49.086895
-4.860461 -2.806189 48.129220
-29.682161 40.186257 48.129220
44.782939 -2.806189 48.129220
19.961239 40.186257 48.129220
42.639833 -4.043511 -7.564573
42.639833 -4.043511 49.169727
17.818133 38.948934 -7.564573
17.818133 38.948934 49.169727
42.581750 -4.077045 -8.522248
42.581750 -4.077045 48.212052
17.760050 38.915400 -8.522248
17.760050 38.915400 48.212052
41.693382 -4.589945 -6.823056
41.693382 -4.589945 49.911244
16.871682 38.402500 -6.823056
16.871682 38.402500 49.911244
40.953199 -5.017290 -7.259910
40.953199 -5.017290 49.474390
16.131499 37.975155 -7.259910
16.131499 37.975155 49.474390
41.731359 -4.568019 -5.358176
41.731359 -4.568019 51.376124
16.909659 38.424427 -5.358176
16.909659 38.424427 51.376124
42.820039 -3.939469 -4.715377
42.820039 -3.939469 52.018923
17.998339 39.052976 -4.715377
17.998339 39.052976 52.018923
42.828602 -3.934525 -3.382688
42.828602 -3.934525 53.351612
18.006902 39.057920 -3.382688
18.006902 39.057920 53.351612
-4.707063 -2.717624 -4.884445
-4.707063 -2.717624 51.849855
-29.528763 40.274821 -4.884445
-29.528763 40.274821 51.849855
44.936337 -2.717624 -4.884445
44.936337 -2.717624 51.849855
20.114637 40.274821 -4.884445
20.114637 40.274821 51.849855
43.877443 -3.328977 -5.541428
43.877443 -3.328977 51.192872
19.055743 39.663469 -5.541428
19.055743 39.663469 51.192872
43.817871 -3.363371 -6.896243
43.817871 -3.363371 49.838057
18.996171 39.629075 -6.896243
18.996171 39.629075 49.838057
39.740162 -5.717637 -2.367711
39.740162 -5.717637 54.366589
14.918462 37.274809 -2.367711
14.918462 37.274809 54.366589
-2.646986 -1.528238 -7.884555
-2.646986 -1.528238 48.849745
-27.468686 41.464207 -7.884555
-27.468686 41.464207 48.849745
46.996414 -1.528238 -7.884555
46.996414 -1.528238 48.849745
22.174714 41.464207 -7.884555
22.174714 41.464207 48.849745
26.358163 26.427600 39.299093
-15.067765 21.752601 45.243713
34.575635 21.752601 45.243713
-21.275424 26.614187 40.449665
28.367976 26.614187 40.449665
-19.245877 25.442428 41.858945
30.397523 25.442428 41.858945
-18.087200 24.773465 42.635637
31.556200 24.773465 42.635637
-16.081111 23.615249 44.081795
33.562289 23.615249 44.081795
-22.416974 27.273261 39.655952
27.226426 27.273261 39.655952
-14.955571 22.965418 44.877777
34.687829 22.965418 44.877777
-21.363417 25.273897 40.779858
28.279983 25.273897 40.779858
27.508153 24.767231 40.517179
-20.349698 24.661685 41.484498
29.293702 24.661685 41.484498
-18.216770 23.429521 42.969802
31.426630 23.429521 42.969802
-17.185180 22.869330 43.676144
32.458220 22.869330 43.676144
-17.224522 21.936179 43.897976
32.418878 21.936179 43.897976
-20.412621 23.281412 41.878234
29.230779 23.281412 41.878234
28.434995 22.775391 41.698954
-19.354721 22.674789 42.506283
30.288679 22.674789 42.506283
-19.372220 21.724441 42.640743
30.271180 21.724441 42.640743
12.410850 23.341602 37.416649
23.274563 29.554870 29.271873
24.821576 28.661702 26.549761
24.821576 28.661702 28.573474
13.960469 34.932365 21.862373
15.025692 34.317358 20.015105
22.018337 30.280153 28.003861
23.115580 29.646659 26.215596
15.907359 33.808328 23.483840
15.162708 34.238252 23.911049
15.967676 33.773504 22.145478
17.045558 33.151188 21.533314
17.105130 33.116794 20.575639
19.171536 31.923754 21.655861
19.233342 31.888070 20.698753
20.111907 31.380974 22.386031
20.845140 30.957499 21.933859
21.122894 30.797137 24.566330
21.855259 30.374306 24.111888
21.123639 30.796707 25.980716
20.019694 31.434070 26.558839
19.961239 31.467819 27.516514
17.818133 32.705142 26.476007
17.760050 32.738676 27.433682
16.871682 33.251575 25.734489
16.131499 33.678920 26.171343
16.909659 33.229649 24.269610
17.998339 32.601100 23.626810
18.006902 32.596156 22.294121
20.114637 31.379254 23.795878
19.055743 31.990607 24.452862
18.996171 32.025001 25.807677
14.918462 34.379267 21.279145
22.174714 30.189868 26.795988
13.947313 23.730254 36.346640
22.164785 28.405252 30.402020
15.957126 23.543666 35.196069
17.986673 24.715425 33.786789
19.145350 25.384388 33.010096
21.151439 26.542604 31.563939
14.815576 22.884592 35.989781
22.276979 27.192435 30.767956
15.869133 24.883956 34.865875
15.097303 25.390622 35.128555
16.882852 25.496168 34.161235
19.015780 26.728332 32.675931
20.047370 27.288523 31.969589
20.008028 28.221674 31.747758
16.819929 26.876441 33.767499
16.024145 27.382462 33.946779
17.877829 27.483064 33.139450
17.860330 28.433412 33.004990
-1.598145 -0.922690 37.416649
-26.419845 42.069756 37.416649
48.045255 -0.922690 37.416649
23.223555 42.069756 37.416649
24.821700 26.875151 29.271873
37.232550 -5.376062 21.862373
12.410850 37.616384 21.862373
37.232550 -4.146048 20.015105
12.410850 38.846397 20.015105
24.821700 25.424586 28.003861
24.821700 26.691573 26.215596
37.232550 -3.127987 23.483840
12.410850 39.864459 23.483840
37.232550 -3.987836 23.911049
12.410850 39.004610 23.911049
37.232550 -3.058339 22.145478
12.410850 39.934106 22.145478
37.232550 -1.813708 21.533314
12.410850 41.178738 21.533314
37.232550 -1.744920 20.575639
12.410850 41.247525 20.575639
24.821700 22.137383 21.655861
24.821700 22.208751 20.698753
24.821576 23.223158 22.386031
24.821700 24.069894 21.933859
24.821700 24.390618 24.566330
24.821700 25.236279 24.111888
24.821700 24.391477 25.980716
24.821700 23.116751 26.558839
24.821700 23.049253 27.516514
37.232550 -0.921615 26.476007
12.410850 42.070831 26.476007
37.232550 -0.988683 27.433682
12.410850 42.003763 27.433682
37.232550 -2.014483 25.734489
12.410850 40.977963 25.734489
37.232550 -2.869173 26.171343
12.410850 40.123273 26.171343
37.232550 -1.970630 24.269610
12.410850 41.021815 24.269610
37.232550 -0.713531 23.626810
12.410850 42.278914 23.626810
37.232550 -0.703643 22.294121
12.410850 42.288803 22.294121
24.821700 23.226382 23.795878
24.821700 22.003677 24.452862
24.821700 21.934889 25.807677
37.232550 -4.269866 21.279145
12.410850 38.722579 21.279145
24.821700 25.605154 26.795988
-15.113809 21.709824 36.346640
34.529591 21.709824 36.346640
26.372187 26.488864 30.402020
-15.957126 23.543666 35.196069
33.686274 23.543666 35.196069
-17.986673 24.715425 33.786789
31.656727 24.715425 33.786789
-19.145350 25.384388 33.010096
30.498050 25.384388 33.010096
-21.151439 26.542604 31.563939
28.491961 26.542604 31.563939
-14.815576 22.884592 35.989781
34.827824 22.884592 35.989781
-22.276979 27.192435 30.767956
27.366421 27.192435 30.767956
-17.073855 22.797317 34.865875
32.569545 22.797317 34.865875
-17.126725 21.875559 35.128555
32.516675 21.875559 35.128555
-18.110905 23.369117 34.161235
31.532495 23.369117 34.161235
-20.244454 24.600206 32.675931
29.398946 24.600206 32.675931
-21.245389 25.213493 31.969589
28.398011 25.213493 31.969589
27.609549 24.712846 31.747758
-19.274795 22.624488 33.767499
30.368605 22.624488 33.767499
-19.315130 21.682308 33.946779
30.328270 21.682308 33.946779
-20.329096 23.237345 33.139450
29.314304 23.237345 33.139450
28.500028 22.747016 33.004990
26.419845 -0.922690 37.416649
1.598145 42.069756 37.416649
-23.274563 29.554870 29.271873
26.368837 29.554870 29.271873
10.861231 34.932365 21.862373
9.796008 34.317358 20.015105
-22.018337 30.280153 28.003861
27.625063 30.280153 28.003861
-23.115580 29.646659 26.215596
26.527820 29.646659 26.215596
8.914341 33.808328 23.483840
9.658992 34.238252 23.911049
8.854024 33.773504 22.145478
7.776142 33.151188 21.533314
7.716570 33.116794 20.575639
-19.171536 31.923754 21.655861
30.471864 31.923754 21.655861
-19.233342 31.888070 20.698753
30.410058 31.888070 20.698753
-20.111782 31.380759 22.386031
29.531618 31.380759 22.386031
-20.845140 30.957499 21.933859
28.798260 30.957499 21.933859
-21.122894 30.797137 24.566330
28.520506 30.797137 24.566330
-21.855259 30.374306 24.111888
27.788141 30.374306 24.111888
-21.123639 30.796707 25.980716
28.519761 30.796707 25.980716
-20.019694 31.434070 26.558839
29.623706 31.434070 26.558839
-19.961239 31.467819 27.516514
29.682161 31.467819 27.516514
7.003567 32.705142 26.476007
7.061650 32.738676 27.433682
7.950018 33.251575 25.734489
8.690201 33.678920 26.171343
7.912041 33.229649 24.269610
6.823361 32.601100 23.626810
6.814798 32.596156 22.294121
-20.114637 31.379254 23.795878
29.528763 31.379254 23.795878
-19.055743 31.990607 24.452862
30.587657 31.990607 24.452862
-18.996171 32.025001 25.807677
30.647229 32.025001 25.807677
9.903238 34.379267 21.279145
-22.174714 30.189868 26.795988
27.468686 30.189868 26.795988
1.166496 -2.447632 36.346640
-23.655204 40.544814 36.346640
50.809896 -2.447632 36.346640
25.988196 40.544814 36.346640
-23.715273 31.090775 30.402020
25.928127 31.090775 30.402020
0.000000 -4.094887 35.196069
-24.821700 38.897558 35.196069
49.643400 -4.094887 35.196069
24.821700 38.897558 35.196069
0.000000 -6.438405 33.786789
-24.821700 36.554040 33.786789
49.643400 -6.438405 33.786789
24.821700 36.554040 33.786789
-24.821700 35.216115 33.010096
24.821700 35.216115 33.010096
-24.821700 32.899682 31.563939
24.821700 32.899682 31.563939
0.000000 -2.776739 35.989781
-24.821700 40.215707 35.989781
49.643400 -2.776739 35.989781
24.821700 40.215707 35.989781
-24.821700 31.600021 30.767956
24.821700 31.600021 30.767956
1.204721 -4.688828 34.865875
-23.616979 38.303618 34.865875
50.848121 -4.688828 34.865875
26.026421 38.303618 34.865875
2.029422 -4.273736 35.128555
-22.792278 38.718710 35.128555
51.672822 -4.273736 35.128555
26.851122 38.718710 35.128555
1.228054 -5.872840 34.161235
-23.593646 37.119606 34.161235
50.871454 -5.872840 34.161235
26.049754 37.119606 34.161235
-23.593026 34.656354 32.675931
26.050374 34.656354 32.675931
-23.623681 33.482875 31.969589
26.019719 33.482875 31.969589
-22.795877 33.050371 31.747758
26.847523 33.050371 31.747758
-22.366834 36.483963 33.767499
27.276566 36.483963 33.767499
3.290985 -6.072325 33.946779
-21.530715 36.920121 33.946779
52.934385 -6.072325 33.946779
28.112685 36.920121 33.946779
-22.370433 35.264482 33.139450
27.272967 35.264482 33.139450
-21.538658 34.804463 33.004990
28.104742 34.804463 33.004990
-1.166496 -2.447632 36.346640
-25.988196 40.544814 36.346640
48.476904 -2.447632 36.346640
23.655204 40.544814 36.346640
23.715273 31.090775 30.402020
-1.204721 -4.688828 34.865875
-26.026421 38.303618 34.865875
48.438679 -4.688828 34.865875
23.616979 38.303618 34.865875
-2.029422 -4.273736 35.128555
-26.851122 38.718710 35.128555
47.613978 -4.273736 35.128555
22.792278 38.718710 35.128555
-1.228054 -5.872840 34.161235
-26.049754 37.119606 34.161235
48.415346 -5.872840 34.161235
23.593646 37.119606 34.161235
-26.050374 34.656354 32.675931
23.593026 34.656354 32.675931
-26.019719 33.482875 31.969589
23.623681 33.482875 31.969589
22.795877 33.050371 31.747758
-27.276566 36.483963 33.767499
22.366834 36.483963 33.767499
-3.290985 -6.072325 33.946779
-28.112685 36.920121 33.946779
46.352415 -6.072325 33.946779
21.530715 36.920121 33.946779
-27.272967 35.264482 33.139450
22.370433 35.264482 33.139450
21.538658 34.804463 33.004990
15.113809 21.709824 36.346640
23.271213 26.488864 30.402020
17.073855 22.797317 34.865875
17.126725 21.875559 35.128555
18.110905 23.369117 34.161235
20.244454 24.600206 32.675931
21.245389 25.213493 31.969589
22.033851 24.712846 31.747758
19.274795 22.624488 33.767499
19.315130 21.682308 33.946779
20.329096 23.237345 33.139450
21.143372 22.747016 33.004990
-13.947313 23.730254 36.346640
35.696087 23.730254 36.346640
-22.164785 28.405252 30.402020
27.478615 28.405252 30.402020
-15.869133 24.883956 34.865875
33.774267 24.883956 34.865875
-15.097303 25.390622 35.128555
34.546097 25.390622 35.128555
-16.882852 25.496168 34.161235
32.760548 25.496168 34.161235
-19.015780 26.728332 32.675931
30.627620 26.728332 32.675931
-20.047370 27.288523 31.969589
29.596030 27.288523 31.969589
-20.008028 28.221674 31.747758
29.635372 28.221674 31.747758
-16.819929 26.876441 33.767499
32.823471 26.876441 33.767499
-16.024145 27.382462 33.946779
33.619255 27.382462 33.946779
-17.877829 27.483064 33.139450
31.765571 27.483064 33.139450
-17.860330 28.433412 33.004990
31.783070 28.433412 33.004990
23.285237 26.427600 39.299093
15.067765 21.752601 45.243713
21.363417 25.273897 40.779858
22.135247 24.767231 40.517179
20.349698 24.661685 41.484498
18.216770 23.429521 42.969802
17.185180 22.869330 43.676144
17.224522 21.936179 43.897976
20.412621 23.281412 41.878234
21.208405 22.775391 41.698954
19.354721 22.674789 42.506283
19.372220 21.724441 42.640743
-22.118741 28.448030 39.299093
27.524659 28.448030 39.299093
-13.961337 23.668989 45.243713
35.682063 23.668989 45.243713
-20.158695 27.360536 40.779858
29.484705 27.360536 40.779858
-20.105825 28.282294 40.517179
29.537575 28.282294 40.517179
-19.121645 26.788736 41.484498
30.521755 26.788736 41.484498
-16.988096 25.557647 42.969802
32.655304 25.557647 42.969802
-15.987161 24.944360 43.676144
33.656239 24.944360 43.676144
-15.198699 25.445007 43.897976
34.444701 25.445007 43.897976
-17.957755 27.533365 41.878234
31.685645 27.533365 41.878234
-17.917420 28.475545 41.698954
31.725980 28.475545 41.698954
-16.903454 26.920508 42.506283
32.739946 26.920508 42.506283
-16.089178 27.410837 42.640743
33.554222 27.410837 42.640743
23.655204 31.109262 39.299093
-1.106427 -2.429145 45.243713
-25.928127 40.563301 45.243713
48.536973 -2.429145 45.243713
23.715273 40.563301 45.243713
-26.026421 33.350458 40.779858
23.616979 33.350458 40.779858
22.792278 32.935366 40.517179
-26.049754 34.534470 41.484498
23.593646 34.534470 41.484498
-1.228674 -5.994723 42.969802
-26.050374 36.997722 42.969802
48.414726 -5.994723 42.969802
23.593026 36.997722 42.969802
-1.198019 -4.821244 43.676144
-26.019719 38.171201 43.676144
48.445381 -4.821244 43.676144
23.623681 38.171201 43.676144
-2.025823 -4.388740 43.897976
-26.847523 38.603705 43.897976
47.617577 -4.388740 43.897976
22.795877 38.603705 43.897976
-27.276566 35.170113 41.878234
22.366834 35.170113 41.878234
21.530715 34.733955 41.698954
-27.272967 36.389594 42.506283
22.370433 36.389594 42.506283
-3.283042 -6.142832 42.640743
-28.104742 36.849613 42.640743
46.360358 -6.142832 42.640743
21.538658 36.849613 42.640743
LINES 12014 36042
2 0 9
2 0 1756
2 0 1907
2 0 2120
2 1 10
2 1 1757
2 1 1908
2 1 2121
2 2 9
2 2 72
2 2 832
2 2 2122
2 3 10
2 3 73
2 3 833
2 3 2123
2 4 11
2 4 16
2 4 74
2 4 800
2 5 75
2 5 801
2 6 17
2 6 76
2 7 77
2 8 11
2 8 18
2 8 135
2 8 234
2 9 126
2 9 216
2 10 127
2 10 217
2 11 130
2 11 220
2 12 68
2 12 892
2 13 69
2 13 893
2 14 68
2 14 983
2 15 69
2 15 984
2 16 70
2 17 71
2 18 70
2 19 71
2 20 22
2 20 24
2 20 56
2 21 23
2 21 25
2 21 57
2 24 26
2 24 68
2 25 27
2 25 69
2 26 28
2 26 60
2 27 29
2 27 61
2 30 32
2 30 34
2 30 60
2 31 33
2 31 35
2 31 61
2 34 36
2 34 62
2 35 37
2 35 63
2 38 40
2 38 42
2 38 62
2 39 41
2 39 43
2 39 63
2 42 44
2 42 70
2 43 45
2 43 71
2 44 46
2 44 66
2 45 47
2 45 67
2 48 50
2 48 52
2 48 66
2 49 51
2 49 53
2 49 67
2 52 54
2 52 56
2 53 55
2 53 57
2 56 58
2 57 59
2 58 60
2 58 64
2 59 61
2 59 65
2 62 64
2 63 65
2 64 66
2 65 67
2 72 90
2 73 91
2 74 92
2 75 93
2 76 94
2 77 95
2 78 90
2 78 96
2 78 862
2 79 91
2 79 97
2 79 863
2 80 100
2 80 866
2 80 2654
2 81 101
2 81 867
2 81 2655
2 82 102
2 82 868
2 82 2650
2 83 103
2 83 869
2 83 2651
2 84 104
2 84 870
2 84 2652
2 85 105
2 85 871
2 85 2653
2 86 92
2 86 106
2 86 872
2 87 93
2 87 107
2 87 873
2 88 94
2 88 108
2 88 874
2 89 95
2 89 109
2 89 875
2 90 856
2 91 857
2 92 858
2 93 859
2 94 860
2 95 861
2 96 98
2 96 100
2 97 99
2 97 101
2 100 114
2 101 115
2 102 106
2 102 118
2 103 107
2 103 119
2 104 108
2 104 120
2 105 109
2 105 121
2 106 110
2 107 111
2 108 112
2 109 113
2 114 116
2 114 2690
2 115 117
2 115 2691
2 118 122
2 118 2682
2 119 123
2 119 2683
2 120 124
2 120 2684
2 121 125
2 121 2685
2 126 162
2 126 856
2 126 1760
2 127 163
2 127 857
2 127 1761
2 128 164
2 128 1762
2 129 165
2 129 1763
2 130 134
2 130 166
2 130 834
2 131 167
2 131 835
2 132 160
2 132 982
2 133 160
2 133 1054
2 134 161
2 135 161
2 136 137
2 136 138
2 136 154
2 138 139
2 138 160
2 139 140
2 139 156
2 141 142
2 141 143
2 141 156
2 143 144
2 143 157
2 145 146
2 145 147
2 145 157
2 147 148
2 147 161
2 148 149
2 148 159
2 150 151
2 150 152
2 150 159
2 152 153
2 152 154
2 154 155
2 155 156
2 155 158
2 157 158
2 158 159
2 162 180
2 163 181
2 164 182
2 165 183
2 166 184
2 167 185
2 168 180
2 168 186
2 168 802
2 169 181
2 169 187
2 169 803
2 170 182
2 170 188
2 170 804
2 171 183
2 171 189
2 171 805
2 172 194
2 172 810
2 172 5426
2 173 195
2 173 811
2 173 5427
2 174 196
2 174 812
2 174 5428
2 175 197
2 175 813
2 175 5429
2 176 198
2 176 814
2 176 5424
2 177 199
2 177 815
2 177 5425
2 178 184
2 178 200
2 178 816
2 179 185
2 179 201
2 179 817
2 180 796
2 181 797
2 182 798
2 183 799
2 184 800
2 185 801
2 186 190
2 186 194
2 187 191
2 187 195
2 188 192
2 188 196
2 189 193
2 189 197
2 194 204
2 195 205
2 196 206
2 197 207
2 198 200
2 198 212
2 199 201
2 199 213
2 200 202
2 201 203
2 204 208
2 204 5462
2 205 209
2 205 5463
2 206 210
2 206 5464
2 207 211
2 207 5465
2 212 214
2 212 5458
2 213 215
2 213 5459
2 216 314
2 216 796
2 216 1911
2 217 315
2 217 797
2 217 1912
2 218 798
2 218 1913
2 219 799
2 219 1914
2 220 232
2 220 316
2 220 858
2 221 317
2 221 859
2 222 233
2 222 860
2 223 861
2 224 308
2 224 1050
2 225 309
2 225 1051
2 226 310
2 226 1052
2 227 311
2 227 1053
2 228 308
2 228 894
2 229 309
2 229 895
2 230 310
2 230 896
2 231 311
2 231 897
2 232 312
2 233 313
2 234 312
2 235 313
2 236 240
2 236 244
2 236 290
2 237 241
2 237 245
2 237 291
2 238 242
2 238 246
2 238 292
2 239 243
2 239 247
2 239 293
2 244 248
2 244 308
2 245 249
2 245 309
2 246 250
2 246 310
2 247 251
2 247 311
2 248 252
2 248 298
2 249 253
2 249 299
2 250 254
2 250 300
2 251 255
2 251 301
2 256 258
2 256 260
2 256 298
2 257 259
2 257 261
2 257 299
2 260 262
2 260 302
2 261 263
2 261 303
2 264 266
2 264 268
2 264 302
2 265 267
2 265 269
2 265 303
2 268 270
2 268 312
2 269 271
2 269 313
2 270 272
2 270 306
2 271 273
2 271 307
2 274 278
2 274 282
2 274 306
2 275 279
2 275 283
2 275 307
2 276 280
2 276 284
2 277 281
2 277 285
2 282 286
2 282 290
2 283 287
2 283 291
2 284 288
2 284 292
2 285 289
2 285 293
2 290 294
2 291 295
2 292 296
2 293 297
2 294 298
2 294 304
2 295 299
2 295 305
2 296 300
2 297 301
2 302 304
2 303 305
2 304 306
2 305 307
2 314 326
2 315 327
2 316 328
2 317 329
2 318 326
2 318 330
2 318 836
2 319 327
2 319 331
2 319 837
2 320 322
2 320 334
2 320 840
2 321 323
2 321 335
2 321 841
2 322 336
2 322 842
2 323 337
2 323 843
2 324 328
2 324 338
2 324 844
2 325 329
2 325 339
2 325 845
2 326 832
2 327 833
2 328 834
2 329 835
2 330 332
2 330 334
2 331 333
2 331 335
2 334 342
2 335 343
2 336 338
2 336 346
2 337 339
2 337 347
2 338 340
2 339 341
2 342 344
2 342 346
2 343 345
2 343 347
2 346 348
2 347 349
2 350 359
2 350 1153
2 350 1293
2 350 1404
2 351 360
2 351 1154
2 351 1294
2 351 1405
2 352 359
2 352 422
2 352 772
2 352 1295
2 353 360
2 353 423
2 353 773
2 353 1296
2 354 424
2 354 704
2 355 361
2 355 366
2 355 425
2 355 705
2 356 426
2 357 367
2 357 427
2 358 361
2 358 368
2 358 494
2 358 619
2 359 476
2 359 610
2 360 477
2 360 611
2 361 481
2 361 615
2 362 418
2 362 2214
2 363 419
2 363 2215
2 364 418
2 364 2397
2 365 419
2 365 2398
2 366 420
2 367 421
2 368 420
2 369 421
2 370 372
2 370 374
2 370 406
2 371 373
2 371 375
2 371 407
2 374 376
2 374 418
2 375 377
2 375 419
2 376 378
2 376 410
2 377 379
2 377 411
2 380 382
2 380 384
2 380 410
2 381 383
2 381 385
2 381 411
2 384 386
2 384 412
2 385 387
2 385 413
2 388 390
2 388 392
2 388 412
2 389 391
2 389 393
2 389 413
2 392 394
2 392 420
2 393 395
2 393 421
2 394 396
2 394 416
2 395 397
2 395 417
2 398 400
2 398 402
2 398 416
2 399 401
2 399 403
2 399 417
2 402 404
2 402 406
2 403 405
2 403 407
2 406 408
2 407 409
2 408 410
2 408 414
2 409 411
2 409 415
2 412 414
2 413 415
2 414 416
2 415 417
2 422 440
2 423 441
2 424 442
2 425 443
2 426 444
2 427 445
2 428 440
2 428 446
2 428 742
2 429 441
2 429 447
2 429 743
2 430 450
2 430 746
2 430 5628
2 431 451
2 431 747
2 431 5629
2 432 452
2 432 748
2 432 5624
2 433 453
2 433 749
2 433 5625
2 434 454
2 434 750
2 434 5626
2 435 455
2 435 751
2 435 5627
2 436 442
2 436 456
2 436 752
2 437 443
2 437 457
2 437 753
2 438 444
2 438 458
2 438 754
2 439 445
2 439 459
2 439 755
2 440 736
2 441 737
2 442 738
2 443 739
2 444 740
2 445 741
2 446 448
2 446 450
2 447 449
2 447 451
2 450 464
2 451 465
2 452 456
2 452 468
2 453 457
2 453 469
2 454 458
2 454 470
2 455 459
2 455 471
2 456 460
2 457 461
2 458 462
2 459 463
2 464 466
2 464 5664
2 465 467
2 465 5665
2 468 472
2 468 5656
2 469 473
2 469 5657
2 470 474
2 470 5658
2 471 475
2 471 5659
2 476 574
2 476 700
2 476 1408
2 477 575
2 477 701
2 477 1409
2 478 702
2 478 1410
2 479 703
2 479 1411
2 480 576
2 480 738
2 481 492
2 481 577
2 481 739
2 482 740
2 483 493
2 483 741
2 484 568
2 484 2304
2 485 569
2 485 2305
2 486 570
2 486 2306
2 487 571
2 487 2307
2 488 568
2 488 2216
2 489 569
2 489 2217
2 490 570
2 490 2218
2 491 571
2 491 2219
2 492 572
2 493 573
2 494 572
2 495 573
2 496 500
2 496 504
2 496 550
2 497 501
2 497 505
2 497 551
2 498 502
2 498 506
2 498 552
2 499 503
2 499 507
2 499 553
2 504 508
2 504 568
2 505 509
2 505 569
2 506 510
2 506 570
2 507 511
2 507 571
2 508 512
2 508 558
2 509 513
2 509 559
2 510 514
2 510 560
2 511 515
2 511 561
2 516 518
2 516 520
2 516 558
2 517 519
2 517 521
2 517 560
2 520 522
2 520 562
2 521 523
2 521 563
2 524 526
2 524 528
2 524 562
2 525 527
2 525 529
2 525 563
2 528 530
2 528 572
2 529 531
2 529 573
2 530 532
2 530 566
2 531 533
2 531 567
2 534 538
2 534 542
2 534 566
2 535 539
2 535 543
2 536 540
2 536 544
2 536 567
2 537 541
2 537 545
2 542 546
2 542 550
2 543 547
2 543 551
2 544 548
2 544 552
2 545 549
2 545 553
2 550 554
2 551 555
2 552 556
2 553 557
2 554 558
2 554 564
2 555 559
2 556 560
2 556 565
2 557 561
2 562 564
2 563 565
2 564 566
2 565 567
2 574 586
2 575 587
2 576 588
2 577 589
2 578 586
2 578 590
2 578 776
2 579 587
2 579 591
2 579 777
2 580 582
2 580 594
2 580 780
2 581 583
2 581 595
2 581 781
2 582 596
2 582 782
2 583 597
2 583 783
2 584 588
2 584 598
2 584 784
2 585 589
2 585 599
2 585 785
2 586 772
2 587 773
2 588 774
2 589 775
2 590 592
2 590 594
2 591 593
2 591 595
2 594 602
2 595 603
2 596 598
2 596 606
2 597 599
2 597 607
2 598 600
2 599 601
2 602 604
2 602 606
2 603 605
2 603 607
2 606 608
2 607 609
2 610 646
2 610 736
2 610 1157
2 611 647
2 611 737
2 611 1158
2 612 648
2 612 1159
2 613 649
2 613 1160
2 614 650
2 614 774
2 615 618
2 615 651
2 615 775
2 616 644
2 616 2396
2 617 644
2 617 2308
2 618 645
2 619 645
2 620 621
2 620 622
2 620 638
2 622 623
2 622 644
2 623 624
2 623 640
2 625 626
2 625 627
2 625 640
2 627 628
2 627 641
2 629 630
2 629 631
2 629 641
2 631 632
2 631 645
2 632 633
2 632 643
2 634 635
2 634 636
2 634 643
2 636 637
2 636 638
2 638 639
2 639 640
2 639 642
2 641 642
2 642 643
2 646 664
2 647 665
2 648 666
2 649 667
2 650 668
2 651 669
2 652 664
2 652 670
2 652 706
2 653 665
2 653 671
2 653 707
2 654 666
2 654 672
2 654 708
2 655 667
2 655 673
2 655 709
2 656 678
2 656 714
2 656 3258
2 657 679
2 657 715
2 657 3259
2 658 680
2 658 716
2 658 3260
2 659 681
2 659 717
2 659 3261
2 660 682
2 660 718
2 660 3256
2 661 683
2 661 719
2 661 3257
2 662 668
2 662 684
2 662 720
2 663 669
2 663 685
2 663 721
2 664 700
2 665 701
2 666 702
2 667 703
2 668 704
2 669 705
2 670 674
2 670 678
2 671 675
2 671 679
2 672 676
2 672 680
2 673 677
2 673 681
2 678 688
2 679 689
2 680 690
2 681 691
2 682 684
2 682 696
2 683 685
2 683 697
2 684 686
2 685 687
2 688 692
2 688 3294
2 689 693
2 689 3295
2 690 694
2 690 3296
2 691 695
2 691 3297
2 696 698
2 696 3290
2 697 699
2 697 3291
2 706 710
2 706 714
2 707 711
2 707 715
2 708 712
2 708 716
2 709 713
2 709 717
2 714 724
2 715 725
2 716 726
2 717 727
2 718 720
2 718 732
2 719 721
2 719 733
2 720 722
2 721 723
2 724 728
2 724 3330
2 725 729
2 725 3331
2 726 730
2 726 3332
2 727 731
2 727 3333
2 732 734
2 732 3326
2 733 735
2 733 3327
2 742 744
2 742 746
2 743 745
2 743 747
2 746 760
2 747 761
2 748 752
2 748 764
2 749 753
2 749 765
2 750 754
2 750 766
2 751 755
2 751 767
2 752 756
2 753 757
2 754 758
2 755 759
2 760 762
2 760 5932
2 761 763
2 761 5933
2 764 768
2 764 5924
2 765 769
2 765 5925
2 766 770
2 766 5926
2 767 771
2 767 5927
2 776 778
2 776 780
2 777 779
2 777 781
2 780 788
2 781 789
2 782 784
2 782 792
2 783 785
2 783 793
2 784 786
2 785 787
2 788 790
2 788 792
2 789 791
2 789 793
2 792 794
2 793 795
2 802 806
2 802 810
2 803 807
2 803 811
2 804 808
2 804 812
2 805 809
2 805 813
2 810 820
2 811 821
2 812 822
2 813 823
2 814 816
2 814 828
2 815 817
2 815 829
2 816 818
2 817 819
2 820 824
2 820 5988
2 821 825
2 821 5989
2 822 826
2 822 5990
2 823 827
2 823 5991
2 828 830
2 828 5984
2 829 831
2 829 5985
2 836 838
2 836 840
2 837 839
2 837 841
2 840 848
2 841 849
2 842 844
2 842 852
2 843 845
2 843 853
2 844 846
2 845 847
2 848 850
2 848 852
2 849 851
2 849 853
2 852 854
2 853 855
2 862 864
2 862 866
2 863 865
2 863 867
2 866 880
2 867 881
2 868 872
2 868 884
2 869 873
2 869 885
2 870 874
2 870 886
2 871 875
2 871 887
2 872 876
2 873 877
2 874 878
2 875 879
2 880 882
2 880 3490
2 881 883
2 881 3491
2 884 888
2 884 3482
2 885 889
2 885 3483
2 886 890
2 886 3484
2 887 891
2 887 3485
2 892 900
2 892 2704
2 892 5476
2 893 901
2 893 2705
2 893 5477
2 894 933
2 894 1057
2 894 4244
2 895 934
2 895 1058
2 895 4245
2 896 935
2 896 1059
2 896 4246
2 897 936
2 897 1060
2 897 4247
2 898 902
2 898 905
2 898 937
2 898 1679
2 899 902
2 899 906
2 899 992
2 899 1065
2 900 983
2 900 3648
2 900 6056
2 901 984
2 901 3649
2 901 6057
2 902 985
2 902 1055
2 903 931
2 903 1745
2 904 931
2 904 1890
2 905 932
2 906 932
2 907 908
2 907 909
2 907 925
2 909 910
2 909 931
2 910 911
2 910 927
2 912 913
2 912 914
2 912 927
2 914 915
2 914 928
2 916 917
2 916 918
2 916 928
2 918 919
2 918 932
2 919 920
2 919 930
2 921 922
2 921 923
2 921 930
2 923 924
2 923 925
2 925 926
2 926 927
2 926 929
2 928 929
2 929 930
2 933 950
2 934 951
2 935 952
2 936 953
2 937 954
2 938 950
2 938 956
2 938 1717
2 939 951
2 939 957
2 939 1718
2 940 952
2 940 958
2 940 1719
2 941 953
2 941 959
2 941 1720
2 942 946
2 942 964
2 942 1725
2 943 965
2 943 1726
2 944 947
2 944 966
2 944 1727
2 945 967
2 945 1728
2 946 968
2 946 1729
2 947 969
2 947 1730
2 948 954
2 948 970
2 948 1731
2 949 955
2 949 971
2 949 1732
2 950 1711
2 951 1712
2 952 1713
2 953 1714
2 954 1715
2 955 1716
2 956 960
2 956 964
2 957 961
2 957 965
2 958 962
2 958 966
2 959 963
2 959 967
2 964 973
2 966 974
2 968 970
2 968 979
2 969 971
2 969 980
2 970 972
2 973 975
2 973 979
2 974 977
2 974 980
2 979 981
2 982 986
2 982 2610
2 982 7986
2 983 3610
2 983 6879
2 984 3611
2 984 6880
2 985 991
2 985 1033
2 985 1692
2 986 1054
2 986 3562
2 986 8594
2 987 1029
2 987 1745
2 988 1030
2 989 1029
2 989 2114
2 990 1030
2 990 2115
2 991 1031
2 992 1031
2 993 995
2 993 997
2 993 1020
2 994 996
2 994 998
2 994 1021
2 997 999
2 997 1029
2 998 1000
2 998 1030
2 999 1001
2 999 1024
2 1000 1002
2 1000 1025
2 1003 1004
2 1003 1005
2 1003 3600
2 1005 1006
2 1005 1026
2 1007 1008
2 1007 1009
2 1007 1026
2 1009 1010
2 1009 1031
2 1010 1011
2 1010 1028
2 1012 1014
2 1012 1016
2 1012 3605
2 1013 1015
2 1013 1017
2 1013 3606
2 1016 1018
2 1016 1020
2 1017 1019
2 1017 1021
2 1020 1022
2 1021 1023
2 1022 1024
2 1022 3603
2 1023 1025
2 1023 3604
2 1024 3576
2 1025 3577
2 1026 1027
2 1027 1028
2 1027 3599
2 1028 3594
2 1032 1038
2 1032 3562
2 1033 1039
2 1034 1038
2 1034 1040
2 1034 1680
2 1035 1036
2 1035 1042
2 1035 1682
2 1036 1043
2 1036 1683
2 1037 1039
2 1037 1044
2 1037 1684
2 1038 1678
2 1039 1679
2 1040 1041
2 1040 1042
2 1042 1046
2 1043 1044
2 1043 1048
2 1044 1045
2 1046 1047
2 1046 1048
2 1048 1049
2 1050 1057
2 1050 5176
2 1050 7838
2 1051 1058
2 1051 5177
2 1051 7839
2 1052 1059
2 1052 5178
2 1052 7840
2 1053 1060
2 1053 5179
2 1053 7841
2 1054 1678
2 1054 6241
2 1055 1063
2 1055 1108
2 1055 1715
2 1056 1064
2 1056 1109
2 1056 1716
2 1057 6117
2 1057 8747
2 1058 6118
2 1058 8748
2 1059 6119
2 1059 8749
2 1060 6120
2 1060 8750
2 1061 1103
2 1061 1745
2 1062 1103
2 1062 1746
2 1063 1104
2 1064 1105
2 1065 1104
2 1066 1105
2 1067 1068
2 1067 1069
2 1067 1094
2 1069 1070
2 1069 1103
2 1070 1071
2 1070 1096
2 1072 1074
2 1072 1076
2 1072 6233
2 1073 1075
2 1073 1077
2 1073 6234
2 1076 1078
2 1076 1097
2 1077 1079
2 1077 1098
2 1080 1082
2 1080 1084
2 1080 1097
2 1081 1083
2 1081 1085
2 1081 1098
2 1084 1086
2 1084 1104
2 1085 1087
2 1085 1105
2 1086 1088
2 1086 1101
2 1087 1089
2 1087 1102
2 1090 1091
2 1090 1092
2 1090 6237
2 1092 1093
2 1092 1094
2 1094 1095
2 1095 1096
2 1095 6236
2 1096 6212
2 1097 1099
2 1098 1100
2 1099 1101
2 1099 6231
2 1100 1102
2 1100 6232
2 1101 6221
2 1102 6222
2 1106 1118
2 1106 6193
2 1107 1119
2 1107 6194
2 1108 1120
2 1109 1121
2 1110 1118
2 1110 1122
2 1110 1693
2 1111 1119
2 1111 1123
2 1111 1694
2 1112 1114
2 1112 1126
2 1112 1697
2 1113 1115
2 1113 1127
2 1113 1698
2 1114 1128
2 1114 1699
2 1115 1129
2 1115 1700
2 1116 1120
2 1116 1130
2 1116 1701
2 1117 1121
2 1117 1131
2 1117 1702
2 1118 1690
2 1119 1691
2 1120 1692
2 1122 1124
2 1122 1126
2 1123 1125
2 1123 1127
2 1126 1134
2 1127 1135
2 1128 1130
2 1128 1138
2 1129 1131
2 1129 1139
2 1130 1132
2 1131 1133
2 1134 1136
2 1134 1138
2 1135 1137
2 1135 1139
2 1138 1140
2 1139 1141
2 1142 1150
2 1142 2225
2 1142 2315
2 1142 2401
2 1143 1150
2 1143 1269
2 1143 1657
2 1143 2316
2 1144 1151
2 1144 1161
2 1144 3830
2 1144 6805
2 1145 1152
2 1145 1162
2 1145 3831
2 1145 6806
2 1146 1151
2 1146 1163
2 1146 3874
2 1146 6673
2 1147 1164
2 1147 3875
2 1147 6674
2 1148 1152
2 1148 1165
2 1148 3876
2 1148 6675
2 1149 1166
2 1149 3877
2 1149 6676
2 1150 1287
2 1150 1387
2 1151 3866
2 1151 6661
2 1152 3867
2 1152 6662
2 1153 1261
2 1154 1262
2 1155 1263
2 1156 1264
2 1157 1261
2 1158 1262
2 1159 1263
2 1160 1264
2 1161 1265
2 1162 1267
2 1163 1265
2 1164 1266
2 1165 1267
2 1166 1268
2 1167 1171
2 1167 1175
2 1167 1237
2 1168 1172
2 1168 1176
2 1168 1238
2 1169 1173
2 1169 1177
2 1169 1239
2 1170 1174
2 1170 1178
2 1170 1240
2 1175 1179
2 1175 1261
2 1176 1180
2 1176 1262
2 1177 1181
2 1177 1263
2 1178 1182
2 1178 1264
2 1179 1183
2 1179 1245
2 1180 1184
2 1180 1246
2 1181 1185
2 1181 1247
2 1182 1186
2 1182 1248
2 1187 1191
2 1187 1195
2 1187 1245
2 1188 1192
2 1188 1196
2 1188 1246
2 1189 1193
2 1189 1197
2 1189 1247
2 1190 1194
2 1190 1198
2 1190 1248
2 1195 1199
2 1195 1249
2 1196 1200
2 1196 1250
2 1197 1201
2 1197 1251
2 1198 1202
2 1198 1252
2 1203 1207
2 1203 1211
2 1203 1249
2 1204 1208
2 1204 1212
2 1204 1250
2 1205 1209
2 1205 1213
2 1205 1251
2 1206 1210
2 1206 1214
2 1206 1252
2 1211 1215
2 1211 1265
2 1212 1216
2 1212 1266
2 1213 1217
2 1213 1267
2 1214 1218
2 1214 1268
2 1215 1219
2 1215 1257
2 1216 1258
2 1217 1220
2 1217 1259
2 1218 1260
2 1221 1225
2 1221 1229
2 1221 1257
2 1222 1226
2 1222 1230
2 1222 1258
2 1223 1227
2 1223 1231
2 1223 1259
2 1224 1228
2 1224 1232
2 1224 1260
2 1229 1233
2 1229 1237
2 1230 1234
2 1230 1238
2 1231 1235
2 1231 1239
2 1232 1236
2 1232 1240
2 1237 1241
2 1238 1242
2 1239 1243
2 1240 1244
2 1241 1245
2 1241 1253
2 1242 1246
2 1242 1254
2 1243 1247
2 1243 1255
2 1244 1248
2 1244 1256
2 1249 1253
2 1250 1254
2 1251 1255
2 1252 1256
2 1253 1257
2 1254 1258
2 1255 1259
2 1256 1260
2 1269 1275
2 1270 1276
2 1270 3768
2 1271 1275
2 1271 1277
2 1271 1647
2 1272 1273
2 1272 1279
2 1272 1649
2 1273 1280
2 1273 1650
2 1274 1276
2 1274 1281
2 1274 1651
2 1275 1645
2 1276 1646
2 1277 1278
2 1277 1279
2 1279 1283
2 1280 1281
2 1280 1285
2 1281 1282
2 1283 1284
2 1283 1285
2 1285 1286
2 1287 1351
2 1287 1611
2 1287 2403
2 1288 1352
2 1288 1612
2 1288 2404
2 1289 1292
2 1289 1297
2 1289 1646
2 1289 6643
2 1290 1292
2 1290 1298
2 1290 3775
2 1290 9207
2 1291 1299
2 1291 3776
2 1291 9208
2 1292 3768
2 1292 9201
2 1293 1347
2 1294 1348
2 1295 1347
2 1296 1348
2 1297 1349
2 1298 1349
2 1299 1350
2 1300 1302
2 1300 1304
2 1300 1335
2 1301 1303
2 1301 1305
2 1301 1336
2 1304 1306
2 1304 1347
2 1305 1307
2 1305 1348
2 1306 1308
2 1306 1339
2 1307 1309
2 1307 1340
2 1310 1312
2 1310 1314
2 1310 1339
2 1311 1313
2 1311 1315
2 1311 1340
2 1314 1316
2 1314 1341
2 1315 1317
2 1315 1342
2 1318 1320
2 1318 1322
2 1318 1341
2 1319 1321
2 1319 1323
2 1319 1342
2 1322 1324
2 1322 1349
2 1323 1325
2 1323 1350
2 1324 1326
2 1324 1345
2 1325 1346
2 1327 1329
2 1327 1331
2 1327 1345
2 1328 1330
2 1328 1332
2 1328 1346
2 1331 1333
2 1331 1335
2 1332 1334
2 1332 1336
2 1335 1337
2 1336 1338
2 1337 1339
2 1337 1343
2 1338 1340
2 1338 1344
2 1341 1343
2 1342 1344
2 1343 1345
2 1344 1346
2 1351 1363
2 1352 1364
2 1353 1365
2 1353 6524
2 1354 1366
2 1354 6525
2 1355 1363
2 1355 1367
2 1355 1660
2 1356 1364
2 1356 1368
2 1356 1661
2 1357 1359
2 1357 1371
2 1357 1663
2 1358 1360
2 1358 1372
2 1358 1664
2 1359 1373
2 1359 1665
2 1360 1374
2 1360 1666
2 1361 1365
2 1361 1375
2 1361 1667
2 1362 1366
2 1362 1376
2 1362 1668
2 1363 1657
2 1365 1658
2 1366 1659
2 1367 1369
2 1367 1371
2 1368 1370
2 1368 1372
2 1371 1379
2 1372 1380
2 1373 1375
2 1373 1383
2 1374 1376
2 1374 1384
2 1375 1377
2 1376 1378
2 1379 1381
2 1379 1383
2 1380 1382
2 1380 1384
2 1383 1385
2 1384 1386
2 1387 1564
2 1387 1645
2 1387 2226
2 1388 1400
2 1388 1412
2 1388 1565
2 1388 4183
2 1389 1401
2 1389 1413
2 1389 1566
2 1389 4184
2 1390 1402
2 1390 1414
2 1390 1567
2 1390 4185
2 1391 1403
2 1391 1415
2 1391 1568
2 1391 4186
2 1392 1400
2 1392 1416
2 1392 6286
2 1392 9019
2 1393 1417
2 1393 6287
2 1393 9020
2 1394 1401
2 1394 1418
2 1394 6288
2 1394 9021
2 1395 1419
2 1395 6289
2 1395 9022
2 1396 1402
2 1396 1420
2 1396 6290
2 1396 9023
2 1397 1421
2 1397 6291
2 1397 9024
2 1398 1403
2 1398 1422
2 1398 6292
2 1398 9025
2 1399 1423
2 1399 6293
2 1399 9026
2 1400 6261
2 1400 9003
2 1401 6262
2 1401 9004
2 1402 6263
2 1402 9005
2 1403 6264
2 1403 9006
2 1404 1552
2 1405 1553
2 1406 1554
2 1407 1555
2 1408 1552
2 1409 1553
2 1410 1554
2 1411 1555
2 1412 1556
2 1413 1558
2 1414 1560
2 1415 1562
2 1416 1556
2 1417 1557
2 1418 1558
2 1419 1559
2 1420 1560
2 1421 1561
2 1422 1562
2 1423 1563
2 1424 1428
2 1424 1432
2 1424 1524
2 1425 1429
2 1425 1433
2 1425 1525
2 1426 1430
2 1426 1434
2 1426 1526
2 1427 1431
2 1427 1435
2 1427 1527
2 1432 1436
2 1432 1552
2 1433 1437
2 1433 1553
2 1434 1438
2 1434 1554
2 1435 1439
2 1435 1555
2 1436 1440
2 1436 1532
2 1437 1441
2 1437 1533
2 1438 1442
2 1438 1534
2 1439 1443
2 1439 1535
2 1444 1448
2 1444 1456
2 1444 1532
2 1445 1449
2 1445 1457
2 1445 1533
2 1446 1450
2 1446 1458
2 1446 1534
2 1447 1451
2 1447 1459
2 1447 1535
2 1456 1464
2 1456 1536
2 1457 1465
2 1457 1537
2 1458 1466
2 1458 1538
2 1459 1467
2 1459 1539
2 1460 1468
2 1460 1540
2 1461 1469
2 1461 1541
2 1462 1470
2 1462 1542
2 1463 1471
2 1463 1543
2 1472 1480
2 1472 1488
2 1472 1536
2 1473 1481
2 1473 1489
2 1473 1537
2 1474 1482
2 1474 1490
2 1474 1538
2 1475 1483
2 1475 1491
2 1475 1539
2 1476 1484
2 1476 1492
2 1476 1540
2 1477 1485
2 1477 1493
2 1477 1541
2 1478 1486
2 1478 1494
2 1478 1542
2 1479 1487
2 1479 1495
2 1479 1543
2 1488 1496
2 1488 1556
2 1489 1497
2 1489 1557
2 1490 1498
2 1490 1558
2 1491 1499
2 1491 1559
2 1492 1500
2 1492 1560
2 1493 1501
2 1493 1561
2 1494 1502
2 1494 1562
2 1495 1503
2 1495 1563
2 1496 1504
2 1496 1548
2 1497 1549
2 1498 1505
2 1498 1550
2 1499 1551
2 1500 1506
2 1502 1507
2 1508 1512
2 1508 1516
2 1508 1548
2 1509 1513
2 1509 1517
2 1509 1549
2 1510 1514
2 1510 1518
2 1510 1550
2 1511 1515
2 1511 1519
2 1511 1551
2 1516 1520
2 1516 1524
2 1517 1521
2 1517 1525
2 1518 1522
2 1518 1526
2 1519 1523
2 1519 1527
2 1524 1528
2 1525 1529
2 1526 1530
2 1527 1531
2 1528 1532
2 1528 1544
2 1529 1533
2 1529 1545
2 1530 1534
2 1530 1546
2 1531 1535
2 1531 1547
2 1536 1544
2 1537 1545
2 1538 1546
2 1539 1547
2 1544 1548
2 1545 1549
2 1546 1550
2 1547 1551
2 1564 1579
2 1565 1581
2 1566 1582
2 1567 1583
2 1568 1584
2 1569 1579
2 1569 1585
2 1569 1617
2 1570 1580
2 1570 1586
2 1570 1618
2 1571 1573
2 1571 1588
2 1571 1621
2 1572 1574
2 1572 1589
2 1572 1622
2 1573 1590
2 1573 1623
2 1574 1592
2 1574 1625
2 1575 1581
2 1575 1594
2 1575 1627
2 1576 1582
2 1576 1595
2 1576 1628
2 1577 1583
2 1577 1596
2 1577 1629
2 1578 1584
2 1578 1597
2 1578 1630
2 1579 1611
2 1580 1612
2 1581 1613
2 1582 1614
2 1583 1615
2 1584 1616
2 1585 1587
2 1585 1588
2 1586 1589
2 1588 1602
2 1589 1603
2 1590 1594
2 1590 1605
2 1591 1595
2 1592 1596
2 1592 1606
2 1593 1597
2 1594 1598
2 1595 1599
2 1596 1600
2 1597 1601
2 1602 1604
2 1602 1605
2 1603 1606
2 1605 1607
2 1606 1609
2 1613 6261
2 1614 6262
2 1615 6263
2 1616 6264
2 1617 1619
2 1617 1621
2 1618 1620
2 1618 1622
2 1621 1635
2 1622 1636
2 1623 1627
2 1623 1639
2 1624 1628
2 1625 1629
2 1625 1640
2 1626 1630
2 1627 1631
2 1628 1632
2 1629 1633
2 1630 1634
2 1635 1637
2 1635 1639
2 1636 1638
2 1636 1640
2 1639 1641
2 1640 1643
2 1647 1648
2 1647 1649
2 1649 1653
2 1650 1651
2 1650 1655
2 1651 1652
2 1653 1654
2 1653 1655
2 1655 1656
2 1658 4015
2 1659 4016
2 1660 1662
2 1660 1663
2 1661 1664
2 1663 1671
2 1664 1672
2 1665 1667
2 1665 1674
2 1666 1668
2 1666 1675
2 1667 1669
2 1668 1670
2 1671 1673
2 1671 1674
2 1672 1675
2 1674 1676
2 1675 1677
2 1680 1681
2 1680 1682
2 1682 1686
2 1683 1684
2 1683 1688
2 1684 1685
2 1686 1687
2 1686 1688
2 1688 1689
2 1690 3494
2 1691 3495
2 1693 1695
2 1693 1697
2 1694 1696
2 1694 1698
2 1697 1704
2 1698 1705
2 1699 1701
2 1699 1708
2 1700 1702
2 1700 1709
2 1701 1703
2 1704 1706
2 1704 1708
2 1705 1707
2 1705 1709
2 1708 1710
2 1711 6117
2 1712 6118
2 1713 6119
2 1714 6120
2 1717 1721
2 1717 1725
2 1718 1722
2 1718 1726
2 1719 1723
2 1719 1727
2 1720 1724
2 1720 1728
2 1725 1735
2 1727 1736
2 1729 1731
2 1729 1741
2 1730 1732
2 1730 1742
2 1731 1733
2 1732 1734
2 1735 1737
2 1735 1741
2 1736 1739
2 1736 1742
2 1741 1743
2 1742 1744
2 1745 1753
2 1746 1753
2 1746 1872
2 1746 2565
2 1747 1754
2 1747 1764
2 1747 5115
2 1747 6961
2 1748 1755
2 1748 1765
2 1748 5116
2 1748 6962
2 1749 1766
2 1749 4587
2 1749 7121
2 1750 1754
2 1750 1767
2 1750 4588
2 1750 7122
2 1751 1768
2 1751 4589
2 1751 7123
2 1752 1755
2 1752 1769
2 1752 4590
2 1752 7124
2 1753 1890
2 1753 2114
2 1754 4575
2 1754 7113
2 1755 4576
2 1755 7114
2 1756 1864
2 1757 1865
2 1758 1866
2 1759 1867
2 1760 1864
2 1761 1865
2 1762 1866
2 1763 1867
2 1764 1869
2 1765 1871
2 1766 1868
2 1767 1869
2 1768 1870
2 1769 1871
2 1770 1774
2 1770 1778
2 1770 1840
2 1771 1775
2 1771 1779
2 1771 1841
2 1772 1776
2 1772 1780
2 1772 1842
2 1773 1777
2 1773 1781
2 1773 1843
2 1778 1782
2 1778 1864
2 1779 1783
2 1779 1865
2 1780 1784
2 1780 1866
2 1781 1785
2 1781 1867
2 1782 1786
2 1782 1848
2 1783 1787
2 1783 1849
2 1784 1788
2 1784 1850
2 1785 1789
2 1785 1851
2 1790 1794
2 1790 1798
2 1790 1848
2 1791 1795
2 1791 1799
2 1791 1849
2 1792 1796
2 1792 1800
2 1792 1850
2 1793 1797
2 1793 1801
2 1793 1851
2 1798 1802
2 1798 1852
2 1799 1803
2 1799 1853
2 1800 1804
2 1800 1854
2 1801 1805
2 1801 1855
2 1806 1810
2 1806 1814
2 1806 1852
2 1807 1811
2 1807 1815
2 1807 1853
2 1808 1812
2 1808 1816
2 1808 1854
2 1809 1813
2 1809 1817
2 1809 1855
2 1814 1818
2 1814 1868
2 1815 1819
2 1815 1869
2 1816 1820
2 1816 1870
2 1817 1821
2 1817 1871
2 1818 1860
2 1819 1822
2 1819 1861
2 1820 1862
2 1821 1823
2 1821 1863
2 1824 1828
2 1824 1832
2 1824 1860
2 1825 1829
2 1825 1833
2 1825 1861
2 1826 1830
2 1826 1834
2 1826 1862
2 1827 1831
2 1827 1835
2 1827 1863
2 1832 1836
2 1832 1840
2 1833 1837
2 1833 1841
2 1834 1838
2 1834 1842
2 1835 1839
2 1835 1843
2 1840 1844
2 1841 1845
2 1842 1846
2 1843 1847
2 1844 1848
2 1844 1856
2 1845 1849
2 1845 1857
2 1846 1850
2 1846 1858
2 1847 1851
2 1847 1859
2 1852 1856
2 1853 1857
2 1854 1858
2 1855 1859
2 1856 1860
2 1857 1861
2 1858 1862
2 1859 1863
2 1872 1878
2 1873 1879
2 1873 6899
2 1874 1878
2 1874 1880
2 1874 2588
2 1875 1876
2 1875 1882
2 1875 2590
2 1876 1883
2 1876 2591
2 1877 1879
2 1877 1884
2 1877 2592
2 1878 2586
2 1879 2587
2 1880 1881
2 1880 1882
2 1882 1886
2 1883 1884
2 1883 1888
2 1884 1885
2 1886 1887
2 1886 1888
2 1888 1889
2 1890 2067
2 1890 2586
2 1891 1903
2 1891 1915
2 1891 2068
2 1891 7641
2 1892 1904
2 1892 1916
2 1892 2069
2 1892 7642
2 1893 1905
2 1893 1917
2 1893 2070
2 1893 7643
2 1894 1906
2 1894 1918
2 1894 2071
2 1894 7644
2 1895 1919
2 1895 4337
2 1895 9679
2 1896 1903
2 1896 1920
2 1896 4338
2 1896 9680
2 1897 1921
2 1897 4339
2 1897 9681
2 1898 1904
2 1898 1922
2 1898 4340
2 1898 9682
2 1899 1923
2 1899 4341
2 1899 9683
2 1900 1905
2 1900 1924
2 1900 4342
2 1900 9684
2 1901 1925
2 1901 4343
2 1901 9685
2 1902 1906
2 1902 1926
2 1902 4344
2 1902 9686
2 1903 4312
2 1903 9663
2 1904 4313
2 1904 9664
2 1905 4314
2 1905 9665
2 1906 4315
2 1906 9666
2 1907 2055
2 1908 2056
2 1909 2057
2 1910 2058
2 1911 2055
2 1912 2056
2 1913 2057
2 1914 2058
2 1915 2060
2 1916 2062
2 1917 2064
2 1918 2066
2 1919 2059
2 1920 2060
2 1921 2061
2 1922 2062
2 1923 2063
2 1924 2064
2 1925 2065
2 1926 2066
2 1927 1931
2 1927 1935
2 1927 2027
2 1928 1932
2 1928 1936
2 1928 2028
2 1929 1933
2 1929 1937
2 1929 2029
2 1930 1934
2 1930 1938
2 1930 2030
2 1935 1939
2 1935 2055
2 1936 1940
2 1936 2056
2 1937 1941
2 1937 2057
2 1938 1942
2 1938 2058
2 1939 1943
2 1939 2035
2 1940 1944
2 1940 2036
2 1941 1945
2 1941 2037
2 1942 1946
2 1942 2038
2 1947 1951
2 1947 1959
2 1947 2035
2 1948 1952
2 1948 1960
2 1948 2036
2 1949 1955
2 1949 1963
2 1949 2037
2 1950 1956
2 1950 1964
2 1950 2038
2 1959 1967
2 1959 2039
2 1960 1968
2 1960 2040
2 1961 1969
2 1961 2041
2 1962 1970
2 1962 2042
2 1963 1971
2 1963 2043
2 1964 1972
2 1964 2044
2 1965 1973
2 1965 2045
2 1966 1974
2 1966 2046
2 1975 1983
2 1975 1991
2 1975 2039
2 1976 1984
2 1976 1992
2 1976 2040
2 1977 1985
2 1977 1993
2 1977 2041
2 1978 1986
2 1978 1994
2 1978 2042
2 1979 1987
2 1979 1995
2 1979 2043
2 1980 1988
2 1980 1996
2 1980 2044
2 1981 1989
2 1981 1997
2 1981 2045
2 1982 1990
2 1982 1998
2 1982 2046
2 1991 1999
2 1991 2059
2 1992 2000
2 1992 2060
2 1993 2001
2 1993 2061
2 1994 2002
2 1994 2062
2 1995 2003
2 1995 2063
2 1996 2004
2 1996 2064
2 1997 2005
2 1997 2065
2 1998 2006
2 1998 2066
2 1999 2051
2 2000 2007
2 2000 2052
2 2002 2008
2 2003 2053
2 2004 2009
2 2004 2054
2 2006 2010
2 2011 2015
2 2011 2019
2 2011 2051
2 2012 2016
2 2012 2020
2 2012 2052
2 2013 2017
2 2013 2021
2 2013 2053
2 2014 2018
2 2014 2022
2 2014 2054
2 2019 2023
2 2019 2027
2 2020 2024
2 2020 2028
2 2021 2025
2 2021 2029
2 2022 2026
2 2022 2030
2 2027 2031
2 2028 2032
2 2029 2033
2 2030 2034
2 2031 2035
2 2031 2047
2 2032 2036
2 2032 2048
2 2033 2037
2 2033 2049
2 2034 2038
2 2034 2050
2 2039 2047
2 2040 2048
2 2043 2049
2 2044 2050
2 2047 2051
2 2048 2052
2 2049 2053
2 2050 2054
2 2067 2082
2 2068 2084
2 2069 2085
2 2070 2086
2 2071 2087
2 2072 2082
2 2072 2088
2 2072 2537
2 2073 2083
2 2073 2089
2 2073 2538
2 2074 2076
2 2074 2091
2 2074 2541
2 2075 2077
2 2075 2092
2 2075 2542
2 2076 2093
2 2076 2543
2 2077 2094
2 2077 2544
2 2078 2084
2 2078 2097
2 2078 2547
2 2079 2085
2 2079 2098
2 2079 2548
2 2080 2086
2 2080 2099
2 2080 2549
2 2081 2087
2 2081 2100
2 2081 2550
2 2082 2531
2 2083 2532
2 2084 2533
2 2085 2534
2 2086 2535
2 2087 2536
2 2088 2090
2 2088 2091
2 2089 2092
2 2091 2105
2 2092 2106
2 2093 2097
2 2093 2108
2 2094 2098
2 2094 2109
2 2095 2099
2 2096 2100
2 2097 2101
2 2098 2102
2 2099 2103
2 2100 2104
2 2105 2107
2 2105 2108
2 2106 2109
2 2108 2110
2 2109 2111
2 2114 2178
2 2114 2531
2 2115 2179
2 2115 2532
2 2116 2119
2 2116 2124
2 2116 2587
2 2116 4844
2 2117 2125
2 2117 6906
2 2117 9591
2 2118 2119
2 2118 2126
2 2118 6907
2 2118 9592
2 2119 6899
2 2119 9585
2 2120 2174
2 2121 2175
2 2122 2174
2 2123 2175
2 2124 2177
2 2125 2176
2 2126 2177
2 2127 2129
2 2127 2131
2 2127 2162
2 2128 2130
2 2128 2132
2 2128 2163
2 2131 2133
2 2131 2174
2 2132 2134
2 2132 2175
2 2133 2135
2 2133 2166
2 2134 2136
2 2134 2167
2 2137 2139
2 2137 2141
2 2137 2166
2 2138 2140
2 2138 2142
2 2138 2167
2 2141 2143
2 2141 2168
2 2142 2144
2 2142 2169
2 2145 2147
2 2145 2149
2 2145 2168
2 2146 2148
2 2146 2150
2 2146 2169
2 2149 2151
2 2149 2176
2 2150 2152
2 2150 2177
2 2151 2172
2 2152 2153
2 2152 2173
2 2154 2156
2 2154 2158
2 2154 2172
2 2155 2157
2 2155 2159
2 2155 2173
2 2158 2160
2 2158 2162
2 2159 2161
2 2159 2163
2 2162 2164
2 2163 2165
2 2164 2166
2 2164 2170
2 2165 2167
2 2165 2171
2 2168 2170
2 2169 2171
2 2170 2172
2 2171 2173
2 2178 2190
2 2179 2191
2 2180 2192
2 2180 4719
2 2181 2193
2 2181 4720
2 2182 2190
2 2182 2194
2 2182 2568
2 2183 2191
2 2183 2195
2 2183 2569
2 2184 2186
2 2184 2198
2 2184 2571
2 2185 2187
2 2185 2199
2 2185 2572
2 2186 2200
2 2186 2573
2 2187 2201
2 2187 2574
2 2188 2192
2 2188 2202
2 2188 2575
2 2189 2193
2 2189 2203
2 2189 2576
2 2190 2565
2 2192 2566
2 2193 2567
2 2194 2196
2 2194 2198
2 2195 2197
2 2195 2199
2 2198 2206
2 2199 2207
2 2200 2202
2 2200 2210
2 2201 2203
2 2201 2211
2 2202 2204
2 2203 2205
2 2206 2208
2 2206 2210
2 2207 2209
2 2207 2211
2 2210 2212
2 2211 2213
2 2214 2222
2 2214 3086
2 2214 5765
2 2215 2223
2 2215 3087
2 2215 5766
2 2216 2255
2 2216 2311
2 2216 7573
2 2217 2256
2 2217 2312
2 2217 7574
2 2218 2257
2 2218 2313
2 2218 7575
2 2219 2258
2 2219 2314
2 2219 7576
2 2220 2224
2 2220 2227
2 2220 2259
2 2220 2465
2 2221 2224
2 2221 2228
2 2221 2319
2 2221 2406
2 2222 2397
2 2222 4861
2 2222 7329
2 2223 2398
2 2223 4862
2 2223 7330
2 2224 2309
2 2224 2399
2 2225 2253
2 2226 2253
2 2227 2254
2 2228 2254
2 2229 2230
2 2229 2231
2 2229 2247
2 2231 2232
2 2231 2253
2 2232 2233
2 2232 2249
2 2234 2235
2 2234 2236
2 2234 2249
2 2236 2237
2 2236 2250
2 2238 2239
2 2238 2240
2 2238 2250
2 2240 2241
2 2240 2254
2 2241 2242
2 2241 2252
2 2243 2244
2 2243 2245
2 2243 2252
2 2245 2246
2 2245 2247
2 2247 2248
2 2248 2249
2 2248 2251
2 2250 2251
2 2251 2252
2 2255 2272
2 2256 2273
2 2257 2274
2 2258 2275
2 2259 2276
2 2260 2272
2 2260 2278
2 2260 2482
2 2261 2273
2 2261 2279
2 2261 2483
2 2262 2274
2 2262 2280
2 2262 2484
2 2263 2275
2 2263 2281
2 2263 2485
2 2264 2268
2 2264 2286
2 2264 2490
2 2265 2269
2 2265 2287
2 2265 2491
2 2266 2288
2 2266 2492
2 2267 2289
2 2267 2493
2 2268 2290
2 2268 2494
2 2269 2291
2 2269 2495
2 2270 2276
2 2270 2292
2 2270 2496
2 2271 2277
2 2271 2293
2 2271 2497
2 2272 2476
2 2273 2477
2 2274 2478
2 2275 2479
2 2276 2480
2 2277 2481
2 2278 2282
2 2278 2286
2 2279 2283
2 2279 2287
2 2280 2284
2 2280 2288
2 2281 2285
2 2281 2289
2 2286 2295
2 2287 2296
2 2290 2292
2 2290 2301
2 2291 2293
2 2291 2302
2 2292 2294
2 2295 2297
2 2295 2301
2 2296 2298
2 2296 2302
2 2301 2303
2 2304 2311
2 2304 2906
2 2304 8258
2 2305 2312
2 2305 2907
2 2305 8259
2 2306 2313
2 2306 2908
2 2306 8260
2 2307 2314
2 2307 2909
2 2307 8261
2 2308 2400
2 2308 2464
2 2308 4970
2 2309 2317
2 2309 2362
2 2309 2480
2 2310 2318
2 2310 2363
2 2310 2481
2 2311 4990
2 2311 9912
2 2312 4991
2 2312 9913
2 2313 4992
2 2313 9914
2 2314 4993
2 2314 9915
2 2315 2357
2 2316 2357
2 2317 2358
2 2318 2359
2 2319 2358
2 2320 2359
2 2321 2322
2 2321 2323
2 2321 2348
2 2323 2324
2 2323 2357
2 2324 2325
2 2324 2350
2 2326 2328
2 2326 2330
2 2326 4962
2 2327 2329
2 2327 2331
2 2327 4963
2 2330 2332
2 2330 2351
2 2331 2333
2 2331 2352
2 2334 2336
2 2334 2338
2 2334 2351
2 2335 2337
2 2335 2339
2 2335 2352
2 2338 2340
2 2338 2358
2 2339 2341
2 2339 2359
2 2340 2342
2 2340 2355
2 2341 2343
2 2341 2356
2 2344 2345
2 2344 2346
2 2344 4966
2 2346 2347
2 2346 2348
2 2348 2349
2 2349 2350
2 2349 4965
2 2350 4941
2 2351 2353
2 2352 2354
2 2353 2355
2 2353 4960
2 2354 2356
2 2354 4961
2 2355 4950
2 2356 4951
2 2360 2372
2 2360 4922
2 2361 2373
2 2361 4923
2 2362 2374
2 2363 2375
2 2364 2372
2 2364 2376
2 2364 2513
2 2365 2373
2 2365 2377
2 2365 2514
2 2366 2368
2 2366 2380
2 2366 2517
2 2367 2369
2 2367 2381
2 2367 2518
2 2368 2382
2 2368 2519
2 2369 2383
2 2369 2520
2 2370 2374
2 2370 2384
2 2370 2521
2 2371 2375
2 2371 2385
2 2371 2522
2 2372 2510
2 2373 2511
2 2374 2512
2 2376 2378
2 2376 2380
2 2377 2379
2 2377 2381
2 2380 2388
2 2381 2389
2 2382 2384
2 2382 2392
2 2383 2385
2 2383 2393
2 2384 2386
2 2385 2387
2 2388 2390
2 2388 2392
2 2389 2391
2 2389 2393
2 2392 2394
2 2393 2395
2 2396 2400
2 2396 5584
2 2396 8184
2 2397 5085
2 2397 7492
2 2398 5086
2 2398 7493
2 2399 2405
2 2399 2447
2 2399 2512
2 2400 7444
2 2400 9860
2 2401 2443
2 2402 2444
2 2403 2443
2 2404 2444
2 2405 2445
2 2406 2445
2 2407 2409
2 2407 2411
2 2407 2434
2 2408 2410
2 2408 2412
2 2408 2435
2 2411 2413
2 2411 2443
2 2412 2414
2 2412 2444
2 2413 2415
2 2413 2438
2 2414 2416
2 2414 2439
2 2417 2418
2 2417 2419
2 2417 7482
2 2419 2420
2 2419 2440
2 2421 2422
2 2421 2423
2 2421 2440
2 2423 2424
2 2423 2445
2 2424 2425
2 2424 2442
2 2426 2428
2 2426 2430
2 2426 7487
2 2427 2429
2 2427 2431
2 2427 7488
2 2430 2432
2 2430 2434
2 2431 2433
2 2431 2435
2 2434 2436
2 2435 2437
2 2436 2438
2 2436 7485
2 2437 2439
2 2437 7486
2 2438 7458
2 2439 7459
2 2440 2441
2 2441 2442
2 2441 7481
2 2442 7476
2 2446 2452
2 2446 7444
2 2447 2453
2 2448 2452
2 2448 2454
2 2448 2466
2 2449 2450
2 2449 2456
2 2449 2468
2 2450 2457
2 2450 2469
2 2451 2453
2 2451 2458
2 2451 2470
2 2452 2464
2 2453 2465
2 2454 2455
2 2454 2456
2 2456 2460
2 2457 2458
2 2457 2462
2 2458 2459
2 2460 2461
2 2460 2462
2 2462 2463
2 2466 2467
2 2466 2468
2 2468 2472
2 2469 2470
2 2469 2474
2 2470 2471
2 2472 2473
2 2472 2474
2 2474 2475
2 2476 4990
2 2477 4991
2 2478 4992
2 2479 4993
2 2482 2486
2 2482 2490
2 2483 2487
2 2483 2491
2 2484 2488
2 2484 2492
2 2485 2489
2 2485 2493
2 2490 2500
2 2491 2501
2 2494 2496
2 2494 2506
2 2495 2497
2 2495 2507
2 2496 2498
2 2497 2499
2 2500 2502
2 2500 2506
2 2501 2503
2 2501 2507
2 2506 2508
2 2507 2509
2 2510 7261
2 2511 7262
2 2513 2515
2 2513 2517
2 2514 2516
2 2514 2518
2 2517 2524
2 2518 2525
2 2519 2521
2 2519 2528
2 2520 2522
2 2520 2529
2 2521 2523
2 2524 2526
2 2524 2528
2 2525 2527
2 2525 2529
2 2528 2530
2 2533 4312
2 2534 4313
2 2535 4314
2 2536 4315
2 2537 2539
2 2537 2541
2 2538 2540
2 2538 2542
2 2541 2555
2 2542 2556
2 2543 2547
2 2543 2559
2 2544 2548
2 2544 2560
2 2545 2549
2 2546 2550
2 2547 2551
2 2548 2552
2 2549 2553
2 2550 2554
2 2555 2557
2 2555 2559
2 2556 2558
2 2556 2560
2 2559 2561
2 2560 2562
2 2566 6996
2 2567 6997
2 2568 2570
2 2568 2571
2 2569 2572
2 2571 2579
2 2572 2580
2 2573 2575
2 2573 2582
2 2574 2576
2 2574 2583
2 2575 2577
2 2576 2578
2 2579 2581
2 2579 2582
2 2580 2583
2 2582 2584
2 2583 2585
2 2588 2589
2 2588 2590
2 2590 2594
2 2591 2592
2 2591 2596
2 2592 2593
2 2594 2595
2 2594 2596
2 2596 2597
2 2598 2607
2 2598 4319
2 2598 4577
2 2598 4729
2 2599 2608
2 2599 4320
2 2599 4578
2 2599 4730
2 2600 2640
2 2600 4731
2 2601 2641
2 2601 4732
2 2602 2607
2 2602 2642
2 2602 3434
2 2602 4733
2 2603 2608
2 2603 2643
2 2603 3435
2 2603 4734
2 2604 2609
2 2604 2612
2 2604 2644
2 2604 3402
2 2605 2645
2 2605 3403
2 2606 2609
2 2606 2613
2 2606 2709
2 2606 2814
2 2607 2696
2 2607 2803
2 2608 2697
2 2608 2804
2 2609 2702
2 2609 2807
2 2610 2638
2 2611 2638
2 2611 3562
2 2612 2639
2 2613 2639
2 2614 2615
2 2614 2616
2 2614 2632
2 2616 2617
2 2616 2638
2 2617 2618
2 2617 2634
2 2619 2620
2 2619 2621
2 2619 2634
2 2621 2622
2 2621 2635
2 2623 2624
2 2623 2625
2 2623 2635
2 2625 2626
2 2625 2639
2 2626 2627
2 2626 2637
2 2628 2629
2 2628 2630
2 2628 2637
2 2630 2631
2 2630 2632
2 2632 2633
2 2633 2634
2 2633 2636
2 2635 2636
2 2636 2637
2 2640 2658
2 2641 2659
2 2642 2660
2 2643 2661
2 2644 2662
2 2645 2663
2 2646 2658
2 2646 2664
2 2646 3464
2 2647 2659
2 2647 2665
2 2647 3465
2 2648 2660
2 2648 2666
2 2648 3466
2 2649 2661
2 2649 2667
2 2649 3467
2 2650 2672
2 2650 3472
2 2651 2673
2 2651 3473
2 2652 2674
2 2652 3474
2 2653 2675
2 2653 3475
2 2654 2676
2 2654 3476
2 2655 2677
2 2655 3477
2 2656 2662
2 2656 2678
2 2656 3478
2 2657 2663
2 2657 2679
2 2657 3479
2 2658 3458
2 2659 3459
2 2660 3460
2 2661 3461
2 2662 3462
2 2663 3463
2 2664 2668
2 2664 2672
2 2665 2669
2 2665 2673
2 2666 2670
2 2666 2674
2 2667 2671
2 2667 2675
2 2672 2682
2 2673 2683
2 2674 2684
2 2675 2685
2 2676 2678
2 2676 2690
2 2677 2679
2 2677 2691
2 2678 2680
2 2679 2681
2 2682 2686
2 2683 2687
2 2684 2688
2 2685 2689
2 2690 2692
2 2691 2693
2 2694 3458
2 2694 4325
2 2695 3459
2 2695 4326
2 2696 2749
2 2696 3460
2 2696 4327
2 2697 2750
2 2697 3461
2 2697 4328
2 2698 4329
2 2699 4330
2 2700 2751
2 2700 4331
2 2701 2752
2 2701 4332
2 2702 2708
2 2702 2753
2 2702 3436
2 2703 2754
2 2703 3437
2 2704 2746
2 2705 2747
2 2706 2746
2 2706 3648
2 2707 2747
2 2707 3649
2 2708 2748
2 2709 2748
2 2710 2712
2 2710 2714
2 2710 2737
2 2711 2713
2 2711 2715
2 2711 2738
2 2714 2716
2 2714 2746
2 2715 2717
2 2715 2747
2 2716 2718
2 2716 2741
2 2717 2719
2 2717 2742
2 2720 2721
2 2720 2722
2 2720 2742
2 2722 2723
2 2722 2743
2 2724 2725
2 2724 2726
2 2724 2743
2 2726 2727
2 2726 2748
2 2727 2728
2 2727 2745
2 2729 2731
2 2729 2733
2 2730 2732
2 2730 2734
2 2730 2745
2 2733 2735
2 2733 2737
2 2734 2736
2 2734 2738
2 2737 2739
2 2738 2740
2 2739 2741
2 2740 2742
2 2740 2744
2 2743 2744
2 2744 2745
2 2749 2767
2 2750 2768
2 2751 2769
2 2752 2770
2 2753 2771
2 2754 2772
2 2755 2767
2 2755 2773
2 2755 3404
2 2756 2768
2 2756 2774
2 2756 3405
2 2757 2769
2 2757 2775
2 2757 3406
2 2758 2770
2 2758 2776
2 2758 3407
2 2759 2781
2 2759 3412
2 2759 7938
2 2760 2782
2 2760 3413
2 2760 7939
2 2761 2783
2 2761 3414
2 2761 7940
2 2762 2784
2 2762 3415
2 2762 7941
2 2763 2785
2 2763 3416
2 2763 7936
2 2764 2786
2 2764 3417
2 2764 7937
2 2765 2771
2 2765 2787
2 2765 3418
2 2766 2772
2 2766 2788
2 2766 3419
2 2767 3398
2 2768 3399
2 2769 3400
2 2770 3401
2 2771 3402
2 2772 3403
2 2773 2777
2 2773 2781
2 2774 2778
2 2774 2782
2 2775 2779
2 2775 2783
2 2776 2780
2 2776 2784
2 2781 2791
2 2782 2792
2 2783 2793
2 2784 2794
2 2785 2787
2 2785 2799
2 2786 2788
2 2786 2800
2 2787 2789
2 2788 2790
2 2791 2795
2 2791 7974
2 2792 2796
2 2792 7975
2 2793 2797
2 2793 7976
2 2794 2798
2 2794 7977
2 2799 2801
2 2799 7970
2 2800 2802
2 2800 7971
2 2803 2854
2 2803 3398
2 2803 4581
2 2804 2855
2 2804 3399
2 2804 4582
2 2805 3400
2 2805 4583
2 2806 3401
2 2806 4584
2 2807 2813
2 2807 2856
2 2807 3462
2 2808 2857
2 2808 3463
2 2809 2851
2 2809 3646
2 2810 2852
2 2810 3647
2 2811 2851
2 2811 3494
2 2812 2852
2 2812 3495
2 2813 2853
2 2814 2853
2 2815 2817
2 2815 2819
2 2815 2842
2 2816 2818
2 2816 2820
2 2816 2843
2 2819 2821
2 2819 2851
2 2820 2822
2 2820 2852
2 2821 2823
2 2821 2846
2 2822 2824
2 2822 2847
2 2825 2826
2 2825 2827
2 2825 2846
2 2827 2828
2 2827 2848
2 2829 2830
2 2829 2831
2 2829 2848
2 2831 2832
2 2831 2853
2 2832 2833
2 2832 2850
2 2834 2836
2 2834 2838
2 2834 2850
2 2835 2837
2 2835 2839
2 2838 2840
2 2838 2842
2 2839 2841
2 2839 2843
2 2842 2844
2 2843 2845
2 2844 2846
2 2844 2849
2 2845 2847
2 2848 2849
2 2849 2850
2 2854 2866
2 2855 2867
2 2856 2868
2 2857 2869
2 2858 2866
2 2858 2870
2 2858 3438
2 2859 2867
2 2859 2871
2 2859 3439
2 2860 2862
2 2860 2874
2 2860 3442
2 2861 2863
2 2861 2875
2 2861 3443
2 2862 2876
2 2862 3444
2 2863 2877
2 2863 3445
2 2864 2868
2 2864 2878
2 2864 3446
2 2865 2869
2 2865 2879
2 2865 3447
2 2866 3434
2 2867 3435
2 2868 3436
2 2869 3437
2 2870 2872
2 2870 2874
2 2871 2873
2 2871 2875
2 2874 2882
2 2875 2883
2 2876 2878
2 2876 2886
2 2877 2879
2 2877 2887
2 2878 2880
2 2879 2881
2 2882 2884
2 2882 2886
2 2883 2885
2 2883 2887
2 2886 2888
2 2887 2889
2 2890 2903
2 2890 3770
2 2890 3868
2 2890 4023
2 2891 2904
2 2891 3771
2 2891 3869
2 2891 4024
2 2892 2903
2 2892 3026
2 2892 3374
2 2892 3870
2 2893 2904
2 2893 3027
2 2893 3375
2 2893 3871
2 2894 3304
2 2895 2914
2 2895 3305
2 2896 3028
2 2896 3306
2 2897 2905
2 2897 2915
2 2897 3029
2 2897 3307
2 2899 2916
2 2900 3030
2 2901 2917
2 2901 3031
2 2902 2905
2 2902 2919
2 2902 3092
2 2902 3195
2 2903 3080
2 2903 3182
2 2904 3081
2 2904 3183
2 2905 3083
2 2905 3187
2 2906 3018
2 2907 3019
2 2908 3020
2 2909 3021
2 2910 3018
2 2910 4990
2 2911 3019
2 2911 4991
2 2912 3020
2 2912 4992
2 2913 3021
2 2913 4993
2 2914 3022
2 2915 3023
2 2916 3024
2 2917 3025
2 2918 3022
2 2919 3023
2 2920 3024
2 2921 3025
2 2922 2926
2 2922 2930
2 2922 2994
2 2923 2927
2 2923 2931
2 2923 2995
2 2924 2928
2 2924 2932
2 2924 2996
2 2925 2929
2 2925 2933
2 2925 2997
2 2930 2934
2 2930 3018
2 2931 2935
2 2931 3019
2 2932 2936
2 2932 3020
2 2933 2937
2 2933 3021
2 2934 2938
2 2934 3002
2 2935 2939
2 2935 3003
2 2936 2940
2 2936 3004
2 2937 2941
2 2937 3005
2 2942 2946
2 2942 2950
2 2942 3002
2 2943 2947
2 2943 2951
2 2943 3003
2 2944 2948
2 2944 2952
2 2944 3004
2 2945 2949
2 2945 2953
2 2945 3005
2 2950 2954
2 2950 3006
2 2951 2955
2 2951 3007
2 2952 2956
2 2952 3008
2 2953 2957
2 2953 3009
2 2958 2962
2 2958 2966
2 2958 3006
2 2959 2963
2 2959 2967
2 2959 3007
2 2960 2964
2 2960 2968
2 2960 3008
2 2961 2965
2 2961 2969
2 2961 3009
2 2966 2970
2 2966 3022
2 2967 2971
2 2967 3023
2 2968 2972
2 2968 3024
2 2969 2973
2 2969 3025
2 2970 2974
2 2970 3014
2 2971 2975
2 2971 3015
2 2972 2976
2 2972 3016
2 2973 2977
2 2973 3017
2 2978 2982
2 2978 2986
2 2978 3014
2 2979 2983
2 2979 2987
2 2979 3015
2 2980 2984
2 2980 2988
2 2980 3016
2 2981 2985
2 2981 2989
2 2981 3017
2 2986 2990
2 2986 2994
2 2987 2991
2 2987 2995
2 2988 2992
2 2988 2996
2 2989 2993
2 2989 2997
2 2994 2998
2 2995 2999
2 2996 3000
2 2997 3001
2 2998 3002
2 2998 3010
2 2999 3003
2 2999 3011
2 3000 3004
2 3000 3012
2 3001 3005
2 3001 3013
2 3006 3010
2 3007 3011
2 3008 3012
2 3009 3013
2 3010 3014
2 3011 3015
2 3012 3016
2 3013 3017
2 3026 3044
2 3027 3045
2 3028 3046
2 3029 3047
2 3030 3048
2 3031 3049
2 3032 3044
2 3032 3050
2 3032 3344
2 3033 3045
2 3033 3051
2 3033 3345
2 3034 3054
2 3034 3348
2 3034 8140
2 3035 3055
2 3035 3349
2 3035 8141
2 3036 3056
2 3036 3350
2 3036 8136
2 3037 3057
2 3037 3351
2 3037 8137
2 3038 3058
2 3038 3352
2 3038 8138
2 3039 3059
2 3039 3353
2 3039 8139
2 3040 3046
2 3040 3060
2 3040 3354
2 3041 3047
2 3041 3061
2 3041 3355
2 3042 3048
2 3042 3062
2 3042 3356
2 3043 3049
2 3043 3063
2 3043 3357
2 3044 3338
2 3045 3339
2 3046 3340
2 3047 3341
2 3048 3342
2 3049 3343
2 3050 3052
2 3050 3054
2 3051 3053
2 3051 3055
2 3054 3068
2 3055 3069
2 3056 3060
2 3056 3072
2 3057 3061
2 3057 3073
2 3058 3062
2 3058 3074
2 3059 3063
2 3059 3075
2 3060 3064
2 3061 3065
2 3062 3066
2 3063 3067
2 3068 3070
2 3068 8176
2 3069 3071
2 3069 8177
2 3072 3076
2 3072 8168
2 3073 3077
2 3073 8169
2 3074 3078
2 3074 8170
2 3075 3079
2 3075 8171
2 3080 3146
2 3080 3302
2 3080 4025
2 3081 3147
2 3081 3303
2 3081 4026
2 3082 3148
2 3082 3340
2 3083 3090
2 3083 3149
2 3083 3341
2 3084 3342
2 3085 3091
2 3085 3343
2 3086 3142
2 3087 3143
2 3088 3142
2 3088 4861
2 3089 3143
2 3089 4862
2 3090 3144
2 3091 3145
2 3092 3144
2 3093 3145
2 3094 3096
2 3094 3098
2 3094 3130
2 3095 3097
2 3095 3099
2 3095 3131
2 3098 3100
2 3098 3142
2 3099 3101
2 3099 3143
2 3100 3102
2 3100 3134
2 3101 3103
2 3101 3135
2 3104 3106
2 3104 3108
2 3104 3134
2 3105 3107
2 3105 3109
2 3105 3135
2 3108 3110
2 3108 3136
2 3109 3111
2 3109 3137
2 3112 3114
2 3112 3116
2 3112 3136
2 3113 3115
2 3113 3117
2 3113 3137
2 3116 3118
2 3116 3144
2 3117 3119
2 3117 3145
2 3118 3120
2 3118 3140
2 3119 3121
2 3119 3141
2 3122 3124
2 3122 3126
2 3122 3140
2 3123 3125
2 3123 3127
2 3123 3141
2 3126 3128
2 3126 3130
2 3127 3129
2 3127 3131
2 3130 3132
2 3131 3133
2 3132 3134
2 3132 3138
2 3133 3135
2 3133 3139
2 3136 3138
2 3137 3139
2 3138 3140
2 3139 3141
2 3146 3158
2 3147 3159
2 3148 3160
2 3149 3161
2 3150 3158
2 3150 3162
2 3150 3378
2 3151 3159
2 3151 3163
2 3151 3379
2 3152 3154
2 3152 3166
2 3152 3382
2 3153 3155
2 3153 3167
2 3153 3383
2 3154 3168
2 3154 3384
2 3155 3169
2 3155 3385
2 3156 3160
2 3156 3170
2 3156 3386
2 3157 3161
2 3157 3171
2 3157 3387
2 3158 3374
2 3159 3375
2 3160 3376
2 3161 3377
2 3162 3164
2 3162 3166
2 3163 3165
2 3163 3167
2 3166 3174
2 3167 3175
2 3168 3170
2 3168 3178
2 3169 3171
2 3169 3179
2 3170 3172
2 3171 3173
2 3174 3176
2 3174 3178
2 3175 3177
2 3175 3179
2 3178 3180
2 3179 3181
2 3182 3248
2 3182 3338
2 3182 3772
2 3183 3249
2 3183 3339
2 3183 3773
2 3184 3250
2 3185 3192
2 3185 3251
2 3186 3252
2 3186 3376
2 3187 3193
2 3187 3253
2 3187 3377
2 3188 3244
2 3188 4988
2 3189 3245
2 3189 4989
2 3190 3244
2 3190 4922
2 3191 3245
2 3191 4923
2 3192 3246
2 3193 3247
2 3194 3246
2 3195 3247
2 3196 3198
2 3196 3200
2 3196 3232
2 3197 3199
2 3197 3201
2 3197 3233
2 3200 3202
2 3200 3244
2 3201 3203
2 3201 3245
2 3202 3204
2 3202 3236
2 3203 3205
2 3203 3237
2 3206 3208
2 3206 3210
2 3206 3236
2 3207 3209
2 3207 3211
2 3207 3237
2 3210 3212
2 3210 3238
2 3211 3213
2 3211 3239
2 3214 3216
2 3214 3218
2 3214 3238
2 3215 3217
2 3215 3219
2 3215 3239
2 3218 3220
2 3218 3246
2 3219 3221
2 3219 3247
2 3220 3222
2 3220 3242
2 3221 3223
2 3221 3243
2 3224 3226
2 3224 3228
2 3224 3242
2 3225 3227
2 3225 3229
2 3225 3243
2 3228 3230
2 3228 3232
2 3229 3231
2 3229 3233
2 3232 3234
2 3233 3235
2 3234 3236
2 3234 3240
2 3235 3237
2 3235 3241
2 3238 3240
2 3239 3241
2 3240 3242
2 3241 3243
2 3248 3266
2 3249 3267
2 3250 3268
2 3251 3269
2 3252 3270
2 3253 3271
2 3254 3266
2 3254 3272
2 3254 3308
2 3255 3267
2 3255 3273
2 3255 3309
2 3256 3276
2 3256 3312
2 3257 3277
2 3257 3313
2 3258 3278
2 3258 3314
2 3259 3279
2 3259 3315
2 3260 3280
2 3260 3316
2 3261 3281
2 3261 3317
2 3262 3268
2 3262 3282
2 3262 3318
2 3263 3269
2 3263 3283
2 3263 3319
2 3264 3270
2 3264 3284
2 3264 3320
2 3265 3271
2 3265 3285
2 3265 3321
2 3266 3302
2 3267 3303
2 3268 3304
2 3269 3305
2 3270 3306
2 3271 3307
2 3272 3274
2 3272 3276
2 3273 3275
2 3273 3277
2 3276 3290
2 3277 3291
2 3278 3282
2 3278 3294
2 3279 3283
2 3279 3295
2 3280 3284
2 3280 3296
2 3281 3285
2 3281 3297
2 3282 3286
2 3283 3287
2 3284 3288
2 3285 3289
2 3290 3292
2 3291 3293
2 3294 3298
2 3295 3299
2 3296 3300
2 3297 3301
2 3308 3310
2 3308 3312
2 3309 3311
2 3309 3313
2 3312 3326
2 3313 3327
2 3314 3318
2 3314 3330
2 3315 3319
2 3315 3331
2 3316 3320
2 3316 3332
2 3317 3321
2 3317 3333
2 3318 3322
2 3319 3323
2 3320 3324
2 3321 3325
2 3326 3328
2 3327 3329
2 3330 3334
2 3331 3335
2 3332 3336
2 3333 3337
2 3344 3346
2 3344 3348
2 3345 3347
2 3345 3349
2 3348 3362
2 3349 3363
2 3350 3354
2 3350 3366
2 3351 3355
2 3351 3367
2 3352 3356
2 3352 3368
2 3353 3357
2 3353 3369
2 3354 3358
2 3355 3359
2 3356 3360
2 3357 3361
2 3362 3364
2 3362 8470
2 3363 3365
2 3363 8471
2 3366 3370
2 3366 8462
2 3367 3371
2 3367 8463
2 3368 3372
2 3368 8464
2 3369 3373
2 3369 8465
2 3378 3380
2 3378 3382
2 3379 3381
2 3379 3383
2 3382 3390
2 3383 3391
2 3384 3386
2 3384 3394
2 3385 3387
2 3385 3395
2 3386 3388
2 3387 3389
2 3390 3392
2 3390 3394
2 3391 3393
2 3391 3395
2 3394 3396
2 3395 3397
2 3404 3408
2 3404 3412
2 3405 3409
2 3405 3413
2 3406 3410
2 3406 3414
2 3407 3411
2 3407 3415
2 3412 3422
2 3413 3423
2 3414 3424
2 3415 3425
2 3416 3418
2 3416 3430
2 3417 3419
2 3417 3431
2 3418 3420
2 3419 3421
2 3422 3426
2 3422 8526
2 3423 3427
2 3423 8527
2 3424 3428
2 3424 8528
2 3425 3429
2 3425 8529
2 3430 3432
2 3430 8522
2 3431 3433
2 3431 8523
2 3438 3440
2 3438 3442
2 3439 3441
2 3439 3443
2 3442 3450
2 3443 3451
2 3444 3446
2 3444 3454
2 3445 3447
2 3445 3455
2 3446 3448
2 3447 3449
2 3450 3452
2 3450 3454
2 3451 3453
2 3451 3455
2 3454 3456
2 3455 3457
2 3464 3468
2 3464 3472
2 3465 3469
2 3465 3473
2 3466 3470
2 3466 3474
2 3467 3471
2 3467 3475
2 3472 3482
2 3473 3483
2 3474 3484
2 3475 3485
2 3476 3478
2 3476 3490
2 3477 3479
2 3477 3491
2 3478 3480
2 3479 3481
2 3482 3486
2 3483 3487
2 3484 3488
2 3485 3489
2 3490 3492
2 3491 3493
2 3494 3529
2 3494 3652
2 3495 3530
2 3495 3653
2 3496 3498
2 3496 3501
2 3496 3531
2 3496 4225
2 3497 3498
2 3497 3502
2 3497 3570
2 3497 3658
2 3498 3564
2 3498 3650
2 3499 3527
2 3499 4310
2 3500 3527
2 3500 4574
2 3501 3528
2 3502 3528
2 3503 3504
2 3503 3505
2 3503 3521
2 3505 3506
2 3505 3527
2 3506 3507
2 3506 3523
2 3508 3509
2 3508 3510
2 3508 3523
2 3510 3511
2 3510 3524
2 3512 3513
2 3512 3514
2 3512 3524
2 3514 3515
2 3514 3528
2 3515 3516
2 3515 3526
2 3517 3518
2 3517 3519
2 3517 3526
2 3519 3520
2 3519 3521
2 3521 3522
2 3522 3523
2 3522 3525
2 3524 3525
2 3525 3526
2 3529 3540
2 3530 3541
2 3531 3542
2 3532 3540
2 3532 3544
2 3532 4290
2 3533 3541
2 3533 3545
2 3533 4291
2 3534 3536
2 3534 3548
2 3534 4294
2 3535 3537
2 3535 3549
2 3535 4295
2 3536 3550
2 3536 4296
2 3537 3551
2 3537 4297
2 3538 3542
2 3538 3552
2 3538 4298
2 3539 3543
2 3539 3553
2 3539 4299
2 3540 4286
2 3541 4287
2 3542 4288
2 3543 4289
2 3544 3546
2 3544 3548
2 3545 3547
2 3545 3549
2 3548 3555
2 3549 3556
2 3550 3552
2 3550 3559
2 3551 3553
2 3551 3560
2 3552 3554
2 3555 3557
2 3555 3559
2 3556 3558
2 3556 3560
2 3559 3561
2 3562 9400
2 3563 3567
2 3563 3612
2 3563 4248
2 3564 3568
2 3564 3613
2 3564 4249
2 3565 3607
2 3565 4310
2 3566 3607
2 3566 4718
2 3567 3608
2 3568 3609
2 3569 3608
2 3570 3609
2 3571 3572
2 3571 3573
2 3571 3598
2 3573 3574
2 3573 3607
2 3574 3575
2 3574 3600
2 3576 3578
2 3576 3580
2 3577 3579
2 3577 3581
2 3580 3582
2 3580 3601
2 3581 3583
2 3581 3602
2 3584 3586
2 3584 3588
2 3584 3601
2 3585 3587
2 3585 3589
2 3585 3602
2 3588 3590
2 3588 3608
2 3589 3591
2 3589 3609
2 3590 3592
2 3590 3605
2 3591 3593
2 3591 3606
2 3594 3595
2 3594 3596
2 3596 3597
2 3596 3598
2 3598 3599
2 3599 3600
2 3601 3603
2 3602 3604
2 3603 3605
2 3604 3606
2 3610 3622
2 3611 3623
2 3612 3624
2 3613 3625
2 3614 3622
2 3614 3626
2 3614 4226
2 3615 3623
2 3615 3627
2 3615 4227
2 3616 3618
2 3616 3630
2 3616 4230
2 3617 3619
2 3617 3631
2 3617 4231
2 3618 3632
2 3618 4232
2 3619 3633
2 3619 4233
2 3620 3624
2 3620 3634
2 3620 4234
2 3621 3625
2 3621 3635
2 3621 4235
2 3622 4223
2 3623 4224
2 3625 4225
2 3626 3628
2 3626 3630
2 3627 3629
2 3627 3631
2 3630 3638
2 3631 3639
2 3632 3634
2 3632 3642
2 3633 3635
2 3633 3643
2 3634 3636
2 3635 3637
2 3638 3640
2 3638 3642
2 3639 3641
2 3639 3643
2 3642 3644
2 3643 3645
2 3646 3652
2 3646 5356
2 3646 7716
2 3647 3653
2 3647 5357
2 3647 7717
2 3648 4223
2 3648 8797
2 3649 4224
2 3649 8798
2 3650 3656
2 3650 3703
2 3650 4288
2 3651 3657
2 3651 3704
2 3651 4289
2 3652 6193
2 3652 8646
2 3653 6194
2 3653 8647
2 3654 3696
2 3654 4310
2 3655 3696
2 3655 4311
2 3656 3697
2 3657 3698
2 3658 3697
2 3659 3698
2 3660 3661
2 3660 3662
2 3660 3687
2 3662 3663
2 3662 3696
2 3663 3664
2 3663 3689
2 3665 3667
2 3665 3669
2 3665 8789
2 3666 3668
2 3666 3670
2 3666 8790
2 3669 3671
2 3669 3690
2 3670 3672
2 3670 3691
2 3673 3675
2 3673 3677
2 3673 3690
2 3674 3676
2 3674 3678
2 3674 3691
2 3677 3679
2 3677 3697
2 3678 3680
2 3678 3698
2 3679 3681
2 3679 3694
2 3680 3682
2 3680 3695
2 3683 3684
2 3683 3685
2 3683 8793
2 3685 3686
2 3685 3687
2 3687 3688
2 3688 3689
2 3688 8792
2 3689 8768
2 3690 3692
2 3691 3693
2 3692 3694
2 3692 8787
2 3693 3695
2 3693 8788
2 3694 8777
2 3695 8778
2 3699 3721
2 3699 8747
2 3700 3722
2 3700 8748
2 3701 3723
2 3701 8749
2 3702 3724
2 3702 8750
2 3703 3726
2 3704 3728
2 3705 3721
2 3705 3729
2 3705 4250
2 3706 3722
2 3706 3730
2 3706 4251
2 3707 3723
2 3707 3731
2 3707 4252
2 3708 3724
2 3708 3732
2 3708 4253
2 3709 3713
2 3709 3737
2 3709 4258
2 3710 3714
2 3710 3738
2 3710 4259
2 3711 3715
2 3711 3739
2 3711 4260
2 3712 3716
2 3712 3740
2 3712 4261
2 3713 3741
2 3713 4262
2 3714 3742
2 3714 4263
2 3715 3743
2 3715 4264
2 3716 3744
2 3716 4265
2 3717 3725
2 3717 3745
2 3717 4266
2 3718 3726
2 3718 3746
2 3718 4267
2 3719 3727
2 3719 3747
2 3719 4268
2 3720 3728
2 3720 3748
2 3720 4269
2 3721 4244
2 3722 4245
2 3723 4246
2 3724 4247
2 3725 4248
2 3726 4249
2 3729 3733
2 3729 3737
2 3730 3734
2 3730 3738
2 3731 3735
2 3731 3739
2 3732 3736
2 3732 3740
2 3737 3751
2 3738 3752
2 3739 3753
2 3740 3754
2 3741 3745
2 3741 3759
2 3742 3746
2 3742 3760
2 3743 3747
2 3743 3761
2 3744 3748
2 3744 3762
2 3746 3749
2 3748 3750
2 3751 3755
2 3751 3759
2 3752 3756
2 3752 3760
2 3753 3757
2 3753 3761
2 3754 3758
2 3754 3762
2 3760 3763
2 3762 3764
2 3765 3769
2 3765 4866
2 3765 4926
2 3765 4997
2 3766 3828
2 3766 4181
2 3766 4927
2 3767 3769
2 3767 3829
2 3767 4182
2 3767 4928
2 3768 3774
2 3768 9279
2 3769 3864
2 3769 4014
2 3770 3824
2 3771 3825
2 3772 3824
2 3773 3825
2 3774 3826
2 3775 3826
2 3776 3827
2 3777 3779
2 3777 3781
2 3777 3812
2 3778 3780
2 3778 3782
2 3778 3813
2 3781 3783
2 3781 3824
2 3782 3784
2 3782 3825
2 3783 3785
2 3783 3816
2 3784 3786
2 3784 3817
2 3787 3789
2 3787 3791
2 3787 3816
2 3788 3790
2 3788 3792
2 3788 3817
2 3791 3793
2 3791 3818
2 3792 3794
2 3792 3819
2 3795 3797
2 3795 3799
2 3795 3818
2 3796 3798
2 3796 3800
2 3796 3819
2 3799 3801
2 3799 3826
2 3800 3802
2 3800 3827
2 3801 3803
2 3801 3822
2 3802 3823
2 3804 3806
2 3804 3808
2 3804 3822
2 3805 3807
2 3805 3809
2 3805 3823
2 3808 3810
2 3808 3812
2 3809 3811
2 3809 3813
2 3812 3814
2 3813 3815
2 3814 3816
2 3814 3820
2 3815 3817
2 3815 3821
2 3818 3820
2 3819 3821
2 3820 3822
2 3821 3823
2 3828 3840
2 3829 3841
2 3830 3842
2 3831 3843
2 3832 3840
2 3832 3844
2 3832 4163
2 3833 3841
2 3833 3845
2 3833 4164
2 3834 3836
2 3834 3848
2 3834 4166
2 3835 3837
2 3835 3849
2 3835 4167
2 3836 3850
2 3836 4168
2 3837 3851
2 3837 4169
2 3838 3842
2 3838 3852
2 3838 4170
2 3839 3843
2 3839 3853
2 3839 4171
2 3841 4160
2 3842 4161
2 3843 4162
2 3844 3846
2 3844 3848
2 3845 3847
2 3845 3849
2 3848 3856
2 3849 3857
2 3850 3852
2 3850 3860
2 3851 3853
2 3851 3861
2 3852 3854
2 3853 3855
2 3856 3858
2 3856 3860
2 3857 3859
2 3857 3861
2 3860 3862
2 3861 3863
2 3864 3948
2 3864 4136
2 3864 4999
2 3865 3949
2 3865 4137
2 3865 5000
2 3866 3872
2 3866 4161
2 3866 9168
2 3867 3873
2 3867 4162
2 3867 9169
2 3868 3942
2 3869 3943
2 3870 3942
2 3871 3943
2 3872 3944
2 3873 3946
2 3874 3944
2 3875 3945
2 3876 3946
2 3877 3947
2 3878 3880
2 3878 3882
2 3878 3928
2 3879 3881
2 3879 3883
2 3879 3929
2 3882 3884
2 3882 3942
2 3883 3885
2 3883 3943
2 3884 3886
2 3884 3932
2 3885 3887
2 3885 3933
2 3888 3892
2 3888 3896
2 3888 3932
2 3889 3893
2 3889 3897
2 3889 3933
2 3894 3898
2 3894 3934
2 3895 3899
2 3895 3935
2 3896 3900
2 3896 3936
2 3897 3901
2 3897 3937
2 3902 3906
2 3902 3910
2 3902 3934
2 3903 3907
2 3903 3911
2 3903 3935
2 3904 3908
2 3904 3912
2 3904 3936
2 3905 3909
2 3905 3913
2 3905 3937
2 3910 3914
2 3910 3944
2 3911 3915
2 3911 3945
2 3912 3916
2 3912 3946
2 3913 3917
2 3913 3947
2 3914 3918
2 3916 3919
2 3916 3940
2 3917 3941
2 3920 3922
2 3920 3924
2 3920 3940
2 3921 3923
2 3921 3925
2 3921 3941
2 3924 3926
2 3924 3928
2 3925 3927
2 3925 3929
2 3928 3930
2 3929 3931
2 3930 3932
2 3930 3938
2 3931 3933
2 3931 3939
2 3936 3938
2 3937 3939
2 3938 3940
2 3939 3941
2 3948 3971
2 3949 3973
2 3950 3974
2 3950 9003
2 3951 3975
2 3951 9004
2 3952 3976
2 3952 9005
2 3953 3977
2 3953 9006
2 3954 3970
2 3954 3978
2 3954 4187
2 3955 3971
2 3955 3979
2 3955 4188
2 3956 3972
2 3956 3980
2 3956 4189
2 3957 3973
2 3957 3981
2 3957 4190
2 3958 3962
2 3958 3984
2 3958 4193
2 3959 3963
2 3959 3985
2 3959 4194
2 3960 3964
2 3960 3986
2 3960 4195
2 3961 3965
2 3961 3987
2 3961 4196
2 3962 3988
2 3962 4197
2 3963 3989
2 3963 4198
2 3964 3990
2 3964 4199
2 3965 3991
2 3965 4200
2 3966 3974
2 3966 3992
2 3966 4201
2 3967 3975
2 3967 3993
2 3967 4202
2 3968 3976
2 3968 3994
2 3968 4203
2 3969 3977
2 3969 3995
2 3969 4204
2 3970 4181
2 3971 4182
2 3974 4183
2 3975 4184
2 3976 4185
2 3977 4186
2 3978 3984
2 3979 3982
2 3979 3985
2 3980 3986
2 3981 3983
2 3981 3987
2 3984 4000
2 3985 4001
2 3986 4002
2 3987 4003
2 3988 3992
2 3988 4006
2 3989 3993
2 3989 4007
2 3990 3994
2 3990 4008
2 3991 3995
2 3991 4009
2 3992 3996
2 3993 3997
2 3994 3998
2 3995 3999
2 4000 4006
2 4001 4004
2 4001 4007
2 4002 4008
2 4003 4005
2 4003 4009
2 4006 4010
2 4007 4011
2 4008 4012
2 4009 4013
2 4014 4103
2 4014 4160
2 4014 4867
2 4015 4021
2 4015 4027
2 4015 4104
2 4016 4022
2 4016 4028
2 4016 4105
2 4017 4021
2 4017 4029
2 4017 6536
2 4017 8846
2 4018 4030
2 4018 6537
2 4018 8847
2 4019 4022
2 4019 4031
2 4019 6538
2 4019 8848
2 4020 4032
2 4020 6539
2 4020 8849
2 4021 6524
2 4021 8833
2 4022 6525
2 4022 8834
2 4023 4097
2 4024 4098
2 4025 4097
2 4026 4098
2 4027 4099
2 4028 4101
2 4029 4099
2 4030 4100
2 4031 4101
2 4032 4102
2 4033 4035
2 4033 4037
2 4033 4083
2 4034 4036
2 4034 4038
2 4034 4084
2 4037 4039
2 4037 4097
2 4038 4040
2 4038 4098
2 4039 4041
2 4039 4087
2 4040 4042
2 4040 4088
2 4043 4045
2 4043 4049
2 4043 4087
2 4044 4046
2 4044 4050
2 4044 4088
2 4049 4053
2 4049 4089
2 4050 4054
2 4050 4090
2 4051 4055
2 4051 4091
2 4052 4056
2 4052 4092
2 4057 4061
2 4057 4065
2 4057 4089
2 4058 4062
2 4058 4066
2 4058 4090
2 4059 4063
2 4059 4067
2 4059 4091
2 4060 4064
2 4060 4068
2 4060 4092
2 4065 4069
2 4065 4099
2 4066 4070
2 4066 4100
2 4067 4071
2 4067 4101
2 4068 4072
2 4068 4102
2 4069 4073
2 4069 4095
2 4070 4096
2 4071 4074
2 4075 4077
2 4075 4079
2 4075 4095
2 4076 4078
2 4076 4080
2 4076 4096
2 4079 4081
2 4079 4083
2 4080 4082
2 4080 4084
2 4083 4085
2 4084 4086
2 4085 4087
2 4085 4093
2 4086 4088
2 4086 4094
2 4089 4093
2 4090 4094
2 4093 4095
2 4094 4096
2 4103 4114
2 4104 4116
2 4105 4117
2 4106 4114
2 4106 4118
2 4106 4140
2 4107 4115
2 4107 4119
2 4107 4141
2 4108 4110
2 4108 4121
2 4108 4144
2 4109 4111
2 4109 4122
2 4109 4145
2 4110 4123
2 4110 4146
2 4111 4124
2 4111 4147
2 4112 4116
2 4112 4125
2 4112 4148
2 4113 4117
2 4113 4126
2 4113 4149
2 4114 4136
2 4115 4137
2 4116 4138
2 4117 4139
2 4118 4120
2 4118 4121
2 4119 4122
2 4121 4129
2 4122 4130
2 4123 4125
2 4123 4132
2 4124 4126
2 4124 4133
2 4125 4127
2 4126 4128
2 4129 4131
2 4129 4132
2 4130 4133
2 4132 4134
2 4133 4135
2 4138 8833
2 4139 8834
2 4140 4142
2 4140 4144
2 4141 4143
2 4141 4145
2 4144 4152
2 4145 4153
2 4146 4148
2 4146 4156
2 4147 4149
2 4147 4157
2 4148 4150
2 4149 4151
2 4152 4154
2 4152 4156
2 4153 4155
2 4153 4157
2 4156 4158
2 4157 4159
2 4163 4166
2 4164 4165
2 4164 4167
2 4166 4174
2 4167 4175
2 4168 4170
2 4168 4177
2 4169 4171
2 4169 4178
2 4170 4172
2 4171 4173
2 4174 4177
2 4175 4176
2 4175 4178
2 4177 4179
2 4178 4180
2 4187 4191
2 4187 4193
2 4188 4192
2 4188 4194
2 4189 4195
2 4190 4196
2 4193 4209
2 4194 4210
2 4195 4211
2 4196 4212
2 4197 4201
2 4197 4215
2 4198 4202
2 4198 4216
2 4199 4203
2 4199 4217
2 4200 4204
2 4200 4218
2 4201 4205
2 4202 4206
2 4203 4207
2 4204 4208
2 4209 4213
2 4209 4215
2 4210 4214
2 4210 4216
2 4211 4217
2 4212 4218
2 4215 4219
2 4216 4220
2 4217 4221
2 4218 4222
2 4226 4228
2 4226 4230
2 4227 4229
2 4227 4231
2 4230 4237
2 4231 4238
2 4232 4234
2 4232 4241
2 4233 4235
2 4233 4242
2 4235 4236
2 4237 4239
2 4237 4241
2 4238 4240
2 4238 4242
2 4242 4243
2 4250 4254
2 4250 4258
2 4251 4255
2 4251 4259
2 4252 4256
2 4252 4260
2 4253 4257
2 4253 4261
2 4258 4272
2 4259 4273
2 4260 4274
2 4261 4275
2 4262 4266
2 4262 4280
2 4263 4267
2 4263 4281
2 4264 4268
2 4264 4282
2 4265 4269
2 4265 4283
2 4266 4270
2 4267 4271
2 4272 4276
2 4272 4280
2 4273 4277
2 4273 4281
2 4274 4278
2 4274 4282
2 4275 4279
2 4275 4283
2 4280 4284
2 4281 4285
2 4286 8646
2 4287 8647
2 4290 4292
2 4290 4294
2 4291 4293
2 4291 4295
2 4294 4302
2 4295 4303
2 4296 4298
2 4296 4306
2 4297 4299
2 4297 4307
2 4298 4300
2 4299 4301
2 4302 4304
2 4302 4306
2 4303 4305
2 4303 4307
2 4306 4308
2 4307 4309
2 4310 4316
2 4311 4316
2 4311 4549
2 4311 5131
2 4312 4333
2 4312 9536
2 4313 4334
2 4313 9537
2 4314 4335
2 4314 9538
2 4315 4336
2 4315 9539
2 4316 4574
2 4316 4718
2 4317 4533
2 4318 4534
2 4319 4535
2 4320 4536
2 4321 4537
2 4322 4538
2 4323 4539
2 4324 4540
2 4325 4533
2 4326 4534
2 4327 4535
2 4328 4536
2 4329 4537
2 4330 4538
2 4331 4539
2 4332 4540
2 4333 4542
2 4334 4544
2 4335 4546
2 4336 4548
2 4337 4541
2 4338 4542
2 4339 4543
2 4340 4544
2 4341 4545
2 4342 4546
2 4343 4547
2 4344 4548
2 4345 4353
2 4345 4361
2 4345 4485
2 4346 4354
2 4346 4362
2 4346 4486
2 4347 4355
2 4347 4363
2 4347 4487
2 4348 4356
2 4348 4364
2 4348 4488
2 4349 4357
2 4349 4365
2 4349 4489
2 4350 4358
2 4350 4366
2 4350 4490
2 4351 4359
2 4351 4367
2 4351 4491
2 4352 4360
2 4352 4368
2 4352 4492
2 4361 4369
2 4361 4533
2 4362 4370
2 4362 4534
2 4363 4371
2 4363 4535
2 4364 4372
2 4364 4536
2 4365 4373
2 4365 4537
2 4366 4374
2 4366 4538
2 4367 4375
2 4367 4539
2 4368 4376
2 4368 4540
2 4369 4377
2 4369 4501
2 4370 4378
2 4370 4502
2 4371 4379
2 4371 4503
2 4372 4380
2 4372 4504
2 4373 4381
2 4373 4505
2 4374 4382
2 4374 4506
2 4375 4383
2 4375 4507
2 4376 4384
2 4376 4508
2 4385 4393
2 4385 4401
2 4385 4501
2 4386 4394
2 4386 4402
2 4386 4502
2 4387 4395
2 4387 4403
2 4387 4503
2 4388 4396
2 4388 4404
2 4388 4504
2 4389 4397
2 4389 4405
2 4389 4505
2 4390 4398
2 4390 4406
2 4390 4506
2 4391 4399
2 4391 4407
2 4391 4507
2 4392 4400
2 4392 4408
2 4392 4508
2 4401 4409
2 4401 4509
2 4402 4410
2 4402 4510
2 4403 4411
2 4403 4511
2 4404 4412
2 4404 4512
2 4405 4413
2 4405 4513
2 4406 4414
2 4406 4514
2 4407 4415
2 4407 4515
2 4408 4416
2 4408 4516
2 4417 4425
2 4417 4433
2 4417 4509
2 4418 4426
2 4418 4434
2 4418 4510
2 4419 4427
2 4419 4435
2 4419 4511
2 4420 4428
2 4420 4436
2 4420 4512
2 4421 4429
2 4421 4437
2 4421 4513
2 4422 4430
2 4422 4438
2 4422 4514
2 4423 4431
2 4423 4439
2 4423 4515
2 4424 4432
2 4424 4440
2 4424 4516
2 4433 4441
2 4433 4541
2 4434 4442
2 4434 4542
2 4435 4443
2 4435 4543
2 4436 4444
2 4436 4544
2 4437 4445
2 4437 4545
2 4438 4446
2 4438 4546
2 4439 4447
2 4439 4547
2 4440 4448
2 4440 4548
2 4441 4525
2 4442 4449
2 4442 4526
2 4443 4527
2 4444 4450
2 4444 4528
2 4445 4529
2 4446 4451
2 4446 4530
2 4447 4531
2 4448 4452
2 4448 4532
2 4453 4461
2 4453 4469
2 4453 4525
2 4454 4462
2 4454 4470
2 4454 4526
2 4455 4463
2 4455 4471
2 4455 4527
2 4456 4464
2 4456 4472
2 4456 4528
2 4457 4465
2 4457 4473
2 4457 4529
2 4458 4466
2 4458 4474
2 4458 4530
2 4459 4467
2 4459 4475
2 4459 4531
2 4460 4468
2 4460 4476
2 4460 4532
2 4469 4477
2 4469 4485
2 4470 4478
2 4470 4486
2 4471 4479
2 4471 4487
2 4472 4480
2 4472 4488
2 4473 4481
2 4473 4489
2 4474 4482
2 4474 4490
2 4475 4483
2 4475 4491
2 4476 4484
2 4476 4492
2 4485 4493
2 4486 4494
2 4487 4495
2 4488 4496
2 4489 4497
2 4490 4498
2 4491 4499
2 4492 4500
2 4493 4501
2 4493 4517
2 4494 4502
2 4494 4518
2 4495 4503
2 4495 4519
2 4496 4504
2 4496 4520
2 4497 4505
2 4497 4521
2 4498 4506
2 4498 4522
2 4499 4507
2 4499 4523
2 4500 4508
2 4500 4524
2 4509 4517
2 4510 4518
2 4511 4519
2 4512 4520
2 4513 4521
2 4514 4522
2 4515 4523
2 4516 4524
2 4517 4525
2 4518 4526
2 4519 4527
2 4520 4528
2 4521 4529
2 4522 4530
2 4523 4531
2 4524 4532
2 4549 4557
2 4550 4558
2 4550 9415
2 4551 4559
2 4551 9416
2 4552 4557
2 4552 4560
2 4552 5146
2 4553 4554
2 4553 4562
2 4553 5148
2 4554 4564
2 4554 5150
2 4555 4558
2 4555 4565
2 4555 5151
2 4556 4559
2 4556 4566
2 4556 5152
2 4557 5143
2 4558 5144
2 4559 5145
2 4560 4561
2 4560 4562
2 4562 4569
2 4563 4565
2 4564 4566
2 4564 4571
2 4565 4567
2 4566 4568
2 4569 4570
2 4569 4571
2 4571 4573
2 4574 4693
2 4574 5143
2 4575 4585
2 4575 4694
2 4575 10177
2 4576 4586
2 4576 4695
2 4576 10178
2 4577 4685
2 4578 4686
2 4579 4687
2 4580 4688
2 4581 4685
2 4582 4686
2 4583 4687
2 4584 4688
2 4585 4690
2 4586 4692
2 4587 4689
2 4588 4690
2 4589 4691
2 4590 4692
2 4591 4595
2 4591 4599
2 4591 4661
2 4592 4596
2 4592 4600
2 4592 4662
2 4593 4597
2 4593 4601
2 4593 4663
2 4594 4598
2 4594 4602
2 4594 4664
2 4599 4603
2 4599 4685
2 4600 4604
2 4600 4686
2 4601 4605
2 4601 4687
2 4602 4606
2 4602 4688
2 4603 4607
2 4603 4669
2 4604 4608
2 4604 4670
2 4605 4609
2 4605 4671
2 4606 4610
2 4606 4672
2 4611 4615
2 4611 4619
2 4611 4669
2 4612 4616
2 4612 4620
2 4612 4670
2 4613 4617
2 4613 4621
2 4613 4671
2 4614 4618
2 4614 4622
2 4614 4672
2 4619 4623
2 4619 4673
2 4620 4624
2 4620 4674
2 4621 4625
2 4621 4675
2 4622 4626
2 4622 4676
2 4627 4631
2 4627 4635
2 4627 4673
2 4628 4632
2 4628 4636
2 4628 4674
2 4629 4633
2 4629 4637
2 4629 4675
2 4630 4634
2 4630 4638
2 4630 4676
2 4635 4639
2 4635 4689
2 4636 4640
2 4636 4690
2 4637 4641
2 4637 4691
2 4638 4642
2 4638 4692
2 4639 4681
2 4640 4643
2 4640 4682
2 4641 4683
2 4642 4644
2 4642 4684
2 4645 4649
2 4645 4653
2 4645 4681
2 4646 4650
2 4646 4654
2 4646 4682
2 4647 4651
2 4647 4655
2 4647 4683
2 4648 4652
2 4648 4656
2 4648 4684
2 4653 4657
2 4653 4661
2 4654 4658
2 4654 4662
2 4655 4659
2 4655 4663
2 4656 4660
2 4656 4664
2 4661 4665
2 4662 4666
2 4663 4667
2 4664 4668
2 4665 4669
2 4665 4677
2 4666 4670
2 4666 4678
2 4667 4671
2 4667 4679
2 4668 4672
2 4668 4680
2 4673 4677
2 4674 4678
2 4675 4679
2 4676 4680
2 4677 4681
2 4678 4682
2 4679 4683
2 4680 4684
2 4693 4701
2 4694 4702
2 4695 4703
2 4696 4701
2 4696 4704
2 4696 5117
2 4697 4698
2 4697 4706
2 4697 5119
2 4698 4707
2 4698 5120
2 4699 4702
2 4699 4709
2 4699 5122
2 4700 4703
2 4700 4710
2 4700 5123
2 4701 5114
2 4702 5115
2 4703 5116
2 4704 4705
2 4704 4706
2 4706 4713
2 4707 4709
2 4707 4715
2 4708 4710
2 4709 4711
2 4710 4712
2 4713 4714
2 4713 4715
2 4715 4716
2 4718 4843
2 4718 5114
2 4719 4725
2 4719 4735
2 4719 5144
2 4720 4726
2 4720 4736
2 4720 5145
2 4721 4737
2 4721 7004
2 4721 9428
2 4722 4725
2 4722 4738
2 4722 7005
2 4722 9429
2 4723 4739
2 4723 7006
2 4723 9430
2 4724 4726
2 4724 4740
2 4724 7007
2 4724 9431
2 4725 6996
2 4725 9415
2 4726 6997
2 4726 9416
2 4727 4835
2 4728 4836
2 4729 4837
2 4730 4838
2 4731 4835
2 4732 4836
2 4733 4837
2 4734 4838
2 4735 4840
2 4736 4842
2 4737 4839
2 4738 4840
2 4739 4841
2 4740 4842
2 4741 4745
2 4741 4749
2 4741 4811
2 4742 4746
2 4742 4750
2 4742 4812
2 4743 4747
2 4743 4751
2 4743 4813
2 4744 4748
2 4744 4752
2 4744 4814
2 4749 4753
2 4749 4835
2 4750 4754
2 4750 4836
2 4751 4755
2 4751 4837
2 4752 4756
2 4752 4838
2 4753 4757
2 4753 4819
2 4754 4758
2 4754 4820
2 4755 4759
2 4755 4821
2 4756 4760
2 4756 4822
2 4761 4765
2 4761 4769
2 4761 4819
2 4762 4766
2 4762 4770
2 4762 4820
2 4763 4767
2 4763 4771
2 4763 4821
2 4764 4768
2 4764 4772
2 4764 4822
2 4769 4773
2 4769 4823
2 4770 4774
2 4770 4824
2 4771 4775
2 4771 4825
2 4772 4776
2 4772 4826
2 4777 4781
2 4777 4785
2 4777 4823
2 4778 4782
2 4778 4786
2 4778 4824
2 4779 4783
2 4779 4787
2 4779 4825
2 4780 4784
2 4780 4788
2 4780 4826
2 4785 4789
2 4785 4839
2 4786 4790
2 4786 4840
2 4787 4791
2 4787 4841
2 4788 4792
2 4788 4842
2 4789 4831
2 4790 4793
2 4790 4832
2 4791 4833
2 4792 4794
2 4792 4834
2 4795 4799
2 4795 4803
2 4795 4831
2 4796 4800
2 4796 4804
2 4796 4832
2 4797 4801
2 4797 4805
2 4797 4833
2 4798 4802
2 4798 4806
2 4798 4834
2 4803 4807
2 4803 4811
2 4804 4808
2 4804 4812
2 4805 4809
2 4805 4813
2 4806 4810
2 4806 4814
2 4811 4815
2 4812 4816
2 4813 4817
2 4814 4818
2 4815 4819
2 4815 4827
2 4816 4820
2 4816 4828
2 4817 4821
2 4817 4829
2 4818 4822
2 4818 4830
2 4823 4827
2 4824 4828
2 4825 4829
2 4826 4830
2 4827 4831
2 4828 4832
2 4829 4833
2 4830 4834
2 4843 4849
2 4844 4850
2 4845 4849
2 4845 4851
2 4845 5133
2 4846 4847
2 4846 4853
2 4846 5135
2 4847 4854
2 4847 5136
2 4848 4850
2 4848 4855
2 4848 5137
2 4849 5131
2 4850 5132
2 4851 4852
2 4851 4853
2 4853 4857
2 4854 4855
2 4854 4859
2 4855 4856
2 4857 4858
2 4857 4859
2 4859 4860
2 4861 4896
2 4861 10139
2 4862 4897
2 4862 10140
2 4863 4865
2 4863 4868
2 4863 4898
2 4863 5070
2 4864 4865
2 4864 4869
2 4864 4930
2 4864 5002
2 4865 4924
2 4865 4994
2 4866 4894
2 4867 4894
2 4868 4895
2 4869 4895
2 4870 4871
2 4870 4872
2 4870 4888
2 4872 4873
2 4872 4894
2 4873 4874
2 4873 4890
2 4875 4876
2 4875 4877
2 4875 4890
2 4877 4878
2 4877 4891
2 4879 4880
2 4879 4881
2 4879 4891
2 4881 4882
2 4881 4895
2 4882 4883
2 4882 4893
2 4884 4885
2 4884 4886
2 4884 4893
2 4886 4887
2 4886 4888
2 4888 4889
2 4889 4890
2 4889 4892
2 4891 4892
2 4892 4893
2 4896 4905
2 4897 4906
2 4898 4907
2 4899 4905
2 4899 4908
2 4899 5088
2 4900 4906
2 4900 4909
2 4900 5089
2 4901 4903
2 4901 4912
2 4901 5092
2 4902 4913
2 4902 5093
2 4903 4914
2 4903 5094
2 4904 4907
2 4904 4915
2 4904 5095
2 4905 5085
2 4906 5086
2 4907 5087
2 4908 4910
2 4908 4912
2 4909 4911
2 4909 4913
2 4912 4917
2 4914 4915
2 4914 4920
2 4915 4916
2 4917 4918
2 4917 4920
2 4920 4921
2 4922 4995
2 4922 5068
2 4923 4996
2 4923 5069
2 4924 4929
2 4924 4971
2 4924 5087
2 4925 4967
2 4926 4968
2 4927 4967
2 4928 4968
2 4929 4969
2 4930 4969
2 4931 4933
2 4931 4935
2 4931 4958
2 4932 4934
2 4932 4936
2 4932 4959
2 4935 4937
2 4935 4967
2 4936 4938
2 4936 4968
2 4937 4939
2 4937 4962
2 4938 4940
2 4938 4963
2 4941 4942
2 4941 4943
2 4943 4944
2 4943 4964
2 4945 4946
2 4945 4947
2 4945 4964
2 4947 4948
2 4947 4969
2 4948 4949
2 4948 4966
2 4950 4952
2 4950 4954
2 4951 4953
2 4951 4955
2 4954 4956
2 4954 4958
2 4955 4957
2 4955 4959
2 4958 4960
2 4959 4961
2 4960 4962
2 4961 4963
2 4964 4965
2 4965 4966
2 4970 4976
2 4971 4977
2 4972 4976
2 4972 4978
2 4972 5104
2 4973 4974
2 4973 4980
2 4973 5106
2 4974 4981
2 4974 5107
2 4975 4977
2 4975 4982
2 4975 5108
2 4976 5102
2 4977 5103
2 4978 4979
2 4978 4980
2 4980 4984
2 4981 4982
2 4981 4986
2 4982 4983
2 4984 4985
2 4984 4986
2 4986 4987
2 4988 4995
2 4988 5674
2 4988 8066
2 4989 4996
2 4989 5675
2 4989 8067
2 4990 10044
2 4991 10045
2 4992 10046
2 4993 10047
2 4994 5001
2 4994 5044
2 4994 5103
2 4995 7261
2 4995 9995
2 4996 7262
2 4996 9996
2 4997 5039
2 4998 5040
2 4999 5039
2 5000 5040
2 5001 5041
2 5002 5041
2 5003 5005
2 5003 5007
2 5003 5030
2 5004 5006
2 5004 5008
2 5004 5031
2 5007 5009
2 5007 5039
2 5008 5010
2 5008 5040
2 5009 5011
2 5009 5034
2 5010 5012
2 5010 5035
2 5013 5014
2 5013 5015
2 5013 10034
2 5015 5016
2 5015 5036
2 5017 5018
2 5017 5019
2 5017 5036
2 5019 5020
2 5019 5041
2 5020 5021
2 5020 5038
2 5022 5024
2 5022 5026
2 5022 10039
2 5023 5025
2 5023 5027
2 5023 10040
2 5026 5028
2 5026 5030
2 5027 5029
2 5027 5031
2 5030 5032
2 5031 5033
2 5032 5034
2 5032 10037
2 5033 5035
2 5033 10038
2 5034 10010
2 5035 10011
2 5036 5037
2 5037 5038
2 5037 10033
2 5038 10028
2 5042 5051
2 5042 9995
2 5043 5052
2 5043 9996
2 5044 5053
2 5045 5051
2 5045 5054
2 5045 5071
2 5046 5052
2 5046 5055
2 5046 5072
2 5047 5058
2 5047 5075
2 5048 5049
2 5048 5059
2 5048 5076
2 5049 5060
2 5049 5077
2 5050 5053
2 5050 5061
2 5050 5078
2 5051 5068
2 5052 5069
2 5053 5070
2 5054 5056
2 5054 5058
2 5055 5057
2 5055 5059
2 5059 5063
2 5060 5061
2 5060 5066
2 5061 5062
2 5063 5065
2 5063 5066
2 5066 5067
2 5071 5073
2 5071 5075
2 5072 5074
2 5072 5076
2 5076 5080
2 5077 5078
2 5077 5083
2 5078 5079
2 5080 5082
2 5080 5083
2 5083 5084
2 5088 5090
2 5088 5092
2 5089 5091
2 5089 5093
2 5092 5097
2 5094 5095
2 5094 5100
2 5095 5096
2 5097 5098
2 5097 5100
2 5100 5101
2 5102 9860
2 5104 5105
2 5104 5106
2 5106 5110
2 5107 5108
2 5107 5112
2 5108 5109
2 5110 5111
2 5110 5112
2 5112 5113
2 5117 5118
2 5117 5119
2 5119 5126
2 5120 5122
2 5120 5128
2 5121 5123
2 5122 5124
2 5123 5125
2 5126 5127
2 5126 5128
2 5128 5129
2 5132 9585
2 5133 5134
2 5133 5135
2 5135 5139
2 5136 5137
2 5136 5141
2 5137 5138
2 5139 5140
2 5139 5141
2 5141 5142
2 5146 5147
2 5146 5148
2 5148 5155
2 5149 5151
2 5150 5152
2 5150 5157
2 5151 5153
2 5152 5154
2 5155 5156
2 5155 5157
2 5157 5159
2 5160 5173
2 5160 6901
2 5160 6998
2 5160 7115
2 5161 5174
2 5161 6902
2 5161 6999
2 5161 7116
2 5162 5173
2 5162 5296
2 5162 5996
2 5162 7117
2 5163 5174
2 5163 5297
2 5163 5997
2 5163 7118
2 5164 5184
2 5164 5962
2 5165 5963
2 5166 5185
2 5168 5175
2 5168 5186
2 5168 5298
2 5168 5964
2 5169 5299
2 5169 5965
2 5170 5187
2 5170 5300
2 5171 5301
2 5172 5175
2 5172 5190
2 5172 5363
2 5172 5482
2 5173 5350
2 5173 5470
2 5174 5351
2 5174 5471
2 5175 5354
2 5175 5472
2 5176 5288
2 5177 5289
2 5178 5290
2 5179 5291
2 5180 5288
2 5180 6117
2 5181 5289
2 5181 6118
2 5182 5290
2 5182 6119
2 5183 5291
2 5183 6120
2 5184 5292
2 5185 5293
2 5186 5294
2 5187 5295
2 5188 5292
2 5189 5293
2 5190 5294
2 5191 5295
2 5192 5196
2 5192 5200
2 5192 5264
2 5193 5197
2 5193 5201
2 5193 5265
2 5194 5198
2 5194 5202
2 5194 5266
2 5195 5199
2 5195 5203
2 5195 5267
2 5200 5204
2 5200 5288
2 5201 5205
2 5201 5289
2 5202 5206
2 5202 5290
2 5203 5207
2 5203 5291
2 5204 5208
2 5204 5272
2 5205 5209
2 5205 5273
2 5206 5210
2 5206 5274
2 5207 5211
2 5207 5275
2 5212 5216
2 5212 5220
2 5212 5272
2 5213 5217
2 5213 5221
2 5213 5273
2 5214 5218
2 5214 5222
2 5214 5274
2 5215 5219
2 5215 5223
2 5215 5275
2 5220 5224
2 5220 5276
2 5221 5225
2 5221 5277
2 5222 5226
2 5222 5278
2 5223 5227
2 5223 5279
2 5228 5232
2 5228 5236
2 5228 5276
2 5229 5233
2 5229 5237
2 5229 5277
2 5230 5234
2 5230 5238
2 5230 5278
2 5231 5235
2 5231 5239
2 5231 5279
2 5236 5240
2 5236 5292
2 5237 5241
2 5237 5293
2 5238 5242
2 5238 5294
2 5239 5243
2 5239 5295
2 5240 5244
2 5240 5284
2 5241 5245
2 5241 5285
2 5242 5246
2 5242 5286
2 5243 5247
2 5243 5287
2 5248 5252
2 5248 5256
2 5248 5284
2 5249 5253
2 5249 5257
2 5249 5285
2 5250 5254
2 5250 5258
2 5250 5286
2 5251 5255
2 5251 5259
2 5251 5287
2 5256 5260
2 5256 5264
2 5257 5261
2 5257 5265
2 5258 5262
2 5258 5266
2 5259 5263
2 5259 5267
2 5264 5268
2 5265 5269
2 5266 5270
2 5267 5271
2 5268 5272
2 5268 5280
2 5269 5273
2 5269 5281
2 5270 5274
2 5270 5282
2 5271 5275
2 5271 5283
2 5276 5280
2 5277 5281
2 5278 5282
2 5279 5283
2 5280 5284
2 5281 5285
2 5282 5286
2 5283 5287
2 5296 5314
2 5297 5315
2 5298 5316
2 5299 5317
2 5300 5318
2 5301 5319
2 5302 5314
2 5302 5320
2 5302 6026
2 5303 5315
2 5303 5321
2 5303 6027
2 5304 5324
2 5304 6030
2 5304 7790
2 5305 5325
2 5305 6031
2 5305 7791
2 5306 5326
2 5306 6032
2 5306 7786
2 5307 5327
2 5307 6033
2 5307 7787
2 5308 5328
2 5308 6034
2 5308 7788
2 5309 5329
2 5309 6035
2 5309 7789
2 5310 5316
2 5310 5330
2 5310 6036
2 5311 5317
2 5311 5331
2 5311 6037
2 5312 5318
2 5312 5332
2 5312 6038
2 5313 5319
2 5313 5333
2 5313 6039
2 5314 6020
2 5315 6021
2 5316 6022
2 5317 6023
2 5318 6024
2 5319 6025
2 5320 5322
2 5320 5324
2 5321 5323
2 5321 5325
2 5324 5338
2 5325 5339
2 5326 5330
2 5326 5342
2 5327 5331
2 5327 5343
2 5328 5332
2 5328 5344
2 5329 5333
2 5329 5345
2 5330 5334
2 5331 5335
2 5332 5336
2 5333 5337
2 5338 5340
2 5338 7826
2 5339 5341
2 5339 7827
2 5342 5346
2 5342 7818
2 5343 5347
2 5343 7819
2 5344 5348
2 5344 7820
2 5345 5349
2 5345 7821
2 5350 5416
2 5350 6020
2 5350 6903
2 5351 5417
2 5351 6021
2 5351 6904
2 5352 5360
2 5352 5418
2 5353 5419
2 5354 5361
2 5354 5420
2 5354 5998
2 5355 5421
2 5355 5999
2 5356 5412
2 5357 5413
2 5358 5412
2 5358 6193
2 5359 5413
2 5359 6194
2 5360 5414
2 5361 5415
2 5362 5414
2 5363 5415
2 5364 5366
2 5364 5368
2 5364 5400
2 5365 5367
2 5365 5369
2 5365 5401
2 5368 5370
2 5368 5412
2 5369 5371
2 5369 5413
2 5370 5372
2 5370 5404
2 5371 5373
2 5371 5405
2 5374 5376
2 5374 5378
2 5374 5404
2 5375 5377
2 5375 5379
2 5375 5405
2 5378 5380
2 5378 5406
2 5379 5381
2 5379 5407
2 5382 5384
2 5382 5386
2 5382 5406
2 5383 5385
2 5383 5387
2 5383 5407
2 5386 5388
2 5386 5414
2 5387 5389
2 5387 5415
2 5388 5390
2 5388 5410
2 5389 5391
2 5389 5411
2 5392 5394
2 5392 5396
2 5392 5410
2 5393 5395
2 5393 5397
2 5393 5411
2 5396 5398
2 5396 5400
2 5397 5399
2 5397 5401
2 5400 5402
2 5401 5403
2 5402 5404
2 5402 5408
2 5403 5405
2 5403 5409
2 5406 5408
2 5407 5409
2 5408 5410
2 5409 5411
2 5416 5434
2 5417 5435
2 5418 5436
2 5419 5437
2 5420 5438
2 5421 5439
2 5422 5434
2 5422 5440
2 5422 5966
2 5423 5435
2 5423 5441
2 5423 5967
2 5424 5444
2 5424 5970
2 5425 5445
2 5425 5971
2 5426 5446
2 5426 5972
2 5427 5447
2 5427 5973
2 5428 5448
2 5428 5974
2 5429 5449
2 5429 5975
2 5430 5436
2 5430 5450
2 5430 5976
2 5431 5437
2 5431 5451
2 5431 5977
2 5432 5438
2 5432 5452
2 5432 5978
2 5433 5439
2 5433 5453
2 5433 5979
2 5434 5960
2 5435 5961
2 5436 5962
2 5437 5963
2 5438 5964
2 5439 5965
2 5440 5442
2 5440 5444
2 5441 5443
2 5441 5445
2 5444 5458
2 5445 5459
2 5446 5450
2 5446 5462
2 5447 5451
2 5447 5463
2 5448 5452
2 5448 5464
2 5449 5453
2 5449 5465
2 5450 5454
2 5451 5455
2 5452 5456
2 5453 5457
2 5458 5460
2 5459 5461
2 5462 5466
2 5463 5467
2 5464 5468
2 5465 5469
2 5470 5536
2 5470 5960
2 5470 7000
2 5471 5537
2 5471 5961
2 5471 7001
2 5472 5480
2 5472 5538
2 5472 6022
2 5473 5539
2 5473 6023
2 5474 5481
2 5474 6024
2 5475 6025
2 5476 5532
2 5477 5533
2 5478 5532
2 5478 6056
2 5479 5533
2 5479 6057
2 5480 5534
2 5481 5535
2 5482 5534
2 5483 5535
2 5484 5486
2 5484 5488
2 5484 5520
2 5485 5487
2 5485 5489
2 5485 5521
2 5488 5490
2 5488 5532
2 5489 5491
2 5489 5533
2 5490 5492
2 5490 5524
2 5491 5493
2 5491 5525
2 5494 5496
2 5494 5498
2 5494 5524
2 5495 5497
2 5495 5499
2 5495 5525
2 5498 5500
2 5498 5526
2 5499 5501
2 5499 5527
2 5502 5504
2 5502 5506
2 5502 5526
2 5503 5505
2 5503 5507
2 5503 5527
2 5506 5508
2 5506 5534
2 5507 5509
2 5507 5535
2 5508 5510
2 5508 5530
2 5509 5511
2 5509 5531
2 5512 5514
2 5512 5516
2 5512 5530
2 5513 5515
2 5513 5517
2 5513 5531
2 5516 5518
2 5516 5520
2 5517 5519
2 5517 5521
2 5520 5522
2 5521 5523
2 5522 5524
2 5522 5528
2 5523 5525
2 5523 5529
2 5526 5528
2 5527 5529
2 5528 5530
2 5529 5531
2 5536 5548
2 5537 5549
2 5538 5550
2 5539 5551
2 5540 5548
2 5540 5552
2 5540 6000
2 5541 5549
2 5541 5553
2 5541 6001
2 5542 5544
2 5542 5556
2 5542 6004
2 5543 5545
2 5543 5557
2 5543 6005
2 5544 5558
2 5544 6006
2 5545 5559
2 5545 6007
2 5546 5550
2 5546 5560
2 5546 6008
2 5547 5551
2 5547 5561
2 5547 6009
2 5548 5996
2 5549 5997
2 5550 5998
2 5551 5999
2 5552 5554
2 5552 5556
2 5553 5555
2 5553 5557
2 5556 5564
2 5557 5565
2 5558 5560
2 5558 5568
2 5559 5561
2 5559 5569
2 5560 5562
2 5561 5563
2 5564 5566
2 5564 5568
2 5565 5567
2 5565 5569
2 5568 5570
2 5569 5571
2 5572 5581
2 5572 6270
2 5572 6528
2 5572 6663
2 5573 5582
2 5573 6271
2 5573 6529
2 5573 6664
2 5574 5614
2 5574 6530
2 5575 5615
2 5575 6531
2 5576 5581
2 5576 5616
2 5576 5936
2 5576 6532
2 5577 5582
2 5577 5617
2 5577 5937
2 5577 6533
2 5578 5618
2 5578 5868
2 5579 5583
2 5579 5586
2 5579 5619
2 5579 5869
2 5580 5583
2 5580 5587
2 5580 5679
2 5580 5770
2 5581 5668
2 5581 5759
2 5582 5669
2 5582 5760
2 5583 5673
2 5583 5764
2 5584 5612
2 5585 5612
2 5585 7444
2 5586 5613
2 5587 5613
2 5588 5589
2 5588 5590
2 5588 5606
2 5590 5591
2 5590 5612
2 5591 5592
2 5591 5608
2 5593 5594
2 5593 5595
2 5593 5608
2 5595 5596
2 5595 5609
2 5597 5598
2 5597 5599
2 5597 5609
2 5599 5600
2 5599 5613
2 5600 5601
2 5600 5611
2 5602 5603
2 5602 5604
2 5602 5611
2 5604 5605
2 5604 5606
2 5606 5607
2 5607 5608
2 5607 5610
2 5609 5610
2 5610 5611
2 5614 5632
2 5615 5633
2 5616 5634
2 5617 5635
2 5618 5636
2 5619 5637
2 5620 5632
2 5620 5638
2 5620 5906
2 5621 5633
2 5621 5639
2 5621 5907
2 5622 5634
2 5622 5640
2 5622 5908
2 5623 5635
2 5623 5641
2 5623 5909
2 5624 5646
2 5624 5914
2 5625 5647
2 5625 5915
2 5626 5648
2 5626 5916
2 5627 5649
2 5627 5917
2 5628 5650
2 5628 5918
2 5629 5651
2 5629 5919
2 5630 5636
2 5630 5652
2 5630 5920
2 5631 5637
2 5631 5653
2 5631 5921
2 5632 5900
2 5633 5901
2 5634 5902
2 5635 5903
2 5636 5904
2 5637 5905
2 5638 5642
2 5638 5646
2 5639 5643
2 5639 5647
2 5640 5644
2 5640 5648
2 5641 5645
2 5641 5649
2 5646 5656
2 5647 5657
2 5648 5658
2 5649 5659
2 5650 5652
2 5650 5664
2 5651 5653
2 5651 5665
2 5652 5654
2 5653 5655
2 5656 5660
2 5657 5661
2 5658 5662
2 5659 5663
2 5664 5666
2 5665 5667
2 5668 5719
2 5668 5864
2 5668 6667
2 5669 5720
2 5669 5865
2 5669 6668
2 5670 5866
2 5670 6669
2 5671 5867
2 5671 6670
2 5672 5721
2 5672 5904
2 5673 5678
2 5673 5722
2 5673 5905
2 5674 5716
2 5675 5717
2 5676 5716
2 5676 7261
2 5677 5717
2 5677 7262
2 5678 5718
2 5679 5718
2 5680 5682
2 5680 5684
2 5680 5707
2 5681 5683
2 5681 5685
2 5681 5708
2 5684 5686
2 5684 5716
2 5685 5687
2 5685 5717
2 5686 5688
2 5686 5711
2 5687 5689
2 5687 5712
2 5690 5691
2 5690 5692
2 5690 5711
2 5692 5693
2 5692 5713
2 5694 5695
2 5694 5696
2 5694 5713
2 5696 5697
2 5696 5718
2 5697 5698
2 5697 5715
2 5699 5701
2 5699 5703
2 5699 5715
2 5700 5702
2 5700 5704
2 5703 5705
2 5703 5707
2 5704 5706
2 5704 5708
2 5707 5709
2 5708 5710
2 5709 5711
2 5709 5714
2 5710 5712
2 5713 5714
2 5714 5715
2 5719 5731
2 5720 5732
2 5721 5733
2 5722 5734
2 5723 5731
2 5723 5735
2 5723 5940
2 5724 5732
2 5724 5736
2 5724 5941
2 5725 5727
2 5725 5739
2 5725 5944
2 5726 5728
2 5726 5740
2 5726 5945
2 5727 5741
2 5727 5946
2 5728 5742
2 5728 5947
2 5729 5733
2 5729 5743
2 5729 5948
2 5730 5734
2 5730 5744
2 5730 5949
2 5731 5936
2 5732 5937
2 5733 5938
2 5734 5939
2 5735 5737
2 5735 5739
2 5736 5738
2 5736 5740
2 5739 5747
2 5740 5748
2 5741 5743
2 5741 5751
2 5742 5744
2 5742 5752
2 5743 5745
2 5744 5746
2 5747 5749
2 5747 5751
2 5748 5750
2 5748 5752
2 5751 5753
2 5752 5754
2 5755 5900
2 5755 6274
2 5756 5901
2 5756 6275
2 5757 6276
2 5758 6277
2 5759 5810
2 5759 5902
2 5759 6278
2 5760 5811
2 5760 5903
2 5760 6279
2 5761 5812
2 5761 6280
2 5762 5813
2 5762 6281
2 5763 5814
2 5763 5938
2 5764 5769
2 5764 5815
2 5764 5939
2 5765 5807
2 5766 5808
2 5767 5807
2 5767 7329
2 5768 5808
2 5768 7330
2 5769 5809
2 5770 5809
2 5771 5773
2 5771 5775
2 5771 5798
2 5772 5774
2 5772 5776
2 5772 5799
2 5775 5777
2 5775 5807
2 5776 5778
2 5776 5808
2 5777 5779
2 5777 5802
2 5778 5780
2 5778 5803
2 5781 5782
2 5781 5783
2 5781 5803
2 5783 5784
2 5783 5804
2 5785 5786
2 5785 5787
2 5785 5804
2 5787 5788
2 5787 5809
2 5788 5789
2 5788 5806
2 5790 5792
2 5790 5794
2 5791 5793
2 5791 5795
2 5791 5806
2 5794 5796
2 5794 5798
2 5795 5797
2 5795 5799
2 5798 5800
2 5799 5801
2 5800 5802
2 5801 5803
2 5801 5805
2 5804 5805
2 5805 5806
2 5810 5828
2 5811 5829
2 5812 5830
2 5813 5831
2 5814 5832
2 5815 5833
2 5816 5828
2 5816 5834
2 5816 5870
2 5817 5829
2 5817 5835
2 5817 5871
2 5818 5830
2 5818 5836
2 5818 5872
2 5819 5831
2 5819 5837
2 5819 5873
2 5820 5842
2 5820 5878
2 5820 8358
2 5821 5843
2 5821 5879
2 5821 8359
2 5822 5844
2 5822 5880
2 5822 8360
2 5823 5845
2 5823 5881
2 5823 8361
2 5824 5846
2 5824 5882
2 5824 8356
2 5825 5847
2 5825 5883
2 5825 8357
2 5826 5832
2 5826 5848
2 5826 5884
2 5827 5833
2 5827 5849
2 5827 5885
2 5828 5864
2 5829 5865
2 5830 5866
2 5831 5867
2 5832 5868
2 5833 5869
2 5834 5838
2 5834 5842
2 5835 5839
2 5835 5843
2 5836 5840
2 5836 5844
2 5837 5841
2 5837 5845
2 5842 5852
2 5843 5853
2 5844 5854
2 5845 5855
2 5846 5848
2 5846 5860
2 5847 5849
2 5847 5861
2 5848 5850
2 5849 5851
2 5852 5856
2 5852 8394
2 5853 5857
2 5853 8395
2 5854 5858
2 5854 8396
2 5855 5859
2 5855 8397
2 5860 5862
2 5860 8390
2 5861 5863
2 5861 8391
2 5870 5874
2 5870 5878
2 5871 5875
2 5871 5879
2 5872 5876
2 5872 5880
2 5873 5877
2 5873 5881
2 5878 5888
2 5879 5889
2 5880 5890
2 5881 5891
2 5882 5884
2 5882 5896
2 5883 5885
2 5883 5897
2 5884 5886
2 5885 5887
2 5888 5892
2 5888 8430
2 5889 5893
2 5889 8431
2 5890 5894
2 5890 8432
2 5891 5895
2 5891 8433
2 5896 5898
2 5896 8426
2 5897 5899
2 5897 8427
2 5906 5910
2 5906 5914
2 5907 5911
2 5907 5915
2 5908 5912
2 5908 5916
2 5909 5913
2 5909 5917
2 5914 5924
2 5915 5925
2 5916 5926
2 5917 5927
2 5918 5920
2 5918 5932
2 5919 5921
2 5919 5933
2 5920 5922
2 5921 5923
2 5924 5928
2 5925 5929
2 5926 5930
2 5927 5931
2 5932 5934
2 5933 5935
2 5940 5942
2 5940 5944
2 5941 5943
2 5941 5945
2 5944 5952
2 5945 5953
2 5946 5948
2 5946 5956
2 5947 5949
2 5947 5957
2 5948 5950
2 5949 5951
2 5952 5954
2 5952 5956
2 5953 5955
2 5953 5957
2 5956 5958
2 5957 5959
2 5966 5968
2 5966 5970
2 5967 5969
2 5967 5971
2 5970 5984
2 5971 5985
2 5972 5976
2 5972 5988
2 5973 5977
2 5973 5989
2 5974 5978
2 5974 5990
2 5975 5979
2 5975 5991
2 5976 5980
2 5977 5981
2 5978 5982
2 5979 5983
2 5984 5986
2 5985 5987
2 5988 5992
2 5989 5993
2 5990 5994
2 5991 5995
2 6000 6002
2 6000 6004
2 6001 6003
2 6001 6005
2 6004 6012
2 6005 6013
2 6006 6008
2 6006 6016
2 6007 6009
2 6007 6017
2 6008 6010
2 6009 6011
2 6012 6014
2 6012 6016
2 6013 6015
2 6013 6017
2 6016 6018
2 6017 6019
2 6026 6028
2 6026 6030
2 6027 6029
2 6027 6031
2 6030 6044
2 6031 6045
2 6032 6036
2 6032 6048
2 6033 6037
2 6033 6049
2 6034 6038
2 6034 6050
2 6035 6039
2 6035 6051
2 6036 6040
2 6037 6041
2 6038 6042
2 6039 6043
2 6044 6046
2 6044 8590
2 6045 6047
2 6045 8591
2 6048 6052
2 6048 8582
2 6049 6053
2 6049 8583
2 6050 6054
2 6050 8584
2 6051 6055
2 6051 8585
2 6056 6091
2 6056 9376
2 6057 6092
2 6057 9377
2 6058 6060
2 6058 6063
2 6058 6093
2 6058 6852
2 6059 6060
2 6059 6064
2 6059 6127
2 6059 6201
2 6060 6121
2 6060 6195
2 6061 6089
2 6061 6896
2 6062 6089
2 6062 6995
2 6063 6090
2 6064 6090
2 6065 6066
2 6065 6067
2 6065 6083
2 6067 6068
2 6067 6089
2 6068 6069
2 6068 6085
2 6070 6071
2 6070 6072
2 6070 6085
2 6072 6073
2 6072 6086
2 6074 6075
2 6074 6076
2 6074 6086
2 6076 6077
2 6076 6090
2 6077 6078
2 6077 6088
2 6079 6080
2 6079 6081
2 6079 6088
2 6081 6082
2 6081 6083
2 6083 6084
2 6084 6085
2 6084 6087
2 6086 6087
2 6087 6088
2 6091 6100
2 6092 6101
2 6093 6102
2 6094 6100
2 6094 6103
2 6094 6882
2 6095 6101
2 6095 6104
2 6095 6883
2 6096 6098
2 6096 6107
2 6096 6886
2 6097 6108
2 6097 6887
2 6098 6109
2 6098 6888
2 6099 6102
2 6099 6110
2 6099 6889
2 6100 6879
2 6101 6880
2 6102 6881
2 6103 6105
2 6103 6107
2 6104 6106
2 6104 6108
2 6107 6112
2 6109 6110
2 6109 6115
2 6110 6111
2 6112 6113
2 6112 6115
2 6115 6116
2 6117 8695
2 6118 8696
2 6119 8697
2 6120 8698
2 6121 6126
2 6121 6169
2 6121 6868
2 6122 6164
2 6122 6896
2 6123 6165
2 6124 6164
2 6124 7111
2 6125 6165
2 6125 7112
2 6126 6166
2 6127 6166
2 6128 6130
2 6128 6132
2 6128 6155
2 6129 6131
2 6129 6133
2 6129 6156
2 6132 6134
2 6132 6164
2 6133 6135
2 6133 6165
2 6134 6136
2 6134 6159
2 6135 6137
2 6135 6160
2 6138 6139
2 6138 6140
2 6138 8685
2 6140 6141
2 6140 6161
2 6142 6143
2 6142 6144
2 6142 6161
2 6144 6145
2 6144 6166
2 6145 6146
2 6145 6163
2 6147 6149
2 6147 6151
2 6147 8690
2 6148 6150
2 6148 6152
2 6148 8691
2 6151 6153
2 6151 6155
2 6152 6154
2 6152 6156
2 6155 6157
2 6156 6158
2 6157 6159
2 6157 8688
2 6158 6160
2 6158 8689
2 6159 8661
2 6160 8662
2 6161 6162
2 6162 6163
2 6162 8684
2 6163 8679
2 6167 6176
2 6167 8646
2 6168 6177
2 6168 8647
2 6169 6178
2 6170 6176
2 6170 6179
2 6170 6853
2 6171 6177
2 6171 6180
2 6171 6854
2 6172 6183
2 6172 6857
2 6173 6174
2 6173 6184
2 6173 6858
2 6174 6185
2 6174 6859
2 6175 6178
2 6175 6186
2 6175 6860
2 6176 6850
2 6177 6851
2 6178 6852
2 6179 6181
2 6179 6183
2 6180 6182
2 6180 6184
2 6184 6188
2 6185 6186
2 6185 6191
2 6186 6187
2 6188 6190
2 6188 6191
2 6191 6192
2 6193 6850
2 6194 6851
2 6195 6200
2 6195 6242
2 6195 6881
2 6196 6238
2 6197 6239
2 6197 6896
2 6198 6238
2 6198 6897
2 6199 6239
2 6199 6898
2 6200 6240
2 6201 6240
2 6202 6204
2 6202 6206
2 6202 6229
2 6203 6205
2 6203 6207
2 6203 6230
2 6206 6208
2 6206 6238
2 6207 6209
2 6207 6239
2 6208 6210
2 6208 6233
2 6209 6211
2 6209 6234
2 6212 6213
2 6212 6214
2 6214 6215
2 6214 6235
2 6216 6217
2 6216 6218
2 6216 6235
2 6218 6219
2 6218 6240
2 6219 6220
2 6219 6237
2 6221 6223
2 6221 6225
2 6222 6224
2 6222 6226
2 6225 6227
2 6225 6229
2 6226 6228
2 6226 6230
2 6229 6231
2 6230 6232
2 6231 6233
2 6232 6234
2 6235 6236
2 6236 6237
2 6241 6247
2 6242 6248
2 6243 6247
2 6243 6249
2 6243 6869
2 6244 6245
2 6244 6251
2 6244 6871
2 6245 6252
2 6245 6872
2 6246 6248
2 6246 6253
2 6246 6873
2 6247 6867
2 6248 6868
2 6249 6250
2 6249 6251
2 6251 6255
2 6252 6253
2 6252 6257
2 6253 6254
2 6255 6256
2 6255 6257
2 6257 6258
2 6259 6265
2 6259 7266
2 6259 7333
2 6259 7447
2 6260 6265
2 6260 6498
2 6260 6838
2 6260 7334
2 6261 6282
2 6261 8954
2 6262 6283
2 6262 8955
2 6263 6284
2 6263 8956
2 6264 6285
2 6264 8957
2 6265 6523
2 6265 6660
2 6266 6482
2 6267 6483
2 6268 6484
2 6269 6485
2 6270 6486
2 6271 6487
2 6272 6488
2 6273 6489
2 6274 6482
2 6275 6483
2 6276 6484
2 6277 6485
2 6278 6486
2 6279 6487
2 6280 6488
2 6281 6489
2 6282 6490
2 6283 6492
2 6284 6494
2 6285 6496
2 6286 6490
2 6287 6491
2 6288 6492
2 6289 6493
2 6290 6494
2 6291 6495
2 6292 6496
2 6293 6497
2 6294 6302
2 6294 6310
2 6294 6434
2 6295 6303
2 6295 6311
2 6295 6435
2 6296 6304
2 6296 6312
2 6296 6436
2 6297 6305
2 6297 6313
2 6297 6437
2 6298 6306
2 6298 6314
2 6298 6438
2 6299 6307
2 6299 6315
2 6299 6439
2 6300 6308
2 6300 6316
2 6300 6440
2 6301 6309
2 6301 6317
2 6301 6441
2 6310 6318
2 6310 6482
2 6311 6319
2 6311 6483
2 6312 6320
2 6312 6484
2 6313 6321
2 6313 6485
2 6314 6322
2 6314 6486
2 6315 6323
2 6315 6487
2 6316 6324
2 6316 6488
2 6317 6325
2 6317 6489
2 6318 6326
2 6318 6450
2 6319 6327
2 6319 6451
2 6320 6328
2 6320 6452
2 6321 6329
2 6321 6453
2 6322 6330
2 6322 6454
2 6323 6331
2 6323 6455
2 6324 6332
2 6324 6456
2 6325 6333
2 6325 6457
2 6334 6342
2 6334 6350
2 6334 6450
2 6335 6343
2 6335 6351
2 6335 6451
2 6336 6344
2 6336 6352
2 6336 6452
2 6337 6345
2 6337 6353
2 6337 6453
2 6338 6346
2 6338 6354
2 6338 6454
2 6339 6347
2 6339 6355
2 6339 6455
2 6340 6348
2 6340 6356
2 6340 6456
2 6341 6349
2 6341 6357
2 6341 6457
2 6350 6358
2 6350 6458
2 6351 6359
2 6351 6459
2 6352 6360
2 6352 6460
2 6353 6361
2 6353 6461
2 6354 6362
2 6354 6462
2 6355 6363
2 6355 6463
2 6356 6364
2 6356 6464
2 6357 6365
2 6357 6465
2 6366 6374
2 6366 6382
2 6366 6458
2 6367 6375
2 6367 6383
2 6367 6459
2 6368 6376
2 6368 6384
2 6368 6460
2 6369 6377
2 6369 6385
2 6369 6461
2 6370 6378
2 6370 6386
2 6370 6462
2 6371 6379
2 6371 6387
2 6371 6463
2 6372 6380
2 6372 6388
2 6372 6464
2 6373 6381
2 6373 6389
2 6373 6465
2 6382 6390
2 6382 6490
2 6383 6391
2 6383 6491
2 6384 6392
2 6384 6492
2 6385 6393
2 6385 6493
2 6386 6394
2 6386 6494
2 6387 6395
2 6387 6495
2 6388 6396
2 6388 6496
2 6389 6397
2 6389 6497
2 6390 6398
2 6390 6474
2 6391 6475
2 6392 6399
2 6392 6476
2 6393 6477
2 6394 6400
2 6394 6478
2 6395 6479
2 6396 6401
2 6396 6480
2 6397 6481
2 6402 6410
2 6402 6418
2 6402 6474
2 6403 6411
2 6403 6419
2 6403 6475
2 6404 6412
2 6404 6420
2 6404 6476
2 6405 6413
2 6405 6421
2 6405 6477
2 6406 6414
2 6406 6422
2 6406 6478
2 6407 6415
2 6407 6423
2 6407 6479
2 6408 6416
2 6408 6424
2 6408 6480
2 6409 6417
2 6409 6425
2 6409 6481
2 6418 6426
2 6418 6434
2 6419 6427
2 6419 6435
2 6420 6428
2 6420 6436
2 6421 6429
2 6421 6437
2 6422 6430
2 6422 6438
2 6423 6431
2 6423 6439
2 6424 6432
2 6424 6440
2 6425 6433
2 6425 6441
2 6434 6442
2 6435 6443
2 6436 6444
2 6437 6445
2 6438 6446
2 6439 6447
2 6440 6448
2 6441 6449
2 6442 6450
2 6442 6466
2 6443 6451
2 6443 6467
2 6444 6452
2 6444 6468
2 6445 6453
2 6445 6469
2 6446 6454
2 6446 6470
2 6447 6455
2 6447 6471
2 6448 6456
2 6448 6472
2 6449 6457
2 6449 6473
2 6458 6466
2 6459 6467
2 6460 6468
2 6461 6469
2 6462 6470
2 6463 6471
2 6464 6472
2 6465 6473
2 6466 6474
2 6467 6475
2 6468 6476
2 6469 6477
2 6470 6478
2 6471 6479
2 6472 6480
2 6473 6481
2 6498 6506
2 6499 6507
2 6499 8833
2 6500 6508
2 6500 8834
2 6501 6506
2 6501 6509
2 6501 6824
2 6502 6503
2 6502 6511
2 6502 6826
2 6503 6513
2 6503 6828
2 6504 6507
2 6504 6514
2 6504 6829
2 6505 6508
2 6505 6515
2 6505 6830
2 6506 6821
2 6507 6822
2 6508 6823
2 6509 6510
2 6509 6511
2 6511 6518
2 6512 6514
2 6513 6515
2 6513 6520
2 6514 6516
2 6515 6517
2 6518 6519
2 6518 6520
2 6520 6522
2 6523 6642
2 6523 6804
2 6523 7448
2 6524 6534
2 6524 6822
2 6525 6535
2 6525 6823
2 6526 6634
2 6527 6635
2 6528 6636
2 6529 6637
2 6530 6634
2 6531 6635
2 6532 6636
2 6533 6637
2 6534 6638
2 6535 6640
2 6536 6638
2 6537 6639
2 6538 6640
2 6539 6641
2 6540 6544
2 6540 6548
2 6540 6610
2 6541 6545
2 6541 6549
2 6541 6611
2 6542 6546
2 6542 6550
2 6542 6612
2 6543 6547
2 6543 6551
2 6543 6613
2 6548 6552
2 6548 6634
2 6549 6553
2 6549 6635
2 6550 6554
2 6550 6636
2 6551 6555
2 6551 6637
2 6552 6556
2 6552 6618
2 6553 6557
2 6553 6619
2 6554 6558
2 6554 6620
2 6555 6559
2 6555 6621
2 6560 6564
2 6560 6568
2 6560 6618
2 6561 6565
2 6561 6569
2 6561 6619
2 6562 6566
2 6562 6570
2 6562 6620
2 6563 6567
2 6563 6571
2 6563 6621
2 6568 6572
2 6568 6622
2 6569 6573
2 6569 6623
2 6570 6574
2 6570 6624
2 6571 6575
2 6571 6625
2 6576 6580
2 6576 6584
2 6576 6622
2 6577 6581
2 6577 6585
2 6577 6623
2 6578 6582
2 6578 6586
2 6578 6624
2 6579 6583
2 6579 6587
2 6579 6625
2 6584 6588
2 6584 6638
2 6585 6589
2 6585 6639
2 6586 6590
2 6586 6640
2 6587 6591
2 6587 6641
2 6588 6592
2 6588 6630
2 6589 6631
2 6590 6593
2 6590 6632
2 6591 6633
2 6594 6598
2 6594 6602
2 6594 6630
2 6595 6599
2 6595 6603
2 6595 6631
2 6596 6600
2 6596 6604
2 6596 6632
2 6597 6601
2 6597 6605
2 6597 6633
2 6602 6606
2 6602 6610
2 6603 6607
2 6603 6611
2 6604 6608
2 6604 6612
2 6605 6609
2 6605 6613
2 6610 6614
2 6611 6615
2 6612 6616
2 6613 6617
2 6614 6618
2 6614 6626
2 6615 6619
2 6615 6627
2 6616 6620
2 6616 6628
2 6617 6621
2 6617 6629
2 6622 6626
2 6623 6627
2 6624 6628
2 6625 6629
2 6626 6630
2 6627 6631
2 6628 6632
2 6629 6633
2 6642 6648
2 6643 6649
2 6644 6648
2 6644 6650
2 6644 6840
2 6645 6646
2 6645 6652
2 6645 6842
2 6646 6653
2 6646 6843
2 6647 6649
2 6647 6654
2 6647 6844
2 6648 6838
2 6649 6839
2 6650 6651
2 6650 6652
2 6652 6656
2 6653 6654
2 6653 6658
2 6654 6655
2 6656 6657
2 6656 6658
2 6658 6659
2 6660 6779
2 6660 6821
2 6660 7267
2 6661 6671
2 6661 6780
2 6661 9323
2 6662 6672
2 6662 6781
2 6662 9324
2 6663 6771
2 6664 6772
2 6665 6773
2 6666 6774
2 6667 6771
2 6668 6772
2 6669 6773
2 6670 6774
2 6671 6775
2 6672 6777
2 6673 6775
2 6674 6776
2 6675 6777
2 6676 6778
2 6677 6681
2 6677 6685
2 6677 6747
2 6678 6682
2 6678 6686
2 6678 6748
2 6679 6683
2 6679 6687
2 6679 6749
2 6680 6684
2 6680 6688
2 6680 6750
2 6685 6689
2 6685 6771
2 6686 6690
2 6686 6772
2 6687 6691
2 6687 6773
2 6688 6692
2 6688 6774
2 6689 6693
2 6689 6755
2 6690 6694
2 6690 6756
2 6691 6695
2 6691 6757
2 6692 6696
2 6692 6758
2 6697 6701
2 6697 6705
2 6697 6755
2 6698 6702
2 6698 6706
2 6698 6756
2 6699 6703
2 6699 6707
2 6699 6757
2 6700 6704
2 6700 6708
2 6700 6758
2 6705 6709
2 6705 6759
2 6706 6710
2 6706 6760
2 6707 6711
2 6707 6761
2 6708 6712
2 6708 6762
2 6713 6717
2 6713 6721
2 6713 6759
2 6714 6718
2 6714 6722
2 6714 6760
2 6715 6719
2 6715 6723
2 6715 6761
2 6716 6720
2 6716 6724
2 6716 6762
2 6721 6725
2 6721 6775
2 6722 6726
2 6722 6776
2 6723 6727
2 6723 6777
2 6724 6728
2 6724 6778
2 6725 6729
2 6725 6767
2 6726 6768
2 6727 6730
2 6727 6769
2 6728 6770
2 6731 6735
2 6731 6739
2 6731 6767
2 6732 6736
2 6732 6740
2 6732 6768
2 6733 6737
2 6733 6741
2 6733 6769
2 6734 6738
2 6734 6742
2 6734 6770
2 6739 6743
2 6739 6747
2 6740 6744
2 6740 6748
2 6741 6745
2 6741 6749
2 6742 6746
2 6742 6750
2 6747 6751
2 6748 6752
2 6749 6753
2 6750 6754
2 6751 6755
2 6751 6763
2 6752 6756
2 6752 6764
2 6753 6757
2 6753 6765
2 6754 6758
2 6754 6766
2 6759 6763
2 6760 6764
2 6761 6765
2 6762 6766
2 6763 6767
2 6764 6768
2 6765 6769
2 6766 6770
2 6779 6787
2 6780 6788
2 6781 6789
2 6782 6787
2 6782 6790
2 6782 6807
2 6783 6784
2 6783 6792
2 6783 6809
2 6784 6793
2 6784 6810
2 6785 6788
2 6785 6795
2 6785 6812
2 6786 6789
2 6786 6796
2 6786 6813
2 6787 6804
2 6788 6805
2 6789 6806
2 6790 6791
2 6790 6792
2 6792 6799
2 6793 6795
2 6793 6801
2 6794 6796
2 6795 6797
2 6796 6798
2 6799 6800
2 6799 6801
2 6801 6802
2 6807 6808
2 6807 6809
2 6809 6816
2 6810 6812
2 6810 6818
2 6811 6813
2 6812 6814
2 6813 6815
2 6816 6817
2 6816 6818
2 6818 6819
2 6824 6825
2 6824 6826
2 6826 6833
2 6827 6829
2 6828 6830
2 6828 6835
2 6829 6831
2 6830 6832
2 6833 6834
2 6833 6835
2 6835 6837
2 6839 9201
2 6840 6841
2 6840 6842
2 6842 6846
2 6843 6844
2 6843 6848
2 6844 6845
2 6846 6847
2 6846 6848
2 6848 6849
2 6853 6855
2 6853 6857
2 6854 6856
2 6854 6858
2 6858 6862
2 6859 6860
2 6859 6865
2 6860 6861
2 6862 6864
2 6862 6865
2 6865 6866
2 6867 8594
2 6869 6870
2 6869 6871
2 6871 6875
2 6872 6873
2 6872 6877
2 6873 6874
2 6875 6876
2 6875 6877
2 6877 6878
2 6882 6884
2 6882 6886
2 6883 6885
2 6883 6887
2 6886 6891
2 6888 6889
2 6888 6894
2 6889 6890
2 6891 6892
2 6891 6894
2 6894 6895
2 6896 6900
2 6897 6959
2 6897 7639
2 6898 6900
2 6898 6960
2 6898 7640
2 6899 6905
2 6899 10164
2 6900 6995
2 6900 7111
2 6901 6955
2 6902 6956
2 6903 6955
2 6904 6956
2 6905 6958
2 6906 6957
2 6907 6958
2 6908 6910
2 6908 6912
2 6908 6943
2 6909 6911
2 6909 6913
2 6909 6944
2 6912 6914
2 6912 6955
2 6913 6915
2 6913 6956
2 6914 6916
2 6914 6947
2 6915 6917
2 6915 6948
2 6918 6920
2 6918 6922
2 6918 6947
2 6919 6921
2 6919 6923
2 6919 6948
2 6922 6924
2 6922 6949
2 6923 6925
2 6923 6950
2 6926 6928
2 6926 6930
2 6926 6949
2 6927 6929
2 6927 6931
2 6927 6950
2 6930 6932
2 6930 6957
2 6931 6933
2 6931 6958
2 6932 6953
2 6933 6934
2 6933 6954
2 6935 6937
2 6935 6939
2 6935 6953
2 6936 6938
2 6936 6940
2 6936 6954
2 6939 6941
2 6939 6943
2 6940 6942
2 6940 6944
2 6943 6945
2 6944 6946
2 6945 6947
2 6945 6951
2 6946 6948
2 6946 6952
2 6949 6951
2 6950 6952
2 6951 6953
2 6952 6954
2 6959 6971
2 6960 6972
2 6961 6973
2 6962 6974
2 6963 6971
2 6963 6975
2 6963 7684
2 6964 6972
2 6964 6976
2 6964 7685
2 6965 6967
2 6965 6979
2 6965 7687
2 6966 6968
2 6966 6980
2 6966 7688
2 6967 6981
2 6967 7689
2 6968 6982
2 6968 7690
2 6969 6973
2 6969 6983
2 6969 7691
2 6970 6974
2 6970 6984
2 6970 7692
2 6972 7681
2 6973 7682
2 6974 7683
2 6975 6977
2 6975 6979
2 6976 6978
2 6976 6980
2 6979 6987
2 6980 6988
2 6981 6983
2 6981 6991
2 6982 6984
2 6982 6992
2 6983 6985
2 6984 6986
2 6987 6989
2 6987 6991
2 6988 6990
2 6988 6992
2 6991 6993
2 6992 6994
2 6995 7078
2 6995 7681
2 6996 7002
2 6996 7079
2 6997 7003
2 6997 7080
2 6998 7072
2 6999 7073
2 7000 7072
2 7001 7073
2 7002 7075
2 7003 7077
2 7004 7074
2 7005 7075
2 7006 7076
2 7007 7077
2 7008 7010
2 7008 7012
2 7008 7058
2 7009 7011
2 7009 7013
2 7009 7059
2 7012 7014
2 7012 7072
2 7013 7015
2 7013 7073
2 7014 7016
2 7014 7062
2 7015 7017
2 7015 7063
2 7018 7020
2 7018 7024
2 7018 7062
2 7019 7021
2 7019 7025
2 7019 7063
2 7024 7028
2 7024 7064
2 7025 7029
2 7025 7065
2 7026 7030
2 7026 7066
2 7027 7031
2 7027 7067
2 7032 7036
2 7032 7040
2 7032 7064
2 7033 7037
2 7033 7041
2 7033 7065
2 7034 7038
2 7034 7042
2 7034 7066
2 7035 7039
2 7035 7043
2 7035 7067
2 7040 7044
2 7040 7074
2 7041 7045
2 7041 7075
2 7042 7046
2 7042 7076
2 7043 7047
2 7043 7077
2 7044 7070
2 7045 7048
2 7045 7071
2 7047 7049
2 7050 7052
2 7050 7054
2 7050 7070
2 7051 7053
2 7051 7055
2 7051 7071
2 7054 7056
2 7054 7058
2 7055 7057
2 7055 7059
2 7058 7060
2 7059 7061
2 7060 7062
2 7060 7068
2 7061 7063
2 7061 7069
2 7064 7068
2 7065 7069
2 7068 7070
2 7069 7071
2 7078 7089
2 7079 7091
2 7080 7092
2 7081 7089
2 7081 7093
2 7081 7619
2 7082 7090
2 7082 7094
2 7082 7620
2 7083 7085
2 7083 7096
2 7083 7623
2 7084 7086
2 7084 7097
2 7084 7624
2 7085 7098
2 7085 7625
2 7086 7099
2 7086 7626
2 7087 7091
2 7087 7100
2 7087 7627
2 7088 7092
2 7088 7101
2 7088 7628
2 7089 7615
2 7090 7616
2 7091 7617
2 7092 7618
2 7093 7095
2 7093 7096
2 7094 7097
2 7096 7104
2 7097 7105
2 7098 7100
2 7098 7107
2 7099 7101
2 7099 7108
2 7100 7102
2 7101 7103
2 7104 7106
2 7104 7107
2 7105 7108
2 7107 7109
2 7108 7110
2 7111 7195
2 7111 7615
2 7112 7196
2 7112 7616
2 7113 7119
2 7113 7682
2 7113 9828
2 7114 7120
2 7114 7683
2 7114 9829
2 7115 7189
2 7116 7190
2 7117 7189
2 7118 7190
2 7119 7192
2 7120 7194
2 7121 7191
2 7122 7192
2 7123 7193
2 7124 7194
2 7125 7127
2 7125 7129
2 7125 7175
2 7126 7128
2 7126 7130
2 7126 7176
2 7129 7131
2 7129 7189
2 7130 7132
2 7130 7190
2 7131 7133
2 7131 7179
2 7132 7134
2 7132 7180
2 7135 7139
2 7135 7143
2 7135 7179
2 7136 7140
2 7136 7144
2 7136 7180
2 7141 7145
2 7141 7181
2 7142 7146
2 7142 7182
2 7143 7147
2 7143 7183
2 7144 7148
2 7144 7184
2 7149 7153
2 7149 7157
2 7149 7181
2 7150 7154
2 7150 7158
2 7150 7182
2 7151 7155
2 7151 7159
2 7151 7183
2 7152 7156
2 7152 7160
2 7152 7184
2 7157 7161
2 7157 7191
2 7158 7162
2 7158 7192
2 7159 7163
2 7159 7193
2 7160 7164
2 7160 7194
2 7162 7165
2 7163 7187
2 7164 7166
2 7164 7188
2 7167 7169
2 7167 7171
2 7167 7187
2 7168 7170
2 7168 7172
2 7168 7188
2 7171 7173
2 7171 7175
2 7172 7174
2 7172 7176
2 7175 7177
2 7176 7178
2 7177 7179
2 7177 7185
2 7178 7180
2 7178 7186
2 7183 7185
2 7184 7186
2 7185 7187
2 7186 7188
2 7195 7219
2 7196 7220
2 7197 7221
2 7197 9663
2 7198 7222
2 7198 9664
2 7199 7223
2 7199 9665
2 7200 7224
2 7200 9666
2 7201 7217
2 7201 7225
2 7201 7645
2 7202 7218
2 7202 7226
2 7202 7646
2 7203 7219
2 7203 7227
2 7203 7647
2 7204 7220
2 7204 7228
2 7204 7648
2 7205 7209
2 7205 7231
2 7205 7651
2 7206 7210
2 7206 7232
2 7206 7652
2 7207 7211
2 7207 7233
2 7207 7653
2 7208 7212
2 7208 7234
2 7208 7654
2 7209 7235
2 7209 7655
2 7210 7236
2 7210 7656
2 7211 7237
2 7211 7657
2 7212 7238
2 7212 7658
2 7213 7221
2 7213 7239
2 7213 7659
2 7214 7222
2 7214 7240
2 7214 7660
2 7215 7223
2 7215 7241
2 7215 7661
2 7216 7224
2 7216 7242
2 7216 7662
2 7217 7639
2 7219 7640
2 7221 7641
2 7222 7642
2 7223 7643
2 7224 7644
2 7225 7231
2 7226 7232
2 7227 7229
2 7227 7233
2 7228 7230
2 7228 7234
2 7231 7247
2 7232 7248
2 7233 7249
2 7234 7250
2 7235 7239
2 7235 7253
2 7236 7240
2 7236 7254
2 7237 7241
2 7237 7255
2 7238 7242
2 7238 7256
2 7239 7243
2 7240 7244
2 7241 7245
2 7242 7246
2 7247 7253
2 7248 7254
2 7249 7251
2 7249 7255
2 7250 7252
2 7250 7256
2 7253 7257
2 7254 7258
2 7255 7259
2 7256 7260
2 7261 7296
2 7262 7297
2 7263 7265
2 7263 7268
2 7263 7298
2 7263 7530
2 7264 7265
2 7264 7269
2 7264 7337
2 7264 7452
2 7265 7331
2 7265 7446
2 7266 7294
2 7267 7294
2 7268 7295
2 7269 7295
2 7270 7271
2 7270 7272
2 7270 7288
2 7272 7273
2 7272 7294
2 7273 7274
2 7273 7290
2 7275 7276
2 7275 7277
2 7275 7290
2 7277 7278
2 7277 7291
2 7279 7280
2 7279 7281
2 7279 7291
2 7281 7282
2 7281 7295
2 7282 7283
2 7282 7293
2 7284 7285
2 7284 7286
2 7284 7293
2 7286 7287
2 7286 7288
2 7288 7289
2 7289 7290
2 7289 7292
2 7291 7292
2 7292 7293
2 7296 7307
2 7297 7308
2 7298 7309
2 7299 7307
2 7299 7311
2 7299 7553
2 7300 7308
2 7300 7312
2 7300 7554
2 7301 7303
2 7301 7315
2 7301 7557
2 7302 7304
2 7302 7316
2 7302 7558
2 7303 7317
2 7303 7559
2 7304 7318
2 7304 7560
2 7305 7309
2 7305 7319
2 7305 7561
2 7306 7310
2 7306 7320
2 7306 7562
2 7307 7549
2 7308 7550
2 7309 7551
2 7310 7552
2 7311 7313
2 7311 7315
2 7312 7314
2 7312 7316
2 7315 7322
2 7316 7323
2 7317 7319
2 7317 7326
2 7318 7320
2 7318 7327
2 7319 7321
2 7322 7324
2 7322 7326
2 7323 7325
2 7323 7327
2 7326 7328
2 7329 7528
2 7329 9962
2 7330 7529
2 7330 9963
2 7331 7335
2 7331 7382
2 7331 7551
2 7332 7336
2 7332 7383
2 7332 7552
2 7333 7375
2 7334 7375
2 7335 7376
2 7336 7377
2 7337 7376
2 7338 7377
2 7339 7340
2 7339 7341
2 7339 7366
2 7341 7342
2 7341 7375
2 7342 7343
2 7342 7368
2 7344 7346
2 7344 7348
2 7344 9954
2 7345 7347
2 7345 7349
2 7345 9955
2 7348 7350
2 7348 7369
2 7349 7351
2 7349 7370
2 7352 7354
2 7352 7356
2 7352 7369
2 7353 7355
2 7353 7357
2 7353 7370
2 7356 7358
2 7356 7376
2 7357 7359
2 7357 7377
2 7358 7360
2 7358 7373
2 7359 7361
2 7359 7374
2 7362 7363
2 7362 7364
2 7362 9958
2 7364 7365
2 7364 7366
2 7366 7367
2 7367 7368
2 7367 9957
2 7368 9933
2 7369 7371
2 7370 7372
2 7371 7373
2 7371 9952
2 7372 7374
2 7372 9953
2 7373 9942
2 7374 9943
2 7378 7400
2 7378 9912
2 7379 7401
2 7379 9913
2 7380 7402
2 7380 9914
2 7381 7403
2 7381 9915
2 7382 7406
2 7383 7407
2 7384 7400
2 7384 7408
2 7384 7579
2 7385 7401
2 7385 7409
2 7385 7580
2 7386 7402
2 7386 7410
2 7386 7581
2 7387 7403
2 7387 7411
2 7387 7582
2 7388 7392
2 7388 7416
2 7388 7587
2 7389 7393
2 7389 7417
2 7389 7588
2 7390 7394
2 7390 7418
2 7390 7589
2 7391 7395
2 7391 7419
2 7391 7590
2 7392 7420
2 7392 7591
2 7393 7421
2 7393 7592
2 7394 7422
2 7394 7593
2 7395 7423
2 7395 7594
2 7396 7404
2 7396 7424
2 7396 7595
2 7397 7405
2 7397 7425
2 7397 7596
2 7398 7406
2 7398 7426
2 7398 7597
2 7399 7407
2 7399 7427
2 7399 7598
2 7400 7573
2 7401 7574
2 7402 7575
2 7403 7576
2 7404 7577
2 7406 7578
2 7408 7412
2 7408 7416
2 7409 7413
2 7409 7417
2 7410 7414
2 7410 7418
2 7411 7415
2 7411 7419
2 7416 7430
2 7417 7431
2 7418 7432
2 7419 7433
2 7420 7424
2 7420 7438
2 7421 7425
2 7421 7439
2 7422 7426
2 7422 7440
2 7423 7427
2 7423 7441
2 7426 7428
2 7427 7429
2 7430 7434
2 7430 7438
2 7431 7435
2 7431 7439
2 7432 7436
2 7432 7440
2 7433 7437
2 7433 7441
2 7440 7442
2 7441 7443
2 7444 10127
2 7445 7449
2 7445 7494
2 7445 7577
2 7446 7450
2 7446 7495
2 7446 7578
2 7447 7489
2 7448 7489
2 7449 7490
2 7450 7491
2 7451 7490
2 7452 7491
2 7453 7454
2 7453 7455
2 7453 7480
2 7455 7456
2 7455 7489
2 7456 7457
2 7456 7482
2 7458 7460
2 7458 7462
2 7459 7461
2 7459 7463
2 7462 7464
2 7462 7483
2 7463 7465
2 7463 7484
2 7466 7468
2 7466 7470
2 7466 7483
2 7467 7469
2 7467 7471
2 7467 7484
2 7470 7472
2 7470 7490
2 7471 7473
2 7471 7491
2 7472 7474
2 7472 7487
2 7473 7475
2 7473 7488
2 7476 7477
2 7476 7478
2 7478 7479
2 7478 7480
2 7480 7481
2 7481 7482
2 7483 7485
2 7484 7486
2 7485 7487
2 7486 7488
2 7492 7504
2 7493 7505
2 7494 7506
2 7495 7507
2 7496 7504
2 7496 7508
2 7496 7531
2 7497 7505
2 7497 7509
2 7497 7532
2 7498 7500
2 7498 7512
2 7498 7535
2 7499 7501
2 7499 7513
2 7499 7536
2 7500 7514
2 7500 7537
2 7501 7515
2 7501 7538
2 7502 7506
2 7502 7516
2 7502 7539
2 7503 7507
2 7503 7517
2 7503 7540
2 7504 7528
2 7505 7529
2 7507 7530
2 7508 7510
2 7508 7512
2 7509 7511
2 7509 7513
2 7512 7520
2 7513 7521
2 7514 7516
2 7514 7524
2 7515 7517
2 7515 7525
2 7516 7518
2 7517 7519
2 7520 7522
2 7520 7524
2 7521 7523
2 7521 7525
2 7524 7526
2 7525 7527
2 7531 7533
2 7531 7535
2 7532 7534
2 7532 7536
2 7535 7542
2 7536 7543
2 7537 7539
2 7537 7546
2 7538 7540
2 7538 7547
2 7540 7541
2 7542 7544
2 7542 7546
2 7543 7545
2 7543 7547
2 7547 7548
2 7549 9995
2 7550 9996
2 7553 7555
2 7553 7557
2 7554 7556
2 7554 7558
2 7557 7565
2 7558 7566
2 7559 7561
2 7559 7569
2 7560 7562
2 7560 7570
2 7561 7563
2 7562 7564
2 7565 7567
2 7565 7569
2 7566 7568
2 7566 7570
2 7569 7571
2 7570 7572
2 7579 7583
2 7579 7587
2 7580 7584
2 7580 7588
2 7581 7585
2 7581 7589
2 7582 7586
2 7582 7590
2 7587 7601
2 7588 7602
2 7589 7603
2 7590 7604
2 7591 7595
2 7591 7609
2 7592 7596
2 7592 7610
2 7593 7597
2 7593 7611
2 7594 7598
2 7594 7612
2 7595 7599
2 7597 7600
2 7601 7605
2 7601 7609
2 7602 7606
2 7602 7610
2 7603 7607
2 7603 7611
2 7604 7608
2 7604 7612
2 7609 7613
2 7611 7614
2 7617 9415
2 7618 9416
2 7619 7621
2 7619 7623
2 7620 7622
2 7620 7624
2 7623 7631
2 7624 7632
2 7625 7627
2 7625 7635
2 7626 7628
2 7626 7636
2 7627 7629
2 7628 7630
2 7631 7633
2 7631 7635
2 7632 7634
2 7632 7636
2 7635 7637
2 7636 7638
2 7645 7649
2 7645 7651
2 7646 7652
2 7647 7650
2 7647 7653
2 7648 7654
2 7651 7667
2 7652 7668
2 7653 7669
2 7654 7670
2 7655 7659
2 7655 7673
2 7656 7660
2 7656 7674
2 7657 7661
2 7657 7675
2 7658 7662
2 7658 7676
2 7659 7663
2 7660 7664
2 7661 7665
2 7662 7666
2 7667 7671
2 7667 7673
2 7668 7674
2 7669 7672
2 7669 7675
2 7670 7676
2 7673 7677
2 7674 7678
2 7675 7679
2 7676 7680
2 7684 7687
2 7685 7686
2 7685 7688
2 7687 7695
2 7688 7696
2 7689 7691
2 7689 7698
2 7690 7692
2 7690 7699
2 7691 7693
2 7692 7694
2 7695 7698
2 7696 7697
2 7696 7699
2 7698 7700
2 7699 7701
2 7702 7713
2 7702 9420
2 7702 9586
2 7702 9669
2 7703 7714
2 7703 9421
2 7703 9587
2 7703 9670
2 7704 7776
2 7704 9671
2 7705 7777
2 7705 9672
2 7706 7713
2 7706 7778
2 7706 8534
2 7706 9673
2 7707 7714
2 7707 7779
2 7707 8535
2 7707 9674
2 7708 7720
2 7708 8500
2 7709 8501
2 7710 7715
2 7710 7721
2 7710 7780
2 7710 8502
2 7711 7781
2 7711 8503
2 7712 7715
2 7712 7723
2 7712 7849
2 7712 7989
2 7713 7832
2 7713 7982
2 7714 7833
2 7714 7983
2 7715 7836
2 7715 7984
2 7716 7772
2 7717 7773
2 7718 7772
2 7718 8646
2 7719 7773
2 7719 8647
2 7720 7774
2 7721 7775
2 7722 7774
2 7723 7775
2 7724 7726
2 7724 7728
2 7724 7760
2 7725 7727
2 7725 7729
2 7725 7761
2 7728 7730
2 7728 7772
2 7729 7731
2 7729 7773
2 7730 7732
2 7730 7764
2 7731 7733
2 7731 7765
2 7734 7736
2 7734 7738
2 7734 7764
2 7735 7737
2 7735 7739
2 7735 7765
2 7738 7740
2 7738 7766
2 7739 7741
2 7739 7767
2 7742 7744
2 7742 7746
2 7742 7766
2 7743 7745
2 7743 7747
2 7743 7767
2 7746 7748
2 7746 7774
2 7747 7749
2 7747 7775
2 7748 7750
2 7748 7770
2 7749 7751
2 7749 7771
2 7752 7754
2 7752 7756
2 7752 7770
2 7753 7755
2 7753 7757
2 7753 7771
2 7756 7758
2 7756 7760
2 7757 7759
2 7757 7761
2 7760 7762
2 7761 7763
2 7762 7764
2 7762 7768
2 7763 7765
2 7763 7769
2 7766 7768
2 7767 7769
2 7768 7770
2 7769 7771
2 7776 7794
2 7777 7795
2 7778 7796
2 7779 7797
2 7780 7798
2 7781 7799
2 7782 7794
2 7782 7800
2 7782 8564
2 7783 7795
2 7783 7801
2 7783 8565
2 7784 7796
2 7784 7802
2 7784 8566
2 7785 7797
2 7785 7803
2 7785 8567
2 7786 7808
2 7786 8572
2 7787 7809
2 7787 8573
2 7788 7810
2 7788 8574
2 7789 7811
2 7789 8575
2 7790 7812
2 7790 8576
2 7791 7813
2 7791 8577
2 7792 7798
2 7792 7814
2 7792 8578
2 7793 7799
2 7793 7815
2 7793 8579
2 7794 8558
2 7795 8559
2 7796 8560
2 7797 8561
2 7798 8562
2 7799 8563
2 7800 7804
2 7800 7808
2 7801 7805
2 7801 7809
2 7802 7806
2 7802 7810
2 7803 7807
2 7803 7811
2 7808 7818
2 7809 7819
2 7810 7820
2 7811 7821
2 7812 7814
2 7812 7826
2 7813 7815
2 7813 7827
2 7814 7816
2 7815 7817
2 7818 7822
2 7819 7823
2 7820 7824
2 7821 7825
2 7826 7828
2 7827 7829
2 7830 8558
2 7830 9422
2 7831 8559
2 7831 9423
2 7832 7928
2 7832 8560
2 7832 9424
2 7833 7929
2 7833 8561
2 7833 9425
2 7834 7846
2 7834 7930
2 7835 7931
2 7836 7847
2 7836 7932
2 7836 8536
2 7837 7933
2 7837 8537
2 7838 7922
2 7839 7923
2 7840 7924
2 7841 7925
2 7842 7922
2 7842 8747
2 7843 7923
2 7843 8748
2 7844 7924
2 7844 8749
2 7845 7925
2 7845 8750
2 7846 7926
2 7847 7927
2 7848 7926
2 7849 7927
2 7850 7854
2 7850 7858
2 7850 7904
2 7851 7855
2 7851 7859
2 7851 7905
2 7852 7856
2 7852 7860
2 7852 7906
2 7853 7857
2 7853 7861
2 7853 7907
2 7858 7862
2 7858 7922
2 7859 7863
2 7859 7923
2 7860 7864
2 7860 7924
2 7861 7865
2 7861 7925
2 7862 7866
2 7862 7912
2 7863 7867
2 7863 7913
2 7864 7868
2 7864 7914
2 7865 7869
2 7865 7915
2 7870 7872
2 7870 7874
2 7870 7913
2 7871 7873
2 7871 7875
2 7871 7915
2 7874 7876
2 7874 7916
2 7875 7877
2 7875 7917
2 7878 7880
2 7878 7882
2 7878 7916
2 7879 7881
2 7879 7883
2 7879 7917
2 7882 7884
2 7882 7926
2 7883 7885
2 7883 7927
2 7884 7886
2 7884 7920
2 7885 7887
2 7885 7921
2 7888 7892
2 7888 7896
2 7889 7893
2 7889 7897
2 7889 7920
2 7890 7894
2 7890 7898
2 7891 7895
2 7891 7899
2 7891 7921
2 7896 7900
2 7896 7904
2 7897 7901
2 7897 7905
2 7898 7902
2 7898 7906
2 7899 7903
2 7899 7907
2 7904 7908
2 7905 7909
2 7906 7910
2 7907 7911
2 7908 7912
2 7909 7913
2 7909 7918
2 7910 7914
2 7911 7915
2 7911 7919
2 7916 7918
2 7917 7919
2 7918 7920
2 7919 7921
2 7928 7946
2 7929 7947
2 7930 7948
2 7931 7949
2 7932 7950
2 7933 7951
2 7934 7946
2 7934 7952
2 7934 8504
2 7935 7947
2 7935 7953
2 7935 8505
2 7936 7956
2 7936 8508
2 7937 7957
2 7937 8509
2 7938 7958
2 7938 8510
2 7939 7959
2 7939 8511
2 7940 7960
2 7940 8512
2 7941 7961
2 7941 8513
2 7942 7948
2 7942 7962
2 7942 8514
2 7943 7949
2 7943 7963
2 7943 8515
2 7944 7950
2 7944 7964
2 7944 8516
2 7945 7951
2 7945 7965
2 7945 8517
2 7946 8498
2 7947 8499
2 7948 8500
2 7949 8501
2 7950 8502
2 7951 8503
2 7952 7954
2 7952 7956
2 7953 7955
2 7953 7957
2 7956 7970
2 7957 7971
2 7958 7962
2 7958 7974
2 7959 7963
2 7959 7975
2 7960 7964
2 7960 7976
2 7961 7965
2 7961 7977
2 7962 7966
2 7963 7967
2 7964 7968
2 7965 7969
2 7970 7972
2 7971 7973
2 7974 7978
2 7975 7979
2 7976 7980
2 7977 7981
2 7982 8016
2 7982 8498
2 7982 9588
2 7983 8017
2 7983 8499
2 7983 9589
2 7984 7988
2 7984 8018
2 7984 8562
2 7985 8019
2 7985 8563
2 7986 8014
2 7987 8014
2 7987 8594
2 7988 8015
2 7989 8015
2 7990 7991
2 7990 7992
2 7990 8008
2 7992 7993
2 7992 8014
2 7993 7994
2 7993 8010
2 7995 7996
2 7995 7997
2 7995 8010
2 7997 7998
2 7997 8011
2 7999 8000
2 7999 8001
2 7999 8011
2 8001 8002
2 8001 8015
2 8002 8003
2 8002 8013
2 8004 8005
2 8004 8006
2 8004 8013
2 8006 8007
2 8006 8008
2 8008 8009
2 8009 8010
2 8009 8012
2 8011 8012
2 8012 8013
2 8016 8028
2 8017 8029
2 8018 8030
2 8019 8031
2 8020 8028
2 8020 8032
2 8020 8538
2 8021 8029
2 8021 8033
2 8021 8539
2 8022 8024
2 8022 8036
2 8022 8542
2 8023 8025
2 8023 8037
2 8023 8543
2 8024 8038
2 8024 8544
2 8025 8039
2 8025 8545
2 8026 8030
2 8026 8040
2 8026 8546
2 8027 8031
2 8027 8041
2 8027 8547
2 8028 8534
2 8029 8535
2 8030 8536
2 8031 8537
2 8032 8034
2 8032 8036
2 8033 8035
2 8033 8037
2 8036 8044
2 8037 8045
2 8038 8040
2 8038 8048
2 8039 8041
2 8039 8049
2 8040 8042
2 8041 8043
2 8044 8046
2 8044 8048
2 8045 8047
2 8045 8049
2 8048 8050
2 8049 8051
2 8052 8063
2 8052 8838
2 8052 9009
2 8052 9202
2 8053 8064
2 8053 8839
2 8053 9010
2 8053 9203
2 8054 8126
2 8054 9011
2 8055 8127
2 8055 9012
2 8056 8063
2 8056 8128
2 8056 8474
2 8056 9013
2 8057 8064
2 8057 8129
2 8057 8475
2 8057 9014
2 8058 8404
2 8059 8070
2 8059 8405
2 8060 8130
2 8060 8406
2 8061 8065
2 8061 8071
2 8061 8131
2 8061 8407
2 8062 8065
2 8062 8073
2 8062 8187
2 8062 8269
2 8063 8180
2 8063 8252
2 8064 8181
2 8064 8253
2 8065 8183
2 8065 8257
2 8066 8122
2 8067 8123
2 8068 8122
2 8068 9995
2 8069 8123
2 8069 9996
2 8070 8124
2 8071 8125
2 8072 8124
2 8073 8125
2 8074 8076
2 8074 8078
2 8074 8110
2 8075 8077
2 8075 8079
2 8075 8111
2 8078 8080
2 8078 8122
2 8079 8081
2 8079 8123
2 8080 8082
2 8080 8114
2 8081 8083
2 8081 8115
2 8084 8086
2 8084 8088
2 8084 8114
2 8085 8087
2 8085 8089
2 8085 8115
2 8088 8090
2 8088 8116
2 8089 8091
2 8089 8117
2 8092 8094
2 8092 8096
2 8092 8116
2 8093 8095
2 8093 8097
2 8093 8117
2 8096 8098
2 8096 8124
2 8097 8099
2 8097 8125
2 8098 8100
2 8098 8120
2 8099 8101
2 8099 8121
2 8102 8104
2 8102 8106
2 8102 8120
2 8103 8105
2 8103 8107
2 8103 8121
2 8106 8108
2 8106 8110
2 8107 8109
2 8107 8111
2 8110 8112
2 8111 8113
2 8112 8114
2 8112 8118
2 8113 8115
2 8113 8119
2 8116 8118
2 8117 8119
2 8118 8120
2 8119 8121
2 8126 8144
2 8127 8145
2 8128 8146
2 8129 8147
2 8130 8148
2 8131 8149
2 8132 8144
2 8132 8150
2 8132 8444
2 8133 8145
2 8133 8151
2 8133 8445
2 8134 8146
2 8134 8152
2 8134 8446
2 8135 8147
2 8135 8153
2 8135 8447
2 8136 8158
2 8136 8452
2 8137 8159
2 8137 8453
2 8138 8160
2 8138 8454
2 8139 8161
2 8139 8455
2 8140 8162
2 8140 8456
2 8141 8163
2 8141 8457
2 8142 8148
2 8142 8164
2 8142 8458
2 8143 8149
2 8143 8165
2 8143 8459
2 8144 8438
2 8145 8439
2 8146 8440
2 8147 8441
2 8148 8442
2 8149 8443
2 8150 8154
2 8150 8158
2 8151 8155
2 8151 8159
2 8152 8156
2 8152 8160
2 8153 8157
2 8153 8161
2 8158 8168
2 8159 8169
2 8160 8170
2 8161 8171
2 8162 8164
2 8162 8176
2 8163 8165
2 8163 8177
2 8164 8166
2 8165 8167
2 8168 8172
2 8169 8173
2 8170 8174
2 8171 8175
2 8176 8178
2 8177 8179
2 8180 8214
2 8180 8402
2 8180 9204
2 8181 8215
2 8181 8403
2 8181 9205
2 8182 8216
2 8182 8442
2 8183 8186
2 8183 8217
2 8183 8443
2 8184 8212
2 8185 8212
2 8185 9860
2 8186 8213
2 8187 8213
2 8188 8189
2 8188 8190
2 8188 8206
2 8190 8191
2 8190 8212
2 8191 8192
2 8191 8208
2 8193 8194
2 8193 8195
2 8193 8208
2 8195 8196
2 8195 8209
2 8197 8198
2 8197 8199
2 8197 8209
2 8199 8200
2 8199 8213
2 8200 8201
2 8200 8211
2 8202 8203
2 8202 8204
2 8202 8211
2 8204 8205
2 8204 8206
2 8206 8207
2 8207 8208
2 8207 8210
2 8209 8210
2 8210 8211
2 8214 8226
2 8215 8227
2 8216 8228
2 8217 8229
2 8218 8226
2 8218 8230
2 8218 8478
2 8219 8227
2 8219 8231
2 8219 8479
2 8220 8222
2 8220 8234
2 8220 8482
2 8221 8223
2 8221 8235
2 8221 8483
2 8222 8236
2 8222 8484
2 8223 8237
2 8223 8485
2 8224 8228
2 8224 8238
2 8224 8486
2 8225 8229
2 8225 8239
2 8225 8487
2 8226 8474
2 8227 8475
2 8228 8476
2 8229 8477
2 8230 8232
2 8230 8234
2 8231 8233
2 8231 8235
2 8234 8242
2 8235 8243
2 8236 8238
2 8236 8246
2 8237 8239
2 8237 8247
2 8238 8240
2 8239 8241
2 8242 8244
2 8242 8246
2 8243 8245
2 8243 8247
2 8246 8248
2 8247 8249
2 8250 8438
2 8250 8840
2 8251 8439
2 8251 8841
2 8252 8348
2 8252 8440
2 8252 8842
2 8253 8349
2 8253 8441
2 8253 8843
2 8254 8350
2 8255 8266
2 8255 8351
2 8256 8352
2 8256 8476
2 8257 8267
2 8257 8353
2 8257 8477
2 8258 8342
2 8259 8343
2 8260 8344
2 8261 8345
2 8262 8342
2 8262 9912
2 8263 8343
2 8263 9913
2 8264 8344
2 8264 9914
2 8265 8345
2 8265 9915
2 8266 8346
2 8267 8347
2 8268 8346
2 8269 8347
2 8270 8274
2 8270 8278
2 8270 8324
2 8271 8275
2 8271 8279
2 8271 8325
2 8272 8276
2 8272 8280
2 8272 8326
2 8273 8277
2 8273 8281
2 8273 8327
2 8278 8282
2 8278 8342
2 8279 8283
2 8279 8343
2 8280 8284
2 8280 8344
2 8281 8285
2 8281 8345
2 8282 8286
2 8282 8332
2 8283 8287
2 8283 8333
2 8284 8288
2 8284 8334
2 8285 8289
2 8285 8335
2 8290 8292
2 8290 8294
2 8290 8334
2 8291 8293
2 8291 8295
2 8291 8335
2 8294 8296
2 8294 8336
2 8295 8297
2 8295 8337
2 8298 8300
2 8298 8302
2 8298 8336
2 8299 8301
2 8299 8303
2 8299 8337
2 8302 8304
2 8302 8346
2 8303 8305
2 8303 8347
2 8304 8306
2 8304 8340
2 8305 8307
2 8305 8341
2 8308 8312
2 8308 8316
2 8309 8313
2 8309 8317
2 8310 8314
2 8310 8318
2 8310 8340
2 8311 8315
2 8311 8319
2 8311 8341
2 8316 8320
2 8316 8324
2 8317 8321
2 8317 8325
2 8318 8322
2 8318 8326
2 8319 8323
2 8319 8327
2 8324 8328
2 8325 8329
2 8326 8330
2 8327 8331
2 8328 8332
2 8329 8333
2 8330 8334
2 8330 8338
2 8331 8335
2 8331 8339
2 8336 8338
2 8337 8339
2 8338 8340
2 8339 8341
2 8348 8366
2 8349 8367
2 8350 8368
2 8351 8369
2 8352 8370
2 8353 8371
2 8354 8366
2 8354 8372
2 8354 8408
2 8355 8367
2 8355 8373
2 8355 8409
2 8356 8376
2 8356 8412
2 8357 8377
2 8357 8413
2 8358 8378
2 8358 8414
2 8359 8379
2 8359 8415
2 8360 8380
2 8360 8416
2 8361 8381
2 8361 8417
2 8362 8368
2 8362 8382
2 8362 8418
2 8363 8369
2 8363 8383
2 8363 8419
2 8364 8370
2 8364 8384
2 8364 8420
2 8365 8371
2 8365 8385
2 8365 8421
2 8366 8402
2 8367 8403
2 8368 8404
2 8369 8405
2 8370 8406
2 8371 8407
2 8372 8374
2 8372 8376
2 8373 8375
2 8373 8377
2 8376 8390
2 8377 8391
2 8378 8382
2 8378 8394
2 8379 8383
2 8379 8395
2 8380 8384
2 8380 8396
2 8381 8385
2 8381 8397
2 8382 8386
2 8383 8387
2 8384 8388
2 8385 8389
2 8390 8392
2 8391 8393
2 8394 8398
2 8395 8399
2 8396 8400
2 8397 8401
2 8408 8410
2 8408 8412
2 8409 8411
2 8409 8413
2 8412 8426
2 8413 8427
2 8414 8418
2 8414 8430
2 8415 8419
2 8415 8431
2 8416 8420
2 8416 8432
2 8417 8421
2 8417 8433
2 8418 8422
2 8419 8423
2 8420 8424
2 8421 8425
2 8426 8428
2 8427 8429
2 8430 8434
2 8431 8435
2 8432 8436
2 8433 8437
2 8444 8448
2 8444 8452
2 8445 8449
2 8445 8453
2 8446 8450
2 8446 8454
2 8447 8451
2 8447 8455
2 8452 8462
2 8453 8463
2 8454 8464
2 8455 8465
2 8456 8458
2 8456 8470
2 8457 8459
2 8457 8471
2 8458 8460
2 8459 8461
2 8462 8466
2 8463 8467
2 8464 8468
2 8465 8469
2 8470 8472
2 8471 8473
2 8478 8480
2 8478 8482
2 8479 8481
2 8479 8483
2 8482 8490
2 8483 8491
2 8484 8486
2 8484 8494
2 8485 8487
2 8485 8495
2 8486 8488
2 8487 8489
2 8490 8492
2 8490 8494
2 8491 8493
2 8491 8495
2 8494 8496
2 8495 8497
2 8504 8506
2 8504 8508
2 8505 8507
2 8505 8509
2 8508 8522
2 8509 8523
2 8510 8514
2 8510 8526
2 8511 8515
2 8511 8527
2 8512 8516
2 8512 8528
2 8513 8517
2 8513 8529
2 8514 8518
2 8515 8519
2 8516 8520
2 8517 8521
2 8522 8524
2 8523 8525
2 8526 8530
2 8527 8531
2 8528 8532
2 8529 8533
2 8538 8540
2 8538 8542
2 8539 8541
2 8539 8543
2 8542 8550
2 8543 8551
2 8544 8546
2 8544 8554
2 8545 8547
2 8545 8555
2 8546 8548
2 8547 8549
2 8550 8552
2 8550 8554
2 8551 8553
2 8551 8555
2 8554 8556
2 8555 8557
2 8564 8568
2 8564 8572
2 8565 8569
2 8565 8573
2 8566 8570
2 8566 8574
2 8567 8571
2 8567 8575
2 8572 8582
2 8573 8583
2 8574 8584
2 8575 8585
2 8576 8578
2 8576 8590
2 8577 8579
2 8577 8591
2 8578 8580
2 8579 8581
2 8582 8586
2 8583 8587
2 8584 8588
2 8585 8589
2 8590 8592
2 8591 8593
2 8594 8628
2 8595 8597
2 8595 8600
2 8595 8629
2 8595 9349
2 8596 8597
2 8596 8601
2 8596 8655
2 8596 8757
2 8597 8649
2 8597 8751
2 8598 8626
2 8598 9412
2 8599 8626
2 8599 9584
2 8600 8627
2 8601 8627
2 8602 8603
2 8602 8604
2 8602 8620
2 8604 8605
2 8604 8626
2 8605 8606
2 8605 8622
2 8607 8608
2 8607 8609
2 8607 8622
2 8609 8610
2 8609 8623
2 8611 8612
2 8611 8613
2 8611 8623
2 8613 8614
2 8613 8627
2 8614 8615
2 8614 8625
2 8616 8617
2 8616 8618
2 8616 8625
2 8618 8619
2 8618 8620
2 8620 8621
2 8621 8622
2 8621 8624
2 8623 8624
2 8624 8625
2 8628 8634
2 8629 8635
2 8630 8634
2 8630 8636
2 8630 9402
2 8631 8632
2 8631 8638
2 8631 9404
2 8632 8639
2 8632 9405
2 8633 8635
2 8633 8640
2 8633 9406
2 8634 9400
2 8635 9401
2 8636 8637
2 8636 8638
2 8638 8642
2 8639 8640
2 8639 8644
2 8640 8641
2 8642 8643
2 8642 8644
2 8644 8645
2 8648 8652
2 8648 8699
2 8648 9378
2 8649 8653
2 8649 8700
2 8649 9379
2 8650 8692
2 8650 9412
2 8651 8692
2 8651 9662
2 8652 8693
2 8653 8694
2 8654 8693
2 8655 8694
2 8656 8657
2 8656 8658
2 8656 8683
2 8658 8659
2 8658 8692
2 8659 8660
2 8659 8685
2 8661 8663
2 8661 8665
2 8662 8664
2 8662 8666
2 8665 8667
2 8665 8686
2 8666 8668
2 8666 8687
2 8669 8671
2 8669 8673
2 8669 8686
2 8670 8672
2 8670 8674
2 8670 8687
2 8673 8675
2 8673 8693
2 8674 8676
2 8674 8694
2 8675 8677
2 8675 8690
2 8676 8678
2 8676 8691
2 8679 8680
2 8679 8681
2 8681 8682
2 8681 8683
2 8683 8684
2 8684 8685
2 8686 8688
2 8687 8689
2 8688 8690
2 8689 8691
2 8695 8713
2 8696 8714
2 8697 8715
2 8698 8716
2 8699 8717
2 8700 8718
2 8701 8713
2 8701 8719
2 8701 9350
2 8702 8714
2 8702 8720
2 8702 9351
2 8703 8715
2 8703 8721
2 8703 9352
2 8704 8716
2 8704 8722
2 8704 9353
2 8705 8727
2 8705 9358
2 8706 8728
2 8706 9359
2 8707 8709
2 8707 8729
2 8707 9360
2 8708 8710
2 8708 8730
2 8708 9361
2 8709 8731
2 8709 9362
2 8710 8732
2 8710 9363
2 8711 8717
2 8711 8733
2 8711 9364
2 8712 8718
2 8712 8734
2 8712 9365
2 8713 9345
2 8714 9346
2 8715 9347
2 8716 9348
2 8718 9349
2 8719 8723
2 8719 8727
2 8720 8724
2 8720 8728
2 8721 8725
2 8721 8729
2 8722 8726
2 8722 8730
2 8729 8737
2 8730 8738
2 8731 8733
2 8731 8743
2 8732 8734
2 8732 8744
2 8733 8735
2 8734 8736
2 8737 8741
2 8737 8743
2 8738 8742
2 8738 8744
2 8743 8745
2 8744 8746
2 8747 9345
2 8748 9346
2 8749 9347
2 8750 9348
2 8751 8756
2 8751 8799
2 8751 9401
2 8752 8794
2 8753 8795
2 8753 9412
2 8754 8794
2 8754 9413
2 8755 8795
2 8755 9414
2 8756 8796
2 8757 8796
2 8758 8760
2 8758 8762
2 8758 8785
2 8759 8761
2 8759 8763
2 8759 8786
2 8762 8764
2 8762 8794
2 8763 8765
2 8763 8795
2 8764 8766
2 8764 8789
2 8765 8767
2 8765 8790
2 8768 8769
2 8768 8770
2 8770 8771
2 8770 8791
2 8772 8773
2 8772 8774
2 8772 8791
2 8774 8775
2 8774 8796
2 8775 8776
2 8775 8793
2 8777 8779
2 8777 8781
2 8778 8780
2 8778 8782
2 8781 8783
2 8781 8785
2 8782 8784
2 8782 8786
2 8785 8787
2 8786 8788
2 8787 8789
2 8788 8790
2 8791 8792
2 8792 8793
2 8797 8808
2 8798 8809
2 8799 8811
2 8800 8808
2 8800 8812
2 8800 9380
2 8801 8809
2 8801 8813
2 8801 9381
2 8802 8804
2 8802 8816
2 8802 9384
2 8803 8805
2 8803 8817
2 8803 9385
2 8804 8818
2 8804 9386
2 8805 8819
2 8805 9387
2 8806 8810
2 8806 8820
2 8806 9388
2 8807 8811
2 8807 8821
2 8807 9389
2 8808 9376
2 8809 9377
2 8810 9378
2 8811 9379
2 8812 8814
2 8812 8816
2 8813 8815
2 8813 8817
2 8816 8823
2 8817 8824
2 8818 8820
2 8818 8827
2 8819 8821
2 8819 8828
2 8821 8822
2 8823 8825
2 8823 8827
2 8824 8826
2 8824 8828
2 8828 8829
2 8830 8835
2 8830 9864
2 8830 9918
2 8830 9999
2 8831 8952
2 8831 9321
2 8831 9919
2 8832 8835
2 8832 8953
2 8832 9322
2 8832 9920
2 8833 8844
2 8834 8845
2 8835 9002
2 8835 9200
2 8836 8944
2 8837 8945
2 8838 8946
2 8839 8947
2 8840 8944
2 8841 8945
2 8842 8946
2 8843 8947
2 8844 8948
2 8845 8950
2 8846 8948
2 8847 8949
2 8848 8950
2 8849 8951
2 8850 8854
2 8850 8858
2 8850 8920
2 8851 8855
2 8851 8859
2 8851 8921
2 8852 8856
2 8852 8860
2 8852 8922
2 8853 8857
2 8853 8861
2 8853 8923
2 8858 8862
2 8858 8944
2 8859 8863
2 8859 8945
2 8860 8864
2 8860 8946
2 8861 8865
2 8861 8947
2 8862 8866
2 8862 8928
2 8863 8867
2 8863 8929
2 8864 8868
2 8864 8930
2 8865 8869
2 8865 8931
2 8870 8874
2 8870 8878
2 8870 8928
2 8871 8875
2 8871 8879
2 8871 8929
2 8872 8876
2 8872 8880
2 8872 8930
2 8873 8877
2 8873 8881
2 8873 8931
2 8878 8882
2 8878 8932
2 8879 8883
2 8879 8933
2 8880 8884
2 8880 8934
2 8881 8885
2 8881 8935
2 8886 8890
2 8886 8894
2 8886 8932
2 8887 8891
2 8887 8895
2 8887 8933
2 8888 8892
2 8888 8896
2 8888 8934
2 8889 8893
2 8889 8897
2 8889 8935
2 8894 8898
2 8894 8948
2 8895 8899
2 8895 8949
2 8896 8900
2 8896 8950
2 8897 8901
2 8897 8951
2 8898 8902
2 8898 8940
2 8899 8941
2 8900 8903
2 8900 8942
2 8901 8943
2 8904 8908
2 8904 8912
2 8904 8940
2 8905 8909
2 8905 8913
2 8905 8941
2 8906 8910
2 8906 8914
2 8906 8942
2 8907 8911
2 8907 8915
2 8907 8943
2 8912 8916
2 8912 8920
2 8913 8917
2 8913 8921
2 8914 8918
2 8914 8922
2 8915 8919
2 8915 8923
2 8920 8924
2 8921 8925
2 8922 8926
2 8923 8927
2 8924 8928
2 8924 8936
2 8925 8929
2 8925 8937
2 8926 8930
2 8926 8938
2 8927 8931
2 8927 8939
2 8932 8936
2 8933 8937
2 8934 8938
2 8935 8939
2 8936 8940
2 8937 8941
2 8938 8942
2 8939 8943
2 8952 8968
2 8953 8969
2 8954 8970
2 8955 8971
2 8956 8972
2 8957 8973
2 8958 8968
2 8958 8974
2 8958 9295
2 8959 8969
2 8959 8975
2 8959 9296
2 8960 8962
2 8960 8978
2 8960 9298
2 8961 8963
2 8961 8979
2 8961 9299
2 8962 8982
2 8962 9302
2 8963 8983
2 8963 9303
2 8964 8970
2 8964 8984
2 8964 9304
2 8965 8971
2 8965 8985
2 8965 9305
2 8966 8972
2 8966 8986
2 8966 9306
2 8967 8973
2 8967 8987
2 8967 9307
2 8969 9290
2 8970 9291
2 8971 9292
2 8972 9293
2 8973 9294
2 8974 8976
2 8974 8978
2 8975 8977
2 8975 8979
2 8978 8992
2 8979 8993
2 8980 8984
2 8981 8985
2 8982 8986
2 8982 8996
2 8983 8987
2 8983 8997
2 8984 8988
2 8985 8989
2 8986 8990
2 8987 8991
2 8992 8994
2 8992 8996
2 8993 8995
2 8993 8997
2 8996 9000
2 8997 9001
2 9002 9167
2 9002 9278
2 9002 10000
2 9003 9015
2 9003 9291
2 9004 9016
2 9004 9292
2 9005 9017
2 9005 9293
2 9006 9018
2 9006 9294
2 9007 9155
2 9008 9156
2 9009 9157
2 9010 9158
2 9011 9155
2 9012 9156
2 9013 9157
2 9014 9158
2 9015 9159
2 9016 9161
2 9017 9163
2 9018 9165
2 9019 9159
2 9020 9160
2 9021 9161
2 9022 9162
2 9023 9163
2 9024 9164
2 9025 9165
2 9026 9166
2 9027 9031
2 9027 9035
2 9027 9127
2 9028 9032
2 9028 9036
2 9028 9128
2 9029 9033
2 9029 9037
2 9029 9129
2 9030 9034
2 9030 9038
2 9030 9130
2 9035 9039
2 9035 9155
2 9036 9040
2 9036 9156
2 9037 9041
2 9037 9157
2 9038 9042
2 9038 9158
2 9039 9043
2 9039 9135
2 9040 9044
2 9040 9136
2 9041 9045
2 9041 9137
2 9042 9046
2 9042 9138
2 9047 9053
2 9047 9061
2 9047 9135
2 9048 9054
2 9048 9062
2 9048 9136
2 9049 9057
2 9049 9065
2 9049 9137
2 9050 9058
2 9050 9066
2 9050 9138
2 9059 9067
2 9059 9139
2 9060 9068
2 9060 9140
2 9061 9069
2 9061 9141
2 9062 9070
2 9062 9142
2 9063 9071
2 9063 9143
2 9064 9072
2 9064 9144
2 9065 9073
2 9065 9145
2 9066 9074
2 9066 9146
2 9075 9083
2 9075 9091
2 9075 9139
2 9076 9084
2 9076 9092
2 9076 9140
2 9077 9085
2 9077 9093
2 9077 9141
2 9078 9086
2 9078 9094
2 9078 9142
2 9079 9087
2 9079 9095
2 9079 9143
2 9080 9088
2 9080 9096
2 9080 9144
2 9081 9089
2 9081 9097
2 9081 9145
2 9082 9090
2 9082 9098
2 9082 9146
2 9091 9099
2 9091 9159
2 9092 9100
2 9092 9160
2 9093 9101
2 9093 9161
2 9094 9102
2 9094 9162
2 9095 9103
2 9095 9163
2 9096 9104
2 9096 9164
2 9097 9105
2 9097 9165
2 9098 9106
2 9098 9166
2 9099 9107
2 9101 9108
2 9101 9151
2 9102 9152
2 9103 9109
2 9105 9110
2 9105 9153
2 9106 9154
2 9111 9115
2 9111 9119
2 9111 9151
2 9112 9116
2 9112 9120
2 9112 9152
2 9113 9117
2 9113 9121
2 9113 9153
2 9114 9118
2 9114 9122
2 9114 9154
2 9119 9123
2 9119 9127
2 9120 9124
2 9120 9128
2 9121 9125
2 9121 9129
2 9122 9126
2 9122 9130
2 9127 9131
2 9128 9132
2 9129 9133
2 9130 9134
2 9131 9135
2 9131 9147
2 9132 9136
2 9132 9148
2 9133 9137
2 9133 9149
2 9134 9138
2 9134 9150
2 9141 9147
2 9142 9148
2 9145 9149
2 9146 9150
2 9147 9151
2 9148 9152
2 9149 9153
2 9150 9154
2 9167 9179
2 9168 9180
2 9169 9181
2 9170 9178
2 9170 9182
2 9170 9325
2 9171 9179
2 9171 9183
2 9171 9326
2 9172 9174
2 9172 9185
2 9172 9329
2 9173 9175
2 9173 9186
2 9173 9330
2 9174 9187
2 9174 9331
2 9175 9188
2 9175 9332
2 9176 9180
2 9176 9189
2 9176 9333
2 9177 9181
2 9177 9190
2 9177 9334
2 9178 9321
2 9179 9322
2 9180 9323
2 9181 9324
2 9182 9185
2 9183 9184
2 9183 9186
2 9185 9193
2 9186 9194
2 9187 9189
2 9187 9196
2 9188 9190
2 9188 9197
2 9189 9191
2 9190 9192
2 9193 9196
2 9194 9195
2 9194 9197
2 9196 9198
2 9197 9199
2 9200 9260
2 9200 9290
2 9200 9865
2 9201 9206
2 9201 9261
2 9202 9256
2 9203 9257
2 9204 9256
2 9205 9257
2 9206 9258
2 9207 9258
2 9208 9259
2 9209 9211
2 9209 9213
2 9209 9244
2 9210 9212
2 9210 9214
2 9210 9245
2 9213 9215
2 9213 9256
2 9214 9216
2 9214 9257
2 9215 9217
2 9215 9248
2 9216 9218
2 9216 9249
2 9219 9221
2 9219 9223
2 9219 9248
2 9220 9222
2 9220 9224
2 9220 9249
2 9223 9225
2 9223 9250
2 9224 9226
2 9224 9251
2 9227 9229
2 9227 9231
2 9227 9250
2 9228 9230
2 9228 9232
2 9228 9251
2 9231 9233
2 9231 9258
2 9232 9234
2 9232 9259
2 9233 9235
2 9233 9254
2 9234 9255
2 9236 9238
2 9236 9240
2 9236 9254
2 9237 9239
2 9237 9241
2 9237 9255
2 9240 9242
2 9240 9244
2 9241 9243
2 9241 9245
2 9244 9246
2 9245 9247
2 9246 9248
2 9246 9252
2 9247 9249
2 9247 9253
2 9250 9252
2 9251 9253
2 9252 9254
2 9253 9255
2 9260 9266
2 9261 9267
2 9262 9266
2 9262 9268
2 9262 9280
2 9263 9264
2 9263 9270
2 9263 9282
2 9264 9271
2 9264 9283
2 9265 9267
2 9265 9272
2 9265 9284
2 9266 9278
2 9267 9279
2 9268 9269
2 9268 9270
2 9270 9274
2 9271 9272
2 9271 9276
2 9272 9273
2 9274 9275
2 9274 9276
2 9276 9277
2 9280 9281
2 9280 9282
2 9282 9286
2 9283 9284
2 9283 9288
2 9284 9285
2 9286 9287
2 9286 9288
2 9288 9289
2 9295 9298
2 9296 9297
2 9296 9299
2 9298 9312
2 9299 9313
2 9300 9304
2 9301 9305
2 9302 9306
2 9302 9315
2 9303 9307
2 9303 9316
2 9304 9308
2 9305 9309
2 9306 9310
2 9307 9311
2 9312 9315
2 9313 9314
2 9313 9316
2 9315 9319
2 9316 9320
2 9325 9327
2 9325 9329
2 9326 9328
2 9326 9330
2 9329 9337
2 9330 9338
2 9331 9333
2 9331 9341
2 9332 9334
2 9332 9342
2 9333 9335
2 9334 9336
2 9337 9339
2 9337 9341
2 9338 9340
2 9338 9342
2 9341 9343
2 9342 9344
2 9350 9354
2 9350 9358
2 9351 9355
2 9351 9359
2 9352 9356
2 9352 9360
2 9353 9357
2 9353 9361
2 9360 9367
2 9361 9368
2 9362 9364
2 9362 9373
2 9363 9365
2 9363 9374
2 9365 9366
2 9367 9371
2 9367 9373
2 9368 9372
2 9368 9374
2 9374 9375
2 9380 9382
2 9380 9384
2 9381 9383
2 9381 9385
2 9384 9392
2 9385 9393
2 9386 9388
2 9386 9396
2 9387 9389
2 9387 9397
2 9388 9390
2 9389 9391
2 9392 9394
2 9392 9396
2 9393 9395
2 9393 9397
2 9396 9398
2 9397 9399
2 9402 9403
2 9402 9404
2 9404 9408
2 9405 9406
2 9405 9410
2 9406 9407
2 9408 9409
2 9408 9410
2 9410 9411
2 9412 9417
2 9413 9534
2 9413 10175
2 9414 9417
2 9414 9535
2 9414 10176
2 9415 9426
2 9416 9427
2 9417 9584
2 9417 9662
2 9418 9526
2 9419 9527
2 9420 9528
2 9421 9529
2 9422 9526
2 9423 9527
2 9424 9528
2 9425 9529
2 9426 9531
2 9427 9533
2 9428 9530
2 9429 9531
2 9430 9532
2 9431 9533
2 9432 9436
2 9432 9440
2 9432 9502
2 9433 9437
2 9433 9441
2 9433 9503
2 9434 9438
2 9434 9442
2 9434 9504
2 9435 9439
2 9435 9443
2 9435 9505
2 9440 9444
2 9440 9526
2 9441 9445
2 9441 9527
2 9442 9446
2 9442 9528
2 9443 9447
2 9443 9529
2 9444 9448
2 9444 9510
2 9445 9449
2 9445 9511
2 9446 9450
2 9446 9512
2 9447 9451
2 9447 9513
2 9452 9456
2 9452 9460
2 9452 9510
2 9453 9457
2 9453 9461
2 9453 9511
2 9454 9458
2 9454 9462
2 9454 9512
2 9455 9459
2 9455 9463
2 9455 9513
2 9460 9464
2 9460 9514
2 9461 9465
2 9461 9515
2 9462 9466
2 9462 9516
2 9463 9467
2 9463 9517
2 9468 9472
2 9468 9476
2 9468 9514
2 9469 9473
2 9469 9477
2 9469 9515
2 9470 9474
2 9470 9478
2 9470 9516
2 9471 9475
2 9471 9479
2 9471 9517
2 9476 9480
2 9476 9530
2 9477 9481
2 9477 9531
2 9478 9482
2 9478 9532
2 9479 9483
2 9479 9533
2 9480 9522
2 9481 9484
2 9481 9523
2 9482 9524
2 9483 9485
2 9483 9525
2 9486 9490
2 9486 9494
2 9486 9522
2 9487 9491
2 9487 9495
2 9487 9523
2 9488 9492
2 9488 9496
2 9488 9524
2 9489 9493
2 9489 9497
2 9489 9525
2 9494 9498
2 9494 9502
2 9495 9499
2 9495 9503
2 9496 9500
2 9496 9504
2 9497 9501
2 9497 9505
2 9502 9506
2 9503 9507
2 9504 9508
2 9505 9509
2 9506 9510
2 9506 9518
2 9507 9511
2 9507 9519
2 9508 9512
2 9508 9520
2 9509 9513
2 9509 9521
2 9514 9518
2 9515 9519
2 9516 9520
2 9517 9521
2 9518 9522
2 9519 9523
2 9520 9524
2 9521 9525
2 9534 9550
2 9535 9551
2 9536 9552
2 9537 9553
2 9538 9554
2 9539 9555
2 9540 9550
2 9540 9556
2 9540 10204
2 9541 9551
2 9541 9557
2 9541 10205
2 9542 9544
2 9542 9560
2 9542 10207
2 9543 9545
2 9543 9561
2 9543 10208
2 9544 9563
2 9544 10210
2 9545 9565
2 9545 10212
2 9546 9552
2 9546 9566
2 9546 10213
2 9547 9553
2 9547 9567
2 9547 10214
2 9548 9554
2 9548 9568
2 9548 10215
2 9549 9555
2 9549 9569
2 9549 10216
2 9551 10199
2 9552 10200
2 9553 10201
2 9554 10202
2 9555 10203
2 9556 9558
2 9556 9560
2 9557 9559
2 9557 9561
2 9560 9574
2 9561 9575
2 9562 9566
2 9563 9567
2 9563 9578
2 9564 9568
2 9565 9569
2 9565 9579
2 9566 9570
2 9567 9571
2 9568 9572
2 9569 9573
2 9574 9576
2 9574 9578
2 9575 9577
2 9575 9579
2 9578 9581
2 9579 9583
2 9584 9644
2 9584 10199
2 9585 9590
2 9585 9645
2 9586 9640
2 9587 9641
2 9588 9640
2 9589 9641
2 9590 9643
2 9591 9642
2 9592 9643
2 9593 9595
2 9593 9597
2 9593 9628
2 9594 9596
2 9594 9598
2 9594 9629
2 9597 9599
2 9597 9640
2 9598 9600
2 9598 9641
2 9599 9601
2 9599 9632
2 9600 9602
2 9600 9633
2 9603 9605
2 9603 9607
2 9603 9632
2 9604 9606
2 9604 9608
2 9604 9633
2 9607 9609
2 9607 9634
2 9608 9610
2 9608 9635
2 9611 9613
2 9611 9615
2 9611 9634
2 9612 9614
2 9612 9616
2 9612 9635
2 9615 9617
2 9615 9642
2 9616 9618
2 9616 9643
2 9617 9638
2 9618 9619
2 9618 9639
2 9620 9622
2 9620 9624
2 9620 9638
2 9621 9623
2 9621 9625
2 9621 9639
2 9624 9626
2 9624 9628
2 9625 9627
2 9625 9629
2 9628 9630
2 9629 9631
2 9630 9632
2 9630 9636
2 9631 9633
2 9631 9637
2 9634 9636
2 9635 9637
2 9636 9638
2 9637 9639
2 9644 9650
2 9645 9651
2 9646 9650
2 9646 9652
2 9646 10165
2 9647 9648
2 9647 9654
2 9647 10167
2 9648 9655
2 9648 10168
2 9649 9651
2 9649 9656
2 9649 10169
2 9650 10163
2 9651 10164
2 9652 9653
2 9652 9654
2 9654 9658
2 9655 9656
2 9655 9660
2 9656 9657
2 9658 9659
2 9658 9660
2 9660 9661
2 9662 9827
2 9662 10163
2 9663 9675
2 9663 10200
2 9664 9676
2 9664 10201
2 9665 9677
2 9665 10202
2 9666 9678
2 9666 10203
2 9667 9815
2 9668 9816
2 9669 9817
2 9670 9818
2 9671 9815
2 9672 9816
2 9673 9817
2 9674 9818
2 9675 9820
2 9676 9822
2 9677 9824
2 9678 9826
2 9679 9819
2 9680 9820
2 9681 9821
2 9682 9822
2 9683 9823
2 9684 9824
2 9685 9825
2 9686 9826
2 9687 9691
2 9687 9695
2 9687 9787
2 9688 9692
2 9688 9696
2 9688 9788
2 9689 9693
2 9689 9697
2 9689 9789
2 9690 9694
2 9690 9698
2 9690 9790
2 9695 9699
2 9695 9815
2 9696 9700
2 9696 9816
2 9697 9701
2 9697 9817
2 9698 9702
2 9698 9818
2 9699 9703
2 9699 9795
2 9700 9704
2 9700 9796
2 9701 9705
2 9701 9797
2 9702 9706
2 9702 9798
2 9707 9715
2 9707 9723
2 9707 9795
2 9708 9716
2 9708 9724
2 9708 9796
2 9709 9717
2 9709 9725
2 9709 9797
2 9710 9718
2 9710 9726
2 9710 9798
2 9719 9727
2 9719 9799
2 9720 9728
2 9720 9800
2 9721 9729
2 9721 9801
2 9722 9730
2 9722 9802
2 9723 9731
2 9723 9803
2 9724 9732
2 9724 9804
2 9725 9733
2 9725 9805
2 9726 9734
2 9726 9806
2 9735 9743
2 9735 9751
2 9735 9799
2 9736 9744
2 9736 9752
2 9736 9800
2 9737 9745
2 9737 9753
2 9737 9801
2 9738 9746
2 9738 9754
2 9738 9802
2 9739 9747
2 9739 9755
2 9739 9803
2 9740 9748
2 9740 9756
2 9740 9804
2 9741 9749
2 9741 9757
2 9741 9805
2 9742 9750
2 9742 9758
2 9742 9806
2 9751 9759
2 9751 9819
2 9752 9760
2 9752 9820
2 9753 9761
2 9753 9821
2 9754 9762
2 9754 9822
2 9755 9763
2 9755 9823
2 9756 9764
2 9756 9824
2 9757 9765
2 9757 9825
2 9758 9766
2 9758 9826
2 9760 9767
2 9762 9768
2 9763 9811
2 9764 9769
2 9764 9812
2 9765 9813
2 9766 9770
2 9766 9814
2 9771 9775
2 9771 9779
2 9771 9811
2 9772 9776
2 9772 9780
2 9772 9812
2 9773 9777
2 9773 9781
2 9773 9813
2 9774 9778
2 9774 9782
2 9774 9814
2 9779 9783
2 9779 9787
2 9780 9784
2 9780 9788
2 9781 9785
2 9781 9789
2 9782 9786
2 9782 9790
2 9787 9791
2 9788 9792
2 9789 9793
2 9790 9794
2 9791 9795
2 9791 9807
2 9792 9796
2 9792 9808
2 9793 9797
2 9793 9809
2 9794 9798
2 9794 9810
2 9803 9807
2 9804 9808
2 9805 9809
2 9806 9810
2 9807 9811
2 9808 9812
2 9809 9813
2 9810 9814
2 9827 9839
2 9828 9840
2 9829 9841
2 9830 9838
2 9830 9842
2 9830 10179
2 9831 9839
2 9831 9843
2 9831 10180
2 9832 9834
2 9832 9845
2 9832 10183
2 9833 9835
2 9833 9846
2 9833 10184
2 9834 9847
2 9834 10185
2 9835 9848
2 9835 10186
2 9836 9840
2 9836 9849
2 9836 10187
2 9837 9841
2 9837 9850
2 9837 10188
2 9838 10175
2 9839 10176
2 9840 10177
2 9841 10178
2 9842 9845
2 9843 9844
2 9843 9846
2 9845 9853
2 9846 9854
2 9847 9849
2 9847 9856
2 9848 9850
2 9848 9857
2 9849 9851
2 9850 9852
2 9853 9856
2 9854 9855
2 9854 9857
2 9856 9858
2 9857 9859
2 9860 9894
2 9861 9863
2 9861 9866
2 9861 9895
2 9861 10100
2 9862 9863
2 9862 9867
2 9862 9922
2 9862 10004
2 9863 9916
2 9863 9998
2 9864 9892
2 9865 9892
2 9866 9893
2 9867 9893
2 9868 9869
2 9868 9870
2 9868 9886
2 9870 9871
2 9870 9892
2 9871 9872
2 9871 9888
2 9873 9874
2 9873 9875
2 9873 9888
2 9875 9876
2 9875 9889
2 9877 9878
2 9877 9879
2 9877 9889
2 9879 9880
2 9879 9893
2 9880 9881
2 9880 9891
2 9882 9883
2 9882 9884
2 9882 9891
2 9884 9885
2 9884 9886
2 9886 9887
2 9887 9888
2 9887 9890
2 9889 9890
2 9890 9891
2 9894 9900
2 9895 9901
2 9896 9900
2 9896 9902
2 9896 10129
2 9897 9898
2 9897 9904
2 9897 10131
2 9898 9905
2 9898 10132
2 9899 9901
2 9899 9906
2 9899 10133
2 9900 10127
2 9901 10128
2 9902 9903
2 9902 9904
2 9904 9908
2 9905 9906
2 9905 9910
2 9906 9907
2 9908 9909
2 9908 9910
2 9910 9911
2 9912 10096
2 9913 10097
2 9914 10098
2 9915 10099
2 9916 9921
2 9916 9964
2 9916 10128
2 9917 9959
2 9918 9960
2 9919 9959
2 9920 9960
2 9921 9961
2 9922 9961
2 9923 9925
2 9923 9927
2 9923 9950
2 9924 9926
2 9924 9928
2 9924 9951
2 9927 9929
2 9927 9959
2 9928 9930
2 9928 9960
2 9929 9931
2 9929 9954
2 9930 9932
2 9930 9955
2 9933 9934
2 9933 9935
2 9935 9936
2 9935 9956
2 9937 9938
2 9937 9939
2 9937 9956
2 9939 9940
2 9939 9961
2 9940 9941
2 9940 9958
2 9942 9944
2 9942 9946
2 9943 9945
2 9943 9947
2 9946 9948
2 9946 9950
2 9947 9949
2 9947 9951
2 9950 9952
2 9951 9953
2 9952 9954
2 9953 9955
2 9956 9957
2 9957 9958
2 9962 9973
2 9963 9974
2 9964 9976
2 9965 9973
2 9965 9977
2 9965 10143
2 9966 9974
2 9966 9978
2 9966 10144
2 9967 9969
2 9967 9981
2 9967 10147
2 9968 9970
2 9968 9982
2 9968 10148
2 9969 9983
2 9969 10149
2 9970 9984
2 9970 10150
2 9971 9975
2 9971 9985
2 9971 10151
2 9972 9976
2 9972 9986
2 9972 10152
2 9973 10139
2 9974 10140
2 9975 10141
2 9976 10142
2 9977 9979
2 9977 9981
2 9978 9980
2 9978 9982
2 9981 9988
2 9982 9989
2 9983 9985
2 9983 9992
2 9984 9986
2 9984 9993
2 9986 9987
2 9988 9990
2 9988 9992
2 9989 9991
2 9989 9993
2 9993 9994
2 9997 10001
2 9997 10048
2 9997 10141
2 9998 10002
2 9998 10049
2 9998 10142
2 9999 10041
2 10000 10041
2 10001 10042
2 10002 10043
2 10003 10042
2 10004 10043
2 10005 10006
2 10005 10007
2 10005 10032
2 10007 10008
2 10007 10041
2 10008 10009
2 10008 10034
2 10010 10012
2 10010 10014
2 10011 10013
2 10011 10015
2 10014 10016
2 10014 10035
2 10015 10017
2 10015 10036
2 10018 10020
2 10018 10022
2 10018 10035
2 10019 10021
2 10019 10023
2 10019 10036
2 10022 10024
2 10022 10042
2 10023 10025
2 10023 10043
2 10024 10026
2 10024 10039
2 10025 10027
2 10025 10040
2 10028 10029
2 10028 10030
2 10030 10031
2 10030 10032
2 10032 10033
2 10033 10034
2 10035 10037
2 10036 10038
2 10037 10039
2 10038 10040
2 10044 10062
2 10045 10063
2 10046 10064
2 10047 10065
2 10048 10066
2 10049 10067
2 10050 10062
2 10050 10068
2 10050 10101
2 10051 10063
2 10051 10069
2 10051 10102
2 10052 10064
2 10052 10070
2 10052 10103
2 10053 10065
2 10053 10071
2 10053 10104
2 10054 10076
2 10054 10109
2 10055 10058
2 10055 10077
2 10055 10110
2 10056 10078
2 10056 10111
2 10057 10059
2 10057 10079
2 10057 10112
2 10058 10080
2 10058 10113
2 10059 10081
2 10059 10114
2 10060 10066
2 10060 10082
2 10060 10115
2 10061 10067
2 10061 10083
2 10061 10116
2 10062 10096
2 10063 10097
2 10064 10098
2 10065 10099
2 10067 10100
2 10068 10072
2 10068 10076
2 10069 10073
2 10069 10077
2 10070 10074
2 10070 10078
2 10071 10075
2 10071 10079
2 10077 10086
2 10079 10087
2 10080 10082
2 10080 10092
2 10081 10083
2 10081 10093
2 10082 10084
2 10083 10085
2 10086 10089
2 10086 10092
2 10087 10091
2 10087 10093
2 10092 10094
2 10093 10095
2 10101 10105
2 10101 10109
2 10102 10106
2 10102 10110
2 10103 10107
2 10103 10111
2 10104 10108
2 10104 10112
2 10110 10118
2 10112 10119
2 10113 10115
2 10113 10124
2 10114 10116
2 10114 10125
2 10116 10117
2 10118 10121
2 10118 10124
2 10119 10123
2 10119 10125
2 10125 10126
2 10129 10130
2 10129 10131
2 10131 10135
2 10132 10133
2 10132 10137
2 10133 10134
2 10135 10136
2 10135 10137
2 10137 10138
2 10143 10145
2 10143 10147
2 10144 10146
2 10144 10148
2 10147 10155
2 10148 10156
2 10149 10151
2 10149 10159
2 10150 10152
2 10150 10160
2 10151 10153
2 10152 10154
2 10155 10157
2 10155 10159
2 10156 10158
2 10156 10160
2 10159 10161
2 10160 10162
2 10165 10166
2 10165 10167
2 10167 10171
2 10168 10169
2 10168 10173
2 10169 10170
2 10171 10172
2 10171 10173
2 10173 10174
2 10179 10181
2 10179 10183
2 10180 10182
2 10180 10184
2 10183 10191
2 10184 10192
2 10185 10187
2 10185 10195
2 10186 10188
2 10186 10196
2 10187 10189
2 10188 10190
2 10191 10193
2 10191 10195
2 10192 10194
2 10192 10196
2 10195 10197
2 10196 10198
2 10204 10207
2 10205 10206
2 10205 10208
2 10207 10221
2 10208 10222
2 10209 10213
2 10210 10214
2 10210 10224
2 10211 10215
2 10212 10216
2 10212 10225
2 10213 10217
2 10214 10218
2 10215 10219
2 10216 10220
2 10221 10224
2 10222 10223
2 10222 10225
2 10224 10227
2 10225 10229
