# vtk DataFile Version 1.0
Cube
ASCII

DATASET POLYDATA
POINTS 9200 float
-0.000124 14.330887 54.560242
1.598145 15.253505 0.406218
13.957987 6.272168 8.550994
12.410974 7.165336 11.273105
-0.000124 14.330887 56.481265
12.410974 7.165336 9.249393
23.272081 0.894673 15.960493
22.206858 1.509680 17.807762
15.214213 5.546885 9.819005
14.116970 6.180379 11.607270
21.325191 2.018710 14.339027
22.069842 1.588786 13.911818
21.264874 2.053534 15.677389
20.186992 2.675850 16.289552
20.127420 2.710244 17.247227
18.061014 3.903284 16.167006
17.999208 3.938968 17.124114
17.120768 4.446279 15.436836
16.387410 4.869539 15.889008
16.109656 5.029901 13.256537
15.377291 5.452732 13.710978
16.108911 5.030331 11.842150
17.212856 4.392968 11.264028
17.271311 4.359219 10.306353
19.414417 3.121896 11.346860
19.472500 3.088362 10.389185
20.360868 2.575462 12.088377
21.101051 2.148118 11.651523
20.322891 2.597389 13.553257
19.234211 3.225938 14.196057
19.225648 3.230882 15.528745
17.117913 4.447783 14.026988
18.176807 3.836431 13.370005
18.236379 3.802037 12.015190
22.314088 1.447771 16.543722
15.057836 5.637169 11.026879
1.166496 16.778447 1.476226
13.517277 4.736263 7.420846
0.000000 18.425702 2.626798
0.000000 20.769221 4.036078
12.410850 0.610923 4.812771
12.410850 2.927356 6.258928
0.000000 17.107554 1.833085
12.410850 4.227017 7.054910
1.204721 19.019643 2.956992
2.029422 18.604551 2.694312
1.228054 20.203655 3.661632
13.639524 1.170684 5.146936
13.608869 2.344163 5.853278
14.436673 2.776667 6.075109
2.454866 20.839298 4.055368
3.290985 20.403140 3.876087
14.862117 0.562556 4.683416
15.693892 1.022575 4.817877
-1.598145 15.253505 0.406218
12.410850 8.951887 8.550994
12.410850 19.706877 15.960493
12.410850 18.476863 17.807762
12.410850 10.402452 9.819005
12.410850 9.135465 11.607270
12.410850 17.458802 14.339027
12.410850 18.318651 13.911818
12.410850 17.389154 15.677389
12.410850 16.144523 16.289552
12.410850 16.075735 17.247227
12.410850 13.689655 16.167006
12.410850 13.618287 17.124114
12.410726 12.603880 15.436836
12.410850 11.757144 15.889008
12.410850 11.436420 13.256537
12.410850 10.590759 13.710978
12.410850 11.435561 11.842150
12.410850 12.710287 11.264028
12.410850 12.777785 10.306353
12.410850 15.252430 11.346860
12.410850 15.319498 10.389185
12.410850 16.345298 12.088377
12.410850 17.199988 11.651523
12.410850 16.301446 13.553257
12.410850 15.044346 14.196057
12.410850 15.034458 15.528745
12.410850 12.600656 14.026988
12.410850 13.823361 13.370005
12.410850 13.892149 12.015190
12.410850 18.600682 16.543722
12.410850 10.221884 11.026879
-2.702959 14.117214 1.476226
13.961337 9.338174 7.420846
-3.546276 12.283372 2.626798
-5.575823 11.111613 4.036078
18.087200 10.442650 4.812771
16.081111 9.284434 6.258928
-2.404726 12.942446 1.833085
14.955571 8.634603 7.054910
-4.663005 13.029720 2.956992
-4.715875 13.951478 2.694312
-5.700055 12.457921 3.661632
16.988096 11.226832 5.146936
15.987161 10.613545 5.853278
15.198699 11.114192 6.075109
-6.863945 13.202550 4.055368
-6.904280 14.144730 3.876087
16.903454 12.589693 4.683416
16.089178 13.080022 4.817877
0.000000 12.485436 0.406218
10.863713 6.272168 8.550994
1.549619 0.894673 15.960493
2.614842 1.509680 17.807762
9.607487 5.546885 9.819005
10.704730 6.180379 11.607270
3.496509 2.018710 14.339027
2.751858 1.588786 13.911818
3.556826 2.053534 15.677389
4.634708 2.675850 16.289552
4.694280 2.710244 17.247227
6.760686 3.903284 16.167006
6.822492 3.938968 17.124114
7.701057 4.446064 15.436836
8.434290 4.869539 15.889008
8.712044 5.029901 13.256537
9.444409 5.452732 13.710978
8.712789 5.030331 11.842150
7.608844 4.392968 11.264028
7.550389 4.359219 10.306353
5.407283 3.121896 11.346860
5.349200 3.088362 10.389185
4.460832 2.575462 12.088377
3.720649 2.148118 11.651523
4.498809 2.597389 13.553257
5.587489 3.225938 14.196057
5.596052 3.230882 15.528745
7.703787 4.447783 14.026988
6.644893 3.836431 13.370005
6.585321 3.802037 12.015190
2.507612 1.447771 16.543722
9.763864 5.637169 11.026879
1.536463 12.096784 1.476226
9.753935 7.421786 7.420846
3.546276 12.283372 2.626798
5.575823 11.111613 4.036078
6.734500 10.442650 4.812771
8.740589 9.284434 6.258928
2.404726 12.942446 1.833085
9.866129 8.634603 7.054910
3.458283 10.943082 2.956992
2.686453 10.436416 2.694312
4.472002 10.330870 3.661632
6.604930 9.098706 5.146936
7.636520 8.538515 5.853278
7.597178 7.605364 6.075109
4.409079 8.950597 4.055368
3.613295 8.444576 3.876087
5.466979 8.343974 4.683416
5.449480 7.393626 4.817877
12.410974 7.165336 2.174058
12.410850 9.010787 56.328082
-1.547137 15.224055 48.183306
-0.000124 14.330887 45.461195
12.410974 7.165336 0.253035
-0.000124 14.330887 47.484907
-10.861231 20.601550 40.773807
-9.796008 19.986543 38.926538
-2.803363 15.949337 46.915295
-1.706120 15.315844 45.127030
-8.914341 19.477512 42.395273
-9.658992 19.907437 42.822482
-8.854024 19.442689 41.056911
-7.776142 18.820373 40.444748
-7.716570 18.785979 39.487073
-5.650164 17.592939 40.567294
-5.588358 17.557255 39.610186
-4.709793 17.050159 41.297464
-3.976560 16.626683 40.845292
-3.698806 16.466322 43.477763
-2.966441 16.043491 43.023322
-3.698061 16.465892 44.892150
-4.802006 17.103255 45.470272
-4.860461 17.137004 46.427947
-7.003567 18.374326 45.387440
-7.061650 18.407860 46.345115
-7.950018 18.920760 44.645923
-8.690201 19.348105 45.082777
-7.912041 18.898834 43.181043
-6.823361 18.270285 42.538243
-6.814798 18.265340 41.205555
-4.707063 17.048439 42.707312
-5.765957 17.659792 43.364295
-5.825529 17.694186 44.719110
-9.903238 20.048452 40.190578
-2.646986 15.859053 45.707421
13.947313 9.399438 55.258074
-2.656915 14.074437 49.313454
15.957126 9.212851 54.107502
17.986673 10.384610 52.698222
-5.676350 11.053573 51.921529
-3.670261 12.211789 50.475372
14.815576 8.553777 54.901215
-2.544721 12.861620 49.679390
15.869133 10.553141 53.777308
15.097303 11.059807 54.039988
16.882852 11.165353 53.072668
-5.805920 12.397517 51.587364
-4.774330 12.957708 50.881022
-4.813672 13.890859 50.659191
16.819929 12.545626 52.678932
16.024145 13.051647 52.858213
-6.943871 13.152249 52.050884
-6.961370 14.102597 51.916423
10.812705 6.242718 56.328082
0.000000 12.544336 48.183306
0.000000 1.789346 40.773807
0.000000 3.019359 38.926538
0.000000 11.093771 46.915295
0.000000 12.360758 45.127030
0.000000 4.037421 42.395273
0.000000 3.177572 42.822482
0.000000 4.107068 41.056911
0.000000 5.351700 40.444748
0.000000 5.420488 39.487073
0.000000 7.806568 40.567294
0.000000 7.877936 39.610186
-0.000124 8.892342 41.297464
0.000000 9.739079 40.845292
0.000000 10.059802 43.477763
0.000000 10.905464 43.023322
0.000000 10.060662 44.892150
0.000000 8.785936 45.470272
0.000000 8.718438 46.427947
0.000000 6.243793 45.387440
0.000000 6.176725 46.345115
0.000000 5.150925 44.645923
0.000000 4.296235 45.082777
0.000000 5.194777 43.181043
0.000000 6.451876 42.538243
0.000000 6.461765 41.205555
0.000000 8.895567 42.707312
0.000000 7.672862 43.364295
0.000000 7.604074 44.719110
0.000000 2.895541 40.190578
0.000000 11.274339 45.707421
9.707891 7.379008 55.258074
1.550487 12.158049 49.313454
8.864574 9.212851 54.107502
6.835027 10.384610 52.698222
5.676350 11.053573 51.921529
3.670261 12.211789 50.475372
10.006124 8.553777 54.901215
2.544721 12.861620 49.679390
7.747845 8.466502 53.777308
7.694975 7.544744 54.039988
6.710795 9.038302 53.072668
4.577246 10.269391 51.587364
3.576311 10.882678 50.881022
2.787849 10.382031 50.659191
5.546905 8.293673 52.678932
5.506570 7.351493 52.858213
4.492604 8.906530 52.050884
3.678328 8.416201 51.916423
14.008995 6.242718 56.328082
1.547137 15.224055 48.183306
10.861231 20.601550 40.773807
9.796008 19.986543 38.926538
2.803363 15.949337 46.915295
1.706120 15.315844 45.127030
8.914341 19.477512 42.395273
9.658992 19.907437 42.822482
8.854024 19.442689 41.056911
7.776142 18.820373 40.444748
7.716570 18.785979 39.487073
5.650164 17.592939 40.567294
5.588358 17.557255 39.610186
4.709918 17.049944 41.297464
3.976560 16.626683 40.845292
3.698806 16.466322 43.477763
2.966441 16.043491 43.023322
3.698061 16.465892 44.892150
4.802006 17.103255 45.470272
4.860461 17.137004 46.427947
7.003567 18.374326 45.387440
7.061650 18.407860 46.345115
7.950018 18.920760 44.645923
8.690201 19.348105 45.082777
7.912041 18.898834 43.181043
6.823361 18.270285 42.538243
6.814798 18.265340 41.205555
4.707063 17.048439 42.707312
5.765957 17.659792 43.364295
5.825529 17.694186 44.719110
9.903238 20.048452 40.190578
2.646986 15.859053 45.707421
13.577346 4.717776 55.258074
1.106427 16.759960 49.313454
12.410850 3.070520 54.107502
12.410850 0.727002 52.698222
0.000000 20.885300 51.921529
0.000000 18.568867 50.475372
12.410850 4.388669 54.901215
0.000000 17.269206 49.679390
13.615571 2.476580 53.777308
14.440272 2.891672 54.039988
13.638904 1.292568 53.072668
1.228674 20.325538 51.587364
1.198019 19.152060 50.881022
2.025823 18.719556 50.659191
14.865716 0.656925 52.678932
15.701835 1.093083 52.858213
2.451267 20.933667 52.050884
3.283042 20.473647 51.916423
11.244354 4.717776 55.258074
-1.106427 16.759960 49.313454
11.206129 2.476580 53.777308
10.381428 2.891672 54.039988
11.182796 1.292568 53.072668
-1.228674 20.325538 51.587364
-1.198019 19.152060 50.881022
-2.025823 18.719556 50.659191
9.955984 0.656925 52.678932
9.119865 1.093083 52.858213
-2.451267 20.933667 52.050884
-3.283042 20.473647 51.916423
15.113809 7.379008 55.258074
-1.550487 12.158049 49.313454
17.073855 8.466502 53.777308
17.126725 7.544744 54.039988
18.110905 9.038302 53.072668
-4.577246 10.269391 51.587364
-3.576311 10.882678 50.881022
-2.787849 10.382031 50.659191
19.274795 8.293673 52.678932
19.315130 7.351493 52.858213
-4.492604 8.906530 52.050884
-3.678328 8.416201 51.916423
10.874387 9.399438 55.258074
2.656915 14.074437 49.313454
8.952567 10.553141 53.777308
9.724397 11.059807 54.039988
7.938848 11.165353 53.072668
5.805920 12.397517 51.587364
4.774330 12.957708 50.881022
4.813672 13.890859 50.659191
8.001771 12.545626 52.678932
8.797555 13.051647 52.858213
6.943871 13.152249 52.050884
6.961370 14.102597 51.916423
-1.536463 12.096784 1.476226
15.067765 7.421786 7.420846
-3.458283 10.943082 2.956992
-2.686453 10.436416 2.694312
-4.472002 10.330870 3.661632
18.216770 9.098706 5.146936
17.185180 8.538515 5.853278
17.224522 7.605364 6.075109
-4.409079 8.950597 4.055368
-3.613295 8.444576 3.876087
19.354721 8.343974 4.683416
19.372220 7.393626 4.817877
2.702959 14.117214 1.476226
10.860363 9.338174 7.420846
4.663005 13.029720 2.956992
4.715875 13.951478 2.694312
5.700055 12.457921 3.661632
7.833604 11.226832 5.146936
8.834539 10.613545 5.853278
9.623001 11.114192 6.075109
6.863945 13.202550 4.055368
6.904280 14.144730 3.876087
7.918246 12.589693 4.683416
8.732522 13.080022 4.817877
-1.166496 16.778447 1.476226
11.304423 4.736263 7.420846
-1.204721 19.019643 2.956992
-2.029422 18.604551 2.694312
-1.228054 20.203655 3.661632
11.182176 1.170684 5.146936
11.212831 2.344163 5.853278
10.385027 2.776667 6.075109
-2.454866 20.839298 4.055368
-3.290985 20.403140 3.876087
9.959583 0.562556 4.683416
9.127808 1.022575 4.817877
24.821576 0.000072 16.737375
-0.000124 42.992517 16.737375
1.598145 0.922690 19.317651
1.547137 13.437575 27.462427
0.000124 14.330744 30.184539
24.821576 0.000072 18.658398
-0.000124 42.992517 18.658398
0.000124 14.330744 28.160826
10.861231 8.060080 34.871927
9.796008 8.675087 36.719195
2.803363 12.712293 28.730439
1.706120 13.345787 30.518704
8.914341 9.184118 33.250460
9.658992 8.754193 32.823251
8.854024 9.218942 34.588822
7.776142 9.841257 35.200986
7.716570 9.875651 36.158661
5.650164 11.068692 35.078439
5.588358 11.104375 36.035547
4.709918 11.611686 34.348269
3.976560 12.034947 34.800441
3.698806 12.195309 32.167970
2.966441 12.618139 32.622412
3.698061 12.195739 30.753584
4.802006 11.558376 30.175461
4.860461 11.524627 29.217786
7.003567 10.287304 30.258293
7.061650 10.253770 29.300618
7.950018 9.740870 30.999811
8.690201 9.313525 30.562957
7.912041 9.762796 32.464690
6.823361 10.391346 33.107490
6.814798 10.396290 34.440179
4.707063 11.613191 32.938422
5.765957 11.001838 32.281438
5.825529 10.967445 30.926623
9.903238 8.613178 35.455155
2.646986 12.802577 29.938312
1.166496 2.447632 20.387660
1.106427 11.901670 26.332280
0.000000 4.094887 21.538231
0.000000 6.438405 22.947511
0.000000 7.776330 23.724204
0.000000 10.092763 25.170361
-0.000000 2.776739 20.744519
0.000000 11.392425 25.966344
1.204721 4.688828 21.868425
2.029422 4.273736 21.605745
1.228054 5.872840 22.573065
1.228674 8.336092 24.058369
1.198019 9.509571 24.764711
2.025823 9.942075 24.986542
2.454866 6.508483 22.966801
3.290985 6.072325 22.787521
2.451267 7.727964 23.594850
3.283042 8.187983 23.729310
12.410850 21.496079 16.737375
23.223555 0.922690 19.317651
0.000000 16.117295 27.462427
12.410850 21.496079 18.658398
12.410850 5.376062 34.871927
12.410850 4.146048 36.719195
0.000000 17.567860 28.730439
0.000000 16.300872 30.518704
12.410850 3.127987 33.250460
12.410850 3.987836 32.823251
12.410850 3.058339 34.588822
12.410850 1.813708 35.200986
12.410850 1.744920 36.158661
0.000000 20.855062 35.078439
0.000000 20.783695 36.035547
-0.000124 19.769288 34.348269
0.000000 18.922552 34.800441
0.000000 18.601828 32.167970
0.000000 17.756167 32.622412
0.000000 18.600968 30.753584
0.000000 19.875694 30.175461
0.000000 19.943192 29.217786
12.410850 0.921615 30.258293
12.410850 0.988683 29.300618
12.410850 2.014483 30.999811
12.410850 2.869173 30.562957
12.410850 1.970630 32.464690
12.410850 0.713531 33.107490
12.410850 0.703643 34.440179
0.000000 19.766063 32.938422
0.000000 20.988769 32.281438
0.000000 21.057557 30.926623
12.410850 4.269866 35.455155
0.000000 17.387291 29.938312
9.707891 21.282622 20.387660
1.550487 16.503582 26.332280
8.864574 19.448779 21.538231
6.835027 18.277020 22.947511
5.676350 17.608058 23.724204
3.670261 16.449841 25.170361
10.006124 20.107853 20.744519
2.544721 15.800010 25.966344
7.747845 20.195128 21.868425
7.694975 21.116886 21.605745
6.710795 19.623329 22.573065
4.577246 18.392240 24.058369
3.576311 17.778953 24.764711
2.787849 18.279600 24.986542
5.546905 20.367958 22.966801
5.506570 21.310137 22.787521
4.492604 19.755100 23.594850
3.678328 20.245429 23.729310
0.000124 0.000072 16.737375
-24.821576 42.992517 16.737375
49.643524 0.000072 16.737375
24.821824 42.992517 16.737375
12.410850 19.650844 19.317651
-1.547137 13.437575 27.462427
0.000124 0.000072 18.658398
-24.821576 42.992517 18.658398
49.643524 0.000072 18.658398
24.821824 42.992517 18.658398
13.960469 8.060080 34.871927
15.025692 8.675087 36.719195
-2.803363 12.712293 28.730439
-1.706120 13.345787 30.518704
15.907359 9.184118 33.250460
15.162708 8.754193 32.823251
15.967676 9.218942 34.588822
17.045558 9.841257 35.200986
17.105130 9.875651 36.158661
-5.650164 11.068692 35.078439
-5.588358 11.104375 36.035547
-4.709793 11.611471 34.348269
-3.976560 12.034947 34.800441
-3.698806 12.195309 32.167970
-2.966441 12.618139 32.622412
-3.698061 12.195739 30.753584
-4.802006 11.558376 30.175461
-4.860461 11.524627 29.217786
17.818133 10.287304 30.258293
17.760050 10.253770 29.300618
16.871682 9.740870 30.999811
16.131499 9.313525 30.562957
16.909659 9.762796 32.464690
17.998339 10.391346 33.107490
18.006902 10.396290 34.440179
-4.707063 11.613191 32.938422
-5.765957 11.001838 32.281438
-5.825529 10.967445 30.926623
14.918462 8.613178 35.455155
-2.646986 12.802577 29.938312
-10.874387 19.262192 20.387660
-2.656915 14.587193 26.332280
-8.864574 19.448779 21.538231
-6.835027 18.277020 22.947511
-5.676350 17.608058 23.724204
-3.670261 16.449841 25.170361
-10.006124 20.107853 20.744519
-2.544721 15.800010 25.966344
-8.952567 18.108490 21.868425
-9.724397 17.601824 21.605745
-7.938848 17.496277 22.573065
-5.805920 16.264114 24.058369
-4.774330 15.703922 24.764711
-4.813672 14.770771 24.986542
-8.001771 16.116005 22.966801
-8.797555 15.609984 22.787521
-6.943871 15.509381 23.594850
-6.961370 14.559033 23.729310
0.000124 14.330744 21.085492
-0.000000 16.176194 18.505216
23.274563 0.893240 10.360440
24.821576 0.000072 7.638328
-0.000124 42.992517 7.638328
0.000124 14.330744 19.164468
24.821576 0.000072 9.662040
-0.000124 42.992517 9.662040
13.960469 6.270735 2.950940
15.025692 5.655728 1.103671
22.018337 1.618522 9.092428
23.115580 0.985029 7.304163
15.907359 5.146697 4.572406
15.162708 5.576622 4.999616
15.967676 5.111873 3.234044
17.045558 4.489558 2.621881
17.105130 4.455164 1.664206
19.171536 3.262123 2.744427
19.233342 3.226440 1.787320
20.111907 2.719344 3.474598
20.845140 2.295868 3.022425
21.122894 2.135506 5.654897
21.855259 1.712676 5.200455
21.123639 2.135076 7.069283
20.019694 2.772440 7.647405
19.961239 2.806189 8.605080
17.818133 4.043511 7.564573
17.760050 4.077045 8.522248
16.871682 4.589945 6.823056
16.131499 5.017290 7.259910
16.909659 4.568019 5.358176
17.998339 3.939469 4.715377
18.006902 3.934525 3.382688
20.114637 2.717624 4.884445
19.055743 3.328977 5.541428
18.996171 3.363371 6.896243
14.918462 5.717637 2.367711
22.174714 1.528238 7.884555
1.536463 16.564846 17.435207
9.753935 21.239844 11.490587
3.546276 16.378259 16.284635
5.575823 17.550018 14.875355
6.734500 18.218980 14.098663
8.740589 19.377197 12.652505
2.404726 15.719185 17.078348
9.866129 20.027028 11.856523
3.458283 17.718548 15.954442
2.686453 18.225214 16.217121
4.472002 18.330761 15.249802
6.604930 19.562924 13.764498
7.636520 20.123116 13.058156
7.597178 21.056267 12.836324
4.409079 19.711033 14.856066
3.613295 20.217054 15.035346
5.466979 20.317657 14.228017
5.449480 21.268005 14.093557
-1.598145 13.408126 18.505216
12.410850 19.709743 10.360440
12.410850 21.496079 7.638328
12.410850 21.496079 9.662040
12.410850 8.954753 2.950940
12.410850 10.184767 1.103671
12.410850 18.259178 9.092428
12.410850 19.526166 7.304163
12.410850 11.202828 4.572406
12.410850 10.342979 4.999616
12.410850 11.272476 3.234044
12.410850 12.517107 2.621881
12.410850 12.585895 1.664206
12.410850 14.971976 2.744427
12.410850 15.043343 1.787320
12.410726 16.057750 3.474598
12.410850 16.904486 3.022425
12.410850 17.225210 5.654897
12.410850 18.070871 5.200455
12.410850 17.226070 7.069283
12.410850 15.951344 7.647405
12.410850 15.883846 8.605080
12.410850 13.409200 7.564573
12.410850 13.342132 8.522248
12.410850 12.316332 6.823056
12.410850 11.461643 7.259910
12.410850 12.360185 5.358176
12.410850 13.617284 4.715377
12.410850 13.627172 3.382688
12.410850 16.060974 4.884445
12.410850 14.838269 5.541428
12.410850 14.769481 6.896243
12.410850 10.060949 2.367711
12.410850 18.439747 7.884555
-2.702959 14.544416 17.435207
-10.860363 19.323456 11.490587
-3.546276 16.378259 16.284635
-5.575823 17.550018 14.875355
-6.734500 18.218980 14.098663
-8.740589 19.377197 12.652505
-2.404726 15.719185 17.078348
-9.866129 20.027028 11.856523
-4.663005 15.631910 15.954442
-4.715875 14.710152 16.217121
-5.700055 16.203709 15.249802
-7.833604 17.434798 13.764498
-8.834539 18.048085 13.058156
-9.623001 17.547438 12.836324
-6.863945 15.459080 14.856066
-6.904280 14.516901 15.035346
-7.918246 16.071938 14.228017
-8.732522 15.581609 14.093557
1.598145 13.408126 18.505216
1.547137 0.893240 10.360440
0.000124 0.000072 7.638328
-24.821576 42.992517 7.638328
49.643524 0.000072 7.638328
24.821824 42.992517 7.638328
0.000124 0.000072 9.662040
-24.821576 42.992517 9.662040
49.643524 0.000072 9.662040
24.821824 42.992517 9.662040
10.861231 6.270735 2.950940
9.796008 5.655728 1.103671
2.803363 1.618522 9.092428
1.706120 0.985029 7.304163
8.914341 5.146697 4.572406
9.658992 5.576622 4.999616
8.854024 5.111873 3.234044
7.776142 4.489558 2.621881
7.716570 4.455164 1.664206
5.650164 3.262123 2.744427
5.588358 3.226440 1.787320
4.709918 2.719129 3.474598
3.976560 2.295868 3.022425
3.698806 2.135506 5.654897
2.966441 1.712676 5.200455
3.698061 2.135076 7.069283
4.802006 2.772440 7.647405
4.860461 2.806189 8.605080
7.003567 4.043511 7.564573
7.061650 4.077045 8.522248
7.950018 4.589945 6.823056
8.690201 5.017290 7.259910
7.912041 4.568019 5.358176
6.823361 3.939469 4.715377
6.814798 3.934525 3.382688
4.707063 2.717624 4.884445
5.765957 3.328977 5.541428
5.825529 3.363371 6.896243
9.903238 5.717637 2.367711
2.646986 1.528238 7.884555
1.166496 11.883184 17.435207
1.106427 2.429145 11.490587
0.000000 10.235928 16.284635
0.000000 7.892410 14.875355
0.000000 6.554485 14.098663
0.000000 4.238052 12.652505
0.000000 11.554076 17.078348
-0.000000 2.938390 11.856523
1.204721 9.641987 15.954442
2.029422 10.057079 16.217121
1.228054 8.457975 15.249802
1.228674 5.994723 13.764498
1.198019 4.821244 13.058156
2.025823 4.388740 12.836324
2.454866 7.822332 14.856066
3.290985 8.258491 15.035346
2.451267 6.602851 14.228017
3.283042 6.142832 14.093557
-1.166496 11.883184 17.435207
-1.106427 2.429145 11.490587
-1.204721 9.641987 15.954442
-2.029422 10.057079 16.217121
-1.228054 8.457975 15.249802
-1.228674 5.994723 13.764498
-1.198019 4.821244 13.058156
-2.025823 4.388740 12.836324
-2.454866 7.822332 14.856066
-3.290985 8.258491 15.035346
-2.451267 6.602851 14.228017
-3.283042 6.142832 14.093557
2.702959 14.544416 17.435207
10.860363 19.323456 11.490587
4.663005 15.631910 15.954442
4.715875 14.710152 16.217121
5.700055 16.203709 15.249802
7.833604 17.434798 13.764498
8.834539 18.048085 13.058156
9.623001 17.547438 12.836324
6.863945 15.459080 14.856066
6.904280 14.516901 15.035346
7.918246 16.071938 14.228017
8.732522 15.581609 14.093557
-1.536463 16.564846 17.435207
-9.753935 21.239844 11.490587
-3.458283 17.718548 15.954442
-2.686453 18.225214 16.217121
-4.472002 18.330761 15.249802
-6.604930 19.562924 13.764498
-7.636520 20.123116 13.058156
-7.597178 21.056267 12.836324
-4.409079 19.711033 14.856066
-3.613295 20.217054 15.035346
-5.466979 20.317657 14.228017
-5.449480 21.268005 14.093557
10.874387 19.262192 20.387660
2.656915 14.587193 26.332280
8.952567 18.108490 21.868425
9.724397 17.601824 21.605745
7.938848 17.496277 22.573065
5.805920 16.264114 24.058369
4.774330 15.703922 24.764711
4.813672 14.770771 24.986542
8.001771 16.116005 22.966801
8.797555 15.609984 22.787521
6.943871 15.509381 23.594850
6.961370 14.559033 23.729310
-9.707891 21.282622 20.387660
-1.550487 16.503582 26.332280
-7.747845 20.195128 21.868425
-7.694975 21.116886 21.605745
-6.710795 19.623329 22.573065
-4.577246 18.392240 24.058369
-3.576311 17.778953 24.764711
-2.787849 18.279600 24.986542
-5.546905 20.367958 22.966801
-5.506570 21.310137 22.787521
-4.492604 19.755100 23.594850
-3.678328 20.245429 23.729310
-1.166496 2.447632 20.387660
-1.106427 11.901670 26.332280
-1.204721 4.688828 21.868425
-2.029422 4.273736 21.605745
-1.228054 5.872840 22.573065
-1.228674 8.336092 24.058369
-1.198019 9.509571 24.764711
-2.025823 9.942075 24.986542
-2.454866 6.508483 22.966801
-3.290985 6.072325 22.787521
-2.451267 7.727964 23.594850
-3.283042 8.187983 23.729310
12.410726 7.165479 35.648808
14.008995 8.088097 38.229084
-10.863713 20.602983 46.373860
-12.410726 21.496151 49.095972
37.232674 21.496151 49.095972
12.410726 7.165479 37.569832
-12.410726 21.496151 47.072260
37.232674 21.496151 47.072260
-1.549619 15.225488 53.783360
-2.614842 15.840495 55.630629
-9.607487 19.877700 47.641872
-10.704730 20.511194 49.430137
-3.496509 16.349525 52.161894
-2.751858 15.919601 51.734684
-3.556826 16.384349 53.500256
-4.634708 17.006665 54.112419
-4.694280 17.041059 55.070094
-6.760686 18.234099 53.989873
-6.822492 18.269783 54.946980
-7.700932 18.777094 53.259702
-8.434290 19.200355 53.711875
-8.712044 19.360716 51.079403
-9.444409 19.783547 51.533845
-8.712789 19.361146 49.665017
-7.608844 18.723783 49.086895
-7.550389 18.690034 48.129220
-5.407283 17.452712 49.169727
-5.349200 17.419178 48.212052
-4.460832 16.906278 49.911244
-3.720649 16.478933 49.474390
-4.498809 16.928204 51.376124
-5.587489 17.556753 52.018923
-5.596052 17.561697 53.351612
-7.703787 18.778599 51.849855
-6.644893 18.167246 51.192872
-6.585321 18.132852 49.838057
-2.507612 15.778586 54.366589
-9.763864 19.967985 48.849745
13.577346 9.613039 39.299093
13.517277 19.067078 45.243713
12.410850 11.260295 40.449665
12.410850 13.603813 41.858945
12.410850 14.941738 42.635637
12.410850 17.258171 44.081795
12.410850 9.942146 39.655952
12.410850 18.557832 44.877777
13.615571 11.854235 40.779858
14.440272 11.439143 40.517179
13.638904 13.038247 41.484498
13.639524 15.501499 42.969802
13.608869 16.674978 43.676144
14.436673 17.107482 43.897976
14.865716 13.673891 41.878234
15.701835 13.237732 41.698954
14.862117 14.893371 42.506283
15.693892 15.353390 42.640743
10.812705 8.088097 38.229084
0.000000 1.786479 46.373860
0.000000 0.000143 49.095972
-24.821700 42.992589 49.095972
49.643400 0.000143 49.095972
24.821700 42.992589 49.095972
0.000000 0.000143 47.072260
-24.821700 42.992589 47.072260
49.643400 0.000143 47.072260
24.821700 42.992589 47.072260
0.000000 12.541470 53.783360
0.000000 11.311456 55.630629
0.000000 3.237045 47.641872
0.000000 1.970057 49.430137
0.000000 10.293395 52.161894
0.000000 11.153244 51.734684
0.000000 10.223747 53.500256
0.000000 8.979116 54.112419
0.000000 8.910328 55.070094
0.000000 6.524247 53.989873
0.000000 6.452879 54.946980
-0.000124 5.438473 53.259702
0.000000 4.591736 53.711875
0.000000 4.271013 51.079403
0.000000 3.425351 51.533845
0.000000 4.270153 49.665017
0.000000 5.544879 49.086895
0.000000 5.612377 48.129220
0.000000 8.087022 49.169727
0.000000 8.154091 48.212052
0.000000 9.179890 49.911244
0.000000 10.034580 49.474390
0.000000 9.136038 51.376124
0.000000 7.878939 52.018923
0.000000 7.869051 53.351612
0.000000 5.435248 51.849855
0.000000 6.657953 51.192872
0.000000 6.726741 49.838057
0.000000 11.435274 54.366589
0.000000 3.056476 48.849745
9.707891 6.951807 39.299093
1.550487 2.172767 45.243713
8.864574 5.117964 40.449665
6.835027 3.946205 41.858945
5.676350 3.277242 42.635637
3.670261 2.119026 44.081795
10.006124 5.777038 39.655952
2.544721 1.469195 44.877777
7.747845 5.864313 40.779858
7.694975 6.786071 40.517179
6.710795 5.292513 41.484498
4.577246 4.061425 42.969802
3.576311 3.448137 43.676144
2.787849 3.948784 43.897976
5.546905 6.037143 41.878234
5.506570 6.979322 41.698954
4.492604 5.424285 42.506283
3.678328 5.914614 42.640743
12.410850 5.320029 38.229084
10.863713 20.602983 46.373860
12.410726 21.496151 49.095972
12.410726 21.496151 47.072260
1.549619 15.225488 53.783360
2.614842 15.840495 55.630629
9.607487 19.877700 47.641872
10.704730 20.511194 49.430137
3.496509 16.349525 52.161894
2.751858 15.919601 51.734684
3.556826 16.384349 53.500256
4.634708 17.006665 54.112419
4.694280 17.041059 55.070094
6.760686 18.234099 53.989873
6.822492 18.269783 54.946980
7.701057 18.776879 53.259702
8.434290 19.200355 53.711875
8.712044 19.360716 51.079403
9.444409 19.783547 51.533845
8.712789 19.361146 49.665017
7.608844 18.723783 49.086895
7.550389 18.690034 48.129220
5.407283 17.452712 49.169727
5.349200 17.419178 48.212052
4.460832 16.906278 49.911244
3.720649 16.478933 49.474390
4.498809 16.928204 51.376124
5.587489 17.556753 52.018923
5.596052 17.561697 53.351612
7.703787 18.778599 51.849855
6.644893 18.167246 51.192872
6.585321 18.132852 49.838057
2.507612 15.778586 54.366589
9.763864 19.967985 48.849745
13.947313 4.931377 39.299093
22.164785 0.256378 45.243713
15.957126 5.117964 40.449665
17.986673 3.946205 41.858945
19.145350 3.277242 42.635637
21.151439 2.119026 44.081795
14.815576 5.777038 39.655952
22.276979 1.469195 44.877777
15.869133 3.777675 40.779858
15.097303 3.271009 40.517179
16.882852 3.165462 41.484498
19.015780 1.933299 42.969802
20.047370 1.373107 43.676144
20.008028 0.439956 43.897976
16.819929 1.785190 41.878234
16.024145 1.279169 41.698954
17.877829 1.178566 42.506283
17.860330 0.228218 42.640743
-12.410726 21.496151 39.996925
37.232674 21.496151 39.996925
-0.000000 1.845379 37.416649
10.863713 8.058647 29.271873
12.410726 7.165479 26.549761
-12.410726 21.496151 38.075902
37.232674 21.496151 38.075902
12.410726 7.165479 28.573474
1.549619 13.436142 21.862373
2.614842 12.821135 20.015105
9.607487 8.783930 28.003861
10.704730 8.150436 26.215596
3.496509 12.312105 23.483840
2.751858 12.742029 23.911049
3.556826 12.277281 22.145478
4.634708 11.654965 21.533314
4.694280 11.620571 20.575639
6.760686 10.427531 21.655861
6.822492 10.391847 20.698753
7.701057 9.884751 22.386031
8.434290 9.461276 21.933859
8.712044 9.300914 24.566330
9.444409 8.878083 24.111888
8.712789 9.300484 25.980716
7.608844 9.937847 26.558839
7.550389 9.971596 27.516514
5.407283 11.208919 26.476007
5.349200 11.242453 27.433682
4.460832 11.755353 25.734489
3.720649 12.182698 26.171343
4.498809 11.733427 24.269610
5.587489 11.104877 23.626810
5.596052 11.099933 22.294121
7.703787 9.883032 23.795878
6.644893 10.494384 24.452862
6.585321 10.528778 25.807677
2.507612 12.883045 21.279145
9.763864 8.693646 26.795988
1.536463 2.234031 36.346640
9.753935 6.909029 30.402020
3.546276 2.047444 35.196069
5.575823 3.219203 33.786789
6.734500 3.888165 33.010096
8.740589 5.046382 31.563939
2.404726 1.388369 35.989781
9.866129 5.696212 30.767956
3.458283 3.387733 34.865875
2.686453 3.894399 35.128555
4.472002 3.999945 34.161235
6.604930 5.232109 32.675931
7.636520 5.792301 31.969589
7.597178 6.725452 31.747758
4.409079 5.380218 33.767499
3.613295 5.886239 33.946779
5.466979 5.986841 33.139450
5.449480 6.937189 33.004990
0.000000 0.000143 39.996925
-24.821700 42.992589 39.996925
49.643400 0.000143 39.996925
24.821700 42.992589 39.996925
10.812705 20.573533 37.416649
12.410850 5.378928 29.271873
0.000000 0.000143 38.075902
-24.821700 42.992589 38.075902
49.643400 0.000143 38.075902
24.821700 42.992589 38.075902
0.000000 16.120161 21.862373
0.000000 17.350175 20.015105
12.410850 3.928363 28.003861
12.410850 5.195350 26.215596
0.000000 18.368236 23.483840
0.000000 17.508387 23.911049
0.000000 18.437883 22.145478
0.000000 19.682515 21.533314
0.000000 19.751303 20.575639
12.410850 0.641161 21.655861
12.410850 0.712528 20.698753
12.410726 1.726935 22.386031
12.410850 2.573671 21.933859
12.410850 2.894395 24.566330
12.410850 3.740056 24.111888
12.410850 2.895255 25.980716
12.410850 1.620529 26.558839
12.410850 1.553030 27.516514
0.000000 20.574608 26.476007
0.000000 20.507540 27.433682
0.000000 19.481740 25.734489
0.000000 18.627050 26.171343
0.000000 19.525592 24.269610
0.000000 20.782691 23.626810
0.000000 20.792580 22.294121
12.410850 1.730159 23.795878
12.410850 0.507454 24.452862
12.410850 0.438666 25.807677
0.000000 17.226356 21.279145
12.410850 4.108931 26.795988
22.118741 0.213601 36.346640
13.961337 4.992641 30.402020
21.275424 2.047444 35.196069
19.245877 3.219203 33.786789
18.087200 3.888165 33.010096
16.081111 5.046382 31.563939
22.416974 1.388369 35.989781
14.955571 5.696212 30.767956
20.158695 1.301095 34.865875
20.105825 0.379337 35.128555
19.121645 1.872894 34.161235
16.988096 3.103983 32.675931
15.987161 3.717270 31.969589
15.198699 3.216623 31.747758
17.957755 1.128265 33.767499
17.917420 0.186086 33.946779
16.903454 1.741122 33.139450
16.089178 1.250794 33.004990
12.410726 21.496151 39.996925
-10.812705 20.573533 37.416649
13.957987 8.058647 29.271873
12.410726 21.496151 38.075902
-1.549619 13.436142 21.862373
-2.614842 12.821135 20.015105
15.214213 8.783930 28.003861
14.116970 8.150436 26.215596
-3.496509 12.312105 23.483840
-2.751858 12.742029 23.911049
-3.556826 12.277281 22.145478
-4.634708 11.654965 21.533314
-4.694280 11.620571 20.575639
18.061014 10.427531 21.655861
17.999208 10.391847 20.698753
17.120768 9.884536 22.386031
16.387410 9.461276 21.933859
16.109656 9.300914 24.566330
15.377291 8.878083 24.111888
16.108911 9.300484 25.980716
17.212856 9.937847 26.558839
17.271311 9.971596 27.516514
-5.407283 11.208919 26.476007
-5.349200 11.242453 27.433682
-4.460832 11.755353 25.734489
-3.720649 12.182698 26.171343
-4.498809 11.733427 24.269610
-5.587489 11.104877 23.626810
-5.596052 11.099933 22.294121
17.117913 9.883032 23.795878
18.176807 10.494384 24.452862
18.236379 10.528778 25.807677
-2.507612 12.883045 21.279145
15.057836 8.693646 26.795988
13.577346 19.048591 36.346640
13.517277 9.594552 30.402020
12.410850 17.401336 35.196069
12.410850 15.057817 33.786789
12.410850 13.719893 33.010096
12.410850 11.403460 31.563939
12.410850 18.719484 35.989781
12.410850 10.103798 30.767956
13.615571 16.807395 34.865875
14.440272 17.222487 35.128555
13.638904 15.623383 34.161235
13.639524 13.160131 32.675931
13.608869 11.986652 31.969589
14.436673 11.554148 31.747758
14.865716 14.987740 33.767499
15.701835 15.423898 33.946779
14.862117 13.768259 33.139450
15.693892 13.308240 33.004990
11.244354 19.048591 36.346640
11.304423 9.594552 30.402020
11.206129 16.807395 34.865875
10.381428 17.222487 35.128555
11.182796 15.623383 34.161235
11.182176 13.160131 32.675931
11.212831 11.986652 31.969589
10.385027 11.554148 31.747758
9.955984 14.987740 33.767499
9.119865 15.423898 33.946779
9.959583 13.768259 33.139450
9.127808 13.308240 33.004990
2.702959 0.213601 36.346640
10.860363 4.992641 30.402020
4.663005 1.301095 34.865875
4.715875 0.379337 35.128555
5.700055 1.872894 34.161235
7.833604 3.103983 32.675931
8.834539 3.717270 31.969589
9.623001 3.216623 31.747758
6.863945 1.128265 33.767499
6.904280 0.186086 33.946779
7.918246 1.741122 33.139450
8.732522 1.250794 33.004990
23.285237 2.234031 36.346640
15.067765 6.909029 30.402020
21.363417 3.387733 34.865875
22.135247 3.894399 35.128555
20.349698 3.999945 34.161235
18.216770 5.232109 32.675931
17.185180 5.792301 31.969589
17.224522 6.725452 31.747758
20.412621 5.380218 33.767499
21.208405 5.886239 33.946779
19.354721 5.986841 33.139450
19.372220 6.937189 33.004990
10.874387 4.931377 39.299093
2.656915 0.256378 45.243713
8.952567 3.777675 40.779858
9.724397 3.271009 40.517179
7.938848 3.165462 41.484498
5.805920 1.933299 42.969802
4.774330 1.373107 43.676144
4.813672 0.439956 43.897976
8.001771 1.785190 41.878234
8.797555 1.279169 41.698954
6.943871 1.178566 42.506283
6.961370 0.228218 42.640743
15.113809 6.951807 39.299093
23.271213 2.172767 45.243713
17.073855 5.864313 40.779858
17.126725 6.786071 40.517179
18.110905 5.292513 41.484498
20.244454 4.061425 42.969802
21.245389 3.448137 43.676144
22.033851 3.948784 43.897976
19.274795 6.037143 41.878234
19.315130 6.979322 41.698954
20.329096 5.424285 42.506283
21.143372 5.914614 42.640743
11.244354 9.613039 39.299093
11.304423 19.067078 45.243713
11.206129 11.854235 40.779858
10.381428 11.439143 40.517179
11.182796 13.038247 41.484498
11.182176 15.501499 42.969802
11.212831 16.674978 43.676144
10.385027 17.107482 43.897976
9.955984 13.673891 41.878234
9.119865 13.237732 41.698954
9.959583 14.893371 42.506283
9.127808 15.353390 42.640743
-0.000124 14.330887 111.294542
1.598145 15.253505 57.140518
13.957987 6.272168 65.285294
12.410974 7.165336 68.007405
-0.000124 14.330887 113.215565
12.410974 7.165336 65.983693
23.272081 0.894673 72.694793
22.206858 1.509680 74.542062
15.214213 5.546885 66.553305
14.116970 6.180379 68.341570
21.325191 2.018710 71.073327
22.069842 1.588786 70.646118
21.264874 2.053534 72.411689
20.186992 2.675850 73.023852
20.127420 2.710244 73.981527
18.061014 3.903284 72.901306
17.999208 3.938968 73.858414
17.120768 4.446279 72.171136
16.387410 4.869539 72.623308
16.109656 5.029901 69.990837
15.377291 5.452732 70.445278
16.108911 5.030331 68.576450
17.212856 4.392968 67.998328
17.271311 4.359219 67.040653
19.414417 3.121896 68.081160
19.472500 3.088362 67.123485
20.360868 2.575462 68.822677
21.101051 2.148118 68.385823
20.322891 2.597389 70.287557
19.234211 3.225938 70.930357
19.225648 3.230882 72.263045
17.117913 4.447783 70.761288
18.176807 3.836431 70.104305
18.236379 3.802037 68.749490
22.314088 1.447771 73.278022
15.057836 5.637169 67.761179
1.166496 16.778447 58.210526
13.517277 4.736263 64.155146
0.000000 18.425702 59.361098
0.000000 20.769221 60.770378
12.410850 0.610923 61.547071
12.410850 2.927356 62.993228
0.000000 17.107554 58.567385
12.410850 4.227017 63.789210
1.204721 19.019643 59.691292
2.029422 18.604551 59.428612
1.228054 20.203655 60.395932
13.639524 1.170684 61.881236
13.608869 2.344163 62.587578
14.436673 2.776667 62.809409
2.454866 20.839298 60.789668
3.290985 20.403140 60.610387
14.862117 0.562556 61.417716
15.693892 1.022575 61.552177
-1.598145 15.253505 57.140518
12.410850 8.951887 65.285294
12.410850 19.706877 72.694793
12.410850 18.476863 74.542062
12.410850 10.402452 66.553305
12.410850 9.135465 68.341570
12.410850 17.458802 71.073327
12.410850 18.318651 70.646118
12.410850 17.389154 72.411689
12.410850 16.144523 73.023852
12.410850 16.075735 73.981527
12.410850 13.689655 72.901306
12.410850 13.618287 73.858414
12.410726 12.603880 72.171136
12.410850 11.757144 72.623308
12.410850 11.436420 69.990837
12.410850 10.590759 70.445278
12.410850 11.435561 68.576450
12.410850 12.710287 67.998328
12.410850 12.777785 67.040653
12.410850 15.252430 68.081160
12.410850 15.319498 67.123485
12.410850 16.345298 68.822677
12.410850 17.199988 68.385823
12.410850 16.301446 70.287557
12.410850 15.044346 70.930357
12.410850 15.034458 72.263045
12.410850 12.600656 70.761288
12.410850 13.823361 70.104305
12.410850 13.892149 68.749490
12.410850 18.600682 73.278022
12.410850 10.221884 67.761179
-2.702959 14.117214 58.210526
13.961337 9.338174 64.155146
-3.546276 12.283372 59.361098
-5.575823 11.111613 60.770378
18.087200 10.442650 61.547071
16.081111 9.284434 62.993228
-2.404726 12.942446 58.567385
14.955571 8.634603 63.789210
-4.663005 13.029720 59.691292
-4.715875 13.951478 59.428612
-5.700055 12.457921 60.395932
16.988096 11.226832 61.881236
15.987161 10.613545 62.587578
15.198699 11.114192 62.809409
-6.863945 13.202550 60.789668
-6.904280 14.144730 60.610387
16.903454 12.589693 61.417716
16.089178 13.080022 61.552177
0.000000 12.485436 57.140518
10.863713 6.272168 65.285294
1.549619 0.894673 72.694793
2.614842 1.509680 74.542062
9.607487 5.546885 66.553305
10.704730 6.180379 68.341570
3.496509 2.018710 71.073327
2.751858 1.588786 70.646118
3.556826 2.053534 72.411689
4.634708 2.675850 73.023852
4.694280 2.710244 73.981527
6.760686 3.903284 72.901306
6.822492 3.938968 73.858414
7.701057 4.446064 72.171136
8.434290 4.869539 72.623308
8.712044 5.029901 69.990837
9.444409 5.452732 70.445278
8.712789 5.030331 68.576450
7.608844 4.392968 67.998328
7.550389 4.359219 67.040653
5.407283 3.121896 68.081160
5.349200 3.088362 67.123485
4.460832 2.575462 68.822677
3.720649 2.148118 68.385823
4.498809 2.597389 70.287557
5.587489 3.225938 70.930357
5.596052 3.230882 72.263045
7.703787 4.447783 70.761288
6.644893 3.836431 70.104305
6.585321 3.802037 68.749490
2.507612 1.447771 73.278022
9.763864 5.637169 67.761179
1.536463 12.096784 58.210526
9.753935 7.421786 64.155146
3.546276 12.283372 59.361098
5.575823 11.111613 60.770378
6.734500 10.442650 61.547071
8.740589 9.284434 62.993228
2.404726 12.942446 58.567385
9.866129 8.634603 63.789210
3.458283 10.943082 59.691292
2.686453 10.436416 59.428612
4.472002 10.330870 60.395932
6.604930 9.098706 61.881236
7.636520 8.538515 62.587578
7.597178 7.605364 62.809409
4.409079 8.950597 60.789668
3.613295 8.444576 60.610387
5.466979 8.343974 61.417716
5.449480 7.393626 61.552177
12.410974 7.165336 58.908358
12.410850 9.010787 113.062382
-1.547137 15.224055 104.917606
-0.000124 14.330887 102.195495
12.410974 7.165336 56.987335
-0.000124 14.330887 104.219207
-10.861231 20.601550 97.508107
-9.796008 19.986543 95.660838
-2.803363 15.949337 103.649595
-1.706120 15.315844 101.861330
-8.914341 19.477512 99.129573
-9.658992 19.907437 99.556782
-8.854024 19.442689 97.791211
-7.776142 18.820373 97.179048
-7.716570 18.785979 96.221373
-5.650164 17.592939 97.301594
-5.588358 17.557255 96.344486
-4.709793 17.050159 98.031764
-3.976560 16.626683 97.579592
-3.698806 16.466322 100.212063
-2.966441 16.043491 99.757622
-3.698061 16.465892 101.626450
-4.802006 17.103255 102.204572
-4.860461 17.137004 103.162247
-7.003567 18.374326 102.121740
-7.061650 18.407860 103.079415
-7.950018 18.920760 101.380223
-8.690201 19.348105 101.817077
-7.912041 18.898834 99.915343
-6.823361 18.270285 99.272543
-6.814798 18.265340 97.939855
-4.707063 17.048439 99.441612
-5.765957 17.659792 100.098595
-5.825529 17.694186 101.453410
-9.903238 20.048452 96.924878
-2.646986 15.859053 102.441721
13.947313 9.399438 111.992374
-2.656915 14.074437 106.047754
15.957126 9.212851 110.841802
17.986673 10.384610 109.432522
-5.676350 11.053573 108.655829
-3.670261 12.211789 107.209672
14.815576 8.553777 111.635515
-2.544721 12.861620 106.413690
15.869133 10.553141 110.511608
15.097303 11.059807 110.774288
16.882852 11.165353 109.806968
-5.805920 12.397517 108.321664
-4.774330 12.957708 107.615322
-4.813672 13.890859 107.393491
16.819929 12.545626 109.413232
16.024145 13.051647 109.592513
-6.943871 13.152249 108.785184
-6.961370 14.102597 108.650723
10.812705 6.242718 113.062382
0.000000 12.544336 104.917606
0.000000 1.789346 97.508107
0.000000 3.019359 95.660838
0.000000 11.093771 103.649595
0.000000 12.360758 101.861330
0.000000 4.037421 99.129573
0.000000 3.177572 99.556782
0.000000 4.107068 97.791211
0.000000 5.351700 97.179048
0.000000 5.420488 96.221373
0.000000 7.806568 97.301594
0.000000 7.877936 96.344486
-0.000124 8.892342 98.031764
0.000000 9.739079 97.579592
0.000000 10.059802 100.212063
0.000000 10.905464 99.757622
0.000000 10.060662 101.626450
0.000000 8.785936 102.204572
0.000000 8.718438 103.162247
0.000000 6.243793 102.121740
0.000000 6.176725 103.079415
0.000000 5.150925 101.380223
0.000000 4.296235 101.817077
0.000000 5.194777 99.915343
0.000000 6.451876 99.272543
0.000000 6.461765 97.939855
0.000000 8.895567 99.441612
0.000000 7.672862 100.098595
0.000000 7.604074 101.453410
0.000000 2.895541 96.924878
0.000000 11.274339 102.441721
9.707891 7.379008 111.992374
1.550487 12.158049 106.047754
8.864574 9.212851 110.841802
6.835027 10.384610 109.432522
5.676350 11.053573 108.655829
3.670261 12.211789 107.209672
10.006124 8.553777 111.635515
2.544721 12.861620 106.413690
7.747845 8.466502 110.511608
7.694975 7.544744 110.774288
6.710795 9.038302 109.806968
4.577246 10.269391 108.321664
3.576311 10.882678 107.615322
2.787849 10.382031 107.393491
5.546905 8.293673 109.413232
5.506570 7.351493 109.592513
4.492604 8.906530 108.785184
3.678328 8.416201 108.650723
14.008995 6.242718 113.062382
1.547137 15.224055 104.917606
10.861231 20.601550 97.508107
9.796008 19.986543 95.660838
2.803363 15.949337 103.649595
1.706120 15.315844 101.861330
8.914341 19.477512 99.129573
9.658992 19.907437 99.556782
8.854024 19.442689 97.791211
7.776142 18.820373 97.179048
7.716570 18.785979 96.221373
5.650164 17.592939 97.301594
5.588358 17.557255 96.344486
4.709918 17.049944 98.031764
3.976560 16.626683 97.579592
3.698806 16.466322 100.212063
2.966441 16.043491 99.757622
3.698061 16.465892 101.626450
4.802006 17.103255 102.204572
4.860461 17.137004 103.162247
7.003567 18.374326 102.121740
7.061650 18.407860 103.079415
7.950018 18.920760 101.380223
8.690201 19.348105 101.817077
7.912041 18.898834 99.915343
6.823361 18.270285 99.272543
6.814798 18.265340 97.939855
4.707063 17.048439 99.441612
5.765957 17.659792 100.098595
5.825529 17.694186 101.453410
9.903238 20.048452 96.924878
2.646986 15.859053 102.441721
13.577346 4.717776 111.992374
1.106427 16.759960 106.047754
12.410850 3.070520 110.841802
12.410850 0.727002 109.432522
0.000000 20.885300 108.655829
0.000000 18.568867 107.209672
12.410850 4.388669 111.635515
0.000000 17.269206 106.413690
13.615571 2.476580 110.511608
14.440272 2.891672 110.774288
13.638904 1.292568 109.806968
1.228674 20.325538 108.321664
1.198019 19.152060 107.615322
2.025823 18.719556 107.393491
14.865716 0.656925 109.413232
15.701835 1.093083 109.592513
2.451267 20.933667 108.785184
3.283042 20.473647 108.650723
11.244354 4.717776 111.992374
-1.106427 16.759960 106.047754
11.206129 2.476580 110.511608
10.381428 2.891672 110.774288
11.182796 1.292568 109.806968
-1.228674 20.325538 108.321664
-1.198019 19.152060 107.615322
-2.025823 18.719556 107.393491
9.955984 0.656925 109.413232
9.119865 1.093083 109.592513
-2.451267 20.933667 108.785184
-3.283042 20.473647 108.650723
15.113809 7.379008 111.992374
-1.550487 12.158049 106.047754
17.073855 8.466502 110.511608
17.126725 7.544744 110.774288
18.110905 9.038302 109.806968
-4.577246 10.269391 108.321664
-3.576311 10.882678 107.615322
-2.787849 10.382031 107.393491
19.274795 8.293673 109.413232
19.315130 7.351493 109.592513
-4.492604 8.906530 108.785184
-3.678328 8.416201 108.650723
10.874387 9.399438 111.992374
2.656915 14.074437 106.047754
8.952567 10.553141 110.511608
9.724397 11.059807 110.774288
7.938848 11.165353 109.806968
5.805920 12.397517 108.321664
4.774330 12.957708 107.615322
4.813672 13.890859 107.393491
8.001771 12.545626 109.413232
8.797555 13.051647 109.592513
6.943871 13.152249 108.785184
6.961370 14.102597 108.650723
-1.536463 12.096784 58.210526
15.067765 7.421786 64.155146
-3.458283 10.943082 59.691292
-2.686453 10.436416 59.428612
-4.472002 10.330870 60.395932
18.216770 9.098706 61.881236
17.185180 8.538515 62.587578
17.224522 7.605364 62.809409
-4.409079 8.950597 60.789668
-3.613295 8.444576 60.610387
19.354721 8.343974 61.417716
19.372220 7.393626 61.552177
2.702959 14.117214 58.210526
10.860363 9.338174 64.155146
4.663005 13.029720 59.691292
4.715875 13.951478 59.428612
5.700055 12.457921 60.395932
7.833604 11.226832 61.881236
8.834539 10.613545 62.587578
9.623001 11.114192 62.809409
6.863945 13.202550 60.789668
6.904280 14.144730 60.610387
7.918246 12.589693 61.417716
8.732522 13.080022 61.552177
-1.166496 16.778447 58.210526
11.304423 4.736263 64.155146
-1.204721 19.019643 59.691292
-2.029422 18.604551 59.428612
-1.228054 20.203655 60.395932
11.182176 1.170684 61.881236
11.212831 2.344163 62.587578
10.385027 2.776667 62.809409
-2.454866 20.839298 60.789668
-3.290985 20.403140 60.610387
9.959583 0.562556 61.417716
9.127808 1.022575 61.552177
24.821576 0.000072 73.471675
-0.000124 42.992517 73.471675
1.598145 0.922690 76.051951
1.547137 13.437575 84.196727
0.000124 14.330744 86.918839
24.821576 0.000072 75.392698
-0.000124 42.992517 75.392698
0.000124 14.330744 84.895126
10.861231 8.060080 91.606227
9.796008 8.675087 93.453495
2.803363 12.712293 85.464739
1.706120 13.345787 87.253004
8.914341 9.184118 89.984760
9.658992 8.754193 89.557551
8.854024 9.218942 91.323122
7.776142 9.841257 91.935286
7.716570 9.875651 92.892961
5.650164 11.068692 91.812739
5.588358 11.104375 92.769847
4.709918 11.611686 91.082569
3.976560 12.034947 91.534741
3.698806 12.195309 88.902270
2.966441 12.618139 89.356712
3.698061 12.195739 87.487884
4.802006 11.558376 86.909761
4.860461 11.524627 85.952086
7.003567 10.287304 86.992593
7.061650 10.253770 86.034918
7.950018 9.740870 87.734111
8.690201 9.313525 87.297257
7.912041 9.762796 89.198990
6.823361 10.391346 89.841790
6.814798 10.396290 91.174479
4.707063 11.613191 89.672722
5.765957 11.001838 89.015738
5.825529 10.967445 87.660923
9.903238 8.613178 92.189455
2.646986 12.802577 86.672612
1.166496 2.447632 77.121960
1.106427 11.901670 83.066580
0.000000 4.094887 78.272531
0.000000 6.438405 79.681811
0.000000 7.776330 80.458504
0.000000 10.092763 81.904661
0.000000 2.776739 77.478819
0.000000 11.392425 82.700644
1.204721 4.688828 78.602725
2.029422 4.273736 78.340045
1.228054 5.872840 79.307365
1.228674 8.336092 80.792669
1.198019 9.509571 81.499011
2.025823 9.942075 81.720842
2.454866 6.508483 79.701101
3.290985 6.072325 79.521821
2.451267 7.727964 80.329150
3.283042 8.187983 80.463610
12.410850 21.496079 73.471675
23.223555 0.922690 76.051951
0.000000 16.117295 84.196727
12.410850 21.496079 75.392698
12.410850 5.376062 91.606227
12.410850 4.146048 93.453495
0.000000 17.567860 85.464739
0.000000 16.300872 87.253004
12.410850 3.127987 89.984760
12.410850 3.987836 89.557551
12.410850 3.058339 91.323122
12.410850 1.813708 91.935286
12.410850 1.744920 92.892961
0.000000 20.855062 91.812739
0.000000 20.783695 92.769847
-0.000124 19.769288 91.082569
0.000000 18.922552 91.534741
0.000000 18.601828 88.902270
0.000000 17.756167 89.356712
0.000000 18.600968 87.487884
0.000000 19.875694 86.909761
0.000000 19.943192 85.952086
12.410850 0.921615 86.992593
12.410850 0.988683 86.034918
12.410850 2.014483 87.734111
12.410850 2.869173 87.297257
12.410850 1.970630 89.198990
12.410850 0.713531 89.841790
12.410850 0.703643 91.174479
0.000000 19.766063 89.672722
0.000000 20.988769 89.015738
0.000000 21.057557 87.660923
12.410850 4.269866 92.189455
0.000000 17.387291 86.672612
9.707891 21.282622 77.121960
1.550487 16.503582 83.066580
8.864574 19.448779 78.272531
6.835027 18.277020 79.681811
5.676350 17.608058 80.458504
3.670261 16.449841 81.904661
10.006124 20.107853 77.478819
2.544721 15.800010 82.700644
7.747845 20.195128 78.602725
7.694975 21.116886 78.340045
6.710795 19.623329 79.307365
4.577246 18.392240 80.792669
3.576311 17.778953 81.499011
2.787849 18.279600 81.720842
5.546905 20.367958 79.701101
5.506570 21.310137 79.521821
4.492604 19.755100 80.329150
3.678328 20.245429 80.463610
0.000124 0.000072 73.471675
-24.821576 42.992517 73.471675
49.643524 0.000072 73.471675
24.821824 42.992517 73.471675
12.410850 19.650844 76.051951
-1.547137 13.437575 84.196727
0.000124 0.000072 75.392698
-24.821576 42.992517 75.392698
49.643524 0.000072 75.392698
24.821824 42.992517 75.392698
13.960469 8.060080 91.606227
15.025692 8.675087 93.453495
-2.803363 12.712293 85.464739
-1.706120 13.345787 87.253004
15.907359 9.184118 89.984760
15.162708 8.754193 89.557551
15.967676 9.218942 91.323122
17.045558 9.841257 91.935286
17.105130 9.875651 92.892961
-5.650164 11.068692 91.812739
-5.588358 11.104375 92.769847
-4.709793 11.611471 91.082569
-3.976560 12.034947 91.534741
-3.698806 12.195309 88.902270
-2.966441 12.618139 89.356712
-3.698061 12.195739 87.487884
-4.802006 11.558376 86.909761
-4.860461 11.524627 85.952086
17.818133 10.287304 86.992593
17.760050 10.253770 86.034918
16.871682 9.740870 87.734111
16.131499 9.313525 87.297257
16.909659 9.762796 89.198990
17.998339 10.391346 89.841790
18.006902 10.396290 91.174479
-4.707063 11.613191 89.672722
-5.765957 11.001838 89.015738
-5.825529 10.967445 87.660923
14.918462 8.613178 92.189455
-2.646986 12.802577 86.672612
-10.874387 19.262192 77.121960
-2.656915 14.587193 83.066580
-8.864574 19.448779 78.272531
-6.835027 18.277020 79.681811
-5.676350 17.608058 80.458504
-3.670261 16.449841 81.904661
-10.006124 20.107853 77.478819
-2.544721 15.800010 82.700644
-8.952567 18.108490 78.602725
-9.724397 17.601824 78.340045
-7.938848 17.496277 79.307365
-5.805920 16.264114 80.792669
-4.774330 15.703922 81.499011
-4.813672 14.770771 81.720842
-8.001771 16.116005 79.701101
-8.797555 15.609984 79.521821
-6.943871 15.509381 80.329150
-6.961370 14.559033 80.463610
0.000124 14.330744 77.819792
-0.000000 16.176194 75.239516
23.274563 0.893240 67.094740
24.821576 0.000072 64.372628
-0.000124 42.992517 64.372628
0.000124 14.330744 75.898768
24.821576 0.000072 66.396340
-0.000124 42.992517 66.396340
13.960469 6.270735 59.685240
15.025692 5.655728 57.837971
22.018337 1.618522 65.826728
23.115580 0.985029 64.038463
15.907359 5.146697 61.306706
15.162708 5.576622 61.733916
15.967676 5.111873 59.968344
17.045558 4.489558 59.356181
17.105130 4.455164 58.398506
19.171536 3.262123 59.478727
19.233342 3.226440 58.521620
20.111907 2.719344 60.208898
20.845140 2.295868 59.756725
21.122894 2.135506 62.389197
21.855259 1.712676 61.934755
21.123639 2.135076 63.803583
20.019694 2.772440 64.381705
19.961239 2.806189 65.339380
17.818133 4.043511 64.298873
17.760050 4.077045 65.256548
16.871682 4.589945 63.557356
16.131499 5.017290 63.994210
16.909659 4.568019 62.092476
17.998339 3.939469 61.449677
18.006902 3.934525 60.116988
20.114637 2.717624 61.618745
19.055743 3.328977 62.275728
18.996171 3.363371 63.630543
14.918462 5.717637 59.102011
22.174714 1.528238 64.618855
1.536463 16.564846 74.169507
9.753935 21.239844 68.224887
3.546276 16.378259 73.018935
5.575823 17.550018 71.609655
6.734500 18.218980 70.832963
8.740589 19.377197 69.386805
2.404726 15.719185 73.812648
9.866129 20.027028 68.590823
3.458283 17.718548 72.688742
2.686453 18.225214 72.951421
4.472002 18.330761 71.984102
6.604930 19.562924 70.498798
7.636520 20.123116 69.792456
7.597178 21.056267 69.570624
4.409079 19.711033 71.590366
3.613295 20.217054 71.769646
5.466979 20.317657 70.962317
5.449480 21.268005 70.827857
-1.598145 13.408126 75.239516
12.410850 19.709743 67.094740
12.410850 21.496079 64.372628
12.410850 21.496079 66.396340
12.410850 8.954753 59.685240
12.410850 10.184767 57.837971
12.410850 18.259178 65.826728
12.410850 19.526166 64.038463
12.410850 11.202828 61.306706
12.410850 10.342979 61.733916
12.410850 11.272476 59.968344
12.410850 12.517107 59.356181
12.410850 12.585895 58.398506
12.410850 14.971976 59.478727
12.410850 15.043343 58.521620
12.410726 16.057750 60.208898
12.410850 16.904486 59.756725
12.410850 17.225210 62.389197
12.410850 18.070871 61.934755
12.410850 17.226070 63.803583
12.410850 15.951344 64.381705
12.410850 15.883846 65.339380
12.410850 13.409200 64.298873
12.410850 13.342132 65.256548
12.410850 12.316332 63.557356
12.410850 11.461643 63.994210
12.410850 12.360185 62.092476
12.410850 13.617284 61.449677
12.410850 13.627172 60.116988
12.410850 16.060974 61.618745
12.410850 14.838269 62.275728
12.410850 14.769481 63.630543
12.410850 10.060949 59.102011
12.410850 18.439747 64.618855
-2.702959 14.544416 74.169507
-10.860363 19.323456 68.224887
-3.546276 16.378259 73.018935
-5.575823 17.550018 71.609655
-6.734500 18.218980 70.832963
-8.740589 19.377197 69.386805
-2.404726 15.719185 73.812648
-9.866129 20.027028 68.590823
-4.663005 15.631910 72.688742
-4.715875 14.710152 72.951421
-5.700055 16.203709 71.984102
-7.833604 17.434798 70.498798
-8.834539 18.048085 69.792456
-9.623001 17.547438 69.570624
-6.863945 15.459080 71.590366
-6.904280 14.516901 71.769646
-7.918246 16.071938 70.962317
-8.732522 15.581609 70.827857
1.598145 13.408126 75.239516
1.547137 0.893240 67.094740
0.000124 0.000072 64.372628
-24.821576 42.992517 64.372628
49.643524 0.000072 64.372628
24.821824 42.992517 64.372628
0.000124 0.000072 66.396340
-24.821576 42.992517 66.396340
49.643524 0.000072 66.396340
24.821824 42.992517 66.396340
10.861231 6.270735 59.685240
9.796008 5.655728 57.837971
2.803363 1.618522 65.826728
1.706120 0.985029 64.038463
8.914341 5.146697 61.306706
9.658992 5.576622 61.733916
8.854024 5.111873 59.968344
7.776142 4.489558 59.356181
7.716570 4.455164 58.398506
5.650164 3.262123 59.478727
5.588358 3.226440 58.521620
4.709918 2.719129 60.208898
3.976560 2.295868 59.756725
3.698806 2.135506 62.389197
2.966441 1.712676 61.934755
3.698061 2.135076 63.803583
4.802006 2.772440 64.381705
4.860461 2.806189 65.339380
7.003567 4.043511 64.298873
7.061650 4.077045 65.256548
7.950018 4.589945 63.557356
8.690201 5.017290 63.994210
7.912041 4.568019 62.092476
6.823361 3.939469 61.449677
6.814798 3.934525 60.116988
4.707063 2.717624 61.618745
5.765957 3.328977 62.275728
5.825529 3.363371 63.630543
9.903238 5.717637 59.102011
2.646986 1.528238 64.618855
1.166496 11.883184 74.169507
1.106427 2.429145 68.224887
0.000000 10.235928 73.018935
0.000000 7.892410 71.609655
0.000000 6.554485 70.832963
0.000000 4.238052 69.386805
0.000000 11.554076 73.812648
0.000000 2.938390 68.590823
1.204721 9.641987 72.688742
2.029422 10.057079 72.951421
1.228054 8.457975 71.984102
1.228674 5.994723 70.498798
1.198019 4.821244 69.792456
2.025823 4.388740 69.570624
2.454866 7.822332 71.590366
3.290985 8.258491 71.769646
2.451267 6.602851 70.962317
3.283042 6.142832 70.827857
-1.166496 11.883184 74.169507
-1.106427 2.429145 68.224887
-1.204721 9.641987 72.688742
-2.029422 10.057079 72.951421
-1.228054 8.457975 71.984102
-1.228674 5.994723 70.498798
-1.198019 4.821244 69.792456
-2.025823 4.388740 69.570624
-2.454866 7.822332 71.590366
-3.290985 8.258491 71.769646
-2.451267 6.602851 70.962317
-3.283042 6.142832 70.827857
2.702959 14.544416 74.169507
10.860363 19.323456 68.224887
4.663005 15.631910 72.688742
4.715875 14.710152 72.951421
5.700055 16.203709 71.984102
7.833604 17.434798 70.498798
8.834539 18.048085 69.792456
9.623001 17.547438 69.570624
6.863945 15.459080 71.590366
6.904280 14.516901 71.769646
7.918246 16.071938 70.962317
8.732522 15.581609 70.827857
-1.536463 16.564846 74.169507
-9.753935 21.239844 68.224887
-3.458283 17.718548 72.688742
-2.686453 18.225214 72.951421
-4.472002 18.330761 71.984102
-6.604930 19.562924 70.498798
-7.636520 20.123116 69.792456
-7.597178 21.056267 69.570624
-4.409079 19.711033 71.590366
-3.613295 20.217054 71.769646
-5.466979 20.317657 70.962317
-5.449480 21.268005 70.827857
10.874387 19.262192 77.121960
2.656915 14.587193 83.066580
8.952567 18.108490 78.602725
9.724397 17.601824 78.340045
7.938848 17.496277 79.307365
5.805920 16.264114 80.792669
4.774330 15.703922 81.499011
4.813672 14.770771 81.720842
8.001771 16.116005 79.701101
8.797555 15.609984 79.521821
6.943871 15.509381 80.329150
6.961370 14.559033 80.463610
-9.707891 21.282622 77.121960
-1.550487 16.503582 83.066580
-7.747845 20.195128 78.602725
-7.694975 21.116886 78.340045
-6.710795 19.623329 79.307365
-4.577246 18.392240 80.792669
-3.576311 17.778953 81.499011
-2.787849 18.279600 81.720842
-5.546905 20.367958 79.701101
-5.506570 21.310137 79.521821
-4.492604 19.755100 80.329150
-3.678328 20.245429 80.463610
-1.166496 2.447632 77.121960
-1.106427 11.901670 83.066580
-1.204721 4.688828 78.602725
-2.029422 4.273736 78.340045
-1.228054 5.872840 79.307365
-1.228674 8.336092 80.792669
-1.198019 9.509571 81.499011
-2.025823 9.942075 81.720842
-2.454866 6.508483 79.701101
-3.290985 6.072325 79.521821
-2.451267 7.727964 80.329150
-3.283042 8.187983 80.463610
12.410726 7.165479 92.383108
14.008995 8.088097 94.963384
-10.863713 20.602983 103.108160
-12.410726 21.496151 105.830272
37.232674 21.496151 105.830272
12.410726 7.165479 94.304132
-12.410726 21.496151 103.806560
37.232674 21.496151 103.806560
-1.549619 15.225488 110.517660
-2.614842 15.840495 112.364929
-9.607487 19.877700 104.376172
-10.704730 20.511194 106.164437
-3.496509 16.349525 108.896194
-2.751858 15.919601 108.468984
-3.556826 16.384349 110.234556
-4.634708 17.006665 110.846719
-4.694280 17.041059 111.804394
-6.760686 18.234099 110.724173
-6.822492 18.269783 111.681280
-7.700932 18.777094 109.994002
-8.434290 19.200355 110.446175
-8.712044 19.360716 107.813703
-9.444409 19.783547 108.268145
-8.712789 19.361146 106.399317
-7.608844 18.723783 105.821195
-7.550389 18.690034 104.863520
-5.407283 17.452712 105.904027
-5.349200 17.419178 104.946352
-4.460832 16.906278 106.645544
-3.720649 16.478933 106.208690
-4.498809 16.928204 108.110424
-5.587489 17.556753 108.753223
-5.596052 17.561697 110.085912
-7.703787 18.778599 108.584155
-6.644893 18.167246 107.927172
-6.585321 18.132852 106.572357
-2.507612 15.778586 111.100889
-9.763864 19.967985 105.584045
13.577346 9.613039 96.033393
13.517277 19.067078 101.978013
12.410850 11.260295 97.183965
12.410850 13.603813 98.593245
12.410850 14.941738 99.369937
12.410850 17.258171 100.816095
12.410850 9.942146 96.390252
12.410850 18.557832 101.612077
13.615571 11.854235 97.514158
14.440272 11.439143 97.251479
13.638904 13.038247 98.218798
13.639524 15.501499 99.704102
13.608869 16.674978 100.410444
14.436673 17.107482 100.632276
14.865716 13.673891 98.612534
15.701835 13.237732 98.433254
14.862117 14.893371 99.240583
15.693892 15.353390 99.375043
10.812705 8.088097 94.963384
0.000000 1.786479 103.108160
0.000000 0.000143 105.830272
-24.821700 42.992589 105.830272
49.643400 0.000143 105.830272
24.821700 42.992589 105.830272
0.000000 0.000143 103.806560
-24.821700 42.992589 103.806560
49.643400 0.000143 103.806560
24.821700 42.992589 103.806560
0.000000 12.541470 110.517660
0.000000 11.311456 112.364929
0.000000 3.237045 104.376172
0.000000 1.970057 106.164437
0.000000 10.293395 108.896194
0.000000 11.153244 108.468984
0.000000 10.223747 110.234556
0.000000 8.979116 110.846719
0.000000 8.910328 111.804394
0.000000 6.524247 110.724173
0.000000 6.452879 111.681280
-0.000124 5.438473 109.994002
0.000000 4.591736 110.446175
0.000000 4.271013 107.813703
0.000000 3.425351 108.268145
0.000000 4.270153 106.399317
0.000000 5.544879 105.821195
0.000000 5.612377 104.863520
0.000000 8.087022 105.904027
0.000000 8.154091 104.946352
0.000000 9.179890 106.645544
0.000000 10.034580 106.208690
0.000000 9.136038 108.110424
0.000000 7.878939 108.753223
0.000000 7.869051 110.085912
0.000000 5.435248 108.584155
0.000000 6.657953 107.927172
0.000000 6.726741 106.572357
0.000000 11.435274 111.100889
0.000000 3.056476 105.584045
9.707891 6.951807 96.033393
1.550487 2.172767 101.978013
8.864574 5.117964 97.183965
6.835027 3.946205 98.593245
5.676350 3.277242 99.369937
3.670261 2.119026 100.816095
10.006124 5.777038 96.390252
2.544721 1.469195 101.612077
7.747845 5.864313 97.514158
7.694975 6.786071 97.251479
6.710795 5.292513 98.218798
4.577246 4.061425 99.704102
3.576311 3.448137 100.410444
2.787849 3.948784 100.632276
5.546905 6.037143 98.612534
5.506570 6.979322 98.433254
4.492604 5.424285 99.240583
3.678328 5.914614 99.375043
12.410850 5.320029 94.963384
10.863713 20.602983 103.108160
12.410726 21.496151 105.830272
12.410726 21.496151 103.806560
1.549619 15.225488 110.517660
2.614842 15.840495 112.364929
9.607487 19.877700 104.376172
10.704730 20.511194 106.164437
3.496509 16.349525 108.896194
2.751858 15.919601 108.468984
3.556826 16.384349 110.234556
4.634708 17.006665 110.846719
4.694280 17.041059 111.804394
6.760686 18.234099 110.724173
6.822492 18.269783 111.681280
7.701057 18.776879 109.994002
8.434290 19.200355 110.446175
8.712044 19.360716 107.813703
9.444409 19.783547 108.268145
8.712789 19.361146 106.399317
7.608844 18.723783 105.821195
7.550389 18.690034 104.863520
5.407283 17.452712 105.904027
5.349200 17.419178 104.946352
4.460832 16.906278 106.645544
3.720649 16.478933 106.208690
4.498809 16.928204 108.110424
5.587489 17.556753 108.753223
5.596052 17.561697 110.085912
7.703787 18.778599 108.584155
6.644893 18.167246 107.927172
6.585321 18.132852 106.572357
2.507612 15.778586 111.100889
9.763864 19.967985 105.584045
13.947313 4.931377 96.033393
22.164785 0.256378 101.978013
15.957126 5.117964 97.183965
17.986673 3.946205 98.593245
19.145350 3.277242 99.369937
21.151439 2.119026 100.816095
14.815576 5.777038 96.390252
22.276979 1.469195 101.612077
15.869133 3.777675 97.514158
15.097303 3.271009 97.251479
16.882852 3.165462 98.218798
19.015780 1.933299 99.704102
20.047370 1.373107 100.410444
20.008028 0.439956 100.632276
16.819929 1.785190 98.612534
16.024145 1.279169 98.433254
17.877829 1.178566 99.240583
17.860330 0.228218 99.375043
-12.410726 21.496151 96.731225
37.232674 21.496151 96.731225
0.000000 1.845379 94.150949
10.863713 8.058647 86.006173
12.410726 7.165479 83.284061
-12.410726 21.496151 94.810202
37.232674 21.496151 94.810202
12.410726 7.165479 85.307774
1.549619 13.436142 78.596673
2.614842 12.821135 76.749405
9.607487 8.783930 84.738161
10.704730 8.150436 82.949896
3.496509 12.312105 80.218140
2.751858 12.742029 80.645349
3.556826 12.277281 78.879778
4.634708 11.654965 78.267614
4.694280 11.620571 77.309939
6.760686 10.427531 78.390161
6.822492 10.391847 77.433053
7.701057 9.884751 79.120331
8.434290 9.461276 78.668159
8.712044 9.300914 81.300630
9.444409 8.878083 80.846188
8.712789 9.300484 82.715016
7.608844 9.937847 83.293139
7.550389 9.971596 84.250814
5.407283 11.208919 83.210307
5.349200 11.242453 84.167982
4.460832 11.755353 82.468789
3.720649 12.182698 82.905643
4.498809 11.733427 81.003910
5.587489 11.104877 80.361110
5.596052 11.099933 79.028421
7.703787 9.883032 80.530178
6.644893 10.494384 81.187162
6.585321 10.528778 82.541977
2.507612 12.883045 78.013445
9.763864 8.693646 83.530288
1.536463 2.234031 93.080940
9.753935 6.909029 87.136320
3.546276 2.047444 91.930369
5.575823 3.219203 90.521089
6.734500 3.888165 89.744396
8.740589 5.046382 88.298239
2.404726 1.388369 92.724081
9.866129 5.696212 87.502256
3.458283 3.387733 91.600175
2.686453 3.894399 91.862855
4.472002 3.999945 90.895535
6.604930 5.232109 89.410231
7.636520 5.792301 88.703889
7.597178 6.725452 88.482058
4.409079 5.380218 90.501799
3.613295 5.886239 90.681079
5.466979 5.986841 89.873750
5.449480 6.937189 89.739290
0.000000 0.000143 96.731225
-24.821700 42.992589 96.731225
49.643400 0.000143 96.731225
24.821700 42.992589 96.731225
10.812705 20.573533 94.150949
12.410850 5.378928 86.006173
0.000000 0.000143 94.810202
-24.821700 42.992589 94.810202
49.643400 0.000143 94.810202
24.821700 42.992589 94.810202
0.000000 16.120161 78.596673
0.000000 17.350175 76.749405
12.410850 3.928363 84.738161
12.410850 5.195350 82.949896
0.000000 18.368236 80.218140
0.000000 17.508387 80.645349
0.000000 18.437883 78.879778
0.000000 19.682515 78.267614
0.000000 19.751303 77.309939
12.410850 0.641161 78.390161
12.410850 0.712528 77.433053
12.410726 1.726935 79.120331
12.410850 2.573671 78.668159
12.410850 2.894395 81.300630
12.410850 3.740056 80.846188
12.410850 2.895255 82.715016
12.410850 1.620529 83.293139
12.410850 1.553030 84.250814
0.000000 20.574608 83.210307
0.000000 20.507540 84.167982
0.000000 19.481740 82.468789
0.000000 18.627050 82.905643
0.000000 19.525592 81.003910
0.000000 20.782691 80.361110
0.000000 20.792580 79.028421
12.410850 1.730159 80.530178
12.410850 0.507454 81.187162
12.410850 0.438666 82.541977
0.000000 17.226356 78.013445
12.410850 4.108931 83.530288
22.118741 0.213601 93.080940
13.961337 4.992641 87.136320
21.275424 2.047444 91.930369
19.245877 3.219203 90.521089
18.087200 3.888165 89.744396
16.081111 5.046382 88.298239
22.416974 1.388369 92.724081
14.955571 5.696212 87.502256
20.158695 1.301095 91.600175
20.105825 0.379337 91.862855
19.121645 1.872894 90.895535
16.988096 3.103983 89.410231
15.987161 3.717270 88.703889
15.198699 3.216623 88.482058
17.957755 1.128265 90.501799
17.917420 0.186086 90.681079
16.903454 1.741122 89.873750
16.089178 1.250794 89.739290
12.410726 21.496151 96.731225
-10.812705 20.573533 94.150949
13.957987 8.058647 86.006173
12.410726 21.496151 94.810202
-1.549619 13.436142 78.596673
-2.614842 12.821135 76.749405
15.214213 8.783930 84.738161
14.116970 8.150436 82.949896
-3.496509 12.312105 80.218140
-2.751858 12.742029 80.645349
-3.556826 12.277281 78.879778
-4.634708 11.654965 78.267614
-4.694280 11.620571 77.309939
18.061014 10.427531 78.390161
17.999208 10.391847 77.433053
17.120768 9.884536 79.120331
16.387410 9.461276 78.668159
16.109656 9.300914 81.300630
15.377291 8.878083 80.846188
16.108911 9.300484 82.715016
17.212856 9.937847 83.293139
17.271311 9.971596 84.250814
-5.407283 11.208919 83.210307
-5.349200 11.242453 84.167982
-4.460832 11.755353 82.468789
-3.720649 12.182698 82.905643
-4.498809 11.733427 81.003910
-5.587489 11.104877 80.361110
-5.596052 11.099933 79.028421
17.117913 9.883032 80.530178
18.176807 10.494384 81.187162
18.236379 10.528778 82.541977
-2.507612 12.883045 78.013445
15.057836 8.693646 83.530288
13.577346 19.048591 93.080940
13.517277 9.594552 87.136320
12.410850 17.401336 91.930369
12.410850 15.057817 90.521089
12.410850 13.719893 89.744396
12.410850 11.403460 88.298239
12.410850 18.719484 92.724081
12.410850 10.103798 87.502256
13.615571 16.807395 91.600175
14.440272 17.222487 91.862855
13.638904 15.623383 90.895535
13.639524 13.160131 89.410231
13.608869 11.986652 88.703889
14.436673 11.554148 88.482058
14.865716 14.987740 90.501799
15.701835 15.423898 90.681079
14.862117 13.768259 89.873750
15.693892 13.308240 89.739290
11.244354 19.048591 93.080940
11.304423 9.594552 87.136320
11.206129 16.807395 91.600175
10.381428 17.222487 91.862855
11.182796 15.623383 90.895535
11.182176 13.160131 89.410231
11.212831 11.986652 88.703889
10.385027 11.554148 88.482058
9.955984 14.987740 90.501799
9.119865 15.423898 90.681079
9.959583 13.768259 89.873750
9.127808 13.308240 89.739290
2.702959 0.213601 93.080940
10.860363 4.992641 87.136320
4.663005 1.301095 91.600175
4.715875 0.379337 91.862855
5.700055 1.872894 90.895535
7.833604 3.103983 89.410231
8.834539 3.717270 88.703889
9.623001 3.216623 88.482058
6.863945 1.128265 90.501799
6.904280 0.186086 90.681079
7.918246 1.741122 89.873750
8.732522 1.250794 89.739290
23.285237 2.234031 93.080940
15.067765 6.909029 87.136320
21.363417 3.387733 91.600175
22.135247 3.894399 91.862855
20.349698 3.999945 90.895535
18.216770 5.232109 89.410231
17.185180 5.792301 88.703889
17.224522 6.725452 88.482058
20.412621 5.380218 90.501799
21.208405 5.886239 90.681079
19.354721 5.986841 89.873750
19.372220 6.937189 89.739290
10.874387 4.931377 96.033393
2.656915 0.256378 101.978013
8.952567 3.777675 97.514158
9.724397 3.271009 97.251479
7.938848 3.165462 98.218798
5.805920 1.933299 99.704102
4.774330 1.373107 100.410444
4.813672 0.439956 100.632276
8.001771 1.785190 98.612534
8.797555 1.279169 98.433254
6.943871 1.178566 99.240583
6.961370 0.228218 99.375043
15.113809 6.951807 96.033393
23.271213 2.172767 101.978013
17.073855 5.864313 97.514158
17.126725 6.786071 97.251479
18.110905 5.292513 98.218798
20.244454 4.061425 99.704102
21.245389 3.448137 100.410444
22.033851 3.948784 100.632276
19.274795 6.037143 98.612534
19.315130 6.979322 98.433254
20.329096 5.424285 99.240583
21.143372 5.914614 99.375043
11.244354 9.613039 96.033393
11.304423 19.067078 101.978013
11.206129 11.854235 97.514158
10.381428 11.439143 97.251479
11.182796 13.038247 98.218798
11.182176 15.501499 99.704102
11.212831 16.674978 100.410444
10.385027 17.107482 100.632276
9.955984 13.673891 98.612534
9.119865 13.237732 98.433254
9.959583 14.893371 99.240583
9.127808 15.353390 99.375043
-12.410974 35.827110 54.560242
-10.812705 36.749727 0.406218
1.547137 27.768391 8.550994
0.000124 28.661559 11.273105
-12.410974 35.827110 56.481265
0.000124 28.661559 9.249393
10.861231 22.390896 15.960493
9.796008 23.005902 17.807762
2.803363 27.043108 9.819005
1.706120 27.676602 11.607270
8.914341 23.514933 14.339027
9.658992 23.085009 13.911818
8.854024 23.549757 15.677389
7.776142 24.172073 16.289552
7.716570 24.206467 17.247227
5.650164 25.399507 16.167006
5.588358 25.435191 17.124114
4.709918 25.942501 15.436836
3.976560 26.365762 15.889008
3.698806 26.526124 13.256537
2.966441 26.948955 13.710978
3.698061 26.526554 11.842150
4.802006 25.889191 11.264028
4.860461 25.855442 10.306353
7.003567 24.618119 11.346860
7.061650 24.584585 10.389185
7.950018 24.071685 12.088377
8.690201 23.644340 11.651523
7.912041 24.093611 13.553257
6.823361 24.722161 14.196057
6.814798 24.727105 15.528745
4.707063 25.944006 14.026988
5.765957 25.332654 13.370005
5.825529 25.298260 12.015190
9.903238 22.943993 16.543722
2.646986 27.133392 11.026879
-11.244354 38.274670 1.476226
1.106427 26.232486 7.420846
-12.410850 39.921925 2.626798
-12.410850 42.265443 4.036078
-0.000000 22.107145 4.812771
0.000000 24.423578 6.258928
-12.410850 38.603777 1.833085
0.000000 25.723240 7.054910
-11.206129 40.515866 2.956992
-10.381428 40.100774 2.694312
-11.182796 41.699878 3.661632
1.228674 22.666907 5.146936
1.198019 23.840386 5.853278
2.025823 24.272890 6.075109
-9.955984 42.335521 4.055368
-9.119865 41.899363 3.876087
2.451267 22.058779 4.683416
3.283042 22.518798 4.817877
-14.008995 36.749727 0.406218
0.000000 30.448110 8.550994
0.000000 41.203100 15.960493
0.000000 39.973086 17.807762
0.000000 31.898675 9.819005
0.000000 30.631688 11.607270
0.000000 38.955025 14.339027
0.000000 39.814874 13.911818
0.000000 38.885377 15.677389
0.000000 37.640746 16.289552
0.000000 37.571958 17.247227
0.000000 35.185877 16.167006
0.000000 35.114510 17.124114
-0.000124 34.100103 15.436836
0.000000 33.253367 15.889008
0.000000 32.932643 13.256537
0.000000 32.086982 13.710978
0.000000 32.931783 11.842150
0.000000 34.206509 11.264028
0.000000 34.274008 10.306353
0.000000 36.748653 11.346860
0.000000 36.815721 10.389185
0.000000 37.841521 12.088377
0.000000 38.696210 11.651523
0.000000 37.797668 13.553257
0.000000 36.540569 14.196057
0.000000 36.530681 15.528745
0.000000 34.096879 14.026988
0.000000 35.319584 13.370005
0.000000 35.388372 12.015190
0.000000 40.096904 16.543722
0.000000 31.718107 11.026879
-15.113809 35.613437 1.476226
1.550487 30.834397 7.420846
-15.957126 33.779594 2.626798
-17.986673 32.607835 4.036078
5.676350 31.938873 4.812771
3.670261 30.780656 6.258928
-14.815576 34.438669 1.833085
2.544721 30.130826 7.054910
-17.073855 34.525943 2.956992
-17.126725 35.447701 2.694312
-18.110905 33.954144 3.661632
4.577246 32.723055 5.146936
3.576311 32.109768 5.853278
2.787849 32.610415 6.075109
-19.274795 34.698773 4.055368
-19.315130 35.640952 3.876087
4.492604 34.085916 4.683416
3.678328 34.576244 4.817877
-12.410850 33.981659 0.406218
-1.547137 27.768391 8.550994
-10.861231 22.390896 15.960493
-9.796008 23.005902 17.807762
-2.803363 27.043108 9.819005
-1.706120 27.676602 11.607270
-8.914341 23.514933 14.339027
-9.658992 23.085009 13.911818
-8.854024 23.549757 15.677389
-7.776142 24.172073 16.289552
-7.716570 24.206467 17.247227
-5.650164 25.399507 16.167006
-5.588358 25.435191 17.124114
-4.709793 25.942287 15.436836
-3.976560 26.365762 15.889008
-3.698806 26.526124 13.256537
-2.966441 26.948955 13.710978
-3.698061 26.526554 11.842150
-4.802006 25.889191 11.264028
-4.860461 25.855442 10.306353
-7.003567 24.618119 11.346860
-7.061650 24.584585 10.389185
-7.950018 24.071685 12.088377
-8.690201 23.644340 11.651523
-7.912041 24.093611 13.553257
-6.823361 24.722161 14.196057
-6.814798 24.727105 15.528745
-4.707063 25.944006 14.026988
-5.765957 25.332654 13.370005
-5.825529 25.298260 12.015190
-9.903238 22.943993 16.543722
-2.646986 27.133392 11.026879
-10.874387 33.593007 1.476226
-2.656915 28.918009 7.420846
-8.864574 33.779594 2.626798
-6.835027 32.607835 4.036078
-5.676350 31.938873 4.812771
-3.670261 30.780656 6.258928
-10.006124 34.438669 1.833085
-2.544721 30.130826 7.054910
-8.952567 32.439305 2.956992
-9.724397 31.932639 2.694312
-7.938848 31.827092 3.661632
-5.805920 30.594929 5.146936
-4.774330 30.034737 5.853278
-4.813672 29.101586 6.075109
-8.001771 30.446820 4.055368
-8.797555 29.940799 3.876087
-6.943871 29.840197 4.683416
-6.961370 28.889849 4.817877
0.000124 28.661559 2.174058
0.000000 30.507009 56.328082
-13.957987 36.720278 48.183306
-12.410974 35.827110 45.461195
0.000124 28.661559 0.253035
-12.410974 35.827110 47.484907
-23.272081 42.097773 40.773807
-22.206858 41.482766 38.926538
-15.214213 37.445560 46.915295
-14.116970 36.812067 45.127030
-21.325191 40.973735 42.395273
-22.069842 41.403660 42.822482
-21.264874 40.938911 41.056911
-20.186992 40.316596 40.444748
-20.127420 40.282202 39.487073
-18.061014 39.089161 40.567294
-17.999208 39.053478 39.610186
-17.120643 38.546382 41.297464
-16.387410 38.122906 40.845292
-16.109656 37.962544 43.477763
-15.377291 37.539714 43.023322
-16.108911 37.962114 44.892150
-17.212856 38.599477 45.470272
-17.271311 38.633227 46.427947
-19.414417 39.870549 45.387440
-19.472500 39.904083 46.345115
-20.360868 40.416983 44.645923
-21.101051 40.844328 45.082777
-20.322891 40.395057 43.181043
-19.234211 39.766507 42.538243
-19.225648 39.761563 41.205555
-17.117913 38.544662 42.707312
-18.176807 39.156015 43.364295
-18.236379 39.190409 44.719110
-22.314088 41.544675 40.190578
-15.057836 37.355276 45.707421
1.536463 30.895661 55.258074
-15.067765 35.570660 49.313454
3.546276 30.709074 54.107502
5.575823 31.880833 52.698222
-18.087200 32.549795 51.921529
-16.081111 33.708012 50.475372
2.404726 30.050000 54.901215
-14.955571 34.357843 49.679390
3.458283 32.049363 53.777308
2.686453 32.556029 54.039988
4.472002 32.661576 53.072668
-18.216770 33.893739 51.587364
-17.185180 34.453931 50.881022
-17.224522 35.387082 50.659191
4.409079 34.041848 52.678932
3.613295 34.547869 52.858213
-19.354721 34.648472 52.050884
-19.372220 35.598820 51.916423
-1.598145 27.738941 56.328082
-12.410850 34.040559 48.183306
-12.410850 23.285568 40.773807
-12.410850 24.515582 38.926538
-12.410850 32.589993 46.915295
-12.410850 33.856981 45.127030
-12.410850 25.533643 42.395273
-12.410850 24.673794 42.822482
-12.410850 25.603291 41.056911
-12.410850 26.847922 40.444748
-12.410850 26.916710 39.487073
-12.410850 29.302791 40.567294
-12.410850 29.374158 39.610186
-12.410974 30.388565 41.297464
-12.410850 31.235301 40.845292
-12.410850 31.556025 43.477763
-12.410850 32.401686 43.023322
-12.410850 31.556885 44.892150
-12.410850 30.282159 45.470272
-12.410850 30.214661 46.427947
-12.410850 27.740016 45.387440
-12.410850 27.672947 46.345115
-12.410850 26.647148 44.645923
-12.410850 25.792458 45.082777
-12.410850 26.691000 43.181043
-12.410850 27.948099 42.538243
-12.410850 27.957987 41.205555
-12.410850 30.391790 42.707312
-12.410850 29.169085 43.364295
-12.410850 29.100297 44.719110
-12.410850 24.391764 40.190578
-12.410850 32.770562 45.707421
-2.702959 28.875231 55.258074
-10.860363 33.654271 49.313454
-3.546276 30.709074 54.107502
-5.575823 31.880833 52.698222
-6.734500 32.549795 51.921529
-8.740589 33.708012 50.475372
-2.404726 30.050000 54.901215
-9.866129 34.357843 49.679390
-4.663005 29.962725 53.777308
-4.715875 29.040967 54.039988
-5.700055 30.534525 53.072668
-7.833604 31.765613 51.587364
-8.834539 32.378901 50.881022
-9.623001 31.878253 50.659191
-6.863945 29.789895 52.678932
-6.904280 28.847716 52.858213
-7.918246 30.402753 52.050884
-8.732522 29.912424 51.916423
1.598145 27.738941 56.328082
-10.863713 36.720278 48.183306
-1.549619 42.097773 40.773807
-2.614842 41.482766 38.926538
-9.607487 37.445560 46.915295
-10.704730 36.812067 45.127030
-3.496509 40.973735 42.395273
-2.751858 41.403660 42.822482
-3.556826 40.938911 41.056911
-4.634708 40.316596 40.444748
-4.694280 40.282202 39.487073
-6.760686 39.089161 40.567294
-6.822492 39.053478 39.610186
-7.700932 38.546167 41.297464
-8.434290 38.122906 40.845292
-8.712044 37.962544 43.477763
-9.444409 37.539714 43.023322
-8.712789 37.962114 44.892150
-7.608844 38.599477 45.470272
-7.550389 38.633227 46.427947
-5.407283 39.870549 45.387440
-5.349200 39.904083 46.345115
-4.460832 40.416983 44.645923
-3.720649 40.844328 45.082777
-4.498809 40.395057 43.181043
-5.587489 39.766507 42.538243
-5.596052 39.761563 41.205555
-7.703787 38.544662 42.707312
-6.644893 39.156015 43.364295
-6.585321 39.190409 44.719110
-2.507612 41.544675 40.190578
-9.763864 37.355276 45.707421
1.166496 26.213999 55.258074
-11.304423 38.256183 49.313454
0.000000 24.566743 54.107502
0.000000 22.223225 52.698222
-12.410850 42.381523 51.921529
-12.410850 40.065090 50.475372
0.000000 25.884892 54.901215
-12.410850 38.765428 49.679390
1.204721 23.972803 53.777308
2.029422 24.387895 54.039988
1.228054 22.788791 53.072668
-11.182176 41.821761 51.587364
-11.212831 40.648282 50.881022
-10.385027 40.215778 50.659191
2.454866 22.153147 52.678932
3.290985 22.589306 52.858213
-9.959583 42.429889 52.050884
-9.127808 41.969870 51.916423
-1.166496 26.213999 55.258074
-13.517277 38.256183 49.313454
-1.204721 23.972803 53.777308
-2.029422 24.387895 54.039988
-1.228054 22.788791 53.072668
-13.639524 41.821761 51.587364
-13.608869 40.648282 50.881022
-14.436673 40.215778 50.659191
-2.454866 22.153147 52.678932
-3.290985 22.589306 52.858213
-14.862117 42.429889 52.050884
-15.693892 41.969870 51.916423
2.702959 28.875231 55.258074
-13.961337 33.654271 49.313454
4.663005 29.962725 53.777308
4.715875 29.040967 54.039988
5.700055 30.534525 53.072668
-16.988096 31.765613 51.587364
-15.987161 32.378901 50.881022
-15.198699 31.878253 50.659191
6.863945 29.789895 52.678932
6.904280 28.847716 52.858213
-16.903454 30.402753 52.050884
-16.089178 29.912424 51.916423
-1.536463 30.895661 55.258074
-9.753935 35.570660 49.313454
-3.458283 32.049363 53.777308
-2.686453 32.556029 54.039988
-4.472002 32.661576 53.072668
-6.604930 33.893739 51.587364
-7.636520 34.453931 50.881022
-7.597178 35.387082 50.659191
-4.409079 34.041848 52.678932
-3.613295 34.547869 52.858213
-5.466979 34.648472 52.050884
-5.449480 35.598820 51.916423
-13.947313 33.593007 1.476226
2.656915 28.918009 7.420846
-15.869133 32.439305 2.956992
-15.097303 31.932639 2.694312
-16.882852 31.827092 3.661632
5.805920 30.594929 5.146936
4.774330 30.034737 5.853278
4.813672 29.101586 6.075109
-16.819929 30.446820 4.055368
-16.024145 29.940799 3.876087
6.943871 29.840197 4.683416
6.961370 28.889849 4.817877
-9.707891 35.613437 1.476226
-1.550487 30.834397 7.420846
-7.747845 34.525943 2.956992
-7.694975 35.447701 2.694312
-6.710795 33.954144 3.661632
-4.577246 32.723055 5.146936
-3.576311 32.109768 5.853278
-2.787849 32.610415 6.075109
-5.546905 34.698773 4.055368
-5.506570 35.640952 3.876087
-4.492604 34.085916 4.683416
-3.678328 34.576244 4.817877
-13.577346 38.274670 1.476226
-1.106427 26.232486 7.420846
-13.615571 40.515866 2.956992
-14.440272 40.100774 2.694312
-13.638904 41.699878 3.661632
-1.228674 22.666907 5.146936
-1.198019 23.840386 5.853278
-2.025823 24.272890 6.075109
-14.865716 42.335521 4.055368
-15.701835 41.899363 3.876087
-2.451267 22.058779 4.683416
-3.283042 22.518798 4.817877
-10.812705 22.418912 19.317651
-10.863713 34.933798 27.462427
-12.410726 35.826966 30.184539
-12.410726 35.826966 28.160826
-1.549619 29.556303 34.871927
-2.614842 30.171310 36.719195
-9.607487 34.208516 28.730439
-10.704730 34.842009 30.518704
-3.496509 30.680341 33.250460
-2.751858 30.250416 32.823251
-3.556826 30.715165 34.588822
-4.634708 31.337480 35.200986
-4.694280 31.371874 36.158661
-6.760686 32.564914 35.078439
-6.822492 32.600598 36.035547
-7.700932 33.107909 34.348269
-8.434290 33.531170 34.800441
-8.712044 33.691532 32.167970
-9.444409 34.114362 32.622412
-8.712789 33.691961 30.753584
-7.608844 33.054598 30.175461
-7.550389 33.020849 29.217786
-5.407283 31.783527 30.258293
-5.349200 31.749993 29.300618
-4.460832 31.237093 30.999811
-3.720649 30.809748 30.562957
-4.498809 31.259019 32.464690
-5.587489 31.887569 33.107490
-5.596052 31.892513 34.440179
-7.703787 33.109414 32.938422
-6.644893 32.498061 32.281438
-6.585321 32.463667 30.926623
-2.507612 30.109401 35.455155
-9.763864 34.298800 29.938312
-11.244354 23.943854 20.387660
-11.304423 33.397893 26.332280
-12.410850 25.591110 21.538231
-12.410850 27.934628 22.947511
-12.410850 29.272553 23.724204
-12.410850 31.588986 25.170361
-12.410850 24.272962 20.744519
-12.410850 32.888648 25.966344
-11.206129 26.185051 21.868425
-10.381428 25.769958 21.605745
-11.182796 27.369062 22.573065
-11.182176 29.832315 24.058369
-11.212831 31.005793 24.764711
-10.385027 31.438297 24.986542
-9.955984 28.004706 22.966801
-9.119865 27.568547 22.787521
-9.959583 29.224187 23.594850
-9.127808 29.684206 23.729310
10.812705 22.418912 19.317651
-12.410850 37.613517 27.462427
0.000000 26.872285 34.871927
0.000000 25.642271 36.719195
-12.410850 39.064082 28.730439
-12.410850 37.797095 30.518704
0.000000 24.624210 33.250460
0.000000 25.484059 32.823251
0.000000 24.554562 34.588822
0.000000 23.309931 35.200986
0.000000 23.241143 36.158661
-12.410850 42.351285 35.078439
-12.410850 42.279917 36.035547
-12.410974 41.265511 34.348269
-12.410850 40.418774 34.800441
-12.410850 40.098051 32.167970
-12.410850 39.252389 32.622412
-12.410850 40.097191 30.753584
-12.410850 41.371917 30.175461
-12.410850 41.439415 29.217786
0.000000 22.417837 30.258293
0.000000 22.484906 29.300618
0.000000 23.510705 30.999811
0.000000 24.365395 30.562957
0.000000 23.466853 32.464690
0.000000 22.209754 33.107490
0.000000 22.199866 34.440179
-12.410850 41.262286 32.938422
-12.410850 42.484991 32.281438
-12.410850 42.553779 30.926623
0.000000 25.766089 35.455155
-12.410850 38.883514 29.938312
-2.702959 42.778845 20.387660
-10.860363 37.999804 26.332280
-3.546276 40.945002 21.538231
-5.575823 39.773243 22.947511
-6.734500 39.104280 23.724204
-8.740589 37.946064 25.170361
-2.404726 41.604076 20.744519
-9.866129 37.296233 25.966344
-4.663005 41.691351 21.868425
-4.715875 42.613109 21.605745
-5.700055 41.119551 22.573065
-7.833604 39.888463 24.058369
-8.834539 39.275175 24.764711
-9.623001 39.775822 24.986542
-6.863945 41.864180 22.966801
-6.904280 42.806360 22.787521
-7.918246 41.251323 23.594850
-8.732522 41.741652 23.729310
-12.410726 21.496294 16.737375
37.232674 21.496294 16.737375
0.000000 41.147066 19.317651
-13.957987 34.933798 27.462427
-12.410726 21.496294 18.658398
37.232674 21.496294 18.658398
1.549619 29.556303 34.871927
2.614842 30.171310 36.719195
-15.214213 34.208516 28.730439
-14.116970 34.842009 30.518704
3.496509 30.680341 33.250460
2.751858 30.250416 32.823251
3.556826 30.715165 34.588822
4.634708 31.337480 35.200986
4.694280 31.371874 36.158661
-18.061014 32.564914 35.078439
-17.999208 32.600598 36.035547
-17.120643 33.107694 34.348269
-16.387410 33.531170 34.800441
-16.109656 33.691532 32.167970
-15.377291 34.114362 32.622412
-16.108911 33.691961 30.753584
-17.212856 33.054598 30.175461
-17.271311 33.020849 29.217786
5.407283 31.783527 30.258293
5.349200 31.749993 29.300618
4.460832 31.237093 30.999811
3.720649 30.809748 30.562957
4.498809 31.259019 32.464690
5.587489 31.887569 33.107490
5.596052 31.892513 34.440179
-17.117913 33.109414 32.938422
-18.176807 32.498061 32.281438
-18.236379 32.463667 30.926623
2.507612 30.109401 35.455155
-15.057836 34.298800 29.938312
-23.285237 40.758415 20.387660
-15.067765 36.083416 26.332280
-21.275424 40.945002 21.538231
-19.245877 39.773243 22.947511
-18.087200 39.104280 23.724204
-16.081111 37.946064 25.170361
-22.416974 41.604076 20.744519
-14.955571 37.296233 25.966344
-21.363417 39.604712 21.868425
-22.135247 39.098047 21.605745
-20.349698 38.992500 22.573065
-18.216770 37.760337 24.058369
-17.185180 37.200145 24.764711
-17.224522 36.266994 24.986542
-20.412621 37.612228 22.966801
-21.208405 37.106207 22.787521
-19.354721 37.005604 23.594850
-19.372220 36.055256 23.729310
-12.410726 35.826966 21.085492
-12.410850 37.672417 18.505216
10.863713 22.389462 10.360440
-12.410726 35.826966 19.164468
1.549619 27.766958 2.950940
2.614842 27.151951 1.103671
9.607487 23.114745 9.092428
10.704730 22.481251 7.304163
3.496509 26.642920 4.572406
2.751858 27.072845 4.999616
3.556826 26.608096 3.234044
4.634708 25.985781 2.621881
4.694280 25.951387 1.664206
6.760686 24.758346 2.744427
6.822492 24.722662 1.787320
7.701057 24.215567 3.474598
8.434290 23.792091 3.022425
8.712044 23.631729 5.654897
9.444409 23.208898 5.200455
8.712789 23.631299 7.069283
7.608844 24.268662 7.647405
7.550389 24.302411 8.605080
5.407283 25.539734 7.564573
5.349200 25.573268 8.522248
4.460832 26.086168 6.823056
3.720649 26.513513 7.259910
4.498809 26.064242 5.358176
5.587489 25.435692 4.715377
5.596052 25.430748 3.382688
7.703787 24.213847 4.884445
6.644893 24.825199 5.541428
6.585321 24.859593 6.896243
2.507612 27.213860 2.367711
9.763864 23.024461 7.884555
-10.874387 38.061069 17.435207
-2.656915 42.736067 11.490587
-8.864574 37.874482 16.284635
-6.835027 39.046241 14.875355
-5.676350 39.715203 14.098663
-3.670261 40.873420 12.652505
-10.006124 37.215407 17.078348
-2.544721 41.523250 11.856523
-8.952567 39.214771 15.954442
-9.724397 39.721437 16.217121
-7.938848 39.826983 15.249802
-5.805920 41.059147 13.764498
-4.774330 41.619338 13.058156
-4.813672 42.552490 12.836324
-8.001771 41.207256 14.856066
-8.797555 41.713277 15.035346
-6.943871 41.813879 14.228017
-6.961370 42.764227 14.093557
-14.008995 34.904348 18.505216
0.000000 41.205966 10.360440
0.000000 30.450976 2.950940
0.000000 31.680990 1.103671
0.000000 39.755401 9.092428
0.000000 41.022388 7.304163
0.000000 32.699051 4.572406
0.000000 31.839202 4.999616
0.000000 32.768699 3.234044
0.000000 34.013330 2.621881
0.000000 34.082118 1.664206
0.000000 36.468199 2.744427
0.000000 36.539566 1.787320
-0.000124 37.553973 3.474598
0.000000 38.400709 3.022425
0.000000 38.721433 5.654897
0.000000 39.567094 5.200455
0.000000 38.722293 7.069283
0.000000 37.447567 7.647405
0.000000 37.380068 8.605080
0.000000 34.905423 7.564573
0.000000 34.838355 8.522248
0.000000 33.812555 6.823056
0.000000 32.957865 7.259910
0.000000 33.856408 5.358176
0.000000 35.113507 4.715377
0.000000 35.123395 3.382688
0.000000 37.557197 4.884445
0.000000 36.334492 5.541428
0.000000 36.265704 6.896243
0.000000 31.557172 2.367711
0.000000 39.935969 7.884555
-15.113809 36.040639 17.435207
-23.271213 40.819679 11.490587
-15.957126 37.874482 16.284635
-17.986673 39.046241 14.875355
-19.145350 39.715203 14.098663
-21.151439 40.873420 12.652505
-14.815576 37.215407 17.078348
-22.276979 41.523250 11.856523
-17.073855 37.128133 15.954442
-17.126725 36.206375 16.217121
-18.110905 37.699932 15.249802
-20.244454 38.931021 13.764498
-21.245389 39.544308 13.058156
-22.033851 39.043661 12.836324
-19.274795 36.955303 14.856066
-19.315130 36.013124 15.035346
-20.329096 37.568160 14.228017
-21.143372 37.077831 14.093557
-10.812705 34.904348 18.505216
-10.863713 22.389462 10.360440
-12.410726 21.496294 7.638328
37.232674 21.496294 7.638328
-12.410726 21.496294 9.662040
37.232674 21.496294 9.662040
-1.549619 27.766958 2.950940
-2.614842 27.151951 1.103671
-9.607487 23.114745 9.092428
-10.704730 22.481251 7.304163
-3.496509 26.642920 4.572406
-2.751858 27.072845 4.999616
-3.556826 26.608096 3.234044
-4.634708 25.985781 2.621881
-4.694280 25.951387 1.664206
-6.760686 24.758346 2.744427
-6.822492 24.722662 1.787320
-7.700932 24.215352 3.474598
-8.434290 23.792091 3.022425
-8.712044 23.631729 5.654897
-9.444409 23.208898 5.200455
-8.712789 23.631299 7.069283
-7.608844 24.268662 7.647405
-7.550389 24.302411 8.605080
-5.407283 25.539734 7.564573
-5.349200 25.573268 8.522248
-4.460832 26.086168 6.823056
-3.720649 26.513513 7.259910
-4.498809 26.064242 5.358176
-5.587489 25.435692 4.715377
-5.596052 25.430748 3.382688
-7.703787 24.213847 4.884445
-6.644893 24.825199 5.541428
-6.585321 24.859593 6.896243
-2.507612 27.213860 2.367711
-9.763864 23.024461 7.884555
-11.244354 33.379406 17.435207
-11.304423 23.925368 11.490587
-12.410850 31.732151 16.284635
-12.410850 29.388633 14.875355
-12.410850 28.050708 14.098663
-12.410850 25.734275 12.652505
-12.410850 33.050299 17.078348
-12.410850 24.434613 11.856523
-11.206129 31.138210 15.954442
-10.381428 31.553302 16.217121
-11.182796 29.954198 15.249802
-11.182176 27.490946 13.764498
-11.212831 26.317467 13.058156
-10.385027 25.884963 12.836324
-9.955984 29.318555 14.856066
-9.119865 29.754713 15.035346
-9.959583 28.099074 14.228017
-9.127808 27.639055 14.093557
-13.577346 33.379406 17.435207
-13.517277 23.925368 11.490587
-13.615571 31.138210 15.954442
-14.440272 31.553302 16.217121
-13.638904 29.954198 15.249802
-13.639524 27.490946 13.764498
-13.608869 26.317467 13.058156
-14.436673 25.884963 12.836324
-14.865716 29.318555 14.856066
-15.701835 29.754713 15.035346
-14.862117 28.099074 14.228017
-15.693892 27.639055 14.093557
-9.707891 36.040639 17.435207
-1.550487 40.819679 11.490587
-7.747845 37.128133 15.954442
-7.694975 36.206375 16.217121
-6.710795 37.699932 15.249802
-4.577246 38.931021 13.764498
-3.576311 39.544308 13.058156
-2.787849 39.043661 12.836324
-5.546905 36.955303 14.856066
-5.506570 36.013124 15.035346
-4.492604 37.568160 14.228017
-3.678328 37.077831 14.093557
-13.947313 38.061069 17.435207
-22.164785 42.736067 11.490587
-15.869133 39.214771 15.954442
-15.097303 39.721437 16.217121
-16.882852 39.826983 15.249802
-19.015780 41.059147 13.764498
-20.047370 41.619338 13.058156
-20.008028 42.552490 12.836324
-16.819929 41.207256 14.856066
-16.024145 41.713277 15.035346
-17.877829 41.813879 14.228017
-17.860330 42.764227 14.093557
-1.536463 40.758415 20.387660
-9.753935 36.083416 26.332280
-3.458283 39.604712 21.868425
-2.686453 39.098047 21.605745
-4.472002 38.992500 22.573065
-6.604930 37.760337 24.058369
-7.636520 37.200145 24.764711
-7.597178 36.266994 24.986542
-4.409079 37.612228 22.966801
-3.613295 37.106207 22.787521
-5.466979 37.005604 23.594850
-5.449480 36.055256 23.729310
-22.118741 42.778845 20.387660
-13.961337 37.999804 26.332280
-20.158695 41.691351 21.868425
-20.105825 42.613109 21.605745
-19.121645 41.119551 22.573065
-16.988096 39.888463 24.058369
-15.987161 39.275175 24.764711
-15.198699 39.775822 24.986542
-17.957755 41.864180 22.966801
-17.917420 42.806360 22.787521
-16.903454 41.251323 23.594850
-16.089178 41.741652 23.729310
-13.577346 23.943854 20.387660
-13.517277 33.397893 26.332280
-13.615571 26.185051 21.868425
-14.440272 25.769958 21.605745
-13.638904 27.369062 22.573065
-13.639524 29.832315 24.058369
-13.608869 31.005793 24.764711
-14.436673 31.438297 24.986542
-14.865716 28.004706 22.966801
-15.701835 27.568547 22.787521
-14.862117 29.224187 23.594850
-15.693892 29.684206 23.729310
-0.000124 28.661702 35.648808
1.598145 29.584320 38.229084
-23.274563 42.099206 46.373860
-0.000124 28.661702 37.569832
-13.960469 36.721711 53.783360
-15.025692 37.336718 55.630629
-22.018337 41.373923 47.641872
-23.115580 42.007417 49.430137
-15.907359 37.845748 52.161894
-15.162708 37.415824 51.734684
-15.967676 37.880572 53.500256
-17.045558 38.502888 54.112419
-17.105130 38.537282 55.070094
-19.171536 39.730322 53.989873
-19.233342 39.766006 54.946980
-20.111782 40.273317 53.259702
-20.845140 40.696577 53.711875
-21.122894 40.856939 51.079403
-21.855259 41.279770 51.533845
-21.123639 40.857369 49.665017
-20.019694 40.220006 49.086895
-19.961239 40.186257 48.129220
-17.818133 38.948934 49.169727
-17.760050 38.915400 48.212052
-16.871682 38.402500 49.911244
-16.131499 37.975155 49.474390
-16.909659 38.424427 51.376124
-17.998339 39.052976 52.018923
-18.006902 39.057920 53.351612
-20.114637 40.274821 51.849855
-19.055743 39.663469 51.192872
-18.996171 39.629075 49.838057
-14.918462 37.274809 54.366589
-22.174714 41.464207 48.849745
1.166496 31.109262 39.299093
1.106427 40.563301 45.243713
0.000000 32.756517 40.449665
0.000000 35.100036 41.858945
0.000000 36.437961 42.635637
0.000000 38.754394 44.081795
0.000000 31.438369 39.655952
0.000000 40.054055 44.877777
1.204721 33.350458 40.779858
2.029422 32.935366 40.517179
1.228054 34.534470 41.484498
1.228674 36.997722 42.969802
1.198019 38.171201 43.676144
2.025823 38.603705 43.897976
2.454866 35.170113 41.878234
3.290985 34.733955 41.698954
2.451267 36.389594 42.506283
3.283042 36.849613 42.640743
-1.598145 29.584320 38.229084
-12.410850 23.282702 46.373860
-12.410850 34.037692 53.783360
-12.410850 32.807678 55.630629
-12.410850 24.733267 47.641872
-12.410850 23.466280 49.430137
-12.410850 31.789617 52.161894
-12.410850 32.649466 51.734684
-12.410850 31.719970 53.500256
-12.410850 30.475338 54.112419
-12.410850 30.406550 55.070094
-12.410850 28.020470 53.989873
-12.410850 27.949102 54.946980
-12.410974 26.934695 53.259702
-12.410850 26.087959 53.711875
-12.410850 25.767236 51.079403
-12.410850 24.921574 51.533845
-12.410850 25.766376 49.665017
-12.410850 27.041102 49.086895
-12.410850 27.108600 48.129220
-12.410850 29.583245 49.169727
-12.410850 29.650313 48.212052
-12.410850 30.676113 49.911244
-12.410850 31.530803 49.474390
-12.410850 30.632261 51.376124
-12.410850 29.375162 52.018923
-12.410850 29.365273 53.351612
-12.410850 26.931471 51.849855
-12.410850 28.154176 51.192872
-12.410850 28.222964 49.838057
-12.410850 32.931497 54.366589
-12.410850 24.552699 48.849745
-2.702959 28.448030 39.299093
-10.860363 23.668989 45.243713
-3.546276 26.614187 40.449665
-5.575823 25.442428 41.858945
-6.734500 24.773465 42.635637
-8.740589 23.615249 44.081795
-2.404726 27.273261 39.655952
-9.866129 22.965418 44.877777
-4.663005 27.360536 40.779858
-4.715875 28.282294 40.517179
-5.700055 26.788736 41.484498
-7.833604 25.557647 42.969802
-8.834539 24.944360 43.676144
-9.623001 25.445007 43.897976
-6.863945 27.533365 41.878234
-6.904280 28.475545 41.698954
-7.918246 26.920508 42.506283
-8.732522 27.410837 42.640743
0.000000 26.816251 38.229084
-1.547137 42.099206 46.373860
24.821576 -0.000072 49.095972
-0.000124 42.992374 49.095972
24.821576 -0.000072 47.072260
-0.000124 42.992374 47.072260
-10.861231 36.721711 53.783360
-9.796008 37.336718 55.630629
-2.803363 41.373923 47.641872
-1.706120 42.007417 49.430137
-8.914341 37.845748 52.161894
-9.658992 37.415824 51.734684
-8.854024 37.880572 53.500256
-7.776142 38.502888 54.112419
-7.716570 38.537282 55.070094
-5.650164 39.730322 53.989873
-5.588358 39.766006 54.946980
-4.709793 40.273102 53.259702
-3.976560 40.696577 53.711875
-3.698806 40.856939 51.079403
-2.966441 41.279770 51.533845
-3.698061 40.857369 49.665017
-4.802006 40.220006 49.086895
-4.860461 40.186257 48.129220
-7.003567 38.948934 49.169727
-7.061650 38.915400 48.212052
-7.950018 38.402500 49.911244
-8.690201 37.975155 49.474390
-7.912041 38.424427 51.376124
-6.823361 39.052976 52.018923
-6.814798 39.057920 53.351612
-4.707063 40.274821 51.849855
-5.765957 39.663469 51.192872
-5.825529 39.629075 49.838057
-9.903238 37.274809 54.366589
-2.646986 41.464207 48.849745
1.536463 26.427600 39.299093
9.753935 21.752601 45.243713
3.546276 26.614187 40.449665
5.575823 25.442428 41.858945
6.734500 24.773465 42.635637
8.740589 23.615249 44.081795
2.404726 27.273261 39.655952
9.866129 22.965418 44.877777
3.458283 25.273897 40.779858
2.686453 24.767231 40.517179
4.472002 24.661685 41.484498
6.604930 23.429521 42.969802
7.636520 22.869330 43.676144
7.597178 21.936179 43.897976
4.409079 23.281412 41.878234
3.613295 22.775391 41.698954
5.466979 22.674789 42.506283
5.449480 21.724441 42.640743
-12.410850 23.341602 37.416649
-1.547137 29.554870 29.271873
-0.000124 28.661702 26.549761
-0.000124 28.661702 28.573474
-10.861231 34.932365 21.862373
-9.796008 34.317358 20.015105
-2.803363 30.280153 28.003861
-1.706120 29.646659 26.215596
-8.914341 33.808328 23.483840
-9.658992 34.238252 23.911049
-8.854024 33.773504 22.145478
-7.776142 33.151188 21.533314
-7.716570 33.116794 20.575639
-5.650164 31.923754 21.655861
-5.588358 31.888070 20.698753
-4.709793 31.380974 22.386031
-3.976560 30.957499 21.933859
-3.698806 30.797137 24.566330
-2.966441 30.374306 24.111888
-3.698061 30.796707 25.980716
-4.802006 31.434070 26.558839
-4.860461 31.467819 27.516514
-7.003567 32.705142 26.476007
-7.061650 32.738676 27.433682
-7.950018 33.251575 25.734489
-8.690201 33.678920 26.171343
-7.912041 33.229649 24.269610
-6.823361 32.601100 23.626810
-6.814798 32.596156 22.294121
-4.707063 31.379254 23.795878
-5.765957 31.990607 24.452862
-5.825529 32.025001 25.807677
-9.903238 34.379267 21.279145
-2.646986 30.189868 26.795988
-10.874387 23.730254 36.346640
-2.656915 28.405252 30.402020
-8.864574 23.543666 35.196069
-6.835027 24.715425 33.786789
-5.676350 25.384388 33.010096
-3.670261 26.542604 31.563939
-10.006124 22.884592 35.989781
-2.544721 27.192435 30.767956
-8.952567 24.883956 34.865875
-9.724397 25.390622 35.128555
-7.938848 25.496168 34.161235
-5.805920 26.728332 32.675931
-4.774330 27.288523 31.969589
-4.813672 28.221674 31.747758
-8.001771 26.876441 33.767499
-8.797555 27.382462 33.946779
-6.943871 27.483064 33.139450
-6.961370 28.433412 33.004990
-1.598145 42.069756 37.416649
0.000000 26.875151 29.271873
-12.410850 37.616384 21.862373
-12.410850 38.846397 20.015105
0.000000 25.424586 28.003861
0.000000 26.691573 26.215596
-12.410850 39.864459 23.483840
-12.410850 39.004610 23.911049
-12.410850 39.934106 22.145478
-12.410850 41.178738 21.533314
-12.410850 41.247525 20.575639
0.000000 22.137383 21.655861
0.000000 22.208751 20.698753
-0.000124 23.223158 22.386031
0.000000 24.069894 21.933859
0.000000 24.390618 24.566330
0.000000 25.236279 24.111888
0.000000 24.391477 25.980716
0.000000 23.116751 26.558839
0.000000 23.049253 27.516514
-12.410850 42.070831 26.476007
-12.410850 42.003763 27.433682
-12.410850 40.977963 25.734489
-12.410850 40.123273 26.171343
-12.410850 41.021815 24.269610
-12.410850 42.278914 23.626810
-12.410850 42.288803 22.294121
0.000000 23.226382 23.795878
0.000000 22.003677 24.452862
0.000000 21.934889 25.807677
-12.410850 38.722579 21.279145
0.000000 25.605154 26.795988
9.707891 21.709824 36.346640
1.550487 26.488864 30.402020
8.864574 23.543666 35.196069
6.835027 24.715425 33.786789
5.676350 25.384388 33.010096
3.670261 26.542604 31.563939
10.006124 22.884592 35.989781
2.544721 27.192435 30.767956
7.747845 22.797317 34.865875
7.694975 21.875559 35.128555
6.710795 23.369117 34.161235
4.577246 24.600206 32.675931
3.576311 25.213493 31.969589
2.787849 24.712846 31.747758
5.546905 22.624488 33.767499
5.506570 21.682308 33.946779
4.492604 23.237345 33.139450
3.678328 22.747016 33.004990
24.821576 -0.000072 39.996925
-0.000124 42.992374 39.996925
-23.223555 42.069756 37.416649
1.547137 29.554870 29.271873
24.821576 -0.000072 38.075902
-0.000124 42.992374 38.075902
-13.960469 34.932365 21.862373
-15.025692 34.317358 20.015105
2.803363 30.280153 28.003861
1.706120 29.646659 26.215596
-15.907359 33.808328 23.483840
-15.162708 34.238252 23.911049
-15.967676 33.773504 22.145478
-17.045558 33.151188 21.533314
-17.105130 33.116794 20.575639
5.650164 31.923754 21.655861
5.588358 31.888070 20.698753
4.709918 31.380759 22.386031
3.976560 30.957499 21.933859
3.698806 30.797137 24.566330
2.966441 30.374306 24.111888
3.698061 30.796707 25.980716
4.802006 31.434070 26.558839
4.860461 31.467819 27.516514
-17.818133 32.705142 26.476007
-17.760050 32.738676 27.433682
-16.871682 33.251575 25.734489
-16.131499 33.678920 26.171343
-16.909659 33.229649 24.269610
-17.998339 32.601100 23.626810
-18.006902 32.596156 22.294121
4.707063 31.379254 23.795878
5.765957 31.990607 24.452862
5.825529 32.025001 25.807677
-14.918462 34.379267 21.279145
2.646986 30.189868 26.795988
1.166496 40.544814 36.346640
1.106427 31.090775 30.402020
0.000000 38.897558 35.196069
0.000000 36.554040 33.786789
0.000000 35.216115 33.010096
0.000000 32.899682 31.563939
0.000000 40.215707 35.989781
0.000000 31.600021 30.767956
1.204721 38.303618 34.865875
2.029422 38.718710 35.128555
1.228054 37.119606 34.161235
1.228674 34.656354 32.675931
1.198019 33.482875 31.969589
2.025823 33.050371 31.747758
2.454866 36.483963 33.767499
3.290985 36.920121 33.946779
2.451267 35.264482 33.139450
3.283042 34.804463 33.004990
-1.166496 40.544814 36.346640
-1.106427 31.090775 30.402020
-1.204721 38.303618 34.865875
-2.029422 38.718710 35.128555
-1.228054 37.119606 34.161235
-1.228674 34.656354 32.675931
-1.198019 33.482875 31.969589
-2.025823 33.050371 31.747758
-2.454866 36.483963 33.767499
-3.290985 36.920121 33.946779
-2.451267 35.264482 33.139450
-3.283042 34.804463 33.004990
-9.707891 21.709824 36.346640
-1.550487 26.488864 30.402020
-7.747845 22.797317 34.865875
-7.694975 21.875559 35.128555
-6.710795 23.369117 34.161235
-4.577246 24.600206 32.675931
-3.576311 25.213493 31.969589
-2.787849 24.712846 31.747758
-5.546905 22.624488 33.767499
-5.506570 21.682308 33.946779
-4.492604 23.237345 33.139450
-3.678328 22.747016 33.004990
10.874387 23.730254 36.346640
2.656915 28.405252 30.402020
8.952567 24.883956 34.865875
9.724397 25.390622 35.128555
7.938848 25.496168 34.161235
5.805920 26.728332 32.675931
4.774330 27.288523 31.969589
4.813672 28.221674 31.747758
8.001771 26.876441 33.767499
8.797555 27.382462 33.946779
6.943871 27.483064 33.139450
6.961370 28.433412 33.004990
-1.536463 26.427600 39.299093
-9.753935 21.752601 45.243713
-3.458283 25.273897 40.779858
-2.686453 24.767231 40.517179
-4.472002 24.661685 41.484498
-6.604930 23.429521 42.969802
-7.636520 22.869330 43.676144
-7.597178 21.936179 43.897976
-4.409079 23.281412 41.878234
-3.613295 22.775391 41.698954
-5.466979 22.674789 42.506283
-5.449480 21.724441 42.640743
2.702959 28.448030 39.299093
10.860363 23.668989 45.243713
4.663005 27.360536 40.779858
4.715875 28.282294 40.517179
5.700055 26.788736 41.484498
7.833604 25.557647 42.969802
8.834539 24.944360 43.676144
9.623001 25.445007 43.897976
6.863945 27.533365 41.878234
6.904280 28.475545 41.698954
7.918246 26.920508 42.506283
8.732522 27.410837 42.640743
-1.166496 31.109262 39.299093
-1.106427 40.563301 45.243713
-1.204721 33.350458 40.779858
-2.029422 32.935366 40.517179
-1.228054 34.534470 41.484498
-1.228674 36.997722 42.969802
-1.198019 38.171201 43.676144
-2.025823 38.603705 43.897976
-2.454866 35.170113 41.878234
-3.290985 34.733955 41.698954
-2.451267 36.389594 42.506283
-3.283042 36.849613 42.640743
-12.410974 35.827110 111.294542
-10.812705 36.749727 57.140518
1.547137 27.768391 65.285294
0.000124 28.661559 68.007405
-12.410974 35.827110 113.215565
0.000124 28.661559 65.983693
10.861231 22.390896 72.694793
9.796008 23.005902 74.542062
2.803363 27.043108 66.553305
1.706120 27.676602 68.341570
8.914341 23.514933 71.073327
9.658992 23.085009 70.646118
8.854024 23.549757 72.411689
7.776142 24.172073 73.023852
7.716570 24.206467 73.981527
5.650164 25.399507 72.901306
5.588358 25.435191 73.858414
4.709918 25.942501 72.171136
3.976560 26.365762 72.623308
3.698806 26.526124 69.990837
2.966441 26.948955 70.445278
3.698061 26.526554 68.576450
4.802006 25.889191 67.998328
4.860461 25.855442 67.040653
7.003567 24.618119 68.081160
7.061650 24.584585 67.123485
7.950018 24.071685 68.822677
8.690201 23.644340 68.385823
7.912041 24.093611 70.287557
6.823361 24.722161 70.930357
6.814798 24.727105 72.263045
4.707063 25.944006 70.761288
5.765957 25.332654 70.104305
5.825529 25.298260 68.749490
9.903238 22.943993 73.278022
2.646986 27.133392 67.761179
-11.244354 38.274670 58.210526
1.106427 26.232486 64.155146
-12.410850 39.921925 59.361098
-12.410850 42.265443 60.770378
0.000000 22.107145 61.547071
0.000000 24.423578 62.993228
-12.410850 38.603777 58.567385
0.000000 25.723240 63.789210
-11.206129 40.515866 59.691292
-10.381428 40.100774 59.428612
-11.182796 41.699878 60.395932
1.228674 22.666907 61.881236
1.198019 23.840386 62.587578
2.025823 24.272890 62.809409
-9.955984 42.335521 60.789668
-9.119865 41.899363 60.610387
2.451267 22.058779 61.417716
3.283042 22.518798 61.552177
-14.008995 36.749727 57.140518
0.000000 30.448110 65.285294
0.000000 41.203100 72.694793
0.000000 39.973086 74.542062
0.000000 31.898675 66.553305
0.000000 30.631688 68.341570
0.000000 38.955025 71.073327
0.000000 39.814874 70.646118
0.000000 38.885377 72.411689
0.000000 37.640746 73.023852
0.000000 37.571958 73.981527
0.000000 35.185877 72.901306
0.000000 35.114510 73.858414
-0.000124 34.100103 72.171136
0.000000 33.253367 72.623308
0.000000 32.932643 69.990837
0.000000 32.086982 70.445278
0.000000 32.931783 68.576450
0.000000 34.206509 67.998328
0.000000 34.274008 67.040653
0.000000 36.748653 68.081160
0.000000 36.815721 67.123485
0.000000 37.841521 68.822677
0.000000 38.696210 68.385823
0.000000 37.797668 70.287557
0.000000 36.540569 70.930357
0.000000 36.530681 72.263045
0.000000 34.096879 70.761288
0.000000 35.319584 70.104305
0.000000 35.388372 68.749490
0.000000 40.096904 73.278022
0.000000 31.718107 67.761179
-15.113809 35.613437 58.210526
1.550487 30.834397 64.155146
-15.957126 33.779594 59.361098
-17.986673 32.607835 60.770378
5.676350 31.938873 61.547071
3.670261 30.780656 62.993228
-14.815576 34.438669 58.567385
2.544721 30.130826 63.789210
-17.073855 34.525943 59.691292
-17.126725 35.447701 59.428612
-18.110905 33.954144 60.395932
4.577246 32.723055 61.881236
3.576311 32.109768 62.587578
2.787849 32.610415 62.809409
-19.274795 34.698773 60.789668
-19.315130 35.640952 60.610387
4.492604 34.085916 61.417716
3.678328 34.576244 61.552177
-12.410850 33.981659 57.140518
-1.547137 27.768391 65.285294
-10.861231 22.390896 72.694793
-9.796008 23.005902 74.542062
-2.803363 27.043108 66.553305
-1.706120 27.676602 68.341570
-8.914341 23.514933 71.073327
-9.658992 23.085009 70.646118
-8.854024 23.549757 72.411689
-7.776142 24.172073 73.023852
-7.716570 24.206467 73.981527
-5.650164 25.399507 72.901306
-5.588358 25.435191 73.858414
-4.709793 25.942287 72.171136
-3.976560 26.365762 72.623308
-3.698806 26.526124 69.990837
-2.966441 26.948955 70.445278
-3.698061 26.526554 68.576450
-4.802006 25.889191 67.998328
-4.860461 25.855442 67.040653
-7.003567 24.618119 68.081160
-7.061650 24.584585 67.123485
-7.950018 24.071685 68.822677
-8.690201 23.644340 68.385823
-7.912041 24.093611 70.287557
-6.823361 24.722161 70.930357
-6.814798 24.727105 72.263045
-4.707063 25.944006 70.761288
-5.765957 25.332654 70.104305
-5.825529 25.298260 68.749490
-9.903238 22.943993 73.278022
-2.646986 27.133392 67.761179
-10.874387 33.593007 58.210526
-2.656915 28.918009 64.155146
-8.864574 33.779594 59.361098
-6.835027 32.607835 60.770378
-5.676350 31.938873 61.547071
-3.670261 30.780656 62.993228
-10.006124 34.438669 58.567385
-2.544721 30.130826 63.789210
-8.952567 32.439305 59.691292
-9.724397 31.932639 59.428612
-7.938848 31.827092 60.395932
-5.805920 30.594929 61.881236
-4.774330 30.034737 62.587578
-4.813672 29.101586 62.809409
-8.001771 30.446820 60.789668
-8.797555 29.940799 60.610387
-6.943871 29.840197 61.417716
-6.961370 28.889849 61.552177
0.000124 28.661559 58.908358
0.000000 30.507009 113.062382
-13.957987 36.720278 104.917606
-12.410974 35.827110 102.195495
0.000124 28.661559 56.987335
-12.410974 35.827110 104.219207
-23.272081 42.097773 97.508107
-22.206858 41.482766 95.660838
-15.214213 37.445560 103.649595
-14.116970 36.812067 101.861330
-21.325191 40.973735 99.129573
-22.069842 41.403660 99.556782
-21.264874 40.938911 97.791211
-20.186992 40.316596 97.179048
-20.127420 40.282202 96.221373
-18.061014 39.089161 97.301594
-17.999208 39.053478 96.344486
-17.120643 38.546382 98.031764
-16.387410 38.122906 97.579592
-16.109656 37.962544 100.212063
-15.377291 37.539714 99.757622
-16.108911 37.962114 101.626450
-17.212856 38.599477 102.204572
-17.271311 38.633227 103.162247
-19.414417 39.870549 102.121740
-19.472500 39.904083 103.079415
-20.360868 40.416983 101.380223
-21.101051 40.844328 101.817077
-20.322891 40.395057 99.915343
-19.234211 39.766507 99.272543
-19.225648 39.761563 97.939855
-17.117913 38.544662 99.441612
-18.176807 39.156015 100.098595
-18.236379 39.190409 101.453410
-22.314088 41.544675 96.924878
-15.057836 37.355276 102.441721
1.536463 30.895661 111.992374
-15.067765 35.570660 106.047754
3.546276 30.709074 110.841802
5.575823 31.880833 109.432522
-18.087200 32.549795 108.655829
-16.081111 33.708012 107.209672
2.404726 30.050000 111.635515
-14.955571 34.357843 106.413690
3.458283 32.049363 110.511608
2.686453 32.556029 110.774288
4.472002 32.661576 109.806968
-18.216770 33.893739 108.321664
-17.185180 34.453931 107.615322
-17.224522 35.387082 107.393491
4.409079 34.041848 109.413232
3.613295 34.547869 109.592513
-19.354721 34.648472 108.785184
-19.372220 35.598820 108.650723
-1.598145 27.738941 113.062382
-12.410850 34.040559 104.917606
-12.410850 23.285568 97.508107
-12.410850 24.515582 95.660838
-12.410850 32.589993 103.649595
-12.410850 33.856981 101.861330
-12.410850 25.533643 99.129573
-12.410850 24.673794 99.556782
-12.410850 25.603291 97.791211
-12.410850 26.847922 97.179048
-12.410850 26.916710 96.221373
-12.410850 29.302791 97.301594
-12.410850 29.374158 96.344486
-12.410974 30.388565 98.031764
-12.410850 31.235301 97.579592
-12.410850 31.556025 100.212063
-12.410850 32.401686 99.757622
-12.410850 31.556885 101.626450
-12.410850 30.282159 102.204572
-12.410850 30.214661 103.162247
-12.410850 27.740016 102.121740
-12.410850 27.672947 103.079415
-12.410850 26.647148 101.380223
-12.410850 25.792458 101.817077
-12.410850 26.691000 99.915343
-12.410850 27.948099 99.272543
-12.410850 27.957987 97.939855
-12.410850 30.391790 99.441612
-12.410850 29.169085 100.098595
-12.410850 29.100297 101.453410
-12.410850 24.391764 96.924878
-12.410850 32.770562 102.441721
-2.702959 28.875231 111.992374
-10.860363 33.654271 106.047754
-3.546276 30.709074 110.841802
-5.575823 31.880833 109.432522
-6.734500 32.549795 108.655829
-8.740589 33.708012 107.209672
-2.404726 30.050000 111.635515
-9.866129 34.357843 106.413690
-4.663005 29.962725 110.511608
-4.715875 29.040967 110.774288
-5.700055 30.534525 109.806968
-7.833604 31.765613 108.321664
-8.834539 32.378901 107.615322
-9.623001 31.878253 107.393491
-6.863945 29.789895 109.413232
-6.904280 28.847716 109.592513
-7.918246 30.402753 108.785184
-8.732522 29.912424 108.650723
1.598145 27.738941 113.062382
-10.863713 36.720278 104.917606
-1.549619 42.097773 97.508107
-2.614842 41.482766 95.660838
-9.607487 37.445560 103.649595
-10.704730 36.812067 101.861330
-3.496509 40.973735 99.129573
-2.751858 41.403660 99.556782
-3.556826 40.938911 97.791211
-4.634708 40.316596 97.179048
-4.694280 40.282202 96.221373
-6.760686 39.089161 97.301594
-6.822492 39.053478 96.344486
-7.700932 38.546167 98.031764
-8.434290 38.122906 97.579592
-8.712044 37.962544 100.212063
-9.444409 37.539714 99.757622
-8.712789 37.962114 101.626450
-7.608844 38.599477 102.204572
-7.550389 38.633227 103.162247
-5.407283 39.870549 102.121740
-5.349200 39.904083 103.079415
-4.460832 40.416983 101.380223
-3.720649 40.844328 101.817077
-4.498809 40.395057 99.915343
-5.587489 39.766507 99.272543
-5.596052 39.761563 97.939855
-7.703787 38.544662 99.441612
-6.644893 39.156015 100.098595
-6.585321 39.190409 101.453410
-2.507612 41.544675 96.924878
-9.763864 37.355276 102.441721
1.166496 26.213999 111.992374
-11.304423 38.256183 106.047754
0.000000 24.566743 110.841802
0.000000 22.223225 109.432522
-12.410850 42.381523 108.655829
-12.410850 40.065090 107.209672
0.000000 25.884892 111.635515
-12.410850 38.765428 106.413690
1.204721 23.972803 110.511608
2.029422 24.387895 110.774288
1.228054 22.788791 109.806968
-11.182176 41.821761 108.321664
-11.212831 40.648282 107.615322
-10.385027 40.215778 107.393491
2.454866 22.153147 109.413232
3.290985 22.589306 109.592513
-9.959583 42.429889 108.785184
-9.127808 41.969870 108.650723
-1.166496 26.213999 111.992374
-13.517277 38.256183 106.047754
-1.204721 23.972803 110.511608
-2.029422 24.387895 110.774288
-1.228054 22.788791 109.806968
-13.639524 41.821761 108.321664
-13.608869 40.648282 107.615322
-14.436673 40.215778 107.393491
-2.454866 22.153147 109.413232
-3.290985 22.589306 109.592513
-14.862117 42.429889 108.785184
-15.693892 41.969870 108.650723
2.702959 28.875231 111.992374
-13.961337 33.654271 106.047754
4.663005 29.962725 110.511608
4.715875 29.040967 110.774288
5.700055 30.534525 109.806968
-16.988096 31.765613 108.321664
-15.987161 32.378901 107.615322
-15.198699 31.878253 107.393491
6.863945 29.789895 109.413232
6.904280 28.847716 109.592513
-16.903454 30.402753 108.785184
-16.089178 29.912424 108.650723
-1.536463 30.895661 111.992374
-9.753935 35.570660 106.047754
-3.458283 32.049363 110.511608
-2.686453 32.556029 110.774288
-4.472002 32.661576 109.806968
-6.604930 33.893739 108.321664
-7.636520 34.453931 107.615322
-7.597178 35.387082 107.393491
-4.409079 34.041848 109.413232
-3.613295 34.547869 109.592513
-5.466979 34.648472 108.785184
-5.449480 35.598820 108.650723
-13.947313 33.593007 58.210526
2.656915 28.918009 64.155146
-15.869133 32.439305 59.691292
-15.097303 31.932639 59.428612
-16.882852 31.827092 60.395932
5.805920 30.594929 61.881236
4.774330 30.034737 62.587578
4.813672 29.101586 62.809409
-16.819929 30.446820 60.789668
-16.024145 29.940799 60.610387
6.943871 29.840197 61.417716
6.961370 28.889849 61.552177
-9.707891 35.613437 58.210526
-1.550487 30.834397 64.155146
-7.747845 34.525943 59.691292
-7.694975 35.447701 59.428612
-6.710795 33.954144 60.395932
-4.577246 32.723055 61.881236
-3.576311 32.109768 62.587578
-2.787849 32.610415 62.809409
-5.546905 34.698773 60.789668
-5.506570 35.640952 60.610387
-4.492604 34.085916 61.417716
-3.678328 34.576244 61.552177
-13.577346 38.274670 58.210526
-1.106427 26.232486 64.155146
-13.615571 40.515866 59.691292
-14.440272 40.100774 59.428612
-13.638904 41.699878 60.395932
-1.228674 22.666907 61.881236
-1.198019 23.840386 62.587578
-2.025823 24.272890 62.809409
-14.865716 42.335521 60.789668
-15.701835 41.899363 60.610387
-2.451267 22.058779 61.417716
-3.283042 22.518798 61.552177
-10.812705 22.418912 76.051951
-10.863713 34.933798 84.196727
-12.410726 35.826966 86.918839
-12.410726 35.826966 84.895126
-1.549619 29.556303 91.606227
-2.614842 30.171310 93.453495
-9.607487 34.208516 85.464739
-10.704730 34.842009 87.253004
-3.496509 30.680341 89.984760
-2.751858 30.250416 89.557551
-3.556826 30.715165 91.323122
-4.634708 31.337480 91.935286
-4.694280 31.371874 92.892961
-6.760686 32.564914 91.812739
-6.822492 32.600598 92.769847
-7.700932 33.107909 91.082569
-8.434290 33.531170 91.534741
-8.712044 33.691532 88.902270
-9.444409 34.114362 89.356712
-8.712789 33.691961 87.487884
-7.608844 33.054598 86.909761
-7.550389 33.020849 85.952086
-5.407283 31.783527 86.992593
-5.349200 31.749993 86.034918
-4.460832 31.237093 87.734111
-3.720649 30.809748 87.297257
-4.498809 31.259019 89.198990
-5.587489 31.887569 89.841790
-5.596052 31.892513 91.174479
-7.703787 33.109414 89.672722
-6.644893 32.498061 89.015738
-6.585321 32.463667 87.660923
-2.507612 30.109401 92.189455
-9.763864 34.298800 86.672612
-11.244354 23.943854 77.121960
-11.304423 33.397893 83.066580
-12.410850 25.591110 78.272531
-12.410850 27.934628 79.681811
-12.410850 29.272553 80.458504
-12.410850 31.588986 81.904661
-12.410850 24.272962 77.478819
-12.410850 32.888648 82.700644
-11.206129 26.185051 78.602725
-10.381428 25.769958 78.340045
-11.182796 27.369062 79.307365
-11.182176 29.832315 80.792669
-11.212831 31.005793 81.499011
-10.385027 31.438297 81.720842
-9.955984 28.004706 79.701101
-9.119865 27.568547 79.521821
-9.959583 29.224187 80.329150
-9.127808 29.684206 80.463610
10.812705 22.418912 76.051951
-12.410850 37.613517 84.196727
0.000000 26.872285 91.606227
0.000000 25.642271 93.453495
-12.410850 39.064082 85.464739
-12.410850 37.797095 87.253004
0.000000 24.624210 89.984760
0.000000 25.484059 89.557551
0.000000 24.554562 91.323122
0.000000 23.309931 91.935286
0.000000 23.241143 92.892961
-12.410850 42.351285 91.812739
-12.410850 42.279917 92.769847
-12.410974 41.265511 91.082569
-12.410850 40.418774 91.534741
-12.410850 40.098051 88.902270
-12.410850 39.252389 89.356712
-12.410850 40.097191 87.487884
-12.410850 41.371917 86.909761
-12.410850 41.439415 85.952086
0.000000 22.417837 86.992593
0.000000 22.484906 86.034918
0.000000 23.510705 87.734111
0.000000 24.365395 87.297257
0.000000 23.466853 89.198990
0.000000 22.209754 89.841790
0.000000 22.199866 91.174479
-12.410850 41.262286 89.672722
-12.410850 42.484991 89.015738
-12.410850 42.553779 87.660923
0.000000 25.766089 92.189455
-12.410850 38.883514 86.672612
-2.702959 42.778845 77.121960
-10.860363 37.999804 83.066580
-3.546276 40.945002 78.272531
-5.575823 39.773243 79.681811
-6.734500 39.104280 80.458504
-8.740589 37.946064 81.904661
-2.404726 41.604076 77.478819
-9.866129 37.296233 82.700644
-4.663005 41.691351 78.602725
-4.715875 42.613109 78.340045
-5.700055 41.119551 79.307365
-7.833604 39.888463 80.792669
-8.834539 39.275175 81.499011
-9.623001 39.775822 81.720842
-6.863945 41.864180 79.701101
-6.904280 42.806360 79.521821
-7.918246 41.251323 80.329150
-8.732522 41.741652 80.463610
-12.410726 21.496294 73.471675
37.232674 21.496294 73.471675
0.000000 41.147066 76.051951
-13.957987 34.933798 84.196727
-12.410726 21.496294 75.392698
37.232674 21.496294 75.392698
1.549619 29.556303 91.606227
2.614842 30.171310 93.453495
-15.214213 34.208516 85.464739
-14.116970 34.842009 87.253004
3.496509 30.680341 89.984760
2.751858 30.250416 89.557551
3.556826 30.715165 91.323122
4.634708 31.337480 91.935286
4.694280 31.371874 92.892961
-18.061014 32.564914 91.812739
-17.999208 32.600598 92.769847
-17.120643 33.107694 91.082569
-16.387410 33.531170 91.534741
-16.109656 33.691532 88.902270
-15.377291 34.114362 89.356712
-16.108911 33.691961 87.487884
-17.212856 33.054598 86.909761
-17.271311 33.020849 85.952086
5.407283 31.783527 86.992593
5.349200 31.749993 86.034918
4.460832 31.237093 87.734111
3.720649 30.809748 87.297257
4.498809 31.259019 89.198990
5.587489 31.887569 89.841790
5.596052 31.892513 91.174479
-17.117913 33.109414 89.672722
-18.176807 32.498061 89.015738
-18.236379 32.463667 87.660923
2.507612 30.109401 92.189455
-15.057836 34.298800 86.672612
-23.285237 40.758415 77.121960
-15.067765 36.083416 83.066580
-21.275424 40.945002 78.272531
-19.245877 39.773243 79.681811
-18.087200 39.104280 80.458504
-16.081111 37.946064 81.904661
-22.416974 41.604076 77.478819
-14.955571 37.296233 82.700644
-21.363417 39.604712 78.602725
-22.135247 39.098047 78.340045
-20.349698 38.992500 79.307365
-18.216770 37.760337 80.792669
-17.185180 37.200145 81.499011
-17.224522 36.266994 81.720842
-20.412621 37.612228 79.701101
-21.208405 37.106207 79.521821
-19.354721 37.005604 80.329150
-19.372220 36.055256 80.463610
-12.410726 35.826966 77.819792
-12.410850 37.672417 75.239516
10.863713 22.389462 67.094740
-12.410726 35.826966 75.898768
1.549619 27.766958 59.685240
2.614842 27.151951 57.837971
9.607487 23.114745 65.826728
10.704730 22.481251 64.038463
3.496509 26.642920 61.306706
2.751858 27.072845 61.733916
3.556826 26.608096 59.968344
4.634708 25.985781 59.356181
4.694280 25.951387 58.398506
6.760686 24.758346 59.478727
6.822492 24.722662 58.521620
7.701057 24.215567 60.208898
8.434290 23.792091 59.756725
8.712044 23.631729 62.389197
9.444409 23.208898 61.934755
8.712789 23.631299 63.803583
7.608844 24.268662 64.381705
7.550389 24.302411 65.339380
5.407283 25.539734 64.298873
5.349200 25.573268 65.256548
4.460832 26.086168 63.557356
3.720649 26.513513 63.994210
4.498809 26.064242 62.092476
5.587489 25.435692 61.449677
5.596052 25.430748 60.116988
7.703787 24.213847 61.618745
6.644893 24.825199 62.275728
6.585321 24.859593 63.630543
2.507612 27.213860 59.102011
9.763864 23.024461 64.618855
-10.874387 38.061069 74.169507
-2.656915 42.736067 68.224887
-8.864574 37.874482 73.018935
-6.835027 39.046241 71.609655
-5.676350 39.715203 70.832963
-3.670261 40.873420 69.386805
-10.006124 37.215407 73.812648
-2.544721 41.523250 68.590823
-8.952567 39.214771 72.688742
-9.724397 39.721437 72.951421
-7.938848 39.826983 71.984102
-5.805920 41.059147 70.498798
-4.774330 41.619338 69.792456
-4.813672 42.552490 69.570624
-8.001771 41.207256 71.590366
-8.797555 41.713277 71.769646
-6.943871 41.813879 70.962317
-6.961370 42.764227 70.827857
-14.008995 34.904348 75.239516
0.000000 41.205966 67.094740
0.000000 30.450976 59.685240
0.000000 31.680990 57.837971
0.000000 39.755401 65.826728
0.000000 41.022388 64.038463
0.000000 32.699051 61.306706
0.000000 31.839202 61.733916
0.000000 32.768699 59.968344
0.000000 34.013330 59.356181
0.000000 34.082118 58.398506
0.000000 36.468199 59.478727
0.000000 36.539566 58.521620
-0.000124 37.553973 60.208898
0.000000 38.400709 59.756725
0.000000 38.721433 62.389197
0.000000 39.567094 61.934755
0.000000 38.722293 63.803583
0.000000 37.447567 64.381705
0.000000 37.380068 65.339380
0.000000 34.905423 64.298873
0.000000 34.838355 65.256548
0.000000 33.812555 63.557356
0.000000 32.957865 63.994210
0.000000 33.856408 62.092476
0.000000 35.113507 61.449677
0.000000 35.123395 60.116988
0.000000 37.557197 61.618745
0.000000 36.334492 62.275728
0.000000 36.265704 63.630543
0.000000 31.557172 59.102011
0.000000 39.935969 64.618855
-15.113809 36.040639 74.169507
-23.271213 40.819679 68.224887
-15.957126 37.874482 73.018935
-17.986673 39.046241 71.609655
-19.145350 39.715203 70.832963
-21.151439 40.873420 69.386805
-14.815576 37.215407 73.812648
-22.276979 41.523250 68.590823
-17.073855 37.128133 72.688742
-17.126725 36.206375 72.951421
-18.110905 37.699932 71.984102
-20.244454 38.931021 70.498798
-21.245389 39.544308 69.792456
-22.033851 39.043661 69.570624
-19.274795 36.955303 71.590366
-19.315130 36.013124 71.769646
-20.329096 37.568160 70.962317
-21.143372 37.077831 70.827857
-10.812705 34.904348 75.239516
-10.863713 22.389462 67.094740
-12.410726 21.496294 64.372628
37.232674 21.496294 64.372628
-12.410726 21.496294 66.396340
37.232674 21.496294 66.396340
-1.549619 27.766958 59.685240
-2.614842 27.151951 57.837971
-9.607487 23.114745 65.826728
-10.704730 22.481251 64.038463
-3.496509 26.642920 61.306706
-2.751858 27.072845 61.733916
-3.556826 26.608096 59.968344
-4.634708 25.985781 59.356181
-4.694280 25.951387 58.398506
-6.760686 24.758346 59.478727
-6.822492 24.722662 58.521620
-7.700932 24.215352 60.208898
-8.434290 23.792091 59.756725
-8.712044 23.631729 62.389197
-9.444409 23.208898 61.934755
-8.712789 23.631299 63.803583
-7.608844 24.268662 64.381705
-7.550389 24.302411 65.339380
-5.407283 25.539734 64.298873
-5.349200 25.573268 65.256548
-4.460832 26.086168 63.557356
-3.720649 26.513513 63.994210
-4.498809 26.064242 62.092476
-5.587489 25.435692 61.449677
-5.596052 25.430748 60.116988
-7.703787 24.213847 61.618745
-6.644893 24.825199 62.275728
-6.585321 24.859593 63.630543
-2.507612 27.213860 59.102011
-9.763864 23.024461 64.618855
-11.244354 33.379406 74.169507
-11.304423 23.925368 68.224887
-12.410850 31.732151 73.018935
-12.410850 29.388633 71.609655
-12.410850 28.050708 70.832963
-12.410850 25.734275 69.386805
-12.410850 33.050299 73.812648
-12.410850 24.434613 68.590823
-11.206129 31.138210 72.688742
-10.381428 31.553302 72.951421
-11.182796 29.954198 71.984102
-11.182176 27.490946 70.498798
-11.212831 26.317467 69.792456
-10.385027 25.884963 69.570624
-9.955984 29.318555 71.590366
-9.119865 29.754713 71.769646
-9.959583 28.099074 70.962317
-9.127808 27.639055 70.827857
-13.577346 33.379406 74.169507
-13.517277 23.925368 68.224887
-13.615571 31.138210 72.688742
-14.440272 31.553302 72.951421
-13.638904 29.954198 71.984102
-13.639524 27.490946 70.498798
-13.608869 26.317467 69.792456
-14.436673 25.884963 69.570624
-14.865716 29.318555 71.590366
-15.701835 29.754713 71.769646
-14.862117 28.099074 70.962317
-15.693892 27.639055 70.827857
-9.707891 36.040639 74.169507
-1.550487 40.819679 68.224887
-7.747845 37.128133 72.688742
-7.694975 36.206375 72.951421
-6.710795 37.699932 71.984102
-4.577246 38.931021 70.498798
-3.576311 39.544308 69.792456
-2.787849 39.043661 69.570624
-5.546905 36.955303 71.590366
-5.506570 36.013124 71.769646
-4.492604 37.568160 70.962317
-3.678328 37.077831 70.827857
-13.947313 38.061069 74.169507
-22.164785 42.736067 68.224887
-15.869133 39.214771 72.688742
-15.097303 39.721437 72.951421
-16.882852 39.826983 71.984102
-19.015780 41.059147 70.498798
-20.047370 41.619338 69.792456
-20.008028 42.552490 69.570624
-16.819929 41.207256 71.590366
-16.024145 41.713277 71.769646
-17.877829 41.813879 70.962317
-17.860330 42.764227 70.827857
-1.536463 40.758415 77.121960
-9.753935 36.083416 83.066580
-3.458283 39.604712 78.602725
-2.686453 39.098047 78.340045
-4.472002 38.992500 79.307365
-6.604930 37.760337 80.792669
-7.636520 37.200145 81.499011
-7.597178 36.266994 81.720842
-4.409079 37.612228 79.701101
-3.613295 37.106207 79.521821
-5.466979 37.005604 80.329150
-5.449480 36.055256 80.463610
-22.118741 42.778845 77.121960
-13.961337 37.999804 83.066580
-20.158695 41.691351 78.602725
-20.105825 42.613109 78.340045
-19.121645 41.119551 79.307365
-16.988096 39.888463 80.792669
-15.987161 39.275175 81.499011
-15.198699 39.775822 81.720842
-17.957755 41.864180 79.701101
-17.917420 42.806360 79.521821
-16.903454 41.251323 80.329150
-16.089178 41.741652 80.463610
-13.577346 23.943854 77.121960
-13.517277 33.397893 83.066580
-13.615571 26.185051 78.602725
-14.440272 25.769958 78.340045
-13.638904 27.369062 79.307365
-13.639524 29.832315 80.792669
-13.608869 31.005793 81.499011
-14.436673 31.438297 81.720842
-14.865716 28.004706 79.701101
-15.701835 27.568547 79.521821
-14.862117 29.224187 80.329150
-15.693892 29.684206 80.463610
-0.000124 28.661702 92.383108
1.598145 29.584320 94.963384
-23.274563 42.099206 103.108160
-0.000124 28.661702 94.304132
-13.960469 36.721711 110.517660
-15.025692 37.336718 112.364929
-22.018337 41.373923 104.376172
-23.115580 42.007417 106.164437
-15.907359 37.845748 108.896194
-15.162708 37.415824 108.468984
-15.967676 37.880572 110.234556
-17.045558 38.502888 110.846719
-17.105130 38.537282 111.804394
-19.171536 39.730322 110.724173
-19.233342 39.766006 111.681280
-20.111782 40.273317 109.994002
-20.845140 40.696577 110.446175
-21.122894 40.856939 107.813703
-21.855259 41.279770 108.268145
-21.123639 40.857369 106.399317
-20.019694 40.220006 105.821195
-19.961239 40.186257 104.863520
-17.818133 38.948934 105.904027
-17.760050 38.915400 104.946352
-16.871682 38.402500 106.645544
-16.131499 37.975155 106.208690
-16.909659 38.424427 108.110424
-17.998339 39.052976 108.753223
-18.006902 39.057920 110.085912
-20.114637 40.274821 108.584155
-19.055743 39.663469 107.927172
-18.996171 39.629075 106.572357
-14.918462 37.274809 111.100889
-22.174714 41.464207 105.584045
1.166496 31.109262 96.033393
1.106427 40.563301 101.978013
0.000000 32.756517 97.183965
0.000000 35.100036 98.593245
0.000000 36.437961 99.369937
0.000000 38.754394 100.816095
0.000000 31.438369 96.390252
0.000000 40.054055 101.612077
1.204721 33.350458 97.514158
2.029422 32.935366 97.251479
1.228054 34.534470 98.218798
1.228674 36.997722 99.704102
1.198019 38.171201 100.410444
2.025823 38.603705 100.632276
2.454866 35.170113 98.612534
3.290985 34.733955 98.433254
2.451267 36.389594 99.240583
3.283042 36.849613 99.375043
-1.598145 29.584320 94.963384
-12.410850 23.282702 103.108160
-12.410850 34.037692 110.517660
-12.410850 32.807678 112.364929
-12.410850 24.733267 104.376172
-12.410850 23.466280 106.164437
-12.410850 31.789617 108.896194
-12.410850 32.649466 108.468984
-12.410850 31.719970 110.234556
-12.410850 30.475338 110.846719
-12.410850 30.406550 111.804394
-12.410850 28.020470 110.724173
-12.410850 27.949102 111.681280
-12.410974 26.934695 109.994002
-12.410850 26.087959 110.446175
-12.410850 25.767236 107.813703
-12.410850 24.921574 108.268145
-12.410850 25.766376 106.399317
-12.410850 27.041102 105.821195
-12.410850 27.108600 104.863520
-12.410850 29.583245 105.904027
-12.410850 29.650313 104.946352
-12.410850 30.676113 106.645544
-12.410850 31.530803 106.208690
-12.410850 30.632261 108.110424
-12.410850 29.375162 108.753223
-12.410850 29.365273 110.085912
-12.410850 26.931471 108.584155
-12.410850 28.154176 107.927172
-12.410850 28.222964 106.572357
-12.410850 32.931497 111.100889
-12.410850 24.552699 105.584045
-2.702959 28.448030 96.033393
-10.860363 23.668989 101.978013
-3.546276 26.614187 97.183965
-5.575823 25.442428 98.593245
-6.734500 24.773465 99.369937
-8.740589 23.615249 100.816095
-2.404726 27.273261 96.390252
-9.866129 22.965418 101.612077
-4.663005 27.360536 97.514158
-4.715875 28.282294 97.251479
-5.700055 26.788736 98.218798
-7.833604 25.557647 99.704102
-8.834539 24.944360 100.410444
-9.623001 25.445007 100.632276
-6.863945 27.533365 98.612534
-6.904280 28.475545 98.433254
-7.918246 26.920508 99.240583
-8.732522 27.410837 99.375043
0.000000 26.816251 94.963384
-1.547137 42.099206 103.108160
24.821576 -0.000072 105.830272
-0.000124 42.992374 105.830272
24.821576 -0.000072 103.806560
-0.000124 42.992374 103.806560
-10.861231 36.721711 110.517660
-9.796008 37.336718 112.364929
-2.803363 41.373923 104.376172
-1.706120 42.007417 106.164437
-8.914341 37.845748 108.896194
-9.658992 37.415824 108.468984
-8.854024 37.880572 110.234556
-7.776142 38.502888 110.846719
-7.716570 38.537282 111.804394
-5.650164 39.730322 110.724173
-5.588358 39.766006 111.681280
-4.709793 40.273102 109.994002
-3.976560 40.696577 110.446175
-3.698806 40.856939 107.813703
-2.966441 41.279770 108.268145
-3.698061 40.857369 106.399317
-4.802006 40.220006 105.821195
-4.860461 40.186257 104.863520
-7.003567 38.948934 105.904027
-7.061650 38.915400 104.946352
-7.950018 38.402500 106.645544
-8.690201 37.975155 106.208690
-7.912041 38.424427 108.110424
-6.823361 39.052976 108.753223
-6.814798 39.057920 110.085912
-4.707063 40.274821 108.584155
-5.765957 39.663469 107.927172
-5.825529 39.629075 106.572357
-9.903238 37.274809 111.100889
-2.646986 41.464207 105.584045
1.536463 26.427600 96.033393
9.753935 21.752601 101.978013
3.546276 26.614187 97.183965
5.575823 25.442428 98.593245
6.734500 24.773465 99.369937
8.740589 23.615249 100.816095
2.404726 27.273261 96.390252
9.866129 22.965418 101.612077
3.458283 25.273897 97.514158
2.686453 24.767231 97.251479
4.472002 24.661685 98.218798
6.604930 23.429521 99.704102
7.636520 22.869330 100.410444
7.597178 21.936179 100.632276
4.409079 23.281412 98.612534
3.613295 22.775391 98.433254
5.466979 22.674789 99.240583
5.449480 21.724441 99.375043
-12.410850 23.341602 94.150949
-1.547137 29.554870 86.006173
-0.000124 28.661702 83.284061
-0.000124 28.661702 85.307774
-10.861231 34.932365 78.596673
-9.796008 34.317358 76.749405
-2.803363 30.280153 84.738161
-1.706120 29.646659 82.949896
-8.914341 33.808328 80.218140
-9.658992 34.238252 80.645349
-8.854024 33.773504 78.879778
-7.776142 33.151188 78.267614
-7.716570 33.116794 77.309939
-5.650164 31.923754 78.390161
-5.588358 31.888070 77.433053
-4.709793 31.380974 79.120331
-3.976560 30.957499 78.668159
-3.698806 30.797137 81.300630
-2.966441 30.374306 80.846188
-3.698061 30.796707 82.715016
-4.802006 31.434070 83.293139
-4.860461 31.467819 84.250814
-7.003567 32.705142 83.210307
-7.061650 32.738676 84.167982
-7.950018 33.251575 82.468789
-8.690201 33.678920 82.905643
-7.912041 33.229649 81.003910
-6.823361 32.601100 80.361110
-6.814798 32.596156 79.028421
-4.707063 31.379254 80.530178
-5.765957 31.990607 81.187162
-5.825529 32.025001 82.541977
-9.903238 34.379267 78.013445
-2.646986 30.189868 83.530288
-10.874387 23.730254 93.080940
-2.656915 28.405252 87.136320
-8.864574 23.543666 91.930369
-6.835027 24.715425 90.521089
-5.676350 25.384388 89.744396
-3.670261 26.542604 88.298239
-10.006124 22.884592 92.724081
-2.544721 27.192435 87.502256
-8.952567 24.883956 91.600175
-9.724397 25.390622 91.862855
-7.938848 25.496168 90.895535
-5.805920 26.728332 89.410231
-4.774330 27.288523 88.703889
-4.813672 28.221674 88.482058
-8.001771 26.876441 90.501799
-8.797555 27.382462 90.681079
-6.943871 27.483064 89.873750
-6.961370 28.433412 89.739290
-1.598145 42.069756 94.150949
0.000000 26.875151 86.006173
-12.410850 37.616384 78.596673
-12.410850 38.846397 76.749405
0.000000 25.424586 84.738161
0.000000 26.691573 82.949896
-12.410850 39.864459 80.218140
-12.410850 39.004610 80.645349
-12.410850 39.934106 78.879778
-12.410850 41.178738 78.267614
-12.410850 41.247525 77.309939
0.000000 22.137383 78.390161
0.000000 22.208751 77.433053
-0.000124 23.223158 79.120331
0.000000 24.069894 78.668159
0.000000 24.390618 81.300630
0.000000 25.236279 80.846188
0.000000 24.391477 82.715016
0.000000 23.116751 83.293139
0.000000 23.049253 84.250814
-12.410850 42.070831 83.210307
-12.410850 42.003763 84.167982
-12.410850 40.977963 82.468789
-12.410850 40.123273 82.905643
-12.410850 41.021815 81.003910
-12.410850 42.278914 80.361110
-12.410850 42.288803 79.028421
0.000000 23.226382 80.530178
0.000000 22.003677 81.187162
0.000000 21.934889 82.541977
-12.410850 38.722579 78.013445
0.000000 25.605154 83.530288
9.707891 21.709824 93.080940
1.550487 26.488864 87.136320
8.864574 23.543666 91.930369
6.835027 24.715425 90.521089
5.676350 25.384388 89.744396
3.670261 26.542604 88.298239
10.006124 22.884592 92.724081
2.544721 27.192435 87.502256
7.747845 22.797317 91.600175
7.694975 21.875559 91.862855
6.710795 23.369117 90.895535
4.577246 24.600206 89.410231
3.576311 25.213493 88.703889
2.787849 24.712846 88.482058
5.546905 22.624488 90.501799
5.506570 21.682308 90.681079
4.492604 23.237345 89.873750
3.678328 22.747016 89.739290
24.821576 -0.000072 96.731225
-0.000124 42.992374 96.731225
-23.223555 42.069756 94.150949
1.547137 29.554870 86.006173
24.821576 -0.000072 94.810202
-0.000124 42.992374 94.810202
-13.960469 34.932365 78.596673
-15.025692 34.317358 76.749405
2.803363 30.280153 84.738161
1.706120 29.646659 82.949896
-15.907359 33.808328 80.218140
-15.162708 34.238252 80.645349
-15.967676 33.773504 78.879778
-17.045558 33.151188 78.267614
-17.105130 33.116794 77.309939
5.650164 31.923754 78.390161
5.588358 31.888070 77.433053
4.709918 31.380759 79.120331
3.976560 30.957499 78.668159
3.698806 30.797137 81.300630
2.966441 30.374306 80.846188
3.698061 30.796707 82.715016
4.802006 31.434070 83.293139
4.860461 31.467819 84.250814
-17.818133 32.705142 83.210307
-17.760050 32.738676 84.167982
-16.871682 33.251575 82.468789
-16.131499 33.678920 82.905643
-16.909659 33.229649 81.003910
-17.998339 32.601100 80.361110
-18.006902 32.596156 79.028421
4.707063 31.379254 80.530178
5.765957 31.990607 81.187162
5.825529 32.025001 82.541977
-14.918462 34.379267 78.013445
2.646986 30.189868 83.530288
1.166496 40.544814 93.080940
1.106427 31.090775 87.136320
0.000000 38.897558 91.930369
0.000000 36.554040 90.521089
0.000000 35.216115 89.744396
0.000000 32.899682 88.298239
0.000000 40.215707 92.724081
0.000000 31.600021 87.502256
1.204721 38.303618 91.600175
2.029422 38.718710 91.862855
1.228054 37.119606 90.895535
1.228674 34.656354 89.410231
1.198019 33.482875 88.703889
2.025823 33.050371 88.482058
2.454866 36.483963 90.501799
3.290985 36.920121 90.681079
2.451267 35.264482 89.873750
3.283042 34.804463 89.739290
-1.166496 40.544814 93.080940
-1.106427 31.090775 87.136320
-1.204721 38.303618 91.600175
-2.029422 38.718710 91.862855
-1.228054 37.119606 90.895535
-1.228674 34.656354 89.410231
-1.198019 33.482875 88.703889
-2.025823 33.050371 88.482058
-2.454866 36.483963 90.501799
-3.290985 36.920121 90.681079
-2.451267 35.264482 89.873750
-3.283042 34.804463 89.739290
-9.707891 21.709824 93.080940
-1.550487 26.488864 87.136320
-7.747845 22.797317 91.600175
-7.694975 21.875559 91.862855
-6.710795 23.369117 90.895535
-4.577246 24.600206 89.410231
-3.576311 25.213493 88.703889
-2.787849 24.712846 88.482058
-5.546905 22.624488 90.501799
-5.506570 21.682308 90.681079
-4.492604 23.237345 89.873750
-3.678328 22.747016 89.739290
10.874387 23.730254 93.080940
2.656915 28.405252 87.136320
8.952567 24.883956 91.600175
9.724397 25.390622 91.862855
7.938848 25.496168 90.895535
5.805920 26.728332 89.410231
4.774330 27.288523 88.703889
4.813672 28.221674 88.482058
8.001771 26.876441 90.501799
8.797555 27.382462 90.681079
6.943871 27.483064 89.873750
6.961370 28.433412 89.739290
-1.536463 26.427600 96.033393
-9.753935 21.752601 101.978013
-3.458283 25.273897 97.514158
-2.686453 24.767231 97.251479
-4.472002 24.661685 98.218798
-6.604930 23.429521 99.704102
-7.636520 22.869330 100.410444
-7.597178 21.936179 100.632276
-4.409079 23.281412 98.612534
-3.613295 22.775391 98.433254
-5.466979 22.674789 99.240583
-5.449480 21.724441 99.375043
2.702959 28.448030 96.033393
10.860363 23.668989 101.978013
4.663005 27.360536 97.514158
4.715875 28.282294 97.251479
5.700055 26.788736 98.218798
7.833604 25.557647 99.704102
8.834539 24.944360 100.410444
9.623001 25.445007 100.632276
6.863945 27.533365 98.612534
6.904280 28.475545 98.433254
7.918246 26.920508 99.240583
8.732522 27.410837 99.375043
-1.166496 31.109262 96.033393
-1.106427 40.563301 101.978013
-1.204721 33.350458 97.514158
-2.029422 32.935366 97.251479
-1.228054 34.534470 98.218798
-1.228674 36.997722 99.704102
-1.198019 38.171201 100.410444
-2.025823 38.603705 100.632276
-2.454866 35.170113 98.612534
-3.290985 34.733955 98.433254
-2.451267 36.389594 99.240583
-3.283042 36.849613 99.375043
24.821576 14.330887 54.560242
26.419845 15.253505 0.406218
38.779687 6.272168 8.550994
37.232674 7.165336 11.273105
24.821576 14.330887 56.481265
37.232674 7.165336 9.249393
48.093781 0.894673 15.960493
47.028558 1.509680 17.807762
40.035913 5.546885 9.819005
38.938670 6.180379 11.607270
46.146891 2.018710 14.339027
46.891542 1.588786 13.911818
46.086574 2.053534 15.677389
45.008692 2.675850 16.289552
44.949120 2.710244 17.247227
42.882714 3.903284 16.167006
42.820908 3.938968 17.124114
41.942468 4.446279 15.436836
41.209110 4.869539 15.889008
40.931356 5.029901 13.256537
40.198991 5.452732 13.710978
40.930611 5.030331 11.842150
42.034556 4.392968 11.264028
42.093011 4.359219 10.306353
44.236117 3.121896 11.346860
44.294200 3.088362 10.389185
45.182568 2.575462 12.088377
45.922751 2.148118 11.651523
45.144591 2.597389 13.553257
44.055911 3.225938 14.196057
44.047348 3.230882 15.528745
41.939613 4.447783 14.026988
42.998507 3.836431 13.370005
43.058079 3.802037 12.015190
47.135788 1.447771 16.543722
39.879536 5.637169 11.026879
25.988196 16.778447 1.476226
38.338977 4.736263 7.420846
24.821700 18.425702 2.626798
24.821700 20.769221 4.036078
37.232550 0.610923 4.812771
37.232550 2.927356 6.258928
24.821700 17.107554 1.833085
37.232550 4.227017 7.054910
26.026421 19.019643 2.956992
26.851122 18.604551 2.694312
26.049754 20.203655 3.661632
38.461224 1.170684 5.146936
38.430569 2.344163 5.853278
39.258373 2.776667 6.075109
27.276566 20.839298 4.055368
28.112685 20.403140 3.876087
39.683817 0.562556 4.683416
40.515592 1.022575 4.817877
23.223555 15.253505 0.406218
37.232550 8.951887 8.550994
37.232550 19.706877 15.960493
37.232550 18.476863 17.807762
37.232550 10.402452 9.819005
37.232550 9.135465 11.607270
37.232550 17.458802 14.339027
37.232550 18.318651 13.911818
37.232550 17.389154 15.677389
37.232550 16.144523 16.289552
37.232550 16.075735 17.247227
37.232550 13.689655 16.167006
37.232550 13.618287 17.124114
37.232426 12.603880 15.436836
37.232550 11.757144 15.889008
37.232550 11.436420 13.256537
37.232550 10.590759 13.710978
37.232550 11.435561 11.842150
37.232550 12.710287 11.264028
37.232550 12.777785 10.306353
37.232550 15.252430 11.346860
37.232550 15.319498 10.389185
37.232550 16.345298 12.088377
37.232550 17.199988 11.651523
37.232550 16.301446 13.553257
37.232550 15.044346 14.196057
37.232550 15.034458 15.528745
37.232550 12.600656 14.026988
37.232550 13.823361 13.370005
37.232550 13.892149 12.015190
37.232550 18.600682 16.543722
37.232550 10.221884 11.026879
22.118741 14.117214 1.476226
38.783037 9.338174 7.420846
21.275424 12.283372 2.626798
19.245877 11.111613 4.036078
42.908900 10.442650 4.812771
40.902811 9.284434 6.258928
22.416974 12.942446 1.833085
39.777271 8.634603 7.054910
20.158695 13.029720 2.956992
20.105825 13.951478 2.694312
19.121645 12.457921 3.661632
41.809796 11.226832 5.146936
40.808861 10.613545 5.853278
40.020399 11.114192 6.075109
17.957755 13.202550 4.055368
17.917420 14.144730 3.876087
41.725154 12.589693 4.683416
40.910878 13.080022 4.817877
24.821700 12.485436 0.406218
35.685413 6.272168 8.550994
26.371319 0.894673 15.960493
27.436542 1.509680 17.807762
34.429187 5.546885 9.819005
35.526430 6.180379 11.607270
28.318209 2.018710 14.339027
27.573558 1.588786 13.911818
28.378526 2.053534 15.677389
29.456408 2.675850 16.289552
29.515980 2.710244 17.247227
31.582386 3.903284 16.167006
31.644192 3.938968 17.124114
32.522757 4.446064 15.436836
33.255990 4.869539 15.889008
33.533744 5.029901 13.256537
34.266109 5.452732 13.710978
33.534489 5.030331 11.842150
32.430544 4.392968 11.264028
32.372089 4.359219 10.306353
30.228983 3.121896 11.346860
30.170900 3.088362 10.389185
29.282532 2.575462 12.088377
28.542349 2.148118 11.651523
29.320509 2.597389 13.553257
30.409189 3.225938 14.196057
30.417752 3.230882 15.528745
32.525487 4.447783 14.026988
31.466593 3.836431 13.370005
31.407021 3.802037 12.015190
27.329312 1.447771 16.543722
34.585564 5.637169 11.026879
26.358163 12.096784 1.476226
34.575635 7.421786 7.420846
28.367976 12.283372 2.626798
30.397523 11.111613 4.036078
31.556200 10.442650 4.812771
33.562289 9.284434 6.258928
27.226426 12.942446 1.833085
34.687829 8.634603 7.054910
28.279983 10.943082 2.956992
27.508153 10.436416 2.694312
29.293702 10.330870 3.661632
31.426630 9.098706 5.146936
32.458220 8.538515 5.853278
32.418878 7.605364 6.075109
29.230779 8.950597 4.055368
28.434995 8.444576 3.876087
30.288679 8.343974 4.683416
30.271180 7.393626 4.817877
37.232674 7.165336 2.174058
37.232550 9.010787 56.328082
23.274563 15.224055 48.183306
24.821576 14.330887 45.461195
37.232674 7.165336 0.253035
24.821576 14.330887 47.484907
13.960469 20.601550 40.773807
15.025692 19.986543 38.926538
22.018337 15.949337 46.915295
23.115580 15.315844 45.127030
15.907359 19.477512 42.395273
15.162708 19.907437 42.822482
15.967676 19.442689 41.056911
17.045558 18.820373 40.444748
17.105130 18.785979 39.487073
19.171536 17.592939 40.567294
19.233342 17.557255 39.610186
20.111907 17.050159 41.297464
20.845140 16.626683 40.845292
21.122894 16.466322 43.477763
21.855259 16.043491 43.023322
21.123639 16.465892 44.892150
20.019694 17.103255 45.470272
19.961239 17.137004 46.427947
17.818133 18.374326 45.387440
17.760050 18.407860 46.345115
16.871682 18.920760 44.645923
16.131499 19.348105 45.082777
16.909659 18.898834 43.181043
17.998339 18.270285 42.538243
18.006902 18.265340 41.205555
20.114637 17.048439 42.707312
19.055743 17.659792 43.364295
18.996171 17.694186 44.719110
14.918462 20.048452 40.190578
22.174714 15.859053 45.707421
38.769013 9.399438 55.258074
22.164785 14.074437 49.313454
40.778826 9.212851 54.107502
42.808373 10.384610 52.698222
19.145350 11.053573 51.921529
21.151439 12.211789 50.475372
39.637276 8.553777 54.901215
22.276979 12.861620 49.679390
40.690833 10.553141 53.777308
39.919003 11.059807 54.039988
41.704552 11.165353 53.072668
19.015780 12.397517 51.587364
20.047370 12.957708 50.881022
20.008028 13.890859 50.659191
41.641629 12.545626 52.678932
40.845845 13.051647 52.858213
17.877829 13.152249 52.050884
17.860330 14.102597 51.916423
35.634405 6.242718 56.328082
24.821700 12.544336 48.183306
24.821700 1.789346 40.773807
24.821700 3.019359 38.926538
24.821700 11.093771 46.915295
24.821700 12.360758 45.127030
24.821700 4.037421 42.395273
24.821700 3.177572 42.822482
24.821700 4.107068 41.056911
24.821700 5.351700 40.444748
24.821700 5.420488 39.487073
24.821700 7.806568 40.567294
24.821700 7.877936 39.610186
24.821576 8.892342 41.297464
24.821700 9.739079 40.845292
24.821700 10.059802 43.477763
24.821700 10.905464 43.023322
24.821700 10.060662 44.892150
24.821700 8.785936 45.470272
24.821700 8.718438 46.427947
24.821700 6.243793 45.387440
24.821700 6.176725 46.345115
24.821700 5.150925 44.645923
24.821700 4.296235 45.082777
24.821700 5.194777 43.181043
24.821700 6.451876 42.538243
24.821700 6.461765 41.205555
24.821700 8.895567 42.707312
24.821700 7.672862 43.364295
24.821700 7.604074 44.719110
24.821700 2.895541 40.190578
24.821700 11.274339 45.707421
34.529591 7.379008 55.258074
26.372187 12.158049 49.313454
33.686274 9.212851 54.107502
31.656727 10.384610 52.698222
30.498050 11.053573 51.921529
28.491961 12.211789 50.475372
34.827824 8.553777 54.901215
27.366421 12.861620 49.679390
32.569545 8.466502 53.777308
32.516675 7.544744 54.039988
31.532495 9.038302 53.072668
29.398946 10.269391 51.587364
28.398011 10.882678 50.881022
27.609549 10.382031 50.659191
30.368605 8.293673 52.678932
30.328270 7.351493 52.858213
29.314304 8.906530 52.050884
28.500028 8.416201 51.916423
38.830695 6.242718 56.328082
26.368837 15.224055 48.183306
35.682931 20.601550 40.773807
34.617708 19.986543 38.926538
27.625063 15.949337 46.915295
26.527820 15.315844 45.127030
33.736041 19.477512 42.395273
34.480692 19.907437 42.822482
33.675724 19.442689 41.056911
32.597842 18.820373 40.444748
32.538270 18.785979 39.487073
30.471864 17.592939 40.567294
30.410058 17.557255 39.610186
29.531618 17.049944 41.297464
28.798260 16.626683 40.845292
28.520506 16.466322 43.477763
27.788141 16.043491 43.023322
28.519761 16.465892 44.892150
29.623706 17.103255 45.470272
29.682161 17.137004 46.427947
31.825267 18.374326 45.387440
31.883350 18.407860 46.345115
32.771718 18.920760 44.645923
33.511901 19.348105 45.082777
32.733741 18.898834 43.181043
31.645061 18.270285 42.538243
31.636498 18.265340 41.205555
29.528763 17.048439 42.707312
30.587657 17.659792 43.364295
30.647229 17.694186 44.719110
34.724938 20.048452 40.190578
27.468686 15.859053 45.707421
38.399046 4.717776 55.258074
25.928127 16.759960 49.313454
37.232550 3.070520 54.107502
37.232550 0.727002 52.698222
24.821700 20.885300 51.921529
24.821700 18.568867 50.475372
37.232550 4.388669 54.901215
24.821700 17.269206 49.679390
38.437271 2.476580 53.777308
39.261972 2.891672 54.039988
38.460604 1.292568 53.072668
26.050374 20.325538 51.587364
26.019719 19.152060 50.881022
26.847523 18.719556 50.659191
39.687416 0.656925 52.678932
40.523535 1.093083 52.858213
27.272967 20.933667 52.050884
28.104742 20.473647 51.916423
36.066054 4.717776 55.258074
23.715273 16.759960 49.313454
36.027829 2.476580 53.777308
35.203128 2.891672 54.039988
36.004496 1.292568 53.072668
23.593026 20.325538 51.587364
23.623681 19.152060 50.881022
22.795877 18.719556 50.659191
34.777684 0.656925 52.678932
33.941565 1.093083 52.858213
22.370433 20.933667 52.050884
21.538658 20.473647 51.916423
39.935509 7.379008 55.258074
23.271213 12.158049 49.313454
41.895555 8.466502 53.777308
41.948425 7.544744 54.039988
42.932605 9.038302 53.072668
20.244454 10.269391 51.587364
21.245389 10.882678 50.881022
22.033851 10.382031 50.659191
44.096495 8.293673 52.678932
44.136830 7.351493 52.858213
20.329096 8.906530 52.050884
21.143372 8.416201 51.916423
35.696087 9.399438 55.258074
27.478615 14.074437 49.313454
33.774267 10.553141 53.777308
34.546097 11.059807 54.039988
32.760548 11.165353 53.072668
30.627620 12.397517 51.587364
29.596030 12.957708 50.881022
29.635372 13.890859 50.659191
32.823471 12.545626 52.678932
33.619255 13.051647 52.858213
31.765571 13.152249 52.050884
31.783070 14.102597 51.916423
23.285237 12.096784 1.476226
39.889465 7.421786 7.420846
21.363417 10.943082 2.956992
22.135247 10.436416 2.694312
20.349698 10.330870 3.661632
43.038470 9.098706 5.146936
42.006880 8.538515 5.853278
42.046222 7.605364 6.075109
20.412621 8.950597 4.055368
21.208405 8.444576 3.876087
44.176421 8.343974 4.683416
44.193920 7.393626 4.817877
27.524659 14.117214 1.476226
35.682063 9.338174 7.420846
29.484705 13.029720 2.956992
29.537575 13.951478 2.694312
30.521755 12.457921 3.661632
32.655304 11.226832 5.146936
33.656239 10.613545 5.853278
34.444701 11.114192 6.075109
31.685645 13.202550 4.055368
31.725980 14.144730 3.876087
32.739946 12.589693 4.683416
33.554222 13.080022 4.817877
23.655204 16.778447 1.476226
36.126123 4.736263 7.420846
23.616979 19.019643 2.956992
22.792278 18.604551 2.694312
23.593646 20.203655 3.661632
36.003876 1.170684 5.146936
36.034531 2.344163 5.853278
35.206727 2.776667 6.075109
22.366834 20.839298 4.055368
21.530715 20.403140 3.876087
34.781283 0.562556 4.683416
33.949508 1.022575 4.817877
26.419845 0.922690 19.317651
26.368837 13.437575 27.462427
24.821824 14.330744 30.184539
24.821824 14.330744 28.160826
35.682931 8.060080 34.871927
34.617708 8.675087 36.719195
27.625063 12.712293 28.730439
26.527820 13.345787 30.518704
33.736041 9.184118 33.250460
34.480692 8.754193 32.823251
33.675724 9.218942 34.588822
32.597842 9.841257 35.200986
32.538270 9.875651 36.158661
30.471864 11.068692 35.078439
30.410058 11.104375 36.035547
29.531618 11.611686 34.348269
28.798260 12.034947 34.800441
28.520506 12.195309 32.167970
27.788141 12.618139 32.622412
28.519761 12.195739 30.753584
29.623706 11.558376 30.175461
29.682161 11.524627 29.217786
31.825267 10.287304 30.258293
31.883350 10.253770 29.300618
32.771718 9.740870 30.999811
33.511901 9.313525 30.562957
32.733741 9.762796 32.464690
31.645061 10.391346 33.107490
31.636498 10.396290 34.440179
29.528763 11.613191 32.938422
30.587657 11.001838 32.281438
30.647229 10.967445 30.926623
34.724938 8.613178 35.455155
27.468686 12.802577 29.938312
25.988196 2.447632 20.387660
25.928127 11.901670 26.332280
24.821700 4.094887 21.538231
24.821700 6.438405 22.947511
24.821700 7.776330 23.724204
24.821700 10.092763 25.170361
24.821700 2.776739 20.744519
24.821700 11.392425 25.966344
26.026421 4.688828 21.868425
26.851122 4.273736 21.605745
26.049754 5.872840 22.573065
26.050374 8.336092 24.058369
26.019719 9.509571 24.764711
26.847523 9.942075 24.986542
27.276566 6.508483 22.966801
28.112685 6.072325 22.787521
27.272967 7.727964 23.594850
28.104742 8.187983 23.729310
48.045255 0.922690 19.317651
24.821700 16.117295 27.462427
37.232550 5.376062 34.871927
37.232550 4.146048 36.719195
24.821700 17.567860 28.730439
24.821700 16.300872 30.518704
37.232550 3.127987 33.250460
37.232550 3.987836 32.823251
37.232550 3.058339 34.588822
37.232550 1.813708 35.200986
37.232550 1.744920 36.158661
24.821700 20.855062 35.078439
24.821700 20.783695 36.035547
24.821576 19.769288 34.348269
24.821700 18.922552 34.800441
24.821700 18.601828 32.167970
24.821700 17.756167 32.622412
24.821700 18.600968 30.753584
24.821700 19.875694 30.175461
24.821700 19.943192 29.217786
37.232550 0.921615 30.258293
37.232550 0.988683 29.300618
37.232550 2.014483 30.999811
37.232550 2.869173 30.562957
37.232550 1.970630 32.464690
37.232550 0.713531 33.107490
37.232550 0.703643 34.440179
24.821700 19.766063 32.938422
24.821700 20.988769 32.281438
24.821700 21.057557 30.926623
37.232550 4.269866 35.455155
24.821700 17.387291 29.938312
34.529591 21.282622 20.387660
26.372187 16.503582 26.332280
33.686274 19.448779 21.538231
31.656727 18.277020 22.947511
30.498050 17.608058 23.724204
28.491961 16.449841 25.170361
34.827824 20.107853 20.744519
27.366421 15.800010 25.966344
32.569545 20.195128 21.868425
32.516675 21.116886 21.605745
31.532495 19.623329 22.573065
29.398946 18.392240 24.058369
28.398011 17.778953 24.764711
27.609549 18.279600 24.986542
30.368605 20.367958 22.966801
30.328270 21.310137 22.787521
29.314304 19.755100 23.594850
28.500028 20.245429 23.729310
37.232550 19.650844 19.317651
23.274563 13.437575 27.462427
38.782169 8.060080 34.871927
39.847392 8.675087 36.719195
22.018337 12.712293 28.730439
23.115580 13.345787 30.518704
40.729059 9.184118 33.250460
39.984408 8.754193 32.823251
40.789376 9.218942 34.588822
41.867258 9.841257 35.200986
41.926830 9.875651 36.158661
19.171536 11.068692 35.078439
19.233342 11.104375 36.035547
20.111907 11.611471 34.348269
20.845140 12.034947 34.800441
21.122894 12.195309 32.167970
21.855259 12.618139 32.622412
21.123639 12.195739 30.753584
20.019694 11.558376 30.175461
19.961239 11.524627 29.217786
42.639833 10.287304 30.258293
42.581750 10.253770 29.300618
41.693382 9.740870 30.999811
40.953199 9.313525 30.562957
41.731359 9.762796 32.464690
42.820039 10.391346 33.107490
42.828602 10.396290 34.440179
20.114637 11.613191 32.938422
19.055743 11.001838 32.281438
18.996171 10.967445 30.926623
39.740162 8.613178 35.455155
22.174714 12.802577 29.938312
13.947313 19.262192 20.387660
22.164785 14.587193 26.332280
15.957126 19.448779 21.538231
17.986673 18.277020 22.947511
19.145350 17.608058 23.724204
21.151439 16.449841 25.170361
14.815576 20.107853 20.744519
22.276979 15.800010 25.966344
15.869133 18.108490 21.868425
15.097303 17.601824 21.605745
16.882852 17.496277 22.573065
19.015780 16.264114 24.058369
20.047370 15.703922 24.764711
20.008028 14.770771 24.986542
16.819929 16.116005 22.966801
16.024145 15.609984 22.787521
17.877829 15.509381 23.594850
17.860330 14.559033 23.729310
24.821824 14.330744 21.085492
24.821700 16.176194 18.505216
48.096263 0.893240 10.360440
24.821824 14.330744 19.164468
38.782169 6.270735 2.950940
39.847392 5.655728 1.103671
46.840037 1.618522 9.092428
47.937280 0.985029 7.304163
40.729059 5.146697 4.572406
39.984408 5.576622 4.999616
40.789376 5.111873 3.234044
41.867258 4.489558 2.621881
41.926830 4.455164 1.664206
43.993236 3.262123 2.744427
44.055042 3.226440 1.787320
44.933607 2.719344 3.474598
45.666840 2.295868 3.022425
45.944594 2.135506 5.654897
46.676959 1.712676 5.200455
45.945339 2.135076 7.069283
44.841394 2.772440 7.647405
44.782939 2.806189 8.605080
42.639833 4.043511 7.564573
42.581750 4.077045 8.522248
41.693382 4.589945 6.823056
40.953199 5.017290 7.259910
41.731359 4.568019 5.358176
42.820039 3.939469 4.715377
42.828602 3.934525 3.382688
44.936337 2.717624 4.884445
43.877443 3.328977 5.541428
43.817871 3.363371 6.896243
39.740162 5.717637 2.367711
46.996414 1.528238 7.884555
26.358163 16.564846 17.435207
34.575635 21.239844 11.490587
28.367976 16.378259 16.284635
30.397523 17.550018 14.875355
31.556200 18.218980 14.098663
33.562289 19.377197 12.652505
27.226426 15.719185 17.078348
34.687829 20.027028 11.856523
28.279983 17.718548 15.954442
27.508153 18.225214 16.217121
29.293702 18.330761 15.249802
31.426630 19.562924 13.764498
32.458220 20.123116 13.058156
32.418878 21.056267 12.836324
29.230779 19.711033 14.856066
28.434995 20.217054 15.035346
30.288679 20.317657 14.228017
30.271180 21.268005 14.093557
23.223555 13.408126 18.505216
37.232550 19.709743 10.360440
37.232550 8.954753 2.950940
37.232550 10.184767 1.103671
37.232550 18.259178 9.092428
37.232550 19.526166 7.304163
37.232550 11.202828 4.572406
37.232550 10.342979 4.999616
37.232550 11.272476 3.234044
37.232550 12.517107 2.621881
37.232550 12.585895 1.664206
37.232550 14.971976 2.744427
37.232550 15.043343 1.787320
37.232426 16.057750 3.474598
37.232550 16.904486 3.022425
37.232550 17.225210 5.654897
37.232550 18.070871 5.200455
37.232550 17.226070 7.069283
37.232550 15.951344 7.647405
37.232550 15.883846 8.605080
37.232550 13.409200 7.564573
37.232550 13.342132 8.522248
37.232550 12.316332 6.823056
37.232550 11.461643 7.259910
37.232550 12.360185 5.358176
37.232550 13.617284 4.715377
37.232550 13.627172 3.382688
37.232550 16.060974 4.884445
37.232550 14.838269 5.541428
37.232550 14.769481 6.896243
37.232550 10.060949 2.367711
37.232550 18.439747 7.884555
22.118741 14.544416 17.435207
13.961337 19.323456 11.490587
21.275424 16.378259 16.284635
19.245877 17.550018 14.875355
18.087200 18.218980 14.098663
16.081111 19.377197 12.652505
22.416974 15.719185 17.078348
14.955571 20.027028 11.856523
20.158695 15.631910 15.954442
20.105825 14.710152 16.217121
19.121645 16.203709 15.249802
16.988096 17.434798 13.764498
15.987161 18.048085 13.058156
15.198699 17.547438 12.836324
17.957755 15.459080 14.856066
17.917420 14.516901 15.035346
16.903454 16.071938 14.228017
16.089178 15.581609 14.093557
26.419845 13.408126 18.505216
26.368837 0.893240 10.360440
35.682931 6.270735 2.950940
34.617708 5.655728 1.103671
27.625063 1.618522 9.092428
26.527820 0.985029 7.304163
33.736041 5.146697 4.572406
34.480692 5.576622 4.999616
33.675724 5.111873 3.234044
32.597842 4.489558 2.621881
32.538270 4.455164 1.664206
30.471864 3.262123 2.744427
30.410058 3.226440 1.787320
29.531618 2.719129 3.474598
28.798260 2.295868 3.022425
28.520506 2.135506 5.654897
27.788141 1.712676 5.200455
28.519761 2.135076 7.069283
29.623706 2.772440 7.647405
29.682161 2.806189 8.605080
31.825267 4.043511 7.564573
31.883350 4.077045 8.522248
32.771718 4.589945 6.823056
33.511901 5.017290 7.259910
32.733741 4.568019 5.358176
31.645061 3.939469 4.715377
31.636498 3.934525 3.382688
29.528763 2.717624 4.884445
30.587657 3.328977 5.541428
30.647229 3.363371 6.896243
34.724938 5.717637 2.367711
27.468686 1.528238 7.884555
25.988196 11.883184 17.435207
25.928127 2.429145 11.490587
24.821700 10.235928 16.284635
24.821700 7.892410 14.875355
24.821700 6.554485 14.098663
24.821700 4.238052 12.652505
24.821700 11.554076 17.078348
24.821700 2.938390 11.856523
26.026421 9.641987 15.954442
26.851122 10.057079 16.217121
26.049754 8.457975 15.249802
26.050374 5.994723 13.764498
26.019719 4.821244 13.058156
26.847523 4.388740 12.836324
27.276566 7.822332 14.856066
28.112685 8.258491 15.035346
27.272967 6.602851 14.228017
28.104742 6.142832 14.093557
23.655204 11.883184 17.435207
23.715273 2.429145 11.490587
23.616979 9.641987 15.954442
22.792278 10.057079 16.217121
23.593646 8.457975 15.249802
23.593026 5.994723 13.764498
23.623681 4.821244 13.058156
22.795877 4.388740 12.836324
22.366834 7.822332 14.856066
21.530715 8.258491 15.035346
22.370433 6.602851 14.228017
21.538658 6.142832 14.093557
27.524659 14.544416 17.435207
35.682063 19.323456 11.490587
29.484705 15.631910 15.954442
29.537575 14.710152 16.217121
30.521755 16.203709 15.249802
32.655304 17.434798 13.764498
33.656239 18.048085 13.058156
34.444701 17.547438 12.836324
31.685645 15.459080 14.856066
31.725980 14.516901 15.035346
32.739946 16.071938 14.228017
33.554222 15.581609 14.093557
23.285237 16.564846 17.435207
15.067765 21.239844 11.490587
21.363417 17.718548 15.954442
22.135247 18.225214 16.217121
20.349698 18.330761 15.249802
18.216770 19.562924 13.764498
17.185180 20.123116 13.058156
17.224522 21.056267 12.836324
20.412621 19.711033 14.856066
21.208405 20.217054 15.035346
19.354721 20.317657 14.228017
19.372220 21.268005 14.093557
35.696087 19.262192 20.387660
27.478615 14.587193 26.332280
33.774267 18.108490 21.868425
34.546097 17.601824 21.605745
32.760548 17.496277 22.573065
30.627620 16.264114 24.058369
29.596030 15.703922 24.764711
29.635372 14.770771 24.986542
32.823471 16.116005 22.966801
33.619255 15.609984 22.787521
31.765571 15.509381 23.594850
31.783070 14.559033 23.729310
15.113809 21.282622 20.387660
23.271213 16.503582 26.332280
17.073855 20.195128 21.868425
17.126725 21.116886 21.605745
18.110905 19.623329 22.573065
20.244454 18.392240 24.058369
21.245389 17.778953 24.764711
22.033851 18.279600 24.986542
19.274795 20.367958 22.966801
19.315130 21.310137 22.787521
20.329096 19.755100 23.594850
21.143372 20.245429 23.729310
23.655204 2.447632 20.387660
23.715273 11.901670 26.332280
23.616979 4.688828 21.868425
22.792278 4.273736 21.605745
23.593646 5.872840 22.573065
23.593026 8.336092 24.058369
23.623681 9.509571 24.764711
22.795877 9.942075 24.986542
22.366834 6.508483 22.966801
21.530715 6.072325 22.787521
22.370433 7.727964 23.594850
21.538658 8.187983 23.729310
37.232426 7.165479 35.648808
38.830695 8.088097 38.229084
13.957987 20.602983 46.373860
37.232426 7.165479 37.569832
23.272081 15.225488 53.783360
22.206858 15.840495 55.630629
15.214213 19.877700 47.641872
14.116970 20.511194 49.430137
21.325191 16.349525 52.161894
22.069842 15.919601 51.734684
21.264874 16.384349 53.500256
20.186992 17.006665 54.112419
20.127420 17.041059 55.070094
18.061014 18.234099 53.989873
17.999208 18.269783 54.946980
17.120768 18.777094 53.259702
16.387410 19.200355 53.711875
16.109656 19.360716 51.079403
15.377291 19.783547 51.533845
16.108911 19.361146 49.665017
17.212856 18.723783 49.086895
17.271311 18.690034 48.129220
19.414417 17.452712 49.169727
19.472500 17.419178 48.212052
20.360868 16.906278 49.911244
21.101051 16.478933 49.474390
20.322891 16.928204 51.376124
19.234211 17.556753 52.018923
19.225648 17.561697 53.351612
17.117913 18.778599 51.849855
18.176807 18.167246 51.192872
18.236379 18.132852 49.838057
22.314088 15.778586 54.366589
15.057836 19.967985 48.849745
38.399046 9.613039 39.299093
38.338977 19.067078 45.243713
37.232550 11.260295 40.449665
37.232550 13.603813 41.858945
37.232550 14.941738 42.635637
37.232550 17.258171 44.081795
37.232550 9.942146 39.655952
37.232550 18.557832 44.877777
38.437271 11.854235 40.779858
39.261972 11.439143 40.517179
38.460604 13.038247 41.484498
38.461224 15.501499 42.969802
38.430569 16.674978 43.676144
39.258373 17.107482 43.897976
39.687416 13.673891 41.878234
40.523535 13.237732 41.698954
39.683817 14.893371 42.506283
40.515592 15.353390 42.640743
35.634405 8.088097 38.229084
24.821700 1.786479 46.373860
24.821700 12.541470 53.783360
24.821700 11.311456 55.630629
24.821700 3.237045 47.641872
24.821700 1.970057 49.430137
24.821700 10.293395 52.161894
24.821700 11.153244 51.734684
24.821700 10.223747 53.500256
24.821700 8.979116 54.112419
24.821700 8.910328 55.070094
24.821700 6.524247 53.989873
24.821700 6.452879 54.946980
24.821576 5.438473 53.259702
24.821700 4.591736 53.711875
24.821700 4.271013 51.079403
24.821700 3.425351 51.533845
24.821700 4.270153 49.665017
24.821700 5.544879 49.086895
24.821700 5.612377 48.129220
24.821700 8.087022 49.169727
24.821700 8.154091 48.212052
24.821700 9.179890 49.911244
24.821700 10.034580 49.474390
24.821700 9.136038 51.376124
24.821700 7.878939 52.018923
24.821700 7.869051 53.351612
24.821700 5.435248 51.849855
24.821700 6.657953 51.192872
24.821700 6.726741 49.838057
24.821700 11.435274 54.366589
24.821700 3.056476 48.849745
34.529591 6.951807 39.299093
26.372187 2.172767 45.243713
33.686274 5.117964 40.449665
31.656727 3.946205 41.858945
30.498050 3.277242 42.635637
28.491961 2.119026 44.081795
34.827824 5.777038 39.655952
27.366421 1.469195 44.877777
32.569545 5.864313 40.779858
32.516675 6.786071 40.517179
31.532495 5.292513 41.484498
29.398946 4.061425 42.969802
28.398011 3.448137 43.676144
27.609549 3.948784 43.897976
30.368605 6.037143 41.878234
30.328270 6.979322 41.698954
29.314304 5.424285 42.506283
28.500028 5.914614 42.640743
37.232550 5.320029 38.229084
35.685413 20.602983 46.373860
26.371319 15.225488 53.783360
27.436542 15.840495 55.630629
34.429187 19.877700 47.641872
35.526430 20.511194 49.430137
28.318209 16.349525 52.161894
27.573558 15.919601 51.734684
28.378526 16.384349 53.500256
29.456408 17.006665 54.112419
29.515980 17.041059 55.070094
31.582386 18.234099 53.989873
31.644192 18.269783 54.946980
32.522757 18.776879 53.259702
33.255990 19.200355 53.711875
33.533744 19.360716 51.079403
34.266109 19.783547 51.533845
33.534489 19.361146 49.665017
32.430544 18.723783 49.086895
32.372089 18.690034 48.129220
30.228983 17.452712 49.169727
30.170900 17.419178 48.212052
29.282532 16.906278 49.911244
28.542349 16.478933 49.474390
29.320509 16.928204 51.376124
30.409189 17.556753 52.018923
30.417752 17.561697 53.351612
32.525487 18.778599 51.849855
31.466593 18.167246 51.192872
31.407021 18.132852 49.838057
27.329312 15.778586 54.366589
34.585564 19.967985 48.849745
38.769013 4.931377 39.299093
46.986485 0.256378 45.243713
40.778826 5.117964 40.449665
42.808373 3.946205 41.858945
43.967050 3.277242 42.635637
45.973139 2.119026 44.081795
39.637276 5.777038 39.655952
47.098679 1.469195 44.877777
40.690833 3.777675 40.779858
39.919003 3.271009 40.517179
41.704552 3.165462 41.484498
43.837480 1.933299 42.969802
44.869070 1.373107 43.676144
44.829728 0.439956 43.897976
41.641629 1.785190 41.878234
40.845845 1.279169 41.698954
42.699529 1.178566 42.506283
42.682030 0.228218 42.640743
24.821700 1.845379 37.416649
35.685413 8.058647 29.271873
37.232426 7.165479 26.549761
37.232426 7.165479 28.573474
26.371319 13.436142 21.862373
27.436542 12.821135 20.015105
34.429187 8.783930 28.003861
35.526430 8.150436 26.215596
28.318209 12.312105 23.483840
27.573558 12.742029 23.911049
28.378526 12.277281 22.145478
29.456408 11.654965 21.533314
29.515980 11.620571 20.575639
31.582386 10.427531 21.655861
31.644192 10.391847 20.698753
32.522757 9.884751 22.386031
33.255990 9.461276 21.933859
33.533744 9.300914 24.566330
34.266109 8.878083 24.111888
33.534489 9.300484 25.980716
32.430544 9.937847 26.558839
32.372089 9.971596 27.516514
30.228983 11.208919 26.476007
30.170900 11.242453 27.433682
29.282532 11.755353 25.734489
28.542349 12.182698 26.171343
29.320509 11.733427 24.269610
30.409189 11.104877 23.626810
30.417752 11.099933 22.294121
32.525487 9.883032 23.795878
31.466593 10.494384 24.452862
31.407021 10.528778 25.807677
27.329312 12.883045 21.279145
34.585564 8.693646 26.795988
26.358163 2.234031 36.346640
34.575635 6.909029 30.402020
28.367976 2.047444 35.196069
30.397523 3.219203 33.786789
31.556200 3.888165 33.010096
33.562289 5.046382 31.563939
27.226426 1.388369 35.989781
34.687829 5.696212 30.767956
28.279983 3.387733 34.865875
27.508153 3.894399 35.128555
29.293702 3.999945 34.161235
31.426630 5.232109 32.675931
32.458220 5.792301 31.969589
32.418878 6.725452 31.747758
29.230779 5.380218 33.767499
28.434995 5.886239 33.946779
30.288679 5.986841 33.139450
30.271180 6.937189 33.004990
35.634405 20.573533 37.416649
37.232550 5.378928 29.271873
24.821700 16.120161 21.862373
24.821700 17.350175 20.015105
37.232550 3.928363 28.003861
37.232550 5.195350 26.215596
24.821700 18.368236 23.483840
24.821700 17.508387 23.911049
24.821700 18.437883 22.145478
24.821700 19.682515 21.533314
24.821700 19.751303 20.575639
37.232550 0.641161 21.655861
37.232550 0.712528 20.698753
37.232426 1.726935 22.386031
37.232550 2.573671 21.933859
37.232550 2.894395 24.566330
37.232550 3.740056 24.111888
37.232550 2.895255 25.980716
37.232550 1.620529 26.558839
37.232550 1.553030 27.516514
24.821700 20.574608 26.476007
24.821700 20.507540 27.433682
24.821700 19.481740 25.734489
24.821700 18.627050 26.171343
24.821700 19.525592 24.269610
24.821700 20.782691 23.626810
24.821700 20.792580 22.294121
37.232550 1.730159 23.795878
37.232550 0.507454 24.452862
37.232550 0.438666 25.807677
24.821700 17.226356 21.279145
37.232550 4.108931 26.795988
46.940441 0.213601 36.346640
38.783037 4.992641 30.402020
46.097124 2.047444 35.196069
44.067577 3.219203 33.786789
42.908900 3.888165 33.010096
40.902811 5.046382 31.563939
47.238674 1.388369 35.989781
39.777271 5.696212 30.767956
44.980395 1.301095 34.865875
44.927525 0.379337 35.128555
43.943345 1.872894 34.161235
41.809796 3.103983 32.675931
40.808861 3.717270 31.969589
40.020399 3.216623 31.747758
42.779455 1.128265 33.767499
42.739120 0.186086 33.946779
41.725154 1.741122 33.139450
40.910878 1.250794 33.004990
14.008995 20.573533 37.416649
38.779687 8.058647 29.271873
23.272081 13.436142 21.862373
22.206858 12.821135 20.015105
40.035913 8.783930 28.003861
38.938670 8.150436 26.215596
21.325191 12.312105 23.483840
22.069842 12.742029 23.911049
21.264874 12.277281 22.145478
20.186992 11.654965 21.533314
20.127420 11.620571 20.575639
42.882714 10.427531 21.655861
42.820908 10.391847 20.698753
41.942468 9.884536 22.386031
41.209110 9.461276 21.933859
40.931356 9.300914 24.566330
40.198991 8.878083 24.111888
40.930611 9.300484 25.980716
42.034556 9.937847 26.558839
42.093011 9.971596 27.516514
19.414417 11.208919 26.476007
19.472500 11.242453 27.433682
20.360868 11.755353 25.734489
21.101051 12.182698 26.171343
20.322891 11.733427 24.269610
19.234211 11.104877 23.626810
19.225648 11.099933 22.294121
41.939613 9.883032 23.795878
42.998507 10.494384 24.452862
43.058079 10.528778 25.807677
22.314088 12.883045 21.279145
39.879536 8.693646 26.795988
38.399046 19.048591 36.346640
38.338977 9.594552 30.402020
37.232550 17.401336 35.196069
37.232550 15.057817 33.786789
37.232550 13.719893 33.010096
37.232550 11.403460 31.563939
37.232550 18.719484 35.989781
37.232550 10.103798 30.767956
38.437271 16.807395 34.865875
39.261972 17.222487 35.128555
38.460604 15.623383 34.161235
38.461224 13.160131 32.675931
38.430569 11.986652 31.969589
39.258373 11.554148 31.747758
39.687416 14.987740 33.767499
40.523535 15.423898 33.946779
39.683817 13.768259 33.139450
40.515592 13.308240 33.004990
36.066054 19.048591 36.346640
36.126123 9.594552 30.402020
36.027829 16.807395 34.865875
35.203128 17.222487 35.128555
36.004496 15.623383 34.161235
36.003876 13.160131 32.675931
36.034531 11.986652 31.969589
35.206727 11.554148 31.747758
34.777684 14.987740 33.767499
33.941565 15.423898 33.946779
34.781283 13.768259 33.139450
33.949508 13.308240 33.004990
27.524659 0.213601 36.346640
35.682063 4.992641 30.402020
29.484705 1.301095 34.865875
29.537575 0.379337 35.128555
30.521755 1.872894 34.161235
32.655304 3.103983 32.675931
33.656239 3.717270 31.969589
34.444701 3.216623 31.747758
31.685645 1.128265 33.767499
31.725980 0.186086 33.946779
32.739946 1.741122 33.139450
33.554222 1.250794 33.004990
48.106937 2.234031 36.346640
39.889465 6.909029 30.402020
46.185117 3.387733 34.865875
46.956947 3.894399 35.128555
45.171398 3.999945 34.161235
43.038470 5.232109 32.675931
42.006880 5.792301 31.969589
42.046222 6.725452 31.747758
45.234321 5.380218 33.767499
46.030105 5.886239 33.946779
44.176421 5.986841 33.139450
44.193920 6.937189 33.004990
35.696087 4.931377 39.299093
27.478615 0.256378 45.243713
33.774267 3.777675 40.779858
34.546097 3.271009 40.517179
32.760548 3.165462 41.484498
30.627620 1.933299 42.969802
29.596030 1.373107 43.676144
29.635372 0.439956 43.897976
32.823471 1.785190 41.878234
33.619255 1.279169 41.698954
31.765571 1.178566 42.506283
31.783070 0.228218 42.640743
39.935509 6.951807 39.299093
48.092913 2.172767 45.243713
41.895555 5.864313 40.779858
41.948425 6.786071 40.517179
42.932605 5.292513 41.484498
45.066154 4.061425 42.969802
46.067089 3.448137 43.676144
46.855551 3.948784 43.897976
44.096495 6.037143 41.878234
44.136830 6.979322 41.698954
45.150796 5.424285 42.506283
45.965072 5.914614 42.640743
36.066054 9.613039 39.299093
36.126123 19.067078 45.243713
36.027829 11.854235 40.779858
35.203128 11.439143 40.517179
36.004496 13.038247 41.484498
36.003876 15.501499 42.969802
36.034531 16.674978 43.676144
35.206727 17.107482 43.897976
34.777684 13.673891 41.878234
33.941565 13.237732 41.698954
34.781283 14.893371 42.506283
33.949508 15.353390 42.640743
24.821576 14.330887 111.294542
26.419845 15.253505 57.140518
38.779687 6.272168 65.285294
37.232674 7.165336 68.007405
24.821576 14.330887 113.215565
37.232674 7.165336 65.983693
48.093781 0.894673 72.694793
47.028558 1.509680 74.542062
40.035913 5.546885 66.553305
38.938670 6.180379 68.341570
46.146891 2.018710 71.073327
46.891542 1.588786 70.646118
46.086574 2.053534 72.411689
45.008692 2.675850 73.023852
44.949120 2.710244 73.981527
42.882714 3.903284 72.901306
42.820908 3.938968 73.858414
41.942468 4.446279 72.171136
41.209110 4.869539 72.623308
40.931356 5.029901 69.990837
40.198991 5.452732 70.445278
40.930611 5.030331 68.576450
42.034556 4.392968 67.998328
42.093011 4.359219 67.040653
44.236117 3.121896 68.081160
44.294200 3.088362 67.123485
45.182568 2.575462 68.822677
45.922751 2.148118 68.385823
45.144591 2.597389 70.287557
44.055911 3.225938 70.930357
44.047348 3.230882 72.263045
41.939613 4.447783 70.761288
42.998507 3.836431 70.104305
43.058079 3.802037 68.749490
47.135788 1.447771 73.278022
39.879536 5.637169 67.761179
25.988196 16.778447 58.210526
38.338977 4.736263 64.155146
24.821700 18.425702 59.361098
24.821700 20.769221 60.770378
37.232550 0.610923 61.547071
37.232550 2.927356 62.993228
24.821700 17.107554 58.567385
37.232550 4.227017 63.789210
26.026421 19.019643 59.691292
26.851122 18.604551 59.428612
26.049754 20.203655 60.395932
38.461224 1.170684 61.881236
38.430569 2.344163 62.587578
39.258373 2.776667 62.809409
27.276566 20.839298 60.789668
28.112685 20.403140 60.610387
39.683817 0.562556 61.417716
40.515592 1.022575 61.552177
23.223555 15.253505 57.140518
37.232550 8.951887 65.285294
37.232550 19.706877 72.694793
37.232550 18.476863 74.542062
37.232550 10.402452 66.553305
37.232550 9.135465 68.341570
37.232550 17.458802 71.073327
37.232550 18.318651 70.646118
37.232550 17.389154 72.411689
37.232550 16.144523 73.023852
37.232550 16.075735 73.981527
37.232550 13.689655 72.901306
37.232550 13.618287 73.858414
37.232426 12.603880 72.171136
37.232550 11.757144 72.623308
37.232550 11.436420 69.990837
37.232550 10.590759 70.445278
37.232550 11.435561 68.576450
37.232550 12.710287 67.998328
37.232550 12.777785 67.040653
37.232550 15.252430 68.081160
37.232550 15.319498 67.123485
37.232550 16.345298 68.822677
37.232550 17.199988 68.385823
37.232550 16.301446 70.287557
37.232550 15.044346 70.930357
37.232550 15.034458 72.263045
37.232550 12.600656 70.761288
37.232550 13.823361 70.104305
37.232550 13.892149 68.749490
37.232550 18.600682 73.278022
37.232550 10.221884 67.761179
22.118741 14.117214 58.210526
38.783037 9.338174 64.155146
21.275424 12.283372 59.361098
19.245877 11.111613 60.770378
42.908900 10.442650 61.547071
40.902811 9.284434 62.993228
22.416974 12.942446 58.567385
39.777271 8.634603 63.789210
20.158695 13.029720 59.691292
20.105825 13.951478 59.428612
19.121645 12.457921 60.395932
41.809796 11.226832 61.881236
40.808861 10.613545 62.587578
40.020399 11.114192 62.809409
17.957755 13.202550 60.789668
17.917420 14.144730 60.610387
41.725154 12.589693 61.417716
40.910878 13.080022 61.552177
24.821700 12.485436 57.140518
35.685413 6.272168 65.285294
26.371319 0.894673 72.694793
27.436542 1.509680 74.542062
34.429187 5.546885 66.553305
35.526430 6.180379 68.341570
28.318209 2.018710 71.073327
27.573558 1.588786 70.646118
28.378526 2.053534 72.411689
29.456408 2.675850 73.023852
29.515980 2.710244 73.981527
31.582386 3.903284 72.901306
31.644192 3.938968 73.858414
32.522757 4.446064 72.171136
33.255990 4.869539 72.623308
33.533744 5.029901 69.990837
34.266109 5.452732 70.445278
33.534489 5.030331 68.576450
32.430544 4.392968 67.998328
32.372089 4.359219 67.040653
30.228983 3.121896 68.081160
30.170900 3.088362 67.123485
29.282532 2.575462 68.822677
28.542349 2.148118 68.385823
29.320509 2.597389 70.287557
30.409189 3.225938 70.930357
30.417752 3.230882 72.263045
32.525487 4.447783 70.761288
31.466593 3.836431 70.104305
31.407021 3.802037 68.749490
27.329312 1.447771 73.278022
34.585564 5.637169 67.761179
26.358163 12.096784 58.210526
34.575635 7.421786 64.155146
28.367976 12.283372 59.361098
30.397523 11.111613 60.770378
31.556200 10.442650 61.547071
33.562289 9.284434 62.993228
27.226426 12.942446 58.567385
34.687829 8.634603 63.789210
28.279983 10.943082 59.691292
27.508153 10.436416 59.428612
29.293702 10.330870 60.395932
31.426630 9.098706 61.881236
32.458220 8.538515 62.587578
32.418878 7.605364 62.809409
29.230779 8.950597 60.789668
28.434995 8.444576 60.610387
30.288679 8.343974 61.417716
30.271180 7.393626 61.552177
37.232674 7.165336 58.908358
37.232550 9.010787 113.062382
23.274563 15.224055 104.917606
24.821576 14.330887 102.195495
37.232674 7.165336 56.987335
24.821576 14.330887 104.219207
13.960469 20.601550 97.508107
15.025692 19.986543 95.660838
22.018337 15.949337 103.649595
23.115580 15.315844 101.861330
15.907359 19.477512 99.129573
15.162708 19.907437 99.556782
15.967676 19.442689 97.791211
17.045558 18.820373 97.179048
17.105130 18.785979 96.221373
19.171536 17.592939 97.301594
19.233342 17.557255 96.344486
20.111907 17.050159 98.031764
20.845140 16.626683 97.579592
21.122894 16.466322 100.212063
21.855259 16.043491 99.757622
21.123639 16.465892 101.626450
20.019694 17.103255 102.204572
19.961239 17.137004 103.162247
17.818133 18.374326 102.121740
17.760050 18.407860 103.079415
16.871682 18.920760 101.380223
16.131499 19.348105 101.817077
16.909659 18.898834 99.915343
17.998339 18.270285 99.272543
18.006902 18.265340 97.939855
20.114637 17.048439 99.441612
19.055743 17.659792 100.098595
18.996171 17.694186 101.453410
14.918462 20.048452 96.924878
22.174714 15.859053 102.441721
38.769013 9.399438 111.992374
22.164785 14.074437 106.047754
40.778826 9.212851 110.841802
42.808373 10.384610 109.432522
19.145350 11.053573 108.655829
21.151439 12.211789 107.209672
39.637276 8.553777 111.635515
22.276979 12.861620 106.413690
40.690833 10.553141 110.511608
39.919003 11.059807 110.774288
41.704552 11.165353 109.806968
19.015780 12.397517 108.321664
20.047370 12.957708 107.615322
20.008028 13.890859 107.393491
41.641629 12.545626 109.413232
40.845845 13.051647 109.592513
17.877829 13.152249 108.785184
17.860330 14.102597 108.650723
35.634405 6.242718 113.062382
24.821700 12.544336 104.917606
24.821700 1.789346 97.508107
24.821700 3.019359 95.660838
24.821700 11.093771 103.649595
24.821700 12.360758 101.861330
24.821700 4.037421 99.129573
24.821700 3.177572 99.556782
24.821700 4.107068 97.791211
24.821700 5.351700 97.179048
24.821700 5.420488 96.221373
24.821700 7.806568 97.301594
24.821700 7.877936 96.344486
24.821576 8.892342 98.031764
24.821700 9.739079 97.579592
24.821700 10.059802 100.212063
24.821700 10.905464 99.757622
24.821700 10.060662 101.626450
24.821700 8.785936 102.204572
24.821700 8.718438 103.162247
24.821700 6.243793 102.121740
24.821700 6.176725 103.079415
24.821700 5.150925 101.380223
24.821700 4.296235 101.817077
24.821700 5.194777 99.915343
24.821700 6.451876 99.272543
24.821700 6.461765 97.939855
24.821700 8.895567 99.441612
24.821700 7.672862 100.098595
24.821700 7.604074 101.453410
24.821700 2.895541 96.924878
24.821700 11.274339 102.441721
34.529591 7.379008 111.992374
26.372187 12.158049 106.047754
33.686274 9.212851 110.841802
31.656727 10.384610 109.432522
30.498050 11.053573 108.655829
28.491961 12.211789 107.209672
34.827824 8.553777 111.635515
27.366421 12.861620 106.413690
32.569545 8.466502 110.511608
32.516675 7.544744 110.774288
31.532495 9.038302 109.806968
29.398946 10.269391 108.321664
28.398011 10.882678 107.615322
27.609549 10.382031 107.393491
30.368605 8.293673 109.413232
30.328270 7.351493 109.592513
29.314304 8.906530 108.785184
28.500028 8.416201 108.650723
38.830695 6.242718 113.062382
26.368837 15.224055 104.917606
35.682931 20.601550 97.508107
34.617708 19.986543 95.660838
27.625063 15.949337 103.649595
26.527820 15.315844 101.861330
33.736041 19.477512 99.129573
34.480692 19.907437 99.556782
33.675724 19.442689 97.791211
32.597842 18.820373 97.179048
32.538270 18.785979 96.221373
30.471864 17.592939 97.301594
30.410058 17.557255 96.344486
29.531618 17.049944 98.031764
28.798260 16.626683 97.579592
28.520506 16.466322 100.212063
27.788141 16.043491 99.757622
28.519761 16.465892 101.626450
29.623706 17.103255 102.204572
29.682161 17.137004 103.162247
31.825267 18.374326 102.121740
31.883350 18.407860 103.079415
32.771718 18.920760 101.380223
33.511901 19.348105 101.817077
32.733741 18.898834 99.915343
31.645061 18.270285 99.272543
31.636498 18.265340 97.939855
29.528763 17.048439 99.441612
30.587657 17.659792 100.098595
30.647229 17.694186 101.453410
34.724938 20.048452 96.924878
27.468686 15.859053 102.441721
38.399046 4.717776 111.992374
25.928127 16.759960 106.047754
37.232550 3.070520 110.841802
37.232550 0.727002 109.432522
24.821700 20.885300 108.655829
24.821700 18.568867 107.209672
37.232550 4.388669 111.635515
24.821700 17.269206 106.413690
38.437271 2.476580 110.511608
39.261972 2.891672 110.774288
38.460604 1.292568 109.806968
26.050374 20.325538 108.321664
26.019719 19.152060 107.615322
26.847523 18.719556 107.393491
39.687416 0.656925 109.413232
40.523535 1.093083 109.592513
27.272967 20.933667 108.785184
28.104742 20.473647 108.650723
36.066054 4.717776 111.992374
23.715273 16.759960 106.047754
36.027829 2.476580 110.511608
35.203128 2.891672 110.774288
36.004496 1.292568 109.806968
23.593026 20.325538 108.321664
23.623681 19.152060 107.615322
22.795877 18.719556 107.393491
34.777684 0.656925 109.413232
33.941565 1.093083 109.592513
22.370433 20.933667 108.785184
21.538658 20.473647 108.650723
39.935509 7.379008 111.992374
23.271213 12.158049 106.047754
41.895555 8.466502 110.511608
41.948425 7.544744 110.774288
42.932605 9.038302 109.806968
20.244454 10.269391 108.321664
21.245389 10.882678 107.615322
22.033851 10.382031 107.393491
44.096495 8.293673 109.413232
44.136830 7.351493 109.592513
20.329096 8.906530 108.785184
21.143372 8.416201 108.650723
35.696087 9.399438 111.992374
27.478615 14.074437 106.047754
33.774267 10.553141 110.511608
34.546097 11.059807 110.774288
32.760548 11.165353 109.806968
30.627620 12.397517 108.321664
29.596030 12.957708 107.615322
29.635372 13.890859 107.393491
32.823471 12.545626 109.413232
33.619255 13.051647 109.592513
31.765571 13.152249 108.785184
31.783070 14.102597 108.650723
23.285237 12.096784 58.210526
39.889465 7.421786 64.155146
21.363417 10.943082 59.691292
22.135247 10.436416 59.428612
20.349698 10.330870 60.395932
43.038470 9.098706 61.881236
42.006880 8.538515 62.587578
42.046222 7.605364 62.809409
20.412621 8.950597 60.789668
21.208405 8.444576 60.610387
44.176421 8.343974 61.417716
44.193920 7.393626 61.552177
27.524659 14.117214 58.210526
35.682063 9.338174 64.155146
29.484705 13.029720 59.691292
29.537575 13.951478 59.428612
30.521755 12.457921 60.395932
32.655304 11.226832 61.881236
33.656239 10.613545 62.587578
34.444701 11.114192 62.809409
31.685645 13.202550 60.789668
31.725980 14.144730 60.610387
32.739946 12.589693 61.417716
33.554222 13.080022 61.552177
23.655204 16.778447 58.210526
36.126123 4.736263 64.155146
23.616979 19.019643 59.691292
22.792278 18.604551 59.428612
23.593646 20.203655 60.395932
36.003876 1.170684 61.881236
36.034531 2.344163 62.587578
35.206727 2.776667 62.809409
22.366834 20.839298 60.789668
21.530715 20.403140 60.610387
34.781283 0.562556 61.417716
33.949508 1.022575 61.552177
26.419845 0.922690 76.051951
26.368837 13.437575 84.196727
24.821824 14.330744 86.918839
24.821824 14.330744 84.895126
35.682931 8.060080 91.606227
34.617708 8.675087 93.453495
27.625063 12.712293 85.464739
26.527820 13.345787 87.253004
33.736041 9.184118 89.984760
34.480692 8.754193 89.557551
33.675724 9.218942 91.323122
32.597842 9.841257 91.935286
32.538270 9.875651 92.892961
30.471864 11.068692 91.812739
30.410058 11.104375 92.769847
29.531618 11.611686 91.082569
28.798260 12.034947 91.534741
28.520506 12.195309 88.902270
27.788141 12.618139 89.356712
28.519761 12.195739 87.487884
29.623706 11.558376 86.909761
29.682161 11.524627 85.952086
31.825267 10.287304 86.992593
31.883350 10.253770 86.034918
32.771718 9.740870 87.734111
33.511901 9.313525 87.297257
32.733741 9.762796 89.198990
31.645061 10.391346 89.841790
31.636498 10.396290 91.174479
29.528763 11.613191 89.672722
30.587657 11.001838 89.015738
30.647229 10.967445 87.660923
34.724938 8.613178 92.189455
27.468686 12.802577 86.672612
25.988196 2.447632 77.121960
25.928127 11.901670 83.066580
24.821700 4.094887 78.272531
24.821700 6.438405 79.681811
24.821700 7.776330 80.458504
24.821700 10.092763 81.904661
24.821700 2.776739 77.478819
24.821700 11.392425 82.700644
26.026421 4.688828 78.602725
26.851122 4.273736 78.340045
26.049754 5.872840 79.307365
26.050374 8.336092 80.792669
26.019719 9.509571 81.499011
26.847523 9.942075 81.720842
27.276566 6.508483 79.701101
28.112685 6.072325 79.521821
27.272967 7.727964 80.329150
28.104742 8.187983 80.463610
48.045255 0.922690 76.051951
24.821700 16.117295 84.196727
37.232550 5.376062 91.606227
37.232550 4.146048 93.453495
24.821700 17.567860 85.464739
24.821700 16.300872 87.253004
37.232550 3.127987 89.984760
37.232550 3.987836 89.557551
37.232550 3.058339 91.323122
37.232550 1.813708 91.935286
37.232550 1.744920 92.892961
24.821700 20.855062 91.812739
24.821700 20.783695 92.769847
24.821576 19.769288 91.082569
24.821700 18.922552 91.534741
24.821700 18.601828 88.902270
24.821700 17.756167 89.356712
24.821700 18.600968 87.487884
24.821700 19.875694 86.909761
24.821700 19.943192 85.952086
37.232550 0.921615 86.992593
37.232550 0.988683 86.034918
37.232550 2.014483 87.734111
37.232550 2.869173 87.297257
37.232550 1.970630 89.198990
37.232550 0.713531 89.841790
37.232550 0.703643 91.174479
24.821700 19.766063 89.672722
24.821700 20.988769 89.015738
24.821700 21.057557 87.660923
37.232550 4.269866 92.189455
24.821700 17.387291 86.672612
34.529591 21.282622 77.121960
26.372187 16.503582 83.066580
33.686274 19.448779 78.272531
31.656727 18.277020 79.681811
30.498050 17.608058 80.458504
28.491961 16.449841 81.904661
34.827824 20.107853 77.478819
27.366421 15.800010 82.700644
32.569545 20.195128 78.602725
32.516675 21.116886 78.340045
31.532495 19.623329 79.307365
29.398946 18.392240 80.792669
28.398011 17.778953 81.499011
27.609549 18.279600 81.720842
30.368605 20.367958 79.701101
30.328270 21.310137 79.521821
29.314304 19.755100 80.329150
28.500028 20.245429 80.463610
37.232550 19.650844 76.051951
23.274563 13.437575 84.196727
38.782169 8.060080 91.606227
39.847392 8.675087 93.453495
22.018337 12.712293 85.464739
23.115580 13.345787 87.253004
40.729059 9.184118 89.984760
39.984408 8.754193 89.557551
40.789376 9.218942 91.323122
41.867258 9.841257 91.935286
41.926830 9.875651 92.892961
19.171536 11.068692 91.812739
19.233342 11.104375 92.769847
20.111907 11.611471 91.082569
20.845140 12.034947 91.534741
21.122894 12.195309 88.902270
21.855259 12.618139 89.356712
21.123639 12.195739 87.487884
20.019694 11.558376 86.909761
19.961239 11.524627 85.952086
42.639833 10.287304 86.992593
42.581750 10.253770 86.034918
41.693382 9.740870 87.734111
40.953199 9.313525 87.297257
41.731359 9.762796 89.198990
42.820039 10.391346 89.841790
42.828602 10.396290 91.174479
20.114637 11.613191 89.672722
19.055743 11.001838 89.015738
18.996171 10.967445 87.660923
39.740162 8.613178 92.189455
22.174714 12.802577 86.672612
13.947313 19.262192 77.121960
22.164785 14.587193 83.066580
15.957126 19.448779 78.272531
17.986673 18.277020 79.681811
19.145350 17.608058 80.458504
21.151439 16.449841 81.904661
14.815576 20.107853 77.478819
22.276979 15.800010 82.700644
15.869133 18.108490 78.602725
15.097303 17.601824 78.340045
16.882852 17.496277 79.307365
19.015780 16.264114 80.792669
20.047370 15.703922 81.499011
20.008028 14.770771 81.720842
16.819929 16.116005 79.701101
16.024145 15.609984 79.521821
17.877829 15.509381 80.329150
17.860330 14.559033 80.463610
24.821824 14.330744 77.819792
24.821700 16.176194 75.239516
48.096263 0.893240 67.094740
24.821824 14.330744 75.898768
38.782169 6.270735 59.685240
39.847392 5.655728 57.837971
46.840037 1.618522 65.826728
47.937280 0.985029 64.038463
40.729059 5.146697 61.306706
39.984408 5.576622 61.733916
40.789376 5.111873 59.968344
41.867258 4.489558 59.356181
41.926830 4.455164 58.398506
43.993236 3.262123 59.478727
44.055042 3.226440 58.521620
44.933607 2.719344 60.208898
45.666840 2.295868 59.756725
45.944594 2.135506 62.389197
46.676959 1.712676 61.934755
45.945339 2.135076 63.803583
44.841394 2.772440 64.381705
44.782939 2.806189 65.339380
42.639833 4.043511 64.298873
42.581750 4.077045 65.256548
41.693382 4.589945 63.557356
40.953199 5.017290 63.994210
41.731359 4.568019 62.092476
42.820039 3.939469 61.449677
42.828602 3.934525 60.116988
44.936337 2.717624 61.618745
43.877443 3.328977 62.275728
43.817871 3.363371 63.630543
39.740162 5.717637 59.102011
46.996414 1.528238 64.618855
26.358163 16.564846 74.169507
34.575635 21.239844 68.224887
28.367976 16.378259 73.018935
30.397523 17.550018 71.609655
31.556200 18.218980 70.832963
33.562289 19.377197 69.386805
27.226426 15.719185 73.812648
34.687829 20.027028 68.590823
28.279983 17.718548 72.688742
27.508153 18.225214 72.951421
29.293702 18.330761 71.984102
31.426630 19.562924 70.498798
32.458220 20.123116 69.792456
32.418878 21.056267 69.570624
29.230779 19.711033 71.590366
28.434995 20.217054 71.769646
30.288679 20.317657 70.962317
30.271180 21.268005 70.827857
23.223555 13.408126 75.239516
37.232550 19.709743 67.094740
37.232550 8.954753 59.685240
37.232550 10.184767 57.837971
37.232550 18.259178 65.826728
37.232550 19.526166 64.038463
37.232550 11.202828 61.306706
37.232550 10.342979 61.733916
37.232550 11.272476 59.968344
37.232550 12.517107 59.356181
37.232550 12.585895 58.398506
37.232550 14.971976 59.478727
37.232550 15.043343 58.521620
37.232426 16.057750 60.208898
37.232550 16.904486 59.756725
37.232550 17.225210 62.389197
37.232550 18.070871 61.934755
37.232550 17.226070 63.803583
37.232550 15.951344 64.381705
37.232550 15.883846 65.339380
37.232550 13.409200 64.298873
37.232550 13.342132 65.256548
37.232550 12.316332 63.557356
37.232550 11.461643 63.994210
37.232550 12.360185 62.092476
37.232550 13.617284 61.449677
37.232550 13.627172 60.116988
37.232550 16.060974 61.618745
37.232550 14.838269 62.275728
37.232550 14.769481 63.630543
37.232550 10.060949 59.102011
37.232550 18.439747 64.618855
22.118741 14.544416 74.169507
13.961337 19.323456 68.224887
21.275424 16.378259 73.018935
19.245877 17.550018 71.609655
18.087200 18.218980 70.832963
16.081111 19.377197 69.386805
22.416974 15.719185 73.812648
14.955571 20.027028 68.590823
20.158695 15.631910 72.688742
20.105825 14.710152 72.951421
19.121645 16.203709 71.984102
16.988096 17.434798 70.498798
15.987161 18.048085 69.792456
15.198699 17.547438 69.570624
17.957755 15.459080 71.590366
17.917420 14.516901 71.769646
16.903454 16.071938 70.962317
16.089178 15.581609 70.827857
26.419845 13.408126 75.239516
26.368837 0.893240 67.094740
35.682931 6.270735 59.685240
34.617708 5.655728 57.837971
27.625063 1.618522 65.826728
26.527820 0.985029 64.038463
33.736041 5.146697 61.306706
34.480692 5.576622 61.733916
33.675724 5.111873 59.968344
32.597842 4.489558 59.356181
32.538270 4.455164 58.398506
30.471864 3.262123 59.478727
30.410058 3.226440 58.521620
29.531618 2.719129 60.208898
28.798260 2.295868 59.756725
28.520506 2.135506 62.389197
27.788141 1.712676 61.934755
28.519761 2.135076 63.803583
29.623706 2.772440 64.381705
29.682161 2.806189 65.339380
31.825267 4.043511 64.298873
31.883350 4.077045 65.256548
32.771718 4.589945 63.557356
33.511901 5.017290 63.994210
32.733741 4.568019 62.092476
31.645061 3.939469 61.449677
31.636498 3.934525 60.116988
29.528763 2.717624 61.618745
30.587657 3.328977 62.275728
30.647229 3.363371 63.630543
34.724938 5.717637 59.102011
27.468686 1.528238 64.618855
25.988196 11.883184 74.169507
25.928127 2.429145 68.224887
24.821700 10.235928 73.018935
24.821700 7.892410 71.609655
24.821700 6.554485 70.832963
24.821700 4.238052 69.386805
24.821700 11.554076 73.812648
24.821700 2.938390 68.590823
26.026421 9.641987 72.688742
26.851122 10.057079 72.951421
26.049754 8.457975 71.984102
26.050374 5.994723 70.498798
26.019719 4.821244 69.792456
26.847523 4.388740 69.570624
27.276566 7.822332 71.590366
28.112685 8.258491 71.769646
27.272967 6.602851 70.962317
28.104742 6.142832 70.827857
23.655204 11.883184 74.169507
23.715273 2.429145 68.224887
23.616979 9.641987 72.688742
22.792278 10.057079 72.951421
23.593646 8.457975 71.984102
23.593026 5.994723 70.498798
23.623681 4.821244 69.792456
22.795877 4.388740 69.570624
22.366834 7.822332 71.590366
21.530715 8.258491 71.769646
22.370433 6.602851 70.962317
21.538658 6.142832 70.827857
27.524659 14.544416 74.169507
35.682063 19.323456 68.224887
29.484705 15.631910 72.688742
29.537575 14.710152 72.951421
30.521755 16.203709 71.984102
32.655304 17.434798 70.498798
33.656239 18.048085 69.792456
34.444701 17.547438 69.570624
31.685645 15.459080 71.590366
31.725980 14.516901 71.769646
32.739946 16.071938 70.962317
33.554222 15.581609 70.827857
23.285237 16.564846 74.169507
15.067765 21.239844 68.224887
21.363417 17.718548 72.688742
22.135247 18.225214 72.951421
20.349698 18.330761 71.984102
18.216770 19.562924 70.498798
17.185180 20.123116 69.792456
17.224522 21.056267 69.570624
20.412621 19.711033 71.590366
21.208405 20.217054 71.769646
19.354721 20.317657 70.962317
19.372220 21.268005 70.827857
35.696087 19.262192 77.121960
27.478615 14.587193 83.066580
33.774267 18.108490 78.602725
34.546097 17.601824 78.340045
32.760548 17.496277 79.307365
30.627620 16.264114 80.792669
29.596030 15.703922 81.499011
29.635372 14.770771 81.720842
32.823471 16.116005 79.701101
33.619255 15.609984 79.521821
31.765571 15.509381 80.329150
31.783070 14.559033 80.463610
15.113809 21.282622 77.121960
23.271213 16.503582 83.066580
17.073855 20.195128 78.602725
17.126725 21.116886 78.340045
18.110905 19.623329 79.307365
20.244454 18.392240 80.792669
21.245389 17.778953 81.499011
22.033851 18.279600 81.720842
19.274795 20.367958 79.701101
19.315130 21.310137 79.521821
20.329096 19.755100 80.329150
21.143372 20.245429 80.463610
23.655204 2.447632 77.121960
23.715273 11.901670 83.066580
23.616979 4.688828 78.602725
22.792278 4.273736 78.340045
23.593646 5.872840 79.307365
23.593026 8.336092 80.792669
23.623681 9.509571 81.499011
22.795877 9.942075 81.720842
22.366834 6.508483 79.701101
21.530715 6.072325 79.521821
22.370433 7.727964 80.329150
21.538658 8.187983 80.463610
37.232426 7.165479 92.383108
38.830695 8.088097 94.963384
13.957987 20.602983 103.108160
37.232426 7.165479 94.304132
23.272081 15.225488 110.517660
22.206858 15.840495 112.364929
15.214213 19.877700 104.376172
14.116970 20.511194 106.164437
21.325191 16.349525 108.896194
22.069842 15.919601 108.468984
21.264874 16.384349 110.234556
20.186992 17.006665 110.846719
20.127420 17.041059 111.804394
18.061014 18.234099 110.724173
17.999208 18.269783 111.681280
17.120768 18.777094 109.994002
16.387410 19.200355 110.446175
16.109656 19.360716 107.813703
15.377291 19.783547 108.268145
16.108911 19.361146 106.399317
17.212856 18.723783 105.821195
17.271311 18.690034 104.863520
19.414417 17.452712 105.904027
19.472500 17.419178 104.946352
20.360868 16.906278 106.645544
21.101051 16.478933 106.208690
20.322891 16.928204 108.110424
19.234211 17.556753 108.753223
19.225648 17.561697 110.085912
17.117913 18.778599 108.584155
18.176807 18.167246 107.927172
18.236379 18.132852 106.572357
22.314088 15.778586 111.100889
15.057836 19.967985 105.584045
38.399046 9.613039 96.033393
38.338977 19.067078 101.978013
37.232550 11.260295 97.183965
37.232550 13.603813 98.593245
37.232550 14.941738 99.369937
37.232550 17.258171 100.816095
37.232550 9.942146 96.390252
37.232550 18.557832 101.612077
38.437271 11.854235 97.514158
39.261972 11.439143 97.251479
38.460604 13.038247 98.218798
38.461224 15.501499 99.704102
38.430569 16.674978 100.410444
39.258373 17.107482 100.632276
39.687416 13.673891 98.612534
40.523535 13.237732 98.433254
39.683817 14.893371 99.240583
40.515592 15.353390 99.375043
35.634405 8.088097 94.963384
24.821700 1.786479 103.108160
24.821700 12.541470 110.517660
24.821700 11.311456 112.364929
24.821700 3.237045 104.376172
24.821700 1.970057 106.164437
24.821700 10.293395 108.896194
24.821700 11.153244 108.468984
24.821700 10.223747 110.234556
24.821700 8.979116 110.846719
24.821700 8.910328 111.804394
24.821700 6.524247 110.724173
24.821700 6.452879 111.681280
24.821576 5.438473 109.994002
24.821700 4.591736 110.446175
24.821700 4.271013 107.813703
24.821700 3.425351 108.268145
24.821700 4.270153 106.399317
24.821700 5.544879 105.821195
24.821700 5.612377 104.863520
24.821700 8.087022 105.904027
24.821700 8.154091 104.946352
24.821700 9.179890 106.645544
24.821700 10.034580 106.208690
24.821700 9.136038 108.110424
24.821700 7.878939 108.753223
24.821700 7.869051 110.085912
24.821700 5.435248 108.584155
24.821700 6.657953 107.927172
24.821700 6.726741 106.572357
24.821700 11.435274 111.100889
24.821700 3.056476 105.584045
34.529591 6.951807 96.033393
26.372187 2.172767 101.978013
33.686274 5.117964 97.183965
31.656727 3.946205 98.593245
30.498050 3.277242 99.369937
28.491961 2.119026 100.816095
34.827824 5.777038 96.390252
27.366421 1.469195 101.612077
32.569545 5.864313 97.514158
32.516675 6.786071 97.251479
31.532495 5.292513 98.218798
29.398946 4.061425 99.704102
28.398011 3.448137 100.410444
27.609549 3.948784 100.632276
30.368605 6.037143 98.612534
30.328270 6.979322 98.433254
29.314304 5.424285 99.240583
28.500028 5.914614 99.375043
37.232550 5.320029 94.963384
35.685413 20.602983 103.108160
26.371319 15.225488 110.517660
27.436542 15.840495 112.364929
34.429187 19.877700 104.376172
35.526430 20.511194 106.164437
28.318209 16.349525 108.896194
27.573558 15.919601 108.468984
28.378526 16.384349 110.234556
29.456408 17.006665 110.846719
29.515980 17.041059 111.804394
31.582386 18.234099 110.724173
31.644192 18.269783 111.681280
32.522757 18.776879 109.994002
33.255990 19.200355 110.446175
33.533744 19.360716 107.813703
34.266109 19.783547 108.268145
33.534489 19.361146 106.399317
32.430544 18.723783 105.821195
32.372089 18.690034 104.863520
30.228983 17.452712 105.904027
30.170900 17.419178 104.946352
29.282532 16.906278 106.645544
28.542349 16.478933 106.208690
29.320509 16.928204 108.110424
30.409189 17.556753 108.753223
30.417752 17.561697 110.085912
32.525487 18.778599 108.584155
31.466593 18.167246 107.927172
31.407021 18.132852 106.572357
27.329312 15.778586 111.100889
34.585564 19.967985 105.584045
38.769013 4.931377 96.033393
46.986485 0.256378 101.978013
40.778826 5.117964 97.183965
42.808373 3.946205 98.593245
43.967050 3.277242 99.369937
45.973139 2.119026 100.816095
39.637276 5.777038 96.390252
47.098679 1.469195 101.612077
40.690833 3.777675 97.514158
39.919003 3.271009 97.251479
41.704552 3.165462 98.218798
43.837480 1.933299 99.704102
44.869070 1.373107 100.410444
44.829728 0.439956 100.632276
41.641629 1.785190 98.612534
40.845845 1.279169 98.433254
42.699529 1.178566 99.240583
42.682030 0.228218 99.375043
24.821700 1.845379 94.150949
35.685413 8.058647 86.006173
37.232426 7.165479 83.284061
37.232426 7.165479 85.307774
26.371319 13.436142 78.596673
27.436542 12.821135 76.749405
34.429187 8.783930 84.738161
35.526430 8.150436 82.949896
28.318209 12.312105 80.218140
27.573558 12.742029 80.645349
28.378526 12.277281 78.879778
29.456408 11.654965 78.267614
29.515980 11.620571 77.309939
31.582386 10.427531 78.390161
31.644192 10.391847 77.433053
32.522757 9.884751 79.120331
33.255990 9.461276 78.668159
33.533744 9.300914 81.300630
34.266109 8.878083 80.846188
33.534489 9.300484 82.715016
32.430544 9.937847 83.293139
32.372089 9.971596 84.250814
30.228983 11.208919 83.210307
30.170900 11.242453 84.167982
29.282532 11.755353 82.468789
28.542349 12.182698 82.905643
29.320509 11.733427 81.003910
30.409189 11.104877 80.361110
30.417752 11.099933 79.028421
32.525487 9.883032 80.530178
31.466593 10.494384 81.187162
31.407021 10.528778 82.541977
27.329312 12.883045 78.013445
34.585564 8.693646 83.530288
26.358163 2.234031 93.080940
34.575635 6.909029 87.136320
28.367976 2.047444 91.930369
30.397523 3.219203 90.521089
31.556200 3.888165 89.744396
33.562289 5.046382 88.298239
27.226426 1.388369 92.724081
34.687829 5.696212 87.502256
28.279983 3.387733 91.600175
27.508153 3.894399 91.862855
29.293702 3.999945 90.895535
31.426630 5.232109 89.410231
32.458220 5.792301 88.703889
32.418878 6.725452 88.482058
29.230779 5.380218 90.501799
28.434995 5.886239 90.681079
30.288679 5.986841 89.873750
30.271180 6.937189 89.739290
35.634405 20.573533 94.150949
37.232550 5.378928 86.006173
24.821700 16.120161 78.596673
24.821700 17.350175 76.749405
37.232550 3.928363 84.738161
37.232550 5.195350 82.949896
24.821700 18.368236 80.218140
24.821700 17.508387 80.645349
24.821700 18.437883 78.879778
24.821700 19.682515 78.267614
24.821700 19.751303 77.309939
37.232550 0.641161 78.390161
37.232550 0.712528 77.433053
37.232426 1.726935 79.120331
37.232550 2.573671 78.668159
37.232550 2.894395 81.300630
37.232550 3.740056 80.846188
37.232550 2.895255 82.715016
37.232550 1.620529 83.293139
37.232550 1.553030 84.250814
24.821700 20.574608 83.210307
24.821700 20.507540 84.167982
24.821700 19.481740 82.468789
24.821700 18.627050 82.905643
24.821700 19.525592 81.003910
24.821700 20.782691 80.361110
24.821700 20.792580 79.028421
37.232550 1.730159 80.530178
37.232550 0.507454 81.187162
37.232550 0.438666 82.541977
24.821700 17.226356 78.013445
37.232550 4.108931 83.530288
46.940441 0.213601 93.080940
38.783037 4.992641 87.136320
46.097124 2.047444 91.930369
44.067577 3.219203 90.521089
42.908900 3.888165 89.744396
40.902811 5.046382 88.298239
47.238674 1.388369 92.724081
39.777271 5.696212 87.502256
44.980395 1.301095 91.600175
44.927525 0.379337 91.862855
43.943345 1.872894 90.895535
41.809796 3.103983 89.410231
40.808861 3.717270 88.703889
40.020399 3.216623 88.482058
42.779455 1.128265 90.501799
42.739120 0.186086 90.681079
41.725154 1.741122 89.873750
40.910878 1.250794 89.739290
14.008995 20.573533 94.150949
38.779687 8.058647 86.006173
23.272081 13.436142 78.596673
22.206858 12.821135 76.749405
40.035913 8.783930 84.738161
38.938670 8.150436 82.949896
21.325191 12.312105 80.218140
22.069842 12.742029 80.645349
21.264874 12.277281 78.879778
20.186992 11.654965 78.267614
20.127420 11.620571 77.309939
42.882714 10.427531 78.390161
42.820908 10.391847 77.433053
41.942468 9.884536 79.120331
41.209110 9.461276 78.668159
40.931356 9.300914 81.300630
40.198991 8.878083 80.846188
40.930611 9.300484 82.715016
42.034556 9.937847 83.293139
42.093011 9.971596 84.250814
19.414417 11.208919 83.210307
19.472500 11.242453 84.167982
20.360868 11.755353 82.468789
21.101051 12.182698 82.905643
20.322891 11.733427 81.003910
19.234211 11.104877 80.361110
19.225648 11.099933 79.028421
41.939613 9.883032 80.530178
42.998507 10.494384 81.187162
43.058079 10.528778 82.541977
22.314088 12.883045 78.013445
39.879536 8.693646 83.530288
38.399046 19.048591 93.080940
38.338977 9.594552 87.136320
37.232550 17.401336 91.930369
37.232550 15.057817 90.521089
37.232550 13.719893 89.744396
37.232550 11.403460 88.298239
37.232550 18.719484 92.724081
37.232550 10.103798 87.502256
38.437271 16.807395 91.600175
39.261972 17.222487 91.862855
38.460604 15.623383 90.895535
38.461224 13.160131 89.410231
38.430569 11.986652 88.703889
39.258373 11.554148 88.482058
39.687416 14.987740 90.501799
40.523535 15.423898 90.681079
39.683817 13.768259 89.873750
40.515592 13.308240 89.739290
36.066054 19.048591 93.080940
36.126123 9.594552 87.136320
36.027829 16.807395 91.600175
35.203128 17.222487 91.862855
36.004496 15.623383 90.895535
36.003876 13.160131 89.410231
36.034531 11.986652 88.703889
35.206727 11.554148 88.482058
34.777684 14.987740 90.501799
33.941565 15.423898 90.681079
34.781283 13.768259 89.873750
33.949508 13.308240 89.739290
27.524659 0.213601 93.080940
35.682063 4.992641 87.136320
29.484705 1.301095 91.600175
29.537575 0.379337 91.862855
30.521755 1.872894 90.895535
32.655304 3.103983 89.410231
33.656239 3.717270 88.703889
34.444701 3.216623 88.482058
31.685645 1.128265 90.501799
31.725980 0.186086 90.681079
32.739946 1.741122 89.873750
33.554222 1.250794 89.739290
48.106937 2.234031 93.080940
39.889465 6.909029 87.136320
46.185117 3.387733 91.600175
46.956947 3.894399 91.862855
45.171398 3.999945 90.895535
43.038470 5.232109 89.410231
42.006880 5.792301 88.703889
42.046222 6.725452 88.482058
45.234321 5.380218 90.501799
46.030105 5.886239 90.681079
44.176421 5.986841 89.873750
44.193920 6.937189 89.739290
35.696087 4.931377 96.033393
27.478615 0.256378 101.978013
33.774267 3.777675 97.514158
34.546097 3.271009 97.251479
32.760548 3.165462 98.218798
30.627620 1.933299 99.704102
29.596030 1.373107 100.410444
29.635372 0.439956 100.632276
32.823471 1.785190 98.612534
33.619255 1.279169 98.433254
31.765571 1.178566 99.240583
31.783070 0.228218 99.375043
39.935509 6.951807 96.033393
48.092913 2.172767 101.978013
41.895555 5.864313 97.514158
41.948425 6.786071 97.251479
42.932605 5.292513 98.218798
45.066154 4.061425 99.704102
46.067089 3.448137 100.410444
46.855551 3.948784 100.632276
44.096495 6.037143 98.612534
44.136830 6.979322 98.433254
45.150796 5.424285 99.240583
45.965072 5.914614 99.375043
36.066054 9.613039 96.033393
36.126123 19.067078 101.978013
36.027829 11.854235 97.514158
35.203128 11.439143 97.251479
36.004496 13.038247 98.218798
36.003876 15.501499 99.704102
36.034531 16.674978 100.410444
35.206727 17.107482 100.632276
34.777684 13.673891 98.612534
33.941565 13.237732 98.433254
34.781283 14.893371 99.240583
33.949508 15.353390 99.375043
12.410726 35.827110 54.560242
14.008995 36.749727 0.406218
26.368837 27.768391 8.550994
24.821824 28.661559 11.273105
12.410726 35.827110 56.481265
24.821824 28.661559 9.249393
35.682931 22.390896 15.960493
34.617708 23.005902 17.807762
27.625063 27.043108 9.819005
26.527820 27.676602 11.607270
33.736041 23.514933 14.339027
34.480692 23.085009 13.911818
33.675724 23.549757 15.677389
32.597842 24.172073 16.289552
32.538270 24.206467 17.247227
30.471864 25.399507 16.167006
30.410058 25.435191 17.124114
29.531618 25.942501 15.436836
28.798260 26.365762 15.889008
28.520506 26.526124 13.256537
27.788141 26.948955 13.710978
28.519761 26.526554 11.842150
29.623706 25.889191 11.264028
29.682161 25.855442 10.306353
31.825267 24.618119 11.346860
31.883350 24.584585 10.389185
32.771718 24.071685 12.088377
33.511901 23.644340 11.651523
32.733741 24.093611 13.553257
31.645061 24.722161 14.196057
31.636498 24.727105 15.528745
29.528763 25.944006 14.026988
30.587657 25.332654 13.370005
30.647229 25.298260 12.015190
34.724938 22.943993 16.543722
27.468686 27.133392 11.026879
13.577346 38.274670 1.476226
25.928127 26.232486 7.420846
12.410850 39.921925 2.626798
12.410850 42.265443 4.036078
24.821700 22.107145 4.812771
24.821700 24.423578 6.258928
12.410850 38.603777 1.833085
24.821700 25.723240 7.054910
13.615571 40.515866 2.956992
14.440272 40.100774 2.694312
13.638904 41.699878 3.661632
26.050374 22.666907 5.146936
26.019719 23.840386 5.853278
26.847523 24.272890 6.075109
14.865716 42.335521 4.055368
15.701835 41.899363 3.876087
27.272967 22.058779 4.683416
28.104742 22.518798 4.817877
10.812705 36.749727 0.406218
24.821700 30.448110 8.550994
24.821700 41.203100 15.960493
24.821700 39.973086 17.807762
24.821700 31.898675 9.819005
24.821700 30.631688 11.607270
24.821700 38.955025 14.339027
24.821700 39.814874 13.911818
24.821700 38.885377 15.677389
24.821700 37.640746 16.289552
24.821700 37.571958 17.247227
24.821700 35.185877 16.167006
24.821700 35.114510 17.124114
24.821576 34.100103 15.436836
24.821700 33.253367 15.889008
24.821700 32.932643 13.256537
24.821700 32.086982 13.710978
24.821700 32.931783 11.842150
24.821700 34.206509 11.264028
24.821700 34.274008 10.306353
24.821700 36.748653 11.346860
24.821700 36.815721 10.389185
24.821700 37.841521 12.088377
24.821700 38.696210 11.651523
24.821700 37.797668 13.553257
24.821700 36.540569 14.196057
24.821700 36.530681 15.528745
24.821700 34.096879 14.026988
24.821700 35.319584 13.370005
24.821700 35.388372 12.015190
24.821700 40.096904 16.543722
24.821700 31.718107 11.026879
9.707891 35.613437 1.476226
26.372187 30.834397 7.420846
8.864574 33.779594 2.626798
6.835027 32.607835 4.036078
30.498050 31.938873 4.812771
28.491961 30.780656 6.258928
10.006124 34.438669 1.833085
27.366421 30.130826 7.054910
7.747845 34.525943 2.956992
7.694975 35.447701 2.694312
6.710795 33.954144 3.661632
29.398946 32.723055 5.146936
28.398011 32.109768 5.853278
27.609549 32.610415 6.075109
5.546905 34.698773 4.055368
5.506570 35.640952 3.876087
29.314304 34.085916 4.683416
28.500028 34.576244 4.817877
12.410850 33.981659 0.406218
23.274563 27.768391 8.550994
13.960469 22.390896 15.960493
15.025692 23.005902 17.807762
22.018337 27.043108 9.819005
23.115580 27.676602 11.607270
15.907359 23.514933 14.339027
15.162708 23.085009 13.911818
15.967676 23.549757 15.677389
17.045558 24.172073 16.289552
17.105130 24.206467 17.247227
19.171536 25.399507 16.167006
19.233342 25.435191 17.124114
20.111907 25.942287 15.436836
20.845140 26.365762 15.889008
21.122894 26.526124 13.256537
21.855259 26.948955 13.710978
21.123639 26.526554 11.842150
20.019694 25.889191 11.264028
19.961239 25.855442 10.306353
17.818133 24.618119 11.346860
17.760050 24.584585 10.389185
16.871682 24.071685 12.088377
16.131499 23.644340 11.651523
16.909659 24.093611 13.553257
17.998339 24.722161 14.196057
18.006902 24.727105 15.528745
20.114637 25.944006 14.026988
19.055743 25.332654 13.370005
18.996171 25.298260 12.015190
14.918462 22.943993 16.543722
22.174714 27.133392 11.026879
13.947313 33.593007 1.476226
22.164785 28.918009 7.420846
15.957126 33.779594 2.626798
17.986673 32.607835 4.036078
19.145350 31.938873 4.812771
21.151439 30.780656 6.258928
14.815576 34.438669 1.833085
22.276979 30.130826 7.054910
15.869133 32.439305 2.956992
15.097303 31.932639 2.694312
16.882852 31.827092 3.661632
19.015780 30.594929 5.146936
20.047370 30.034737 5.853278
20.008028 29.101586 6.075109
16.819929 30.446820 4.055368
16.024145 29.940799 3.876087
17.877829 29.840197 4.683416
17.860330 28.889849 4.817877
24.821824 28.661559 2.174058
24.821700 30.507009 56.328082
10.863713 36.720278 48.183306
12.410726 35.827110 45.461195
24.821824 28.661559 0.253035
12.410726 35.827110 47.484907
1.549619 42.097773 40.773807
2.614842 41.482766 38.926538
9.607487 37.445560 46.915295
10.704730 36.812067 45.127030
3.496509 40.973735 42.395273
2.751858 41.403660 42.822482
3.556826 40.938911 41.056911
4.634708 40.316596 40.444748
4.694280 40.282202 39.487073
6.760686 39.089161 40.567294
6.822492 39.053478 39.610186
7.701057 38.546382 41.297464
8.434290 38.122906 40.845292
8.712044 37.962544 43.477763
9.444409 37.539714 43.023322
8.712789 37.962114 44.892150
7.608844 38.599477 45.470272
7.550389 38.633227 46.427947
5.407283 39.870549 45.387440
5.349200 39.904083 46.345115
4.460832 40.416983 44.645923
3.720649 40.844328 45.082777
4.498809 40.395057 43.181043
5.587489 39.766507 42.538243
5.596052 39.761563 41.205555
7.703787 38.544662 42.707312
6.644893 39.156015 43.364295
6.585321 39.190409 44.719110
2.507612 41.544675 40.190578
9.763864 37.355276 45.707421
26.358163 30.895661 55.258074
9.753935 35.570660 49.313454
28.367976 30.709074 54.107502
30.397523 31.880833 52.698222
6.734500 32.549795 51.921529
8.740589 33.708012 50.475372
27.226426 30.050000 54.901215
9.866129 34.357843 49.679390
28.279983 32.049363 53.777308
27.508153 32.556029 54.039988
29.293702 32.661576 53.072668
6.604930 33.893739 51.587364
7.636520 34.453931 50.881022
7.597178 35.387082 50.659191
29.230779 34.041848 52.678932
28.434995 34.547869 52.858213
5.466979 34.648472 52.050884
5.449480 35.598820 51.916423
23.223555 27.738941 56.328082
12.410850 34.040559 48.183306
12.410850 23.285568 40.773807
12.410850 24.515582 38.926538
12.410850 32.589993 46.915295
12.410850 33.856981 45.127030
12.410850 25.533643 42.395273
12.410850 24.673794 42.822482
12.410850 25.603291 41.056911
12.410850 26.847922 40.444748
12.410850 26.916710 39.487073
12.410850 29.302791 40.567294
12.410850 29.374158 39.610186
12.410726 30.388565 41.297464
12.410850 31.235301 40.845292
12.410850 31.556025 43.477763
12.410850 32.401686 43.023322
12.410850 31.556885 44.892150
12.410850 30.282159 45.470272
12.410850 30.214661 46.427947
12.410850 27.740016 45.387440
12.410850 27.672947 46.345115
12.410850 26.647148 44.645923
12.410850 25.792458 45.082777
12.410850 26.691000 43.181043
12.410850 27.948099 42.538243
12.410850 27.957987 41.205555
12.410850 30.391790 42.707312
12.410850 29.169085 43.364295
12.410850 29.100297 44.719110
12.410850 24.391764 40.190578
12.410850 32.770562 45.707421
22.118741 28.875231 55.258074
13.961337 33.654271 49.313454
21.275424 30.709074 54.107502
19.245877 31.880833 52.698222
18.087200 32.549795 51.921529
16.081111 33.708012 50.475372
22.416974 30.050000 54.901215
14.955571 34.357843 49.679390
20.158695 29.962725 53.777308
20.105825 29.040967 54.039988
19.121645 30.534525 53.072668
16.988096 31.765613 51.587364
15.987161 32.378901 50.881022
15.198699 31.878253 50.659191
17.957755 29.789895 52.678932
17.917420 28.847716 52.858213
16.903454 30.402753 52.050884
16.089178 29.912424 51.916423
26.419845 27.738941 56.328082
13.957987 36.720278 48.183306
23.272081 42.097773 40.773807
22.206858 41.482766 38.926538
15.214213 37.445560 46.915295
14.116970 36.812067 45.127030
21.325191 40.973735 42.395273
22.069842 41.403660 42.822482
21.264874 40.938911 41.056911
20.186992 40.316596 40.444748
20.127420 40.282202 39.487073
18.061014 39.089161 40.567294
17.999208 39.053478 39.610186
17.120768 38.546167 41.297464
16.387410 38.122906 40.845292
16.109656 37.962544 43.477763
15.377291 37.539714 43.023322
16.108911 37.962114 44.892150
17.212856 38.599477 45.470272
17.271311 38.633227 46.427947
19.414417 39.870549 45.387440
19.472500 39.904083 46.345115
20.360868 40.416983 44.645923
21.101051 40.844328 45.082777
20.322891 40.395057 43.181043
19.234211 39.766507 42.538243
19.225648 39.761563 41.205555
17.117913 38.544662 42.707312
18.176807 39.156015 43.364295
18.236379 39.190409 44.719110
22.314088 41.544675 40.190578
15.057836 37.355276 45.707421
25.988196 26.213999 55.258074
13.517277 38.256183 49.313454
24.821700 24.566743 54.107502
24.821700 22.223225 52.698222
12.410850 42.381523 51.921529
12.410850 40.065090 50.475372
24.821700 25.884892 54.901215
12.410850 38.765428 49.679390
26.026421 23.972803 53.777308
26.851122 24.387895 54.039988
26.049754 22.788791 53.072668
13.639524 41.821761 51.587364
13.608869 40.648282 50.881022
14.436673 40.215778 50.659191
27.276566 22.153147 52.678932
28.112685 22.589306 52.858213
14.862117 42.429889 52.050884
15.693892 41.969870 51.916423
23.655204 26.213999 55.258074
11.304423 38.256183 49.313454
23.616979 23.972803 53.777308
22.792278 24.387895 54.039988
23.593646 22.788791 53.072668
11.182176 41.821761 51.587364
11.212831 40.648282 50.881022
10.385027 40.215778 50.659191
22.366834 22.153147 52.678932
21.530715 22.589306 52.858213
9.959583 42.429889 52.050884
9.127808 41.969870 51.916423
27.524659 28.875231 55.258074
10.860363 33.654271 49.313454
29.484705 29.962725 53.777308
29.537575 29.040967 54.039988
30.521755 30.534525 53.072668
7.833604 31.765613 51.587364
8.834539 32.378901 50.881022
9.623001 31.878253 50.659191
31.685645 29.789895 52.678932
31.725980 28.847716 52.858213
7.918246 30.402753 52.050884
8.732522 29.912424 51.916423
23.285237 30.895661 55.258074
15.067765 35.570660 49.313454
21.363417 32.049363 53.777308
22.135247 32.556029 54.039988
20.349698 32.661576 53.072668
18.216770 33.893739 51.587364
17.185180 34.453931 50.881022
17.224522 35.387082 50.659191
20.412621 34.041848 52.678932
21.208405 34.547869 52.858213
19.354721 34.648472 52.050884
19.372220 35.598820 51.916423
10.874387 33.593007 1.476226
27.478615 28.918009 7.420846
8.952567 32.439305 2.956992
9.724397 31.932639 2.694312
7.938848 31.827092 3.661632
30.627620 30.594929 5.146936
29.596030 30.034737 5.853278
29.635372 29.101586 6.075109
8.001771 30.446820 4.055368
8.797555 29.940799 3.876087
31.765571 29.840197 4.683416
31.783070 28.889849 4.817877
15.113809 35.613437 1.476226
23.271213 30.834397 7.420846
17.073855 34.525943 2.956992
17.126725 35.447701 2.694312
18.110905 33.954144 3.661632
20.244454 32.723055 5.146936
21.245389 32.109768 5.853278
22.033851 32.610415 6.075109
19.274795 34.698773 4.055368
19.315130 35.640952 3.876087
20.329096 34.085916 4.683416
21.143372 34.576244 4.817877
11.244354 38.274670 1.476226
23.715273 26.232486 7.420846
11.206129 40.515866 2.956992
10.381428 40.100774 2.694312
11.182796 41.699878 3.661632
23.593026 22.666907 5.146936
23.623681 23.840386 5.853278
22.795877 24.272890 6.075109
9.955984 42.335521 4.055368
9.119865 41.899363 3.876087
22.370433 22.058779 4.683416
21.538658 22.518798 4.817877
14.008995 22.418912 19.317651
13.957987 34.933798 27.462427
12.410974 35.826966 30.184539
12.410974 35.826966 28.160826
23.272081 29.556303 34.871927
22.206858 30.171310 36.719195
15.214213 34.208516 28.730439
14.116970 34.842009 30.518704
21.325191 30.680341 33.250460
22.069842 30.250416 32.823251
21.264874 30.715165 34.588822
20.186992 31.337480 35.200986
20.127420 31.371874 36.158661
18.061014 32.564914 35.078439
17.999208 32.600598 36.035547
17.120768 33.107909 34.348269
16.387410 33.531170 34.800441
16.109656 33.691532 32.167970
15.377291 34.114362 32.622412
16.108911 33.691961 30.753584
17.212856 33.054598 30.175461
17.271311 33.020849 29.217786
19.414417 31.783527 30.258293
19.472500 31.749993 29.300618
20.360868 31.237093 30.999811
21.101051 30.809748 30.562957
20.322891 31.259019 32.464690
19.234211 31.887569 33.107490
19.225648 31.892513 34.440179
17.117913 33.109414 32.938422
18.176807 32.498061 32.281438
18.236379 32.463667 30.926623
22.314088 30.109401 35.455155
15.057836 34.298800 29.938312
13.577346 23.943854 20.387660
13.517277 33.397893 26.332280
12.410850 25.591110 21.538231
12.410850 27.934628 22.947511
12.410850 29.272553 23.724204
12.410850 31.588986 25.170361
12.410850 24.272962 20.744519
12.410850 32.888648 25.966344
13.615571 26.185051 21.868425
14.440272 25.769958 21.605745
13.638904 27.369062 22.573065
13.639524 29.832315 24.058369
13.608869 31.005793 24.764711
14.436673 31.438297 24.986542
14.865716 28.004706 22.966801
15.701835 27.568547 22.787521
14.862117 29.224187 23.594850
15.693892 29.684206 23.729310
35.634405 22.418912 19.317651
12.410850 37.613517 27.462427
24.821700 26.872285 34.871927
24.821700 25.642271 36.719195
12.410850 39.064082 28.730439
12.410850 37.797095 30.518704
24.821700 24.624210 33.250460
24.821700 25.484059 32.823251
24.821700 24.554562 34.588822
24.821700 23.309931 35.200986
24.821700 23.241143 36.158661
12.410850 42.351285 35.078439
12.410850 42.279917 36.035547
12.410726 41.265511 34.348269
12.410850 40.418774 34.800441
12.410850 40.098051 32.167970
12.410850 39.252389 32.622412
12.410850 40.097191 30.753584
12.410850 41.371917 30.175461
12.410850 41.439415 29.217786
24.821700 22.417837 30.258293
24.821700 22.484906 29.300618
24.821700 23.510705 30.999811
24.821700 24.365395 30.562957
24.821700 23.466853 32.464690
24.821700 22.209754 33.107490
24.821700 22.199866 34.440179
12.410850 41.262286 32.938422
12.410850 42.484991 32.281438
12.410850 42.553779 30.926623
24.821700 25.766089 35.455155
12.410850 38.883514 29.938312
22.118741 42.778845 20.387660
13.961337 37.999804 26.332280
21.275424 40.945002 21.538231
19.245877 39.773243 22.947511
18.087200 39.104280 23.724204
16.081111 37.946064 25.170361
22.416974 41.604076 20.744519
14.955571 37.296233 25.966344
20.158695 41.691351 21.868425
20.105825 42.613109 21.605745
19.121645 41.119551 22.573065
16.988096 39.888463 24.058369
15.987161 39.275175 24.764711
15.198699 39.775822 24.986542
17.957755 41.864180 22.966801
17.917420 42.806360 22.787521
16.903454 41.251323 23.594850
16.089178 41.741652 23.729310
24.821700 41.147066 19.317651
10.863713 34.933798 27.462427
26.371319 29.556303 34.871927
27.436542 30.171310 36.719195
9.607487 34.208516 28.730439
10.704730 34.842009 30.518704
28.318209 30.680341 33.250460
27.573558 30.250416 32.823251
28.378526 30.715165 34.588822
29.456408 31.337480 35.200986
29.515980 31.371874 36.158661
6.760686 32.564914 35.078439
6.822492 32.600598 36.035547
7.701057 33.107694 34.348269
8.434290 33.531170 34.800441
8.712044 33.691532 32.167970
9.444409 34.114362 32.622412
8.712789 33.691961 30.753584
7.608844 33.054598 30.175461
7.550389 33.020849 29.217786
30.228983 31.783527 30.258293
30.170900 31.749993 29.300618
29.282532 31.237093 30.999811
28.542349 30.809748 30.562957
29.320509 31.259019 32.464690
30.409189 31.887569 33.107490
30.417752 31.892513 34.440179
7.703787 33.109414 32.938422
6.644893 32.498061 32.281438
6.585321 32.463667 30.926623
27.329312 30.109401 35.455155
9.763864 34.298800 29.938312
1.536463 40.758415 20.387660
9.753935 36.083416 26.332280
3.546276 40.945002 21.538231
5.575823 39.773243 22.947511
6.734500 39.104280 23.724204
8.740589 37.946064 25.170361
2.404726 41.604076 20.744519
9.866129 37.296233 25.966344
3.458283 39.604712 21.868425
2.686453 39.098047 21.605745
4.472002 38.992500 22.573065
6.604930 37.760337 24.058369
7.636520 37.200145 24.764711
7.597178 36.266994 24.986542
4.409079 37.612228 22.966801
3.613295 37.106207 22.787521
5.466979 37.005604 23.594850
5.449480 36.055256 23.729310
12.410974 35.826966 21.085492
12.410850 37.672417 18.505216
35.685413 22.389462 10.360440
12.410974 35.826966 19.164468
26.371319 27.766958 2.950940
27.436542 27.151951 1.103671
34.429187 23.114745 9.092428
35.526430 22.481251 7.304163
28.318209 26.642920 4.572406
27.573558 27.072845 4.999616
28.378526 26.608096 3.234044
29.456408 25.985781 2.621881
29.515980 25.951387 1.664206
31.582386 24.758346 2.744427
31.644192 24.722662 1.787320
32.522757 24.215567 3.474598
33.255990 23.792091 3.022425
33.533744 23.631729 5.654897
34.266109 23.208898 5.200455
33.534489 23.631299 7.069283
32.430544 24.268662 7.647405
32.372089 24.302411 8.605080
30.228983 25.539734 7.564573
30.170900 25.573268 8.522248
29.282532 26.086168 6.823056
28.542349 26.513513 7.259910
29.320509 26.064242 5.358176
30.409189 25.435692 4.715377
30.417752 25.430748 3.382688
32.525487 24.213847 4.884445
31.466593 24.825199 5.541428
31.407021 24.859593 6.896243
27.329312 27.213860 2.367711
34.585564 23.024461 7.884555
13.947313 38.061069 17.435207
22.164785 42.736067 11.490587
15.957126 37.874482 16.284635
17.986673 39.046241 14.875355
19.145350 39.715203 14.098663
21.151439 40.873420 12.652505
14.815576 37.215407 17.078348
22.276979 41.523250 11.856523
15.869133 39.214771 15.954442
15.097303 39.721437 16.217121
16.882852 39.826983 15.249802
19.015780 41.059147 13.764498
20.047370 41.619338 13.058156
20.008028 42.552490 12.836324
16.819929 41.207256 14.856066
16.024145 41.713277 15.035346
17.877829 41.813879 14.228017
17.860330 42.764227 14.093557
10.812705 34.904348 18.505216
24.821700 41.205966 10.360440
24.821700 30.450976 2.950940
24.821700 31.680990 1.103671
24.821700 39.755401 9.092428
24.821700 41.022388 7.304163
24.821700 32.699051 4.572406
24.821700 31.839202 4.999616
24.821700 32.768699 3.234044
24.821700 34.013330 2.621881
24.821700 34.082118 1.664206
24.821700 36.468199 2.744427
24.821700 36.539566 1.787320
24.821576 37.553973 3.474598
24.821700 38.400709 3.022425
24.821700 38.721433 5.654897
24.821700 39.567094 5.200455
24.821700 38.722293 7.069283
24.821700 37.447567 7.647405
24.821700 37.380068 8.605080
24.821700 34.905423 7.564573
24.821700 34.838355 8.522248
24.821700 33.812555 6.823056
24.821700 32.957865 7.259910
24.821700 33.856408 5.358176
24.821700 35.113507 4.715377
24.821700 35.123395 3.382688
24.821700 37.557197 4.884445
24.821700 36.334492 5.541428
24.821700 36.265704 6.896243
24.821700 31.557172 2.367711
24.821700 39.935969 7.884555
9.707891 36.040639 17.435207
1.550487 40.819679 11.490587
8.864574 37.874482 16.284635
6.835027 39.046241 14.875355
5.676350 39.715203 14.098663
3.670261 40.873420 12.652505
10.006124 37.215407 17.078348
2.544721 41.523250 11.856523
7.747845 37.128133 15.954442
7.694975 36.206375 16.217121
6.710795 37.699932 15.249802
4.577246 38.931021 13.764498
3.576311 39.544308 13.058156
2.787849 39.043661 12.836324
5.546905 36.955303 14.856066
5.506570 36.013124 15.035346
4.492604 37.568160 14.228017
3.678328 37.077831 14.093557
14.008995 34.904348 18.505216
13.957987 22.389462 10.360440
23.272081 27.766958 2.950940
22.206858 27.151951 1.103671
15.214213 23.114745 9.092428
14.116970 22.481251 7.304163
21.325191 26.642920 4.572406
22.069842 27.072845 4.999616
21.264874 26.608096 3.234044
20.186992 25.985781 2.621881
20.127420 25.951387 1.664206
18.061014 24.758346 2.744427
17.999208 24.722662 1.787320
17.120768 24.215352 3.474598
16.387410 23.792091 3.022425
16.109656 23.631729 5.654897
15.377291 23.208898 5.200455
16.108911 23.631299 7.069283
17.212856 24.268662 7.647405
17.271311 24.302411 8.605080
19.414417 25.539734 7.564573
19.472500 25.573268 8.522248
20.360868 26.086168 6.823056
21.101051 26.513513 7.259910
20.322891 26.064242 5.358176
19.234211 25.435692 4.715377
19.225648 25.430748 3.382688
17.117913 24.213847 4.884445
18.176807 24.825199 5.541428
18.236379 24.859593 6.896243
22.314088 27.213860 2.367711
15.057836 23.024461 7.884555
13.577346 33.379406 17.435207
13.517277 23.925368 11.490587
12.410850 31.732151 16.284635
12.410850 29.388633 14.875355
12.410850 28.050708 14.098663
12.410850 25.734275 12.652505
12.410850 33.050299 17.078348
12.410850 24.434613 11.856523
13.615571 31.138210 15.954442
14.440272 31.553302 16.217121
13.638904 29.954198 15.249802
13.639524 27.490946 13.764498
13.608869 26.317467 13.058156
14.436673 25.884963 12.836324
14.865716 29.318555 14.856066
15.701835 29.754713 15.035346
14.862117 28.099074 14.228017
15.693892 27.639055 14.093557
11.244354 33.379406 17.435207
11.304423 23.925368 11.490587
11.206129 31.138210 15.954442
10.381428 31.553302 16.217121
11.182796 29.954198 15.249802
11.182176 27.490946 13.764498
11.212831 26.317467 13.058156
10.385027 25.884963 12.836324
9.955984 29.318555 14.856066
9.119865 29.754713 15.035346
9.959583 28.099074 14.228017
9.127808 27.639055 14.093557
15.113809 36.040639 17.435207
23.271213 40.819679 11.490587
17.073855 37.128133 15.954442
17.126725 36.206375 16.217121
18.110905 37.699932 15.249802
20.244454 38.931021 13.764498
21.245389 39.544308 13.058156
22.033851 39.043661 12.836324
19.274795 36.955303 14.856066
19.315130 36.013124 15.035346
20.329096 37.568160 14.228017
21.143372 37.077831 14.093557
10.874387 38.061069 17.435207
2.656915 42.736067 11.490587
8.952567 39.214771 15.954442
9.724397 39.721437 16.217121
7.938848 39.826983 15.249802
5.805920 41.059147 13.764498
4.774330 41.619338 13.058156
4.813672 42.552490 12.836324
8.001771 41.207256 14.856066
8.797555 41.713277 15.035346
6.943871 41.813879 14.228017
6.961370 42.764227 14.093557
23.285237 40.758415 20.387660
15.067765 36.083416 26.332280
21.363417 39.604712 21.868425
22.135247 39.098047 21.605745
20.349698 38.992500 22.573065
18.216770 37.760337 24.058369
17.185180 37.200145 24.764711
17.224522 36.266994 24.986542
20.412621 37.612228 22.966801
21.208405 37.106207 22.787521
19.354721 37.005604 23.594850
19.372220 36.055256 23.729310
2.702959 42.778845 20.387660
10.860363 37.999804 26.332280
4.663005 41.691351 21.868425
4.715875 42.613109 21.605745
5.700055 41.119551 22.573065
7.833604 39.888463 24.058369
8.834539 39.275175 24.764711
9.623001 39.775822 24.986542
6.863945 41.864180 22.966801
6.904280 42.806360 22.787521
7.918246 41.251323 23.594850
8.732522 41.741652 23.729310
11.244354 23.943854 20.387660
11.304423 33.397893 26.332280
11.206129 26.185051 21.868425
10.381428 25.769958 21.605745
11.182796 27.369062 22.573065
11.182176 29.832315 24.058369
11.212831 31.005793 24.764711
10.385027 31.438297 24.986542
9.955984 28.004706 22.966801
9.119865 27.568547 22.787521
9.959583 29.224187 23.594850
9.127808 29.684206 23.729310
24.821576 28.661702 35.648808
26.419845 29.584320 38.229084
1.547137 42.099206 46.373860
24.821576 28.661702 37.569832
10.861231 36.721711 53.783360
9.796008 37.336718 55.630629
2.803363 41.373923 47.641872
1.706120 42.007417 49.430137
8.914341 37.845748 52.161894
9.658992 37.415824 51.734684
8.854024 37.880572 53.500256
7.776142 38.502888 54.112419
7.716570 38.537282 55.070094
5.650164 39.730322 53.989873
5.588358 39.766006 54.946980
4.709918 40.273317 53.259702
3.976560 40.696577 53.711875
3.698806 40.856939 51.079403
2.966441 41.279770 51.533845
3.698061 40.857369 49.665017
4.802006 40.220006 49.086895
4.860461 40.186257 48.129220
7.003567 38.948934 49.169727
7.061650 38.915400 48.212052
7.950018 38.402500 49.911244
8.690201 37.975155 49.474390
7.912041 38.424427 51.376124
6.823361 39.052976 52.018923
6.814798 39.057920 53.351612
4.707063 40.274821 51.849855
5.765957 39.663469 51.192872
5.825529 39.629075 49.838057
9.903238 37.274809 54.366589
2.646986 41.464207 48.849745
25.988196 31.109262 39.299093
25.928127 40.563301 45.243713
24.821700 32.756517 40.449665
24.821700 35.100036 41.858945
24.821700 36.437961 42.635637
24.821700 38.754394 44.081795
24.821700 31.438369 39.655952
24.821700 40.054055 44.877777
26.026421 33.350458 40.779858
26.851122 32.935366 40.517179
26.049754 34.534470 41.484498
26.050374 36.997722 42.969802
26.019719 38.171201 43.676144
26.847523 38.603705 43.897976
27.276566 35.170113 41.878234
28.112685 34.733955 41.698954
27.272967 36.389594 42.506283
28.104742 36.849613 42.640743
23.223555 29.584320 38.229084
12.410850 23.282702 46.373860
12.410850 34.037692 53.783360
12.410850 32.807678 55.630629
12.410850 24.733267 47.641872
12.410850 23.466280 49.430137
12.410850 31.789617 52.161894
12.410850 32.649466 51.734684
12.410850 31.719970 53.500256
12.410850 30.475338 54.112419
12.410850 30.406550 55.070094
12.410850 28.020470 53.989873
12.410850 27.949102 54.946980
12.410726 26.934695 53.259702
12.410850 26.087959 53.711875
12.410850 25.767236 51.079403
12.410850 24.921574 51.533845
12.410850 25.766376 49.665017
12.410850 27.041102 49.086895
12.410850 27.108600 48.129220
12.410850 29.583245 49.169727
12.410850 29.650313 48.212052
12.410850 30.676113 49.911244
12.410850 31.530803 49.474390
12.410850 30.632261 51.376124
12.410850 29.375162 52.018923
12.410850 29.365273 53.351612
12.410850 26.931471 51.849855
12.410850 28.154176 51.192872
12.410850 28.222964 49.838057
12.410850 32.931497 54.366589
12.410850 24.552699 48.849745
22.118741 28.448030 39.299093
13.961337 23.668989 45.243713
21.275424 26.614187 40.449665
19.245877 25.442428 41.858945
18.087200 24.773465 42.635637
16.081111 23.615249 44.081795
22.416974 27.273261 39.655952
14.955571 22.965418 44.877777
20.158695 27.360536 40.779858
20.105825 28.282294 40.517179
19.121645 26.788736 41.484498
16.988096 25.557647 42.969802
15.987161 24.944360 43.676144
15.198699 25.445007 43.897976
17.957755 27.533365 41.878234
17.917420 28.475545 41.698954
16.903454 26.920508 42.506283
16.089178 27.410837 42.640743
24.821700 26.816251 38.229084
23.274563 42.099206 46.373860
13.960469 36.721711 53.783360
15.025692 37.336718 55.630629
22.018337 41.373923 47.641872
23.115580 42.007417 49.430137
15.907359 37.845748 52.161894
15.162708 37.415824 51.734684
15.967676 37.880572 53.500256
17.045558 38.502888 54.112419
17.105130 38.537282 55.070094
19.171536 39.730322 53.989873
19.233342 39.766006 54.946980
20.111907 40.273102 53.259702
20.845140 40.696577 53.711875
21.122894 40.856939 51.079403
21.855259 41.279770 51.533845
21.123639 40.857369 49.665017
20.019694 40.220006 49.086895
19.961239 40.186257 48.129220
17.818133 38.948934 49.169727
17.760050 38.915400 48.212052
16.871682 38.402500 49.911244
16.131499 37.975155 49.474390
16.909659 38.424427 51.376124
17.998339 39.052976 52.018923
18.006902 39.057920 53.351612
20.114637 40.274821 51.849855
19.055743 39.663469 51.192872
18.996171 39.629075 49.838057
14.918462 37.274809 54.366589
22.174714 41.464207 48.849745
26.358163 26.427600 39.299093
34.575635 21.752601 45.243713
28.367976 26.614187 40.449665
30.397523 25.442428 41.858945
31.556200 24.773465 42.635637
33.562289 23.615249 44.081795
27.226426 27.273261 39.655952
34.687829 22.965418 44.877777
28.279983 25.273897 40.779858
27.508153 24.767231 40.517179
29.293702 24.661685 41.484498
31.426630 23.429521 42.969802
32.458220 22.869330 43.676144
32.418878 21.936179 43.897976
29.230779 23.281412 41.878234
28.434995 22.775391 41.698954
30.288679 22.674789 42.506283
30.271180 21.724441 42.640743
12.410850 23.341602 37.416649
23.274563 29.554870 29.271873
24.821576 28.661702 26.549761
24.821576 28.661702 28.573474
13.960469 34.932365 21.862373
15.025692 34.317358 20.015105
22.018337 30.280153 28.003861
23.115580 29.646659 26.215596
15.907359 33.808328 23.483840
15.162708 34.238252 23.911049
15.967676 33.773504 22.145478
17.045558 33.151188 21.533314
17.105130 33.116794 20.575639
19.171536 31.923754 21.655861
19.233342 31.888070 20.698753
20.111907 31.380974 22.386031
20.845140 30.957499 21.933859
21.122894 30.797137 24.566330
21.855259 30.374306 24.111888
21.123639 30.796707 25.980716
20.019694 31.434070 26.558839
19.961239 31.467819 27.516514
17.818133 32.705142 26.476007
17.760050 32.738676 27.433682
16.871682 33.251575 25.734489
16.131499 33.678920 26.171343
16.909659 33.229649 24.269610
17.998339 32.601100 23.626810
18.006902 32.596156 22.294121
20.114637 31.379254 23.795878
19.055743 31.990607 24.452862
18.996171 32.025001 25.807677
14.918462 34.379267 21.279145
22.174714 30.189868 26.795988
13.947313 23.730254 36.346640
22.164785 28.405252 30.402020
15.957126 23.543666 35.196069
17.986673 24.715425 33.786789
19.145350 25.384388 33.010096
21.151439 26.542604 31.563939
14.815576 22.884592 35.989781
22.276979 27.192435 30.767956
15.869133 24.883956 34.865875
15.097303 25.390622 35.128555
16.882852 25.496168 34.161235
19.015780 26.728332 32.675931
20.047370 27.288523 31.969589
20.008028 28.221674 31.747758
16.819929 26.876441 33.767499
16.024145 27.382462 33.946779
17.877829 27.483064 33.139450
17.860330 28.433412 33.004990
23.223555 42.069756 37.416649
24.821700 26.875151 29.271873
12.410850 37.616384 21.862373
12.410850 38.846397 20.015105
24.821700 25.424586 28.003861
24.821700 26.691573 26.215596
12.410850 39.864459 23.483840
12.410850 39.004610 23.911049
12.410850 39.934106 22.145478
12.410850 41.178738 21.533314
12.410850 41.247525 20.575639
24.821700 22.137383 21.655861
24.821700 22.208751 20.698753
24.821576 23.223158 22.386031
24.821700 24.069894 21.933859
24.821700 24.390618 24.566330
24.821700 25.236279 24.111888
24.821700 24.391477 25.980716
24.821700 23.116751 26.558839
24.821700 23.049253 27.516514
12.410850 42.070831 26.476007
12.410850 42.003763 27.433682
12.410850 40.977963 25.734489
12.410850 40.123273 26.171343
12.410850 41.021815 24.269610
12.410850 42.278914 23.626810
12.410850 42.288803 22.294121
24.821700 23.226382 23.795878
24.821700 22.003677 24.452862
24.821700 21.934889 25.807677
12.410850 38.722579 21.279145
24.821700 25.605154 26.795988
34.529591 21.709824 36.346640
26.372187 26.488864 30.402020
33.686274 23.543666 35.196069
31.656727 24.715425 33.786789
30.498050 25.384388 33.010096
28.491961 26.542604 31.563939
34.827824 22.884592 35.989781
27.366421 27.192435 30.767956
32.569545 22.797317 34.865875
32.516675 21.875559 35.128555
31.532495 23.369117 34.161235
29.398946 24.600206 32.675931
28.398011 25.213493 31.969589
27.609549 24.712846 31.747758
30.368605 22.624488 33.767499
30.328270 21.682308 33.946779
29.314304 23.237345 33.139450
28.500028 22.747016 33.004990
1.598145 42.069756 37.416649
26.368837 29.554870 29.271873
10.861231 34.932365 21.862373
9.796008 34.317358 20.015105
27.625063 30.280153 28.003861
26.527820 29.646659 26.215596
8.914341 33.808328 23.483840
9.658992 34.238252 23.911049
8.854024 33.773504 22.145478
7.776142 33.151188 21.533314
7.716570 33.116794 20.575639
30.471864 31.923754 21.655861
30.410058 31.888070 20.698753
29.531618 31.380759 22.386031
28.798260 30.957499 21.933859
28.520506 30.797137 24.566330
27.788141 30.374306 24.111888
28.519761 30.796707 25.980716
29.623706 31.434070 26.558839
29.682161 31.467819 27.516514
7.003567 32.705142 26.476007
7.061650 32.738676 27.433682
7.950018 33.251575 25.734489
8.690201 33.678920 26.171343
7.912041 33.229649 24.269610
6.823361 32.601100 23.626810
6.814798 32.596156 22.294121
29.528763 31.379254 23.795878
30.587657 31.990607 24.452862
30.647229 32.025001 25.807677
9.903238 34.379267 21.279145
27.468686 30.189868 26.795988
25.988196 40.544814 36.346640
25.928127 31.090775 30.402020
24.821700 38.897558 35.196069
24.821700 36.554040 33.786789
24.821700 35.216115 33.010096
24.821700 32.899682 31.563939
24.821700 40.215707 35.989781
24.821700 31.600021 30.767956
26.026421 38.303618 34.865875
26.851122 38.718710 35.128555
26.049754 37.119606 34.161235
26.050374 34.656354 32.675931
26.019719 33.482875 31.969589
26.847523 33.050371 31.747758
27.276566 36.483963 33.767499
28.112685 36.920121 33.946779
27.272967 35.264482 33.139450
28.104742 34.804463 33.004990
23.655204 40.544814 36.346640
23.715273 31.090775 30.402020
23.616979 38.303618 34.865875
22.792278 38.718710 35.128555
23.593646 37.119606 34.161235
23.593026 34.656354 32.675931
23.623681 33.482875 31.969589
22.795877 33.050371 31.747758
22.366834 36.483963 33.767499
21.530715 36.920121 33.946779
22.370433 35.264482 33.139450
21.538658 34.804463 33.004990
15.113809 21.709824 36.346640
23.271213 26.488864 30.402020
17.073855 22.797317 34.865875
17.126725 21.875559 35.128555
18.110905 23.369117 34.161235
20.244454 24.600206 32.675931
21.245389 25.213493 31.969589
22.033851 24.712846 31.747758
19.274795 22.624488 33.767499
19.315130 21.682308 33.946779
20.329096 23.237345 33.139450
21.143372 22.747016 33.004990
35.696087 23.730254 36.346640
27.478615 28.405252 30.402020
33.774267 24.883956 34.865875
34.546097 25.390622 35.128555
32.760548 25.496168 34.161235
30.627620 26.728332 32.675931
29.596030 27.288523 31.969589
29.635372 28.221674 31.747758
32.823471 26.876441 33.767499
33.619255 27.382462 33.946779
31.765571 27.483064 33.139450
31.783070 28.433412 33.004990
23.285237 26.427600 39.299093
15.067765 21.752601 45.243713
21.363417 25.273897 40.779858
22.135247 24.767231 40.517179
20.349698 24.661685 41.484498
18.216770 23.429521 42.969802
17.185180 22.869330 43.676144
17.224522 21.936179 43.897976
20.412621 23.281412 41.878234
21.208405 22.775391 41.698954
19.354721 22.674789 42.506283
19.372220 21.724441 42.640743
27.524659 28.448030 39.299093
35.682063 23.668989 45.243713
29.484705 27.360536 40.779858
29.537575 28.282294 40.517179
30.521755 26.788736 41.484498
32.655304 25.557647 42.969802
33.656239 24.944360 43.676144
34.444701 25.445007 43.897976
31.685645 27.533365 41.878234
31.725980 28.475545 41.698954
32.739946 26.920508 42.506283
33.554222 27.410837 42.640743
23.655204 31.109262 39.299093
23.715273 40.563301 45.243713
23.616979 33.350458 40.779858
22.792278 32.935366 40.517179
23.593646 34.534470 41.484498
23.593026 36.997722 42.969802
23.623681 38.171201 43.676144
22.795877 38.603705 43.897976
22.366834 35.170113 41.878234
21.530715 34.733955 41.698954
22.370433 36.389594 42.506283
21.538658 36.849613 42.640743
12.410726 35.827110 111.294542
14.008995 36.749727 57.140518
26.368837 27.768391 65.285294
24.821824 28.661559 68.007405
12.410726 35.827110 113.215565
24.821824 28.661559 65.983693
35.682931 22.390896 72.694793
34.617708 23.005902 74.542062
27.625063 27.043108 66.553305
26.527820 27.676602 68.341570
33.736041 23.514933 71.073327
34.480692 23.085009 70.646118
33.675724 23.549757 72.411689
32.597842 24.172073 73.023852
32.538270 24.206467 73.981527
30.471864 25.399507 72.901306
30.410058 25.435191 73.858414
29.531618 25.942501 72.171136
28.798260 26.365762 72.623308
28.520506 26.526124 69.990837
27.788141 26.948955 70.445278
28.519761 26.526554 68.576450
29.623706 25.889191 67.998328
29.682161 25.855442 67.040653
31.825267 24.618119 68.081160
31.883350 24.584585 67.123485
32.771718 24.071685 68.822677
33.511901 23.644340 68.385823
32.733741 24.093611 70.287557
31.645061 24.722161 70.930357
31.636498 24.727105 72.263045
29.528763 25.944006 70.761288
30.587657 25.332654 70.104305
30.647229 25.298260 68.749490
34.724938 22.943993 73.278022
27.468686 27.133392 67.761179
13.577346 38.274670 58.210526
25.928127 26.232486 64.155146
12.410850 39.921925 59.361098
12.410850 42.265443 60.770378
24.821700 22.107145 61.547071
24.821700 24.423578 62.993228
12.410850 38.603777 58.567385
24.821700 25.723240 63.789210
13.615571 40.515866 59.691292
14.440272 40.100774 59.428612
13.638904 41.699878 60.395932
26.050374 22.666907 61.881236
26.019719 23.840386 62.587578
26.847523 24.272890 62.809409
14.865716 42.335521 60.789668
15.701835 41.899363 60.610387
27.272967 22.058779 61.417716
28.104742 22.518798 61.552177
10.812705 36.749727 57.140518
24.821700 30.448110 65.285294
24.821700 41.203100 72.694793
24.821700 39.973086 74.542062
24.821700 31.898675 66.553305
24.821700 30.631688 68.341570
24.821700 38.955025 71.073327
24.821700 39.814874 70.646118
24.821700 38.885377 72.411689
24.821700 37.640746 73.023852
24.821700 37.571958 73.981527
24.821700 35.185877 72.901306
24.821700 35.114510 73.858414
24.821576 34.100103 72.171136
24.821700 33.253367 72.623308
24.821700 32.932643 69.990837
24.821700 32.086982 70.445278
24.821700 32.931783 68.576450
24.821700 34.206509 67.998328
24.821700 34.274008 67.040653
24.821700 36.748653 68.081160
24.821700 36.815721 67.123485
24.821700 37.841521 68.822677
24.821700 38.696210 68.385823
24.821700 37.797668 70.287557
24.821700 36.540569 70.930357
24.821700 36.530681 72.263045
24.821700 34.096879 70.761288
24.821700 35.319584 70.104305
24.821700 35.388372 68.749490
24.821700 40.096904 73.278022
24.821700 31.718107 67.761179
9.707891 35.613437 58.210526
26.372187 30.834397 64.155146
8.864574 33.779594 59.361098
6.835027 32.607835 60.770378
30.498050 31.938873 61.547071
28.491961 30.780656 62.993228
10.006124 34.438669 58.567385
27.366421 30.130826 63.789210
7.747845 34.525943 59.691292
7.694975 35.447701 59.428612
6.710795 33.954144 60.395932
29.398946 32.723055 61.881236
28.398011 32.109768 62.587578
27.609549 32.610415 62.809409
5.546905 34.698773 60.789668
5.506570 35.640952 60.610387
29.314304 34.085916 61.417716
28.500028 34.576244 61.552177
12.410850 33.981659 57.140518
23.274563 27.768391 65.285294
13.960469 22.390896 72.694793
15.025692 23.005902 74.542062
22.018337 27.043108 66.553305
23.115580 27.676602 68.341570
15.907359 23.514933 71.073327
15.162708 23.085009 70.646118
15.967676 23.549757 72.411689
17.045558 24.172073 73.023852
17.105130 24.206467 73.981527
19.171536 25.399507 72.901306
19.233342 25.435191 73.858414
20.111907 25.942287 72.171136
20.845140 26.365762 72.623308
21.122894 26.526124 69.990837
21.855259 26.948955 70.445278
21.123639 26.526554 68.576450
20.019694 25.889191 67.998328
19.961239 25.855442 67.040653
17.818133 24.618119 68.081160
17.760050 24.584585 67.123485
16.871682 24.071685 68.822677
16.131499 23.644340 68.385823
16.909659 24.093611 70.287557
17.998339 24.722161 70.930357
18.006902 24.727105 72.263045
20.114637 25.944006 70.761288
19.055743 25.332654 70.104305
18.996171 25.298260 68.749490
14.918462 22.943993 73.278022
22.174714 27.133392 67.761179
13.947313 33.593007 58.210526
22.164785 28.918009 64.155146
15.957126 33.779594 59.361098
17.986673 32.607835 60.770378
19.145350 31.938873 61.547071
21.151439 30.780656 62.993228
14.815576 34.438669 58.567385
22.276979 30.130826 63.789210
15.869133 32.439305 59.691292
15.097303 31.932639 59.428612
16.882852 31.827092 60.395932
19.015780 30.594929 61.881236
20.047370 30.034737 62.587578
20.008028 29.101586 62.809409
16.819929 30.446820 60.789668
16.024145 29.940799 60.610387
17.877829 29.840197 61.417716
17.860330 28.889849 61.552177
24.821824 28.661559 58.908358
24.821700 30.507009 113.062382
10.863713 36.720278 104.917606
12.410726 35.827110 102.195495
24.821824 28.661559 56.987335
12.410726 35.827110 104.219207
1.549619 42.097773 97.508107
2.614842 41.482766 95.660838
9.607487 37.445560 103.649595
10.704730 36.812067 101.861330
3.496509 40.973735 99.129573
2.751858 41.403660 99.556782
3.556826 40.938911 97.791211
4.634708 40.316596 97.179048
4.694280 40.282202 96.221373
6.760686 39.089161 97.301594
6.822492 39.053478 96.344486
7.701057 38.546382 98.031764
8.434290 38.122906 97.579592
8.712044 37.962544 100.212063
9.444409 37.539714 99.757622
8.712789 37.962114 101.626450
7.608844 38.599477 102.204572
7.550389 38.633227 103.162247
5.407283 39.870549 102.121740
5.349200 39.904083 103.079415
4.460832 40.416983 101.380223
3.720649 40.844328 101.817077
4.498809 40.395057 99.915343
5.587489 39.766507 99.272543
5.596052 39.761563 97.939855
7.703787 38.544662 99.441612
6.644893 39.156015 100.098595
6.585321 39.190409 101.453410
2.507612 41.544675 96.924878
9.763864 37.355276 102.441721
26.358163 30.895661 111.992374
9.753935 35.570660 106.047754
28.367976 30.709074 110.841802
30.397523 31.880833 109.432522
6.734500 32.549795 108.655829
8.740589 33.708012 107.209672
27.226426 30.050000 111.635515
9.866129 34.357843 106.413690
28.279983 32.049363 110.511608
27.508153 32.556029 110.774288
29.293702 32.661576 109.806968
6.604930 33.893739 108.321664
7.636520 34.453931 107.615322
7.597178 35.387082 107.393491
29.230779 34.041848 109.413232
28.434995 34.547869 109.592513
5.466979 34.648472 108.785184
5.449480 35.598820 108.650723
23.223555 27.738941 113.062382
12.410850 34.040559 104.917606
12.410850 23.285568 97.508107
12.410850 24.515582 95.660838
12.410850 32.589993 103.649595
12.410850 33.856981 101.861330
12.410850 25.533643 99.129573
12.410850 24.673794 99.556782
12.410850 25.603291 97.791211
12.410850 26.847922 97.179048
12.410850 26.916710 96.221373
12.410850 29.302791 97.301594
12.410850 29.374158 96.344486
12.410726 30.388565 98.031764
12.410850 31.235301 97.579592
12.410850 31.556025 100.212063
12.410850 32.401686 99.757622
12.410850 31.556885 101.626450
12.410850 30.282159 102.204572
12.410850 30.214661 103.162247
12.410850 27.740016 102.121740
12.410850 27.672947 103.079415
12.410850 26.647148 101.380223
12.410850 25.792458 101.817077
12.410850 26.691000 99.915343
12.410850 27.948099 99.272543
12.410850 27.957987 97.939855
12.410850 30.391790 99.441612
12.410850 29.169085 100.098595
12.410850 29.100297 101.453410
12.410850 24.391764 96.924878
12.410850 32.770562 102.441721
22.118741 28.875231 111.992374
13.961337 33.654271 106.047754
21.275424 30.709074 110.841802
19.245877 31.880833 109.432522
18.087200 32.549795 108.655829
16.081111 33.708012 107.209672
22.416974 30.050000 111.635515
14.955571 34.357843 106.413690
20.158695 29.962725 110.511608
20.105825 29.040967 110.774288
19.121645 30.534525 109.806968
16.988096 31.765613 108.321664
15.987161 32.378901 107.615322
15.198699 31.878253 107.393491
17.957755 29.789895 109.413232
17.917420 28.847716 109.592513
16.903454 30.402753 108.785184
16.089178 29.912424 108.650723
26.419845 27.738941 113.062382
13.957987 36.720278 104.917606
23.272081 42.097773 97.508107
22.206858 41.482766 95.660838
15.214213 37.445560 103.649595
14.116970 36.812067 101.861330
21.325191 40.973735 99.129573
22.069842 41.403660 99.556782
21.264874 40.938911 97.791211
20.186992 40.316596 97.179048
20.127420 40.282202 96.221373
18.061014 39.089161 97.301594
17.999208 39.053478 96.344486
17.120768 38.546167 98.031764
16.387410 38.122906 97.579592
16.109656 37.962544 100.212063
15.377291 37.539714 99.757622
16.108911 37.962114 101.626450
17.212856 38.599477 102.204572
17.271311 38.633227 103.162247
19.414417 39.870549 102.121740
19.472500 39.904083 103.079415
20.360868 40.416983 101.380223
21.101051 40.844328 101.817077
20.322891 40.395057 99.915343
19.234211 39.766507 99.272543
19.225648 39.761563 97.939855
17.117913 38.544662 99.441612
18.176807 39.156015 100.098595
18.236379 39.190409 101.453410
22.314088 41.544675 96.924878
15.057836 37.355276 102.441721
25.988196 26.213999 111.992374
13.517277 38.256183 106.047754
24.821700 24.566743 110.841802
24.821700 22.223225 109.432522
12.410850 42.381523 108.655829
12.410850 40.065090 107.209672
24.821700 25.884892 111.635515
12.410850 38.765428 106.413690
26.026421 23.972803 110.511608
26.851122 24.387895 110.774288
26.049754 22.788791 109.806968
13.639524 41.821761 108.321664
13.608869 40.648282 107.615322
14.436673 40.215778 107.393491
27.276566 22.153147 109.413232
28.112685 22.589306 109.592513
14.862117 42.429889 108.785184
15.693892 41.969870 108.650723
23.655204 26.213999 111.992374
11.304423 38.256183 106.047754
23.616979 23.972803 110.511608
22.792278 24.387895 110.774288
23.593646 22.788791 109.806968
11.182176 41.821761 108.321664
11.212831 40.648282 107.615322
10.385027 40.215778 107.393491
22.366834 22.153147 109.413232
21.530715 22.589306 109.592513
9.959583 42.429889 108.785184
9.127808 41.969870 108.650723
27.524659 28.875231 111.992374
10.860363 33.654271 106.047754
29.484705 29.962725 110.511608
29.537575 29.040967 110.774288
30.521755 30.534525 109.806968
7.833604 31.765613 108.321664
8.834539 32.378901 107.615322
9.623001 31.878253 107.393491
31.685645 29.789895 109.413232
31.725980 28.847716 109.592513
7.918246 30.402753 108.785184
8.732522 29.912424 108.650723
23.285237 30.895661 111.992374
15.067765 35.570660 106.047754
21.363417 32.049363 110.511608
22.135247 32.556029 110.774288
20.349698 32.661576 109.806968
18.216770 33.893739 108.321664
17.185180 34.453931 107.615322
17.224522 35.387082 107.393491
20.412621 34.041848 109.413232
21.208405 34.547869 109.592513
19.354721 34.648472 108.785184
19.372220 35.598820 108.650723
10.874387 33.593007 58.210526
27.478615 28.918009 64.155146
8.952567 32.439305 59.691292
9.724397 31.932639 59.428612
7.938848 31.827092 60.395932
30.627620 30.594929 61.881236
29.596030 30.034737 62.587578
29.635372 29.101586 62.809409
8.001771 30.446820 60.789668
8.797555 29.940799 60.610387
31.765571 29.840197 61.417716
31.783070 28.889849 61.552177
15.113809 35.613437 58.210526
23.271213 30.834397 64.155146
17.073855 34.525943 59.691292
17.126725 35.447701 59.428612
18.110905 33.954144 60.395932
20.244454 32.723055 61.881236
21.245389 32.109768 62.587578
22.033851 32.610415 62.809409
19.274795 34.698773 60.789668
19.315130 35.640952 60.610387
20.329096 34.085916 61.417716
21.143372 34.576244 61.552177
11.244354 38.274670 58.210526
23.715273 26.232486 64.155146
11.206129 40.515866 59.691292
10.381428 40.100774 59.428612
11.182796 41.699878 60.395932
23.593026 22.666907 61.881236
23.623681 23.840386 62.587578
22.795877 24.272890 62.809409
9.955984 42.335521 60.789668
9.119865 41.899363 60.610387
22.370433 22.058779 61.417716
21.538658 22.518798 61.552177
14.008995 22.418912 76.051951
13.957987 34.933798 84.196727
12.410974 35.826966 86.918839
12.410974 35.826966 84.895126
23.272081 29.556303 91.606227
22.206858 30.171310 93.453495
15.214213 34.208516 85.464739
14.116970 34.842009 87.253004
21.325191 30.680341 89.984760
22.069842 30.250416 89.557551
21.264874 30.715165 91.323122
20.186992 31.337480 91.935286
20.127420 31.371874 92.892961
18.061014 32.564914 91.812739
17.999208 32.600598 92.769847
17.120768 33.107909 91.082569
16.387410 33.531170 91.534741
16.109656 33.691532 88.902270
15.377291 34.114362 89.356712
16.108911 33.691961 87.487884
17.212856 33.054598 86.909761
17.271311 33.020849 85.952086
19.414417 31.783527 86.992593
19.472500 31.749993 86.034918
20.360868 31.237093 87.734111
21.101051 30.809748 87.297257
20.322891 31.259019 89.198990
19.234211 31.887569 89.841790
19.225648 31.892513 91.174479
17.117913 33.109414 89.672722
18.176807 32.498061 89.015738
18.236379 32.463667 87.660923
22.314088 30.109401 92.189455
15.057836 34.298800 86.672612
13.577346 23.943854 77.121960
13.517277 33.397893 83.066580
12.410850 25.591110 78.272531
12.410850 27.934628 79.681811
12.410850 29.272553 80.458504
12.410850 31.588986 81.904661
12.410850 24.272962 77.478819
12.410850 32.888648 82.700644
13.615571 26.185051 78.602725
14.440272 25.769958 78.340045
13.638904 27.369062 79.307365
13.639524 29.832315 80.792669
13.608869 31.005793 81.499011
14.436673 31.438297 81.720842
14.865716 28.004706 79.701101
15.701835 27.568547 79.521821
14.862117 29.224187 80.329150
15.693892 29.684206 80.463610
35.634405 22.418912 76.051951
12.410850 37.613517 84.196727
24.821700 26.872285 91.606227
24.821700 25.642271 93.453495
12.410850 39.064082 85.464739
12.410850 37.797095 87.253004
24.821700 24.624210 89.984760
24.821700 25.484059 89.557551
24.821700 24.554562 91.323122
24.821700 23.309931 91.935286
24.821700 23.241143 92.892961
12.410850 42.351285 91.812739
12.410850 42.279917 92.769847
12.410726 41.265511 91.082569
12.410850 40.418774 91.534741
12.410850 40.098051 88.902270
12.410850 39.252389 89.356712
12.410850 40.097191 87.487884
12.410850 41.371917 86.909761
12.410850 41.439415 85.952086
24.821700 22.417837 86.992593
24.821700 22.484906 86.034918
24.821700 23.510705 87.734111
24.821700 24.365395 87.297257
24.821700 23.466853 89.198990
24.821700 22.209754 89.841790
24.821700 22.199866 91.174479
12.410850 41.262286 89.672722
12.410850 42.484991 89.015738
12.410850 42.553779 87.660923
24.821700 25.766089 92.189455
12.410850 38.883514 86.672612
22.118741 42.778845 77.121960
13.961337 37.999804 83.066580
21.275424 40.945002 78.272531
19.245877 39.773243 79.681811
18.087200 39.104280 80.458504
16.081111 37.946064 81.904661
22.416974 41.604076 77.478819
14.955571 37.296233 82.700644
20.158695 41.691351 78.602725
20.105825 42.613109 78.340045
19.121645 41.119551 79.307365
16.988096 39.888463 80.792669
15.987161 39.275175 81.499011
15.198699 39.775822 81.720842
17.957755 41.864180 79.701101
17.917420 42.806360 79.521821
16.903454 41.251323 80.329150
16.089178 41.741652 80.463610
24.821700 41.147066 76.051951
10.863713 34.933798 84.196727
26.371319 29.556303 91.606227
27.436542 30.171310 93.453495
9.607487 34.208516 85.464739
10.704730 34.842009 87.253004
28.318209 30.680341 89.984760
27.573558 30.250416 89.557551
28.378526 30.715165 91.323122
29.456408 31.337480 91.935286
29.515980 31.371874 92.892961
6.760686 32.564914 91.812739
6.822492 32.600598 92.769847
7.701057 33.107694 91.082569
8.434290 33.531170 91.534741
8.712044 33.691532 88.902270
9.444409 34.114362 89.356712
8.712789 33.691961 87.487884
7.608844 33.054598 86.909761
7.550389 33.020849 85.952086
30.228983 31.783527 86.992593
30.170900 31.749993 86.034918
29.282532 31.237093 87.734111
28.542349 30.809748 87.297257
29.320509 31.259019 89.198990
30.409189 31.887569 89.841790
30.417752 31.892513 91.174479
7.703787 33.109414 89.672722
6.644893 32.498061 89.015738
6.585321 32.463667 87.660923
27.329312 30.109401 92.189455
9.763864 34.298800 86.672612
1.536463 40.758415 77.121960
9.753935 36.083416 83.066580
3.546276 40.945002 78.272531
5.575823 39.773243 79.681811
6.734500 39.104280 80.458504
8.740589 37.946064 81.904661
2.404726 41.604076 77.478819
9.866129 37.296233 82.700644
3.458283 39.604712 78.602725
2.686453 39.098047 78.340045
4.472002 38.992500 79.307365
6.604930 37.760337 80.792669
7.636520 37.200145 81.499011
7.597178 36.266994 81.720842
4.409079 37.612228 79.701101
3.613295 37.106207 79.521821
5.466979 37.005604 80.329150
5.449480 36.055256 80.463610
12.410974 35.826966 77.819792
12.410850 37.672417 75.239516
35.685413 22.389462 67.094740
12.410974 35.826966 75.898768
26.371319 27.766958 59.685240
27.436542 27.151951 57.837971
34.429187 23.114745 65.826728
35.526430 22.481251 64.038463
28.318209 26.642920 61.306706
27.573558 27.072845 61.733916
28.378526 26.608096 59.968344
29.456408 25.985781 59.356181
29.515980 25.951387 58.398506
31.582386 24.758346 59.478727
31.644192 24.722662 58.521620
32.522757 24.215567 60.208898
33.255990 23.792091 59.756725
33.533744 23.631729 62.389197
34.266109 23.208898 61.934755
33.534489 23.631299 63.803583
32.430544 24.268662 64.381705
32.372089 24.302411 65.339380
30.228983 25.539734 64.298873
30.170900 25.573268 65.256548
29.282532 26.086168 63.557356
28.542349 26.513513 63.994210
29.320509 26.064242 62.092476
30.409189 25.435692 61.449677
30.417752 25.430748 60.116988
32.525487 24.213847 61.618745
31.466593 24.825199 62.275728
31.407021 24.859593 63.630543
27.329312 27.213860 59.102011
34.585564 23.024461 64.618855
13.947313 38.061069 74.169507
22.164785 42.736067 68.224887
15.957126 37.874482 73.018935
17.986673 39.046241 71.609655
19.145350 39.715203 70.832963
21.151439 40.873420 69.386805
14.815576 37.215407 73.812648
22.276979 41.523250 68.590823
15.869133 39.214771 72.688742
15.097303 39.721437 72.951421
16.882852 39.826983 71.984102
19.015780 41.059147 70.498798
20.047370 41.619338 69.792456
20.008028 42.552490 69.570624
16.819929 41.207256 71.590366
16.024145 41.713277 71.769646
17.877829 41.813879 70.962317
17.860330 42.764227 70.827857
10.812705 34.904348 75.239516
24.821700 41.205966 67.094740
24.821700 30.450976 59.685240
24.821700 31.680990 57.837971
24.821700 39.755401 65.826728
24.821700 41.022388 64.038463
24.821700 32.699051 61.306706
24.821700 31.839202 61.733916
24.821700 32.768699 59.968344
24.821700 34.013330 59.356181
24.821700 34.082118 58.398506
24.821700 36.468199 59.478727
24.821700 36.539566 58.521620
24.821576 37.553973 60.208898
24.821700 38.400709 59.756725
24.821700 38.721433 62.389197
24.821700 39.567094 61.934755
24.821700 38.722293 63.803583
24.821700 37.447567 64.381705
24.821700 37.380068 65.339380
24.821700 34.905423 64.298873
24.821700 34.838355 65.256548
24.821700 33.812555 63.557356
24.821700 32.957865 63.994210
24.821700 33.856408 62.092476
24.821700 35.113507 61.449677
24.821700 35.123395 60.116988
24.821700 37.557197 61.618745
24.821700 36.334492 62.275728
24.821700 36.265704 63.630543
24.821700 31.557172 59.102011
24.821700 39.935969 64.618855
9.707891 36.040639 74.169507
1.550487 40.819679 68.224887
8.864574 37.874482 73.018935
6.835027 39.046241 71.609655
5.676350 39.715203 70.832963
3.670261 40.873420 69.386805
10.006124 37.215407 73.812648
2.544721 41.523250 68.590823
7.747845 37.128133 72.688742
7.694975 36.206375 72.951421
6.710795 37.699932 71.984102
4.577246 38.931021 70.498798
3.576311 39.544308 69.792456
2.787849 39.043661 69.570624
5.546905 36.955303 71.590366
5.506570 36.013124 71.769646
4.492604 37.568160 70.962317
3.678328 37.077831 70.827857
14.008995 34.904348 75.239516
13.957987 22.389462 67.094740
23.272081 27.766958 59.685240
22.206858 27.151951 57.837971
15.214213 23.114745 65.826728
14.116970 22.481251 64.038463
21.325191 26.642920 61.306706
22.069842 27.072845 61.733916
21.264874 26.608096 59.968344
20.186992 25.985781 59.356181
20.127420 25.951387 58.398506
18.061014 24.758346 59.478727
17.999208 24.722662 58.521620
17.120768 24.215352 60.208898
16.387410 23.792091 59.756725
16.109656 23.631729 62.389197
15.377291 23.208898 61.934755
16.108911 23.631299 63.803583
17.212856 24.268662 64.381705
17.271311 24.302411 65.339380
19.414417 25.539734 64.298873
19.472500 25.573268 65.256548
20.360868 26.086168 63.557356
21.101051 26.513513 63.994210
20.322891 26.064242 62.092476
19.234211 25.435692 61.449677
19.225648 25.430748 60.116988
17.117913 24.213847 61.618745
18.176807 24.825199 62.275728
18.236379 24.859593 63.630543
22.314088 27.213860 59.102011
15.057836 23.024461 64.618855
13.577346 33.379406 74.169507
13.517277 23.925368 68.224887
12.410850 31.732151 73.018935
12.410850 29.388633 71.609655
12.410850 28.050708 70.832963
12.410850 25.734275 69.386805
12.410850 33.050299 73.812648
12.410850 24.434613 68.590823
13.615571 31.138210 72.688742
14.440272 31.553302 72.951421
13.638904 29.954198 71.984102
13.639524 27.490946 70.498798
13.608869 26.317467 69.792456
14.436673 25.884963 69.570624
14.865716 29.318555 71.590366
15.701835 29.754713 71.769646
14.862117 28.099074 70.962317
15.693892 27.639055 70.827857
11.244354 33.379406 74.169507
11.304423 23.925368 68.224887
11.206129 31.138210 72.688742
10.381428 31.553302 72.951421
11.182796 29.954198 71.984102
11.182176 27.490946 70.498798
11.212831 26.317467 69.792456
10.385027 25.884963 69.570624
9.955984 29.318555 71.590366
9.119865 29.754713 71.769646
9.959583 28.099074 70.962317
9.127808 27.639055 70.827857
15.113809 36.040639 74.169507
23.271213 40.819679 68.224887
17.073855 37.128133 72.688742
17.126725 36.206375 72.951421
18.110905 37.699932 71.984102
20.244454 38.931021 70.498798
21.245389 39.544308 69.792456
22.033851 39.043661 69.570624
19.274795 36.955303 71.590366
19.315130 36.013124 71.769646
20.329096 37.568160 70.962317
21.143372 37.077831 70.827857
10.874387 38.061069 74.169507
2.656915 42.736067 68.224887
8.952567 39.214771 72.688742
9.724397 39.721437 72.951421
7.938848 39.826983 71.984102
5.805920 41.059147 70.498798
4.774330 41.619338 69.792456
4.813672 42.552490 69.570624
8.001771 41.207256 71.590366
8.797555 41.713277 71.769646
6.943871 41.813879 70.962317
6.961370 42.764227 70.827857
23.285237 40.758415 77.121960
15.067765 36.083416 83.066580
21.363417 39.604712 78.602725
22.135247 39.098047 78.340045
20.349698 38.992500 79.307365
18.216770 37.760337 80.792669
17.185180 37.200145 81.499011
17.224522 36.266994 81.720842
20.412621 37.612228 79.701101
21.208405 37.106207 79.521821
19.354721 37.005604 80.329150
19.372220 36.055256 80.463610
2.702959 42.778845 77.121960
10.860363 37.999804 83.066580
4.663005 41.691351 78.602725
4.715875 42.613109 78.340045
5.700055 41.119551 79.307365
7.833604 39.888463 80.792669
8.834539 39.275175 81.499011
9.623001 39.775822 81.720842
6.863945 41.864180 79.701101
6.904280 42.806360 79.521821
7.918246 41.251323 80.329150
8.732522 41.741652 80.463610
11.244354 23.943854 77.121960
11.304423 33.397893 83.066580
11.206129 26.185051 78.602725
10.381428 25.769958 78.340045
11.182796 27.369062 79.307365
11.182176 29.832315 80.792669
11.212831 31.005793 81.499011
10.385027 31.438297 81.720842
9.955984 28.004706 79.701101
9.119865 27.568547 79.521821
9.959583 29.224187 80.329150
9.127808 29.684206 80.463610
24.821576 28.661702 92.383108
26.419845 29.584320 94.963384
1.547137 42.099206 103.108160
24.821576 28.661702 94.304132
10.861231 36.721711 110.517660
9.796008 37.336718 112.364929
2.803363 41.373923 104.376172
1.706120 42.007417 106.164437
8.914341 37.845748 108.896194
9.658992 37.415824 108.468984
8.854024 37.880572 110.234556
7.776142 38.502888 110.846719
7.716570 38.537282 111.804394
5.650164 39.730322 110.724173
5.588358 39.766006 111.681280
4.709918 40.273317 109.994002
3.976560 40.696577 110.446175
3.698806 40.856939 107.813703
2.966441 41.279770 108.268145
3.698061 40.857369 106.399317
4.802006 40.220006 105.821195
4.860461 40.186257 104.863520
7.003567 38.948934 105.904027
7.061650 38.915400 104.946352
7.950018 38.402500 106.645544
8.690201 37.975155 106.208690
7.912041 38.424427 108.110424
6.823361 39.052976 108.753223
6.814798 39.057920 110.085912
4.707063 40.274821 108.584155
5.765957 39.663469 107.927172
5.825529 39.629075 106.572357
9.903238 37.274809 111.100889
2.646986 41.464207 105.584045
25.988196 31.109262 96.033393
25.928127 40.563301 101.978013
24.821700 32.756517 97.183965
24.821700 35.100036 98.593245
24.821700 36.437961 99.369937
24.821700 38.754394 100.816095
24.821700 31.438369 96.390252
24.821700 40.054055 101.612077
26.026421 33.350458 97.514158
26.851122 32.935366 97.251479
26.049754 34.534470 98.218798
26.050374 36.997722 99.704102
26.019719 38.171201 100.410444
26.847523 38.603705 100.632276
27.276566 35.170113 98.612534
28.112685 34.733955 98.433254
27.272967 36.389594 99.240583
28.104742 36.849613 99.375043
23.223555 29.584320 94.963384
12.410850 23.282702 103.108160
12.410850 34.037692 110.517660
12.410850 32.807678 112.364929
12.410850 24.733267 104.376172
12.410850 23.466280 106.164437
12.410850 31.789617 108.896194
12.410850 32.649466 108.468984
12.410850 31.719970 110.234556
12.410850 30.475338 110.846719
12.410850 30.406550 111.804394
12.410850 28.020470 110.724173
12.410850 27.949102 111.681280
12.410726 26.934695 109.994002
12.410850 26.087959 110.446175
12.410850 25.767236 107.813703
12.410850 24.921574 108.268145
12.410850 25.766376 106.399317
12.410850 27.041102 105.821195
12.410850 27.108600 104.863520
12.410850 29.583245 105.904027
12.410850 29.650313 104.946352
12.410850 30.676113 106.645544
12.410850 31.530803 106.208690
12.410850 30.632261 108.110424
12.410850 29.375162 108.753223
12.410850 29.365273 110.085912
12.410850 26.931471 108.584155
12.410850 28.154176 107.927172
12.410850 28.222964 106.572357
12.410850 32.931497 111.100889
12.410850 24.552699 105.584045
22.118741 28.448030 96.033393
13.961337 23.668989 101.978013
21.275424 26.614187 97.183965
19.245877 25.442428 98.593245
18.087200 24.773465 99.369937
16.081111 23.615249 100.816095
22.416974 27.273261 96.390252
14.955571 22.965418 101.612077
20.158695 27.360536 97.514158
20.105825 28.282294 97.251479
19.121645 26.788736 98.218798
16.988096 25.557647 99.704102
15.987161 24.944360 100.410444
15.198699 25.445007 100.632276
17.957755 27.533365 98.612534
17.917420 28.475545 98.433254
16.903454 26.920508 99.240583
16.089178 27.410837 99.375043
24.821700 26.816251 94.963384
23.274563 42.099206 103.108160
13.960469 36.721711 110.517660
15.025692 37.336718 112.364929
22.018337 41.373923 104.376172
23.115580 42.007417 106.164437
15.907359 37.845748 108.896194
15.162708 37.415824 108.468984
15.967676 37.880572 110.234556
17.045558 38.502888 110.846719
17.105130 38.537282 111.804394
19.171536 39.730322 110.724173
19.233342 39.766006 111.681280
20.111907 40.273102 109.994002
20.845140 40.696577 110.446175
21.122894 40.856939 107.813703
21.855259 41.279770 108.268145
21.123639 40.857369 106.399317
20.019694 40.220006 105.821195
19.961239 40.186257 104.863520
17.818133 38.948934 105.904027
17.760050 38.915400 104.946352
16.871682 38.402500 106.645544
16.131499 37.975155 106.208690
16.909659 38.424427 108.110424
17.998339 39.052976 108.753223
18.006902 39.057920 110.085912
20.114637 40.274821 108.584155
19.055743 39.663469 107.927172
18.996171 39.629075 106.572357
14.918462 37.274809 111.100889
22.174714 41.464207 105.584045
26.358163 26.427600 96.033393
34.575635 21.752601 101.978013
28.367976 26.614187 97.183965
30.397523 25.442428 98.593245
31.556200 24.773465 99.369937
33.562289 23.615249 100.816095
27.226426 27.273261 96.390252
34.687829 22.965418 101.612077
28.279983 25.273897 97.514158
27.508153 24.767231 97.251479
29.293702 24.661685 98.218798
31.426630 23.429521 99.704102
32.458220 22.869330 100.410444
32.418878 21.936179 100.632276
29.230779 23.281412 98.612534
28.434995 22.775391 98.433254
30.288679 22.674789 99.240583
30.271180 21.724441 99.375043
12.410850 23.341602 94.150949
23.274563 29.554870 86.006173
24.821576 28.661702 83.284061
24.821576 28.661702 85.307774
13.960469 34.932365 78.596673
15.025692 34.317358 76.749405
22.018337 30.280153 84.738161
23.115580 29.646659 82.949896
15.907359 33.808328 80.218140
15.162708 34.238252 80.645349
15.967676 33.773504 78.879778
17.045558 33.151188 78.267614
17.105130 33.116794 77.309939
19.171536 31.923754 78.390161
19.233342 31.888070 77.433053
20.111907 31.380974 79.120331
20.845140 30.957499 78.668159
21.122894 30.797137 81.300630
21.855259 30.374306 80.846188
21.123639 30.796707 82.715016
20.019694 31.434070 83.293139
19.961239 31.467819 84.250814
17.818133 32.705142 83.210307
17.760050 32.738676 84.167982
16.871682 33.251575 82.468789
16.131499 33.678920 82.905643
16.909659 33.229649 81.003910
17.998339 32.601100 80.361110
18.006902 32.596156 79.028421
20.114637 31.379254 80.530178
19.055743 31.990607 81.187162
18.996171 32.025001 82.541977
14.918462 34.379267 78.013445
22.174714 30.189868 83.530288
13.947313 23.730254 93.080940
22.164785 28.405252 87.136320
15.957126 23.543666 91.930369
17.986673 24.715425 90.521089
19.145350 25.384388 89.744396
21.151439 26.542604 88.298239
14.815576 22.884592 92.724081
22.276979 27.192435 87.502256
15.869133 24.883956 91.600175
15.097303 25.390622 91.862855
16.882852 25.496168 90.895535
19.015780 26.728332 89.410231
20.047370 27.288523 88.703889
20.008028 28.221674 88.482058
16.819929 26.876441 90.501799
16.024145 27.382462 90.681079
17.877829 27.483064 89.873750
17.860330 28.433412 89.739290
23.223555 42.069756 94.150949
24.821700 26.875151 86.006173
12.410850 37.616384 78.596673
12.410850 38.846397 76.749405
24.821700 25.424586 84.738161
24.821700 26.691573 82.949896
12.410850 39.864459 80.218140
12.410850 39.004610 80.645349
12.410850 39.934106 78.879778
12.410850 41.178738 78.267614
12.410850 41.247525 77.309939
24.821700 22.137383 78.390161
24.821700 22.208751 77.433053
24.821576 23.223158 79.120331
24.821700 24.069894 78.668159
24.821700 24.390618 81.300630
24.821700 25.236279 80.846188
24.821700 24.391477 82.715016
24.821700 23.116751 83.293139
24.821700 23.049253 84.250814
12.410850 42.070831 83.210307
12.410850 42.003763 84.167982
12.410850 40.977963 82.468789
12.410850 40.123273 82.905643
12.410850 41.021815 81.003910
12.410850 42.278914 80.361110
12.410850 42.288803 79.028421
24.821700 23.226382 80.530178
24.821700 22.003677 81.187162
24.821700 21.934889 82.541977
12.410850 38.722579 78.013445
24.821700 25.605154 83.530288
34.529591 21.709824 93.080940
26.372187 26.488864 87.136320
33.686274 23.543666 91.930369
31.656727 24.715425 90.521089
30.498050 25.384388 89.744396
28.491961 26.542604 88.298239
34.827824 22.884592 92.724081
27.366421 27.192435 87.502256
32.569545 22.797317 91.600175
32.516675 21.875559 91.862855
31.532495 23.369117 90.895535
29.398946 24.600206 89.410231
28.398011 25.213493 88.703889
27.609549 24.712846 88.482058
30.368605 22.624488 90.501799
30.328270 21.682308 90.681079
29.314304 23.237345 89.873750
28.500028 22.747016 89.739290
1.598145 42.069756 94.150949
26.368837 29.554870 86.006173
10.861231 34.932365 78.596673
9.796008 34.317358 76.749405
27.625063 30.280153 84.738161
26.527820 29.646659 82.949896
8.914341 33.808328 80.218140
9.658992 34.238252 80.645349
8.854024 33.773504 78.879778
7.776142 33.151188 78.267614
7.716570 33.116794 77.309939
30.471864 31.923754 78.390161
30.410058 31.888070 77.433053
29.531618 31.380759 79.120331
28.798260 30.957499 78.668159
28.520506 30.797137 81.300630
27.788141 30.374306 80.846188
28.519761 30.796707 82.715016
29.623706 31.434070 83.293139
29.682161 31.467819 84.250814
7.003567 32.705142 83.210307
7.061650 32.738676 84.167982
7.950018 33.251575 82.468789
8.690201 33.678920 82.905643
7.912041 33.229649 81.003910
6.823361 32.601100 80.361110
6.814798 32.596156 79.028421
29.528763 31.379254 80.530178
30.587657 31.990607 81.187162
30.647229 32.025001 82.541977
9.903238 34.379267 78.013445
27.468686 30.189868 83.530288
25.988196 40.544814 93.080940
25.928127 31.090775 87.136320
24.821700 38.897558 91.930369
24.821700 36.554040 90.521089
24.821700 35.216115 89.744396
24.821700 32.899682 88.298239
24.821700 40.215707 92.724081
24.821700 31.600021 87.502256
26.026421 38.303618 91.600175
26.851122 38.718710 91.862855
26.049754 37.119606 90.895535
26.050374 34.656354 89.410231
26.019719 33.482875 88.703889
26.847523 33.050371 88.482058
27.276566 36.483963 90.501799
28.112685 36.920121 90.681079
27.272967 35.264482 89.873750
28.104742 34.804463 89.739290
23.655204 40.544814 93.080940
23.715273 31.090775 87.136320
23.616979 38.303618 91.600175
22.792278 38.718710 91.862855
23.593646 37.119606 90.895535
23.593026 34.656354 89.410231
23.623681 33.482875 88.703889
22.795877 33.050371 88.482058
22.366834 36.483963 90.501799
21.530715 36.920121 90.681079
22.370433 35.264482 89.873750
21.538658 34.804463 89.739290
15.113809 21.709824 93.080940
23.271213 26.488864 87.136320
17.073855 22.797317 91.600175
17.126725 21.875559 91.862855
18.110905 23.369117 90.895535
20.244454 24.600206 89.410231
21.245389 25.213493 88.703889
22.033851 24.712846 88.482058
19.274795 22.624488 90.501799
19.315130 21.682308 90.681079
20.329096 23.237345 89.873750
21.143372 22.747016 89.739290
35.696087 23.730254 93.080940
27.478615 28.405252 87.136320
33.774267 24.883956 91.600175
34.546097 25.390622 91.862855
32.760548 25.496168 90.895535
30.627620 26.728332 89.410231
29.596030 27.288523 88.703889
29.635372 28.221674 88.482058
32.823471 26.876441 90.501799
33.619255 27.382462 90.681079
31.765571 27.483064 89.873750
31.783070 28.433412 89.739290
23.285237 26.427600 96.033393
15.067765 21.752601 101.978013
21.363417 25.273897 97.514158
22.135247 24.767231 97.251479
20.349698 24.661685 98.218798
18.216770 23.429521 99.704102
17.185180 22.869330 100.410444
17.224522 21.936179 100.632276
20.412621 23.281412 98.612534
21.208405 22.775391 98.433254
19.354721 22.674789 99.240583
19.372220 21.724441 99.375043
27.524659 28.448030 96.033393
35.682063 23.668989 101.978013
29.484705 27.360536 97.514158
29.537575 28.282294 97.251479
30.521755 26.788736 98.218798
32.655304 25.557647 99.704102
33.656239 24.944360 100.410444
34.444701 25.445007 100.632276
31.685645 27.533365 98.612534
31.725980 28.475545 98.433254
32.739946 26.920508 99.240583
33.554222 27.410837 99.375043
23.655204 31.109262 96.033393
23.715273 40.563301 101.978013
23.616979 33.350458 97.514158
22.792278 32.935366 97.251479
23.593646 34.534470 98.218798
23.593026 36.997722 99.704102
23.623681 38.171201 100.410444
22.795877 38.603705 100.632276
22.366834 35.170113 98.612534
21.530715 34.733955 98.433254
22.370433 36.389594 99.240583
21.538658 36.849613 99.375043
POINT_DATA 9200
SCALARS my_scalars float
LOOKUP_TABLE default
1.39
1.39
1.39
1.39
1.52
1.52
1.52
1.52
1.52
1.52
1.7
1.09
1.7
1.7
1.09
1.7
1.09
1.7
1.09
1.7
1.09
1.7
1.7
1.09
1.7
1.09
1.7
1.09
1.7
1.7
1.7
1.7
1.7
1.7
1.7
1.7
1.52
1.52
1.7
1.7
1.7
1.7
1.7
1.7
1.7
1.09
1.7
1.7
1.7
1.09
1.7
1.09
1.7
1.09
1.39
1.39
1.52
1.52
1.52
1.52
1.7
1.09
1.7
1.7
1.09
1.7
1.09
1.7
1.09
1.7
1.09
1.7
1.7
1.09
1.7
1.09
1.7
1.09
1.7
1.7
1.7
1.7
1.7
1.7
1.7
1.7
1.52
1.52
1.7
1.7
1.7
1.7
1.7
1.7
1.7
1.09
1.7
1.7
1.7
1.09
1.7
1.09
1.7
1.09
1.39
1.39
1.52
1.52
1.52
1.52
1.7
1.09
1.7
1.7
1.09
1.7
1.09
1.7
1.09
1.7
1.09
1.7
1.7
1.09
1.7
1.09
1.7
1.09
1.7
1.7
1.7
1.7
1.7
1.7
1.7
1.7
1.52
1.52
1.7
1.7
1.7
1.7
1.7
1.7
1.7
1.09
1.7
1.7
1.7
1.09
1.7
1.09
1.7
1.09
1.39
1.39
1.39
1.39
1.52
1.52
1.52
1.52
1.52
1.52
1.7
1.09
1.7
1.7
1.09
1.7
1.09
1.7
1.09
1.7
1.09
1.7
1.7
1.09
1.7
1.09
1.7
1.09
1.7
1.7
1.7
1.7
1.7
1.7
1.7
1.7
1.52
1.52
1.7
1.7
1.7
1.7
1.7
1.7
1.7
1.09
1.7
1.7
1.7
1.09
1.7
1.09
1.7
1.09
1.39
1.39
1.52
1.52
1.52
1.52
1.7
1.09
1.7
1.7
1.09
1.7
1.09
1.7
1.09
1.7
1.09
1.7
1.7
1.09
1.7
1.09
1.7
1.09
1.7
1.7
1.7
1.7
1.7
1.7
1.7
1.7
1.52
1.52
1.7
1.7
1.7
1.7
1.7
1.7
1.7
1.09
1.7
1.7
1.7
1.09
1.7
1.09
1.7
1.09
1.39
1.39
1.52
1.52
1.52
1.52
1.7
1.09
1.7
1.7
1.09
1.7
1.09
1.7
1.09
1.7
1.09
1.7
1.7
1.09
1.7
1.09
1.7
1.09
1.7
1.7
1.7
1.7
1.7
1.7
1.7
1.7
1.52
1.52
1.7
1.7
1.7
1.7
1.7
1.7
1.7
1.09
1.7
1.7
1.7
1.09
1.7
1.09
1.7
1.09
1.52
1.52
1.7
1.09
1.7
1.7
1.7
1.09
1.7
1.09
1.7
1.09
1.52
1.52
1.7
1.09
1.7
1.7
1.7
1.09
1.7
1.09
1.7
1.09
1.52
1.52
1.7
1.09
1.7
1.7
1.7
1.09
1.7
1.09
1.7
1.09
1.52
1.52
1.7
1.09
1.7
1.7
1.7
1.09
1.7
1.09
1.7
1.09
1.52
1.52
1.7
1.09
1.7
1.7
1.7
1.09
1.7
1.09
1.7
1.09
1.52
1.52
1.7
1.09
1.7
1.7
1.7
1.09
1.7
1.09
1.7
1.09
1.39
1.39
1.39
1.39
1.39
1.52
1.52
1.52
1.52
1.52
1.52
1.52
1.7
1.09
1.7
1.7
1.09
1.7
1.09
1.7
1.09
1.7
1.09
1.7
1.7
1.09
1.7
1.09
1.7
1.09
1.7
1.7
1.7
1.7
1.7
1.7
1.7
1.7
1.52
1.52
1.7
1.7
1.7
1.7
1.7
1.7
1.7
1.09
1.7
1.7
1.7
1.09
1.7
1.09
1.7
1.09
1.39
1.39
1.39
1.52
1.52
1.52
1.52
1.52
1.7
1.09
1.7
1.7
1.09
1.7
1.09
1.7
1.09
1.7
1.09
1.7
1.7
1.09
1.7
1.09
1.7
1.09
1.7
1.7
1.7
1.7
1.7
1.7
1.7
1.7
1.52
1.52
1.7
1.7
1.7
1.7
1.7
1.7
1.7
1.09
1.7
1.7
1.7
1.09
1.7
1.09
1.7
1.09
1.39
1.39
1.39
1.39
1.39
1.39
1.52
1.52
1.52
1.52
1.52
1.52
1.52
1.52
1.7
1.09
1.7
1.7
1.09
1.7
1.09
1.7
1.09
1.7
1.09
1.7
1.7
1.09
1.7
1.09
1.7
1.09
1.7
1.7
1.7
1.7
1.7
1.7
1.7
1.7
1.52
1.52
1.7
1.7
1.7
1.7
1.7
1.7
1.7
1.09
1.7
1.7
1.7
1.09
1.7
1.09
1.7
1.09
1.39
1.39
1.39
1.39
1.39
1.52
1.52
1.52
1.52
1.52
1.52
1.52
1.7
1.09
1.7
1.7
1.09
1.7
1.09
1.7
1.09
1.7
1.09
1.7
1.7
1.09
1.7
1.09
1.7
1.09
1.7
1.7
1.7
1.7
1.7
1.7
1.7
1.7
1.52
1.52
1.7
1.7
1.7
1.7
1.7
1.7
1.7
1.09
1.7
1.7
1.7
1.09
1.7
1.09
1.7
1.09
1.39
1.39
1.39
1.52
1.52
1.52
1.52
1.52
1.7
1.09
1.7
1.7
1.09
1.7
1.09
1.7
1.09
1.7
1.09
1.7
1.7
1.09
1.7
1.09
1.7
1.09
1.7
1.7
1.7
1.7
1.7
1.7
1.7
1.7
1.52
1.52
1.7
1.7
1.7
1.7
1.7
1.7
1.7
1.09
1.7
1.7
1.7
1.09
1.7
1.09
1.7
1.09
1.39
1.39
1.39
1.39
1.39
1.39
1.52
1.52
1.52
1.52
1.52
1.52
1.52
1.52
1.7
1.09
1.7
1.7
1.09
1.7
1.09
1.7
1.09
1.7
1.09
1.7
1.7
1.09
1.7
1.09
1.7
1.09
1.7
1.7
1.7
1.7
1.7
1.7
1.7
1.7
1.52
1.52
1.7
1.7
1.7
1.7
1.7
1.7
1.7
1.09
1.7
1.7
1.7
1.09
1.7
1.09
1.7
1.09
1.52
1.52
1.7
1.09
1.7
1.7
1.7
1.09
1.7
1.09
1.7
1.09
1.52
1.52
1.7
1.09
1.7
1.7
1.7
1.09
1.7
1.09
1.7
1.09
1.52
1.52
1.7
1.09
1.7
1.7
1.7
1.09
1.7
1.09
1.7
1.09
1.52
1.52
1.7
1.09
1.7
1.7
1.7
1.09
1.7
1.09
1.7
1.09
1.52
1.52
1.7
1.09
1.7
1.7
1.7
1.09
1.7
1.09
1.7
1.09
1.52
1.52
1.7
1.09
1.7
1.7
1.7
1.09
1.7
1.09
1.7
1.09
1.39
1.39
1.39
1.39
1.39
1.52
1.52
1.52
1.52
1.52
1.52
1.52
1.7
1.09
1.7
1.7
1.09
1.7
1.09
1.7
1.09
1.7
1.09
1.7
1.7
1.09
1.7
1.09
1.7
1.09
1.7
1.7
1.7
1.7
1.7
1.7
1.7
1.7
1.52
1.52
1.7
1.7
1.7
1.7
1.7
1.7
1.7
1.09
1.7
1.7
1.7
1.09
1.7
1.09
1.7
1.09
1.39
1.39
1.39
1.39
1.39
1.39
1.52
1.52
1.52
1.52
1.52
1.52
1.52
1.52
1.7
1.09
1.7
1.7
1.09
1.7
1.09
1.7
1.09
1.7
1.09
1.7
1.7
1.09
1.7
1.09
1.7
1.09
1.7
1.7
1.7
1.7
1.7
1.7
1.7
1.7
1.52
1.52
1.7
1.7
1.7
1.7
1.7
1.7
1.7
1.09
1.7
1.7
1.7
1.09
1.7
1.09
1.7
1.09
1.39
1.39
1.39
1.52
1.52
1.52
1.52
1.52
1.7
1.09
1.7
1.7
1.09
1.7
1.09
1.7
1.09
1.7
1.09
1.7
1.7
1.09
1.7
1.09
1.7
1.09
1.7
1.7
1.7
1.7
1.7
1.7
1.7
1.7
1.52
1.52
1.7
1.7
1.7
1.7
1.7
1.7
1.7
1.09
1.7
1.7
1.7
1.09
1.7
1.09
1.7
1.09
1.39
1.39
1.39
1.39
1.39
1.52
1.52
1.52
1.52
1.52
1.52
1.52
1.7
1.09
1.7
1.7
1.09
1.7
1.09
1.7
1.09
1.7
1.09
1.7
1.7
1.09
1.7
1.09
1.7
1.09
1.7
1.7
1.7
1.7
1.7
1.7
1.7
1.7
1.52
1.52
1.7
1.7
1.7
1.7
1.7
1.7
1.7
1.09
1.7
1.7
1.7
1.09
1.7
1.09
1.7
1.09
1.39
1.39
1.39
1.39
1.39
1.39
1.52
1.52
1.52
1.52
1.52
1.52
1.52
1.52
1.7
1.09
1.7
1.7
1.09
1.7
1.09
1.7
1.09
1.7
1.09
1.7
1.7
1.09
1.7
1.09
1.7
1.09
1.7
1.7
1.7
1.7
1.7
1.7
1.7
1.7
1.52
1.52
1.7
1.7
1.7
1.7
1.7
1.7
1.7
1.09
1.7
1.7
1.7
1.09
1.7
1.09
1.7
1.09
1.39
1.39
1.39
1.52
1.52
1.52
1.52
1.52
1.7
1.09
1.7
1.7
1.09
1.7
1.09
1.7
1.09
1.7
1.09
1.7
1.7
1.09
1.7
1.09
1.7
1.09
1.7
1.7
1.7
1.7
1.7
1.7
1.7
1.7
1.52
1.52
1.7
1.7
1.7
1.7
1.7
1.7
1.7
1.09
1.7
1.7
1.7
1.09
1.7
1.09
1.7
1.09
1.52
1.52
1.7
1.09
1.7
1.7
1.7
1.09
1.7
1.09
1.7
1.09
1.52
1.52
1.7
1.09
1.7
1.7
1.7
1.09
1.7
1.09
1.7
1.09
1.52
1.52
1.7
1.09
1.7
1.7
1.7
1.09
1.7
1.09
1.7
1.09
1.52
1.52
1.7
1.09
1.7
1.7
1.7
1.09
1.7
1.09
1.7
1.09
1.52
1.52
1.7
1.09
1.7
1.7
1.7
1.09
1.7
1.09
1.7
1.09
1.52
1.52
1.7
1.09
1.7
1.7
1.7
1.09
1.7
1.09
1.7
1.09
1.39
1.39
1.39
1.39
1.52
1.52
1.52
1.52
1.52
1.52
1.7
1.09
1.7
1.7
1.09
1.7
1.09
1.7
1.09
1.7
1.09
1.7
1.7
1.09
1.7
1.09
1.7
1.09
1.7
1.7
1.7
1.7
1.7
1.7
1.7
1.7
1.52
1.52
1.7
1.7
1.7
1.7
1.7
1.7
1.7
1.09
1.7
1.7
1.7
1.09
1.7
1.09
1.7
1.09
1.39
1.39
1.52
1.52
1.52
1.52
1.7
1.09
1.7
1.7
1.09
1.7
1.09
1.7
1.09
1.7
1.09
1.7
1.7
1.09
1.7
1.09
1.7
1.09
1.7
1.7
1.7
1.7
1.7
1.7
1.7
1.7
1.52
1.52
1.7
1.7
1.7
1.7
1.7
1.7
1.7
1.09
1.7
1.7
1.7
1.09
1.7
1.09
1.7
1.09
1.39
1.39
1.52
1.52
1.52
1.52
1.7
1.09
1.7
1.7
1.09
1.7
1.09
1.7
1.09
1.7
1.09
1.7
1.7
1.09
1.7
1.09
1.7
1.09
1.7
1.7
1.7
1.7
1.7
1.7
1.7
1.7
1.52
1.52
1.7
1.7
1.7
1.7
1.7
1.7
1.7
1.09
1.7
1.7
1.7
1.09
1.7
1.09
1.7
1.09
1.39
1.39
1.39
1.39
1.52
1.52
1.52
1.52
1.52
1.52
1.7
1.09
1.7
1.7
1.09
1.7
1.09
1.7
1.09
1.7
1.09
1.7
1.7
1.09
1.7
1.09
1.7
1.09
1.7
1.7
1.7
1.7
1.7
1.7
1.7
1.7
1.52
1.52
1.7
1.7
1.7
1.7
1.7
1.7
1.7
1.09
1.7
1.7
1.7
1.09
1.7
1.09
1.7
1.09
1.39
1.39
1.52
1.52
1.52
1.52
1.7
1.09
1.7
1.7
1.09
1.7
1.09
1.7
1.09
1.7
1.09
1.7
1.7
1.09
1.7
1.09
1.7
1.09
1.7
1.7
1.7
1.7
1.7
1.7
1.7
1.7
1.52
1.52
1.7
1.7
1.7
1.7
1.7
1.7
1.7
1.09
1.7
1.7
1.7
1.09
1.7
1.09
1.7
1.09
1.39
1.39
1.52
1.52
1.52
1.52
1.7
1.09
1.7
1.7
1.09
1.7
1.09
1.7
1.09
1.7
1.09
1.7
1.7
1.09
1.7
1.09
1.7
1.09
1.7
1.7
1.7
1.7
1.7
1.7
1.7
1.7
1.52
1.52
1.7
1.7
1.7
1.7
1.7
1.7
1.7
1.09
1.7
1.7
1.7
1.09
1.7
1.09
1.7
1.09
1.52
1.52
1.7
1.09
1.7
1.7
1.7
1.09
1.7
1.09
1.7
1.09
1.52
1.52
1.7
1.09
1.7
1.7
1.7
1.09
1.7
1.09
1.7
1.09
1.52
1.52
1.7
1.09
1.7
1.7
1.7
1.09
1.7
1.09
1.7
1.09
1.52
1.52
1.7
1.09
1.7
1.7
1.7
1.09
1.7
1.09
1.7
1.09
1.52
1.52
1.7
1.09
1.7
1.7
1.7
1.09
1.7
1.09
1.7
1.09
1.52
1.52
1.7
1.09
1.7
1.7
1.7
1.09
1.7
1.09
1.7
1.09
1.39
1.39
1.39
1.39
1.39
1.52
1.52
1.52
1.52
1.52
1.52
1.52
1.7
1.09
1.7
1.7
1.09
1.7
1.09
1.7
1.09
1.7
1.09
1.7
1.7
1.09
1.7
1.09
1.7
1.09
1.7
1.7
1.7
1.7
1.7
1.7
1.7
1.7
1.52
1.52
1.7
1.7
1.7
1.7
1.7
1.7
1.7
1.09
1.7
1.7
1.7
1.09
1.7
1.09
1.7
1.09
1.39
1.39
1.39
1.52
1.52
1.52
1.52
1.52
1.7
1.09
1.7
1.7
1.09
1.7
1.09
1.7
1.09
1.7
1.09
1.7
1.7
1.09
1.7
1.09
1.7
1.09
1.7
1.7
1.7
1.7
1.7
1.7
1.7
1.7
1.52
1.52
1.7
1.7
1.7
1.7
1.7
1.7
1.7
1.09
1.7
1.7
1.7
1.09
1.7
1.09
1.7
1.09
1.39
1.39
1.39
1.39
1.39
1.39
1.52
1.52
1.52
1.52
1.52
1.52
1.52
1.52
1.7
1.09
1.7
1.7
1.09
1.7
1.09
1.7
1.09
1.7
1.09
1.7
1.7
1.09
1.7
1.09
1.7
1.09
1.7
1.7
1.7
1.7
1.7
1.7
1.7
1.7
1.52
1.52
1.7
1.7
1.7
1.7
1.7
1.7
1.7
1.09
1.7
1.7
1.7
1.09
1.7
1.09
1.7
1.09
1.39
1.39
1.39
1.39
1.39
1.52
1.52
1.52
1.52
1.52
1.52
1.52
1.7
1.09
1.7
1.7
1.09
1.7
1.09
1.7
1.09
1.7
1.09
1.7
1.7
1.09
1.7
1.09
1.7
1.09
1.7
1.7
1.7
1.7
1.7
1.7
1.7
1.7
1.52
1.52
1.7
1.7
1.7
1.7
1.7
1.7
1.7
1.09
1.7
1.7
1.7
1.09
1.7
1.09
1.7
1.09
1.39
1.39
1.39
1.52
1.52
1.52
1.52
1.52
1.7
1.09
1.7
1.7
1.09
1.7
1.09
1.7
1.09
1.7
1.09
1.7
1.7
1.09
1.7
1.09
1.7
1.09
1.7
1.7
1.7
1.7
1.7
1.7
1.7
1.7
1.52
1.52
1.7
1.7
1.7
1.7
1.7
1.7
1.7
1.09
1.7
1.7
1.7
1.09
1.7
1.09
1.7
1.09
1.39
1.39
1.39
1.39
1.39
1.39
1.52
1.52
1.52
1.52
1.52
1.52
1.52
1.52
1.7
1.09
1.7
1.7
1.09
1.7
1.09
1.7
1.09
1.7
1.09
1.7
1.7
1.09
1.7
1.09
1.7
1.09
1.7
1.7
1.7
1.7
1.7
1.7
1.7
1.7
1.52
1.52
1.7
1.7
1.7
1.7
1.7
1.7
1.7
1.09
1.7
1.7
1.7
1.09
1.7
1.09
1.7
1.09
1.52
1.52
1.7
1.09
1.7
1.7
1.7
1.09
1.7
1.09
1.7
1.09
1.52
1.52
1.7
1.09
1.7
1.7
1.7
1.09
1.7
1.09
1.7
1.09
1.52
1.52
1.7
1.09
1.7
1.7
1.7
1.09
1.7
1.09
1.7
1.09
1.52
1.52
1.7
1.09
1.7
1.7
1.7
1.09
1.7
1.09
1.7
1.09
1.52
1.52
1.7
1.09
1.7
1.7
1.7
1.09
1.7
1.09
1.7
1.09
1.52
1.52
1.7
1.09
1.7
1.7
1.7
1.09
1.7
1.09
1.7
1.09
1.39
1.39
1.39
1.39
1.39
1.52
1.52
1.52
1.52
1.52
1.52
1.52
1.7
1.09
1.7
1.7
1.09
1.7
1.09
1.7
1.09
1.7
1.09
1.7
1.7
1.09
1.7
1.09
1.7
1.09
1.7
1.7
1.7
1.7
1.7
1.7
1.7
1.7
1.52
1.52
1.7
1.7
1.7
1.7
1.7
1.7
1.7
1.09
1.7
1.7
1.7
1.09
1.7
1.09
1.7
1.09
1.39
1.39
1.39
1.39
1.39
1.39
1.52
1.52
1.52
1.52
1.52
1.52
1.52
1.52
1.7
1.09
1.7
1.7
1.09
1.7
1.09
1.7
1.09
1.7
1.09
1.7
1.7
1.09
1.7
1.09
1.7
1.09
1.7
1.7
1.7
1.7
1.7
1.7
1.7
1.7
1.52
1.52
1.7
1.7
1.7
1.7
1.7
1.7
1.7
1.09
1.7
1.7
1.7
1.09
1.7
1.09
1.7
1.09
1.39
1.39
1.39
1.52
1.52
1.52
1.52
1.52
1.7
1.09
1.7
1.7
1.09
1.7
1.09
1.7
1.09
1.7
1.09
1.7
1.7
1.09
1.7
1.09
1.7
1.09
1.7
1.7
1.7
1.7
1.7
1.7
1.7
1.7
1.52
1.52
1.7
1.7
1.7
1.7
1.7
1.7
1.7
1.09
1.7
1.7
1.7
1.09
1.7
1.09
1.7
1.09
1.39
1.39
1.39
1.39
1.39
1.52
1.52
1.52
1.52
1.52
1.52
1.52
1.7
1.09
1.7
1.7
1.09
1.7
1.09
1.7
1.09
1.7
1.09
1.7
1.7
1.09
1.7
1.09
1.7
1.09
1.7
1.7
1.7
1.7
1.7
1.7
1.7
1.7
1.52
1.52
1.7
1.7
1.7
1.7
1.7
1.7
1.7
1.09
1.7
1.7
1.7
1.09
1.7
1.09
1.7
1.09
1.39
1.39
1.39
1.39
1.39
1.39
1.52
1.52
1.52
1.52
1.52
1.52
1.52
1.52
1.7
1.09
1.7
1.7
1.09
1.7
1.09
1.7
1.09
1.7
1.09
1.7
1.7
1.09
1.7
1.09
1.7
1.09
1.7
1.7
1.7
1.7
1.7
1.7
1.7
1.7
1.52
1.52
1.7
1.7
1.7
1.7
1.7
1.7
1.7
1.09
1.7
1.7
1.7
1.09
1.7
1.09
1.7
1.09
1.39
1.39
1.39
1.52
1.52
1.52
1.52
1.52
1.7
1.09
1.7
1.7
1.09
1.7
1.09
1.7
1.09
1.7
1.09
1.7
1.7
1.09
1.7
1.09
1.7
1.09
1.7
1.7
1.7
1.7
1.7
1.7
1.7
1.7
1.52
1.52
1.7
1.7
1.7
1.7
1.7
1.7
1.7
1.09
1.7
1.7
1.7
1.09
1.7
1.09
1.7
1.09
1.52
1.52
1.7
1.09
1.7
1.7
1.7
1.09
1.7
1.09
1.7
1.09
1.52
1.52
1.7
1.09
1.7
1.7
1.7
1.09
1.7
1.09
1.7
1.09
1.52
1.52
1.7
1.09
1.7
1.7
1.7
1.09
1.7
1.09
1.7
1.09
1.52
1.52
1.7
1.09
1.7
1.7
1.7
1.09
1.7
1.09
1.7
1.09
1.52
1.52
1.7
1.09
1.7
1.7
1.7
1.09
1.7
1.09
1.7
1.09
1.52
1.52
1.7
1.09
1.7
1.7
1.7
1.09
1.7
1.09
1.7
1.09
1.39
1.39
1.39
1.39
1.52
1.52
1.52
1.52
1.52
1.52
1.7
1.09
1.7
1.7
1.09
1.7
1.09
1.7
1.09
1.7
1.09
1.7
1.7
1.09
1.7
1.09
1.7
1.09
1.7
1.7
1.7
1.7
1.7
1.7
1.7
1.7
1.52
1.52
1.7
1.7
1.7
1.7
1.7
1.7
1.7
1.09
1.7
1.7
1.7
1.09
1.7
1.09
1.7
1.09
1.39
1.39
1.52
1.52
1.52
1.52
1.7
1.09
1.7
1.7
1.09
1.7
1.09
1.7
1.09
1.7
1.09
1.7
1.7
1.09
1.7
1.09
1.7
1.09
1.7
1.7
1.7
1.7
1.7
1.7
1.7
1.7
1.52
1.52
1.7
1.7
1.7
1.7
1.7
1.7
1.7
1.09
1.7
1.7
1.7
1.09
1.7
1.09
1.7
1.09
1.39
1.39
1.52
1.52
1.52
1.52
1.7
1.09
1.7
1.7
1.09
1.7
1.09
1.7
1.09
1.7
1.09
1.7
1.7
1.09
1.7
1.09
1.7
1.09
1.7
1.7
1.7
1.7
1.7
1.7
1.7
1.7
1.52
1.52
1.7
1.7
1.7
1.7
1.7
1.7
1.7
1.09
1.7
1.7
1.7
1.09
1.7
1.09
1.7
1.09
1.39
1.39
1.39
1.39
1.52
1.52
1.52
1.52
1.52
1.52
1.7
1.09
1.7
1.7
1.09
1.7
1.09
1.7
1.09
1.7
1.09
1.7
1.7
1.09
1.7
1.09
1.7
1.09
1.7
1.7
1.7
1.7
1.7
1.7
1.7
1.7
1.52
1.52
1.7
1.7
1.7
1.7
1.7
1.7
1.7
1.09
1.7
1.7
1.7
1.09
1.7
1.09
1.7
1.09
1.39
1.39
1.52
1.52
1.52
1.52
1.7
1.09
1.7
1.7
1.09
1.7
1.09
1.7
1.09
1.7
1.09
1.7
1.7
1.09
1.7
1.09
1.7
1.09
1.7
1.7
1.7
1.7
1.7
1.7
1.7
1.7
1.52
1.52
1.7
1.7
1.7
1.7
1.7
1.7
1.7
1.09
1.7
1.7
1.7
1.09
1.7
1.09
1.7
1.09
1.39
1.39
1.52
1.52
1.52
1.52
1.7
1.09
1.7
1.7
1.09
1.7
1.09
1.7
1.09
1.7
1.09
1.7
1.7
1.09
1.7
1.09
1.7
1.09
1.7
1.7
1.7
1.7
1.7
1.7
1.7
1.7
1.52
1.52
1.7
1.7
1.7
1.7
1.7
1.7
1.7
1.09
1.7
1.7
1.7
1.09
1.7
1.09
1.7
1.09
1.52
1.52
1.7
1.09
1.7
1.7
1.7
1.09
1.7
1.09
1.7
1.09
1.52
1.52
1.7
1.09
1.7
1.7
1.7
1.09
1.7
1.09
1.7
1.09
1.52
1.52
1.7
1.09
1.7
1.7
1.7
1.09
1.7
1.09
1.7
1.09
1.52
1.52
1.7
1.09
1.7
1.7
1.7
1.09
1.7
1.09
1.7
1.09
1.52
1.52
1.7
1.09
1.7
1.7
1.7
1.09
1.7
1.09
1.7
1.09
1.52
1.52
1.7
1.09
1.7
1.7
1.7
1.09
1.7
1.09
1.7
1.09
1.39
1.39
1.39
1.52
1.52
1.52
1.52
1.52
1.7
1.09
1.7
1.7
1.09
1.7
1.09
1.7
1.09
1.7
1.09
1.7
1.7
1.09
1.7
1.09
1.7
1.09
1.7
1.7
1.7
1.7
1.7
1.7
1.7
1.7
1.52
1.52
1.7
1.7
1.7
1.7
1.7
1.7
1.7
1.09
1.7
1.7
1.7
1.09
1.7
1.09
1.7
1.09
1.39
1.39
1.52
1.52
1.52
1.52
1.7
1.09
1.7
1.7
1.09
1.7
1.09
1.7
1.09
1.7
1.09
1.7
1.7
1.09
1.7
1.09
1.7
1.09
1.7
1.7
1.7
1.7
1.7
1.7
1.7
1.7
1.52
1.52
1.7
1.7
1.7
1.7
1.7
1.7
1.7
1.09
1.7
1.7
1.7
1.09
1.7
1.09
1.7
1.09
1.39
1.39
1.39
1.39
1.52
1.52
1.52
1.52
1.52
1.52
1.7
1.09
1.7
1.7
1.09
1.7
1.09
1.7
1.09
1.7
1.09
1.7
1.7
1.09
1.7
1.09
1.7
1.09
1.7
1.7
1.7
1.7
1.7
1.7
1.7
1.7
1.52
1.52
1.7
1.7
1.7
1.7
1.7
1.7
1.7
1.09
1.7
1.7
1.7
1.09
1.7
1.09
1.7
1.09
1.39
1.39
1.39
1.52
1.52
1.52
1.52
1.52
1.7
1.09
1.7
1.7
1.09
1.7
1.09
1.7
1.09
1.7
1.09
1.7
1.7
1.09
1.7
1.09
1.7
1.09
1.7
1.7
1.7
1.7
1.7
1.7
1.7
1.7
1.52
1.52
1.7
1.7
1.7
1.7
1.7
1.7
1.7
1.09
1.7
1.7
1.7
1.09
1.7
1.09
1.7
1.09
1.39
1.39
1.52
1.52
1.52
1.52
1.7
1.09
1.7
1.7
1.09
1.7
1.09
1.7
1.09
1.7
1.09
1.7
1.7
1.09
1.7
1.09
1.7
1.09
1.7
1.7
1.7
1.7
1.7
1.7
1.7
1.7
1.52
1.52
1.7
1.7
1.7
1.7
1.7
1.7
1.7
1.09
1.7
1.7
1.7
1.09
1.7
1.09
1.7
1.09
1.39
1.39
1.39
1.39
1.52
1.52
1.52
1.52
1.52
1.52
1.7
1.09
1.7
1.7
1.09
1.7
1.09
1.7
1.09
1.7
1.09
1.7
1.7
1.09
1.7
1.09
1.7
1.09
1.7
1.7
1.7
1.7
1.7
1.7
1.7
1.7
1.52
1.52
1.7
1.7
1.7
1.7
1.7
1.7
1.7
1.09
1.7
1.7
1.7
1.09
1.7
1.09
1.7
1.09
1.52
1.52
1.7
1.09
1.7
1.7
1.7
1.09
1.7
1.09
1.7
1.09
1.52
1.52
1.7
1.09
1.7
1.7
1.7
1.09
1.7
1.09
1.7
1.09
1.52
1.52
1.7
1.09
1.7
1.7
1.7
1.09
1.7
1.09
1.7
1.09
1.52
1.52
1.7
1.09
1.7
1.7
1.7
1.09
1.7
1.09
1.7
1.09
1.52
1.52
1.7
1.09
1.7
1.7
1.7
1.09
1.7
1.09
1.7
1.09
1.52
1.52
1.7
1.09
1.7
1.7
1.7
1.09
1.7
1.09
1.7
1.09
1.39
1.39
1.39
1.52
1.52
1.52
1.52
1.52
1.7
1.09
1.7
1.7
1.09
1.7
1.09
1.7
1.09
1.7
1.09
1.7
1.7
1.09
1.7
1.09
1.7
1.09
1.7
1.7
1.7
1.7
1.7
1.7
1.7
1.7
1.52
1.52
1.7
1.7
1.7
1.7
1.7
1.7
1.7
1.09
1.7
1.7
1.7
1.09
1.7
1.09
1.7
1.09
1.39
1.39
1.52
1.52
1.52
1.52
1.7
1.09
1.7
1.7
1.09
1.7
1.09
1.7
1.09
1.7
1.09
1.7
1.7
1.09
1.7
1.09
1.7
1.09
1.7
1.7
1.7
1.7
1.7
1.7
1.7
1.7
1.52
1.52
1.7
1.7
1.7
1.7
1.7
1.7
1.7
1.09
1.7
1.7
1.7
1.09
1.7
1.09
1.7
1.09
1.39
1.39
1.39
1.39
1.52
1.52
1.52
1.52
1.52
1.52
1.7
1.09
1.7
1.7
1.09
1.7
1.09
1.7
1.09
1.7
1.09
1.7
1.7
1.09
1.7
1.09
1.7
1.09
1.7
1.7
1.7
1.7
1.7
1.7
1.7
1.7
1.52
1.52
1.7
1.7
1.7
1.7
1.7
1.7
1.7
1.09
1.7
1.7
1.7
1.09
1.7
1.09
1.7
1.09
1.39
1.39
1.39
1.52
1.52
1.52
1.52
1.52
1.7
1.09
1.7
1.7
1.09
1.7
1.09
1.7
1.09
1.7
1.09
1.7
1.7
1.09
1.7
1.09
1.7
1.09
1.7
1.7
1.7
1.7
1.7
1.7
1.7
1.7
1.52
1.52
1.7
1.7
1.7
1.7
1.7
1.7
1.7
1.09
1.7
1.7
1.7
1.09
1.7
1.09
1.7
1.09
1.39
1.39
1.52
1.52
1.52
1.52
1.7
1.09
1.7
1.7
1.09
1.7
1.09
1.7
1.09
1.7
1.09
1.7
1.7
1.09
1.7
1.09
1.7
1.09
1.7
1.7
1.7
1.7
1.7
1.7
1.7
1.7
1.52
1.52
1.7
1.7
1.7
1.7
1.7
1.7
1.7
1.09
1.7
1.7
1.7
1.09
1.7
1.09
1.7
1.09
1.39
1.39
1.39
1.39
1.52
1.52
1.52
1.52
1.52
1.52
1.7
1.09
1.7
1.7
1.09
1.7
1.09
1.7
1.09
1.7
1.09
1.7
1.7
1.09
1.7
1.09
1.7
1.09
1.7
1.7
1.7
1.7
1.7
1.7
1.7
1.7
1.52
1.52
1.7
1.7
1.7
1.7
1.7
1.7
1.7
1.09
1.7
1.7
1.7
1.09
1.7
1.09
1.7
1.09
1.52
1.52
1.7
1.09
1.7
1.7
1.7
1.09
1.7
1.09
1.7
1.09
1.52
1.52
1.7
1.09
1.7
1.7
1.7
1.09
1.7
1.09
1.7
1.09
1.52
1.52
1.7
1.09
1.7
1.7
1.7
1.09
1.7
1.09
1.7
1.09
1.52
1.52
1.7
1.09
1.7
1.7
1.7
1.09
1.7
1.09
1.7
1.09
1.52
1.52
1.7
1.09
1.7
1.7
1.7
1.09
1.7
1.09
1.7
1.09
1.52
1.52
1.7
1.09
1.7
1.7
1.7
1.09
1.7
1.09
1.7
1.09
1.39
1.39
1.39
1.39
1.52
1.52
1.52
1.52
1.52
1.52
1.7
1.09
1.7
1.7
1.09
1.7
1.09
1.7
1.09
1.7
1.09
1.7
1.7
1.09
1.7
1.09
1.7
1.09
1.7
1.7
1.7
1.7
1.7
1.7
1.7
1.7
1.52
1.52
1.7
1.7
1.7
1.7
1.7
1.7
1.7
1.09
1.7
1.7
1.7
1.09
1.7
1.09
1.7
1.09
1.39
1.39
1.52
1.52
1.52
1.52
1.7
1.09
1.7
1.7
1.09
1.7
1.09
1.7
1.09
1.7
1.09
1.7
1.7
1.09
1.7
1.09
1.7
1.09
1.7
1.7
1.7
1.7
1.7
1.7
1.7
1.7
1.52
1.52
1.7
1.7
1.7
1.7
1.7
1.7
1.7
1.09
1.7
1.7
1.7
1.09
1.7
1.09
1.7
1.09
1.39
1.39
1.52
1.52
1.52
1.52
1.7
1.09
1.7
1.7
1.09
1.7
1.09
1.7
1.09
1.7
1.09
1.7
1.7
1.09
1.7
1.09
1.7
1.09
1.7
1.7
1.7
1.7
1.7
1.7
1.7
1.7
1.52
1.52
1.7
1.7
1.7
1.7
1.7
1.7
1.7
1.09
1.7
1.7
1.7
1.09
1.7
1.09
1.7
1.09
1.39
1.39
1.39
1.39
1.52
1.52
1.52
1.52
1.52
1.52
1.7
1.09
1.7
1.7
1.09
1.7
1.09
1.7
1.09
1.7
1.09
1.7
1.7
1.09
1.7
1.09
1.7
1.09
1.7
1.7
1.7
1.7
1.7
1.7
1.7
1.7
1.52
1.52
1.7
1.7
1.7
1.7
1.7
1.7
1.7
1.09
1.7
1.7
1.7
1.09
1.7
1.09
1.7
1.09
1.39
1.39
1.52
1.52
1.52
1.52
1.7
1.09
1.7
1.7
1.09
1.7
1.09
1.7
1.09
1.7
1.09
1.7
1.7
1.09
1.7
1.09
1.7
1.09
1.7
1.7
1.7
1.7
1.7
1.7
1.7
1.7
1.52
1.52
1.7
1.7
1.7
1.7
1.7
1.7
1.7
1.09
1.7
1.7
1.7
1.09
1.7
1.09
1.7
1.09
1.39
1.39
1.52
1.52
1.52
1.52
1.7
1.09
1.7
1.7
1.09
1.7
1.09
1.7
1.09
1.7
1.09
1.7
1.7
1.09
1.7
1.09
1.7
1.09
1.7
1.7
1.7
1.7
1.7
1.7
1.7
1.7
1.52
1.52
1.7
1.7
1.7
1.7
1.7
1.7
1.7
1.09
1.7
1.7
1.7
1.09
1.7
1.09
1.7
1.09
1.52
1.52
1.7
1.09
1.7
1.7
1.7
1.09
1.7
1.09
1.7
1.09
1.52
1.52
1.7
1.09
1.7
1.7
1.7
1.09
1.7
1.09
1.7
1.09
1.52
1.52
1.7
1.09
1.7
1.7
1.7
1.09
1.7
1.09
1.7
1.09
1.52
1.52
1.7
1.09
1.7
1.7
1.7
1.09
1.7
1.09
1.7
1.09
1.52
1.52
1.7
1.09
1.7
1.7
1.7
1.09
1.7
1.09
1.7
1.09
1.52
1.52
1.7
1.09
1.7
1.7
1.7
1.09
1.7
1.09
1.7
1.09
1.39
1.39
1.39
1.52
1.52
1.52
1.52
1.52
1.7
1.09
1.7
1.7
1.09
1.7
1.09
1.7
1.09
1.7
1.09
1.7
1.7
1.09
1.7
1.09
1.7
1.09
1.7
1.7
1.7
1.7
1.7
1.7
1.7
1.7
1.52
1.52
1.7
1.7
1.7
1.7
1.7
1.7
1.7
1.09
1.7
1.7
1.7
1.09
1.7
1.09
1.7
1.09
1.39
1.39
1.52
1.52
1.52
1.52
1.7
1.09
1.7
1.7
1.09
1.7
1.09
1.7
1.09
1.7
1.09
1.7
1.7
1.09
1.7
1.09
1.7
1.09
1.7
1.7
1.7
1.7
1.7
1.7
1.7
1.7
1.52
1.52
1.7
1.7
1.7
1.7
1.7
1.7
1.7
1.09
1.7
1.7
1.7
1.09
1.7
1.09
1.7
1.09
1.39
1.39
1.39
1.39
1.52
1.52
1.52
1.52
1.52
1.52
1.7
1.09
1.7
1.7
1.09
1.7
1.09
1.7
1.09
1.7
1.09
1.7
1.7
1.09
1.7
1.09
1.7
1.09
1.7
1.7
1.7
1.7
1.7
1.7
1.7
1.7
1.52
1.52
1.7
1.7
1.7
1.7
1.7
1.7
1.7
1.09
1.7
1.7
1.7
1.09
1.7
1.09
1.7
1.09
1.39
1.39
1.39
1.52
1.52
1.52
1.52
1.52
1.7
1.09
1.7
1.7
1.09
1.7
1.09
1.7
1.09
1.7
1.09
1.7
1.7
1.09
1.7
1.09
1.7
1.09
1.7
1.7
1.7
1.7
1.7
1.7
1.7
1.7
1.52
1.52
1.7
1.7
1.7
1.7
1.7
1.7
1.7
1.09
1.7
1.7
1.7
1.09
1.7
1.09
1.7
1.09
1.39
1.39
1.52
1.52
1.52
1.52
1.7
1.09
1.7
1.7
1.09
1.7
1.09
1.7
1.09
1.7
1.09
1.7
1.7
1.09
1.7
1.09
1.7
1.09
1.7
1.7
1.7
1.7
1.7
1.7
1.7
1.7
1.52
1.52
1.7
1.7
1.7
1.7
1.7
1.7
1.7
1.09
1.7
1.7
1.7
1.09
1.7
1.09
1.7
1.09
1.39
1.39
1.39
1.39
1.52
1.52
1.52
1.52
1.52
1.52
1.7
1.09
1.7
1.7
1.09
1.7
1.09
1.7
1.09
1.7
1.09
1.7
1.7
1.09
1.7
1.09
1.7
1.09
1.7
1.7
1.7
1.7
1.7
1.7
1.7
1.7
1.52
1.52
1.7
1.7
1.7
1.7
1.7
1.7
1.7
1.09
1.7
1.7
1.7
1.09
1.7
1.09
1.7
1.09
1.52
1.52
1.7
1.09
1.7
1.7
1.7
1.09
1.7
1.09
1.7
1.09
1.52
1.52
1.7
1.09
1.7
1.7
1.7
1.09
1.7
1.09
1.7
1.09
1.52
1.52
1.7
1.09
1.7
1.7
1.7
1.09
1.7
1.09
1.7
1.09
1.52
1.52
1.7
1.09
1.7
1.7
1.7
1.09
1.7
1.09
1.7
1.09
1.52
1.52
1.7
1.09
1.7
1.7
1.7
1.09
1.7
1.09
1.7
1.09
1.52
1.52
1.7
1.09
1.7
1.7
1.7
1.09
1.7
1.09
1.7
1.09
1.39
1.39
1.39
1.52
1.52
1.52
1.52
1.52
1.7
1.09
1.7
1.7
1.09
1.7
1.09
1.7
1.09
1.7
1.09
1.7
1.7
1.09
1.7
1.09
1.7
1.09
1.7
1.7
1.7
1.7
1.7
1.7
1.7
1.7
1.52
1.52
1.7
1.7
1.7
1.7
1.7
1.7
1.7
1.09
1.7
1.7
1.7
1.09
1.7
1.09
1.7
1.09
1.39
1.39
1.52
1.52
1.52
1.52
1.7
1.09
1.7
1.7
1.09
1.7
1.09
1.7
1.09
1.7
1.09
1.7
1.7
1.09
1.7
1.09
1.7
1.09
1.7
1.7
1.7
1.7
1.7
1.7
1.7
1.7
1.52
1.52
1.7
1.7
1.7
1.7
1.7
1.7
1.7
1.09
1.7
1.7
1.7
1.09
1.7
1.09
1.7
1.09
1.39
1.39
1.39
1.39
1.52
1.52
1.52
1.52
1.52
1.52
1.7
1.09
1.7
1.7
1.09
1.7
1.09
1.7
1.09
1.7
1.09
1.7
1.7
1.09
1.7
1.09
1.7
1.09
1.7
1.7
1.7
1.7
1.7
1.7
1.7
1.7
1.52
1.52
1.7
1.7
1.7
1.7
1.7
1.7
1.7
1.09
1.7
1.7
1.7
1.09
1.7
1.09
1.7
1.09
1.39
1.39
1.39
1.52
1.52
1.52
1.52
1.52
1.7
1.09
1.7
1.7
1.09
1.7
1.09
1.7
1.09
1.7
1.09
1.7
1.7
1.09
1.7
1.09
1.7
1.09
1.7
1.7
1.7
1.7
1.7
1.7
1.7
1.7
1.52
1.52
1.7
1.7
1.7
1.7
1.7
1.7
1.7
1.09
1.7
1.7
1.7
1.09
1.7
1.09
1.7
1.09
1.39
1.39
1.52
1.52
1.52
1.52
1.7
1.09
1.7
1.7
1.09
1.7
1.09
1.7
1.09
1.7
1.09
1.7
1.7
1.09
1.7
1.09
1.7
1.09
1.7
1.7
1.7
1.7
1.7
1.7
1.7
1.7
1.52
1.52
1.7
1.7
1.7
1.7
1.7
1.7
1.7
1.09
1.7
1.7
1.7
1.09
1.7
1.09
1.7
1.09
1.39
1.39
1.39
1.39
1.52
1.52
1.52
1.52
1.52
1.52
1.7
1.09
1.7
1.7
1.09
1.7
1.09
1.7
1.09
1.7
1.09
1.7
1.7
1.09
1.7
1.09
1.7
1.09
1.7
1.7
1.7
1.7
1.7
1.7
1.7
1.7
1.52
1.52
1.7
1.7
1.7
1.7
1.7
1.7
1.7
1.09
1.7
1.7
1.7
1.09
1.7
1.09
1.7
1.09
1.52
1.52
1.7
1.09
1.7
1.7
1.7
1.09
1.7
1.09
1.7
1.09
1.52
1.52
1.7
1.09
1.7
1.7
1.7
1.09
1.7
1.09
1.7
1.09
1.52
1.52
1.7
1.09
1.7
1.7
1.7
1.09
1.7
1.09
1.7
1.09
1.52
1.52
1.7
1.09
1.7
1.7
1.7
1.09
1.7
1.09
1.7
1.09
1.52
1.52
1.7
1.09
1.7
1.7
1.7
1.09
1.7
1.09
1.7
1.09
1.52
1.52
1.7
1.09
1.7
1.7
1.7
1.09
1.7
1.09
1.7
1.09
1.39
1.39
1.39
1.39
1.52
1.52
1.52
1.52
1.52
1.52
1.7
1.09
1.7
1.7
1.09
1.7
1.09
1.7
1.09
1.7
1.09
1.7
1.7
1.09
1.7
1.09
1.7
1.09
1.7
1.7
1.7
1.7
1.7
1.7
1.7
1.7
1.52
1.52
1.7
1.7
1.7
1.7
1.7
1.7
1.7
1.09
1.7
1.7
1.7
1.09
1.7
1.09
1.7
1.09
1.39
1.39
1.52
1.52
1.52
1.52
1.7
1.09
1.7
1.7
1.09
1.7
1.09
1.7
1.09
1.7
1.09
1.7
1.7
1.09
1.7
1.09
1.7
1.09
1.7
1.7
1.7
1.7
1.7
1.7
1.7
1.7
1.52
1.52
1.7
1.7
1.7
1.7
1.7
1.7
1.7
1.09
1.7
1.7
1.7
1.09
1.7
1.09
1.7
1.09
1.39
1.39
1.52
1.52
1.52
1.52
1.7
1.09
1.7
1.7
1.09
1.7
1.09
1.7
1.09
1.7
1.09
1.7
1.7
1.09
1.7
1.09
1.7
1.09
1.7
1.7
1.7
1.7
1.7
1.7
1.7
1.7
1.52
1.52
1.7
1.7
1.7
1.7
1.7
1.7
1.7
1.09
1.7
1.7
1.7
1.09
1.7
1.09
1.7
1.09
1.39
1.39
1.39
1.39
1.52
1.52
1.52
1.52
1.52
1.52
1.7
1.09
1.7
1.7
1.09
1.7
1.09
1.7
1.09
1.7
1.09
1.7
1.7
1.09
1.7
1.09
1.7
1.09
1.7
1.7
1.7
1.7
1.7
1.7
1.7
1.7
1.52
1.52
1.7
1.7
1.7
1.7
1.7
1.7
1.7
1.09
1.7
1.7
1.7
1.09
1.7
1.09
1.7
1.09
1.39
1.39
1.52
1.52
1.52
1.52
1.7
1.09
1.7
1.7
1.09
1.7
1.09
1.7
1.09
1.7
1.09
1.7
1.7
1.09
1.7
1.09
1.7
1.09
1.7
1.7
1.7
1.7
1.7
1.7
1.7
1.7
1.52
1.52
1.7
1.7
1.7
1.7
1.7
1.7
1.7
1.09
1.7
1.7
1.7
1.09
1.7
1.09
1.7
1.09
1.39
1.39
1.52
1.52
1.52
1.52
1.7
1.09
1.7
1.7
1.09
1.7
1.09
1.7
1.09
1.7
1.09
1.7
1.7
1.09
1.7
1.09
1.7
1.09
1.7
1.7
1.7
1.7
1.7
1.7
1.7
1.7
1.52
1.52
1.7
1.7
1.7
1.7
1.7
1.7
1.7
1.09
1.7
1.7
1.7
1.09
1.7
1.09
1.7
1.09
1.52
1.52
1.7
1.09
1.7
1.7
1.7
1.09
1.7
1.09
1.7
1.09
1.52
1.52
1.7
1.09
1.7
1.7
1.7
1.09
1.7
1.09
1.7
1.09
1.52
1.52
1.7
1.09
1.7
1.7
1.7
1.09
1.7
1.09
1.7
1.09
1.52
1.52
1.7
1.09
1.7
1.7
1.7
1.09
1.7
1.09
1.7
1.09
1.52
1.52
1.7
1.09
1.7
1.7
1.7
1.09
1.7
1.09
1.7
1.09
1.52
1.52
1.7
1.09
1.7
1.7
1.7
1.09
1.7
1.09
1.7
1.09
1.39
1.39
1.39
1.52
1.52
1.52
1.52
1.52
1.7
1.09
1.7
1.7
1.09
1.7
1.09
1.7
1.09
1.7
1.09
1.7
1.7
1.09
1.7
1.09
1.7
1.09
1.7
1.7
1.7
1.7
1.7
1.7
1.7
1.7
1.52
1.52
1.7
1.7
1.7
1.7
1.7
1.7
1.7
1.09
1.7
1.7
1.7
1.09
1.7
1.09
1.7
1.09
1.39
1.39
1.52
1.52
1.52
1.52
1.7
1.09
1.7
1.7
1.09
1.7
1.09
1.7
1.09
1.7
1.09
1.7
1.7
1.09
1.7
1.09
1.7
1.09
1.7
1.7
1.7
1.7
1.7
1.7
1.7
1.7
1.52
1.52
1.7
1.7
1.7
1.7
1.7
1.7
1.7
1.09
1.7
1.7
1.7
1.09
1.7
1.09
1.7
1.09
1.39
1.39
1.52
1.52
1.52
1.52
1.7
1.09
1.7
1.7
1.09
1.7
1.09
1.7
1.09
1.7
1.09
1.7
1.7
1.09
1.7
1.09
1.7
1.09
1.7
1.7
1.7
1.7
1.7
1.7
1.7
1.7
1.52
1.52
1.7
1.7
1.7
1.7
1.7
1.7
1.7
1.09
1.7
1.7
1.7
1.09
1.7
1.09
1.7
1.09
1.39
1.39
1.39
1.52
1.52
1.52
1.52
1.52
1.7
1.09
1.7
1.7
1.09
1.7
1.09
1.7
1.09
1.7
1.09
1.7
1.7
1.09
1.7
1.09
1.7
1.09
1.7
1.7
1.7
1.7
1.7
1.7
1.7
1.7
1.52
1.52
1.7
1.7
1.7
1.7
1.7
1.7
1.7
1.09
1.7
1.7
1.7
1.09
1.7
1.09
1.7
1.09
1.39
1.39
1.52
1.52
1.52
1.52
1.7
1.09
1.7
1.7
1.09
1.7
1.09
1.7
1.09
1.7
1.09
1.7
1.7
1.09
1.7
1.09
1.7
1.09
1.7
1.7
1.7
1.7
1.7
1.7
1.7
1.7
1.52
1.52
1.7
1.7
1.7
1.7
1.7
1.7
1.7
1.09
1.7
1.7
1.7
1.09
1.7
1.09
1.7
1.09
1.39
1.39
1.52
1.52
1.52
1.52
1.7
1.09
1.7
1.7
1.09
1.7
1.09
1.7
1.09
1.7
1.09
1.7
1.7
1.09
1.7
1.09
1.7
1.09
1.7
1.7
1.7
1.7
1.7
1.7
1.7
1.7
1.52
1.52
1.7
1.7
1.7
1.7
1.7
1.7
1.7
1.09
1.7
1.7
1.7
1.09
1.7
1.09
1.7
1.09
1.52
1.52
1.7
1.09
1.7
1.7
1.7
1.09
1.7
1.09
1.7
1.09
1.52
1.52
1.7
1.09
1.7
1.7
1.7
1.09
1.7
1.09
1.7
1.09
1.52
1.52
1.7
1.09
1.7
1.7
1.7
1.09
1.7
1.09
1.7
1.09
1.52
1.52
1.7
1.09
1.7
1.7
1.7
1.09
1.7
1.09
1.7
1.09
1.52
1.52
1.7
1.09
1.7
1.7
1.7
1.09
1.7
1.09
1.7
1.09
1.52
1.52
1.7
1.09
1.7
1.7
1.7
1.09
1.7
1.09
1.7
1.09
1.39
1.39
1.39
1.52
1.52
1.52
1.52
1.52
1.7
1.09
1.7
1.7
1.09
1.7
1.09
1.7
1.09
1.7
1.09
1.7
1.7
1.09
1.7
1.09
1.7
1.09
1.7
1.7
1.7
1.7
1.7
1.7
1.7
1.7
1.52
1.52
1.7
1.7
1.7
1.7
1.7
1.7
1.7
1.09
1.7
1.7
1.7
1.09
1.7
1.09
1.7
1.09
1.39
1.39
1.52
1.52
1.52
1.52
1.7
1.09
1.7
1.7
1.09
1.7
1.09
1.7
1.09
1.7
1.09
1.7
1.7
1.09
1.7
1.09
1.7
1.09
1.7
1.7
1.7
1.7
1.7
1.7
1.7
1.7
1.52
1.52
1.7
1.7
1.7
1.7
1.7
1.7
1.7
1.09
1.7
1.7
1.7
1.09
1.7
1.09
1.7
1.09
1.39
1.39
1.52
1.52
1.52
1.52
1.7
1.09
1.7
1.7
1.09
1.7
1.09
1.7
1.09
1.7
1.09
1.7
1.7
1.09
1.7
1.09
1.7
1.09
1.7
1.7
1.7
1.7
1.7
1.7
1.7
1.7
1.52
1.52
1.7
1.7
1.7
1.7
1.7
1.7
1.7
1.09
1.7
1.7
1.7
1.09
1.7
1.09
1.7
1.09
1.39
1.39
1.39
1.52
1.52
1.52
1.52
1.52
1.7
1.09
1.7
1.7
1.09
1.7
1.09
1.7
1.09
1.7
1.09
1.7
1.7
1.09
1.7
1.09
1.7
1.09
1.7
1.7
1.7
1.7
1.7
1.7
1.7
1.7
1.52
1.52
1.7
1.7
1.7
1.7
1.7
1.7
1.7
1.09
1.7
1.7
1.7
1.09
1.7
1.09
1.7
1.09
1.39
1.39
1.52
1.52
1.52
1.52
1.7
1.09
1.7
1.7
1.09
1.7
1.09
1.7
1.09
1.7
1.09
1.7
1.7
1.09
1.7
1.09
1.7
1.09
1.7
1.7
1.7
1.7
1.7
1.7
1.7
1.7
1.52
1.52
1.7
1.7
1.7
1.7
1.7
1.7
1.7
1.09
1.7
1.7
1.7
1.09
1.7
1.09
1.7
1.09
1.39
1.39
1.52
1.52
1.52
1.52
1.7
1.09
1.7
1.7
1.09
1.7
1.09
1.7
1.09
1.7
1.09
1.7
1.7
1.09
1.7
1.09
1.7
1.09
1.7
1.7
1.7
1.7
1.7
1.7
1.7
1.7
1.52
1.52
1.7
1.7
1.7
1.7
1.7
1.7
1.7
1.09
1.7
1.7
1.7
1.09
1.7
1.09
1.7
1.09
1.52
1.52
1.7
1.09
1.7
1.7
1.7
1.09
1.7
1.09
1.7
1.09
1.52
1.52
1.7
1.09
1.7
1.7
1.7
1.09
1.7
1.09
1.7
1.09
1.52
1.52
1.7
1.09
1.7
1.7
1.7
1.09
1.7
1.09
1.7
1.09
1.52
1.52
1.7
1.09
1.7
1.7
1.7
1.09
1.7
1.09
1.7
1.09
1.52
1.52
1.7
1.09
1.7
1.7
1.7
1.09
1.7
1.09
1.7
1.09
1.52
1.52
1.7
1.09
1.7
1.7
1.7
1.09
1.7
1.09
1.7
1.09
1.39
1.39
1.39
1.39
1.52
1.52
1.52
1.52
1.52
1.52
1.7
1.09
1.7
1.7
1.09
1.7
1.09
1.7
1.09
1.7
1.09
1.7
1.7
1.09
1.7
1.09
1.7
1.09
1.7
1.7
1.7
1.7
1.7
1.7
1.7
1.7
1.52
1.52
1.7
1.7
1.7
1.7
1.7
1.7
1.7
1.09
1.7
1.7
1.7
1.09
1.7
1.09
1.7
1.09
1.39
1.39
1.52
1.52
1.52
1.52
1.7
1.09
1.7
1.7
1.09
1.7
1.09
1.7
1.09
1.7
1.09
1.7
1.7
1.09
1.7
1.09
1.7
1.09
1.7
1.7
1.7
1.7
1.7
1.7
1.7
1.7
1.52
1.52
1.7
1.7
1.7
1.7
1.7
1.7
1.7
1.09
1.7
1.7
1.7
1.09
1.7
1.09
1.7
1.09
1.39
1.39
1.52
1.52
1.52
1.52
1.7
1.09
1.7
1.7
1.09
1.7
1.09
1.7
1.09
1.7
1.09
1.7
1.7
1.09
1.7
1.09
1.7
1.09
1.7
1.7
1.7
1.7
1.7
1.7
1.7
1.7
1.52
1.52
1.7
1.7
1.7
1.7
1.7
1.7
1.7
1.09
1.7
1.7
1.7
1.09
1.7
1.09
1.7
1.09
1.39
1.39
1.39
1.39
1.52
1.52
1.52
1.52
1.52
1.52
1.7
1.09
1.7
1.7
1.09
1.7
1.09
1.7
1.09
1.7
1.09
1.7
1.7
1.09
1.7
1.09
1.7
1.09
1.7
1.7
1.7
1.7
1.7
1.7
1.7
1.7
1.52
1.52
1.7
1.7
1.7
1.7
1.7
1.7
1.7
1.09
1.7
1.7
1.7
1.09
1.7
1.09
1.7
1.09
1.39
1.39
1.52
1.52
1.52
1.52
1.7
1.09
1.7
1.7
1.09
1.7
1.09
1.7
1.09
1.7
1.09
1.7
1.7
1.09
1.7
1.09
1.7
1.09
1.7
1.7
1.7
1.7
1.7
1.7
1.7
1.7
1.52
1.52
1.7
1.7
1.7
1.7
1.7
1.7
1.7
1.09
1.7
1.7
1.7
1.09
1.7
1.09
1.7
1.09
1.39
1.39
1.52
1.52
1.52
1.52
1.7
1.09
1.7
1.7
1.09
1.7
1.09
1.7
1.09
1.7
1.09
1.7
1.7
1.09
1.7
1.09
1.7
1.09
1.7
1.7
1.7
1.7
1.7
1.7
1.7
1.7
1.52
1.52
1.7
1.7
1.7
1.7
1.7
1.7
1.7
1.09
1.7
1.7
1.7
1.09
1.7
1.09
1.7
1.09
1.52
1.52
1.7
1.09
1.7
1.7
1.7
1.09
1.7
1.09
1.7
1.09
1.52
1.52
1.7
1.09
1.7
1.7
1.7
1.09
1.7
1.09
1.7
1.09
1.52
1.52
1.7
1.09
1.7
1.7
1.7
1.09
1.7
1.09
1.7
1.09
1.52
1.52
1.7
1.09
1.7
1.7
1.7
1.09
1.7
1.09
1.7
1.09
1.52
1.52
1.7
1.09
1.7
1.7
1.7
1.09
1.7
1.09
1.7
1.09
1.52
1.52
1.7
1.09
1.7
1.7
1.7
1.09
1.7
1.09
1.7
1.09
1.39
1.39
1.39
1.52
1.52
1.52
1.52
1.52
1.7
1.09
1.7
1.7
1.09
1.7
1.09
1.7
1.09
1.7
1.09
1.7
1.7
1.09
1.7
1.09
1.7
1.09
1.7
1.7
1.7
1.7
1.7
1.7
1.7
1.7
1.52
1.52
1.7
1.7
1.7
1.7
1.7
1.7
1.7
1.09
1.7
1.7
1.7
1.09
1.7
1.09
1.7
1.09
1.39
1.39
1.52
1.52
1.52
1.52
1.7
1.09
1.7
1.7
1.09
1.7
1.09
1.7
1.09
1.7
1.09
1.7
1.7
1.09
1.7
1.09
1.7
1.09
1.7
1.7
1.7
1.7
1.7
1.7
1.7
1.7
1.52
1.52
1.7
1.7
1.7
1.7
1.7
1.7
1.7
1.09
1.7
1.7
1.7
1.09
1.7
1.09
1.7
1.09
1.39
1.39
1.52
1.52
1.52
1.52
1.7
1.09
1.7
1.7
1.09
1.7
1.09
1.7
1.09
1.7
1.09
1.7
1.7
1.09
1.7
1.09
1.7
1.09
1.7
1.7
1.7
1.7
1.7
1.7
1.7
1.7
1.52
1.52
1.7
1.7
1.7
1.7
1.7
1.7
1.7
1.09
1.7
1.7
1.7
1.09
1.7
1.09
1.7
1.09
1.39
1.39
1.39
1.52
1.52
1.52
1.52
1.52
1.7
1.09
1.7
1.7
1.09
1.7
1.09
1.7
1.09
1.7
1.09
1.7
1.7
1.09
1.7
1.09
1.7
1.09
1.7
1.7
1.7
1.7
1.7
1.7
1.7
1.7
1.52
1.52
1.7
1.7
1.7
1.7
1.7
1.7
1.7
1.09
1.7
1.7
1.7
1.09
1.7
1.09
1.7
1.09
1.39
1.39
1.52
1.52
1.52
1.52
1.7
1.09
1.7
1.7
1.09
1.7
1.09
1.7
1.09
1.7
1.09
1.7
1.7
1.09
1.7
1.09
1.7
1.09
1.7
1.7
1.7
1.7
1.7
1.7
1.7
1.7
1.52
1.52
1.7
1.7
1.7
1.7
1.7
1.7
1.7
1.09
1.7
1.7
1.7
1.09
1.7
1.09
1.7
1.09
1.39
1.39
1.52
1.52
1.52
1.52
1.7
1.09
1.7
1.7
1.09
1.7
1.09
1.7
1.09
1.7
1.09
1.7
1.7
1.09
1.7
1.09
1.7
1.09
1.7
1.7
1.7
1.7
1.7
1.7
1.7
1.7
1.52
1.52
1.7
1.7
1.7
1.7
1.7
1.7
1.7
1.09
1.7
1.7
1.7
1.09
1.7
1.09
1.7
1.09
1.52
1.52
1.7
1.09
1.7
1.7
1.7
1.09
1.7
1.09
1.7
1.09
1.52
1.52
1.7
1.09
1.7
1.7
1.7
1.09
1.7
1.09
1.7
1.09
1.52
1.52
1.7
1.09
1.7
1.7
1.7
1.09
1.7
1.09
1.7
1.09
1.52
1.52
1.7
1.09
1.7
1.7
1.7
1.09
1.7
1.09
1.7
1.09
1.52
1.52
1.7
1.09
1.7
1.7
1.7
1.09
1.7
1.09
1.7
1.09
1.52
1.52
1.7
1.09
1.7
1.7
1.7
1.09
1.7
1.09
1.7
1.09
1.39
1.39
1.39
1.52
1.52
1.52
1.52
1.52
1.7
1.09
1.7
1.7
1.09
1.7
1.09
1.7
1.09
1.7
1.09
1.7
1.7
1.09
1.7
1.09
1.7
1.09
1.7
1.7
1.7
1.7
1.7
1.7
1.7
1.7
1.52
1.52
1.7
1.7
1.7
1.7
1.7
1.7
1.7
1.09
1.7
1.7
1.7
1.09
1.7
1.09
1.7
1.09
1.39
1.39
1.52
1.52
1.52
1.52
1.7
1.09
1.7
1.7
1.09
1.7
1.09
1.7
1.09
1.7
1.09
1.7
1.7
1.09
1.7
1.09
1.7
1.09
1.7
1.7
1.7
1.7
1.7
1.7
1.7
1.7
1.52
1.52
1.7
1.7
1.7
1.7
1.7
1.7
1.7
1.09
1.7
1.7
1.7
1.09
1.7
1.09
1.7
1.09
1.39
1.39
1.52
1.52
1.52
1.52
1.7
1.09
1.7
1.7
1.09
1.7
1.09
1.7
1.09
1.7
1.09
1.7
1.7
1.09
1.7
1.09
1.7
1.09
1.7
1.7
1.7
1.7
1.7
1.7
1.7
1.7
1.52
1.52
1.7
1.7
1.7
1.7
1.7
1.7
1.7
1.09
1.7
1.7
1.7
1.09
1.7
1.09
1.7
1.09
1.39
1.39
1.39
1.52
1.52
1.52
1.52
1.52
1.7
1.09
1.7
1.7
1.09
1.7
1.09
1.7
1.09
1.7
1.09
1.7
1.7
1.09
1.7
1.09
1.7
1.09
1.7
1.7
1.7
1.7
1.7
1.7
1.7
1.7
1.52
1.52
1.7
1.7
1.7
1.7
1.7
1.7
1.7
1.09
1.7
1.7
1.7
1.09
1.7
1.09
1.7
1.09
1.39
1.39
1.52
1.52
1.52
1.52
1.7
1.09
1.7
1.7
1.09
1.7
1.09
1.7
1.09
1.7
1.09
1.7
1.7
1.09
1.7
1.09
1.7
1.09
1.7
1.7
1.7
1.7
1.7
1.7
1.7
1.7
1.52
1.52
1.7
1.7
1.7
1.7
1.7
1.7
1.7
1.09
1.7
1.7
1.7
1.09
1.7
1.09
1.7
1.09
1.39
1.39
1.52
1.52
1.52
1.52
1.7
1.09
1.7
1.7
1.09
1.7
1.09
1.7
1.09
1.7
1.09
1.7
1.7
1.09
1.7
1.09
1.7
1.09
1.7
1.7
1.7
1.7
1.7
1.7
1.7
1.7
1.52
1.52
1.7
1.7
1.7
1.7
1.7
1.7
1.7
1.09
1.7
1.7
1.7
1.09
1.7
1.09
1.7
1.09
1.52
1.52
1.7
1.09
1.7
1.7
1.7
1.09
1.7
1.09
1.7
1.09
1.52
1.52
1.7
1.09
1.7
1.7
1.7
1.09
1.7
1.09
1.7
1.09
1.52
1.52
1.7
1.09
1.7
1.7
1.7
1.09
1.7
1.09
1.7
1.09
1.52
1.52
1.7
1.09
1.7
1.7
1.7
1.09
1.7
1.09
1.7
1.09
1.52
1.52
1.7
1.09
1.7
1.7
1.7
1.09
1.7
1.09
1.7
1.09
1.52
1.52
1.7
1.09
1.7
1.7
1.7
1.09
1.7
1.09
1.7
1.09
1.39
1.39
1.39
1.39
1.52
1.52
1.52
1.52
1.52
1.52
1.7
1.09
1.7
1.7
1.09
1.7
1.09
1.7
1.09
1.7
1.09
1.7
1.7
1.09
1.7
1.09
1.7
1.09
1.7
1.7
1.7
1.7
1.7
1.7
1.7
1.7
1.52
1.52
1.7
1.7
1.7
1.7
1.7
1.7
1.7
1.09
1.7
1.7
1.7
1.09
1.7
1.09
1.7
1.09
1.39
1.39
1.52
1.52
1.52
1.52
1.7
1.09
1.7
1.7
1.09
1.7
1.09
1.7
1.09
1.7
1.09
1.7
1.7
1.09
1.7
1.09
1.7
1.09
1.7
1.7
1.7
1.7
1.7
1.7
1.7
1.7
1.52
1.52
1.7
1.7
1.7
1.7
1.7
1.7
1.7
1.09
1.7
1.7
1.7
1.09
1.7
1.09
1.7
1.09
1.39
1.39
1.52
1.52
1.52
1.52
1.7
1.09
1.7
1.7
1.09
1.7
1.09
1.7
1.09
1.7
1.09
1.7
1.7
1.09
1.7
1.09
1.7
1.09
1.7
1.7
1.7
1.7
1.7
1.7
1.7
1.7
1.52
1.52
1.7
1.7
1.7
1.7
1.7
1.7
1.7
1.09
1.7
1.7
1.7
1.09
1.7
1.09
1.7
1.09
1.39
1.39
1.39
1.39
1.52
1.52
1.52
1.52
1.52
1.52
1.7
1.09
1.7
1.7
1.09
1.7
1.09
1.7
1.09
1.7
1.09
1.7
1.7
1.09
1.7
1.09
1.7
1.09
1.7
1.7
1.7
1.7
1.7
1.7
1.7
1.7
1.52
1.52
1.7
1.7
1.7
1.7
1.7
1.7
1.7
1.09
1.7
1.7
1.7
1.09
1.7
1.09
1.7
1.09
1.39
1.39
1.52
1.52
1.52
1.52
1.7
1.09
1.7
1.7
1.09
1.7
1.09
1.7
1.09
1.7
1.09
1.7
1.7
1.09
1.7
1.09
1.7
1.09
1.7
1.7
1.7
1.7
1.7
1.7
1.7
1.7
1.52
1.52
1.7
1.7
1.7
1.7
1.7
1.7
1.7
1.09
1.7
1.7
1.7
1.09
1.7
1.09
1.7
1.09
1.39
1.39
1.52
1.52
1.52
1.52
1.7
1.09
1.7
1.7
1.09
1.7
1.09
1.7
1.09
1.7
1.09
1.7
1.7
1.09
1.7
1.09
1.7
1.09
1.7
1.7
1.7
1.7
1.7
1.7
1.7
1.7
1.52
1.52
1.7
1.7
1.7
1.7
1.7
1.7
1.7
1.09
1.7
1.7
1.7
1.09
1.7
1.09
1.7
1.09
1.52
1.52
1.7
1.09
1.7
1.7
1.7
1.09
1.7
1.09
1.7
1.09
1.52
1.52
1.7
1.09
1.7
1.7
1.7
1.09
1.7
1.09
1.7
1.09
1.52
1.52
1.7
1.09
1.7
1.7
1.7
1.09
1.7
1.09
1.7
1.09
1.52
1.52
1.7
1.09
1.7
1.7
1.7
1.09
1.7
1.09
1.7
1.09
1.52
1.52
1.7
1.09
1.7
1.7
1.7
1.09
1.7
1.09
1.7
1.09
1.52
1.52
1.7
1.09
1.7
1.7
1.7
1.09
1.7
1.09
1.7
1.09
1.39
1.39
1.39
1.52
1.52
1.52
1.52
1.52
1.7
1.09
1.7
1.7
1.09
1.7
1.09
1.7
1.09
1.7
1.09
1.7
1.7
1.09
1.7
1.09
1.7
1.09
1.7
1.7
1.7
1.7
1.7
1.7
1.7
1.7
1.52
1.52
1.7
1.7
1.7
1.7
1.7
1.7
1.7
1.09
1.7
1.7
1.7
1.09
1.7
1.09
1.7
1.09
1.39
1.39
1.52
1.52
1.52
1.52
1.7
1.09
1.7
1.7
1.09
1.7
1.09
1.7
1.09
1.7
1.09
1.7
1.7
1.09
1.7
1.09
1.7
1.09
1.7
1.7
1.7
1.7
1.7
1.7
1.7
1.7
1.52
1.52
1.7
1.7
1.7
1.7
1.7
1.7
1.7
1.09
1.7
1.7
1.7
1.09
1.7
1.09
1.7
1.09
1.39
1.39
1.52
1.52
1.52
1.52
1.7
1.09
1.7
1.7
1.09
1.7
1.09
1.7
1.09
1.7
1.09
1.7
1.7
1.09
1.7
1.09
1.7
1.09
1.7
1.7
1.7
1.7
1.7
1.7
1.7
1.7
1.52
1.52
1.7
1.7
1.7
1.7
1.7
1.7
1.7
1.09
1.7
1.7
1.7
1.09
1.7
1.09
1.7
1.09
1.39
1.39
1.39
1.52
1.52
1.52
1.52
1.52
1.7
1.09
1.7
1.7
1.09
1.7
1.09
1.7
1.09
1.7
1.09
1.7
1.7
1.09
1.7
1.09
1.7
1.09
1.7
1.7
1.7
1.7
1.7
1.7
1.7
1.7
1.52
1.52
1.7
1.7
1.7
1.7
1.7
1.7
1.7
1.09
1.7
1.7
1.7
1.09
1.7
1.09
1.7
1.09
1.39
1.39
1.52
1.52
1.52
1.52
1.7
1.09
1.7
1.7
1.09
1.7
1.09
1.7
1.09
1.7
1.09
1.7
1.7
1.09
1.7
1.09
1.7
1.09
1.7
1.7
1.7
1.7
1.7
1.7
1.7
1.7
1.52
1.52
1.7
1.7
1.7
1.7
1.7
1.7
1.7
1.09
1.7
1.7
1.7
1.09
1.7
1.09
1.7
1.09
1.39
1.39
1.52
1.52
1.52
1.52
1.7
1.09
1.7
1.7
1.09
1.7
1.09
1.7
1.09
1.7
1.09
1.7
1.7
1.09
1.7
1.09
1.7
1.09
1.7
1.7
1.7
1.7
1.7
1.7
1.7
1.7
1.52
1.52
1.7
1.7
1.7
1.7
1.7
1.7
1.7
1.09
1.7
1.7
1.7
1.09
1.7
1.09
1.7
1.09
1.52
1.52
1.7
1.09
1.7
1.7
1.7
1.09
1.7
1.09
1.7
1.09
1.52
1.52
1.7
1.09
1.7
1.7
1.7
1.09
1.7
1.09
1.7
1.09
1.52
1.52
1.7
1.09
1.7
1.7
1.7
1.09
1.7
1.09
1.7
1.09
1.52
1.52
1.7
1.09
1.7
1.7
1.7
1.09
1.7
1.09
1.7
1.09
1.52
1.52
1.7
1.09
1.7
1.7
1.7
1.09
1.7
1.09
1.7
1.09
1.52
1.52
1.7
1.09
1.7
1.7
1.7
1.09
1.7
1.09
1.7
1.09
1.39
1.39
1.39
1.52
1.52
1.52
1.52
1.52
1.7
1.09
1.7
1.7
1.09
1.7
1.09
1.7
1.09
1.7
1.09
1.7
1.7
1.09
1.7
1.09
1.7
1.09
1.7
1.7
1.7
1.7
1.7
1.7
1.7
1.7
1.52
1.52
1.7
1.7
1.7
1.7
1.7
1.7
1.7
1.09
1.7
1.7
1.7
1.09
1.7
1.09
1.7
1.09
1.39
1.39
1.52
1.52
1.52
1.52
1.7
1.09
1.7
1.7
1.09
1.7
1.09
1.7
1.09
1.7
1.09
1.7
1.7
1.09
1.7
1.09
1.7
1.09
1.7
1.7
1.7
1.7
1.7
1.7
1.7
1.7
1.52
1.52
1.7
1.7
1.7
1.7
1.7
1.7
1.7
1.09
1.7
1.7
1.7
1.09
1.7
1.09
1.7
1.09
1.39
1.39
1.52
1.52
1.52
1.52
1.7
1.09
1.7
1.7
1.09
1.7
1.09
1.7
1.09
1.7
1.09
1.7
1.7
1.09
1.7
1.09
1.7
1.09
1.7
1.7
1.7
1.7
1.7
1.7
1.7
1.7
1.52
1.52
1.7
1.7
1.7
1.7
1.7
1.7
1.7
1.09
1.7
1.7
1.7
1.09
1.7
1.09
1.7
1.09
1.39
1.39
1.39
1.52
1.52
1.52
1.52
1.52
1.7
1.09
1.7
1.7
1.09
1.7
1.09
1.7
1.09
1.7
1.09
1.7
1.7
1.09
1.7
1.09
1.7
1.09
1.7
1.7
1.7
1.7
1.7
1.7
1.7
1.7
1.52
1.52
1.7
1.7
1.7
1.7
1.7
1.7
1.7
1.09
1.7
1.7
1.7
1.09
1.7
1.09
1.7
1.09
1.39
1.39
1.52
1.52
1.52
1.52
1.7
1.09
1.7
1.7
1.09
1.7
1.09
1.7
1.09
1.7
1.09
1.7
1.7
1.09
1.7
1.09
1.7
1.09
1.7
1.7
1.7
1.7
1.7
1.7
1.7
1.7
1.52
1.52
1.7
1.7
1.7
1.7
1.7
1.7
1.7
1.09
1.7
1.7
1.7
1.09
1.7
1.09
1.7
1.09
1.39
1.39
1.52
1.52
1.52
1.52
1.7
1.09
1.7
1.7
1.09
1.7
1.09
1.7
1.09
1.7
1.09
1.7
1.7
1.09
1.7
1.09
1.7
1.09
1.7
1.7
1.7
1.7
1.7
1.7
1.7
1.7
1.52
1.52
1.7
1.7
1.7
1.7
1.7
1.7
1.7
1.09
1.7
1.7
1.7
1.09
1.7
1.09
1.7
1.09
1.52
1.52
1.7
1.09
1.7
1.7
1.7
1.09
1.7
1.09
1.7
1.09
1.52
1.52
1.7
1.09
1.7
1.7
1.7
1.09
1.7
1.09
1.7
1.09
1.52
1.52
1.7
1.09
1.7
1.7
1.7
1.09
1.7
1.09
1.7
1.09
1.52
1.52
1.7
1.09
1.7
1.7
1.7
1.09
1.7
1.09
1.7
1.09
1.52
1.52
1.7
1.09
1.7
1.7
1.7
1.09
1.7
1.09
1.7
1.09
1.52
1.52
1.7
1.09
1.7
1.7
1.7
1.09
1.7
1.09
1.7
1.09
1.39
1.39
1.39
1.39
1.52
1.52
1.52
1.52
1.52
1.52
1.7
1.09
1.7
1.7
1.09
1.7
1.09
1.7
1.09
1.7
1.09
1.7
1.7
1.09
1.7
1.09
1.7
1.09
1.7
1.7
1.7
1.7
1.7
1.7
1.7
1.7
1.52
1.52
1.7
1.7
1.7
1.7
1.7
1.7
1.7
1.09
1.7
1.7
1.7
1.09
1.7
1.09
1.7
1.09
1.39
1.39
1.52
1.52
1.52
1.52
1.7
1.09
1.7
1.7
1.09
1.7
1.09
1.7
1.09
1.7
1.09
1.7
1.7
1.09
1.7
1.09
1.7
1.09
1.7
1.7
1.7
1.7
1.7
1.7
1.7
1.7
1.52
1.52
1.7
1.7
1.7
1.7
1.7
1.7
1.7
1.09
1.7
1.7
1.7
1.09
1.7
1.09
1.7
1.09
1.39
1.39
1.52
1.52
1.52
1.52
1.7
1.09
1.7
1.7
1.09
1.7
1.09
1.7
1.09
1.7
1.09
1.7
1.7
1.09
1.7
1.09
1.7
1.09
1.7
1.7
1.7
1.7
1.7
1.7
1.7
1.7
1.52
1.52
1.7
1.7
1.7
1.7
1.7
1.7
1.7
1.09
1.7
1.7
1.7
1.09
1.7
1.09
1.7
1.09
1.39
1.39
1.39
1.39
1.52
1.52
1.52
1.52
1.52
1.52
1.7
1.09
1.7
1.7
1.09
1.7
1.09
1.7
1.09
1.7
1.09
1.7
1.7
1.09
1.7
1.09
1.7
1.09
1.7
1.7
1.7
1.7
1.7
1.7
1.7
1.7
1.52
1.52
1.7
1.7
1.7
1.7
1.7
1.7
1.7
1.09
1.7
1.7
1.7
1.09
1.7
1.09
1.7
1.09
1.39
1.39
1.52
1.52
1.52
1.52
1.7
1.09
1.7
1.7
1.09
1.7
1.09
1.7
1.09
1.7
1.09
1.7
1.7
1.09
1.7
1.09
1.7
1.09
1.7
1.7
1.7
1.7
1.7
1.7
1.7
1.7
1.52
1.52
1.7
1.7
1.7
1.7
1.7
1.7
1.7
1.09
1.7
1.7
1.7
1.09
1.7
1.09
1.7
1.09
1.39
1.39
1.52
1.52
1.52
1.52
1.7
1.09
1.7
1.7
1.09
1.7
1.09
1.7
1.09
1.7
1.09
1.7
1.7
1.09
1.7
1.09
1.7
1.09
1.7
1.7
1.7
1.7
1.7
1.7
1.7
1.7
1.52
1.52
1.7
1.7
1.7
1.7
1.7
1.7
1.7
1.09
1.7
1.7
1.7
1.09
1.7
1.09
1.7
1.09
1.52
1.52
1.7
1.09
1.7
1.7
1.7
1.09
1.7
1.09
1.7
1.09
1.52
1.52
1.7
1.09
1.7
1.7
1.7
1.09
1.7
1.09
1.7
1.09
1.52
1.52
1.7
1.09
1.7
1.7
1.7
1.09
1.7
1.09
1.7
1.09
1.52
1.52
1.7
1.09
1.7
1.7
1.7
1.09
1.7
1.09
1.7
1.09
1.52
1.52
1.7
1.09
1.7
1.7
1.7
1.09
1.7
1.09
1.7
1.09
1.52
1.52
1.7
1.09
1.7
1.7
1.7
1.09
1.7
1.09
1.7
1.09
1.39
1.39
1.39
1.52
1.52
1.52
1.52
1.52
1.7
1.09
1.7
1.7
1.09
1.7
1.09
1.7
1.09
1.7
1.09
1.7
1.7
1.09
1.7
1.09
1.7
1.09
1.7
1.7
1.7
1.7
1.7
1.7
1.7
1.7
1.52
1.52
1.7
1.7
1.7
1.7
1.7
1.7
1.7
1.09
1.7
1.7
1.7
1.09
1.7
1.09
1.7
1.09
1.39
1.39
1.52
1.52
1.52
1.52
1.7
1.09
1.7
1.7
1.09
1.7
1.09
1.7
1.09
1.7
1.09
1.7
1.7
1.09
1.7
1.09
1.7
1.09
1.7
1.7
1.7
1.7
1.7
1.7
1.7
1.7
1.52
1.52
1.7
1.7
1.7
1.7
1.7
1.7
1.7
1.09
1.7
1.7
1.7
1.09
1.7
1.09
1.7
1.09
1.39
1.39
1.52
1.52
1.52
1.52
1.7
1.09
1.7
1.7
1.09
1.7
1.09
1.7
1.09
1.7
1.09
1.7
1.7
1.09
1.7
1.09
1.7
1.09
1.7
1.7
1.7
1.7
1.7
1.7
1.7
1.7
1.52
1.52
1.7
1.7
1.7
1.7
1.7
1.7
1.7
1.09
1.7
1.7
1.7
1.09
1.7
1.09
1.7
1.09
1.39
1.39
1.39
1.52
1.52
1.52
1.52
1.52
1.7
1.09
1.7
1.7
1.09
1.7
1.09
1.7
1.09
1.7
1.09
1.7
1.7
1.09
1.7
1.09
1.7
1.09
1.7
1.7
1.7
1.7
1.7
1.7
1.7
1.7
1.52
1.52
1.7
1.7
1.7
1.7
1.7
1.7
1.7
1.09
1.7
1.7
1.7
1.09
1.7
1.09
1.7
1.09
1.39
1.39
1.52
1.52
1.52
1.52
1.7
1.09
1.7
1.7
1.09
1.7
1.09
1.7
1.09
1.7
1.09
1.7
1.7
1.09
1.7
1.09
1.7
1.09
1.7
1.7
1.7
1.7
1.7
1.7
1.7
1.7
1.52
1.52
1.7
1.7
1.7
1.7
1.7
1.7
1.7
1.09
1.7
1.7
1.7
1.09
1.7
1.09
1.7
1.09
1.39
1.39
1.52
1.52
1.52
1.52
1.7
1.09
1.7
1.7
1.09
1.7
1.09
1.7
1.09
1.7
1.09
1.7
1.7
1.09
1.7
1.09
1.7
1.09
1.7
1.7
1.7
1.7
1.7
1.7
1.7
1.7
1.52
1.52
1.7
1.7
1.7
1.7
1.7
1.7
1.7
1.09
1.7
1.7
1.7
1.09
1.7
1.09
1.7
1.09
1.52
1.52
1.7
1.09
1.7
1.7
1.7
1.09
1.7
1.09
1.7
1.09
1.52
1.52
1.7
1.09
1.7
1.7
1.7
1.09
1.7
1.09
1.7
1.09
1.52
1.52
1.7
1.09
1.7
1.7
1.7
1.09
1.7
1.09
1.7
1.09
1.52
1.52
1.7
1.09
1.7
1.7
1.7
1.09
1.7
1.09
1.7
1.09
1.52
1.52
1.7
1.09
1.7
1.7
1.7
1.09
1.7
1.09
1.7
1.09
1.52
1.52
1.7
1.09
1.7
1.7
1.7
1.09
1.7
1.09
1.7
1.09
1.39
1.39
1.39
1.52
1.52
1.52
1.52
1.52
1.7
1.09
1.7
1.7
1.09
1.7
1.09
1.7
1.09
1.7
1.09
1.7
1.7
1.09
1.7
1.09
1.7
1.09
1.7
1.7
1.7
1.7
1.7
1.7
1.7
1.7
1.52
1.52
1.7
1.7
1.7
1.7
1.7
1.7
1.7
1.09
1.7
1.7
1.7
1.09
1.7
1.09
1.7
1.09
1.39
1.39
1.52
1.52
1.52
1.52
1.7
1.09
1.7
1.7
1.09
1.7
1.09
1.7
1.09
1.7
1.09
1.7
1.7
1.09
1.7
1.09
1.7
1.09
1.7
1.7
1.7
1.7
1.7
1.7
1.7
1.7
1.52
1.52
1.7
1.7
1.7
1.7
1.7
1.7
1.7
1.09
1.7
1.7
1.7
1.09
1.7
1.09
1.7
1.09
1.39
1.39
1.52
1.52
1.52
1.52
1.7
1.09
1.7
1.7
1.09
1.7
1.09
1.7
1.09
1.7
1.09
1.7
1.7
1.09
1.7
1.09
1.7
1.09
1.7
1.7
1.7
1.7
1.7
1.7
1.7
1.7
1.52
1.52
1.7
1.7
1.7
1.7
1.7
1.7
1.7
1.09
1.7
1.7
1.7
1.09
1.7
1.09
1.7
1.09
1.39
1.39
1.39
1.52
1.52
1.52
1.52
1.52
1.7
1.09
1.7
1.7
1.09
1.7
1.09
1.7
1.09
1.7
1.09
1.7
1.7
1.09
1.7
1.09
1.7
1.09
1.7
1.7
1.7
1.7
1.7
1.7
1.7
1.7
1.52
1.52
1.7
1.7
1.7
1.7
1.7
1.7
1.7
1.09
1.7
1.7
1.7
1.09
1.7
1.09
1.7
1.09
1.39
1.39
1.52
1.52
1.52
1.52
1.7
1.09
1.7
1.7
1.09
1.7
1.09
1.7
1.09
1.7
1.09
1.7
1.7
1.09
1.7
1.09
1.7
1.09
1.7
1.7
1.7
1.7
1.7
1.7
1.7
1.7
1.52
1.52
1.7
1.7
1.7
1.7
1.7
1.7
1.7
1.09
1.7
1.7
1.7
1.09
1.7
1.09
1.7
1.09
1.39
1.39
1.52
1.52
1.52
1.52
1.7
1.09
1.7
1.7
1.09
1.7
1.09
1.7
1.09
1.7
1.09
1.7
1.7
1.09
1.7
1.09
1.7
1.09
1.7
1.7
1.7
1.7
1.7
1.7
1.7
1.7
1.52
1.52
1.7
1.7
1.7
1.7
1.7
1.7
1.7
1.09
1.7
1.7
1.7
1.09
1.7
1.09
1.7
1.09
1.52
1.52
1.7
1.09
1.7
1.7
1.7
1.09
1.7
1.09
1.7
1.09
1.52
1.52
1.7
1.09
1.7
1.7
1.7
1.09
1.7
1.09
1.7
1.09
1.52
1.52
1.7
1.09
1.7
1.7
1.7
1.09
1.7
1.09
1.7
1.09
1.52
1.52
1.7
1.09
1.7
1.7
1.7
1.09
1.7
1.09
1.7
1.09
1.52
1.52
1.7
1.09
1.7
1.7
1.7
1.09
1.7
1.09
1.7
1.09
1.52
1.52
1.7
1.09
1.7
1.7
1.7
1.09
1.7
1.09
1.7
1.09
VECTORS vectors float
0.4375 0 0
0.4375 0 0
0.4375 0 0
0.4375 0 0
0.03125 0 0
0.03125 0 0
0.03125 0 0
0.03125 0 0
0.03125 0 0
0.03125 0 0
0.3125 0 0
0.25 0 0
0.3125 0 0
0.3125 0 0
0.25 0 0
0.3125 0 0
0.25 0 0
0.3125 0 0
0.25 0 0
0.3125 0 0
0.25 0 0
0.3125 0 0
0.3125 0 0
0.25 0 0
0.3125 0 0
0.25 0 0
0.3125 0 0
0.25 0 0
0.3125 0 0
0.3125 0 0
0.3125 0 0
0.3125 0 0
0.3125 0 0
0.3125 0 0
0.3125 0 0
0.3125 0 0
0.03125 0 0
0.03125 0 0
0.3125 0 0
0.3125 0 0
0.3125 0 0
0.3125 0 0
0.3125 0 0
0.3125 0 0
0.3125 0 0
0.25 0 0
0.3125 0 0
0.3125 0 0
0.3125 0 0
0.25 0 0
0.3125 0 0
0.25 0 0
0.3125 0 0
0.25 0 0
0.4375 0 0
0.4375 0 0
0.03125 0 0
0.03125 0 0
0.03125 0 0
0.03125 0 0
0.3125 0 0
0.25 0 0
0.3125 0 0
0.3125 0 0
0.25 0 0
0.3125 0 0
0.25 0 0
0.3125 0 0
0.25 0 0
0.3125 0 0
0.25 0 0
0.3125 0 0
0.3125 0 0
0.25 0 0
0.3125 0 0
0.25 0 0
0.3125 0 0
0.25 0 0
0.3125 0 0
0.3125 0 0
0.3125 0 0
0.3125 0 0
0.3125 0 0
0.3125 0 0
0.3125 0 0
0.3125 0 0
0.03125 0 0
0.03125 0 0
0.3125 0 0
0.3125 0 0
0.3125 0 0
0.3125 0 0
0.3125 0 0
0.3125 0 0
0.3125 0 0
0.25 0 0
0.3125 0 0
0.3125 0 0
0.3125 0 0
0.25 0 0
0.3125 0 0
0.25 0 0
0.3125 0 0
0.25 0 0
0.4375 0 0
0.4375 0 0
0.03125 0 0
0.03125 0 0
0.03125 0 0
0.03125 0 0
0.3125 0 0
0.25 0 0
0.3125 0 0
0.3125 0 0
0.25 0 0
0.3125 0 0
0.25 0 0
0.3125 0 0
0.25 0 0
0.3125 0 0
0.25 0 0
0.3125 0 0
0.3125 0 0
0.25 0 0
0.3125 0 0
0.25 0 0
0.3125 0 0
0.25 0 0
0.3125 0 0
0.3125 0 0
0.3125 0 0
0.3125 0 0
0.3125 0 0
0.3125 0 0
0.3125 0 0
0.3125 0 0
0.03125 0 0
0.03125 0 0
0.3125 0 0
0.3125 0 0
0.3125 0 0
0.3125 0 0
0.3125 0 0
0.3125 0 0
0.3125 0 0
0.25 0 0
0.3125 0 0
0.3125 0 0
0.3125 0 0
0.25 0 0
0.3125 0 0
0.25 0 0
0.3125 0 0
0.25 0 0
0.4375 0 0
0.4375 0 0
0.4375 0 0
0.4375 0 0
0.03125 0 0
0.03125 0 0
0.03125 0 0
0.03125 0 0
0.03125 0 0
0.03125 0 0
0.3125 0 0
0.25 0 0
0.3125 0 0
0.3125 0 0
0.25 0 0
0.3125 0 0
0.25 0 0
0.3125 0 0
0.25 0 0
0.3125 0 0
0.25 0 0
0.3125 0 0
0.3125 0 0
0.25 0 0
0.3125 0 0
0.25 0 0
0.3125 0 0
0.25 0 0
0.3125 0 0
0.3125 0 0
0.3125 0 0
0.3125 0 0
0.3125 0 0
0.3125 0 0
0.3125 0 0
0.3125 0 0
0.03125 0 0
0.03125 0 0
0.3125 0 0
0.3125 0 0
0.3125 0 0
0.3125 0 0
0.3125 0 0
0.3125 0 0
0.3125 0 0
0.25 0 0
0.3125 0 0
0.3125 0 0
0.3125 0 0
0.25 0 0
0.3125 0 0
0.25 0 0
0.3125 0 0
0.25 0 0
0.4375 0 0
0.4375 0 0
0.03125 0 0
0.03125 0 0
0.03125 0 0
0.03125 0 0
0.3125 0 0
0.25 0 0
0.3125 0 0
0.3125 0 0
0.25 0 0
0.3125 0 0
0.25 0 0
0.3125 0 0
0.25 0 0
0.3125 0 0
0.25 0 0
0.3125 0 0
0.3125 0 0
0.25 0 0
0.3125 0 0
0.25 0 0
0.3125 0 0
0.25 0 0
0.3125 0 0
0.3125 0 0
0.3125 0 0
0.3125 0 0
0.3125 0 0
0.3125 0 0
0.3125 0 0
0.3125 0 0
0.03125 0 0
0.03125 0 0
0.3125 0 0
0.3125 0 0
0.3125 0 0
0.3125 0 0
0.3125 0 0
0.3125 0 0
0.3125 0 0
0.25 0 0
0.3125 0 0
0.3125 0 0
0.3125 0 0
0.25 0 0
0.3125 0 0
0.25 0 0
0.3125 0 0
0.25 0 0
0.4375 0 0
0.4375 0 0
0.03125 0 0
0.03125 0 0
0.03125 0 0
0.03125 0 0
0.3125 0 0
0.25 0 0
0.3125 0 0
0.3125 0 0
0.25 0 0
0.3125 0 0
0.25 0 0
0.3125 0 0
0.25 0 0
0.3125 0 0
0.25 0 0
0.3125 0 0
0.3125 0 0
0.25 0 0
0.3125 0 0
0.25 0 0
0.3125 0 0
0.25 0 0
0.3125 0 0
0.3125 0 0
0.3125 0 0
0.3125 0 0
0.3125 0 0
0.3125 0 0
0.3125 0 0
0.3125 0 0
0.03125 0 0
0.03125 0 0
0.3125 0 0
0.3125 0 0
0.3125 0 0
0.3125 0 0
0.3125 0 0
0.3125 0 0
0.3125 0 0
0.25 0 0
0.3125 0 0
0.3125 0 0
0.3125 0 0
0.25 0 0
0.3125 0 0
0.25 0 0
0.3125 0 0
0.25 0 0
0.03125 0 0
0.03125 0 0
0.3125 0 0
0.25 0 0
0.3125 0 0
0.3125 0 0
0.3125 0 0
0.25 0 0
0.3125 0 0
0.25 0 0
0.3125 0 0
0.25 0 0
0.03125 0 0
0.03125 0 0
0.3125 0 0
0.25 0 0
0.3125 0 0
0.3125 0 0
0.3125 0 0
0.25 0 0
0.3125 0 0
0.25 0 0
0.3125 0 0
0.25 0 0
0.03125 0 0
0.03125 0 0
0.3125 0 0
0.25 0 0
0.3125 0 0
0.3125 0 0
0.3125 0 0
0.25 0 0
0.3125 0 0
0.25 0 0
0.3125 0 0
0.25 0 0
0.03125 0 0
0.03125 0 0
0.3125 0 0
0.25 0 0
0.3125 0 0
0.3125 0 0
0.3125 0 0
0.25 0 0
0.3125 0 0
0.25 0 0
0.3125 0 0
0.25 0 0
0.03125 0 0
0.03125 0 0
0.3125 0 0
0.25 0 0
0.3125 0 0
0.3125 0 0
0.3125 0 0
0.25 0 0
0.3125 0 0
0.25 0 0
0.3125 0 0
0.25 0 0
0.03125 0 0
0.03125 0 0
0.3125 0 0
0.25 0 0
0.3125 0 0
0.3125 0 0
0.3125 0 0
0.25 0 0
0.3125 0 0
0.25 0 0
0.3125 0 0
0.25 0 0
0.4375 0 0
0.4375 0 0
0.4375 0 0
0.4375 0 0
0.4375 0 0
0.03125 0 0
0.03125 0 0
0.03125 0 0
0.03125 0 0
0.03125 0 0
0.03125 0 0
0.03125 0 0
0.3125 0 0
0.25 0 0
0.3125 0 0
0.3125 0 0
0.25 0 0
0.3125 0 0
0.25 0 0
0.3125 0 0
0.25 0 0
0.3125 0 0
0.25 0 0
0.3125 0 0
0.3125 0 0
0.25 0 0
0.3125 0 0
0.25 0 0
0.3125 0 0
0.25 0 0
0.3125 0 0
0.3125 0 0
0.3125 0 0
0.3125 0 0
0.3125 0 0
0.3125 0 0
0.3125 0 0
0.3125 0 0
0.03125 0 0
0.03125 0 0
0.3125 0 0
0.3125 0 0
0.3125 0 0
0.3125 0 0
0.3125 0 0
0.3125 0 0
0.3125 0 0
0.25 0 0
0.3125 0 0
0.3125 0 0
0.3125 0 0
0.25 0 0
0.3125 0 0
0.25 0 0
0.3125 0 0
0.25 0 0
0.4375 0 0
0.4375 0 0
0.4375 0 0
0.03125 0 0
0.03125 0 0
0.03125 0 0
0.03125 0 0
0.03125 0 0
0.3125 0 0
0.25 0 0
0.3125 0 0
0.3125 0 0
0.25 0 0
0.3125 0 0
0.25 0 0
0.3125 0 0
0.25 0 0
0.3125 0 0
0.25 0 0
0.3125 0 0
0.3125 0 0
0.25 0 0
0.3125 0 0
0.25 0 0
0.3125 0 0
0.25 0 0
0.3125 0 0
0.3125 0 0
0.3125 0 0
0.3125 0 0
0.3125 0 0
0.3125 0 0
0.3125 0 0
0.3125 0 0
0.03125 0 0
0.03125 0 0
0.3125 0 0
0.3125 0 0
0.3125 0 0
0.3125 0 0
0.3125 0 0
0.3125 0 0
0.3125 0 0
0.25 0 0
0.3125 0 0
0.3125 0 0
0.3125 0 0
0.25 0 0
0.3125 0 0
0.25 0 0
0.3125 0 0
0.25 0 0
0.4375 0 0
0.4375 0 0
0.4375 0 0
0.4375 0 0
0.4375 0 0
0.4375 0 0
0.03125 0 0
0.03125 0 0
0.03125 0 0
0.03125 0 0
0.03125 0 0
0.03125 0 0
0.03125 0 0
0.03125 0 0
0.3125 0 0
0.25 0 0
0.3125 0 0
0.3125 0 0
0.25 0 0
0.3125 0 0
0.25 0 0
0.3125 0 0
0.25 0 0
0.3125 0 0
0.25 0 0
0.3125 0 0
0.3125 0 0
0.25 0 0
0.3125 0 0
0.25 0 0
0.3125 0 0
0.25 0 0
0.3125 0 0
0.3125 0 0
0.3125 0 0
0.3125 0 0
0.3125 0 0
0.3125 0 0
0.3125 0 0
0.3125 0 0
0.03125 0 0
0.03125 0 0
0.3125 0 0
0.3125 0 0
0.3125 0 0
0.3125 0 0
0.3125 0 0
0.3125 0 0
0.3125 0 0
0.25 0 0
0.3125 0 0
0.3125 0 0
0.3125 0 0
0.25 0 0
0.3125 0 0
0.25 0 0
0.3125 0 0
0.25 0 0
0.4375 0 0
0.4375 0 0
0.4375 0 0
0.4375 0 0
0.4375 0 0
0.03125 0 0
0.03125 0 0
0.03125 0 0
0.03125 0 0
0.03125 0 0
0.03125 0 0
0.03125 0 0
0.3125 0 0
0.25 0 0
0.3125 0 0
0.3125 0 0
0.25 0 0
0.3125 0 0
0.25 0 0
0.3125 0 0
0.25 0 0
0.3125 0 0
0.25 0 0
0.3125 0 0
0.3125 0 0
0.25 0 0
0.3125 0 0
0.25 0 0
0.3125 0 0
0.25 0 0
0.3125 0 0
0.3125 0 0
0.3125 0 0
0.3125 0 0
0.3125 0 0
0.3125 0 0
0.3125 0 0
0.3125 0 0
0.03125 0 0
0.03125 0 0
0.3125 0 0
0.3125 0 0
0.3125 0 0
0.3125 0 0
0.3125 0 0
0.3125 0 0
0.3125 0 0
0.25 0 0
0.3125 0 0
0.3125 0 0
0.3125 0 0
0.25 0 0
0.3125 0 0
0.25 0 0
0.3125 0 0
0.25 0 0
0.4375 0 0
0.4375 0 0
0.4375 0 0
0.03125 0 0
0.03125 0 0
0.03125 0 0
0.03125 0 0
0.03125 0 0
0.3125 0 0
0.25 0 0
0.3125 0 0
0.3125 0 0
0.25 0 0
0.3125 0 0
0.25 0 0
0.3125 0 0
0.25 0 0
0.3125 0 0
0.25 0 0
0.3125 0 0
0.3125 0 0
0.25 0 0
0.3125 0 0
0.25 0 0
0.3125 0 0
0.25 0 0
0.3125 0 0
0.3125 0 0
0.3125 0 0
0.3125 0 0
0.3125 0 0
0.3125 0 0
0.3125 0 0
0.3125 0 0
0.03125 0 0
0.03125 0 0
0.3125 0 0
0.3125 0 0
0.3125 0 0
0.3125 0 0
0.3125 0 0
0.3125 0 0
0.3125 0 0
0.25 0 0
0.3125 0 0
0.3125 0 0
0.3125 0 0
0.25 0 0
0.3125 0 0
0.25 0 0
0.3125 0 0
0.25 0 0
0.4375 0 0
0.4375 0 0
0.4375 0 0
0.4375 0 0
0.4375 0 0
0.4375 0 0
0.03125 0 0
0.03125 0 0
0.03125 0 0
0.03125 0 0
0.03125 0 0
0.03125 0 0
0.03125 0 0
0.03125 0 0
0.3125 0 0
0.25 0 0
0.3125 0 0
0.3125 0 0
0.25 0 0
0.3125 0 0
0.25 0 0
0.3125 0 0
0.25 0 0
0.3125 0 0
0.25 0 0
0.3125 0 0
0.3125 0 0
0.25 0 0
0.3125 0 0
0.25 0 0
0.3125 0 0
0.25 0 0
0.3125 0 0
0.3125 0 0
0.3125 0 0
0.3125 0 0
0.3125 0 0
0.3125 0 0
0.3125 0 0
0.3125 0 0
0.03125 0 0
0.03125 0 0
0.3125 0 0
0.3125 0 0
0.3125 0 0
0.3125 0 0
0.3125 0 0
0.3125 0 0
0.3125 0 0
0.25 0 0
0.3125 0 0
0.3125 0 0
0.3125 0 0
0.25 0 0
0.3125 0 0
0.25 0 0
0.3125 0 0
0.25 0 0
0.03125 0 0
0.03125 0 0
0.3125 0 0
0.25 0 0
0.3125 0 0
0.3125 0 0
0.3125 0 0
0.25 0 0
0.3125 0 0
0.25 0 0
0.3125 0 0
0.25 0 0
0.03125 0 0
0.03125 0 0
0.3125 0 0
0.25 0 0
0.3125 0 0
0.3125 0 0
0.3125 0 0
0.25 0 0
0.3125 0 0
0.25 0 0
0.3125 0 0
0.25 0 0
0.03125 0 0
0.03125 0 0
0.3125 0 0
0.25 0 0
0.3125 0 0
0.3125 0 0
0.3125 0 0
0.25 0 0
0.3125 0 0
0.25 0 0
0.3125 0 0
0.25 0 0
0.03125 0 0
0.03125 0 0
0.3125 0 0
0.25 0 0
0.3125 0 0
0.3125 0 0
0.3125 0 0
0.25 0 0
0.3125 0 0
0.25 0 0
0.3125 0 0
0.25 0 0
0.03125 0 0
0.03125 0 0
0.3125 0 0
0.25 0 0
0.3125 0 0
0.3125 0 0
0.3125 0 0
0.25 0 0
0.3125 0 0
0.25 0 0
0.3125 0 0
0.25 0 0
0.03125 0 0
0.03125 0 0
0.3125 0 0
0.25 0 0
0.3125 0 0
0.3125 0 0
0.3125 0 0
0.25 0 0
0.3125 0 0
0.25 0 0
0.3125 0 0
0.25 0 0
0.4375 0 0
0.4375 0 0
0.4375 0 0
0.4375 0 0
0.4375 0 0
0.03125 0 0
0.03125 0 0
0.03125 0 0
0.03125 0 0
0.03125 0 0
0.03125 0 0
0.03125 0 0
0.3125 0 0
0.25 0 0
0.3125 0 0
0.3125 0 0
0.25 0 0
0.3125 0 0
0.25 0 0
0.3125 0 0
0.25 0 0
0.3125 0 0
0.25 0 0
0.3125 0 0
0.3125 0 0
0.25 0 0
0.3125 0 0
0.25 0 0
0.3125 0 0
0.25 0 0
0.3125 0 0
0.3125 0 0
0.3125 0 0
0.3125 0 0
0.3125 0 0
0.3125 0 0
0.3125 0 0
0.3125 0 0
0.03125 0 0
0.03125 0 0
0.3125 0 0
0.3125 0 0
0.3125 0 0
0.3125 0 0
0.3125 0 0
0.3125 0 0
0.3125 0 0
0.25 0 0
0.3125 0 0
0.3125 0 0
0.3125 0 0
0.25 0 0
0.3125 0 0
0.25 0 0
0.3125 0 0
0.25 0 0
0.4375 0 0
0.4375 0 0
0.4375 0 0
0.4375 0 0
0.4375 0 0
0.4375 0 0
0.03125 0 0
0.03125 0 0
0.03125 0 0
0.03125 0 0
0.03125 0 0
0.03125 0 0
0.03125 0 0
0.03125 0 0
0.3125 0 0
0.25 0 0
0.3125 0 0
0.3125 0 0
0.25 0 0
0.3125 0 0
0.25 0 0
0.3125 0 0
0.25 0 0
0.3125 0 0
0.25 0 0
0.3125 0 0
0.3125 0 0
0.25 0 0
0.3125 0 0
0.25 0 0
0.3125 0 0
0.25 0 0
0.3125 0 0
0.3125 0 0
0.3125 0 0
0.3125 0 0
0.3125 0 0
0.3125 0 0
0.3125 0 0
0.3125 0 0
0.03125 0 0
0.03125 0 0
0.3125 0 0
0.3125 0 0
0.3125 0 0
0.3125 0 0
0.3125 0 0
0.3125 0 0
0.3125 0 0
0.25 0 0
0.3125 0 0
0.3125 0 0
0.3125 0 0
0.25 0 0
0.3125 0 0
0.25 0 0
0.3125 0 0
0.25 0 0
0.4375 0 0
0.4375 0 0
0.4375 0 0
0.03125 0 0
0.03125 0 0
0.03125 0 0
0.03125 0 0
0.03125 0 0
0.3125 0 0
0.25 0 0
0.3125 0 0
0.3125 0 0
0.25 0 0
0.3125 0 0
0.25 0 0
0.3125 0 0
0.25 0 0
0.3125 0 0
0.25 0 0
0.3125 0 0
0.3125 0 0
0.25 0 0
0.3125 0 0
0.25 0 0
0.3125 0 0
0.25 0 0
0.3125 0 0
0.3125 0 0
0.3125 0 0
0.3125 0 0
0.3125 0 0
0.3125 0 0
0.3125 0 0
0.3125 0 0
0.03125 0 0
0.03125 0 0
0.3125 0 0
0.3125 0 0
0.3125 0 0
0.3125 0 0
0.3125 0 0
0.3125 0 0
0.3125 0 0
0.25 0 0
0.3125 0 0
0.3125 0 0
0.3125 0 0
0.25 0 0
0.3125 0 0
0.25 0 0
0.3125 0 0
0.25 0 0
0.4375 0 0
0.4375 0 0
0.4375 0 0
0.4375 0 0
0.4375 0 0
0.03125 0 0
0.03125 0 0
0.03125 0 0
0.03125 0 0
0.03125 0 0
0.03125 0 0
0.03125 0 0
0.3125 0 0
0.25 0 0
0.3125 0 0
0.3125 0 0
0.25 0 0
0.3125 0 0
0.25 0 0
0.3125 0 0
0.25 0 0
0.3125 0 0
0.25 0 0
0.3125 0 0
0.3125 0 0
0.25 0 0
0.3125 0 0
0.25 0 0
0.3125 0 0
0.25 0 0
0.3125 0 0
0.3125 0 0
0.3125 0 0
0.3125 0 0
0.3125 0 0
0.3125 0 0
0.3125 0 0
0.3125 0 0
0.03125 0 0
0.03125 0 0
0.3125 0 0
0.3125 0 0
0.3125 0 0
0.3125 0 0
0.3125 0 0
0.3125 0 0
0.3125 0 0
0.25 0 0
0.3125 0 0
0.3125 0 0
0.3125 0 0
0.25 0 0
0.3125 0 0
0.25 0 0
0.3125 0 0
0.25 0 0
0.4375 0 0
0.4375 0 0
0.4375 0 0
0.4375 0 0
0.4375 0 0
0.4375 0 0
0.03125 0 0
0.03125 0 0
0.03125 0 0
0.03125 0 0
0.03125 0 0
0.03125 0 0
0.03125 0 0
0.03125 0 0
0.3125 0 0
0.25 0 0
0.3125 0 0
0.3125 0 0
0.25 0 0
0.3125 0 0
0.25 0 0
0.3125 0 0
0.25 0 0
0.3125 0 0
0.25 0 0
0.3125 0 0
0.3125 0 0
0.25 0 0
0.3125 0 0
0.25 0 0
0.3125 0 0
0.25 0 0
0.3125 0 0
0.3125 0 0
0.3125 0 0
0.3125 0 0
0.3125 0 0
0.3125 0 0
0.3125 0 0
0.3125 0 0
0.03125 0 0
0.03125 0 0
0.3125 0 0
0.3125 0 0
0.3125 0 0
0.3125 0 0
0.3125 0 0
0.3125 0 0
0.3125 0 0
0.25 0 0
0.3125 0 0
0.3125 0 0
0.3125 0 0
0.25 0 0
0.3125 0 0
0.25 0 0
0.3125 0 0
0.25 0 0
0.4375 0 0
0.4375 0 0
0.4375 0 0
0.03125 0 0
0.03125 0 0
0.03125 0 0
0.03125 0 0
0.03125 0 0
0.3125 0 0
0.25 0 0
0.3125 0 0
0.3125 0 0
0.25 0 0
0.3125 0 0
0.25 0 0
0.3125 0 0
0.25 0 0
0.3125 0 0
0.25 0 0
0.3125 0 0
0.3125 0 0
0.25 0 0
0.3125 0 0
0.25 0 0
0.3125 0 0
0.25 0 0
0.3125 0 0
0.3125 0 0
0.3125 0 0
0.3125 0 0
0.3125 0 0
0.3125 0 0
0.3125 0 0
0.3125 0 0
0.03125 0 0
0.03125 0 0
0.3125 0 0
0.3125 0 0
0.3125 0 0
0.3125 0 0
0.3125 0 0
0.3125 0 0
0.3125 0 0
0.25 0 0
0.3125 0 0
0.3125 0 0
0.3125 0 0
0.25 0 0
0.3125 0 0
0.25 0 0
0.3125 0 0
0.25 0 0
0.03125 0 0
0.03125 0 0
0.3125 0 0
0.25 0 0
0.3125 0 0
0.3125 0 0
0.3125 0 0
0.25 0 0
0.3125 0 0
0.25 0 0
0.3125 0 0
0.25 0 0
0.03125 0 0
0.03125 0 0
0.3125 0 0
0.25 0 0
0.3125 0 0
0.3125 0 0
0.3125 0 0
0.25 0 0
0.3125 0 0
0.25 0 0
0.3125 0 0
0.25 0 0
0.03125 0 0
0.03125 0 0
0.3125 0 0
0.25 0 0
0.3125 0 0
0.3125 0 0
0.3125 0 0
0.25 0 0
0.3125 0 0
0.25 0 0
0.3125 0 0
0.25 0 0
0.03125 0 0
0.03125 0 0
0.3125 0 0
0.25 0 0
0.3125 0 0
0.3125 0 0
0.3125 0 0
0.25 0 0
0.3125 0 0
0.25 0 0
0.3125 0 0
0.25 0 0
0.03125 0 0
0.03125 0 0
0.3125 0 0
0.25 0 0
0.3125 0 0
0.3125 0 0
0.3125 0 0
0.25 0 0
0.3125 0 0
0.25 0 0
0.3125 0 0
0.25 0 0
0.03125 0 0
0.03125 0 0
0.3125 0 0
0.25 0 0
0.3125 0 0
0.3125 0 0
0.3125 0 0
0.25 0 0
0.3125 0 0
0.25 0 0
0.3125 0 0
0.25 0 0
0.4375 0 0
0.4375 0 0
0.4375 0 0
0.4375 0 0
0.03125 0 0
0.03125 0 0
0.03125 0 0
0.03125 0 0
0.03125 0 0
0.03125 0 0
0.3125 0 0
0.25 0 0
0.3125 0 0
0.3125 0 0
0.25 0 0
0.3125 0 0
0.25 0 0
0.3125 0 0
0.25 0 0
0.3125 0 0
0.25 0 0
0.3125 0 0
0.3125 0 0
0.25 0 0
0.3125 0 0
0.25 0 0
0.3125 0 0
0.25 0 0
0.3125 0 0
0.3125 0 0
0.3125 0 0
0.3125 0 0
0.3125 0 0
0.3125 0 0
0.3125 0 0
0.3125 0 0
0.03125 0 0
0.03125 0 0
0.3125 0 0
0.3125 0 0
0.3125 0 0
0.3125 0 0
0.3125 0 0
0.3125 0 0
0.3125 0 0
0.25 0 0
0.3125 0 0
0.3125 0 0
0.3125 0 0
0.25 0 0
0.3125 0 0
0.25 0 0
0.3125 0 0
0.25 0 0
0.4375 0 0
0.4375 0 0
0.03125 0 0
0.03125 0 0
0.03125 0 0
0.03125 0 0
0.3125 0 0
0.25 0 0
0.3125 0 0
0.3125 0 0
0.25 0 0
0.3125 0 0
0.25 0 0
0.3125 0 0
0.25 0 0
0.3125 0 0
0.25 0 0
0.3125 0 0
0.3125 0 0
0.25 0 0
0.3125 0 0
0.25 0 0
0.3125 0 0
0.25 0 0
0.3125 0 0
0.3125 0 0
0.3125 0 0
0.3125 0 0
0.3125 0 0
0.3125 0 0
0.3125 0 0
0.3125 0 0
0.03125 0 0
0.03125 0 0
0.3125 0 0
0.3125 0 0
0.3125 0 0
0.3125 0 0
0.3125 0 0
0.3125 0 0
0.3125 0 0
0.25 0 0
0.3125 0 0
0.3125 0 0
0.3125 0 0
0.25 0 0
0.3125 0 0
0.25 0 0
0.3125 0 0
0.25 0 0
0.4375 0 0
0.4375 0 0
0.03125 0 0
0.03125 0 0
0.03125 0 0
0.03125 0 0
0.3125 0 0
0.25 0 0
0.3125 0 0
0.3125 0 0
0.25 0 0
0.3125 0 0
0.25 0 0
0.3125 0 0
0.25 0 0
0.3125 0 0
0.25 0 0
0.3125 0 0
0.3125 0 0
0.25 0 0
0.3125 0 0
0.25 0 0
0.3125 0 0
0.25 0 0
0.3125 0 0
0.3125 0 0
0.3125 0 0
0.3125 0 0
0.3125 0 0
0.3125 0 0
0.3125 0 0
0.3125 0 0
0.03125 0 0
0.03125 0 0
0.3125 0 0
0.3125 0 0
0.3125 0 0
0.3125 0 0
0.3125 0 0
0.3125 0 0
0.3125 0 0
0.25 0 0
0.3125 0 0
0.3125 0 0
0.3125 0 0
0.25 0 0
0.3125 0 0
0.25 0 0
0.3125 0 0
0.25 0 0
0.4375 0 0
0.4375 0 0
0.4375 0 0
0.4375 0 0
0.03125 0 0
0.03125 0 0
0.03125 0 0
0.03125 0 0
0.03125 0 0
0.03125 0 0
0.3125 0 0
0.25 0 0
0.3125 0 0
0.3125 0 0
0.25 0 0
0.3125 0 0
0.25 0 0
0.3125 0 0
0.25 0 0
0.3125 0 0
0.25 0 0
0.3125 0 0
0.3125 0 0
0.25 0 0
0.3125 0 0
0.25 0 0
0.3125 0 0
0.25 0 0
0.3125 0 0
0.3125 0 0
0.3125 0 0
0.3125 0 0
0.3125 0 0
0.3125 0 0
0.3125 0 0
0.3125 0 0
0.03125 0 0
0.03125 0 0
0.3125 0 0
0.3125 0 0
0.3125 0 0
0.3125 0 0
0.3125 0 0
0.3125 0 0
0.3125 0 0
0.25 0 0
0.3125 0 0
0.3125 0 0
0.3125 0 0
0.25 0 0
0.3125 0 0
0.25 0 0
0.3125 0 0
0.25 0 0
0.4375 0 0
0.4375 0 0
0.03125 0 0
0.03125 0 0
0.03125 0 0
0.03125 0 0
0.3125 0 0
0.25 0 0
0.3125 0 0
0.3125 0 0
0.25 0 0
0.3125 0 0
0.25 0 0
0.3125 0 0
0.25 0 0
0.3125 0 0
0.25 0 0
0.3125 0 0
0.3125 0 0
0.25 0 0
0.3125 0 0
0.25 0 0
0.3125 0 0
0.25 0 0
0.3125 0 0
0.3125 0 0
0.3125 0 0
0.3125 0 0
0.3125 0 0
0.3125 0 0
0.3125 0 0
0.3125 0 0
0.03125 0 0
0.03125 0 0
0.3125 0 0
0.3125 0 0
0.3125 0 0
0.3125 0 0
0.3125 0 0
0.3125 0 0
0.3125 0 0
0.25 0 0
0.3125 0 0
0.3125 0 0
0.3125 0 0
0.25 0 0
0.3125 0 0
0.25 0 0
0.3125 0 0
0.25 0 0
0.4375 0 0
0.4375 0 0
0.03125 0 0
0.03125 0 0
0.03125 0 0
0.03125 0 0
0.3125 0 0
0.25 0 0
0.3125 0 0
0.3125 0 0
0.25 0 0
0.3125 0 0
0.25 0 0
0.3125 0 0
0.25 0 0
0.3125 0 0
0.25 0 0
0.3125 0 0
0.3125 0 0
0.25 0 0
0.3125 0 0
0.25 0 0
0.3125 0 0
0.25 0 0
0.3125 0 0
0.3125 0 0
0.3125 0 0
0.3125 0 0
0.3125 0 0
0.3125 0 0
0.3125 0 0
0.3125 0 0
0.03125 0 0
0.03125 0 0
0.3125 0 0
0.3125 0 0
0.3125 0 0
0.3125 0 0
0.3125 0 0
0.3125 0 0
0.3125 0 0
0.25 0 0
0.3125 0 0
0.3125 0 0
0.3125 0 0
0.25 0 0
0.3125 0 0
0.25 0 0
0.3125 0 0
0.25 0 0
0.03125 0 0
0.03125 0 0
0.3125 0 0
0.25 0 0
0.3125 0 0
0.3125 0 0
0.3125 0 0
0.25 0 0
0.3125 0 0
0.25 0 0
0.3125 0 0
0.25 0 0
0.03125 0 0
0.03125 0 0
0.3125 0 0
0.25 0 0
0.3125 0 0
0.3125 0 0
0.3125 0 0
0.25 0 0
0.3125 0 0
0.25 0 0
0.3125 0 0
0.25 0 0
0.03125 0 0
0.03125 0 0
0.3125 0 0
0.25 0 0
0.3125 0 0
0.3125 0 0
0.3125 0 0
0.25 0 0
0.3125 0 0
0.25 0 0
0.3125 0 0
0.25 0 0
0.03125 0 0
0.03125 0 0
0.3125 0 0
0.25 0 0
0.3125 0 0
0.3125 0 0
0.3125 0 0
0.25 0 0
0.3125 0 0
0.25 0 0
0.3125 0 0
0.25 0 0
0.03125 0 0
0.03125 0 0
0.3125 0 0
0.25 0 0
0.3125 0 0
0.3125 0 0
0.3125 0 0
0.25 0 0
0.3125 0 0
0.25 0 0
0.3125 0 0
0.25 0 0
0.03125 0 0
0.03125 0 0
0.3125 0 0
0.25 0 0
0.3125 0 0
0.3125 0 0
0.3125 0 0
0.25 0 0
0.3125 0 0
0.25 0 0
0.3125 0 0
0.25 0 0
0.4375 0 0
0.4375 0 0
0.4375 0 0
0.4375 0 0
0.4375 0 0
0.03125 0 0
0.03125 0 0
0.03125 0 0
0.03125 0 0
0.03125 0 0
0.03125 0 0
0.03125 0 0
0.3125 0 0
0.25 0 0
0.3125 0 0
0.3125 0 0
0.25 0 0
0.3125 0 0
0.25 0 0
0.3125 0 0
0.25 0 0
0.3125 0 0
0.25 0 0
0.3125 0 0
0.3125 0 0
0.25 0 0
0.3125 0 0
0.25 0 0
0.3125 0 0
0.25 0 0
0.3125 0 0
0.3125 0 0
0.3125 0 0
0.3125 0 0
0.3125 0 0
0.3125 0 0
0.3125 0 0
0.3125 0 0
0.03125 0 0
0.03125 0 0
0.3125 0 0
0.3125 0 0
0.3125 0 0
0.3125 0 0
0.3125 0 0
0.3125 0 0
0.3125 0 0
0.25 0 0
0.3125 0 0
0.3125 0 0
0.3125 0 0
0.25 0 0
0.3125 0 0
0.25 0 0
0.3125 0 0
0.25 0 0
0.4375 0 0
0.4375 0 0
0.4375 0 0
0.03125 0 0
0.03125 0 0
0.03125 0 0
0.03125 0 0
0.03125 0 0
0.3125 0 0
0.25 0 0
0.3125 0 0
0.3125 0 0
0.25 0 0
0.3125 0 0
0.25 0 0
0.3125 0 0
0.25 0 0
0.3125 0 0
0.25 0 0
0.3125 0 0
0.3125 0 0
0.25 0 0
0.3125 0 0
0.25 0 0
0.3125 0 0
0.25 0 0
0.3125 0 0
0.3125 0 0
0.3125 0 0
0.3125 0 0
0.3125 0 0
0.3125 0 0
0.3125 0 0
0.3125 0 0
0.03125 0 0
0.03125 0 0
0.3125 0 0
0.3125 0 0
0.3125 0 0
0.3125 0 0
0.3125 0 0
0.3125 0 0
0.3125 0 0
0.25 0 0
0.3125 0 0
0.3125 0 0
0.3125 0 0
0.25 0 0
0.3125 0 0
0.25 0 0
0.3125 0 0
0.25 0 0
0.4375 0 0
0.4375 0 0
0.4375 0 0
0.4375 0 0
0.4375 0 0
0.4375 0 0
0.03125 0 0
0.03125 0 0
0.03125 0 0
0.03125 0 0
0.03125 0 0
0.03125 0 0
0.03125 0 0
0.03125 0 0
0.3125 0 0
0.25 0 0
0.3125 0 0
0.3125 0 0
0.25 0 0
0.3125 0 0
0.25 0 0
0.3125 0 0
0.25 0 0
0.3125 0 0
0.25 0 0
0.3125 0 0
0.3125 0 0
0.25 0 0
0.3125 0 0
0.25 0 0
0.3125 0 0
0.25 0 0
0.3125 0 0
0.3125 0 0
0.3125 0 0
0.3125 0 0
0.3125 0 0
0.3125 0 0
0.3125 0 0
0.3125 0 0
0.03125 0 0
0.03125 0 0
0.3125 0 0
0.3125 0 0
0.3125 0 0
0.3125 0 0
0.3125 0 0
0.3125 0 0
0.3125 0 0
0.25 0 0
0.3125 0 0
0.3125 0 0
0.3125 0 0
0.25 0 0
0.3125 0 0
0.25 0 0
0.3125 0 0
0.25 0 0
0.4375 0 0
0.4375 0 0
0.4375 0 0
0.4375 0 0
0.4375 0 0
0.03125 0 0
0.03125 0 0
0.03125 0 0
0.03125 0 0
0.03125 0 0
0.03125 0 0
0.03125 0 0
0.3125 0 0
0.25 0 0
0.3125 0 0
0.3125 0 0
0.25 0 0
0.3125 0 0
0.25 0 0
0.3125 0 0
0.25 0 0
0.3125 0 0
0.25 0 0
0.3125 0 0
0.3125 0 0
0.25 0 0
0.3125 0 0
0.25 0 0
0.3125 0 0
0.25 0 0
0.3125 0 0
0.3125 0 0
0.3125 0 0
0.3125 0 0
0.3125 0 0
0.3125 0 0
0.3125 0 0
0.3125 0 0
0.03125 0 0
0.03125 0 0
0.3125 0 0
0.3125 0 0
0.3125 0 0
0.3125 0 0
0.3125 0 0
0.3125 0 0
0.3125 0 0
0.25 0 0
0.3125 0 0
0.3125 0 0
0.3125 0 0
0.25 0 0
0.3125 0 0
0.25 0 0
0.3125 0 0
0.25 0 0
0.4375 0 0
0.4375 0 0
0.4375 0 0
0.03125 0 0
0.03125 0 0
0.03125 0 0
0.03125 0 0
0.03125 0 0
0.3125 0 0
0.25 0 0
0.3125 0 0
0.3125 0 0
0.25 0 0
0.3125 0 0
0.25 0 0
0.3125 0 0
0.25 0 0
0.3125 0 0
0.25 0 0
0.3125 0 0
0.3125 0 0
0.25 0 0
0.3125 0 0
0.25 0 0
0.3125 0 0
0.25 0 0
0.3125 0 0
0.3125 0 0
0.3125 0 0
0.3125 0 0
0.3125 0 0
0.3125 0 0
0.3125 0 0
0.3125 0 0
0.03125 0 0
0.03125 0 0
0.3125 0 0
0.3125 0 0
0.3125 0 0
0.3125 0 0
0.3125 0 0
0.3125 0 0
0.3125 0 0
0.25 0 0
0.3125 0 0
0.3125 0 0
0.3125 0 0
0.25 0 0
0.3125 0 0
0.25 0 0
0.3125 0 0
0.25 0 0
0.4375 0 0
0.4375 0 0
0.4375 0 0
0.4375 0 0
0.4375 0 0
0.4375 0 0
0.03125 0 0
0.03125 0 0
0.03125 0 0
0.03125 0 0
0.03125 0 0
0.03125 0 0
0.03125 0 0
0.03125 0 0
0.3125 0 0
0.25 0 0
0.3125 0 0
0.3125 0 0
0.25 0 0
0.3125 0 0
0.25 0 0
0.3125 0 0
0.25 0 0
0.3125 0 0
0.25 0 0
0.3125 0 0
0.3125 0 0
0.25 0 0
0.3125 0 0
0.25 0 0
0.3125 0 0
0.25 0 0
0.3125 0 0
0.3125 0 0
0.3125 0 0
0.3125 0 0
0.3125 0 0
0.3125 0 0
0.3125 0 0
0.3125 0 0
0.03125 0 0
0.03125 0 0
0.3125 0 0
0.3125 0 0
0.3125 0 0
0.3125 0 0
0.3125 0 0
0.3125 0 0
0.3125 0 0
0.25 0 0
0.3125 0 0
0.3125 0 0
0.3125 0 0
0.25 0 0
0.3125 0 0
0.25 0 0
0.3125 0 0
0.25 0 0
0.03125 0 0
0.03125 0 0
0.3125 0 0
0.25 0 0
0.3125 0 0
0.3125 0 0
0.3125 0 0
0.25 0 0
0.3125 0 0
0.25 0 0
0.3125 0 0
0.25 0 0
0.03125 0 0
0.03125 0 0
0.3125 0 0
0.25 0 0
0.3125 0 0
0.3125 0 0
0.3125 0 0
0.25 0 0
0.3125 0 0
0.25 0 0
0.3125 0 0
0.25 0 0
0.03125 0 0
0.03125 0 0
0.3125 0 0
0.25 0 0
0.3125 0 0
0.3125 0 0
0.3125 0 0
0.25 0 0
0.3125 0 0
0.25 0 0
0.3125 0 0
0.25 0 0
0.03125 0 0
0.03125 0 0
0.3125 0 0
0.25 0 0
0.3125 0 0
0.3125 0 0
0.3125 0 0
0.25 0 0
0.3125 0 0
0.25 0 0
0.3125 0 0
0.25 0 0
0.03125 0 0
0.03125 0 0
0.3125 0 0
0.25 0 0
0.3125 0 0
0.3125 0 0
0.3125 0 0
0.25 0 0
0.3125 0 0
0.25 0 0
0.3125 0 0
0.25 0 0
0.03125 0 0
0.03125 0 0
0.3125 0 0
0.25 0 0
0.3125 0 0
0.3125 0 0
0.3125 0 0
0.25 0 0
0.3125 0 0
0.25 0 0
0.3125 0 0
0.25 0 0
0.4375 0 0
0.4375 0 0
0.4375 0 0
0.4375 0 0
0.4375 0 0
0.03125 0 0
0.03125 0 0
0.03125 0 0
0.03125 0 0
0.03125 0 0
0.03125 0 0
0.03125 0 0
0.3125 0 0
0.25 0 0
0.3125 0 0
0.3125 0 0
0.25 0 0
0.3125 0 0
0.25 0 0
0.3125 0 0
0.25 0 0
0.3125 0 0
0.25 0 0
0.3125 0 0
0.3125 0 0
0.25 0 0
0.3125 0 0
0.25 0 0
0.3125 0 0
0.25 0 0
0.3125 0 0
0.3125 0 0
0.3125 0 0
0.3125 0 0
0.3125 0 0
0.3125 0 0
0.3125 0 0
0.3125 0 0
0.03125 0 0
0.03125 0 0
0.3125 0 0
0.3125 0 0
0.3125 0 0
0.3125 0 0
0.3125 0 0
0.3125 0 0
0.3125 0 0
0.25 0 0
0.3125 0 0
0.3125 0 0
0.3125 0 0
0.25 0 0
0.3125 0 0
0.25 0 0
0.3125 0 0
0.25 0 0
0.4375 0 0
0.4375 0 0
0.4375 0 0
0.4375 0 0
0.4375 0 0
0.4375 0 0
0.03125 0 0
0.03125 0 0
0.03125 0 0
0.03125 0 0
0.03125 0 0
0.03125 0 0
0.03125 0 0
0.03125 0 0
0.3125 0 0
0.25 0 0
0.3125 0 0
0.3125 0 0
0.25 0 0
0.3125 0 0
0.25 0 0
0.3125 0 0
0.25 0 0
0.3125 0 0
0.25 0 0
0.3125 0 0
0.3125 0 0
0.25 0 0
0.3125 0 0
0.25 0 0
0.3125 0 0
0.25 0 0
0.3125 0 0
0.3125 0 0
0.3125 0 0
0.3125 0 0
0.3125 0 0
0.3125 0 0
0.3125 0 0
0.3125 0 0
0.03125 0 0
0.03125 0 0
0.3125 0 0
0.3125 0 0
0.3125 0 0
0.3125 0 0
0.3125 0 0
0.3125 0 0
0.3125 0 0
0.25 0 0
0.3125 0 0
0.3125 0 0
0.3125 0 0
0.25 0 0
0.3125 0 0
0.25 0 0
0.3125 0 0
0.25 0 0
0.4375 0 0
0.4375 0 0
0.4375 0 0
0.03125 0 0
0.03125 0 0
0.03125 0 0
0.03125 0 0
0.03125 0 0
0.3125 0 0
0.25 0 0
0.3125 0 0
0.3125 0 0
0.25 0 0
0.3125 0 0
0.25 0 0
0.3125 0 0
0.25 0 0
0.3125 0 0
0.25 0 0
0.3125 0 0
0.3125 0 0
0.25 0 0
0.3125 0 0
0.25 0 0
0.3125 0 0
0.25 0 0
0.3125 0 0
0.3125 0 0
0.3125 0 0
0.3125 0 0
0.3125 0 0
0.3125 0 0
0.3125 0 0
0.3125 0 0
0.03125 0 0
0.03125 0 0
0.3125 0 0
0.3125 0 0
0.3125 0 0
0.3125 0 0
0.3125 0 0
0.3125 0 0
0.3125 0 0
0.25 0 0
0.3125 0 0
0.3125 0 0
0.3125 0 0
0.25 0 0
0.3125 0 0
0.25 0 0
0.3125 0 0
0.25 0 0
0.4375 0 0
0.4375 0 0
0.4375 0 0
0.4375 0 0
0.4375 0 0
0.03125 0 0
0.03125 0 0
0.03125 0 0
0.03125 0 0
0.03125 0 0
0.03125 0 0
0.03125 0 0
0.3125 0 0
0.25 0 0
0.3125 0 0
0.3125 0 0
0.25 0 0
0.3125 0 0
0.25 0 0
0.3125 0 0
0.25 0 0
0.3125 0 0
0.25 0 0
0.3125 0 0
0.3125 0 0
0.25 0 0
0.3125 0 0
0.25 0 0
0.3125 0 0
0.25 0 0
0.3125 0 0
0.3125 0 0
0.3125 0 0
0.3125 0 0
0.3125 0 0
0.3125 0 0
0.3125 0 0
0.3125 0 0
0.03125 0 0
0.03125 0 0
0.3125 0 0
0.3125 0 0
0.3125 0 0
0.3125 0 0
0.3125 0 0
0.3125 0 0
0.3125 0 0
0.25 0 0
0.3125 0 0
0.3125 0 0
0.3125 0 0
0.25 0 0
0.3125 0 0
0.25 0 0
0.3125 0 0
0.25 0 0
0.4375 0 0
0.4375 0 0
0.4375 0 0
0.4375 0 0
0.4375 0 0
0.4375 0 0
0.03125 0 0
0.03125 0 0
0.03125 0 0
0.03125 0 0
0.03125 0 0
0.03125 0 0
0.03125 0 0
0.03125 0 0
0.3125 0 0
0.25 0 0
0.3125 0 0
0.3125 0 0
0.25 0 0
0.3125 0 0
0.25 0 0
0.3125 0 0
0.25 0 0
0.3125 0 0
0.25 0 0
0.3125 0 0
0.3125 0 0
0.25 0 0
0.3125 0 0
0.25 0 0
0.3125 0 0
0.25 0 0
0.3125 0 0
0.3125 0 0
0.3125 0 0
0.3125 0 0
0.3125 0 0
0.3125 0 0
0.3125 0 0
0.3125 0 0
0.03125 0 0
0.03125 0 0
0.3125 0 0
0.3125 0 0
0.3125 0 0
0.3125 0 0
0.3125 0 0
0.3125 0 0
0.3125 0 0
0.25 0 0
0.3125 0 0
0.3125 0 0
0.3125 0 0
0.25 0 0
0.3125 0 0
0.25 0 0
0.3125 0 0
0.25 0 0
0.4375 0 0
0.4375 0 0
0.4375 0 0
0.03125 0 0
0.03125 0 0
0.03125 0 0
0.03125 0 0
0.03125 0 0
0.3125 0 0
0.25 0 0
0.3125 0 0
0.3125 0 0
0.25 0 0
0.3125 0 0
0.25 0 0
0.3125 0 0
0.25 0 0
0.3125 0 0
0.25 0 0
0.3125 0 0
0.3125 0 0
0.25 0 0
0.3125 0 0
0.25 0 0
0.3125 0 0
0.25 0 0
0.3125 0 0
0.3125 0 0
0.3125 0 0
0.3125 0 0
0.3125 0 0
0.3125 0 0
0.3125 0 0
0.3125 0 0
0.03125 0 0
0.03125 0 0
0.3125 0 0
0.3125 0 0
0.3125 0 0
0.3125 0 0
0.3125 0 0
0.3125 0 0
0.3125 0 0
0.25 0 0
0.3125 0 0
0.3125 0 0
0.3125 0 0
0.25 0 0
0.3125 0 0
0.25 0 0
0.3125 0 0
0.25 0 0
0.03125 0 0
0.03125 0 0
0.3125 0 0
0.25 0 0
0.3125 0 0
0.3125 0 0
0.3125 0 0
0.25 0 0
0.3125 0 0
0.25 0 0
0.3125 0 0
0.25 0 0
0.03125 0 0
0.03125 0 0
0.3125 0 0
0.25 0 0
0.3125 0 0
0.3125 0 0
0.3125 0 0
0.25 0 0
0.3125 0 0
0.25 0 0
0.3125 0 0
0.25 0 0
0.03125 0 0
0.03125 0 0
0.3125 0 0
0.25 0 0
0.3125 0 0
0.3125 0 0
0.3125 0 0
0.25 0 0
0.3125 0 0
0.25 0 0
0.3125 0 0
0.25 0 0
0.03125 0 0
0.03125 0 0
0.3125 0 0
0.25 0 0
0.3125 0 0
0.3125 0 0
0.3125 0 0
0.25 0 0
0.3125 0 0
0.25 0 0
0.3125 0 0
0.25 0 0
0.03125 0 0
0.03125 0 0
0.3125 0 0
0.25 0 0
0.3125 0 0
0.3125 0 0
0.3125 0 0
0.25 0 0
0.3125 0 0
0.25 0 0
0.3125 0 0
0.25 0 0
0.03125 0 0
0.03125 0 0
0.3125 0 0
0.25 0 0
0.3125 0 0
0.3125 0 0
0.3125 0 0
0.25 0 0
0.3125 0 0
0.25 0 0
0.3125 0 0
0.25 0 0
0.4375 0 0
0.4375 0 0
0.4375 0 0
0.4375 0 0
0.03125 0 0
0.03125 0 0
0.03125 0 0
0.03125 0 0
0.03125 0 0
0.03125 0 0
0.3125 0 0
0.25 0 0
0.3125 0 0
0.3125 0 0
0.25 0 0
0.3125 0 0
0.25 0 0
0.3125 0 0
0.25 0 0
0.3125 0 0
0.25 0 0
0.3125 0 0
0.3125 0 0
0.25 0 0
0.3125 0 0
0.25 0 0
0.3125 0 0
0.25 0 0
0.3125 0 0
0.3125 0 0
0.3125 0 0
0.3125 0 0
0.3125 0 0
0.3125 0 0
0.3125 0 0
0.3125 0 0
0.03125 0 0
0.03125 0 0
0.3125 0 0
0.3125 0 0
0.3125 0 0
0.3125 0 0
0.3125 0 0
0.3125 0 0
0.3125 0 0
0.25 0 0
0.3125 0 0
0.3125 0 0
0.3125 0 0
0.25 0 0
0.3125 0 0
0.25 0 0
0.3125 0 0
0.25 0 0
0.4375 0 0
0.4375 0 0
0.03125 0 0
0.03125 0 0
0.03125 0 0
0.03125 0 0
0.3125 0 0
0.25 0 0
0.3125 0 0
0.3125 0 0
0.25 0 0
0.3125 0 0
0.25 0 0
0.3125 0 0
0.25 0 0
0.3125 0 0
0.25 0 0
0.3125 0 0
0.3125 0 0
0.25 0 0
0.3125 0 0
0.25 0 0
0.3125 0 0
0.25 0 0
0.3125 0 0
0.3125 0 0
0.3125 0 0
0.3125 0 0
0.3125 0 0
0.3125 0 0
0.3125 0 0
0.3125 0 0
0.03125 0 0
0.03125 0 0
0.3125 0 0
0.3125 0 0
0.3125 0 0
0.3125 0 0
0.3125 0 0
0.3125 0 0
0.3125 0 0
0.25 0 0
0.3125 0 0
0.3125 0 0
0.3125 0 0
0.25 0 0
0.3125 0 0
0.25 0 0
0.3125 0 0
0.25 0 0
0.4375 0 0
0.4375 0 0
0.03125 0 0
0.03125 0 0
0.03125 0 0
0.03125 0 0
0.3125 0 0
0.25 0 0
0.3125 0 0
0.3125 0 0
0.25 0 0
0.3125 0 0
0.25 0 0
0.3125 0 0
0.25 0 0
0.3125 0 0
0.25 0 0
0.3125 0 0
0.3125 0 0
0.25 0 0
0.3125 0 0
0.25 0 0
0.3125 0 0
0.25 0 0
0.3125 0 0
0.3125 0 0
0.3125 0 0
0.3125 0 0
0.3125 0 0
0.3125 0 0
0.3125 0 0
0.3125 0 0
0.03125 0 0
0.03125 0 0
0.3125 0 0
0.3125 0 0
0.3125 0 0
0.3125 0 0
0.3125 0 0
0.3125 0 0
0.3125 0 0
0.25 0 0
0.3125 0 0
0.3125 0 0
0.3125 0 0
0.25 0 0
0.3125 0 0
0.25 0 0
0.3125 0 0
0.25 0 0
0.4375 0 0
0.4375 0 0
0.4375 0 0
0.4375 0 0
0.03125 0 0
0.03125 0 0
0.03125 0 0
0.03125 0 0
0.03125 0 0
0.03125 0 0
0.3125 0 0
0.25 0 0
0.3125 0 0
0.3125 0 0
0.25 0 0
0.3125 0 0
0.25 0 0
0.3125 0 0
0.25 0 0
0.3125 0 0
0.25 0 0
0.3125 0 0
0.3125 0 0
0.25 0 0
0.3125 0 0
0.25 0 0
0.3125 0 0
0.25 0 0
0.3125 0 0
0.3125 0 0
0.3125 0 0
0.3125 0 0
0.3125 0 0
0.3125 0 0
0.3125 0 0
0.3125 0 0
0.03125 0 0
0.03125 0 0
0.3125 0 0
0.3125 0 0
0.3125 0 0
0.3125 0 0
0.3125 0 0
0.3125 0 0
0.3125 0 0
0.25 0 0
0.3125 0 0
0.3125 0 0
0.3125 0 0
0.25 0 0
0.3125 0 0
0.25 0 0
0.3125 0 0
0.25 0 0
0.4375 0 0
0.4375 0 0
0.03125 0 0
0.03125 0 0
0.03125 0 0
0.03125 0 0
0.3125 0 0
0.25 0 0
0.3125 0 0
0.3125 0 0
0.25 0 0
0.3125 0 0
0.25 0 0
0.3125 0 0
0.25 0 0
0.3125 0 0
0.25 0 0
0.3125 0 0
0.3125 0 0
0.25 0 0
0.3125 0 0
0.25 0 0
0.3125 0 0
0.25 0 0
0.3125 0 0
0.3125 0 0
0.3125 0 0
0.3125 0 0
0.3125 0 0
0.3125 0 0
0.3125 0 0
0.3125 0 0
0.03125 0 0
0.03125 0 0
0.3125 0 0
0.3125 0 0
0.3125 0 0
0.3125 0 0
0.3125 0 0
0.3125 0 0
0.3125 0 0
0.25 0 0
0.3125 0 0
0.3125 0 0
0.3125 0 0
0.25 0 0
0.3125 0 0
0.25 0 0
0.3125 0 0
0.25 0 0
0.4375 0 0
0.4375 0 0
0.03125 0 0
0.03125 0 0
0.03125 0 0
0.03125 0 0
0.3125 0 0
0.25 0 0
0.3125 0 0
0.3125 0 0
0.25 0 0
0.3125 0 0
0.25 0 0
0.3125 0 0
0.25 0 0
0.3125 0 0
0.25 0 0
0.3125 0 0
0.3125 0 0
0.25 0 0
0.3125 0 0
0.25 0 0
0.3125 0 0
0.25 0 0
0.3125 0 0
0.3125 0 0
0.3125 0 0
0.3125 0 0
0.3125 0 0
0.3125 0 0
0.3125 0 0
0.3125 0 0
0.03125 0 0
0.03125 0 0
0.3125 0 0
0.3125 0 0
0.3125 0 0
0.3125 0 0
0.3125 0 0
0.3125 0 0
0.3125 0 0
0.25 0 0
0.3125 0 0
0.3125 0 0
0.3125 0 0
0.25 0 0
0.3125 0 0
0.25 0 0
0.3125 0 0
0.25 0 0
0.03125 0 0
0.03125 0 0
0.3125 0 0
0.25 0 0
0.3125 0 0
0.3125 0 0
0.3125 0 0
0.25 0 0
0.3125 0 0
0.25 0 0
0.3125 0 0
0.25 0 0
0.03125 0 0
0.03125 0 0
0.3125 0 0
0.25 0 0
0.3125 0 0
0.3125 0 0
0.3125 0 0
0.25 0 0
0.3125 0 0
0.25 0 0
0.3125 0 0
0.25 0 0
0.03125 0 0
0.03125 0 0
0.3125 0 0
0.25 0 0
0.3125 0 0
0.3125 0 0
0.3125 0 0
0.25 0 0
0.3125 0 0
0.25 0 0
0.3125 0 0
0.25 0 0
0.03125 0 0
0.03125 0 0
0.3125 0 0
0.25 0 0
0.3125 0 0
0.3125 0 0
0.3125 0 0
0.25 0 0
0.3125 0 0
0.25 0 0
0.3125 0 0
0.25 0 0
0.03125 0 0
0.03125 0 0
0.3125 0 0
0.25 0 0
0.3125 0 0
0.3125 0 0
0.3125 0 0
0.25 0 0
0.3125 0 0
0.25 0 0
0.3125 0 0
0.25 0 0
0.03125 0 0
0.03125 0 0
0.3125 0 0
0.25 0 0
0.3125 0 0
0.3125 0 0
0.3125 0 0
0.25 0 0
0.3125 0 0
0.25 0 0
0.3125 0 0
0.25 0 0
0.4375 0 0
0.4375 0 0
0.4375 0 0
0.03125 0 0
0.03125 0 0
0.03125 0 0
0.03125 0 0
0.03125 0 0
0.3125 0 0
0.25 0 0
0.3125 0 0
0.3125 0 0
0.25 0 0
0.3125 0 0
0.25 0 0
0.3125 0 0
0.25 0 0
0.3125 0 0
0.25 0 0
0.3125 0 0
0.3125 0 0
0.25 0 0
0.3125 0 0
0.25 0 0
0.3125 0 0
0.25 0 0
0.3125 0 0
0.3125 0 0
0.3125 0 0
0.3125 0 0
0.3125 0 0
0.3125 0 0
0.3125 0 0
0.3125 0 0
0.03125 0 0
0.03125 0 0
0.3125 0 0
0.3125 0 0
0.3125 0 0
0.3125 0 0
0.3125 0 0
0.3125 0 0
0.3125 0 0
0.25 0 0
0.3125 0 0
0.3125 0 0
0.3125 0 0
0.25 0 0
0.3125 0 0
0.25 0 0
0.3125 0 0
0.25 0 0
0.4375 0 0
0.4375 0 0
0.03125 0 0
0.03125 0 0
0.03125 0 0
0.03125 0 0
0.3125 0 0
0.25 0 0
0.3125 0 0
0.3125 0 0
0.25 0 0
0.3125 0 0
0.25 0 0
0.3125 0 0
0.25 0 0
0.3125 0 0
0.25 0 0
0.3125 0 0
0.3125 0 0
0.25 0 0
0.3125 0 0
0.25 0 0
0.3125 0 0
0.25 0 0
0.3125 0 0
0.3125 0 0
0.3125 0 0
0.3125 0 0
0.3125 0 0
0.3125 0 0
0.3125 0 0
0.3125 0 0
0.03125 0 0
0.03125 0 0
0.3125 0 0
0.3125 0 0
0.3125 0 0
0.3125 0 0
0.3125 0 0
0.3125 0 0
0.3125 0 0
0.25 0 0
0.3125 0 0
0.3125 0 0
0.3125 0 0
0.25 0 0
0.3125 0 0
0.25 0 0
0.3125 0 0
0.25 0 0
0.4375 0 0
0.4375 0 0
0.4375 0 0
0.4375 0 0
0.03125 0 0
0.03125 0 0
0.03125 0 0
0.03125 0 0
0.03125 0 0
0.03125 0 0
0.3125 0 0
0.25 0 0
0.3125 0 0
0.3125 0 0
0.25 0 0
0.3125 0 0
0.25 0 0
0.3125 0 0
0.25 0 0
0.3125 0 0
0.25 0 0
0.3125 0 0
0.3125 0 0
0.25 0 0
0.3125 0 0
0.25 0 0
0.3125 0 0
0.25 0 0
0.3125 0 0
0.3125 0 0
0.3125 0 0
0.3125 0 0
0.3125 0 0
0.3125 0 0
0.3125 0 0
0.3125 0 0
0.03125 0 0
0.03125 0 0
0.3125 0 0
0.3125 0 0
0.3125 0 0
0.3125 0 0
0.3125 0 0
0.3125 0 0
0.3125 0 0
0.25 0 0
0.3125 0 0
0.3125 0 0
0.3125 0 0
0.25 0 0
0.3125 0 0
0.25 0 0
0.3125 0 0
0.25 0 0
0.4375 0 0
0.4375 0 0
0.4375 0 0
0.03125 0 0
0.03125 0 0
0.03125 0 0
0.03125 0 0
0.03125 0 0
0.3125 0 0
0.25 0 0
0.3125 0 0
0.3125 0 0
0.25 0 0
0.3125 0 0
0.25 0 0
0.3125 0 0
0.25 0 0
0.3125 0 0
0.25 0 0
0.3125 0 0
0.3125 0 0
0.25 0 0
0.3125 0 0
0.25 0 0
0.3125 0 0
0.25 0 0
0.3125 0 0
0.3125 0 0
0.3125 0 0
0.3125 0 0
0.3125 0 0
0.3125 0 0
0.3125 0 0
0.3125 0 0
0.03125 0 0
0.03125 0 0
0.3125 0 0
0.3125 0 0
0.3125 0 0
0.3125 0 0
0.3125 0 0
0.3125 0 0
0.3125 0 0
0.25 0 0
0.3125 0 0
0.3125 0 0
0.3125 0 0
0.25 0 0
0.3125 0 0
0.25 0 0
0.3125 0 0
0.25 0 0
0.4375 0 0
0.4375 0 0
0.03125 0 0
0.03125 0 0
0.03125 0 0
0.03125 0 0
0.3125 0 0
0.25 0 0
0.3125 0 0
0.3125 0 0
0.25 0 0
0.3125 0 0
0.25 0 0
0.3125 0 0
0.25 0 0
0.3125 0 0
0.25 0 0
0.3125 0 0
0.3125 0 0
0.25 0 0
0.3125 0 0
0.25 0 0
0.3125 0 0
0.25 0 0
0.3125 0 0
0.3125 0 0
0.3125 0 0
0.3125 0 0
0.3125 0 0
0.3125 0 0
0.3125 0 0
0.3125 0 0
0.03125 0 0
0.03125 0 0
0.3125 0 0
0.3125 0 0
0.3125 0 0
0.3125 0 0
0.3125 0 0
0.3125 0 0
0.3125 0 0
0.25 0 0
0.3125 0 0
0.3125 0 0
0.3125 0 0
0.25 0 0
0.3125 0 0
0.25 0 0
0.3125 0 0
0.25 0 0
0.4375 0 0
0.4375 0 0
0.4375 0 0
0.4375 0 0
0.03125 0 0
0.03125 0 0
0.03125 0 0
0.03125 0 0
0.03125 0 0
0.03125 0 0
0.3125 0 0
0.25 0 0
0.3125 0 0
0.3125 0 0
0.25 0 0
0.3125 0 0
0.25 0 0
0.3125 0 0
0.25 0 0
0.3125 0 0
0.25 0 0
0.3125 0 0
0.3125 0 0
0.25 0 0
0.3125 0 0
0.25 0 0
0.3125 0 0
0.25 0 0
0.3125 0 0
0.3125 0 0
0.3125 0 0
0.3125 0 0
0.3125 0 0
0.3125 0 0
0.3125 0 0
0.3125 0 0
0.03125 0 0
0.03125 0 0
0.3125 0 0
0.3125 0 0
0.3125 0 0
0.3125 0 0
0.3125 0 0
0.3125 0 0
0.3125 0 0
0.25 0 0
0.3125 0 0
0.3125 0 0
0.3125 0 0
0.25 0 0
0.3125 0 0
0.25 0 0
0.3125 0 0
0.25 0 0
0.03125 0 0
0.03125 0 0
0.3125 0 0
0.25 0 0
0.3125 0 0
0.3125 0 0
0.3125 0 0
0.25 0 0
0.3125 0 0
0.25 0 0
0.3125 0 0
0.25 0 0
0.03125 0 0
0.03125 0 0
0.3125 0 0
0.25 0 0
0.3125 0 0
0.3125 0 0
0.3125 0 0
0.25 0 0
0.3125 0 0
0.25 0 0
0.3125 0 0
0.25 0 0
0.03125 0 0
0.03125 0 0
0.3125 0 0
0.25 0 0
0.3125 0 0
0.3125 0 0
0.3125 0 0
0.25 0 0
0.3125 0 0
0.25 0 0
0.3125 0 0
0.25 0 0
0.03125 0 0
0.03125 0 0
0.3125 0 0
0.25 0 0
0.3125 0 0
0.3125 0 0
0.3125 0 0
0.25 0 0
0.3125 0 0
0.25 0 0
0.3125 0 0
0.25 0 0
0.03125 0 0
0.03125 0 0
0.3125 0 0
0.25 0 0
0.3125 0 0
0.3125 0 0
0.3125 0 0
0.25 0 0
0.3125 0 0
0.25 0 0
0.3125 0 0
0.25 0 0
0.03125 0 0
0.03125 0 0
0.3125 0 0
0.25 0 0
0.3125 0 0
0.3125 0 0
0.3125 0 0
0.25 0 0
0.3125 0 0
0.25 0 0
0.3125 0 0
0.25 0 0
0.4375 0 0
0.4375 0 0
0.4375 0 0
0.03125 0 0
0.03125 0 0
0.03125 0 0
0.03125 0 0
0.03125 0 0
0.3125 0 0
0.25 0 0
0.3125 0 0
0.3125 0 0
0.25 0 0
0.3125 0 0
0.25 0 0
0.3125 0 0
0.25 0 0
0.3125 0 0
0.25 0 0
0.3125 0 0
0.3125 0 0
0.25 0 0
0.3125 0 0
0.25 0 0
0.3125 0 0
0.25 0 0
0.3125 0 0
0.3125 0 0
0.3125 0 0
0.3125 0 0
0.3125 0 0
0.3125 0 0
0.3125 0 0
0.3125 0 0
0.03125 0 0
0.03125 0 0
0.3125 0 0
0.3125 0 0
0.3125 0 0
0.3125 0 0
0.3125 0 0
0.3125 0 0
0.3125 0 0
0.25 0 0
0.3125 0 0
0.3125 0 0
0.3125 0 0
0.25 0 0
0.3125 0 0
0.25 0 0
0.3125 0 0
0.25 0 0
0.4375 0 0
0.4375 0 0
0.03125 0 0
0.03125 0 0
0.03125 0 0
0.03125 0 0
0.3125 0 0
0.25 0 0
0.3125 0 0
0.3125 0 0
0.25 0 0
0.3125 0 0
0.25 0 0
0.3125 0 0
0.25 0 0
0.3125 0 0
0.25 0 0
0.3125 0 0
0.3125 0 0
0.25 0 0
0.3125 0 0
0.25 0 0
0.3125 0 0
0.25 0 0
0.3125 0 0
0.3125 0 0
0.3125 0 0
0.3125 0 0
0.3125 0 0
0.3125 0 0
0.3125 0 0
0.3125 0 0
0.03125 0 0
0.03125 0 0
0.3125 0 0
0.3125 0 0
0.3125 0 0
0.3125 0 0
0.3125 0 0
0.3125 0 0
0.3125 0 0
0.25 0 0
0.3125 0 0
0.3125 0 0
0.3125 0 0
0.25 0 0
0.3125 0 0
0.25 0 0
0.3125 0 0
0.25 0 0
0.4375 0 0
0.4375 0 0
0.4375 0 0
0.4375 0 0
0.03125 0 0
0.03125 0 0
0.03125 0 0
0.03125 0 0
0.03125 0 0
0.03125 0 0
0.3125 0 0
0.25 0 0
0.3125 0 0
0.3125 0 0
0.25 0 0
0.3125 0 0
0.25 0 0
0.3125 0 0
0.25 0 0
0.3125 0 0
0.25 0 0
0.3125 0 0
0.3125 0 0
0.25 0 0
0.3125 0 0
0.25 0 0
0.3125 0 0
0.25 0 0
0.3125 0 0
0.3125 0 0
0.3125 0 0
0.3125 0 0
0.3125 0 0
0.3125 0 0
0.3125 0 0
0.3125 0 0
0.03125 0 0
0.03125 0 0
0.3125 0 0
0.3125 0 0
0.3125 0 0
0.3125 0 0
0.3125 0 0
0.3125 0 0
0.3125 0 0
0.25 0 0
0.3125 0 0
0.3125 0 0
0.3125 0 0
0.25 0 0
0.3125 0 0
0.25 0 0
0.3125 0 0
0.25 0 0
0.4375 0 0
0.4375 0 0
0.4375 0 0
0.03125 0 0
0.03125 0 0
0.03125 0 0
0.03125 0 0
0.03125 0 0
0.3125 0 0
0.25 0 0
0.3125 0 0
0.3125 0 0
0.25 0 0
0.3125 0 0
0.25 0 0
0.3125 0 0
0.25 0 0
0.3125 0 0
0.25 0 0
0.3125 0 0
0.3125 0 0
0.25 0 0
0.3125 0 0
0.25 0 0
0.3125 0 0
0.25 0 0
0.3125 0 0
0.3125 0 0
0.3125 0 0
0.3125 0 0
0.3125 0 0
0.3125 0 0
0.3125 0 0
0.3125 0 0
0.03125 0 0
0.03125 0 0
0.3125 0 0
0.3125 0 0
0.3125 0 0
0.3125 0 0
0.3125 0 0
0.3125 0 0
0.3125 0 0
0.25 0 0
0.3125 0 0
0.3125 0 0
0.3125 0 0
0.25 0 0
0.3125 0 0
0.25 0 0
0.3125 0 0
0.25 0 0
0.4375 0 0
0.4375 0 0
0.03125 0 0
0.03125 0 0
0.03125 0 0
0.03125 0 0
0.3125 0 0
0.25 0 0
0.3125 0 0
0.3125 0 0
0.25 0 0
0.3125 0 0
0.25 0 0
0.3125 0 0
0.25 0 0
0.3125 0 0
0.25 0 0
0.3125 0 0
0.3125 0 0
0.25 0 0
0.3125 0 0
0.25 0 0
0.3125 0 0
0.25 0 0
0.3125 0 0
0.3125 0 0
0.3125 0 0
0.3125 0 0
0.3125 0 0
0.3125 0 0
0.3125 0 0
0.3125 0 0
0.03125 0 0
0.03125 0 0
0.3125 0 0
0.3125 0 0
0.3125 0 0
0.3125 0 0
0.3125 0 0
0.3125 0 0
0.3125 0 0
0.25 0 0
0.3125 0 0
0.3125 0 0
0.3125 0 0
0.25 0 0
0.3125 0 0
0.25 0 0
0.3125 0 0
0.25 0 0
0.4375 0 0
0.4375 0 0
0.4375 0 0
0.4375 0 0
0.03125 0 0
0.03125 0 0
0.03125 0 0
0.03125 0 0
0.03125 0 0
0.03125 0 0
0.3125 0 0
0.25 0 0
0.3125 0 0
0.3125 0 0
0.25 0 0
0.3125 0 0
0.25 0 0
0.3125 0 0
0.25 0 0
0.3125 0 0
0.25 0 0
0.3125 0 0
0.3125 0 0
0.25 0 0
0.3125 0 0
0.25 0 0
0.3125 0 0
0.25 0 0
0.3125 0 0
0.3125 0 0
0.3125 0 0
0.3125 0 0
0.3125 0 0
0.3125 0 0
0.3125 0 0
0.3125 0 0
0.03125 0 0
0.03125 0 0
0.3125 0 0
0.3125 0 0
0.3125 0 0
0.3125 0 0
0.3125 0 0
0.3125 0 0
0.3125 0 0
0.25 0 0
0.3125 0 0
0.3125 0 0
0.3125 0 0
0.25 0 0
0.3125 0 0
0.25 0 0
0.3125 0 0
0.25 0 0
0.03125 0 0
0.03125 0 0
0.3125 0 0
0.25 0 0
0.3125 0 0
0.3125 0 0
0.3125 0 0
0.25 0 0
0.3125 0 0
0.25 0 0
0.3125 0 0
0.25 0 0
0.03125 0 0
0.03125 0 0
0.3125 0 0
0.25 0 0
0.3125 0 0
0.3125 0 0
0.3125 0 0
0.25 0 0
0.3125 0 0
0.25 0 0
0.3125 0 0
0.25 0 0
0.03125 0 0
0.03125 0 0
0.3125 0 0
0.25 0 0
0.3125 0 0
0.3125 0 0
0.3125 0 0
0.25 0 0
0.3125 0 0
0.25 0 0
0.3125 0 0
0.25 0 0
0.03125 0 0
0.03125 0 0
0.3125 0 0
0.25 0 0
0.3125 0 0
0.3125 0 0
0.3125 0 0
0.25 0 0
0.3125 0 0
0.25 0 0
0.3125 0 0
0.25 0 0
0.03125 0 0
0.03125 0 0
0.3125 0 0
0.25 0 0
0.3125 0 0
0.3125 0 0
0.3125 0 0
0.25 0 0
0.3125 0 0
0.25 0 0
0.3125 0 0
0.25 0 0
0.03125 0 0
0.03125 0 0
0.3125 0 0
0.25 0 0
0.3125 0 0
0.3125 0 0
0.3125 0 0
0.25 0 0
0.3125 0 0
0.25 0 0
0.3125 0 0
0.25 0 0
0.4375 0 0
0.4375 0 0
0.4375 0 0
0.4375 0 0
0.03125 0 0
0.03125 0 0
0.03125 0 0
0.03125 0 0
0.03125 0 0
0.03125 0 0
0.3125 0 0
0.25 0 0
0.3125 0 0
0.3125 0 0
0.25 0 0
0.3125 0 0
0.25 0 0
0.3125 0 0
0.25 0 0
0.3125 0 0
0.25 0 0
0.3125 0 0
0.3125 0 0
0.25 0 0
0.3125 0 0
0.25 0 0
0.3125 0 0
0.25 0 0
0.3125 0 0
0.3125 0 0
0.3125 0 0
0.3125 0 0
0.3125 0 0
0.3125 0 0
0.3125 0 0
0.3125 0 0
0.03125 0 0
0.03125 0 0
0.3125 0 0
0.3125 0 0
0.3125 0 0
0.3125 0 0
0.3125 0 0
0.3125 0 0
0.3125 0 0
0.25 0 0
0.3125 0 0
0.3125 0 0
0.3125 0 0
0.25 0 0
0.3125 0 0
0.25 0 0
0.3125 0 0
0.25 0 0
0.4375 0 0
0.4375 0 0
0.03125 0 0
0.03125 0 0
0.03125 0 0
0.03125 0 0
0.3125 0 0
0.25 0 0
0.3125 0 0
0.3125 0 0
0.25 0 0
0.3125 0 0
0.25 0 0
0.3125 0 0
0.25 0 0
0.3125 0 0
0.25 0 0
0.3125 0 0
0.3125 0 0
0.25 0 0
0.3125 0 0
0.25 0 0
0.3125 0 0
0.25 0 0
0.3125 0 0
0.3125 0 0
0.3125 0 0
0.3125 0 0
0.3125 0 0
0.3125 0 0
0.3125 0 0
0.3125 0 0
0.03125 0 0
0.03125 0 0
0.3125 0 0
0.3125 0 0
0.3125 0 0
0.3125 0 0
0.3125 0 0
0.3125 0 0
0.3125 0 0
0.25 0 0
0.3125 0 0
0.3125 0 0
0.3125 0 0
0.25 0 0
0.3125 0 0
0.25 0 0
0.3125 0 0
0.25 0 0
0.4375 0 0
0.4375 0 0
0.03125 0 0
0.03125 0 0
0.03125 0 0
0.03125 0 0
0.3125 0 0
0.25 0 0
0.3125 0 0
0.3125 0 0
0.25 0 0
0.3125 0 0
0.25 0 0
0.3125 0 0
0.25 0 0
0.3125 0 0
0.25 0 0
0.3125 0 0
0.3125 0 0
0.25 0 0
0.3125 0 0
0.25 0 0
0.3125 0 0
0.25 0 0
0.3125 0 0
0.3125 0 0
0.3125 0 0
0.3125 0 0
0.3125 0 0
0.3125 0 0
0.3125 0 0
0.3125 0 0
0.03125 0 0
0.03125 0 0
0.3125 0 0
0.3125 0 0
0.3125 0 0
0.3125 0 0
0.3125 0 0
0.3125 0 0
0.3125 0 0
0.25 0 0
0.3125 0 0
0.3125 0 0
0.3125 0 0
0.25 0 0
0.3125 0 0
0.25 0 0
0.3125 0 0
0.25 0 0
0.4375 0 0
0.4375 0 0
0.4375 0 0
0.4375 0 0
0.03125 0 0
0.03125 0 0
0.03125 0 0
0.03125 0 0
0.03125 0 0
0.03125 0 0
0.3125 0 0
0.25 0 0
0.3125 0 0
0.3125 0 0
0.25 0 0
0.3125 0 0
0.25 0 0
0.3125 0 0
0.25 0 0
0.3125 0 0
0.25 0 0
0.3125 0 0
0.3125 0 0
0.25 0 0
0.3125 0 0
0.25 0 0
0.3125 0 0
0.25 0 0
0.3125 0 0
0.3125 0 0
0.3125 0 0
0.3125 0 0
0.3125 0 0
0.3125 0 0
0.3125 0 0
0.3125 0 0
0.03125 0 0
0.03125 0 0
0.3125 0 0
0.3125 0 0
0.3125 0 0
0.3125 0 0
0.3125 0 0
0.3125 0 0
0.3125 0 0
0.25 0 0
0.3125 0 0
0.3125 0 0
0.3125 0 0
0.25 0 0
0.3125 0 0
0.25 0 0
0.3125 0 0
0.25 0 0
0.4375 0 0
0.4375 0 0
0.03125 0 0
0.03125 0 0
0.03125 0 0
0.03125 0 0
0.3125 0 0
0.25 0 0
0.3125 0 0
0.3125 0 0
0.25 0 0
0.3125 0 0
0.25 0 0
0.3125 0 0
0.25 0 0
0.3125 0 0
0.25 0 0
0.3125 0 0
0.3125 0 0
0.25 0 0
0.3125 0 0
0.25 0 0
0.3125 0 0
0.25 0 0
0.3125 0 0
0.3125 0 0
0.3125 0 0
0.3125 0 0
0.3125 0 0
0.3125 0 0
0.3125 0 0
0.3125 0 0
0.03125 0 0
0.03125 0 0
0.3125 0 0
0.3125 0 0
0.3125 0 0
0.3125 0 0
0.3125 0 0
0.3125 0 0
0.3125 0 0
0.25 0 0
0.3125 0 0
0.3125 0 0
0.3125 0 0
0.25 0 0
0.3125 0 0
0.25 0 0
0.3125 0 0
0.25 0 0
0.4375 0 0
0.4375 0 0
0.03125 0 0
0.03125 0 0
0.03125 0 0
0.03125 0 0
0.3125 0 0
0.25 0 0
0.3125 0 0
0.3125 0 0
0.25 0 0
0.3125 0 0
0.25 0 0
0.3125 0 0
0.25 0 0
0.3125 0 0
0.25 0 0
0.3125 0 0
0.3125 0 0
0.25 0 0
0.3125 0 0
0.25 0 0
0.3125 0 0
0.25 0 0
0.3125 0 0
0.3125 0 0
0.3125 0 0
0.3125 0 0
0.3125 0 0
0.3125 0 0
0.3125 0 0
0.3125 0 0
0.03125 0 0
0.03125 0 0
0.3125 0 0
0.3125 0 0
0.3125 0 0
0.3125 0 0
0.3125 0 0
0.3125 0 0
0.3125 0 0
0.25 0 0
0.3125 0 0
0.3125 0 0
0.3125 0 0
0.25 0 0
0.3125 0 0
0.25 0 0
0.3125 0 0
0.25 0 0
0.03125 0 0
0.03125 0 0
0.3125 0 0
0.25 0 0
0.3125 0 0
0.3125 0 0
0.3125 0 0
0.25 0 0
0.3125 0 0
0.25 0 0
0.3125 0 0
0.25 0 0
0.03125 0 0
0.03125 0 0
0.3125 0 0
0.25 0 0
0.3125 0 0
0.3125 0 0
0.3125 0 0
0.25 0 0
0.3125 0 0
0.25 0 0
0.3125 0 0
0.25 0 0
0.03125 0 0
0.03125 0 0
0.3125 0 0
0.25 0 0
0.3125 0 0
0.3125 0 0
0.3125 0 0
0.25 0 0
0.3125 0 0
0.25 0 0
0.3125 0 0
0.25 0 0
0.03125 0 0
0.03125 0 0
0.3125 0 0
0.25 0 0
0.3125 0 0
0.3125 0 0
0.3125 0 0
0.25 0 0
0.3125 0 0
0.25 0 0
0.3125 0 0
0.25 0 0
0.03125 0 0
0.03125 0 0
0.3125 0 0
0.25 0 0
0.3125 0 0
0.3125 0 0
0.3125 0 0
0.25 0 0
0.3125 0 0
0.25 0 0
0.3125 0 0
0.25 0 0
0.03125 0 0
0.03125 0 0
0.3125 0 0
0.25 0 0
0.3125 0 0
0.3125 0 0
0.3125 0 0
0.25 0 0
0.3125 0 0
0.25 0 0
0.3125 0 0
0.25 0 0
0.4375 0 0
0.4375 0 0
0.4375 0 0
0.03125 0 0
0.03125 0 0
0.03125 0 0
0.03125 0 0
0.03125 0 0
0.3125 0 0
0.25 0 0
0.3125 0 0
0.3125 0 0
0.25 0 0
0.3125 0 0
0.25 0 0
0.3125 0 0
0.25 0 0
0.3125 0 0
0.25 0 0
0.3125 0 0
0.3125 0 0
0.25 0 0
0.3125 0 0
0.25 0 0
0.3125 0 0
0.25 0 0
0.3125 0 0
0.3125 0 0
0.3125 0 0
0.3125 0 0
0.3125 0 0
0.3125 0 0
0.3125 0 0
0.3125 0 0
0.03125 0 0
0.03125 0 0
0.3125 0 0
0.3125 0 0
0.3125 0 0
0.3125 0 0
0.3125 0 0
0.3125 0 0
0.3125 0 0
0.25 0 0
0.3125 0 0
0.3125 0 0
0.3125 0 0
0.25 0 0
0.3125 0 0
0.25 0 0
0.3125 0 0
0.25 0 0
0.4375 0 0
0.4375 0 0
0.03125 0 0
0.03125 0 0
0.03125 0 0
0.03125 0 0
0.3125 0 0
0.25 0 0
0.3125 0 0
0.3125 0 0
0.25 0 0
0.3125 0 0
0.25 0 0
0.3125 0 0
0.25 0 0
0.3125 0 0
0.25 0 0
0.3125 0 0
0.3125 0 0
0.25 0 0
0.3125 0 0
0.25 0 0
0.3125 0 0
0.25 0 0
0.3125 0 0
0.3125 0 0
0.3125 0 0
0.3125 0 0
0.3125 0 0
0.3125 0 0
0.3125 0 0
0.3125 0 0
0.03125 0 0
0.03125 0 0
0.3125 0 0
0.3125 0 0
0.3125 0 0
0.3125 0 0
0.3125 0 0
0.3125 0 0
0.3125 0 0
0.25 0 0
0.3125 0 0
0.3125 0 0
0.3125 0 0
0.25 0 0
0.3125 0 0
0.25 0 0
0.3125 0 0
0.25 0 0
0.4375 0 0
0.4375 0 0
0.4375 0 0
0.4375 0 0
0.03125 0 0
0.03125 0 0
0.03125 0 0
0.03125 0 0
0.03125 0 0
0.03125 0 0
0.3125 0 0
0.25 0 0
0.3125 0 0
0.3125 0 0
0.25 0 0
0.3125 0 0
0.25 0 0
0.3125 0 0
0.25 0 0
0.3125 0 0
0.25 0 0
0.3125 0 0
0.3125 0 0
0.25 0 0
0.3125 0 0
0.25 0 0
0.3125 0 0
0.25 0 0
0.3125 0 0
0.3125 0 0
0.3125 0 0
0.3125 0 0
0.3125 0 0
0.3125 0 0
0.3125 0 0
0.3125 0 0
0.03125 0 0
0.03125 0 0
0.3125 0 0
0.3125 0 0
0.3125 0 0
0.3125 0 0
0.3125 0 0
0.3125 0 0
0.3125 0 0
0.25 0 0
0.3125 0 0
0.3125 0 0
0.3125 0 0
0.25 0 0
0.3125 0 0
0.25 0 0
0.3125 0 0
0.25 0 0
0.4375 0 0
0.4375 0 0
0.4375 0 0
0.03125 0 0
0.03125 0 0
0.03125 0 0
0.03125 0 0
0.03125 0 0
0.3125 0 0
0.25 0 0
0.3125 0 0
0.3125 0 0
0.25 0 0
0.3125 0 0
0.25 0 0
0.3125 0 0
0.25 0 0
0.3125 0 0
0.25 0 0
0.3125 0 0
0.3125 0 0
0.25 0 0
0.3125 0 0
0.25 0 0
0.3125 0 0
0.25 0 0
0.3125 0 0
0.3125 0 0
0.3125 0 0
0.3125 0 0
0.3125 0 0
0.3125 0 0
0.3125 0 0
0.3125 0 0
0.03125 0 0
0.03125 0 0
0.3125 0 0
0.3125 0 0
0.3125 0 0
0.3125 0 0
0.3125 0 0
0.3125 0 0
0.3125 0 0
0.25 0 0
0.3125 0 0
0.3125 0 0
0.3125 0 0
0.25 0 0
0.3125 0 0
0.25 0 0
0.3125 0 0
0.25 0 0
0.4375 0 0
0.4375 0 0
0.03125 0 0
0.03125 0 0
0.03125 0 0
0.03125 0 0
0.3125 0 0
0.25 0 0
0.3125 0 0
0.3125 0 0
0.25 0 0
0.3125 0 0
0.25 0 0
0.3125 0 0
0.25 0 0
0.3125 0 0
0.25 0 0
0.3125 0 0
0.3125 0 0
0.25 0 0
0.3125 0 0
0.25 0 0
0.3125 0 0
0.25 0 0
0.3125 0 0
0.3125 0 0
0.3125 0 0
0.3125 0 0
0.3125 0 0
0.3125 0 0
0.3125 0 0
0.3125 0 0
0.03125 0 0
0.03125 0 0
0.3125 0 0
0.3125 0 0
0.3125 0 0
0.3125 0 0
0.3125 0 0
0.3125 0 0
0.3125 0 0
0.25 0 0
0.3125 0 0
0.3125 0 0
0.3125 0 0
0.25 0 0
0.3125 0 0
0.25 0 0
0.3125 0 0
0.25 0 0
0.4375 0 0
0.4375 0 0
0.4375 0 0
0.4375 0 0
0.03125 0 0
0.03125 0 0
0.03125 0 0
0.03125 0 0
0.03125 0 0
0.03125 0 0
0.3125 0 0
0.25 0 0
0.3125 0 0
0.3125 0 0
0.25 0 0
0.3125 0 0
0.25 0 0
0.3125 0 0
0.25 0 0
0.3125 0 0
0.25 0 0
0.3125 0 0
0.3125 0 0
0.25 0 0
0.3125 0 0
0.25 0 0
0.3125 0 0
0.25 0 0
0.3125 0 0
0.3125 0 0
0.3125 0 0
0.3125 0 0
0.3125 0 0
0.3125 0 0
0.3125 0 0
0.3125 0 0
0.03125 0 0
0.03125 0 0
0.3125 0 0
0.3125 0 0
0.3125 0 0
0.3125 0 0
0.3125 0 0
0.3125 0 0
0.3125 0 0
0.25 0 0
0.3125 0 0
0.3125 0 0
0.3125 0 0
0.25 0 0
0.3125 0 0
0.25 0 0
0.3125 0 0
0.25 0 0
0.03125 0 0
0.03125 0 0
0.3125 0 0
0.25 0 0
0.3125 0 0
0.3125 0 0
0.3125 0 0
0.25 0 0
0.3125 0 0
0.25 0 0
0.3125 0 0
0.25 0 0
0.03125 0 0
0.03125 0 0
0.3125 0 0
0.25 0 0
0.3125 0 0
0.3125 0 0
0.3125 0 0
0.25 0 0
0.3125 0 0
0.25 0 0
0.3125 0 0
0.25 0 0
0.03125 0 0
0.03125 0 0
0.3125 0 0
0.25 0 0
0.3125 0 0
0.3125 0 0
0.3125 0 0
0.25 0 0
0.3125 0 0
0.25 0 0
0.3125 0 0
0.25 0 0
0.03125 0 0
0.03125 0 0
0.3125 0 0
0.25 0 0
0.3125 0 0
0.3125 0 0
0.3125 0 0
0.25 0 0
0.3125 0 0
0.25 0 0
0.3125 0 0
0.25 0 0
0.03125 0 0
0.03125 0 0
0.3125 0 0
0.25 0 0
0.3125 0 0
0.3125 0 0
0.3125 0 0
0.25 0 0
0.3125 0 0
0.25 0 0
0.3125 0 0
0.25 0 0
0.03125 0 0
0.03125 0 0
0.3125 0 0
0.25 0 0
0.3125 0 0
0.3125 0 0
0.3125 0 0
0.25 0 0
0.3125 0 0
0.25 0 0
0.3125 0 0
0.25 0 0
0.4375 0 0
0.4375 0 0
0.4375 0 0
0.03125 0 0
0.03125 0 0
0.03125 0 0
0.03125 0 0
0.03125 0 0
0.3125 0 0
0.25 0 0
0.3125 0 0
0.3125 0 0
0.25 0 0
0.3125 0 0
0.25 0 0
0.3125 0 0
0.25 0 0
0.3125 0 0
0.25 0 0
0.3125 0 0
0.3125 0 0
0.25 0 0
0.3125 0 0
0.25 0 0
0.3125 0 0
0.25 0 0
0.3125 0 0
0.3125 0 0
0.3125 0 0
0.3125 0 0
0.3125 0 0
0.3125 0 0
0.3125 0 0
0.3125 0 0
0.03125 0 0
0.03125 0 0
0.3125 0 0
0.3125 0 0
0.3125 0 0
0.3125 0 0
0.3125 0 0
0.3125 0 0
0.3125 0 0
0.25 0 0
0.3125 0 0
0.3125 0 0
0.3125 0 0
0.25 0 0
0.3125 0 0
0.25 0 0
0.3125 0 0
0.25 0 0
0.4375 0 0
0.4375 0 0
0.03125 0 0
0.03125 0 0
0.03125 0 0
0.03125 0 0
0.3125 0 0
0.25 0 0
0.3125 0 0
0.3125 0 0
0.25 0 0
0.3125 0 0
0.25 0 0
0.3125 0 0
0.25 0 0
0.3125 0 0
0.25 0 0
0.3125 0 0
0.3125 0 0
0.25 0 0
0.3125 0 0
0.25 0 0
0.3125 0 0
0.25 0 0
0.3125 0 0
0.3125 0 0
0.3125 0 0
0.3125 0 0
0.3125 0 0
0.3125 0 0
0.3125 0 0
0.3125 0 0
0.03125 0 0
0.03125 0 0
0.3125 0 0
0.3125 0 0
0.3125 0 0
0.3125 0 0
0.3125 0 0
0.3125 0 0
0.3125 0 0
0.25 0 0
0.3125 0 0
0.3125 0 0
0.3125 0 0
0.25 0 0
0.3125 0 0
0.25 0 0
0.3125 0 0
0.25 0 0
0.4375 0 0
0.4375 0 0
0.4375 0 0
0.4375 0 0
0.03125 0 0
0.03125 0 0
0.03125 0 0
0.03125 0 0
0.03125 0 0
0.03125 0 0
0.3125 0 0
0.25 0 0
0.3125 0 0
0.3125 0 0
0.25 0 0
0.3125 0 0
0.25 0 0
0.3125 0 0
0.25 0 0
0.3125 0 0
0.25 0 0
0.3125 0 0
0.3125 0 0
0.25 0 0
0.3125 0 0
0.25 0 0
0.3125 0 0
0.25 0 0
0.3125 0 0
0.3125 0 0
0.3125 0 0
0.3125 0 0
0.3125 0 0
0.3125 0 0
0.3125 0 0
0.3125 0 0
0.03125 0 0
0.03125 0 0
0.3125 0 0
0.3125 0 0
0.3125 0 0
0.3125 0 0
0.3125 0 0
0.3125 0 0
0.3125 0 0
0.25 0 0
0.3125 0 0
0.3125 0 0
0.3125 0 0
0.25 0 0
0.3125 0 0
0.25 0 0
0.3125 0 0
0.25 0 0
0.4375 0 0
0.4375 0 0
0.4375 0 0
0.03125 0 0
0.03125 0 0
0.03125 0 0
0.03125 0 0
0.03125 0 0
0.3125 0 0
0.25 0 0
0.3125 0 0
0.3125 0 0
0.25 0 0
0.3125 0 0
0.25 0 0
0.3125 0 0
0.25 0 0
0.3125 0 0
0.25 0 0
0.3125 0 0
0.3125 0 0
0.25 0 0
0.3125 0 0
0.25 0 0
0.3125 0 0
0.25 0 0
0.3125 0 0
0.3125 0 0
0.3125 0 0
0.3125 0 0
0.3125 0 0
0.3125 0 0
0.3125 0 0
0.3125 0 0
0.03125 0 0
0.03125 0 0
0.3125 0 0
0.3125 0 0
0.3125 0 0
0.3125 0 0
0.3125 0 0
0.3125 0 0
0.3125 0 0
0.25 0 0
0.3125 0 0
0.3125 0 0
0.3125 0 0
0.25 0 0
0.3125 0 0
0.25 0 0
0.3125 0 0
0.25 0 0
0.4375 0 0
0.4375 0 0
0.03125 0 0
0.03125 0 0
0.03125 0 0
0.03125 0 0
0.3125 0 0
0.25 0 0
0.3125 0 0
0.3125 0 0
0.25 0 0
0.3125 0 0
0.25 0 0
0.3125 0 0
0.25 0 0
0.3125 0 0
0.25 0 0
0.3125 0 0
0.3125 0 0
0.25 0 0
0.3125 0 0
0.25 0 0
0.3125 0 0
0.25 0 0
0.3125 0 0
0.3125 0 0
0.3125 0 0
0.3125 0 0
0.3125 0 0
0.3125 0 0
0.3125 0 0
0.3125 0 0
0.03125 0 0
0.03125 0 0
0.3125 0 0
0.3125 0 0
0.3125 0 0
0.3125 0 0
0.3125 0 0
0.3125 0 0
0.3125 0 0
0.25 0 0
0.3125 0 0
0.3125 0 0
0.3125 0 0
0.25 0 0
0.3125 0 0
0.25 0 0
0.3125 0 0
0.25 0 0
0.4375 0 0
0.4375 0 0
0.4375 0 0
0.4375 0 0
0.03125 0 0
0.03125 0 0
0.03125 0 0
0.03125 0 0
0.03125 0 0
0.03125 0 0
0.3125 0 0
0.25 0 0
0.3125 0 0
0.3125 0 0
0.25 0 0
0.3125 0 0
0.25 0 0
0.3125 0 0
0.25 0 0
0.3125 0 0
0.25 0 0
0.3125 0 0
0.3125 0 0
0.25 0 0
0.3125 0 0
0.25 0 0
0.3125 0 0
0.25 0 0
0.3125 0 0
0.3125 0 0
0.3125 0 0
0.3125 0 0
0.3125 0 0
0.3125 0 0
0.3125 0 0
0.3125 0 0
0.03125 0 0
0.03125 0 0
0.3125 0 0
0.3125 0 0
0.3125 0 0
0.3125 0 0
0.3125 0 0
0.3125 0 0
0.3125 0 0
0.25 0 0
0.3125 0 0
0.3125 0 0
0.3125 0 0
0.25 0 0
0.3125 0 0
0.25 0 0
0.3125 0 0
0.25 0 0
0.03125 0 0
0.03125 0 0
0.3125 0 0
0.25 0 0
0.3125 0 0
0.3125 0 0
0.3125 0 0
0.25 0 0
0.3125 0 0
0.25 0 0
0.3125 0 0
0.25 0 0
0.03125 0 0
0.03125 0 0
0.3125 0 0
0.25 0 0
0.3125 0 0
0.3125 0 0
0.3125 0 0
0.25 0 0
0.3125 0 0
0.25 0 0
0.3125 0 0
0.25 0 0
0.03125 0 0
0.03125 0 0
0.3125 0 0
0.25 0 0
0.3125 0 0
0.3125 0 0
0.3125 0 0
0.25 0 0
0.3125 0 0
0.25 0 0
0.3125 0 0
0.25 0 0
0.03125 0 0
0.03125 0 0
0.3125 0 0
0.25 0 0
0.3125 0 0
0.3125 0 0
0.3125 0 0
0.25 0 0
0.3125 0 0
0.25 0 0
0.3125 0 0
0.25 0 0
0.03125 0 0
0.03125 0 0
0.3125 0 0
0.25 0 0
0.3125 0 0
0.3125 0 0
0.3125 0 0
0.25 0 0
0.3125 0 0
0.25 0 0
0.3125 0 0
0.25 0 0
0.03125 0 0
0.03125 0 0
0.3125 0 0
0.25 0 0
0.3125 0 0
0.3125 0 0
0.3125 0 0
0.25 0 0
0.3125 0 0
0.25 0 0
0.3125 0 0
0.25 0 0
0.4375 0 0
0.4375 0 0
0.4375 0 0
0.4375 0 0
0.03125 0 0
0.03125 0 0
0.03125 0 0
0.03125 0 0
0.03125 0 0
0.03125 0 0
0.3125 0 0
0.25 0 0
0.3125 0 0
0.3125 0 0
0.25 0 0
0.3125 0 0
0.25 0 0
0.3125 0 0
0.25 0 0
0.3125 0 0
0.25 0 0
0.3125 0 0
0.3125 0 0
0.25 0 0
0.3125 0 0
0.25 0 0
0.3125 0 0
0.25 0 0
0.3125 0 0
0.3125 0 0
0.3125 0 0
0.3125 0 0
0.3125 0 0
0.3125 0 0
0.3125 0 0
0.3125 0 0
0.03125 0 0
0.03125 0 0
0.3125 0 0
0.3125 0 0
0.3125 0 0
0.3125 0 0
0.3125 0 0
0.3125 0 0
0.3125 0 0
0.25 0 0
0.3125 0 0
0.3125 0 0
0.3125 0 0
0.25 0 0
0.3125 0 0
0.25 0 0
0.3125 0 0
0.25 0 0
0.4375 0 0
0.4375 0 0
0.03125 0 0
0.03125 0 0
0.03125 0 0
0.03125 0 0
0.3125 0 0
0.25 0 0
0.3125 0 0
0.3125 0 0
0.25 0 0
0.3125 0 0
0.25 0 0
0.3125 0 0
0.25 0 0
0.3125 0 0
0.25 0 0
0.3125 0 0
0.3125 0 0
0.25 0 0
0.3125 0 0
0.25 0 0
0.3125 0 0
0.25 0 0
0.3125 0 0
0.3125 0 0
0.3125 0 0
0.3125 0 0
0.3125 0 0
0.3125 0 0
0.3125 0 0
0.3125 0 0
0.03125 0 0
0.03125 0 0
0.3125 0 0
0.3125 0 0
0.3125 0 0
0.3125 0 0
0.3125 0 0
0.3125 0 0
0.3125 0 0
0.25 0 0
0.3125 0 0
0.3125 0 0
0.3125 0 0
0.25 0 0
0.3125 0 0
0.25 0 0
0.3125 0 0
0.25 0 0
0.4375 0 0
0.4375 0 0
0.03125 0 0
0.03125 0 0
0.03125 0 0
0.03125 0 0
0.3125 0 0
0.25 0 0
0.3125 0 0
0.3125 0 0
0.25 0 0
0.3125 0 0
0.25 0 0
0.3125 0 0
0.25 0 0
0.3125 0 0
0.25 0 0
0.3125 0 0
0.3125 0 0
0.25 0 0
0.3125 0 0
0.25 0 0
0.3125 0 0
0.25 0 0
0.3125 0 0
0.3125 0 0
0.3125 0 0
0.3125 0 0
0.3125 0 0
0.3125 0 0
0.3125 0 0
0.3125 0 0
0.03125 0 0
0.03125 0 0
0.3125 0 0
0.3125 0 0
0.3125 0 0
0.3125 0 0
0.3125 0 0
0.3125 0 0
0.3125 0 0
0.25 0 0
0.3125 0 0
0.3125 0 0
0.3125 0 0
0.25 0 0
0.3125 0 0
0.25 0 0
0.3125 0 0
0.25 0 0
0.4375 0 0
0.4375 0 0
0.4375 0 0
0.4375 0 0
0.03125 0 0
0.03125 0 0
0.03125 0 0
0.03125 0 0
0.03125 0 0
0.03125 0 0
0.3125 0 0
0.25 0 0
0.3125 0 0
0.3125 0 0
0.25 0 0
0.3125 0 0
0.25 0 0
0.3125 0 0
0.25 0 0
0.3125 0 0
0.25 0 0
0.3125 0 0
0.3125 0 0
0.25 0 0
0.3125 0 0
0.25 0 0
0.3125 0 0
0.25 0 0
0.3125 0 0
0.3125 0 0
0.3125 0 0
0.3125 0 0
0.3125 0 0
0.3125 0 0
0.3125 0 0
0.3125 0 0
0.03125 0 0
0.03125 0 0
0.3125 0 0
0.3125 0 0
0.3125 0 0
0.3125 0 0
0.3125 0 0
0.3125 0 0
0.3125 0 0
0.25 0 0
0.3125 0 0
0.3125 0 0
0.3125 0 0
0.25 0 0
0.3125 0 0
0.25 0 0
0.3125 0 0
0.25 0 0
0.4375 0 0
0.4375 0 0
0.03125 0 0
0.03125 0 0
0.03125 0 0
0.03125 0 0
0.3125 0 0
0.25 0 0
0.3125 0 0
0.3125 0 0
0.25 0 0
0.3125 0 0
0.25 0 0
0.3125 0 0
0.25 0 0
0.3125 0 0
0.25 0 0
0.3125 0 0
0.3125 0 0
0.25 0 0
0.3125 0 0
0.25 0 0
0.3125 0 0
0.25 0 0
0.3125 0 0
0.3125 0 0
0.3125 0 0
0.3125 0 0
0.3125 0 0
0.3125 0 0
0.3125 0 0
0.3125 0 0
0.03125 0 0
0.03125 0 0
0.3125 0 0
0.3125 0 0
0.3125 0 0
0.3125 0 0
0.3125 0 0
0.3125 0 0
0.3125 0 0
0.25 0 0
0.3125 0 0
0.3125 0 0
0.3125 0 0
0.25 0 0
0.3125 0 0
0.25 0 0
0.3125 0 0
0.25 0 0
0.4375 0 0
0.4375 0 0
0.03125 0 0
0.03125 0 0
0.03125 0 0
0.03125 0 0
0.3125 0 0
0.25 0 0
0.3125 0 0
0.3125 0 0
0.25 0 0
0.3125 0 0
0.25 0 0
0.3125 0 0
0.25 0 0
0.3125 0 0
0.25 0 0
0.3125 0 0
0.3125 0 0
0.25 0 0
0.3125 0 0
0.25 0 0
0.3125 0 0
0.25 0 0
0.3125 0 0
0.3125 0 0
0.3125 0 0
0.3125 0 0
0.3125 0 0
0.3125 0 0
0.3125 0 0
0.3125 0 0
0.03125 0 0
0.03125 0 0
0.3125 0 0
0.3125 0 0
0.3125 0 0
0.3125 0 0
0.3125 0 0
0.3125 0 0
0.3125 0 0
0.25 0 0
0.3125 0 0
0.3125 0 0
0.3125 0 0
0.25 0 0
0.3125 0 0
0.25 0 0
0.3125 0 0
0.25 0 0
0.03125 0 0
0.03125 0 0
0.3125 0 0
0.25 0 0
0.3125 0 0
0.3125 0 0
0.3125 0 0
0.25 0 0
0.3125 0 0
0.25 0 0
0.3125 0 0
0.25 0 0
0.03125 0 0
0.03125 0 0
0.3125 0 0
0.25 0 0
0.3125 0 0
0.3125 0 0
0.3125 0 0
0.25 0 0
0.3125 0 0
0.25 0 0
0.3125 0 0
0.25 0 0
0.03125 0 0
0.03125 0 0
0.3125 0 0
0.25 0 0
0.3125 0 0
0.3125 0 0
0.3125 0 0
0.25 0 0
0.3125 0 0
0.25 0 0
0.3125 0 0
0.25 0 0
0.03125 0 0
0.03125 0 0
0.3125 0 0
0.25 0 0
0.3125 0 0
0.3125 0 0
0.3125 0 0
0.25 0 0
0.3125 0 0
0.25 0 0
0.3125 0 0
0.25 0 0
0.03125 0 0
0.03125 0 0
0.3125 0 0
0.25 0 0
0.3125 0 0
0.3125 0 0
0.3125 0 0
0.25 0 0
0.3125 0 0
0.25 0 0
0.3125 0 0
0.25 0 0
0.03125 0 0
0.03125 0 0
0.3125 0 0
0.25 0 0
0.3125 0 0
0.3125 0 0
0.3125 0 0
0.25 0 0
0.3125 0 0
0.25 0 0
0.3125 0 0
0.25 0 0
0.4375 0 0
0.4375 0 0
0.4375 0 0
0.03125 0 0
0.03125 0 0
0.03125 0 0
0.03125 0 0
0.03125 0 0
0.3125 0 0
0.25 0 0
0.3125 0 0
0.3125 0 0
0.25 0 0
0.3125 0 0
0.25 0 0
0.3125 0 0
0.25 0 0
0.3125 0 0
0.25 0 0
0.3125 0 0
0.3125 0 0
0.25 0 0
0.3125 0 0
0.25 0 0
0.3125 0 0
0.25 0 0
0.3125 0 0
0.3125 0 0
0.3125 0 0
0.3125 0 0
0.3125 0 0
0.3125 0 0
0.3125 0 0
0.3125 0 0
0.03125 0 0
0.03125 0 0
0.3125 0 0
0.3125 0 0
0.3125 0 0
0.3125 0 0
0.3125 0 0
0.3125 0 0
0.3125 0 0
0.25 0 0
0.3125 0 0
0.3125 0 0
0.3125 0 0
0.25 0 0
0.3125 0 0
0.25 0 0
0.3125 0 0
0.25 0 0
0.4375 0 0
0.4375 0 0
0.03125 0 0
0.03125 0 0
0.03125 0 0
0.03125 0 0
0.3125 0 0
0.25 0 0
0.3125 0 0
0.3125 0 0
0.25 0 0
0.3125 0 0
0.25 0 0
0.3125 0 0
0.25 0 0
0.3125 0 0
0.25 0 0
0.3125 0 0
0.3125 0 0
0.25 0 0
0.3125 0 0
0.25 0 0
0.3125 0 0
0.25 0 0
0.3125 0 0
0.3125 0 0
0.3125 0 0
0.3125 0 0
0.3125 0 0
0.3125 0 0
0.3125 0 0
0.3125 0 0
0.03125 0 0
0.03125 0 0
0.3125 0 0
0.3125 0 0
0.3125 0 0
0.3125 0 0
0.3125 0 0
0.3125 0 0
0.3125 0 0
0.25 0 0
0.3125 0 0
0.3125 0 0
0.3125 0 0
0.25 0 0
0.3125 0 0
0.25 0 0
0.3125 0 0
0.25 0 0
0.4375 0 0
0.4375 0 0
0.03125 0 0
0.03125 0 0
0.03125 0 0
0.03125 0 0
0.3125 0 0
0.25 0 0
0.3125 0 0
0.3125 0 0
0.25 0 0
0.3125 0 0
0.25 0 0
0.3125 0 0
0.25 0 0
0.3125 0 0
0.25 0 0
0.3125 0 0
0.3125 0 0
0.25 0 0
0.3125 0 0
0.25 0 0
0.3125 0 0
0.25 0 0
0.3125 0 0
0.3125 0 0
0.3125 0 0
0.3125 0 0
0.3125 0 0
0.3125 0 0
0.3125 0 0
0.3125 0 0
0.03125 0 0
0.03125 0 0
0.3125 0 0
0.3125 0 0
0.3125 0 0
0.3125 0 0
0.3125 0 0
0.3125 0 0
0.3125 0 0
0.25 0 0
0.3125 0 0
0.3125 0 0
0.3125 0 0
0.25 0 0
0.3125 0 0
0.25 0 0
0.3125 0 0
0.25 0 0
0.4375 0 0
0.4375 0 0
0.4375 0 0
0.03125 0 0
0.03125 0 0
0.03125 0 0
0.03125 0 0
0.03125 0 0
0.3125 0 0
0.25 0 0
0.3125 0 0
0.3125 0 0
0.25 0 0
0.3125 0 0
0.25 0 0
0.3125 0 0
0.25 0 0
0.3125 0 0
0.25 0 0
0.3125 0 0
0.3125 0 0
0.25 0 0
0.3125 0 0
0.25 0 0
0.3125 0 0
0.25 0 0
0.3125 0 0
0.3125 0 0
0.3125 0 0
0.3125 0 0
0.3125 0 0
0.3125 0 0
0.3125 0 0
0.3125 0 0
0.03125 0 0
0.03125 0 0
0.3125 0 0
0.3125 0 0
0.3125 0 0
0.3125 0 0
0.3125 0 0
0.3125 0 0
0.3125 0 0
0.25 0 0
0.3125 0 0
0.3125 0 0
0.3125 0 0
0.25 0 0
0.3125 0 0
0.25 0 0
0.3125 0 0
0.25 0 0
0.4375 0 0
0.4375 0 0
0.03125 0 0
0.03125 0 0
0.03125 0 0
0.03125 0 0
0.3125 0 0
0.25 0 0
0.3125 0 0
0.3125 0 0
0.25 0 0
0.3125 0 0
0.25 0 0
0.3125 0 0
0.25 0 0
0.3125 0 0
0.25 0 0
0.3125 0 0
0.3125 0 0
0.25 0 0
0.3125 0 0
0.25 0 0
0.3125 0 0
0.25 0 0
0.3125 0 0
0.3125 0 0
0.3125 0 0
0.3125 0 0
0.3125 0 0
0.3125 0 0
0.3125 0 0
0.3125 0 0
0.03125 0 0
0.03125 0 0
0.3125 0 0
0.3125 0 0
0.3125 0 0
0.3125 0 0
0.3125 0 0
0.3125 0 0
0.3125 0 0
0.25 0 0
0.3125 0 0
0.3125 0 0
0.3125 0 0
0.25 0 0
0.3125 0 0
0.25 0 0
0.3125 0 0
0.25 0 0
0.4375 0 0
0.4375 0 0
0.03125 0 0
0.03125 0 0
0.03125 0 0
0.03125 0 0
0.3125 0 0
0.25 0 0
0.3125 0 0
0.3125 0 0
0.25 0 0
0.3125 0 0
0.25 0 0
0.3125 0 0
0.25 0 0
0.3125 0 0
0.25 0 0
0.3125 0 0
0.3125 0 0
0.25 0 0
0.3125 0 0
0.25 0 0
0.3125 0 0
0.25 0 0
0.3125 0 0
0.3125 0 0
0.3125 0 0
0.3125 0 0
0.3125 0 0
0.3125 0 0
0.3125 0 0
0.3125 0 0
0.03125 0 0
0.03125 0 0
0.3125 0 0
0.3125 0 0
0.3125 0 0
0.3125 0 0
0.3125 0 0
0.3125 0 0
0.3125 0 0
0.25 0 0
0.3125 0 0
0.3125 0 0
0.3125 0 0
0.25 0 0
0.3125 0 0
0.25 0 0
0.3125 0 0
0.25 0 0
0.03125 0 0
0.03125 0 0
0.3125 0 0
0.25 0 0
0.3125 0 0
0.3125 0 0
0.3125 0 0
0.25 0 0
0.3125 0 0
0.25 0 0
0.3125 0 0
0.25 0 0
0.03125 0 0
0.03125 0 0
0.3125 0 0
0.25 0 0
0.3125 0 0
0.3125 0 0
0.3125 0 0
0.25 0 0
0.3125 0 0
0.25 0 0
0.3125 0 0
0.25 0 0
0.03125 0 0
0.03125 0 0
0.3125 0 0
0.25 0 0
0.3125 0 0
0.3125 0 0
0.3125 0 0
0.25 0 0
0.3125 0 0
0.25 0 0
0.3125 0 0
0.25 0 0
0.03125 0 0
0.03125 0 0
0.3125 0 0
0.25 0 0
0.3125 0 0
0.3125 0 0
0.3125 0 0
0.25 0 0
0.3125 0 0
0.25 0 0
0.3125 0 0
0.25 0 0
0.03125 0 0
0.03125 0 0
0.3125 0 0
0.25 0 0
0.3125 0 0
0.3125 0 0
0.3125 0 0
0.25 0 0
0.3125 0 0
0.25 0 0
0.3125 0 0
0.25 0 0
0.03125 0 0
0.03125 0 0
0.3125 0 0
0.25 0 0
0.3125 0 0
0.3125 0 0
0.3125 0 0
0.25 0 0
0.3125 0 0
0.25 0 0
0.3125 0 0
0.25 0 0
0.4375 0 0
0.4375 0 0
0.4375 0 0
0.03125 0 0
0.03125 0 0
0.03125 0 0
0.03125 0 0
0.03125 0 0
0.3125 0 0
0.25 0 0
0.3125 0 0
0.3125 0 0
0.25 0 0
0.3125 0 0
0.25 0 0
0.3125 0 0
0.25 0 0
0.3125 0 0
0.25 0 0
0.3125 0 0
0.3125 0 0
0.25 0 0
0.3125 0 0
0.25 0 0
0.3125 0 0
0.25 0 0
0.3125 0 0
0.3125 0 0
0.3125 0 0
0.3125 0 0
0.3125 0 0
0.3125 0 0
0.3125 0 0
0.3125 0 0
0.03125 0 0
0.03125 0 0
0.3125 0 0
0.3125 0 0
0.3125 0 0
0.3125 0 0
0.3125 0 0
0.3125 0 0
0.3125 0 0
0.25 0 0
0.3125 0 0
0.3125 0 0
0.3125 0 0
0.25 0 0
0.3125 0 0
0.25 0 0
0.3125 0 0
0.25 0 0
0.4375 0 0
0.4375 0 0
0.03125 0 0
0.03125 0 0
0.03125 0 0
0.03125 0 0
0.3125 0 0
0.25 0 0
0.3125 0 0
0.3125 0 0
0.25 0 0
0.3125 0 0
0.25 0 0
0.3125 0 0
0.25 0 0
0.3125 0 0
0.25 0 0
0.3125 0 0
0.3125 0 0
0.25 0 0
0.3125 0 0
0.25 0 0
0.3125 0 0
0.25 0 0
0.3125 0 0
0.3125 0 0
0.3125 0 0
0.3125 0 0
0.3125 0 0
0.3125 0 0
0.3125 0 0
0.3125 0 0
0.03125 0 0
0.03125 0 0
0.3125 0 0
0.3125 0 0
0.3125 0 0
0.3125 0 0
0.3125 0 0
0.3125 0 0
0.3125 0 0
0.25 0 0
0.3125 0 0
0.3125 0 0
0.3125 0 0
0.25 0 0
0.3125 0 0
0.25 0 0
0.3125 0 0
0.25 0 0
0.4375 0 0
0.4375 0 0
0.03125 0 0
0.03125 0 0
0.03125 0 0
0.03125 0 0
0.3125 0 0
0.25 0 0
0.3125 0 0
0.3125 0 0
0.25 0 0
0.3125 0 0
0.25 0 0
0.3125 0 0
0.25 0 0
0.3125 0 0
0.25 0 0
0.3125 0 0
0.3125 0 0
0.25 0 0
0.3125 0 0
0.25 0 0
0.3125 0 0
0.25 0 0
0.3125 0 0
0.3125 0 0
0.3125 0 0
0.3125 0 0
0.3125 0 0
0.3125 0 0
0.3125 0 0
0.3125 0 0
0.03125 0 0
0.03125 0 0
0.3125 0 0
0.3125 0 0
0.3125 0 0
0.3125 0 0
0.3125 0 0
0.3125 0 0
0.3125 0 0
0.25 0 0
0.3125 0 0
0.3125 0 0
0.3125 0 0
0.25 0 0
0.3125 0 0
0.25 0 0
0.3125 0 0
0.25 0 0
0.4375 0 0
0.4375 0 0
0.4375 0 0
0.03125 0 0
0.03125 0 0
0.03125 0 0
0.03125 0 0
0.03125 0 0
0.3125 0 0
0.25 0 0
0.3125 0 0
0.3125 0 0
0.25 0 0
0.3125 0 0
0.25 0 0
0.3125 0 0
0.25 0 0
0.3125 0 0
0.25 0 0
0.3125 0 0
0.3125 0 0
0.25 0 0
0.3125 0 0
0.25 0 0
0.3125 0 0
0.25 0 0
0.3125 0 0
0.3125 0 0
0.3125 0 0
0.3125 0 0
0.3125 0 0
0.3125 0 0
0.3125 0 0
0.3125 0 0
0.03125 0 0
0.03125 0 0
0.3125 0 0
0.3125 0 0
0.3125 0 0
0.3125 0 0
0.3125 0 0
0.3125 0 0
0.3125 0 0
0.25 0 0
0.3125 0 0
0.3125 0 0
0.3125 0 0
0.25 0 0
0.3125 0 0
0.25 0 0
0.3125 0 0
0.25 0 0
0.4375 0 0
0.4375 0 0
0.03125 0 0
0.03125 0 0
0.03125 0 0
0.03125 0 0
0.3125 0 0
0.25 0 0
0.3125 0 0
0.3125 0 0
0.25 0 0
0.3125 0 0
0.25 0 0
0.3125 0 0
0.25 0 0
0.3125 0 0
0.25 0 0
0.3125 0 0
0.3125 0 0
0.25 0 0
0.3125 0 0
0.25 0 0
0.3125 0 0
0.25 0 0
0.3125 0 0
0.3125 0 0
0.3125 0 0
0.3125 0 0
0.3125 0 0
0.3125 0 0
0.3125 0 0
0.3125 0 0
0.03125 0 0
0.03125 0 0
0.3125 0 0
0.3125 0 0
0.3125 0 0
0.3125 0 0
0.3125 0 0
0.3125 0 0
0.3125 0 0
0.25 0 0
0.3125 0 0
0.3125 0 0
0.3125 0 0
0.25 0 0
0.3125 0 0
0.25 0 0
0.3125 0 0
0.25 0 0
0.4375 0 0
0.4375 0 0
0.03125 0 0
0.03125 0 0
0.03125 0 0
0.03125 0 0
0.3125 0 0
0.25 0 0
0.3125 0 0
0.3125 0 0
0.25 0 0
0.3125 0 0
0.25 0 0
0.3125 0 0
0.25 0 0
0.3125 0 0
0.25 0 0
0.3125 0 0
0.3125 0 0
0.25 0 0
0.3125 0 0
0.25 0 0
0.3125 0 0
0.25 0 0
0.3125 0 0
0.3125 0 0
0.3125 0 0
0.3125 0 0
0.3125 0 0
0.3125 0 0
0.3125 0 0
0.3125 0 0
0.03125 0 0
0.03125 0 0
0.3125 0 0
0.3125 0 0
0.3125 0 0
0.3125 0 0
0.3125 0 0
0.3125 0 0
0.3125 0 0
0.25 0 0
0.3125 0 0
0.3125 0 0
0.3125 0 0
0.25 0 0
0.3125 0 0
0.25 0 0
0.3125 0 0
0.25 0 0
0.03125 0 0
0.03125 0 0
0.3125 0 0
0.25 0 0
0.3125 0 0
0.3125 0 0
0.3125 0 0
0.25 0 0
0.3125 0 0
0.25 0 0
0.3125 0 0
0.25 0 0
0.03125 0 0
0.03125 0 0
0.3125 0 0
0.25 0 0
0.3125 0 0
0.3125 0 0
0.3125 0 0
0.25 0 0
0.3125 0 0
0.25 0 0
0.3125 0 0
0.25 0 0
0.03125 0 0
0.03125 0 0
0.3125 0 0
0.25 0 0
0.3125 0 0
0.3125 0 0
0.3125 0 0
0.25 0 0
0.3125 0 0
0.25 0 0
0.3125 0 0
0.25 0 0
0.03125 0 0
0.03125 0 0
0.3125 0 0
0.25 0 0
0.3125 0 0
0.3125 0 0
0.3125 0 0
0.25 0 0
0.3125 0 0
0.25 0 0
0.3125 0 0
0.25 0 0
0.03125 0 0
0.03125 0 0
0.3125 0 0
0.25 0 0
0.3125 0 0
0.3125 0 0
0.3125 0 0
0.25 0 0
0.3125 0 0
0.25 0 0
0.3125 0 0
0.25 0 0
0.03125 0 0
0.03125 0 0
0.3125 0 0
0.25 0 0
0.3125 0 0
0.3125 0 0
0.3125 0 0
0.25 0 0
0.3125 0 0
0.25 0 0
0.3125 0 0
0.25 0 0
0.4375 0 0
0.4375 0 0
0.4375 0 0
0.4375 0 0
0.03125 0 0
0.03125 0 0
0.03125 0 0
0.03125 0 0
0.03125 0 0
0.03125 0 0
0.3125 0 0
0.25 0 0
0.3125 0 0
0.3125 0 0
0.25 0 0
0.3125 0 0
0.25 0 0
0.3125 0 0
0.25 0 0
0.3125 0 0
0.25 0 0
0.3125 0 0
0.3125 0 0
0.25 0 0
0.3125 0 0
0.25 0 0
0.3125 0 0
0.25 0 0
0.3125 0 0
0.3125 0 0
0.3125 0 0
0.3125 0 0
0.3125 0 0
0.3125 0 0
0.3125 0 0
0.3125 0 0
0.03125 0 0
0.03125 0 0
0.3125 0 0
0.3125 0 0
0.3125 0 0
0.3125 0 0
0.3125 0 0
0.3125 0 0
0.3125 0 0
0.25 0 0
0.3125 0 0
0.3125 0 0
0.3125 0 0
0.25 0 0
0.3125 0 0
0.25 0 0
0.3125 0 0
0.25 0 0
0.4375 0 0
0.4375 0 0
0.03125 0 0
0.03125 0 0
0.03125 0 0
0.03125 0 0
0.3125 0 0
0.25 0 0
0.3125 0 0
0.3125 0 0
0.25 0 0
0.3125 0 0
0.25 0 0
0.3125 0 0
0.25 0 0
0.3125 0 0
0.25 0 0
0.3125 0 0
0.3125 0 0
0.25 0 0
0.3125 0 0
0.25 0 0
0.3125 0 0
0.25 0 0
0.3125 0 0
0.3125 0 0
0.3125 0 0
0.3125 0 0
0.3125 0 0
0.3125 0 0
0.3125 0 0
0.3125 0 0
0.03125 0 0
0.03125 0 0
0.3125 0 0
0.3125 0 0
0.3125 0 0
0.3125 0 0
0.3125 0 0
0.3125 0 0
0.3125 0 0
0.25 0 0
0.3125 0 0
0.3125 0 0
0.3125 0 0
0.25 0 0
0.3125 0 0
0.25 0 0
0.3125 0 0
0.25 0 0
0.4375 0 0
0.4375 0 0
0.03125 0 0
0.03125 0 0
0.03125 0 0
0.03125 0 0
0.3125 0 0
0.25 0 0
0.3125 0 0
0.3125 0 0
0.25 0 0
0.3125 0 0
0.25 0 0
0.3125 0 0
0.25 0 0
0.3125 0 0
0.25 0 0
0.3125 0 0
0.3125 0 0
0.25 0 0
0.3125 0 0
0.25 0 0
0.3125 0 0
0.25 0 0
0.3125 0 0
0.3125 0 0
0.3125 0 0
0.3125 0 0
0.3125 0 0
0.3125 0 0
0.3125 0 0
0.3125 0 0
0.03125 0 0
0.03125 0 0
0.3125 0 0
0.3125 0 0
0.3125 0 0
0.3125 0 0
0.3125 0 0
0.3125 0 0
0.3125 0 0
0.25 0 0
0.3125 0 0
0.3125 0 0
0.3125 0 0
0.25 0 0
0.3125 0 0
0.25 0 0
0.3125 0 0
0.25 0 0
0.4375 0 0
0.4375 0 0
0.4375 0 0
0.4375 0 0
0.03125 0 0
0.03125 0 0
0.03125 0 0
0.03125 0 0
0.03125 0 0
0.03125 0 0
0.3125 0 0
0.25 0 0
0.3125 0 0
0.3125 0 0
0.25 0 0
0.3125 0 0
0.25 0 0
0.3125 0 0
0.25 0 0
0.3125 0 0
0.25 0 0
0.3125 0 0
0.3125 0 0
0.25 0 0
0.3125 0 0
0.25 0 0
0.3125 0 0
0.25 0 0
0.3125 0 0
0.3125 0 0
0.3125 0 0
0.3125 0 0
0.3125 0 0
0.3125 0 0
0.3125 0 0
0.3125 0 0
0.03125 0 0
0.03125 0 0
0.3125 0 0
0.3125 0 0
0.3125 0 0
0.3125 0 0
0.3125 0 0
0.3125 0 0
0.3125 0 0
0.25 0 0
0.3125 0 0
0.3125 0 0
0.3125 0 0
0.25 0 0
0.3125 0 0
0.25 0 0
0.3125 0 0
0.25 0 0
0.4375 0 0
0.4375 0 0
0.03125 0 0
0.03125 0 0
0.03125 0 0
0.03125 0 0
0.3125 0 0
0.25 0 0
0.3125 0 0
0.3125 0 0
0.25 0 0
0.3125 0 0
0.25 0 0
0.3125 0 0
0.25 0 0
0.3125 0 0
0.25 0 0
0.3125 0 0
0.3125 0 0
0.25 0 0
0.3125 0 0
0.25 0 0
0.3125 0 0
0.25 0 0
0.3125 0 0
0.3125 0 0
0.3125 0 0
0.3125 0 0
0.3125 0 0
0.3125 0 0
0.3125 0 0
0.3125 0 0
0.03125 0 0
0.03125 0 0
0.3125 0 0
0.3125 0 0
0.3125 0 0
0.3125 0 0
0.3125 0 0
0.3125 0 0
0.3125 0 0
0.25 0 0
0.3125 0 0
0.3125 0 0
0.3125 0 0
0.25 0 0
0.3125 0 0
0.25 0 0
0.3125 0 0
0.25 0 0
0.4375 0 0
0.4375 0 0
0.03125 0 0
0.03125 0 0
0.03125 0 0
0.03125 0 0
0.3125 0 0
0.25 0 0
0.3125 0 0
0.3125 0 0
0.25 0 0
0.3125 0 0
0.25 0 0
0.3125 0 0
0.25 0 0
0.3125 0 0
0.25 0 0
0.3125 0 0
0.3125 0 0
0.25 0 0
0.3125 0 0
0.25 0 0
0.3125 0 0
0.25 0 0
0.3125 0 0
0.3125 0 0
0.3125 0 0
0.3125 0 0
0.3125 0 0
0.3125 0 0
0.3125 0 0
0.3125 0 0
0.03125 0 0
0.03125 0 0
0.3125 0 0
0.3125 0 0
0.3125 0 0
0.3125 0 0
0.3125 0 0
0.3125 0 0
0.3125 0 0
0.25 0 0
0.3125 0 0
0.3125 0 0
0.3125 0 0
0.25 0 0
0.3125 0 0
0.25 0 0
0.3125 0 0
0.25 0 0
0.03125 0 0
0.03125 0 0
0.3125 0 0
0.25 0 0
0.3125 0 0
0.3125 0 0
0.3125 0 0
0.25 0 0
0.3125 0 0
0.25 0 0
0.3125 0 0
0.25 0 0
0.03125 0 0
0.03125 0 0
0.3125 0 0
0.25 0 0
0.3125 0 0
0.3125 0 0
0.3125 0 0
0.25 0 0
0.3125 0 0
0.25 0 0
0.3125 0 0
0.25 0 0
0.03125 0 0
0.03125 0 0
0.3125 0 0
0.25 0 0
0.3125 0 0
0.3125 0 0
0.3125 0 0
0.25 0 0
0.3125 0 0
0.25 0 0
0.3125 0 0
0.25 0 0
0.03125 0 0
0.03125 0 0
0.3125 0 0
0.25 0 0
0.3125 0 0
0.3125 0 0
0.3125 0 0
0.25 0 0
0.3125 0 0
0.25 0 0
0.3125 0 0
0.25 0 0
0.03125 0 0
0.03125 0 0
0.3125 0 0
0.25 0 0
0.3125 0 0
0.3125 0 0
0.3125 0 0
0.25 0 0
0.3125 0 0
0.25 0 0
0.3125 0 0
0.25 0 0
0.03125 0 0
0.03125 0 0
0.3125 0 0
0.25 0 0
0.3125 0 0
0.3125 0 0
0.3125 0 0
0.25 0 0
0.3125 0 0
0.25 0 0
0.3125 0 0
0.25 0 0
0.4375 0 0
0.4375 0 0
0.4375 0 0
0.03125 0 0
0.03125 0 0
0.03125 0 0
0.03125 0 0
0.03125 0 0
0.3125 0 0
0.25 0 0
0.3125 0 0
0.3125 0 0
0.25 0 0
0.3125 0 0
0.25 0 0
0.3125 0 0
0.25 0 0
0.3125 0 0
0.25 0 0
0.3125 0 0
0.3125 0 0
0.25 0 0
0.3125 0 0
0.25 0 0
0.3125 0 0
0.25 0 0
0.3125 0 0
0.3125 0 0
0.3125 0 0
0.3125 0 0
0.3125 0 0
0.3125 0 0
0.3125 0 0
0.3125 0 0
0.03125 0 0
0.03125 0 0
0.3125 0 0
0.3125 0 0
0.3125 0 0
0.3125 0 0
0.3125 0 0
0.3125 0 0
0.3125 0 0
0.25 0 0
0.3125 0 0
0.3125 0 0
0.3125 0 0
0.25 0 0
0.3125 0 0
0.25 0 0
0.3125 0 0
0.25 0 0
0.4375 0 0
0.4375 0 0
0.03125 0 0
0.03125 0 0
0.03125 0 0
0.03125 0 0
0.3125 0 0
0.25 0 0
0.3125 0 0
0.3125 0 0
0.25 0 0
0.3125 0 0
0.25 0 0
0.3125 0 0
0.25 0 0
0.3125 0 0
0.25 0 0
0.3125 0 0
0.3125 0 0
0.25 0 0
0.3125 0 0
0.25 0 0
0.3125 0 0
0.25 0 0
0.3125 0 0
0.3125 0 0
0.3125 0 0
0.3125 0 0
0.3125 0 0
0.3125 0 0
0.3125 0 0
0.3125 0 0
0.03125 0 0
0.03125 0 0
0.3125 0 0
0.3125 0 0
0.3125 0 0
0.3125 0 0
0.3125 0 0
0.3125 0 0
0.3125 0 0
0.25 0 0
0.3125 0 0
0.3125 0 0
0.3125 0 0
0.25 0 0
0.3125 0 0
0.25 0 0
0.3125 0 0
0.25 0 0
0.4375 0 0
0.4375 0 0
0.03125 0 0
0.03125 0 0
0.03125 0 0
0.03125 0 0
0.3125 0 0
0.25 0 0
0.3125 0 0
0.3125 0 0
0.25 0 0
0.3125 0 0
0.25 0 0
0.3125 0 0
0.25 0 0
0.3125 0 0
0.25 0 0
0.3125 0 0
0.3125 0 0
0.25 0 0
0.3125 0 0
0.25 0 0
0.3125 0 0
0.25 0 0
0.3125 0 0
0.3125 0 0
0.3125 0 0
0.3125 0 0
0.3125 0 0
0.3125 0 0
0.3125 0 0
0.3125 0 0
0.03125 0 0
0.03125 0 0
0.3125 0 0
0.3125 0 0
0.3125 0 0
0.3125 0 0
0.3125 0 0
0.3125 0 0
0.3125 0 0
0.25 0 0
0.3125 0 0
0.3125 0 0
0.3125 0 0
0.25 0 0
0.3125 0 0
0.25 0 0
0.3125 0 0
0.25 0 0
0.4375 0 0
0.4375 0 0
0.4375 0 0
0.03125 0 0
0.03125 0 0
0.03125 0 0
0.03125 0 0
0.03125 0 0
0.3125 0 0
0.25 0 0
0.3125 0 0
0.3125 0 0
0.25 0 0
0.3125 0 0
0.25 0 0
0.3125 0 0
0.25 0 0
0.3125 0 0
0.25 0 0
0.3125 0 0
0.3125 0 0
0.25 0 0
0.3125 0 0
0.25 0 0
0.3125 0 0
0.25 0 0
0.3125 0 0
0.3125 0 0
0.3125 0 0
0.3125 0 0
0.3125 0 0
0.3125 0 0
0.3125 0 0
0.3125 0 0
0.03125 0 0
0.03125 0 0
0.3125 0 0
0.3125 0 0
0.3125 0 0
0.3125 0 0
0.3125 0 0
0.3125 0 0
0.3125 0 0
0.25 0 0
0.3125 0 0
0.3125 0 0
0.3125 0 0
0.25 0 0
0.3125 0 0
0.25 0 0
0.3125 0 0
0.25 0 0
0.4375 0 0
0.4375 0 0
0.03125 0 0
0.03125 0 0
0.03125 0 0
0.03125 0 0
0.3125 0 0
0.25 0 0
0.3125 0 0
0.3125 0 0
0.25 0 0
0.3125 0 0
0.25 0 0
0.3125 0 0
0.25 0 0
0.3125 0 0
0.25 0 0
0.3125 0 0
0.3125 0 0
0.25 0 0
0.3125 0 0
0.25 0 0
0.3125 0 0
0.25 0 0
0.3125 0 0
0.3125 0 0
0.3125 0 0
0.3125 0 0
0.3125 0 0
0.3125 0 0
0.3125 0 0
0.3125 0 0
0.03125 0 0
0.03125 0 0
0.3125 0 0
0.3125 0 0
0.3125 0 0
0.3125 0 0
0.3125 0 0
0.3125 0 0
0.3125 0 0
0.25 0 0
0.3125 0 0
0.3125 0 0
0.3125 0 0
0.25 0 0
0.3125 0 0
0.25 0 0
0.3125 0 0
0.25 0 0
0.4375 0 0
0.4375 0 0
0.03125 0 0
0.03125 0 0
0.03125 0 0
0.03125 0 0
0.3125 0 0
0.25 0 0
0.3125 0 0
0.3125 0 0
0.25 0 0
0.3125 0 0
0.25 0 0
0.3125 0 0
0.25 0 0
0.3125 0 0
0.25 0 0
0.3125 0 0
0.3125 0 0
0.25 0 0
0.3125 0 0
0.25 0 0
0.3125 0 0
0.25 0 0
0.3125 0 0
0.3125 0 0
0.3125 0 0
0.3125 0 0
0.3125 0 0
0.3125 0 0
0.3125 0 0
0.3125 0 0
0.03125 0 0
0.03125 0 0
0.3125 0 0
0.3125 0 0
0.3125 0 0
0.3125 0 0
0.3125 0 0
0.3125 0 0
0.3125 0 0
0.25 0 0
0.3125 0 0
0.3125 0 0
0.3125 0 0
0.25 0 0
0.3125 0 0
0.25 0 0
0.3125 0 0
0.25 0 0
0.03125 0 0
0.03125 0 0
0.3125 0 0
0.25 0 0
0.3125 0 0
0.3125 0 0
0.3125 0 0
0.25 0 0
0.3125 0 0
0.25 0 0
0.3125 0 0
0.25 0 0
0.03125 0 0
0.03125 0 0
0.3125 0 0
0.25 0 0
0.3125 0 0
0.3125 0 0
0.3125 0 0
0.25 0 0
0.3125 0 0
0.25 0 0
0.3125 0 0
0.25 0 0
0.03125 0 0
0.03125 0 0
0.3125 0 0
0.25 0 0
0.3125 0 0
0.3125 0 0
0.3125 0 0
0.25 0 0
0.3125 0 0
0.25 0 0
0.3125 0 0
0.25 0 0
0.03125 0 0
0.03125 0 0
0.3125 0 0
0.25 0 0
0.3125 0 0
0.3125 0 0
0.3125 0 0
0.25 0 0
0.3125 0 0
0.25 0 0
0.3125 0 0
0.25 0 0
0.03125 0 0
0.03125 0 0
0.3125 0 0
0.25 0 0
0.3125 0 0
0.3125 0 0
0.3125 0 0
0.25 0 0
0.3125 0 0
0.25 0 0
0.3125 0 0
0.25 0 0
0.03125 0 0
0.03125 0 0
0.3125 0 0
0.25 0 0
0.3125 0 0
0.3125 0 0
0.3125 0 0
0.25 0 0
0.3125 0 0
0.25 0 0
0.3125 0 0
0.25 0 0
0.4375 0 0
0.4375 0 0
0.4375 0 0
0.03125 0 0
0.03125 0 0
0.03125 0 0
0.03125 0 0
0.03125 0 0
0.3125 0 0
0.25 0 0
0.3125 0 0
0.3125 0 0
0.25 0 0
0.3125 0 0
0.25 0 0
0.3125 0 0
0.25 0 0
0.3125 0 0
0.25 0 0
0.3125 0 0
0.3125 0 0
0.25 0 0
0.3125 0 0
0.25 0 0
0.3125 0 0
0.25 0 0
0.3125 0 0
0.3125 0 0
0.3125 0 0
0.3125 0 0
0.3125 0 0
0.3125 0 0
0.3125 0 0
0.3125 0 0
0.03125 0 0
0.03125 0 0
0.3125 0 0
0.3125 0 0
0.3125 0 0
0.3125 0 0
0.3125 0 0
0.3125 0 0
0.3125 0 0
0.25 0 0
0.3125 0 0
0.3125 0 0
0.3125 0 0
0.25 0 0
0.3125 0 0
0.25 0 0
0.3125 0 0
0.25 0 0
0.4375 0 0
0.4375 0 0
0.03125 0 0
0.03125 0 0
0.03125 0 0
0.03125 0 0
0.3125 0 0
0.25 0 0
0.3125 0 0
0.3125 0 0
0.25 0 0
0.3125 0 0
0.25 0 0
0.3125 0 0
0.25 0 0
0.3125 0 0
0.25 0 0
0.3125 0 0
0.3125 0 0
0.25 0 0
0.3125 0 0
0.25 0 0
0.3125 0 0
0.25 0 0
0.3125 0 0
0.3125 0 0
0.3125 0 0
0.3125 0 0
0.3125 0 0
0.3125 0 0
0.3125 0 0
0.3125 0 0
0.03125 0 0
0.03125 0 0
0.3125 0 0
0.3125 0 0
0.3125 0 0
0.3125 0 0
0.3125 0 0
0.3125 0 0
0.3125 0 0
0.25 0 0
0.3125 0 0
0.3125 0 0
0.3125 0 0
0.25 0 0
0.3125 0 0
0.25 0 0
0.3125 0 0
0.25 0 0
0.4375 0 0
0.4375 0 0
0.03125 0 0
0.03125 0 0
0.03125 0 0
0.03125 0 0
0.3125 0 0
0.25 0 0
0.3125 0 0
0.3125 0 0
0.25 0 0
0.3125 0 0
0.25 0 0
0.3125 0 0
0.25 0 0
0.3125 0 0
0.25 0 0
0.3125 0 0
0.3125 0 0
0.25 0 0
0.3125 0 0
0.25 0 0
0.3125 0 0
0.25 0 0
0.3125 0 0
0.3125 0 0
0.3125 0 0
0.3125 0 0
0.3125 0 0
0.3125 0 0
0.3125 0 0
0.3125 0 0
0.03125 0 0
0.03125 0 0
0.3125 0 0
0.3125 0 0
0.3125 0 0
0.3125 0 0
0.3125 0 0
0.3125 0 0
0.3125 0 0
0.25 0 0
0.3125 0 0
0.3125 0 0
0.3125 0 0
0.25 0 0
0.3125 0 0
0.25 0 0
0.3125 0 0
0.25 0 0
0.4375 0 0
0.4375 0 0
0.4375 0 0
0.03125 0 0
0.03125 0 0
0.03125 0 0
0.03125 0 0
0.03125 0 0
0.3125 0 0
0.25 0 0
0.3125 0 0
0.3125 0 0
0.25 0 0
0.3125 0 0
0.25 0 0
0.3125 0 0
0.25 0 0
0.3125 0 0
0.25 0 0
0.3125 0 0
0.3125 0 0
0.25 0 0
0.3125 0 0
0.25 0 0
0.3125 0 0
0.25 0 0
0.3125 0 0
0.3125 0 0
0.3125 0 0
0.3125 0 0
0.3125 0 0
0.3125 0 0
0.3125 0 0
0.3125 0 0
0.03125 0 0
0.03125 0 0
0.3125 0 0
0.3125 0 0
0.3125 0 0
0.3125 0 0
0.3125 0 0
0.3125 0 0
0.3125 0 0
0.25 0 0
0.3125 0 0
0.3125 0 0
0.3125 0 0
0.25 0 0
0.3125 0 0
0.25 0 0
0.3125 0 0
0.25 0 0
0.4375 0 0
0.4375 0 0
0.03125 0 0
0.03125 0 0
0.03125 0 0
0.03125 0 0
0.3125 0 0
0.25 0 0
0.3125 0 0
0.3125 0 0
0.25 0 0
0.3125 0 0
0.25 0 0
0.3125 0 0
0.25 0 0
0.3125 0 0
0.25 0 0
0.3125 0 0
0.3125 0 0
0.25 0 0
0.3125 0 0
0.25 0 0
0.3125 0 0
0.25 0 0
0.3125 0 0
0.3125 0 0
0.3125 0 0
0.3125 0 0
0.3125 0 0
0.3125 0 0
0.3125 0 0
0.3125 0 0
0.03125 0 0
0.03125 0 0
0.3125 0 0
0.3125 0 0
0.3125 0 0
0.3125 0 0
0.3125 0 0
0.3125 0 0
0.3125 0 0
0.25 0 0
0.3125 0 0
0.3125 0 0
0.3125 0 0
0.25 0 0
0.3125 0 0
0.25 0 0
0.3125 0 0
0.25 0 0
0.4375 0 0
0.4375 0 0
0.03125 0 0
0.03125 0 0
0.03125 0 0
0.03125 0 0
0.3125 0 0
0.25 0 0
0.3125 0 0
0.3125 0 0
0.25 0 0
0.3125 0 0
0.25 0 0
0.3125 0 0
0.25 0 0
0.3125 0 0
0.25 0 0
0.3125 0 0
0.3125 0 0
0.25 0 0
0.3125 0 0
0.25 0 0
0.3125 0 0
0.25 0 0
0.3125 0 0
0.3125 0 0
0.3125 0 0
0.3125 0 0
0.3125 0 0
0.3125 0 0
0.3125 0 0
0.3125 0 0
0.03125 0 0
0.03125 0 0
0.3125 0 0
0.3125 0 0
0.3125 0 0
0.3125 0 0
0.3125 0 0
0.3125 0 0
0.3125 0 0
0.25 0 0
0.3125 0 0
0.3125 0 0
0.3125 0 0
0.25 0 0
0.3125 0 0
0.25 0 0
0.3125 0 0
0.25 0 0
0.03125 0 0
0.03125 0 0
0.3125 0 0
0.25 0 0
0.3125 0 0
0.3125 0 0
0.3125 0 0
0.25 0 0
0.3125 0 0
0.25 0 0
0.3125 0 0
0.25 0 0
0.03125 0 0
0.03125 0 0
0.3125 0 0
0.25 0 0
0.3125 0 0
0.3125 0 0
0.3125 0 0
0.25 0 0
0.3125 0 0
0.25 0 0
0.3125 0 0
0.25 0 0
0.03125 0 0
0.03125 0 0
0.3125 0 0
0.25 0 0
0.3125 0 0
0.3125 0 0
0.3125 0 0
0.25 0 0
0.3125 0 0
0.25 0 0
0.3125 0 0
0.25 0 0
0.03125 0 0
0.03125 0 0
0.3125 0 0
0.25 0 0
0.3125 0 0
0.3125 0 0
0.3125 0 0
0.25 0 0
0.3125 0 0
0.25 0 0
0.3125 0 0
0.25 0 0
0.03125 0 0
0.03125 0 0
0.3125 0 0
0.25 0 0
0.3125 0 0
0.3125 0 0
0.3125 0 0
0.25 0 0
0.3125 0 0
0.25 0 0
0.3125 0 0
0.25 0 0
0.03125 0 0
0.03125 0 0
0.3125 0 0
0.25 0 0
0.3125 0 0
0.3125 0 0
0.3125 0 0
0.25 0 0
0.3125 0 0
0.25 0 0
0.3125 0 0
0.25 0 0
0.4375 0 0
0.4375 0 0
0.4375 0 0
0.4375 0 0
0.03125 0 0
0.03125 0 0
0.03125 0 0
0.03125 0 0
0.03125 0 0
0.03125 0 0
0.3125 0 0
0.25 0 0
0.3125 0 0
0.3125 0 0
0.25 0 0
0.3125 0 0
0.25 0 0
0.3125 0 0
0.25 0 0
0.3125 0 0
0.25 0 0
0.3125 0 0
0.3125 0 0
0.25 0 0
0.3125 0 0
0.25 0 0
0.3125 0 0
0.25 0 0
0.3125 0 0
0.3125 0 0
0.3125 0 0
0.3125 0 0
0.3125 0 0
0.3125 0 0
0.3125 0 0
0.3125 0 0
0.03125 0 0
0.03125 0 0
0.3125 0 0
0.3125 0 0
0.3125 0 0
0.3125 0 0
0.3125 0 0
0.3125 0 0
0.3125 0 0
0.25 0 0
0.3125 0 0
0.3125 0 0
0.3125 0 0
0.25 0 0
0.3125 0 0
0.25 0 0
0.3125 0 0
0.25 0 0
0.4375 0 0
0.4375 0 0
0.03125 0 0
0.03125 0 0
0.03125 0 0
0.03125 0 0
0.3125 0 0
0.25 0 0
0.3125 0 0
0.3125 0 0
0.25 0 0
0.3125 0 0
0.25 0 0
0.3125 0 0
0.25 0 0
0.3125 0 0
0.25 0 0
0.3125 0 0
0.3125 0 0
0.25 0 0
0.3125 0 0
0.25 0 0
0.3125 0 0
0.25 0 0
0.3125 0 0
0.3125 0 0
0.3125 0 0
0.3125 0 0
0.3125 0 0
0.3125 0 0
0.3125 0 0
0.3125 0 0
0.03125 0 0
0.03125 0 0
0.3125 0 0
0.3125 0 0
0.3125 0 0
0.3125 0 0
0.3125 0 0
0.3125 0 0
0.3125 0 0
0.25 0 0
0.3125 0 0
0.3125 0 0
0.3125 0 0
0.25 0 0
0.3125 0 0
0.25 0 0
0.3125 0 0
0.25 0 0
0.4375 0 0
0.4375 0 0
0.03125 0 0
0.03125 0 0
0.03125 0 0
0.03125 0 0
0.3125 0 0
0.25 0 0
0.3125 0 0
0.3125 0 0
0.25 0 0
0.3125 0 0
0.25 0 0
0.3125 0 0
0.25 0 0
0.3125 0 0
0.25 0 0
0.3125 0 0
0.3125 0 0
0.25 0 0
0.3125 0 0
0.25 0 0
0.3125 0 0
0.25 0 0
0.3125 0 0
0.3125 0 0
0.3125 0 0
0.3125 0 0
0.3125 0 0
0.3125 0 0
0.3125 0 0
0.3125 0 0
0.03125 0 0
0.03125 0 0
0.3125 0 0
0.3125 0 0
0.3125 0 0
0.3125 0 0
0.3125 0 0
0.3125 0 0
0.3125 0 0
0.25 0 0
0.3125 0 0
0.3125 0 0
0.3125 0 0
0.25 0 0
0.3125 0 0
0.25 0 0
0.3125 0 0
0.25 0 0
0.4375 0 0
0.4375 0 0
0.4375 0 0
0.4375 0 0
0.03125 0 0
0.03125 0 0
0.03125 0 0
0.03125 0 0
0.03125 0 0
0.03125 0 0
0.3125 0 0
0.25 0 0
0.3125 0 0
0.3125 0 0
0.25 0 0
0.3125 0 0
0.25 0 0
0.3125 0 0
0.25 0 0
0.3125 0 0
0.25 0 0
0.3125 0 0
0.3125 0 0
0.25 0 0
0.3125 0 0
0.25 0 0
0.3125 0 0
0.25 0 0
0.3125 0 0
0.3125 0 0
0.3125 0 0
0.3125 0 0
0.3125 0 0
0.3125 0 0
0.3125 0 0
0.3125 0 0
0.03125 0 0
0.03125 0 0
0.3125 0 0
0.3125 0 0
0.3125 0 0
0.3125 0 0
0.3125 0 0
0.3125 0 0
0.3125 0 0
0.25 0 0
0.3125 0 0
0.3125 0 0
0.3125 0 0
0.25 0 0
0.3125 0 0
0.25 0 0
0.3125 0 0
0.25 0 0
0.4375 0 0
0.4375 0 0
0.03125 0 0
0.03125 0 0
0.03125 0 0
0.03125 0 0
0.3125 0 0
0.25 0 0
0.3125 0 0
0.3125 0 0
0.25 0 0
0.3125 0 0
0.25 0 0
0.3125 0 0
0.25 0 0
0.3125 0 0
0.25 0 0
0.3125 0 0
0.3125 0 0
0.25 0 0
0.3125 0 0
0.25 0 0
0.3125 0 0
0.25 0 0
0.3125 0 0
0.3125 0 0
0.3125 0 0
0.3125 0 0
0.3125 0 0
0.3125 0 0
0.3125 0 0
0.3125 0 0
0.03125 0 0
0.03125 0 0
0.3125 0 0
0.3125 0 0
0.3125 0 0
0.3125 0 0
0.3125 0 0
0.3125 0 0
0.3125 0 0
0.25 0 0
0.3125 0 0
0.3125 0 0
0.3125 0 0
0.25 0 0
0.3125 0 0
0.25 0 0
0.3125 0 0
0.25 0 0
0.4375 0 0
0.4375 0 0
0.03125 0 0
0.03125 0 0
0.03125 0 0
0.03125 0 0
0.3125 0 0
0.25 0 0
0.3125 0 0
0.3125 0 0
0.25 0 0
0.3125 0 0
0.25 0 0
0.3125 0 0
0.25 0 0
0.3125 0 0
0.25 0 0
0.3125 0 0
0.3125 0 0
0.25 0 0
0.3125 0 0
0.25 0 0
0.3125 0 0
0.25 0 0
0.3125 0 0
0.3125 0 0
0.3125 0 0
0.3125 0 0
0.3125 0 0
0.3125 0 0
0.3125 0 0
0.3125 0 0
0.03125 0 0
0.03125 0 0
0.3125 0 0
0.3125 0 0
0.3125 0 0
0.3125 0 0
0.3125 0 0
0.3125 0 0
0.3125 0 0
0.25 0 0
0.3125 0 0
0.3125 0 0
0.3125 0 0
0.25 0 0
0.3125 0 0
0.25 0 0
0.3125 0 0
0.25 0 0
0.03125 0 0
0.03125 0 0
0.3125 0 0
0.25 0 0
0.3125 0 0
0.3125 0 0
0.3125 0 0
0.25 0 0
0.3125 0 0
0.25 0 0
0.3125 0 0
0.25 0 0
0.03125 0 0
0.03125 0 0
0.3125 0 0
0.25 0 0
0.3125 0 0
0.3125 0 0
0.3125 0 0
0.25 0 0
0.3125 0 0
0.25 0 0
0.3125 0 0
0.25 0 0
0.03125 0 0
0.03125 0 0
0.3125 0 0
0.25 0 0
0.3125 0 0
0.3125 0 0
0.3125 0 0
0.25 0 0
0.3125 0 0
0.25 0 0
0.3125 0 0
0.25 0 0
0.03125 0 0
0.03125 0 0
0.3125 0 0
0.25 0 0
0.3125 0 0
0.3125 0 0
0.3125 0 0
0.25 0 0
0.3125 0 0
0.25 0 0
0.3125 0 0
0.25 0 0
0.03125 0 0
0.03125 0 0
0.3125 0 0
0.25 0 0
0.3125 0 0
0.3125 0 0
0.3125 0 0
0.25 0 0
0.3125 0 0
0.25 0 0
0.3125 0 0
0.25 0 0
0.03125 0 0
0.03125 0 0
0.3125 0 0
0.25 0 0
0.3125 0 0
0.3125 0 0
0.3125 0 0
0.25 0 0
0.3125 0 0
0.25 0 0
0.3125 0 0
0.25 0 0
0.4375 0 0
0.4375 0 0
0.4375 0 0
0.03125 0 0
0.03125 0 0
0.03125 0 0
0.03125 0 0
0.03125 0 0
0.3125 0 0
0.25 0 0
0.3125 0 0
0.3125 0 0
0.25 0 0
0.3125 0 0
0.25 0 0
0.3125 0 0
0.25 0 0
0.3125 0 0
0.25 0 0
0.3125 0 0
0.3125 0 0
0.25 0 0
0.3125 0 0
0.25 0 0
0.3125 0 0
0.25 0 0
0.3125 0 0
0.3125 0 0
0.3125 0 0
0.3125 0 0
0.3125 0 0
0.3125 0 0
0.3125 0 0
0.3125 0 0
0.03125 0 0
0.03125 0 0
0.3125 0 0
0.3125 0 0
0.3125 0 0
0.3125 0 0
0.3125 0 0
0.3125 0 0
0.3125 0 0
0.25 0 0
0.3125 0 0
0.3125 0 0
0.3125 0 0
0.25 0 0
0.3125 0 0
0.25 0 0
0.3125 0 0
0.25 0 0
0.4375 0 0
0.4375 0 0
0.03125 0 0
0.03125 0 0
0.03125 0 0
0.03125 0 0
0.3125 0 0
0.25 0 0
0.3125 0 0
0.3125 0 0
0.25 0 0
0.3125 0 0
0.25 0 0
0.3125 0 0
0.25 0 0
0.3125 0 0
0.25 0 0
0.3125 0 0
0.3125 0 0
0.25 0 0
0.3125 0 0
0.25 0 0
0.3125 0 0
0.25 0 0
0.3125 0 0
0.3125 0 0
0.3125 0 0
0.3125 0 0
0.3125 0 0
0.3125 0 0
0.3125 0 0
0.3125 0 0
0.03125 0 0
0.03125 0 0
0.3125 0 0
0.3125 0 0
0.3125 0 0
0.3125 0 0
0.3125 0 0
0.3125 0 0
0.3125 0 0
0.25 0 0
0.3125 0 0
0.3125 0 0
0.3125 0 0
0.25 0 0
0.3125 0 0
0.25 0 0
0.3125 0 0
0.25 0 0
0.4375 0 0
0.4375 0 0
0.03125 0 0
0.03125 0 0
0.03125 0 0
0.03125 0 0
0.3125 0 0
0.25 0 0
0.3125 0 0
0.3125 0 0
0.25 0 0
0.3125 0 0
0.25 0 0
0.3125 0 0
0.25 0 0
0.3125 0 0
0.25 0 0
0.3125 0 0
0.3125 0 0
0.25 0 0
0.3125 0 0
0.25 0 0
0.3125 0 0
0.25 0 0
0.3125 0 0
0.3125 0 0
0.3125 0 0
0.3125 0 0
0.3125 0 0
0.3125 0 0
0.3125 0 0
0.3125 0 0
0.03125 0 0
0.03125 0 0
0.3125 0 0
0.3125 0 0
0.3125 0 0
0.3125 0 0
0.3125 0 0
0.3125 0 0
0.3125 0 0
0.25 0 0
0.3125 0 0
0.3125 0 0
0.3125 0 0
0.25 0 0
0.3125 0 0
0.25 0 0
0.3125 0 0
0.25 0 0
0.4375 0 0
0.4375 0 0
0.4375 0 0
0.03125 0 0
0.03125 0 0
0.03125 0 0
0.03125 0 0
0.03125 0 0
0.3125 0 0
0.25 0 0
0.3125 0 0
0.3125 0 0
0.25 0 0
0.3125 0 0
0.25 0 0
0.3125 0 0
0.25 0 0
0.3125 0 0
0.25 0 0
0.3125 0 0
0.3125 0 0
0.25 0 0
0.3125 0 0
0.25 0 0
0.3125 0 0
0.25 0 0
0.3125 0 0
0.3125 0 0
0.3125 0 0
0.3125 0 0
0.3125 0 0
0.3125 0 0
0.3125 0 0
0.3125 0 0
0.03125 0 0
0.03125 0 0
0.3125 0 0
0.3125 0 0
0.3125 0 0
0.3125 0 0
0.3125 0 0
0.3125 0 0
0.3125 0 0
0.25 0 0
0.3125 0 0
0.3125 0 0
0.3125 0 0
0.25 0 0
0.3125 0 0
0.25 0 0
0.3125 0 0
0.25 0 0
0.4375 0 0
0.4375 0 0
0.03125 0 0
0.03125 0 0
0.03125 0 0
0.03125 0 0
0.3125 0 0
0.25 0 0
0.3125 0 0
0.3125 0 0
0.25 0 0
0.3125 0 0
0.25 0 0
0.3125 0 0
0.25 0 0
0.3125 0 0
0.25 0 0
0.3125 0 0
0.3125 0 0
0.25 0 0
0.3125 0 0
0.25 0 0
0.3125 0 0
0.25 0 0
0.3125 0 0
0.3125 0 0
0.3125 0 0
0.3125 0 0
0.3125 0 0
0.3125 0 0
0.3125 0 0
0.3125 0 0
0.03125 0 0
0.03125 0 0
0.3125 0 0
0.3125 0 0
0.3125 0 0
0.3125 0 0
0.3125 0 0
0.3125 0 0
0.3125 0 0
0.25 0 0
0.3125 0 0
0.3125 0 0
0.3125 0 0
0.25 0 0
0.3125 0 0
0.25 0 0
0.3125 0 0
0.25 0 0
0.4375 0 0
0.4375 0 0
0.03125 0 0
0.03125 0 0
0.03125 0 0
0.03125 0 0
0.3125 0 0
0.25 0 0
0.3125 0 0
0.3125 0 0
0.25 0 0
0.3125 0 0
0.25 0 0
0.3125 0 0
0.25 0 0
0.3125 0 0
0.25 0 0
0.3125 0 0
0.3125 0 0
0.25 0 0
0.3125 0 0
0.25 0 0
0.3125 0 0
0.25 0 0
0.3125 0 0
0.3125 0 0
0.3125 0 0
0.3125 0 0
0.3125 0 0
0.3125 0 0
0.3125 0 0
0.3125 0 0
0.03125 0 0
0.03125 0 0
0.3125 0 0
0.3125 0 0
0.3125 0 0
0.3125 0 0
0.3125 0 0
0.3125 0 0
0.3125 0 0
0.25 0 0
0.3125 0 0
0.3125 0 0
0.3125 0 0
0.25 0 0
0.3125 0 0
0.25 0 0
0.3125 0 0
0.25 0 0
0.03125 0 0
0.03125 0 0
0.3125 0 0
0.25 0 0
0.3125 0 0
0.3125 0 0
0.3125 0 0
0.25 0 0
0.3125 0 0
0.25 0 0
0.3125 0 0
0.25 0 0
0.03125 0 0
0.03125 0 0
0.3125 0 0
0.25 0 0
0.3125 0 0
0.3125 0 0
0.3125 0 0
0.25 0 0
0.3125 0 0
0.25 0 0
0.3125 0 0
0.25 0 0
0.03125 0 0
0.03125 0 0
0.3125 0 0
0.25 0 0
0.3125 0 0
0.3125 0 0
0.3125 0 0
0.25 0 0
0.3125 0 0
0.25 0 0
0.3125 0 0
0.25 0 0
0.03125 0 0
0.03125 0 0
0.3125 0 0
0.25 0 0
0.3125 0 0
0.3125 0 0
0.3125 0 0
0.25 0 0
0.3125 0 0
0.25 0 0
0.3125 0 0
0.25 0 0
0.03125 0 0
0.03125 0 0
0.3125 0 0
0.25 0 0
0.3125 0 0
0.3125 0 0
0.3125 0 0
0.25 0 0
0.3125 0 0
0.25 0 0
0.3125 0 0
0.25 0 0
0.03125 0 0
0.03125 0 0
0.3125 0 0
0.25 0 0
0.3125 0 0
0.3125 0 0
0.3125 0 0
0.25 0 0
0.3125 0 0
0.25 0 0
0.3125 0 0
0.25 0 0
0.4375 0 0
0.4375 0 0
0.4375 0 0
0.03125 0 0
0.03125 0 0
0.03125 0 0
0.03125 0 0
0.03125 0 0
0.3125 0 0
0.25 0 0
0.3125 0 0
0.3125 0 0
0.25 0 0
0.3125 0 0
0.25 0 0
0.3125 0 0
0.25 0 0
0.3125 0 0
0.25 0 0
0.3125 0 0
0.3125 0 0
0.25 0 0
0.3125 0 0
0.25 0 0
0.3125 0 0
0.25 0 0
0.3125 0 0
0.3125 0 0
0.3125 0 0
0.3125 0 0
0.3125 0 0
0.3125 0 0
0.3125 0 0
0.3125 0 0
0.03125 0 0
0.03125 0 0
0.3125 0 0
0.3125 0 0
0.3125 0 0
0.3125 0 0
0.3125 0 0
0.3125 0 0
0.3125 0 0
0.25 0 0
0.3125 0 0
0.3125 0 0
0.3125 0 0
0.25 0 0
0.3125 0 0
0.25 0 0
0.3125 0 0
0.25 0 0
0.4375 0 0
0.4375 0 0
0.03125 0 0
0.03125 0 0
0.03125 0 0
0.03125 0 0
0.3125 0 0
0.25 0 0
0.3125 0 0
0.3125 0 0
0.25 0 0
0.3125 0 0
0.25 0 0
0.3125 0 0
0.25 0 0
0.3125 0 0
0.25 0 0
0.3125 0 0
0.3125 0 0
0.25 0 0
0.3125 0 0
0.25 0 0
0.3125 0 0
0.25 0 0
0.3125 0 0
0.3125 0 0
0.3125 0 0
0.3125 0 0
0.3125 0 0
0.3125 0 0
0.3125 0 0
0.3125 0 0
0.03125 0 0
0.03125 0 0
0.3125 0 0
0.3125 0 0
0.3125 0 0
0.3125 0 0
0.3125 0 0
0.3125 0 0
0.3125 0 0
0.25 0 0
0.3125 0 0
0.3125 0 0
0.3125 0 0
0.25 0 0
0.3125 0 0
0.25 0 0
0.3125 0 0
0.25 0 0
0.4375 0 0
0.4375 0 0
0.03125 0 0
0.03125 0 0
0.03125 0 0
0.03125 0 0
0.3125 0 0
0.25 0 0
0.3125 0 0
0.3125 0 0
0.25 0 0
0.3125 0 0
0.25 0 0
0.3125 0 0
0.25 0 0
0.3125 0 0
0.25 0 0
0.3125 0 0
0.3125 0 0
0.25 0 0
0.3125 0 0
0.25 0 0
0.3125 0 0
0.25 0 0
0.3125 0 0
0.3125 0 0
0.3125 0 0
0.3125 0 0
0.3125 0 0
0.3125 0 0
0.3125 0 0
0.3125 0 0
0.03125 0 0
0.03125 0 0
0.3125 0 0
0.3125 0 0
0.3125 0 0
0.3125 0 0
0.3125 0 0
0.3125 0 0
0.3125 0 0
0.25 0 0
0.3125 0 0
0.3125 0 0
0.3125 0 0
0.25 0 0
0.3125 0 0
0.25 0 0
0.3125 0 0
0.25 0 0
0.4375 0 0
0.4375 0 0
0.4375 0 0
0.03125 0 0
0.03125 0 0
0.03125 0 0
0.03125 0 0
0.03125 0 0
0.3125 0 0
0.25 0 0
0.3125 0 0
0.3125 0 0
0.25 0 0
0.3125 0 0
0.25 0 0
0.3125 0 0
0.25 0 0
0.3125 0 0
0.25 0 0
0.3125 0 0
0.3125 0 0
0.25 0 0
0.3125 0 0
0.25 0 0
0.3125 0 0
0.25 0 0
0.3125 0 0
0.3125 0 0
0.3125 0 0
0.3125 0 0
0.3125 0 0
0.3125 0 0
0.3125 0 0
0.3125 0 0
0.03125 0 0
0.03125 0 0
0.3125 0 0
0.3125 0 0
0.3125 0 0
0.3125 0 0
0.3125 0 0
0.3125 0 0
0.3125 0 0
0.25 0 0
0.3125 0 0
0.3125 0 0
0.3125 0 0
0.25 0 0
0.3125 0 0
0.25 0 0
0.3125 0 0
0.25 0 0
0.4375 0 0
0.4375 0 0
0.03125 0 0
0.03125 0 0
0.03125 0 0
0.03125 0 0
0.3125 0 0
0.25 0 0
0.3125 0 0
0.3125 0 0
0.25 0 0
0.3125 0 0
0.25 0 0
0.3125 0 0
0.25 0 0
0.3125 0 0
0.25 0 0
0.3125 0 0
0.3125 0 0
0.25 0 0
0.3125 0 0
0.25 0 0
0.3125 0 0
0.25 0 0
0.3125 0 0
0.3125 0 0
0.3125 0 0
0.3125 0 0
0.3125 0 0
0.3125 0 0
0.3125 0 0
0.3125 0 0
0.03125 0 0
0.03125 0 0
0.3125 0 0
0.3125 0 0
0.3125 0 0
0.3125 0 0
0.3125 0 0
0.3125 0 0
0.3125 0 0
0.25 0 0
0.3125 0 0
0.3125 0 0
0.3125 0 0
0.25 0 0
0.3125 0 0
0.25 0 0
0.3125 0 0
0.25 0 0
0.4375 0 0
0.4375 0 0
0.03125 0 0
0.03125 0 0
0.03125 0 0
0.03125 0 0
0.3125 0 0
0.25 0 0
0.3125 0 0
0.3125 0 0
0.25 0 0
0.3125 0 0
0.25 0 0
0.3125 0 0
0.25 0 0
0.3125 0 0
0.25 0 0
0.3125 0 0
0.3125 0 0
0.25 0 0
0.3125 0 0
0.25 0 0
0.3125 0 0
0.25 0 0
0.3125 0 0
0.3125 0 0
0.3125 0 0
0.3125 0 0
0.3125 0 0
0.3125 0 0
0.3125 0 0
0.3125 0 0
0.03125 0 0
0.03125 0 0
0.3125 0 0
0.3125 0 0
0.3125 0 0
0.3125 0 0
0.3125 0 0
0.3125 0 0
0.3125 0 0
0.25 0 0
0.3125 0 0
0.3125 0 0
0.3125 0 0
0.25 0 0
0.3125 0 0
0.25 0 0
0.3125 0 0
0.25 0 0
0.03125 0 0
0.03125 0 0
0.3125 0 0
0.25 0 0
0.3125 0 0
0.3125 0 0
0.3125 0 0
0.25 0 0
0.3125 0 0
0.25 0 0
0.3125 0 0
0.25 0 0
0.03125 0 0
0.03125 0 0
0.3125 0 0
0.25 0 0
0.3125 0 0
0.3125 0 0
0.3125 0 0
0.25 0 0
0.3125 0 0
0.25 0 0
0.3125 0 0
0.25 0 0
0.03125 0 0
0.03125 0 0
0.3125 0 0
0.25 0 0
0.3125 0 0
0.3125 0 0
0.3125 0 0
0.25 0 0
0.3125 0 0
0.25 0 0
0.3125 0 0
0.25 0 0
0.03125 0 0
0.03125 0 0
0.3125 0 0
0.25 0 0
0.3125 0 0
0.3125 0 0
0.3125 0 0
0.25 0 0
0.3125 0 0
0.25 0 0
0.3125 0 0
0.25 0 0
0.03125 0 0
0.03125 0 0
0.3125 0 0
0.25 0 0
0.3125 0 0
0.3125 0 0
0.3125 0 0
0.25 0 0
0.3125 0 0
0.25 0 0
0.3125 0 0
0.25 0 0
0.03125 0 0
0.03125 0 0
0.3125 0 0
0.25 0 0
0.3125 0 0
0.3125 0 0
0.3125 0 0
0.25 0 0
0.3125 0 0
0.25 0 0
0.3125 0 0
0.25 0 0
0.4375 0 0
0.4375 0 0
0.4375 0 0
0.4375 0 0
0.03125 0 0
0.03125 0 0
0.03125 0 0
0.03125 0 0
0.03125 0 0
0.03125 0 0
0.3125 0 0
0.25 0 0
0.3125 0 0
0.3125 0 0
0.25 0 0
0.3125 0 0
0.25 0 0
0.3125 0 0
0.25 0 0
0.3125 0 0
0.25 0 0
0.3125 0 0
0.3125 0 0
0.25 0 0
0.3125 0 0
0.25 0 0
0.3125 0 0
0.25 0 0
0.3125 0 0
0.3125 0 0
0.3125 0 0
0.3125 0 0
0.3125 0 0
0.3125 0 0
0.3125 0 0
0.3125 0 0
0.03125 0 0
0.03125 0 0
0.3125 0 0
0.3125 0 0
0.3125 0 0
0.3125 0 0
0.3125 0 0
0.3125 0 0
0.3125 0 0
0.25 0 0
0.3125 0 0
0.3125 0 0
0.3125 0 0
0.25 0 0
0.3125 0 0
0.25 0 0
0.3125 0 0
0.25 0 0
0.4375 0 0
0.4375 0 0
0.03125 0 0
0.03125 0 0
0.03125 0 0
0.03125 0 0
0.3125 0 0
0.25 0 0
0.3125 0 0
0.3125 0 0
0.25 0 0
0.3125 0 0
0.25 0 0
0.3125 0 0
0.25 0 0
0.3125 0 0
0.25 0 0
0.3125 0 0
0.3125 0 0
0.25 0 0
0.3125 0 0
0.25 0 0
0.3125 0 0
0.25 0 0
0.3125 0 0
0.3125 0 0
0.3125 0 0
0.3125 0 0
0.3125 0 0
0.3125 0 0
0.3125 0 0
0.3125 0 0
0.03125 0 0
0.03125 0 0
0.3125 0 0
0.3125 0 0
0.3125 0 0
0.3125 0 0
0.3125 0 0
0.3125 0 0
0.3125 0 0
0.25 0 0
0.3125 0 0
0.3125 0 0
0.3125 0 0
0.25 0 0
0.3125 0 0
0.25 0 0
0.3125 0 0
0.25 0 0
0.4375 0 0
0.4375 0 0
0.03125 0 0
0.03125 0 0
0.03125 0 0
0.03125 0 0
0.3125 0 0
0.25 0 0
0.3125 0 0
0.3125 0 0
0.25 0 0
0.3125 0 0
0.25 0 0
0.3125 0 0
0.25 0 0
0.3125 0 0
0.25 0 0
0.3125 0 0
0.3125 0 0
0.25 0 0
0.3125 0 0
0.25 0 0
0.3125 0 0
0.25 0 0
0.3125 0 0
0.3125 0 0
0.3125 0 0
0.3125 0 0
0.3125 0 0
0.3125 0 0
0.3125 0 0
0.3125 0 0
0.03125 0 0
0.03125 0 0
0.3125 0 0
0.3125 0 0
0.3125 0 0
0.3125 0 0
0.3125 0 0
0.3125 0 0
0.3125 0 0
0.25 0 0
0.3125 0 0
0.3125 0 0
0.3125 0 0
0.25 0 0
0.3125 0 0
0.25 0 0
0.3125 0 0
0.25 0 0
0.4375 0 0
0.4375 0 0
0.4375 0 0
0.4375 0 0
0.03125 0 0
0.03125 0 0
0.03125 0 0
0.03125 0 0
0.03125 0 0
0.03125 0 0
0.3125 0 0
0.25 0 0
0.3125 0 0
0.3125 0 0
0.25 0 0
0.3125 0 0
0.25 0 0
0.3125 0 0
0.25 0 0
0.3125 0 0
0.25 0 0
0.3125 0 0
0.3125 0 0
0.25 0 0
0.3125 0 0
0.25 0 0
0.3125 0 0
0.25 0 0
0.3125 0 0
0.3125 0 0
0.3125 0 0
0.3125 0 0
0.3125 0 0
0.3125 0 0
0.3125 0 0
0.3125 0 0
0.03125 0 0
0.03125 0 0
0.3125 0 0
0.3125 0 0
0.3125 0 0
0.3125 0 0
0.3125 0 0
0.3125 0 0
0.3125 0 0
0.25 0 0
0.3125 0 0
0.3125 0 0
0.3125 0 0
0.25 0 0
0.3125 0 0
0.25 0 0
0.3125 0 0
0.25 0 0
0.4375 0 0
0.4375 0 0
0.03125 0 0
0.03125 0 0
0.03125 0 0
0.03125 0 0
0.3125 0 0
0.25 0 0
0.3125 0 0
0.3125 0 0
0.25 0 0
0.3125 0 0
0.25 0 0
0.3125 0 0
0.25 0 0
0.3125 0 0
0.25 0 0
0.3125 0 0
0.3125 0 0
0.25 0 0
0.3125 0 0
0.25 0 0
0.3125 0 0
0.25 0 0
0.3125 0 0
0.3125 0 0
0.3125 0 0
0.3125 0 0
0.3125 0 0
0.3125 0 0
0.3125 0 0
0.3125 0 0
0.03125 0 0
0.03125 0 0
0.3125 0 0
0.3125 0 0
0.3125 0 0
0.3125 0 0
0.3125 0 0
0.3125 0 0
0.3125 0 0
0.25 0 0
0.3125 0 0
0.3125 0 0
0.3125 0 0
0.25 0 0
0.3125 0 0
0.25 0 0
0.3125 0 0
0.25 0 0
0.4375 0 0
0.4375 0 0
0.03125 0 0
0.03125 0 0
0.03125 0 0
0.03125 0 0
0.3125 0 0
0.25 0 0
0.3125 0 0
0.3125 0 0
0.25 0 0
0.3125 0 0
0.25 0 0
0.3125 0 0
0.25 0 0
0.3125 0 0
0.25 0 0
0.3125 0 0
0.3125 0 0
0.25 0 0
0.3125 0 0
0.25 0 0
0.3125 0 0
0.25 0 0
0.3125 0 0
0.3125 0 0
0.3125 0 0
0.3125 0 0
0.3125 0 0
0.3125 0 0
0.3125 0 0
0.3125 0 0
0.03125 0 0
0.03125 0 0
0.3125 0 0
0.3125 0 0
0.3125 0 0
0.3125 0 0
0.3125 0 0
0.3125 0 0
0.3125 0 0
0.25 0 0
0.3125 0 0
0.3125 0 0
0.3125 0 0
0.25 0 0
0.3125 0 0
0.25 0 0
0.3125 0 0
0.25 0 0
0.03125 0 0
0.03125 0 0
0.3125 0 0
0.25 0 0
0.3125 0 0
0.3125 0 0
0.3125 0 0
0.25 0 0
0.3125 0 0
0.25 0 0
0.3125 0 0
0.25 0 0
0.03125 0 0
0.03125 0 0
0.3125 0 0
0.25 0 0
0.3125 0 0
0.3125 0 0
0.3125 0 0
0.25 0 0
0.3125 0 0
0.25 0 0
0.3125 0 0
0.25 0 0
0.03125 0 0
0.03125 0 0
0.3125 0 0
0.25 0 0
0.3125 0 0
0.3125 0 0
0.3125 0 0
0.25 0 0
0.3125 0 0
0.25 0 0
0.3125 0 0
0.25 0 0
0.03125 0 0
0.03125 0 0
0.3125 0 0
0.25 0 0
0.3125 0 0
0.3125 0 0
0.3125 0 0
0.25 0 0
0.3125 0 0
0.25 0 0
0.3125 0 0
0.25 0 0
0.03125 0 0
0.03125 0 0
0.3125 0 0
0.25 0 0
0.3125 0 0
0.3125 0 0
0.3125 0 0
0.25 0 0
0.3125 0 0
0.25 0 0
0.3125 0 0
0.25 0 0
0.03125 0 0
0.03125 0 0
0.3125 0 0
0.25 0 0
0.3125 0 0
0.3125 0 0
0.3125 0 0
0.25 0 0
0.3125 0 0
0.25 0 0
0.3125 0 0
0.25 0 0
0.4375 0 0
0.4375 0 0
0.4375 0 0
0.03125 0 0
0.03125 0 0
0.03125 0 0
0.03125 0 0
0.03125 0 0
0.3125 0 0
0.25 0 0
0.3125 0 0
0.3125 0 0
0.25 0 0
0.3125 0 0
0.25 0 0
0.3125 0 0
0.25 0 0
0.3125 0 0
0.25 0 0
0.3125 0 0
0.3125 0 0
0.25 0 0
0.3125 0 0
0.25 0 0
0.3125 0 0
0.25 0 0
0.3125 0 0
0.3125 0 0
0.3125 0 0
0.3125 0 0
0.3125 0 0
0.3125 0 0
0.3125 0 0
0.3125 0 0
0.03125 0 0
0.03125 0 0
0.3125 0 0
0.3125 0 0
0.3125 0 0
0.3125 0 0
0.3125 0 0
0.3125 0 0
0.3125 0 0
0.25 0 0
0.3125 0 0
0.3125 0 0
0.3125 0 0
0.25 0 0
0.3125 0 0
0.25 0 0
0.3125 0 0
0.25 0 0
0.4375 0 0
0.4375 0 0
0.03125 0 0
0.03125 0 0
0.03125 0 0
0.03125 0 0
0.3125 0 0
0.25 0 0
0.3125 0 0
0.3125 0 0
0.25 0 0
0.3125 0 0
0.25 0 0
0.3125 0 0
0.25 0 0
0.3125 0 0
0.25 0 0
0.3125 0 0
0.3125 0 0
0.25 0 0
0.3125 0 0
0.25 0 0
0.3125 0 0
0.25 0 0
0.3125 0 0
0.3125 0 0
0.3125 0 0
0.3125 0 0
0.3125 0 0
0.3125 0 0
0.3125 0 0
0.3125 0 0
0.03125 0 0
0.03125 0 0
0.3125 0 0
0.3125 0 0
0.3125 0 0
0.3125 0 0
0.3125 0 0
0.3125 0 0
0.3125 0 0
0.25 0 0
0.3125 0 0
0.3125 0 0
0.3125 0 0
0.25 0 0
0.3125 0 0
0.25 0 0
0.3125 0 0
0.25 0 0
0.4375 0 0
0.4375 0 0
0.03125 0 0
0.03125 0 0
0.03125 0 0
0.03125 0 0
0.3125 0 0
0.25 0 0
0.3125 0 0
0.3125 0 0
0.25 0 0
0.3125 0 0
0.25 0 0
0.3125 0 0
0.25 0 0
0.3125 0 0
0.25 0 0
0.3125 0 0
0.3125 0 0
0.25 0 0
0.3125 0 0
0.25 0 0
0.3125 0 0
0.25 0 0
0.3125 0 0
0.3125 0 0
0.3125 0 0
0.3125 0 0
0.3125 0 0
0.3125 0 0
0.3125 0 0
0.3125 0 0
0.03125 0 0
0.03125 0 0
0.3125 0 0
0.3125 0 0
0.3125 0 0
0.3125 0 0
0.3125 0 0
0.3125 0 0
0.3125 0 0
0.25 0 0
0.3125 0 0
0.3125 0 0
0.3125 0 0
0.25 0 0
0.3125 0 0
0.25 0 0
0.3125 0 0
0.25 0 0
0.4375 0 0
0.4375 0 0
0.4375 0 0
0.03125 0 0
0.03125 0 0
0.03125 0 0
0.03125 0 0
0.03125 0 0
0.3125 0 0
0.25 0 0
0.3125 0 0
0.3125 0 0
0.25 0 0
0.3125 0 0
0.25 0 0
0.3125 0 0
0.25 0 0
0.3125 0 0
0.25 0 0
0.3125 0 0
0.3125 0 0
0.25 0 0
0.3125 0 0
0.25 0 0
0.3125 0 0
0.25 0 0
0.3125 0 0
0.3125 0 0
0.3125 0 0
0.3125 0 0
0.3125 0 0
0.3125 0 0
0.3125 0 0
0.3125 0 0
0.03125 0 0
0.03125 0 0
0.3125 0 0
0.3125 0 0
0.3125 0 0
0.3125 0 0
0.3125 0 0
0.3125 0 0
0.3125 0 0
0.25 0 0
0.3125 0 0
0.3125 0 0
0.3125 0 0
0.25 0 0
0.3125 0 0
0.25 0 0
0.3125 0 0
0.25 0 0
0.4375 0 0
0.4375 0 0
0.03125 0 0
0.03125 0 0
0.03125 0 0
0.03125 0 0
0.3125 0 0
0.25 0 0
0.3125 0 0
0.3125 0 0
0.25 0 0
0.3125 0 0
0.25 0 0
0.3125 0 0
0.25 0 0
0.3125 0 0
0.25 0 0
0.3125 0 0
0.3125 0 0
0.25 0 0
0.3125 0 0
0.25 0 0
0.3125 0 0
0.25 0 0
0.3125 0 0
0.3125 0 0
0.3125 0 0
0.3125 0 0
0.3125 0 0
0.3125 0 0
0.3125 0 0
0.3125 0 0
0.03125 0 0
0.03125 0 0
0.3125 0 0
0.3125 0 0
0.3125 0 0
0.3125 0 0
0.3125 0 0
0.3125 0 0
0.3125 0 0
0.25 0 0
0.3125 0 0
0.3125 0 0
0.3125 0 0
0.25 0 0
0.3125 0 0
0.25 0 0
0.3125 0 0
0.25 0 0
0.4375 0 0
0.4375 0 0
0.03125 0 0
0.03125 0 0
0.03125 0 0
0.03125 0 0
0.3125 0 0
0.25 0 0
0.3125 0 0
0.3125 0 0
0.25 0 0
0.3125 0 0
0.25 0 0
0.3125 0 0
0.25 0 0
0.3125 0 0
0.25 0 0
0.3125 0 0
0.3125 0 0
0.25 0 0
0.3125 0 0
0.25 0 0
0.3125 0 0
0.25 0 0
0.3125 0 0
0.3125 0 0
0.3125 0 0
0.3125 0 0
0.3125 0 0
0.3125 0 0
0.3125 0 0
0.3125 0 0
0.03125 0 0
0.03125 0 0
0.3125 0 0
0.3125 0 0
0.3125 0 0
0.3125 0 0
0.3125 0 0
0.3125 0 0
0.3125 0 0
0.25 0 0
0.3125 0 0
0.3125 0 0
0.3125 0 0
0.25 0 0
0.3125 0 0
0.25 0 0
0.3125 0 0
0.25 0 0
0.03125 0 0
0.03125 0 0
0.3125 0 0
0.25 0 0
0.3125 0 0
0.3125 0 0
0.3125 0 0
0.25 0 0
0.3125 0 0
0.25 0 0
0.3125 0 0
0.25 0 0
0.03125 0 0
0.03125 0 0
0.3125 0 0
0.25 0 0
0.3125 0 0
0.3125 0 0
0.3125 0 0
0.25 0 0
0.3125 0 0
0.25 0 0
0.3125 0 0
0.25 0 0
0.03125 0 0
0.03125 0 0
0.3125 0 0
0.25 0 0
0.3125 0 0
0.3125 0 0
0.3125 0 0
0.25 0 0
0.3125 0 0
0.25 0 0
0.3125 0 0
0.25 0 0
0.03125 0 0
0.03125 0 0
0.3125 0 0
0.25 0 0
0.3125 0 0
0.3125 0 0
0.3125 0 0
0.25 0 0
0.3125 0 0
0.25 0 0
0.3125 0 0
0.25 0 0
0.03125 0 0
0.03125 0 0
0.3125 0 0
0.25 0 0
0.3125 0 0
0.3125 0 0
0.3125 0 0
0.25 0 0
0.3125 0 0
0.25 0 0
0.3125 0 0
0.25 0 0
0.03125 0 0
0.03125 0 0
0.3125 0 0
0.25 0 0
0.3125 0 0
0.3125 0 0
0.3125 0 0
0.25 0 0
0.3125 0 0
0.25 0 0
0.3125 0 0
0.25 0 0
0.4375 0 0
0.4375 0 0
0.4375 0 0
0.03125 0 0
0.03125 0 0
0.03125 0 0
0.03125 0 0
0.03125 0 0
0.3125 0 0
0.25 0 0
0.3125 0 0
0.3125 0 0
0.25 0 0
0.3125 0 0
0.25 0 0
0.3125 0 0
0.25 0 0
0.3125 0 0
0.25 0 0
0.3125 0 0
0.3125 0 0
0.25 0 0
0.3125 0 0
0.25 0 0
0.3125 0 0
0.25 0 0
0.3125 0 0
0.3125 0 0
0.3125 0 0
0.3125 0 0
0.3125 0 0
0.3125 0 0
0.3125 0 0
0.3125 0 0
0.03125 0 0
0.03125 0 0
0.3125 0 0
0.3125 0 0
0.3125 0 0
0.3125 0 0
0.3125 0 0
0.3125 0 0
0.3125 0 0
0.25 0 0
0.3125 0 0
0.3125 0 0
0.3125 0 0
0.25 0 0
0.3125 0 0
0.25 0 0
0.3125 0 0
0.25 0 0
0.4375 0 0
0.4375 0 0
0.03125 0 0
0.03125 0 0
0.03125 0 0
0.03125 0 0
0.3125 0 0
0.25 0 0
0.3125 0 0
0.3125 0 0
0.25 0 0
0.3125 0 0
0.25 0 0
0.3125 0 0
0.25 0 0
0.3125 0 0
0.25 0 0
0.3125 0 0
0.3125 0 0
0.25 0 0
0.3125 0 0
0.25 0 0
0.3125 0 0
0.25 0 0
0.3125 0 0
0.3125 0 0
0.3125 0 0
0.3125 0 0
0.3125 0 0
0.3125 0 0
0.3125 0 0
0.3125 0 0
0.03125 0 0
0.03125 0 0
0.3125 0 0
0.3125 0 0
0.3125 0 0
0.3125 0 0
0.3125 0 0
0.3125 0 0
0.3125 0 0
0.25 0 0
0.3125 0 0
0.3125 0 0
0.3125 0 0
0.25 0 0
0.3125 0 0
0.25 0 0
0.3125 0 0
0.25 0 0
0.4375 0 0
0.4375 0 0
0.03125 0 0
0.03125 0 0
0.03125 0 0
0.03125 0 0
0.3125 0 0
0.25 0 0
0.3125 0 0
0.3125 0 0
0.25 0 0
0.3125 0 0
0.25 0 0
0.3125 0 0
0.25 0 0
0.3125 0 0
0.25 0 0
0.3125 0 0
0.3125 0 0
0.25 0 0
0.3125 0 0
0.25 0 0
0.3125 0 0
0.25 0 0
0.3125 0 0
0.3125 0 0
0.3125 0 0
0.3125 0 0
0.3125 0 0
0.3125 0 0
0.3125 0 0
0.3125 0 0
0.03125 0 0
0.03125 0 0
0.3125 0 0
0.3125 0 0
0.3125 0 0
0.3125 0 0
0.3125 0 0
0.3125 0 0
0.3125 0 0
0.25 0 0
0.3125 0 0
0.3125 0 0
0.3125 0 0
0.25 0 0
0.3125 0 0
0.25 0 0
0.3125 0 0
0.25 0 0
0.4375 0 0
0.4375 0 0
0.4375 0 0
0.03125 0 0
0.03125 0 0
0.03125 0 0
0.03125 0 0
0.03125 0 0
0.3125 0 0
0.25 0 0
0.3125 0 0
0.3125 0 0
0.25 0 0
0.3125 0 0
0.25 0 0
0.3125 0 0
0.25 0 0
0.3125 0 0
0.25 0 0
0.3125 0 0
0.3125 0 0
0.25 0 0
0.3125 0 0
0.25 0 0
0.3125 0 0
0.25 0 0
0.3125 0 0
0.3125 0 0
0.3125 0 0
0.3125 0 0
0.3125 0 0
0.3125 0 0
0.3125 0 0
0.3125 0 0
0.03125 0 0
0.03125 0 0
0.3125 0 0
0.3125 0 0
0.3125 0 0
0.3125 0 0
0.3125 0 0
0.3125 0 0
0.3125 0 0
0.25 0 0
0.3125 0 0
0.3125 0 0
0.3125 0 0
0.25 0 0
0.3125 0 0
0.25 0 0
0.3125 0 0
0.25 0 0
0.4375 0 0
0.4375 0 0
0.03125 0 0
0.03125 0 0
0.03125 0 0
0.03125 0 0
0.3125 0 0
0.25 0 0
0.3125 0 0
0.3125 0 0
0.25 0 0
0.3125 0 0
0.25 0 0
0.3125 0 0
0.25 0 0
0.3125 0 0
0.25 0 0
0.3125 0 0
0.3125 0 0
0.25 0 0
0.3125 0 0
0.25 0 0
0.3125 0 0
0.25 0 0
0.3125 0 0
0.3125 0 0
0.3125 0 0
0.3125 0 0
0.3125 0 0
0.3125 0 0
0.3125 0 0
0.3125 0 0
0.03125 0 0
0.03125 0 0
0.3125 0 0
0.3125 0 0
0.3125 0 0
0.3125 0 0
0.3125 0 0
0.3125 0 0
0.3125 0 0
0.25 0 0
0.3125 0 0
0.3125 0 0
0.3125 0 0
0.25 0 0
0.3125 0 0
0.25 0 0
0.3125 0 0
0.25 0 0
0.4375 0 0
0.4375 0 0
0.03125 0 0
0.03125 0 0
0.03125 0 0
0.03125 0 0
0.3125 0 0
0.25 0 0
0.3125 0 0
0.3125 0 0
0.25 0 0
0.3125 0 0
0.25 0 0
0.3125 0 0
0.25 0 0
0.3125 0 0
0.25 0 0
0.3125 0 0
0.3125 0 0
0.25 0 0
0.3125 0 0
0.25 0 0
0.3125 0 0
0.25 0 0
0.3125 0 0
0.3125 0 0
0.3125 0 0
0.3125 0 0
0.3125 0 0
0.3125 0 0
0.3125 0 0
0.3125 0 0
0.03125 0 0
0.03125 0 0
0.3125 0 0
0.3125 0 0
0.3125 0 0
0.3125 0 0
0.3125 0 0
0.3125 0 0
0.3125 0 0
0.25 0 0
0.3125 0 0
0.3125 0 0
0.3125 0 0
0.25 0 0
0.3125 0 0
0.25 0 0
0.3125 0 0
0.25 0 0
0.03125 0 0
0.03125 0 0
0.3125 0 0
0.25 0 0
0.3125 0 0
0.3125 0 0
0.3125 0 0
0.25 0 0
0.3125 0 0
0.25 0 0
0.3125 0 0
0.25 0 0
0.03125 0 0
0.03125 0 0
0.3125 0 0
0.25 0 0
0.3125 0 0
0.3125 0 0
0.3125 0 0
0.25 0 0
0.3125 0 0
0.25 0 0
0.3125 0 0
0.25 0 0
0.03125 0 0
0.03125 0 0
0.3125 0 0
0.25 0 0
0.3125 0 0
0.3125 0 0
0.3125 0 0
0.25 0 0
0.3125 0 0
0.25 0 0
0.3125 0 0
0.25 0 0
0.03125 0 0
0.03125 0 0
0.3125 0 0
0.25 0 0
0.3125 0 0
0.3125 0 0
0.3125 0 0
0.25 0 0
0.3125 0 0
0.25 0 0
0.3125 0 0
0.25 0 0
0.03125 0 0
0.03125 0 0
0.3125 0 0
0.25 0 0
0.3125 0 0
0.3125 0 0
0.3125 0 0
0.25 0 0
0.3125 0 0
0.25 0 0
0.3125 0 0
0.25 0 0
0.03125 0 0
0.03125 0 0
0.3125 0 0
0.25 0 0
0.3125 0 0
0.3125 0 0
0.3125 0 0
0.25 0 0
0.3125 0 0
0.25 0 0
0.3125 0 0
0.25 0 0
