# vtk DataFile Version 1.0
Cube
ASCII

DATASET POLYDATA
POINTS 20912 float
-0.000124 14.330887 54.560242
1.598145 15.253505 0.406218
1.598145 15.253505 113.874818
13.957987 6.272168 8.550994
13.957987 6.272168 122.019594
-10.863713 49.264613 8.550994
-10.863713 49.264613 122.019594
12.410974 7.165336 11.273105
12.410974 7.165336 124.741705
-0.000124 14.330887 56.481265
12.410974 7.165336 9.249393
12.410974 7.165336 122.717993
23.272081 0.894673 15.960493
23.272081 0.894673 129.429093
-1.549619 43.887118 15.960493
-1.549619 43.887118 129.429093
22.206858 1.509680 17.807762
-2.614842 44.502125 17.807762
15.214213 5.546885 9.819005
15.214213 5.546885 123.287605
-9.607487 48.539331 9.819005
-9.607487 48.539331 123.287605
14.116970 6.180379 11.607270
14.116970 6.180379 125.075870
-10.704730 49.172825 11.607270
-10.704730 49.172825 125.075870
21.325191 2.018710 14.339027
21.325191 2.018710 127.807627
-3.496509 45.011156 14.339027
-3.496509 45.011156 127.807627
22.069842 1.588786 13.911818
22.069842 1.588786 127.380418
-2.751858 44.581231 13.911818
-2.751858 44.581231 127.380418
21.264874 2.053534 15.677389
21.264874 2.053534 129.145989
-3.556826 45.045980 15.677389
-3.556826 45.045980 129.145989
20.186992 2.675850 16.289552
20.186992 2.675850 129.758152
-4.634708 45.668295 16.289552
-4.634708 45.668295 129.758152
20.127420 2.710244 17.247227
-4.694280 45.702689 17.247227
18.061014 3.903284 16.167006
18.061014 3.903284 129.635606
-6.760686 46.895730 16.167006
-6.760686 46.895730 129.635606
17.999208 3.938968 17.124114
17.999208 3.938968 130.592714
-6.822492 46.931413 17.124114
-6.822492 46.931413 130.592714
17.120768 4.446279 15.436836
17.120768 4.446279 128.905436
-7.700932 47.438724 15.436836
-7.700932 47.438724 128.905436
16.387410 4.869539 15.889008
16.387410 4.869539 129.357608
-8.434290 47.861985 15.889008
-8.434290 47.861985 129.357608
16.109656 5.029901 13.256537
16.109656 5.029901 126.725137
-8.712044 48.022347 13.256537
-8.712044 48.022347 126.725137
15.377291 5.452732 13.710978
15.377291 5.452732 127.179578
-9.444409 48.445177 13.710978
-9.444409 48.445177 127.179578
16.108911 5.030331 11.842150
16.108911 5.030331 125.310750
-8.712789 48.022777 11.842150
-8.712789 48.022777 125.310750
17.212856 4.392968 11.264028
17.212856 4.392968 124.732628
-7.608844 47.385414 11.264028
-7.608844 47.385414 124.732628
17.271311 4.359219 10.306353
17.271311 4.359219 123.774953
-7.550389 47.351665 10.306353
-7.550389 47.351665 123.774953
19.414417 3.121896 11.346860
19.414417 3.121896 124.815460
-5.407283 46.114342 11.346860
-5.407283 46.114342 124.815460
19.472500 3.088362 10.389185
19.472500 3.088362 123.857785
-5.349200 46.080808 10.389185
-5.349200 46.080808 123.857785
20.360868 2.575462 12.088377
20.360868 2.575462 125.556977
-4.460832 45.567908 12.088377
-4.460832 45.567908 125.556977
21.101051 2.148118 11.651523
21.101051 2.148118 125.120123
-3.720649 45.140563 11.651523
-3.720649 45.140563 125.120123
20.322891 2.597389 13.553257
20.322891 2.597389 127.021857
-4.498809 45.589834 13.553257
-4.498809 45.589834 127.021857
19.234211 3.225938 14.196057
19.234211 3.225938 127.664657
-5.587489 46.218384 14.196057
-5.587489 46.218384 127.664657
19.225648 3.230882 15.528745
19.225648 3.230882 128.997345
-5.596052 46.223328 15.528745
-5.596052 46.223328 128.997345
17.117913 4.447783 14.026988
17.117913 4.447783 127.495588
-7.703787 47.440229 14.026988
-7.703787 47.440229 127.495588
18.176807 3.836431 13.370005
18.176807 3.836431 126.838605
-6.644893 46.828876 13.370005
-6.644893 46.828876 126.838605
18.236379 3.802037 12.015190
18.236379 3.802037 125.483790
-6.585321 46.794482 12.015190
-6.585321 46.794482 125.483790
22.314088 1.447771 16.543722
22.314088 1.447771 130.012322
-2.507612 44.440216 16.543722
-2.507612 44.440216 130.012322
15.057836 5.637169 11.026879
15.057836 5.637169 124.495479
-9.763864 48.629615 11.026879
-9.763864 48.629615 124.495479
1.166496 16.778447 1.476226
1.166496 16.778447 114.944826
13.517277 4.736263 7.420846
13.517277 4.736263 120.889446
-11.304423 47.728708 7.420846
-11.304423 47.728708 120.889446
0.000000 18.425702 2.626798
0.000000 18.425702 116.095398
0.000000 20.769221 4.036078
0.000000 20.769221 117.504678
12.410850 0.610923 4.812771
12.410850 0.610923 118.281371
-12.410850 43.603368 4.812771
-12.410850 43.603368 118.281371
12.410850 2.927356 6.258928
12.410850 2.927356 119.727528
-12.410850 45.919801 6.258928
-12.410850 45.919801 119.727528
0.000000 17.107554 1.833085
0.000000 17.107554 115.301685
12.410850 4.227017 7.054910
12.410850 4.227017 120.523510
-12.410850 47.219463 7.054910
-12.410850 47.219463 120.523510
1.204721 19.019643 2.956992
1.204721 19.019643 116.425592
2.029422 18.604551 2.694312
2.029422 18.604551 116.162912
1.228054 20.203655 3.661632
1.228054 20.203655 117.130232
13.639524 1.170684 5.146936
13.639524 1.170684 118.615536
-11.182176 44.163130 5.146936
-11.182176 44.163130 118.615536
13.608869 2.344163 5.853278
13.608869 2.344163 119.321878
-11.212831 45.336609 5.853278
-11.212831 45.336609 119.321878
14.436673 2.776667 6.075109
14.436673 2.776667 119.543709
-10.385027 45.769113 6.075109
-10.385027 45.769113 119.543709
2.454866 20.839298 4.055368
2.454866 20.839298 117.523968
3.290985 20.403140 3.876087
3.290985 20.403140 117.344687
14.862117 0.562556 4.683416
14.862117 0.562556 118.152016
-9.959583 43.555002 4.683416
-9.959583 43.555002 118.152016
15.693892 1.022575 4.817877
15.693892 1.022575 118.286477
-9.127808 44.015021 4.817877
-9.127808 44.015021 118.286477
-1.598145 15.253505 0.406218
-1.598145 15.253505 113.874818
48.045255 15.253505 0.406218
48.045255 15.253505 113.874818
12.410850 8.951887 8.550994
12.410850 8.951887 122.019594
12.410850 19.706877 15.960493
12.410850 19.706877 129.429093
12.410850 18.476863 17.807762
12.410850 10.402452 9.819005
12.410850 10.402452 123.287605
12.410850 9.135465 11.607270
12.410850 9.135465 125.075870
12.410850 17.458802 14.339027
12.410850 17.458802 127.807627
12.410850 18.318651 13.911818
12.410850 18.318651 127.380418
12.410850 17.389154 15.677389
12.410850 17.389154 129.145989
12.410850 16.144523 16.289552
12.410850 16.144523 129.758152
12.410850 16.075735 17.247227
12.410850 13.689655 16.167006
12.410850 13.689655 129.635606
12.410850 13.618287 17.124114
12.410850 13.618287 130.592714
12.410726 12.603880 15.436836
12.410726 12.603880 128.905436
12.410850 11.757144 15.889008
12.410850 11.757144 129.357608
12.410850 11.436420 13.256537
12.410850 11.436420 126.725137
12.410850 10.590759 13.710978
12.410850 10.590759 127.179578
12.410850 11.435561 11.842150
12.410850 11.435561 125.310750
12.410850 12.710287 11.264028
12.410850 12.710287 124.732628
12.410850 12.777785 10.306353
12.410850 12.777785 123.774953
12.410850 15.252430 11.346860
12.410850 15.252430 124.815460
12.410850 15.319498 10.389185
12.410850 15.319498 123.857785
12.410850 16.345298 12.088377
12.410850 16.345298 125.556977
12.410850 17.199988 11.651523
12.410850 17.199988 125.120123
12.410850 16.301446 13.553257
12.410850 16.301446 127.021857
12.410850 15.044346 14.196057
12.410850 15.044346 127.664657
12.410850 15.034458 15.528745
12.410850 15.034458 128.997345
12.410850 12.600656 14.026988
12.410850 12.600656 127.495588
12.410850 13.823361 13.370005
12.410850 13.823361 126.838605
12.410850 13.892149 12.015190
12.410850 13.892149 125.483790
12.410850 18.600682 16.543722
12.410850 18.600682 130.012322
12.410850 10.221884 11.026879
12.410850 10.221884 124.495479
-2.702959 14.117214 1.476226
-2.702959 14.117214 114.944826
46.940441 14.117214 1.476226
46.940441 14.117214 114.944826
13.961337 9.338174 7.420846
13.961337 9.338174 120.889446
-3.546276 12.283372 2.626798
-3.546276 12.283372 116.095398
46.097124 12.283372 2.626798
46.097124 12.283372 116.095398
-5.575823 11.111613 4.036078
-5.575823 11.111613 117.504678
44.067577 11.111613 4.036078
44.067577 11.111613 117.504678
18.087200 10.442650 4.812771
18.087200 10.442650 118.281371
16.081111 9.284434 6.258928
16.081111 9.284434 119.727528
-2.404726 12.942446 1.833085
-2.404726 12.942446 115.301685
47.238674 12.942446 1.833085
47.238674 12.942446 115.301685
14.955571 8.634603 7.054910
14.955571 8.634603 120.523510
-4.663005 13.029720 2.956992
-4.663005 13.029720 116.425592
44.980395 13.029720 2.956992
44.980395 13.029720 116.425592
-4.715875 13.951478 2.694312
-4.715875 13.951478 116.162912
44.927525 13.951478 2.694312
44.927525 13.951478 116.162912
-5.700055 12.457921 3.661632
-5.700055 12.457921 117.130232
43.943345 12.457921 3.661632
43.943345 12.457921 117.130232
16.988096 11.226832 5.146936
16.988096 11.226832 118.615536
15.987161 10.613545 5.853278
15.987161 10.613545 119.321878
15.198699 11.114192 6.075109
15.198699 11.114192 119.543709
-6.863945 13.202550 4.055368
-6.863945 13.202550 117.523968
42.779455 13.202550 4.055368
42.779455 13.202550 117.523968
-6.904280 14.144730 3.876087
-6.904280 14.144730 117.344687
42.739120 14.144730 3.876087
42.739120 14.144730 117.344687
16.903454 12.589693 4.683416
16.903454 12.589693 118.152016
16.089178 13.080022 4.817877
16.089178 13.080022 118.286477
0.000000 12.485436 0.406218
0.000000 12.485436 113.874818
49.643400 12.485436 0.406218
49.643400 12.485436 113.874818
10.863713 6.272168 8.550994
10.863713 6.272168 122.019594
-13.957987 49.264613 8.550994
-13.957987 49.264613 122.019594
1.549619 0.894673 15.960493
1.549619 0.894673 129.429093
-23.272081 43.887118 15.960493
-23.272081 43.887118 129.429093
51.193019 0.894673 15.960493
51.193019 0.894673 129.429093
26.371319 43.887118 15.960493
26.371319 43.887118 129.429093
2.614842 1.509680 17.807762
-22.206858 44.502125 17.807762
52.258242 1.509680 17.807762
27.436542 44.502125 17.807762
9.607487 5.546885 9.819005
9.607487 5.546885 123.287605
-15.214213 48.539331 9.819005
-15.214213 48.539331 123.287605
10.704730 6.180379 11.607270
10.704730 6.180379 125.075870
-14.116970 49.172825 11.607270
-14.116970 49.172825 125.075870
3.496509 2.018710 14.339027
3.496509 2.018710 127.807627
-21.325191 45.011156 14.339027
-21.325191 45.011156 127.807627
53.139909 2.018710 14.339027
53.139909 2.018710 127.807627
28.318209 45.011156 14.339027
28.318209 45.011156 127.807627
2.751858 1.588786 13.911818
2.751858 1.588786 127.380418
-22.069842 44.581231 13.911818
-22.069842 44.581231 127.380418
52.395258 1.588786 13.911818
52.395258 1.588786 127.380418
27.573558 44.581231 13.911818
27.573558 44.581231 127.380418
3.556826 2.053534 15.677389
3.556826 2.053534 129.145989
-21.264874 45.045980 15.677389
-21.264874 45.045980 129.145989
53.200226 2.053534 15.677389
53.200226 2.053534 129.145989
28.378526 45.045980 15.677389
28.378526 45.045980 129.145989
4.634708 2.675850 16.289552
4.634708 2.675850 129.758152
-20.186992 45.668295 16.289552
-20.186992 45.668295 129.758152
54.278108 2.675850 16.289552
54.278108 2.675850 129.758152
29.456408 45.668295 16.289552
29.456408 45.668295 129.758152
4.694280 2.710244 17.247227
-20.127420 45.702689 17.247227
54.337680 2.710244 17.247227
29.515980 45.702689 17.247227
6.760686 3.903284 16.167006
6.760686 3.903284 129.635606
-18.061014 46.895730 16.167006
-18.061014 46.895730 129.635606
6.822492 3.938968 17.124114
6.822492 3.938968 130.592714
-17.999208 46.931413 17.124114
-17.999208 46.931413 130.592714
7.701057 4.446064 15.436836
7.701057 4.446064 128.905436
-17.120643 47.438509 15.436836
-17.120643 47.438509 128.905436
8.434290 4.869539 15.889008
8.434290 4.869539 129.357608
-16.387410 47.861985 15.889008
-16.387410 47.861985 129.357608
8.712044 5.029901 13.256537
8.712044 5.029901 126.725137
-16.109656 48.022347 13.256537
-16.109656 48.022347 126.725137
9.444409 5.452732 13.710978
9.444409 5.452732 127.179578
-15.377291 48.445177 13.710978
-15.377291 48.445177 127.179578
8.712789 5.030331 11.842150
8.712789 5.030331 125.310750
-16.108911 48.022777 11.842150
-16.108911 48.022777 125.310750
7.608844 4.392968 11.264028
7.608844 4.392968 124.732628
-17.212856 47.385414 11.264028
-17.212856 47.385414 124.732628
7.550389 4.359219 10.306353
7.550389 4.359219 123.774953
-17.271311 47.351665 10.306353
-17.271311 47.351665 123.774953
5.407283 3.121896 11.346860
5.407283 3.121896 124.815460
-19.414417 46.114342 11.346860
-19.414417 46.114342 124.815460
55.050683 3.121896 11.346860
55.050683 3.121896 124.815460
30.228983 46.114342 11.346860
30.228983 46.114342 124.815460
5.349200 3.088362 10.389185
5.349200 3.088362 123.857785
-19.472500 46.080808 10.389185
-19.472500 46.080808 123.857785
54.992600 3.088362 10.389185
54.992600 3.088362 123.857785
30.170900 46.080808 10.389185
30.170900 46.080808 123.857785
4.460832 2.575462 12.088377
4.460832 2.575462 125.556977
-20.360868 45.567908 12.088377
-20.360868 45.567908 125.556977
54.104232 2.575462 12.088377
54.104232 2.575462 125.556977
29.282532 45.567908 12.088377
29.282532 45.567908 125.556977
3.720649 2.148118 11.651523
3.720649 2.148118 125.120123
-21.101051 45.140563 11.651523
-21.101051 45.140563 125.120123
53.364049 2.148118 11.651523
53.364049 2.148118 125.120123
28.542349 45.140563 11.651523
28.542349 45.140563 125.120123
4.498809 2.597389 13.553257
4.498809 2.597389 127.021857
-20.322891 45.589834 13.553257
-20.322891 45.589834 127.021857
54.142209 2.597389 13.553257
54.142209 2.597389 127.021857
29.320509 45.589834 13.553257
29.320509 45.589834 127.021857
5.587489 3.225938 14.196057
5.587489 3.225938 127.664657
-19.234211 46.218384 14.196057
-19.234211 46.218384 127.664657
55.230889 3.225938 14.196057
55.230889 3.225938 127.664657
30.409189 46.218384 14.196057
30.409189 46.218384 127.664657
5.596052 3.230882 15.528745
5.596052 3.230882 128.997345
-19.225648 46.223328 15.528745
-19.225648 46.223328 128.997345
55.239452 3.230882 15.528745
55.239452 3.230882 128.997345
30.417752 46.223328 15.528745
30.417752 46.223328 128.997345
7.703787 4.447783 14.026988
7.703787 4.447783 127.495588
-17.117913 47.440229 14.026988
-17.117913 47.440229 127.495588
6.644893 3.836431 13.370005
6.644893 3.836431 126.838605
-18.176807 46.828876 13.370005
-18.176807 46.828876 126.838605
6.585321 3.802037 12.015190
6.585321 3.802037 125.483790
-18.236379 46.794482 12.015190
-18.236379 46.794482 125.483790
2.507612 1.447771 16.543722
2.507612 1.447771 130.012322
-22.314088 44.440216 16.543722
-22.314088 44.440216 130.012322
52.151012 1.447771 16.543722
52.151012 1.447771 130.012322
27.329312 44.440216 16.543722
27.329312 44.440216 130.012322
9.763864 5.637169 11.026879
9.763864 5.637169 124.495479
-15.057836 48.629615 11.026879
-15.057836 48.629615 124.495479
1.536463 12.096784 1.476226
1.536463 12.096784 114.944826
9.753935 7.421786 7.420846
9.753935 7.421786 120.889446
3.546276 12.283372 2.626798
3.546276 12.283372 116.095398
5.575823 11.111613 4.036078
5.575823 11.111613 117.504678
6.734500 10.442650 4.812771
6.734500 10.442650 118.281371
8.740589 9.284434 6.258928
8.740589 9.284434 119.727528
2.404726 12.942446 1.833085
2.404726 12.942446 115.301685
9.866129 8.634603 7.054910
9.866129 8.634603 120.523510
3.458283 10.943082 2.956992
3.458283 10.943082 116.425592
2.686453 10.436416 2.694312
2.686453 10.436416 116.162912
4.472002 10.330870 3.661632
4.472002 10.330870 117.130232
6.604930 9.098706 5.146936
6.604930 9.098706 118.615536
7.636520 8.538515 5.853278
7.636520 8.538515 119.321878
7.597178 7.605364 6.075109
7.597178 7.605364 119.543709
4.409079 8.950597 4.055368
4.409079 8.950597 117.523968
3.613295 8.444576 3.876087
3.613295 8.444576 117.344687
5.466979 8.343974 4.683416
5.466979 8.343974 118.152016
5.449480 7.393626 4.817877
5.449480 7.393626 118.286477
12.410974 7.165336 2.174058
12.410974 7.165336 115.642658
12.410850 9.010787 56.328082
-1.547137 15.224055 48.183306
48.096263 15.224055 48.183306
-0.000124 14.330887 45.461195
12.410974 7.165336 0.253035
12.410974 7.165336 113.721635
-0.000124 14.330887 47.484907
-10.861231 20.601550 40.773807
38.782169 20.601550 40.773807
-9.796008 19.986543 38.926538
39.847392 19.986543 38.926538
-2.803363 15.949337 46.915295
46.840037 15.949337 46.915295
-1.706120 15.315844 45.127030
47.937280 15.315844 45.127030
-8.914341 19.477512 42.395273
40.729059 19.477512 42.395273
-9.658992 19.907437 42.822482
39.984408 19.907437 42.822482
-8.854024 19.442689 41.056911
40.789376 19.442689 41.056911
-7.776142 18.820373 40.444748
41.867258 18.820373 40.444748
-7.716570 18.785979 39.487073
41.926830 18.785979 39.487073
-5.650164 17.592939 40.567294
43.993236 17.592939 40.567294
-5.588358 17.557255 39.610186
44.055042 17.557255 39.610186
-4.709793 17.050159 41.297464
44.933607 17.050159 41.297464
-3.976560 16.626683 40.845292
45.666840 16.626683 40.845292
-3.698806 16.466322 43.477763
45.944594 16.466322 43.477763
-2.966441 16.043491 43.023322
46.676959 16.043491 43.023322
-3.698061 16.465892 44.892150
45.945339 16.465892 44.892150
-4.802006 17.103255 45.470272
44.841394 17.103255 45.470272
-4.860461 17.137004 46.427947
44.782939 17.137004 46.427947
-7.003567 18.374326 45.387440
42.639833 18.374326 45.387440
-7.061650 18.407860 46.345115
42.581750 18.407860 46.345115
-7.950018 18.920760 44.645923
41.693382 18.920760 44.645923
-8.690201 19.348105 45.082777
40.953199 19.348105 45.082777
-7.912041 18.898834 43.181043
41.731359 18.898834 43.181043
-6.823361 18.270285 42.538243
42.820039 18.270285 42.538243
-6.814798 18.265340 41.205555
42.828602 18.265340 41.205555
-4.707063 17.048439 42.707312
44.936337 17.048439 42.707312
-5.765957 17.659792 43.364295
43.877443 17.659792 43.364295
-5.825529 17.694186 44.719110
43.817871 17.694186 44.719110
-9.903238 20.048452 40.190578
39.740162 20.048452 40.190578
-2.646986 15.859053 45.707421
46.996414 15.859053 45.707421
13.947313 9.399438 55.258074
-2.656915 14.074437 49.313454
46.986485 14.074437 49.313454
15.957126 9.212851 54.107502
17.986673 10.384610 52.698222
-5.676350 11.053573 51.921529
43.967050 11.053573 51.921529
-3.670261 12.211789 50.475372
45.973139 12.211789 50.475372
14.815576 8.553777 54.901215
-2.544721 12.861620 49.679390
47.098679 12.861620 49.679390
15.869133 10.553141 53.777308
15.097303 11.059807 54.039988
16.882852 11.165353 53.072668
-5.805920 12.397517 51.587364
43.837480 12.397517 51.587364
-4.774330 12.957708 50.881022
44.869070 12.957708 50.881022
-4.813672 13.890859 50.659191
44.829728 13.890859 50.659191
16.819929 12.545626 52.678932
16.024145 13.051647 52.858213
-6.943871 13.152249 52.050884
42.699529 13.152249 52.050884
-6.961370 14.102597 51.916423
42.682030 14.102597 51.916423
10.812705 6.242718 56.328082
-14.008995 49.235164 56.328082
0.000000 12.544336 48.183306
49.643400 12.544336 48.183306
0.000000 1.789346 40.773807
-24.821700 44.781791 40.773807
49.643400 1.789346 40.773807
24.821700 44.781791 40.773807
0.000000 3.019359 38.926538
-24.821700 46.011805 38.926538
49.643400 3.019359 38.926538
24.821700 46.011805 38.926538
0.000000 11.093771 46.915295
49.643400 11.093771 46.915295
0.000000 12.360758 45.127030
49.643400 12.360758 45.127030
0.000000 4.037421 42.395273
-24.821700 47.029866 42.395273
49.643400 4.037421 42.395273
24.821700 47.029866 42.395273
0.000000 3.177572 42.822482
-24.821700 46.170017 42.822482
49.643400 3.177572 42.822482
24.821700 46.170017 42.822482
0.000000 4.107068 41.056911
-24.821700 47.099514 41.056911
49.643400 4.107068 41.056911
24.821700 47.099514 41.056911
0.000000 5.351700 40.444748
-24.821700 48.344145 40.444748
49.643400 5.351700 40.444748
24.821700 48.344145 40.444748
0.000000 5.420488 39.487073
-24.821700 48.412933 39.487073
49.643400 5.420488 39.487073
24.821700 48.412933 39.487073
0.000000 7.806568 40.567294
49.643400 7.806568 40.567294
0.000000 7.877936 39.610186
49.643400 7.877936 39.610186
-0.000124 8.892342 41.297464
49.643276 8.892342 41.297464
0.000000 9.739079 40.845292
49.643400 9.739079 40.845292
0.000000 10.059802 43.477763
49.643400 10.059802 43.477763
0.000000 10.905464 43.023322
49.643400 10.905464 43.023322
0.000000 10.060662 44.892150
49.643400 10.060662 44.892150
0.000000 8.785936 45.470272
49.643400 8.785936 45.470272
0.000000 8.718438 46.427947
49.643400 8.718438 46.427947
0.000000 6.243793 45.387440
-24.821700 49.236238 45.387440
49.643400 6.243793 45.387440
24.821700 49.236238 45.387440
0.000000 6.176725 46.345115
-24.821700 49.169170 46.345115
49.643400 6.176725 46.345115
24.821700 49.169170 46.345115
0.000000 5.150925 44.645923
-24.821700 48.143370 44.645923
49.643400 5.150925 44.645923
24.821700 48.143370 44.645923
0.000000 4.296235 45.082777
-24.821700 47.288681 45.082777
49.643400 4.296235 45.082777
24.821700 47.288681 45.082777
0.000000 5.194777 43.181043
-24.821700 48.187223 43.181043
49.643400 5.194777 43.181043
24.821700 48.187223 43.181043
0.000000 6.451876 42.538243
-24.821700 49.444322 42.538243
49.643400 6.451876 42.538243
24.821700 49.444322 42.538243
0.000000 6.461765 41.205555
-24.821700 49.454210 41.205555
49.643400 6.461765 41.205555
24.821700 49.454210 41.205555
0.000000 8.895567 42.707312
49.643400 8.895567 42.707312
0.000000 7.672862 43.364295
49.643400 7.672862 43.364295
0.000000 7.604074 44.719110
49.643400 7.604074 44.719110
0.000000 2.895541 40.190578
-24.821700 45.887987 40.190578
49.643400 2.895541 40.190578
24.821700 45.887987 40.190578
0.000000 11.274339 45.707421
49.643400 11.274339 45.707421
9.707891 7.379008 55.258074
1.550487 12.158049 49.313454
8.864574 9.212851 54.107502
6.835027 10.384610 52.698222
5.676350 11.053573 51.921529
3.670261 12.211789 50.475372
10.006124 8.553777 54.901215
2.544721 12.861620 49.679390
7.747845 8.466502 53.777308
7.694975 7.544744 54.039988
6.710795 9.038302 53.072668
4.577246 10.269391 51.587364
3.576311 10.882678 50.881022
2.787849 10.382031 50.659191
5.546905 8.293673 52.678932
5.506570 7.351493 52.858213
4.492604 8.906530 52.050884
3.678328 8.416201 51.916423
14.008995 6.242718 56.328082
-10.812705 49.235164 56.328082
1.547137 15.224055 48.183306
10.861231 20.601550 40.773807
9.796008 19.986543 38.926538
2.803363 15.949337 46.915295
1.706120 15.315844 45.127030
8.914341 19.477512 42.395273
9.658992 19.907437 42.822482
8.854024 19.442689 41.056911
7.776142 18.820373 40.444748
7.716570 18.785979 39.487073
5.650164 17.592939 40.567294
5.588358 17.557255 39.610186
4.709918 17.049944 41.297464
3.976560 16.626683 40.845292
3.698806 16.466322 43.477763
2.966441 16.043491 43.023322
3.698061 16.465892 44.892150
4.802006 17.103255 45.470272
4.860461 17.137004 46.427947
7.003567 18.374326 45.387440
7.061650 18.407860 46.345115
7.950018 18.920760 44.645923
8.690201 19.348105 45.082777
7.912041 18.898834 43.181043
6.823361 18.270285 42.538243
6.814798 18.265340 41.205555
4.707063 17.048439 42.707312
5.765957 17.659792 43.364295
5.825529 17.694186 44.719110
9.903238 20.048452 40.190578
2.646986 15.859053 45.707421
13.577346 4.717776 55.258074
-11.244354 47.710222 55.258074
1.106427 16.759960 49.313454
12.410850 3.070520 54.107502
-12.410850 46.062966 54.107502
12.410850 0.727002 52.698222
-12.410850 43.719448 52.698222
0.000000 20.885300 51.921529
0.000000 18.568867 50.475372
12.410850 4.388669 54.901215
-12.410850 47.381114 54.901215
0.000000 17.269206 49.679390
13.615571 2.476580 53.777308
-11.206129 45.469025 53.777308
14.440272 2.891672 54.039988
-10.381428 45.884117 54.039988
13.638904 1.292568 53.072668
-11.182796 44.285013 53.072668
1.228674 20.325538 51.587364
1.198019 19.152060 50.881022
2.025823 18.719556 50.659191
14.865716 0.656925 52.678932
-9.955984 43.649370 52.678932
15.701835 1.093083 52.858213
-9.119865 44.085528 52.858213
2.451267 20.933667 52.050884
3.283042 20.473647 51.916423
11.244354 4.717776 55.258074
-13.577346 47.710222 55.258074
-1.106427 16.759960 49.313454
11.206129 2.476580 53.777308
-13.615571 45.469025 53.777308
10.381428 2.891672 54.039988
-14.440272 45.884117 54.039988
11.182796 1.292568 53.072668
-13.638904 44.285013 53.072668
-1.228674 20.325538 51.587364
-1.198019 19.152060 50.881022
-2.025823 18.719556 50.659191
9.955984 0.656925 52.678932
-14.865716 43.649370 52.678932
9.119865 1.093083 52.858213
-15.701835 44.085528 52.858213
-2.451267 20.933667 52.050884
-3.283042 20.473647 51.916423
15.113809 7.379008 55.258074
-1.550487 12.158049 49.313454
48.092913 12.158049 49.313454
17.073855 8.466502 53.777308
17.126725 7.544744 54.039988
18.110905 9.038302 53.072668
-4.577246 10.269391 51.587364
45.066154 10.269391 51.587364
-3.576311 10.882678 50.881022
46.067089 10.882678 50.881022
-2.787849 10.382031 50.659191
46.855551 10.382031 50.659191
19.274795 8.293673 52.678932
19.315130 7.351493 52.858213
-4.492604 8.906530 52.050884
45.150796 8.906530 52.050884
-3.678328 8.416201 51.916423
45.965072 8.416201 51.916423
10.874387 9.399438 55.258074
2.656915 14.074437 49.313454
8.952567 10.553141 53.777308
9.724397 11.059807 54.039988
7.938848 11.165353 53.072668
5.805920 12.397517 51.587364
4.774330 12.957708 50.881022
4.813672 13.890859 50.659191
8.001771 12.545626 52.678932
8.797555 13.051647 52.858213
6.943871 13.152249 52.050884
6.961370 14.102597 51.916423
-1.536463 12.096784 1.476226
-1.536463 12.096784 114.944826
48.106937 12.096784 1.476226
48.106937 12.096784 114.944826
15.067765 7.421786 7.420846
15.067765 7.421786 120.889446
-3.458283 10.943082 2.956992
-3.458283 10.943082 116.425592
46.185117 10.943082 2.956992
46.185117 10.943082 116.425592
-2.686453 10.436416 2.694312
-2.686453 10.436416 116.162912
46.956947 10.436416 2.694312
46.956947 10.436416 116.162912
-4.472002 10.330870 3.661632
-4.472002 10.330870 117.130232
45.171398 10.330870 3.661632
45.171398 10.330870 117.130232
18.216770 9.098706 5.146936
18.216770 9.098706 118.615536
17.185180 8.538515 5.853278
17.185180 8.538515 119.321878
17.224522 7.605364 6.075109
17.224522 7.605364 119.543709
-4.409079 8.950597 4.055368
-4.409079 8.950597 117.523968
45.234321 8.950597 4.055368
45.234321 8.950597 117.523968
-3.613295 8.444576 3.876087
-3.613295 8.444576 117.344687
46.030105 8.444576 3.876087
46.030105 8.444576 117.344687
19.354721 8.343974 4.683416
19.354721 8.343974 118.152016
19.372220 7.393626 4.817877
19.372220 7.393626 118.286477
2.702959 14.117214 1.476226
2.702959 14.117214 114.944826
10.860363 9.338174 7.420846
10.860363 9.338174 120.889446
4.663005 13.029720 2.956992
4.663005 13.029720 116.425592
4.715875 13.951478 2.694312
4.715875 13.951478 116.162912
5.700055 12.457921 3.661632
5.700055 12.457921 117.130232
7.833604 11.226832 5.146936
7.833604 11.226832 118.615536
8.834539 10.613545 5.853278
8.834539 10.613545 119.321878
9.623001 11.114192 6.075109
9.623001 11.114192 119.543709
6.863945 13.202550 4.055368
6.863945 13.202550 117.523968
6.904280 14.144730 3.876087
6.904280 14.144730 117.344687
7.918246 12.589693 4.683416
7.918246 12.589693 118.152016
8.732522 13.080022 4.817877
8.732522 13.080022 118.286477
-1.166496 16.778447 1.476226
-1.166496 16.778447 114.944826
11.304423 4.736263 7.420846
11.304423 4.736263 120.889446
-13.517277 47.728708 7.420846
-13.517277 47.728708 120.889446
-1.204721 19.019643 2.956992
-1.204721 19.019643 116.425592
-2.029422 18.604551 2.694312
-2.029422 18.604551 116.162912
-1.228054 20.203655 3.661632
-1.228054 20.203655 117.130232
11.182176 1.170684 5.146936
11.182176 1.170684 118.615536
-13.639524 44.163130 5.146936
-13.639524 44.163130 118.615536
11.212831 2.344163 5.853278
11.212831 2.344163 119.321878
-13.608869 45.336609 5.853278
-13.608869 45.336609 119.321878
10.385027 2.776667 6.075109
10.385027 2.776667 119.543709
-14.436673 45.769113 6.075109
-14.436673 45.769113 119.543709
-2.454866 20.839298 4.055368
-2.454866 20.839298 117.523968
-3.290985 20.403140 3.876087
-3.290985 20.403140 117.344687
9.959583 0.562556 4.683416
9.959583 0.562556 118.152016
-14.862117 43.555002 4.683416
-14.862117 43.555002 118.152016
9.127808 1.022575 4.817877
9.127808 1.022575 118.286477
-15.693892 44.015021 4.817877
-15.693892 44.015021 118.286477
24.821576 0.000072 16.737375
24.821576 0.000072 130.205975
-0.000124 42.992517 16.737375
-0.000124 42.992517 130.205975
1.598145 0.922690 19.317651
-23.223555 43.915135 19.317651
51.241545 0.922690 19.317651
26.419845 43.915135 19.317651
1.547137 13.437575 27.462427
0.000124 14.330744 30.184539
24.821576 0.000072 18.658398
-0.000124 42.992517 18.658398
0.000124 14.330744 28.160826
10.861231 8.060080 34.871927
9.796008 8.675087 36.719195
2.803363 12.712293 28.730439
1.706120 13.345787 30.518704
8.914341 9.184118 33.250460
9.658992 8.754193 32.823251
8.854024 9.218942 34.588822
7.776142 9.841257 35.200986
7.716570 9.875651 36.158661
5.650164 11.068692 35.078439
5.588358 11.104375 36.035547
4.709918 11.611686 34.348269
3.976560 12.034947 34.800441
3.698806 12.195309 32.167970
2.966441 12.618139 32.622412
3.698061 12.195739 30.753584
4.802006 11.558376 30.175461
4.860461 11.524627 29.217786
7.003567 10.287304 30.258293
7.061650 10.253770 29.300618
7.950018 9.740870 30.999811
8.690201 9.313525 30.562957
7.912041 9.762796 32.464690
6.823361 10.391346 33.107490
6.814798 10.396290 34.440179
4.707063 11.613191 32.938422
5.765957 11.001838 32.281438
5.825529 10.967445 30.926623
9.903238 8.613178 35.455155
2.646986 12.802577 29.938312
1.166496 2.447632 20.387660
-23.655204 45.440077 20.387660
50.809896 2.447632 20.387660
25.988196 45.440077 20.387660
1.106427 11.901670 26.332280
0.000000 4.094887 21.538231
-24.821700 47.087333 21.538231
49.643400 4.094887 21.538231
24.821700 47.087333 21.538231
0.000000 6.438405 22.947511
-24.821700 49.430851 22.947511
49.643400 6.438405 22.947511
24.821700 49.430851 22.947511
0.000000 7.776330 23.724204
49.643400 7.776330 23.724204
0.000000 10.092763 25.170361
49.643400 10.092763 25.170361
-0.000000 2.776739 20.744519
-24.821700 45.769184 20.744519
49.643400 2.776739 20.744519
24.821700 45.769184 20.744519
0.000000 11.392425 25.966344
49.643400 11.392425 25.966344
1.204721 4.688828 21.868425
-23.616979 47.681273 21.868425
50.848121 4.688828 21.868425
26.026421 47.681273 21.868425
2.029422 4.273736 21.605745
-22.792278 47.266181 21.605745
51.672822 4.273736 21.605745
26.851122 47.266181 21.605745
1.228054 5.872840 22.573065
-23.593646 48.865285 22.573065
50.871454 5.872840 22.573065
26.049754 48.865285 22.573065
1.228674 8.336092 24.058369
50.872074 8.336092 24.058369
1.198019 9.509571 24.764711
50.841419 9.509571 24.764711
2.025823 9.942075 24.986542
2.454866 6.508483 22.966801
52.098266 6.508483 22.966801
3.290985 6.072325 22.787521
-21.530715 49.064770 22.787521
52.934385 6.072325 22.787521
28.112685 49.064770 22.787521
2.451267 7.727964 23.594850
52.094667 7.727964 23.594850
3.283042 8.187983 23.729310
12.410850 21.496079 16.737375
12.410850 21.496079 130.205975
23.223555 0.922690 19.317651
-1.598145 43.915135 19.317651
0.000000 16.117295 27.462427
12.410850 21.496079 18.658398
12.410850 5.376062 34.871927
-12.410850 48.368508 34.871927
12.410850 4.146048 36.719195
-12.410850 47.138494 36.719195
0.000000 17.567860 28.730439
0.000000 16.300872 30.518704
12.410850 3.127987 33.250460
-12.410850 46.120433 33.250460
12.410850 3.987836 32.823251
-12.410850 46.980281 32.823251
12.410850 3.058339 34.588822
-12.410850 46.050785 34.588822
12.410850 1.813708 35.200986
-12.410850 44.806153 35.200986
12.410850 1.744920 36.158661
-12.410850 44.737366 36.158661
0.000000 20.855062 35.078439
0.000000 20.783695 36.035547
-0.000124 19.769288 34.348269
0.000000 18.922552 34.800441
0.000000 18.601828 32.167970
0.000000 17.756167 32.622412
0.000000 18.600968 30.753584
0.000000 19.875694 30.175461
0.000000 19.943192 29.217786
12.410850 0.921615 30.258293
-12.410850 43.914060 30.258293
12.410850 0.988683 29.300618
-12.410850 43.981128 29.300618
12.410850 2.014483 30.999811
-12.410850 45.006928 30.999811
12.410850 2.869173 30.562957
-12.410850 45.861618 30.562957
12.410850 1.970630 32.464690
-12.410850 44.963076 32.464690
12.410850 0.713531 33.107490
-12.410850 43.705977 33.107490
12.410850 0.703643 34.440179
-12.410850 43.696089 34.440179
0.000000 19.766063 32.938422
0.000000 20.988769 32.281438
0.000000 21.057557 30.926623
12.410850 4.269866 35.455155
-12.410850 47.262312 35.455155
0.000000 17.387291 29.938312
9.707891 21.282622 20.387660
1.550487 16.503582 26.332280
8.864574 19.448779 21.538231
6.835027 18.277020 22.947511
5.676350 17.608058 23.724204
3.670261 16.449841 25.170361
10.006124 20.107853 20.744519
2.544721 15.800010 25.966344
7.747845 20.195128 21.868425
7.694975 21.116886 21.605745
6.710795 19.623329 22.573065
4.577246 18.392240 24.058369
3.576311 17.778953 24.764711
2.787849 18.279600 24.986542
5.546905 20.367958 22.966801
5.506570 21.310137 22.787521
4.492604 19.755100 23.594850
3.678328 20.245429 23.729310
0.000124 0.000072 16.737375
0.000124 0.000072 130.205975
-24.821576 42.992517 16.737375
-24.821576 42.992517 130.205975
49.643524 0.000072 16.737375
49.643524 0.000072 130.205975
24.821824 42.992517 16.737375
24.821824 42.992517 130.205975
12.410850 19.650844 19.317651
-1.547137 13.437575 27.462427
48.096263 13.437575 27.462427
0.000124 0.000072 18.658398
-24.821576 42.992517 18.658398
49.643524 0.000072 18.658398
24.821824 42.992517 18.658398
13.960469 8.060080 34.871927
15.025692 8.675087 36.719195
-2.803363 12.712293 28.730439
46.840037 12.712293 28.730439
-1.706120 13.345787 30.518704
47.937280 13.345787 30.518704
15.907359 9.184118 33.250460
15.162708 8.754193 32.823251
15.967676 9.218942 34.588822
17.045558 9.841257 35.200986
17.105130 9.875651 36.158661
-5.650164 11.068692 35.078439
43.993236 11.068692 35.078439
-5.588358 11.104375 36.035547
44.055042 11.104375 36.035547
-4.709793 11.611471 34.348269
44.933607 11.611471 34.348269
-3.976560 12.034947 34.800441
45.666840 12.034947 34.800441
-3.698806 12.195309 32.167970
45.944594 12.195309 32.167970
-2.966441 12.618139 32.622412
46.676959 12.618139 32.622412
-3.698061 12.195739 30.753584
45.945339 12.195739 30.753584
-4.802006 11.558376 30.175461
44.841394 11.558376 30.175461
-4.860461 11.524627 29.217786
44.782939 11.524627 29.217786
17.818133 10.287304 30.258293
17.760050 10.253770 29.300618
16.871682 9.740870 30.999811
16.131499 9.313525 30.562957
16.909659 9.762796 32.464690
17.998339 10.391346 33.107490
18.006902 10.396290 34.440179
-4.707063 11.613191 32.938422
44.936337 11.613191 32.938422
-5.765957 11.001838 32.281438
43.877443 11.001838 32.281438
-5.825529 10.967445 30.926623
43.817871 10.967445 30.926623
14.918462 8.613178 35.455155
-2.646986 12.802577 29.938312
46.996414 12.802577 29.938312
-10.874387 19.262192 20.387660
38.769013 19.262192 20.387660
-2.656915 14.587193 26.332280
46.986485 14.587193 26.332280
-8.864574 19.448779 21.538231
40.778826 19.448779 21.538231
-6.835027 18.277020 22.947511
42.808373 18.277020 22.947511
-5.676350 17.608058 23.724204
43.967050 17.608058 23.724204
-3.670261 16.449841 25.170361
45.973139 16.449841 25.170361
-10.006124 20.107853 20.744519
39.637276 20.107853 20.744519
-2.544721 15.800010 25.966344
47.098679 15.800010 25.966344
-8.952567 18.108490 21.868425
40.690833 18.108490 21.868425
-9.724397 17.601824 21.605745
39.919003 17.601824 21.605745
-7.938848 17.496277 22.573065
41.704552 17.496277 22.573065
-5.805920 16.264114 24.058369
43.837480 16.264114 24.058369
-4.774330 15.703922 24.764711
44.869070 15.703922 24.764711
-4.813672 14.770771 24.986542
44.829728 14.770771 24.986542
-8.001771 16.116005 22.966801
41.641629 16.116005 22.966801
-8.797555 15.609984 22.787521
40.845845 15.609984 22.787521
-6.943871 15.509381 23.594850
42.699529 15.509381 23.594850
-6.961370 14.559033 23.729310
42.682030 14.559033 23.729310
0.000124 14.330744 21.085492
-0.000000 16.176194 18.505216
23.274563 0.893240 10.360440
23.274563 0.893240 123.829040
-1.547137 43.885685 10.360440
-1.547137 43.885685 123.829040
24.821576 0.000072 7.638328
24.821576 0.000072 121.106928
-0.000124 42.992517 7.638328
-0.000124 42.992517 121.106928
0.000124 14.330744 19.164468
24.821576 0.000072 9.662040
24.821576 0.000072 123.130640
-0.000124 42.992517 9.662040
-0.000124 42.992517 123.130640
13.960469 6.270735 2.950940
13.960469 6.270735 116.419540
-10.861231 49.263180 2.950940
-10.861231 49.263180 116.419540
15.025692 5.655728 1.103671
15.025692 5.655728 114.572271
-9.796008 48.648173 1.103671
-9.796008 48.648173 114.572271
22.018337 1.618522 9.092428
22.018337 1.618522 122.561028
-2.803363 44.610968 9.092428
-2.803363 44.610968 122.561028
23.115580 0.985029 7.304163
23.115580 0.985029 120.772763
-1.706120 43.977474 7.304163
-1.706120 43.977474 120.772763
15.907359 5.146697 4.572406
15.907359 5.146697 118.041006
-8.914341 48.139143 4.572406
-8.914341 48.139143 118.041006
15.162708 5.576622 4.999616
15.162708 5.576622 118.468216
-9.658992 48.569067 4.999616
-9.658992 48.569067 118.468216
15.967676 5.111873 3.234044
15.967676 5.111873 116.702644
-8.854024 48.104319 3.234044
-8.854024 48.104319 116.702644
17.045558 4.489558 2.621881
17.045558 4.489558 116.090481
-7.776142 47.482003 2.621881
-7.776142 47.482003 116.090481
17.105130 4.455164 1.664206
17.105130 4.455164 115.132806
-7.716570 47.447609 1.664206
-7.716570 47.447609 115.132806
19.171536 3.262123 2.744427
19.171536 3.262123 116.213027
-5.650164 46.254569 2.744427
-5.650164 46.254569 116.213027
19.233342 3.226440 1.787320
19.233342 3.226440 115.255920
-5.588358 46.218885 1.787320
-5.588358 46.218885 115.255920
20.111907 2.719344 3.474598
20.111907 2.719344 116.943198
-4.709793 45.711789 3.474598
-4.709793 45.711789 116.943198
20.845140 2.295868 3.022425
20.845140 2.295868 116.491025
-3.976560 45.288314 3.022425
-3.976560 45.288314 116.491025
21.122894 2.135506 5.654897
21.122894 2.135506 119.123497
-3.698806 45.127952 5.654897
-3.698806 45.127952 119.123497
21.855259 1.712676 5.200455
21.855259 1.712676 118.669055
-2.966441 44.705121 5.200455
-2.966441 44.705121 118.669055
21.123639 2.135076 7.069283
21.123639 2.135076 120.537883
-3.698061 45.127522 7.069283
-3.698061 45.127522 120.537883
20.019694 2.772440 7.647405
20.019694 2.772440 121.116005
-4.802006 45.764885 7.647405
-4.802006 45.764885 121.116005
19.961239 2.806189 8.605080
19.961239 2.806189 122.073680
-4.860461 45.798634 8.605080
-4.860461 45.798634 122.073680
17.818133 4.043511 7.564573
17.818133 4.043511 121.033173
-7.003567 47.035957 7.564573
-7.003567 47.035957 121.033173
17.760050 4.077045 8.522248
17.760050 4.077045 121.990848
-7.061650 47.069491 8.522248
-7.061650 47.069491 121.990848
16.871682 4.589945 6.823056
16.871682 4.589945 120.291656
-7.950018 47.582391 6.823056
-7.950018 47.582391 120.291656
16.131499 5.017290 7.259910
16.131499 5.017290 120.728510
-8.690201 48.009736 7.259910
-8.690201 48.009736 120.728510
16.909659 4.568019 5.358176
16.909659 4.568019 118.826776
-7.912041 47.560465 5.358176
-7.912041 47.560465 118.826776
17.998339 3.939469 4.715377
17.998339 3.939469 118.183977
-6.823361 46.931915 4.715377
-6.823361 46.931915 118.183977
18.006902 3.934525 3.382688
18.006902 3.934525 116.851288
-6.814798 46.926971 3.382688
-6.814798 46.926971 116.851288
20.114637 2.717624 4.884445
20.114637 2.717624 118.353045
-4.707063 45.710070 4.884445
-4.707063 45.710070 118.353045
19.055743 3.328977 5.541428
19.055743 3.328977 119.010028
-5.765957 46.321422 5.541428
-5.765957 46.321422 119.010028
18.996171 3.363371 6.896243
18.996171 3.363371 120.364843
-5.825529 46.355816 6.896243
-5.825529 46.355816 120.364843
14.918462 5.717637 2.367711
14.918462 5.717637 115.836311
-9.903238 48.710083 2.367711
-9.903238 48.710083 115.836311
22.174714 1.528238 7.884555
22.174714 1.528238 121.353155
-2.646986 44.520684 7.884555
-2.646986 44.520684 121.353155
1.536463 16.564846 17.435207
9.753935 21.239844 11.490587
9.753935 21.239844 124.959187
3.546276 16.378259 16.284635
3.546276 16.378259 129.753235
5.575823 17.550018 14.875355
5.575823 17.550018 128.343955
6.734500 18.218980 14.098663
6.734500 18.218980 127.567263
8.740589 19.377197 12.652505
8.740589 19.377197 126.121105
2.404726 15.719185 17.078348
2.404726 15.719185 130.546948
9.866129 20.027028 11.856523
9.866129 20.027028 125.325123
3.458283 17.718548 15.954442
3.458283 17.718548 129.423042
2.686453 18.225214 16.217121
2.686453 18.225214 129.685721
4.472002 18.330761 15.249802
4.472002 18.330761 128.718402
6.604930 19.562924 13.764498
6.604930 19.562924 127.233098
7.636520 20.123116 13.058156
7.636520 20.123116 126.526756
7.597178 21.056267 12.836324
7.597178 21.056267 126.304924
4.409079 19.711033 14.856066
4.409079 19.711033 128.324666
3.613295 20.217054 15.035346
3.613295 20.217054 128.503946
5.466979 20.317657 14.228017
5.466979 20.317657 127.696617
5.449480 21.268005 14.093557
5.449480 21.268005 127.562157
-1.598145 13.408126 18.505216
48.045255 13.408126 18.505216
12.410850 19.709743 10.360440
12.410850 19.709743 123.829040
12.410850 21.496079 7.638328
12.410850 21.496079 121.106928
12.410850 21.496079 9.662040
12.410850 21.496079 123.130640
12.410850 8.954753 2.950940
12.410850 8.954753 116.419540
12.410850 10.184767 1.103671
12.410850 10.184767 114.572271
12.410850 18.259178 9.092428
12.410850 18.259178 122.561028
12.410850 19.526166 7.304163
12.410850 19.526166 120.772763
12.410850 11.202828 4.572406
12.410850 11.202828 118.041006
12.410850 10.342979 4.999616
12.410850 10.342979 118.468216
12.410850 11.272476 3.234044
12.410850 11.272476 116.702644
12.410850 12.517107 2.621881
12.410850 12.517107 116.090481
12.410850 12.585895 1.664206
12.410850 12.585895 115.132806
12.410850 14.971976 2.744427
12.410850 14.971976 116.213027
12.410850 15.043343 1.787320
12.410850 15.043343 115.255920
12.410726 16.057750 3.474598
12.410726 16.057750 116.943198
12.410850 16.904486 3.022425
12.410850 16.904486 116.491025
12.410850 17.225210 5.654897
12.410850 17.225210 119.123497
12.410850 18.070871 5.200455
12.410850 18.070871 118.669055
12.410850 17.226070 7.069283
12.410850 17.226070 120.537883
12.410850 15.951344 7.647405
12.410850 15.951344 121.116005
12.410850 15.883846 8.605080
12.410850 15.883846 122.073680
12.410850 13.409200 7.564573
12.410850 13.409200 121.033173
12.410850 13.342132 8.522248
12.410850 13.342132 121.990848
12.410850 12.316332 6.823056
12.410850 12.316332 120.291656
12.410850 11.461643 7.259910
12.410850 11.461643 120.728510
12.410850 12.360185 5.358176
12.410850 12.360185 118.826776
12.410850 13.617284 4.715377
12.410850 13.617284 118.183977
12.410850 13.627172 3.382688
12.410850 13.627172 116.851288
12.410850 16.060974 4.884445
12.410850 16.060974 118.353045
12.410850 14.838269 5.541428
12.410850 14.838269 119.010028
12.410850 14.769481 6.896243
12.410850 14.769481 120.364843
12.410850 10.060949 2.367711
12.410850 10.060949 115.836311
12.410850 18.439747 7.884555
12.410850 18.439747 121.353155
-2.702959 14.544416 17.435207
46.940441 14.544416 17.435207
-10.860363 19.323456 11.490587
-10.860363 19.323456 124.959187
38.783037 19.323456 11.490587
38.783037 19.323456 124.959187
-3.546276 16.378259 16.284635
-3.546276 16.378259 129.753235
46.097124 16.378259 16.284635
46.097124 16.378259 129.753235
-5.575823 17.550018 14.875355
-5.575823 17.550018 128.343955
44.067577 17.550018 14.875355
44.067577 17.550018 128.343955
-6.734500 18.218980 14.098663
-6.734500 18.218980 127.567263
42.908900 18.218980 14.098663
42.908900 18.218980 127.567263
-8.740589 19.377197 12.652505
-8.740589 19.377197 126.121105
40.902811 19.377197 12.652505
40.902811 19.377197 126.121105
-2.404726 15.719185 17.078348
-2.404726 15.719185 130.546948
47.238674 15.719185 17.078348
47.238674 15.719185 130.546948
-9.866129 20.027028 11.856523
-9.866129 20.027028 125.325123
39.777271 20.027028 11.856523
39.777271 20.027028 125.325123
-4.663005 15.631910 15.954442
-4.663005 15.631910 129.423042
44.980395 15.631910 15.954442
44.980395 15.631910 129.423042
-4.715875 14.710152 16.217121
-4.715875 14.710152 129.685721
44.927525 14.710152 16.217121
44.927525 14.710152 129.685721
-5.700055 16.203709 15.249802
-5.700055 16.203709 128.718402
43.943345 16.203709 15.249802
43.943345 16.203709 128.718402
-7.833604 17.434798 13.764498
-7.833604 17.434798 127.233098
41.809796 17.434798 13.764498
41.809796 17.434798 127.233098
-8.834539 18.048085 13.058156
-8.834539 18.048085 126.526756
40.808861 18.048085 13.058156
40.808861 18.048085 126.526756
-9.623001 17.547438 12.836324
-9.623001 17.547438 126.304924
40.020399 17.547438 12.836324
40.020399 17.547438 126.304924
-6.863945 15.459080 14.856066
-6.863945 15.459080 128.324666
42.779455 15.459080 14.856066
42.779455 15.459080 128.324666
-6.904280 14.516901 15.035346
-6.904280 14.516901 128.503946
42.739120 14.516901 15.035346
42.739120 14.516901 128.503946
-7.918246 16.071938 14.228017
-7.918246 16.071938 127.696617
41.725154 16.071938 14.228017
41.725154 16.071938 127.696617
-8.732522 15.581609 14.093557
-8.732522 15.581609 127.562157
40.910878 15.581609 14.093557
40.910878 15.581609 127.562157
1.598145 13.408126 18.505216
1.547137 0.893240 10.360440
1.547137 0.893240 123.829040
-23.274563 43.885685 10.360440
-23.274563 43.885685 123.829040
51.190537 0.893240 10.360440
51.190537 0.893240 123.829040
26.368837 43.885685 10.360440
26.368837 43.885685 123.829040
0.000124 0.000072 7.638328
0.000124 0.000072 121.106928
-24.821576 42.992517 7.638328
-24.821576 42.992517 121.106928
49.643524 0.000072 7.638328
49.643524 0.000072 121.106928
24.821824 42.992517 7.638328
24.821824 42.992517 121.106928
0.000124 0.000072 9.662040
0.000124 0.000072 123.130640
-24.821576 42.992517 9.662040
-24.821576 42.992517 123.130640
49.643524 0.000072 9.662040
49.643524 0.000072 123.130640
24.821824 42.992517 9.662040
24.821824 42.992517 123.130640
10.861231 6.270735 2.950940
10.861231 6.270735 116.419540
-13.960469 49.263180 2.950940
-13.960469 49.263180 116.419540
9.796008 5.655728 1.103671
9.796008 5.655728 114.572271
-15.025692 48.648173 1.103671
-15.025692 48.648173 114.572271
2.803363 1.618522 9.092428
2.803363 1.618522 122.561028
-22.018337 44.610968 9.092428
-22.018337 44.610968 122.561028
52.446763 1.618522 9.092428
52.446763 1.618522 122.561028
27.625063 44.610968 9.092428
27.625063 44.610968 122.561028
1.706120 0.985029 7.304163
1.706120 0.985029 120.772763
-23.115580 43.977474 7.304163
-23.115580 43.977474 120.772763
51.349520 0.985029 7.304163
51.349520 0.985029 120.772763
26.527820 43.977474 7.304163
26.527820 43.977474 120.772763
8.914341 5.146697 4.572406
8.914341 5.146697 118.041006
-15.907359 48.139143 4.572406
-15.907359 48.139143 118.041006
9.658992 5.576622 4.999616
9.658992 5.576622 118.468216
-15.162708 48.569067 4.999616
-15.162708 48.569067 118.468216
8.854024 5.111873 3.234044
8.854024 5.111873 116.702644
-15.967676 48.104319 3.234044
-15.967676 48.104319 116.702644
7.776142 4.489558 2.621881
7.776142 4.489558 116.090481
-17.045558 47.482003 2.621881
-17.045558 47.482003 116.090481
7.716570 4.455164 1.664206
7.716570 4.455164 115.132806
-17.105130 47.447609 1.664206
-17.105130 47.447609 115.132806
5.650164 3.262123 2.744427
5.650164 3.262123 116.213027
-19.171536 46.254569 2.744427
-19.171536 46.254569 116.213027
5.588358 3.226440 1.787320
5.588358 3.226440 115.255920
-19.233342 46.218885 1.787320
-19.233342 46.218885 115.255920
55.231758 3.226440 1.787320
55.231758 3.226440 115.255920
30.410058 46.218885 1.787320
30.410058 46.218885 115.255920
4.709918 2.719129 3.474598
4.709918 2.719129 116.943198
-20.111782 45.711574 3.474598
-20.111782 45.711574 116.943198
54.353318 2.719129 3.474598
54.353318 2.719129 116.943198
29.531618 45.711574 3.474598
29.531618 45.711574 116.943198
3.976560 2.295868 3.022425
3.976560 2.295868 116.491025
-20.845140 45.288314 3.022425
-20.845140 45.288314 116.491025
53.619960 2.295868 3.022425
53.619960 2.295868 116.491025
28.798260 45.288314 3.022425
28.798260 45.288314 116.491025
3.698806 2.135506 5.654897
3.698806 2.135506 119.123497
-21.122894 45.127952 5.654897
-21.122894 45.127952 119.123497
53.342206 2.135506 5.654897
53.342206 2.135506 119.123497
28.520506 45.127952 5.654897
28.520506 45.127952 119.123497
2.966441 1.712676 5.200455
2.966441 1.712676 118.669055
-21.855259 44.705121 5.200455
-21.855259 44.705121 118.669055
52.609841 1.712676 5.200455
52.609841 1.712676 118.669055
27.788141 44.705121 5.200455
27.788141 44.705121 118.669055
3.698061 2.135076 7.069283
3.698061 2.135076 120.537883
-21.123639 45.127522 7.069283
-21.123639 45.127522 120.537883
53.341461 2.135076 7.069283
53.341461 2.135076 120.537883
28.519761 45.127522 7.069283
28.519761 45.127522 120.537883
4.802006 2.772440 7.647405
4.802006 2.772440 121.116005
-20.019694 45.764885 7.647405
-20.019694 45.764885 121.116005
54.445406 2.772440 7.647405
54.445406 2.772440 121.116005
29.623706 45.764885 7.647405
29.623706 45.764885 121.116005
4.860461 2.806189 8.605080
4.860461 2.806189 122.073680
-19.961239 45.798634 8.605080
-19.961239 45.798634 122.073680
54.503861 2.806189 8.605080
54.503861 2.806189 122.073680
29.682161 45.798634 8.605080
29.682161 45.798634 122.073680
7.003567 4.043511 7.564573
7.003567 4.043511 121.033173
-17.818133 47.035957 7.564573
-17.818133 47.035957 121.033173
7.061650 4.077045 8.522248
7.061650 4.077045 121.990848
-17.760050 47.069491 8.522248
-17.760050 47.069491 121.990848
7.950018 4.589945 6.823056
7.950018 4.589945 120.291656
-16.871682 47.582391 6.823056
-16.871682 47.582391 120.291656
8.690201 5.017290 7.259910
8.690201 5.017290 120.728510
-16.131499 48.009736 7.259910
-16.131499 48.009736 120.728510
7.912041 4.568019 5.358176
7.912041 4.568019 118.826776
-16.909659 47.560465 5.358176
-16.909659 47.560465 118.826776
6.823361 3.939469 4.715377
6.823361 3.939469 118.183977
-17.998339 46.931915 4.715377
-17.998339 46.931915 118.183977
6.814798 3.934525 3.382688
6.814798 3.934525 116.851288
-18.006902 46.926971 3.382688
-18.006902 46.926971 116.851288
4.707063 2.717624 4.884445
4.707063 2.717624 118.353045
-20.114637 45.710070 4.884445
-20.114637 45.710070 118.353045
54.350463 2.717624 4.884445
54.350463 2.717624 118.353045
29.528763 45.710070 4.884445
29.528763 45.710070 118.353045
5.765957 3.328977 5.541428
5.765957 3.328977 119.010028
-19.055743 46.321422 5.541428
-19.055743 46.321422 119.010028
5.825529 3.363371 6.896243
5.825529 3.363371 120.364843
-18.996171 46.355816 6.896243
-18.996171 46.355816 120.364843
9.903238 5.717637 2.367711
9.903238 5.717637 115.836311
-14.918462 48.710083 2.367711
-14.918462 48.710083 115.836311
2.646986 1.528238 7.884555
2.646986 1.528238 121.353155
-22.174714 44.520684 7.884555
-22.174714 44.520684 121.353155
52.290386 1.528238 7.884555
52.290386 1.528238 121.353155
27.468686 44.520684 7.884555
27.468686 44.520684 121.353155
1.166496 11.883184 17.435207
1.106427 2.429145 11.490587
1.106427 2.429145 124.959187
-23.715273 45.421590 11.490587
-23.715273 45.421590 124.959187
50.749827 2.429145 11.490587
50.749827 2.429145 124.959187
25.928127 45.421590 11.490587
25.928127 45.421590 124.959187
0.000000 10.235928 16.284635
0.000000 10.235928 129.753235
49.643400 10.235928 16.284635
49.643400 10.235928 129.753235
0.000000 7.892410 14.875355
0.000000 7.892410 128.343955
49.643400 7.892410 14.875355
49.643400 7.892410 128.343955
0.000000 6.554485 14.098663
0.000000 6.554485 127.567263
49.643400 6.554485 14.098663
49.643400 6.554485 127.567263
0.000000 4.238052 12.652505
0.000000 4.238052 126.121105
-24.821700 47.230498 12.652505
-24.821700 47.230498 126.121105
49.643400 4.238052 12.652505
49.643400 4.238052 126.121105
24.821700 47.230498 12.652505
24.821700 47.230498 126.121105
0.000000 11.554076 17.078348
0.000000 11.554076 130.546948
49.643400 11.554076 17.078348
49.643400 11.554076 130.546948
-0.000000 2.938390 11.856523
0.000000 2.938390 125.325123
-24.821700 45.930836 11.856523
-24.821700 45.930836 125.325123
49.643400 2.938390 11.856523
49.643400 2.938390 125.325123
24.821700 45.930836 11.856523
24.821700 45.930836 125.325123
1.204721 9.641987 15.954442
1.204721 9.641987 129.423042
50.848121 9.641987 15.954442
50.848121 9.641987 129.423042
2.029422 10.057079 16.217121
2.029422 10.057079 129.685721
1.228054 8.457975 15.249802
1.228054 8.457975 128.718402
50.871454 8.457975 15.249802
50.871454 8.457975 128.718402
1.228674 5.994723 13.764498
1.228674 5.994723 127.233098
-23.593026 48.987169 13.764498
-23.593026 48.987169 127.233098
50.872074 5.994723 13.764498
50.872074 5.994723 127.233098
26.050374 48.987169 13.764498
26.050374 48.987169 127.233098
1.198019 4.821244 13.058156
1.198019 4.821244 126.526756
-23.623681 47.813690 13.058156
-23.623681 47.813690 126.526756
50.841419 4.821244 13.058156
50.841419 4.821244 126.526756
26.019719 47.813690 13.058156
26.019719 47.813690 126.526756
2.025823 4.388740 12.836324
2.025823 4.388740 126.304924
-22.795877 47.381186 12.836324
-22.795877 47.381186 126.304924
51.669223 4.388740 12.836324
51.669223 4.388740 126.304924
26.847523 47.381186 12.836324
26.847523 47.381186 126.304924
2.454866 7.822332 14.856066
2.454866 7.822332 128.324666
52.098266 7.822332 14.856066
52.098266 7.822332 128.324666
3.290985 8.258491 15.035346
3.290985 8.258491 128.503946
2.451267 6.602851 14.228017
2.451267 6.602851 127.696617
52.094667 6.602851 14.228017
52.094667 6.602851 127.696617
3.283042 6.142832 14.093557
3.283042 6.142832 127.562157
-21.538658 49.135278 14.093557
-21.538658 49.135278 127.562157
52.926442 6.142832 14.093557
52.926442 6.142832 127.562157
28.104742 49.135278 14.093557
28.104742 49.135278 127.562157
-1.166496 11.883184 17.435207
48.476904 11.883184 17.435207
-1.106427 2.429145 11.490587
-1.106427 2.429145 124.959187
-25.928127 45.421590 11.490587
-25.928127 45.421590 124.959187
48.536973 2.429145 11.490587
48.536973 2.429145 124.959187
23.715273 45.421590 11.490587
23.715273 45.421590 124.959187
-1.204721 9.641987 15.954442
-1.204721 9.641987 129.423042
48.438679 9.641987 15.954442
48.438679 9.641987 129.423042
-2.029422 10.057079 16.217121
-2.029422 10.057079 129.685721
47.613978 10.057079 16.217121
47.613978 10.057079 129.685721
-1.228054 8.457975 15.249802
-1.228054 8.457975 128.718402
48.415346 8.457975 15.249802
48.415346 8.457975 128.718402
-1.228674 5.994723 13.764498
-1.228674 5.994723 127.233098
-26.050374 48.987169 13.764498
-26.050374 48.987169 127.233098
48.414726 5.994723 13.764498
48.414726 5.994723 127.233098
23.593026 48.987169 13.764498
23.593026 48.987169 127.233098
-1.198019 4.821244 13.058156
-1.198019 4.821244 126.526756
-26.019719 47.813690 13.058156
-26.019719 47.813690 126.526756
48.445381 4.821244 13.058156
48.445381 4.821244 126.526756
23.623681 47.813690 13.058156
23.623681 47.813690 126.526756
-2.025823 4.388740 12.836324
-2.025823 4.388740 126.304924
-26.847523 47.381186 12.836324
-26.847523 47.381186 126.304924
47.617577 4.388740 12.836324
47.617577 4.388740 126.304924
22.795877 47.381186 12.836324
22.795877 47.381186 126.304924
-2.454866 7.822332 14.856066
-2.454866 7.822332 128.324666
47.188534 7.822332 14.856066
47.188534 7.822332 128.324666
-3.290985 8.258491 15.035346
-3.290985 8.258491 128.503946
46.352415 8.258491 15.035346
46.352415 8.258491 128.503946
-2.451267 6.602851 14.228017
-2.451267 6.602851 127.696617
47.192133 6.602851 14.228017
47.192133 6.602851 127.696617
-3.283042 6.142832 14.093557
-3.283042 6.142832 127.562157
-28.104742 49.135278 14.093557
-28.104742 49.135278 127.562157
46.360358 6.142832 14.093557
46.360358 6.142832 127.562157
21.538658 49.135278 14.093557
21.538658 49.135278 127.562157
2.702959 14.544416 17.435207
10.860363 19.323456 11.490587
10.860363 19.323456 124.959187
4.663005 15.631910 15.954442
4.663005 15.631910 129.423042
4.715875 14.710152 16.217121
4.715875 14.710152 129.685721
5.700055 16.203709 15.249802
5.700055 16.203709 128.718402
7.833604 17.434798 13.764498
7.833604 17.434798 127.233098
8.834539 18.048085 13.058156
8.834539 18.048085 126.526756
9.623001 17.547438 12.836324
9.623001 17.547438 126.304924
6.863945 15.459080 14.856066
6.863945 15.459080 128.324666
6.904280 14.516901 15.035346
6.904280 14.516901 128.503946
7.918246 16.071938 14.228017
7.918246 16.071938 127.696617
8.732522 15.581609 14.093557
8.732522 15.581609 127.562157
-1.536463 16.564846 17.435207
-9.753935 21.239844 11.490587
-9.753935 21.239844 124.959187
39.889465 21.239844 11.490587
39.889465 21.239844 124.959187
-3.458283 17.718548 15.954442
-3.458283 17.718548 129.423042
46.185117 17.718548 15.954442
46.185117 17.718548 129.423042
-2.686453 18.225214 16.217121
-2.686453 18.225214 129.685721
-4.472002 18.330761 15.249802
-4.472002 18.330761 128.718402
45.171398 18.330761 15.249802
45.171398 18.330761 128.718402
-6.604930 19.562924 13.764498
-6.604930 19.562924 127.233098
43.038470 19.562924 13.764498
43.038470 19.562924 127.233098
-7.636520 20.123116 13.058156
-7.636520 20.123116 126.526756
42.006880 20.123116 13.058156
42.006880 20.123116 126.526756
-7.597178 21.056267 12.836324
-7.597178 21.056267 126.304924
42.046222 21.056267 12.836324
42.046222 21.056267 126.304924
-4.409079 19.711033 14.856066
-4.409079 19.711033 128.324666
45.234321 19.711033 14.856066
45.234321 19.711033 128.324666
-3.613295 20.217054 15.035346
-3.613295 20.217054 128.503946
-5.466979 20.317657 14.228017
-5.466979 20.317657 127.696617
44.176421 20.317657 14.228017
44.176421 20.317657 127.696617
-5.449480 21.268005 14.093557
-5.449480 21.268005 127.562157
44.193920 21.268005 14.093557
44.193920 21.268005 127.562157
10.874387 19.262192 20.387660
2.656915 14.587193 26.332280
8.952567 18.108490 21.868425
9.724397 17.601824 21.605745
7.938848 17.496277 22.573065
5.805920 16.264114 24.058369
4.774330 15.703922 24.764711
4.813672 14.770771 24.986542
8.001771 16.116005 22.966801
8.797555 15.609984 22.787521
6.943871 15.509381 23.594850
6.961370 14.559033 23.729310
-9.707891 21.282622 20.387660
39.935509 21.282622 20.387660
-1.550487 16.503582 26.332280
-7.747845 20.195128 21.868425
41.895555 20.195128 21.868425
-7.694975 21.116886 21.605745
41.948425 21.116886 21.605745
-6.710795 19.623329 22.573065
42.932605 19.623329 22.573065
-4.577246 18.392240 24.058369
45.066154 18.392240 24.058369
-3.576311 17.778953 24.764711
46.067089 17.778953 24.764711
-2.787849 18.279600 24.986542
-5.546905 20.367958 22.966801
44.096495 20.367958 22.966801
-5.506570 21.310137 22.787521
44.136830 21.310137 22.787521
-4.492604 19.755100 23.594850
45.150796 19.755100 23.594850
-3.678328 20.245429 23.729310
-1.166496 2.447632 20.387660
-25.988196 45.440077 20.387660
48.476904 2.447632 20.387660
23.655204 45.440077 20.387660
-1.106427 11.901670 26.332280
48.536973 11.901670 26.332280
-1.204721 4.688828 21.868425
-26.026421 47.681273 21.868425
48.438679 4.688828 21.868425
23.616979 47.681273 21.868425
-2.029422 4.273736 21.605745
-26.851122 47.266181 21.605745
47.613978 4.273736 21.605745
22.792278 47.266181 21.605745
-1.228054 5.872840 22.573065
-26.049754 48.865285 22.573065
48.415346 5.872840 22.573065
23.593646 48.865285 22.573065
-1.228674 8.336092 24.058369
48.414726 8.336092 24.058369
-1.198019 9.509571 24.764711
48.445381 9.509571 24.764711
-2.025823 9.942075 24.986542
47.617577 9.942075 24.986542
-2.454866 6.508483 22.966801
47.188534 6.508483 22.966801
-3.290985 6.072325 22.787521
-28.112685 49.064770 22.787521
46.352415 6.072325 22.787521
21.530715 49.064770 22.787521
-2.451267 7.727964 23.594850
47.192133 7.727964 23.594850
-3.283042 8.187983 23.729310
46.360358 8.187983 23.729310
12.410726 7.165479 35.648808
14.008995 8.088097 38.229084
-10.863713 20.602983 46.373860
38.779687 20.602983 46.373860
-12.410726 21.496151 49.095972
37.232674 21.496151 49.095972
12.410726 7.165479 37.569832
-12.410726 21.496151 47.072260
37.232674 21.496151 47.072260
-1.549619 15.225488 53.783360
48.093781 15.225488 53.783360
-2.614842 15.840495 55.630629
47.028558 15.840495 55.630629
-9.607487 19.877700 47.641872
40.035913 19.877700 47.641872
-10.704730 20.511194 49.430137
38.938670 20.511194 49.430137
-3.496509 16.349525 52.161894
46.146891 16.349525 52.161894
-2.751858 15.919601 51.734684
46.891542 15.919601 51.734684
-3.556826 16.384349 53.500256
46.086574 16.384349 53.500256
-4.634708 17.006665 54.112419
45.008692 17.006665 54.112419
-4.694280 17.041059 55.070094
44.949120 17.041059 55.070094
-6.760686 18.234099 53.989873
42.882714 18.234099 53.989873
-6.822492 18.269783 54.946980
42.820908 18.269783 54.946980
-7.700932 18.777094 53.259702
41.942468 18.777094 53.259702
-8.434290 19.200355 53.711875
41.209110 19.200355 53.711875
-8.712044 19.360716 51.079403
40.931356 19.360716 51.079403
-9.444409 19.783547 51.533845
40.198991 19.783547 51.533845
-8.712789 19.361146 49.665017
40.930611 19.361146 49.665017
-7.608844 18.723783 49.086895
42.034556 18.723783 49.086895
-7.550389 18.690034 48.129220
42.093011 18.690034 48.129220
-5.407283 17.452712 49.169727
44.236117 17.452712 49.169727
-5.349200 17.419178 48.212052
44.294200 17.419178 48.212052
-4.460832 16.906278 49.911244
45.182568 16.906278 49.911244
-3.720649 16.478933 49.474390
45.922751 16.478933 49.474390
-4.498809 16.928204 51.376124
45.144591 16.928204 51.376124
-5.587489 17.556753 52.018923
44.055911 17.556753 52.018923
-5.596052 17.561697 53.351612
44.047348 17.561697 53.351612
-7.703787 18.778599 51.849855
41.939613 18.778599 51.849855
-6.644893 18.167246 51.192872
42.998507 18.167246 51.192872
-6.585321 18.132852 49.838057
43.058079 18.132852 49.838057
-2.507612 15.778586 54.366589
47.135788 15.778586 54.366589
-9.763864 19.967985 48.849745
39.879536 19.967985 48.849745
13.577346 9.613039 39.299093
13.517277 19.067078 45.243713
12.410850 11.260295 40.449665
12.410850 13.603813 41.858945
12.410850 14.941738 42.635637
12.410850 17.258171 44.081795
12.410850 9.942146 39.655952
12.410850 18.557832 44.877777
13.615571 11.854235 40.779858
14.440272 11.439143 40.517179
13.638904 13.038247 41.484498
13.639524 15.501499 42.969802
13.608869 16.674978 43.676144
14.436673 17.107482 43.897976
14.865716 13.673891 41.878234
15.701835 13.237732 41.698954
14.862117 14.893371 42.506283
15.693892 15.353390 42.640743
10.812705 8.088097 38.229084
0.000000 1.786479 46.373860
-24.821700 44.778925 46.373860
49.643400 1.786479 46.373860
24.821700 44.778925 46.373860
0.000000 0.000143 49.095972
-24.821700 42.992589 49.095972
49.643400 0.000143 49.095972
24.821700 42.992589 49.095972
0.000000 0.000143 47.072260
-24.821700 42.992589 47.072260
49.643400 0.000143 47.072260
24.821700 42.992589 47.072260
0.000000 12.541470 53.783360
49.643400 12.541470 53.783360
0.000000 11.311456 55.630629
49.643400 11.311456 55.630629
0.000000 3.237045 47.641872
-24.821700 46.229490 47.641872
49.643400 3.237045 47.641872
24.821700 46.229490 47.641872
0.000000 1.970057 49.430137
-24.821700 44.962503 49.430137
49.643400 1.970057 49.430137
24.821700 44.962503 49.430137
0.000000 10.293395 52.161894
49.643400 10.293395 52.161894
0.000000 11.153244 51.734684
49.643400 11.153244 51.734684
0.000000 10.223747 53.500256
49.643400 10.223747 53.500256
0.000000 8.979116 54.112419
49.643400 8.979116 54.112419
0.000000 8.910328 55.070094
49.643400 8.910328 55.070094
0.000000 6.524247 53.989873
49.643400 6.524247 53.989873
0.000000 6.452879 54.946980
-24.821700 49.445325 54.946980
49.643400 6.452879 54.946980
24.821700 49.445325 54.946980
-0.000124 5.438473 53.259702
-24.821824 48.430918 53.259702
49.643276 5.438473 53.259702
24.821576 48.430918 53.259702
0.000000 4.591736 53.711875
-24.821700 47.584182 53.711875
49.643400 4.591736 53.711875
24.821700 47.584182 53.711875
0.000000 4.271013 51.079403
-24.821700 47.263458 51.079403
49.643400 4.271013 51.079403
24.821700 47.263458 51.079403
0.000000 3.425351 51.533845
-24.821700 46.417797 51.533845
49.643400 3.425351 51.533845
24.821700 46.417797 51.533845
0.000000 4.270153 49.665017
-24.821700 47.262599 49.665017
49.643400 4.270153 49.665017
24.821700 47.262599 49.665017
0.000000 5.544879 49.086895
-24.821700 48.537325 49.086895
49.643400 5.544879 49.086895
24.821700 48.537325 49.086895
0.000000 5.612377 48.129220
-24.821700 48.604823 48.129220
49.643400 5.612377 48.129220
24.821700 48.604823 48.129220
0.000000 8.087022 49.169727
49.643400 8.087022 49.169727
0.000000 8.154091 48.212052
49.643400 8.154091 48.212052
0.000000 9.179890 49.911244
49.643400 9.179890 49.911244
0.000000 10.034580 49.474390
49.643400 10.034580 49.474390
0.000000 9.136038 51.376124
49.643400 9.136038 51.376124
0.000000 7.878939 52.018923
49.643400 7.878939 52.018923
0.000000 7.869051 53.351612
49.643400 7.869051 53.351612
0.000000 5.435248 51.849855
-24.821700 48.427694 51.849855
49.643400 5.435248 51.849855
24.821700 48.427694 51.849855
0.000000 6.657953 51.192872
49.643400 6.657953 51.192872
0.000000 6.726741 49.838057
49.643400 6.726741 49.838057
0.000000 11.435274 54.366589
49.643400 11.435274 54.366589
0.000000 3.056476 48.849745
-24.821700 46.048922 48.849745
49.643400 3.056476 48.849745
24.821700 46.048922 48.849745
9.707891 6.951807 39.299093
1.550487 2.172767 45.243713
-23.271213 45.165212 45.243713
51.193887 2.172767 45.243713
26.372187 45.165212 45.243713
8.864574 5.117964 40.449665
-15.957126 48.110410 40.449665
6.835027 3.946205 41.858945
-17.986673 46.938650 41.858945
5.676350 3.277242 42.635637
-19.145350 46.269688 42.635637
3.670261 2.119026 44.081795
-21.151439 45.111472 44.081795
53.313661 2.119026 44.081795
28.491961 45.111472 44.081795
10.006124 5.777038 39.655952
-14.815576 48.769484 39.655952
2.544721 1.469195 44.877777
-22.276979 44.461641 44.877777
52.188121 1.469195 44.877777
27.366421 44.461641 44.877777
7.747845 5.864313 40.779858
-17.073855 48.856758 40.779858
7.694975 6.786071 40.517179
6.710795 5.292513 41.484498
-18.110905 48.284959 41.484498
4.577246 4.061425 42.969802
-20.244454 47.053870 42.969802
54.220646 4.061425 42.969802
29.398946 47.053870 42.969802
3.576311 3.448137 43.676144
-21.245389 46.440583 43.676144
53.219711 3.448137 43.676144
28.398011 46.440583 43.676144
2.787849 3.948784 43.897976
-22.033851 46.941230 43.897976
52.431249 3.948784 43.897976
27.609549 46.941230 43.897976
5.546905 6.037143 41.878234
-19.274795 49.029588 41.878234
5.506570 6.979322 41.698954
4.492604 5.424285 42.506283
-20.329096 48.416731 42.506283
3.678328 5.914614 42.640743
-21.143372 48.907060 42.640743
53.321728 5.914614 42.640743
28.500028 48.907060 42.640743
12.410850 5.320029 38.229084
-12.410850 48.312474 38.229084
10.863713 20.602983 46.373860
12.410726 21.496151 49.095972
12.410726 21.496151 47.072260
1.549619 15.225488 53.783360
2.614842 15.840495 55.630629
9.607487 19.877700 47.641872
10.704730 20.511194 49.430137
3.496509 16.349525 52.161894
2.751858 15.919601 51.734684
3.556826 16.384349 53.500256
4.634708 17.006665 54.112419
4.694280 17.041059 55.070094
6.760686 18.234099 53.989873
6.822492 18.269783 54.946980
7.701057 18.776879 53.259702
8.434290 19.200355 53.711875
8.712044 19.360716 51.079403
9.444409 19.783547 51.533845
8.712789 19.361146 49.665017
7.608844 18.723783 49.086895
7.550389 18.690034 48.129220
5.407283 17.452712 49.169727
5.349200 17.419178 48.212052
4.460832 16.906278 49.911244
3.720649 16.478933 49.474390
4.498809 16.928204 51.376124
5.587489 17.556753 52.018923
5.596052 17.561697 53.351612
7.703787 18.778599 51.849855
6.644893 18.167246 51.192872
6.585321 18.132852 49.838057
2.507612 15.778586 54.366589
9.763864 19.967985 48.849745
13.947313 4.931377 39.299093
-10.874387 47.923822 39.299093
22.164785 0.256378 45.243713
-2.656915 43.248824 45.243713
15.957126 5.117964 40.449665
-8.864574 48.110410 40.449665
17.986673 3.946205 41.858945
-6.835027 46.938650 41.858945
19.145350 3.277242 42.635637
-5.676350 46.269688 42.635637
21.151439 2.119026 44.081795
-3.670261 45.111472 44.081795
14.815576 5.777038 39.655952
-10.006124 48.769484 39.655952
22.276979 1.469195 44.877777
-2.544721 44.461641 44.877777
15.869133 3.777675 40.779858
-8.952567 46.770120 40.779858
15.097303 3.271009 40.517179
-9.724397 46.263454 40.517179
16.882852 3.165462 41.484498
-7.938848 46.157908 41.484498
19.015780 1.933299 42.969802
-5.805920 44.925744 42.969802
20.047370 1.373107 43.676144
-4.774330 44.365553 43.676144
20.008028 0.439956 43.897976
-4.813672 43.432402 43.897976
16.819929 1.785190 41.878234
-8.001771 44.777635 41.878234
16.024145 1.279169 41.698954
-8.797555 44.271614 41.698954
17.877829 1.178566 42.506283
-6.943871 44.171012 42.506283
17.860330 0.228218 42.640743
-6.961370 43.220664 42.640743
-12.410726 21.496151 39.996925
37.232674 21.496151 39.996925
-0.000000 1.845379 37.416649
-24.821700 44.837825 37.416649
49.643400 1.845379 37.416649
24.821700 44.837825 37.416649
10.863713 8.058647 29.271873
12.410726 7.165479 26.549761
-12.410726 21.496151 38.075902
37.232674 21.496151 38.075902
12.410726 7.165479 28.573474
1.549619 13.436142 21.862373
2.614842 12.821135 20.015105
9.607487 8.783930 28.003861
10.704730 8.150436 26.215596
3.496509 12.312105 23.483840
2.751858 12.742029 23.911049
3.556826 12.277281 22.145478
4.634708 11.654965 21.533314
4.694280 11.620571 20.575639
6.760686 10.427531 21.655861
6.822492 10.391847 20.698753
7.701057 9.884751 22.386031
8.434290 9.461276 21.933859
8.712044 9.300914 24.566330
9.444409 8.878083 24.111888
8.712789 9.300484 25.980716
7.608844 9.937847 26.558839
7.550389 9.971596 27.516514
5.407283 11.208919 26.476007
5.349200 11.242453 27.433682
4.460832 11.755353 25.734489
3.720649 12.182698 26.171343
4.498809 11.733427 24.269610
5.587489 11.104877 23.626810
5.596052 11.099933 22.294121
7.703787 9.883032 23.795878
6.644893 10.494384 24.452862
6.585321 10.528778 25.807677
2.507612 12.883045 21.279145
9.763864 8.693646 26.795988
1.536463 2.234031 36.346640
-23.285237 45.226476 36.346640
51.179863 2.234031 36.346640
26.358163 45.226476 36.346640
9.753935 6.909029 30.402020
3.546276 2.047444 35.196069
-21.275424 45.039889 35.196069
53.189676 2.047444 35.196069
28.367976 45.039889 35.196069
5.575823 3.219203 33.786789
-19.245877 46.211648 33.786789
55.219223 3.219203 33.786789
30.397523 46.211648 33.786789
6.734500 3.888165 33.010096
-18.087200 46.880611 33.010096
8.740589 5.046382 31.563939
-16.081111 48.038827 31.563939
2.404726 1.388369 35.989781
-22.416974 44.380815 35.989781
52.048126 1.388369 35.989781
27.226426 44.380815 35.989781
9.866129 5.696212 30.767956
-14.955571 48.688658 30.767956
3.458283 3.387733 34.865875
-21.363417 46.380179 34.865875
53.101683 3.387733 34.865875
28.279983 46.380179 34.865875
2.686453 3.894399 35.128555
-22.135247 46.886845 35.128555
52.329853 3.894399 35.128555
27.508153 46.886845 35.128555
4.472002 3.999945 34.161235
-20.349698 46.992391 34.161235
54.115402 3.999945 34.161235
29.293702 46.992391 34.161235
6.604930 5.232109 32.675931
-18.216770 48.224554 32.675931
7.636520 5.792301 31.969589
-17.185180 48.784746 31.969589
7.597178 6.725452 31.747758
4.409079 5.380218 33.767499
-20.412621 48.372663 33.767499
3.613295 5.886239 33.946779
-21.208405 48.878685 33.946779
53.256695 5.886239 33.946779
28.434995 48.878685 33.946779
5.466979 5.986841 33.139450
-19.354721 48.979287 33.139450
5.449480 6.937189 33.004990
0.000000 0.000143 39.996925
-24.821700 42.992589 39.996925
49.643400 0.000143 39.996925
24.821700 42.992589 39.996925
10.812705 20.573533 37.416649
12.410850 5.378928 29.271873
-12.410850 48.371374 29.271873
0.000000 0.000143 38.075902
-24.821700 42.992589 38.075902
49.643400 0.000143 38.075902
24.821700 42.992589 38.075902
0.000000 16.120161 21.862373
0.000000 17.350175 20.015105
12.410850 3.928363 28.003861
-12.410850 46.920809 28.003861
12.410850 5.195350 26.215596
-12.410850 48.187796 26.215596
0.000000 18.368236 23.483840
0.000000 17.508387 23.911049
0.000000 18.437883 22.145478
0.000000 19.682515 21.533314
0.000000 19.751303 20.575639
12.410850 0.641161 21.655861
-12.410850 43.633606 21.655861
12.410850 0.712528 20.698753
-12.410850 43.704974 20.698753
12.410726 1.726935 22.386031
-12.410974 44.719380 22.386031
12.410850 2.573671 21.933859
-12.410850 45.566117 21.933859
12.410850 2.894395 24.566330
-12.410850 45.886840 24.566330
12.410850 3.740056 24.111888
-12.410850 46.732502 24.111888
12.410850 2.895255 25.980716
-12.410850 45.887700 25.980716
12.410850 1.620529 26.558839
-12.410850 44.612974 26.558839
12.410850 1.553030 27.516514
-12.410850 44.545476 27.516514
0.000000 20.574608 26.476007
0.000000 20.507540 27.433682
0.000000 19.481740 25.734489
0.000000 18.627050 26.171343
0.000000 19.525592 24.269610
0.000000 20.782691 23.626810
0.000000 20.792580 22.294121
12.410850 1.730159 23.795878
-12.410850 44.722605 23.795878
12.410850 0.507454 24.452862
-12.410850 43.499900 24.452862
12.410850 0.438666 25.807677
-12.410850 43.431112 25.807677
0.000000 17.226356 21.279145
12.410850 4.108931 26.795988
-12.410850 47.101377 26.795988
22.118741 0.213601 36.346640
-2.702959 43.206046 36.346640
13.961337 4.992641 30.402020
-10.860363 47.985087 30.402020
21.275424 2.047444 35.196069
-3.546276 45.039889 35.196069
19.245877 3.219203 33.786789
-5.575823 46.211648 33.786789
18.087200 3.888165 33.010096
-6.734500 46.880611 33.010096
16.081111 5.046382 31.563939
-8.740589 48.038827 31.563939
22.416974 1.388369 35.989781
-2.404726 44.380815 35.989781
14.955571 5.696212 30.767956
-9.866129 48.688658 30.767956
20.158695 1.301095 34.865875
-4.663005 44.293540 34.865875
20.105825 0.379337 35.128555
-4.715875 43.371782 35.128555
19.121645 1.872894 34.161235
-5.700055 44.865340 34.161235
16.988096 3.103983 32.675931
-7.833604 46.096428 32.675931
15.987161 3.717270 31.969589
-8.834539 46.709716 31.969589
15.198699 3.216623 31.747758
-9.623001 46.209069 31.747758
17.957755 1.128265 33.767499
-6.863945 44.120711 33.767499
17.917420 0.186086 33.946779
-6.904280 43.178531 33.946779
16.903454 1.741122 33.139450
-7.918246 44.733568 33.139450
16.089178 1.250794 33.004990
-8.732522 44.243239 33.004990
12.410726 21.496151 39.996925
-10.812705 20.573533 37.416649
38.830695 20.573533 37.416649
13.957987 8.058647 29.271873
12.410726 21.496151 38.075902
-1.549619 13.436142 21.862373
48.093781 13.436142 21.862373
-2.614842 12.821135 20.015105
47.028558 12.821135 20.015105
15.214213 8.783930 28.003861
14.116970 8.150436 26.215596
-3.496509 12.312105 23.483840
46.146891 12.312105 23.483840
-2.751858 12.742029 23.911049
46.891542 12.742029 23.911049
-3.556826 12.277281 22.145478
46.086574 12.277281 22.145478
-4.634708 11.654965 21.533314
45.008692 11.654965 21.533314
-4.694280 11.620571 20.575639
44.949120 11.620571 20.575639
18.061014 10.427531 21.655861
17.999208 10.391847 20.698753
17.120768 9.884536 22.386031
16.387410 9.461276 21.933859
16.109656 9.300914 24.566330
15.377291 8.878083 24.111888
16.108911 9.300484 25.980716
17.212856 9.937847 26.558839
17.271311 9.971596 27.516514
-5.407283 11.208919 26.476007
44.236117 11.208919 26.476007
-5.349200 11.242453 27.433682
44.294200 11.242453 27.433682
-4.460832 11.755353 25.734489
45.182568 11.755353 25.734489
-3.720649 12.182698 26.171343
45.922751 12.182698 26.171343
-4.498809 11.733427 24.269610
45.144591 11.733427 24.269610
-5.587489 11.104877 23.626810
44.055911 11.104877 23.626810
-5.596052 11.099933 22.294121
44.047348 11.099933 22.294121
17.117913 9.883032 23.795878
18.176807 10.494384 24.452862
18.236379 10.528778 25.807677
-2.507612 12.883045 21.279145
47.135788 12.883045 21.279145
15.057836 8.693646 26.795988
13.577346 19.048591 36.346640
13.517277 9.594552 30.402020
12.410850 17.401336 35.196069
12.410850 15.057817 33.786789
12.410850 13.719893 33.010096
12.410850 11.403460 31.563939
12.410850 18.719484 35.989781
12.410850 10.103798 30.767956
13.615571 16.807395 34.865875
14.440272 17.222487 35.128555
13.638904 15.623383 34.161235
13.639524 13.160131 32.675931
13.608869 11.986652 31.969589
14.436673 11.554148 31.747758
14.865716 14.987740 33.767499
15.701835 15.423898 33.946779
14.862117 13.768259 33.139450
15.693892 13.308240 33.004990
11.244354 19.048591 36.346640
11.304423 9.594552 30.402020
11.206129 16.807395 34.865875
10.381428 17.222487 35.128555
11.182796 15.623383 34.161235
11.182176 13.160131 32.675931
11.212831 11.986652 31.969589
10.385027 11.554148 31.747758
9.955984 14.987740 33.767499
9.119865 15.423898 33.946779
9.959583 13.768259 33.139450
9.127808 13.308240 33.004990
2.702959 0.213601 36.346640
-22.118741 43.206046 36.346640
52.346359 0.213601 36.346640
27.524659 43.206046 36.346640
10.860363 4.992641 30.402020
-13.961337 47.985087 30.402020
4.663005 1.301095 34.865875
-20.158695 44.293540 34.865875
54.306405 1.301095 34.865875
29.484705 44.293540 34.865875
4.715875 0.379337 35.128555
-20.105825 43.371782 35.128555
54.359275 0.379337 35.128555
29.537575 43.371782 35.128555
5.700055 1.872894 34.161235
-19.121645 44.865340 34.161235
55.343455 1.872894 34.161235
30.521755 44.865340 34.161235
7.833604 3.103983 32.675931
-16.988096 46.096428 32.675931
8.834539 3.717270 31.969589
-15.987161 46.709716 31.969589
9.623001 3.216623 31.747758
-15.198699 46.209069 31.747758
6.863945 1.128265 33.767499
-17.957755 44.120711 33.767499
6.904280 0.186086 33.946779
-17.917420 43.178531 33.946779
56.547680 0.186086 33.946779
31.725980 43.178531 33.946779
7.918246 1.741122 33.139450
-16.903454 44.733568 33.139450
8.732522 1.250794 33.004990
-16.089178 44.243239 33.004990
23.285237 2.234031 36.346640
-1.536463 45.226476 36.346640
15.067765 6.909029 30.402020
21.363417 3.387733 34.865875
-3.458283 46.380179 34.865875
22.135247 3.894399 35.128555
-2.686453 46.886845 35.128555
20.349698 3.999945 34.161235
-4.472002 46.992391 34.161235
18.216770 5.232109 32.675931
-6.604930 48.224554 32.675931
17.185180 5.792301 31.969589
-7.636520 48.784746 31.969589
17.224522 6.725452 31.747758
20.412621 5.380218 33.767499
-4.409079 48.372663 33.767499
21.208405 5.886239 33.946779
-3.613295 48.878685 33.946779
19.354721 5.986841 33.139450
-5.466979 48.979287 33.139450
19.372220 6.937189 33.004990
10.874387 4.931377 39.299093
-13.947313 47.923822 39.299093
2.656915 0.256378 45.243713
-22.164785 43.248824 45.243713
52.300315 0.256378 45.243713
27.478615 43.248824 45.243713
8.952567 3.777675 40.779858
-15.869133 46.770120 40.779858
9.724397 3.271009 40.517179
-15.097303 46.263454 40.517179
7.938848 3.165462 41.484498
-16.882852 46.157908 41.484498
5.805920 1.933299 42.969802
-19.015780 44.925744 42.969802
55.449320 1.933299 42.969802
30.627620 44.925744 42.969802
4.774330 1.373107 43.676144
-20.047370 44.365553 43.676144
54.417730 1.373107 43.676144
29.596030 44.365553 43.676144
4.813672 0.439956 43.897976
-20.008028 43.432402 43.897976
54.457072 0.439956 43.897976
29.635372 43.432402 43.897976
8.001771 1.785190 41.878234
-16.819929 44.777635 41.878234
8.797555 1.279169 41.698954
-16.024145 44.271614 41.698954
6.943871 1.178566 42.506283
-17.877829 44.171012 42.506283
6.961370 0.228218 42.640743
-17.860330 43.220664 42.640743
56.604770 0.228218 42.640743
31.783070 43.220664 42.640743
15.113809 6.951807 39.299093
23.271213 2.172767 45.243713
-1.550487 45.165212 45.243713
17.073855 5.864313 40.779858
-7.747845 48.856758 40.779858
17.126725 6.786071 40.517179
18.110905 5.292513 41.484498
-6.710795 48.284959 41.484498
20.244454 4.061425 42.969802
-4.577246 47.053870 42.969802
21.245389 3.448137 43.676144
-3.576311 46.440583 43.676144
22.033851 3.948784 43.897976
-2.787849 46.941230 43.897976
19.274795 6.037143 41.878234
-5.546905 49.029588 41.878234
19.315130 6.979322 41.698954
20.329096 5.424285 42.506283
-4.492604 48.416731 42.506283
21.143372 5.914614 42.640743
-3.678328 48.907060 42.640743
11.244354 9.613039 39.299093
11.304423 19.067078 45.243713
11.206129 11.854235 40.779858
10.381428 11.439143 40.517179
11.182796 13.038247 41.484498
11.182176 15.501499 42.969802
11.212831 16.674978 43.676144
10.385027 17.107482 43.897976
9.955984 13.673891 41.878234
9.119865 13.237732 41.698954
9.959583 14.893371 42.506283
9.127808 15.353390 42.640743
-0.000124 14.330887 -2.174058
-0.000124 14.330887 111.294542
1.598145 15.253505 57.140518
13.957987 6.272168 65.285294
-10.863713 49.264613 65.285294
12.410974 7.165336 68.007405
-0.000124 14.330887 -0.253035
-0.000124 14.330887 113.215565
12.410974 7.165336 65.983693
23.272081 0.894673 72.694793
-1.549619 43.887118 72.694793
22.206858 1.509680 74.542062
-2.614842 44.502125 74.542062
15.214213 5.546885 66.553305
-9.607487 48.539331 66.553305
14.116970 6.180379 68.341570
-10.704730 49.172825 68.341570
21.325191 2.018710 71.073327
-3.496509 45.011156 71.073327
22.069842 1.588786 70.646118
-2.751858 44.581231 70.646118
21.264874 2.053534 72.411689
-3.556826 45.045980 72.411689
20.186992 2.675850 73.023852
-4.634708 45.668295 73.023852
20.127420 2.710244 73.981527
-4.694280 45.702689 73.981527
18.061014 3.903284 72.901306
-6.760686 46.895730 72.901306
17.999208 3.938968 73.858414
-6.822492 46.931413 73.858414
17.120768 4.446279 72.171136
-7.700932 47.438724 72.171136
16.387410 4.869539 72.623308
-8.434290 47.861985 72.623308
16.109656 5.029901 69.990837
-8.712044 48.022347 69.990837
15.377291 5.452732 70.445278
-9.444409 48.445177 70.445278
16.108911 5.030331 68.576450
-8.712789 48.022777 68.576450
17.212856 4.392968 67.998328
-7.608844 47.385414 67.998328
17.271311 4.359219 67.040653
-7.550389 47.351665 67.040653
19.414417 3.121896 68.081160
-5.407283 46.114342 68.081160
19.472500 3.088362 67.123485
-5.349200 46.080808 67.123485
20.360868 2.575462 68.822677
-4.460832 45.567908 68.822677
21.101051 2.148118 68.385823
-3.720649 45.140563 68.385823
20.322891 2.597389 70.287557
-4.498809 45.589834 70.287557
19.234211 3.225938 70.930357
-5.587489 46.218384 70.930357
19.225648 3.230882 72.263045
-5.596052 46.223328 72.263045
17.117913 4.447783 70.761288
-7.703787 47.440229 70.761288
18.176807 3.836431 70.104305
-6.644893 46.828876 70.104305
18.236379 3.802037 68.749490
-6.585321 46.794482 68.749490
22.314088 1.447771 73.278022
-2.507612 44.440216 73.278022
15.057836 5.637169 67.761179
-9.763864 48.629615 67.761179
1.166496 16.778447 58.210526
13.517277 4.736263 64.155146
-11.304423 47.728708 64.155146
0.000000 18.425702 59.361098
0.000000 20.769221 60.770378
12.410850 0.610923 61.547071
-12.410850 43.603368 61.547071
12.410850 2.927356 62.993228
-12.410850 45.919801 62.993228
0.000000 17.107554 58.567385
12.410850 4.227017 63.789210
-12.410850 47.219463 63.789210
1.204721 19.019643 59.691292
2.029422 18.604551 59.428612
1.228054 20.203655 60.395932
13.639524 1.170684 61.881236
-11.182176 44.163130 61.881236
13.608869 2.344163 62.587578
-11.212831 45.336609 62.587578
14.436673 2.776667 62.809409
-10.385027 45.769113 62.809409
2.454866 20.839298 60.789668
3.290985 20.403140 60.610387
14.862117 0.562556 61.417716
-9.959583 43.555002 61.417716
15.693892 1.022575 61.552177
-9.127808 44.015021 61.552177
-1.598145 15.253505 57.140518
48.045255 15.253505 57.140518
12.410850 8.951887 65.285294
12.410850 19.706877 72.694793
12.410850 18.476863 74.542062
12.410850 10.402452 66.553305
12.410850 9.135465 68.341570
12.410850 17.458802 71.073327
12.410850 18.318651 70.646118
12.410850 17.389154 72.411689
12.410850 16.144523 73.023852
12.410850 16.075735 73.981527
12.410850 13.689655 72.901306
12.410850 13.618287 73.858414
12.410726 12.603880 72.171136
12.410850 11.757144 72.623308
12.410850 11.436420 69.990837
12.410850 10.590759 70.445278
12.410850 11.435561 68.576450
12.410850 12.710287 67.998328
12.410850 12.777785 67.040653
12.410850 15.252430 68.081160
12.410850 15.319498 67.123485
12.410850 16.345298 68.822677
12.410850 17.199988 68.385823
12.410850 16.301446 70.287557
12.410850 15.044346 70.930357
12.410850 15.034458 72.263045
12.410850 12.600656 70.761288
12.410850 13.823361 70.104305
12.410850 13.892149 68.749490
12.410850 18.600682 73.278022
12.410850 10.221884 67.761179
-2.702959 14.117214 58.210526
46.940441 14.117214 58.210526
13.961337 9.338174 64.155146
-3.546276 12.283372 59.361098
46.097124 12.283372 59.361098
-5.575823 11.111613 60.770378
44.067577 11.111613 60.770378
18.087200 10.442650 61.547071
16.081111 9.284434 62.993228
-2.404726 12.942446 58.567385
47.238674 12.942446 58.567385
14.955571 8.634603 63.789210
-4.663005 13.029720 59.691292
44.980395 13.029720 59.691292
-4.715875 13.951478 59.428612
44.927525 13.951478 59.428612
-5.700055 12.457921 60.395932
43.943345 12.457921 60.395932
16.988096 11.226832 61.881236
15.987161 10.613545 62.587578
15.198699 11.114192 62.809409
-6.863945 13.202550 60.789668
42.779455 13.202550 60.789668
-6.904280 14.144730 60.610387
42.739120 14.144730 60.610387
16.903454 12.589693 61.417716
16.089178 13.080022 61.552177
0.000000 12.485436 57.140518
49.643400 12.485436 57.140518
10.863713 6.272168 65.285294
-13.957987 49.264613 65.285294
1.549619 0.894673 72.694793
-23.272081 43.887118 72.694793
51.193019 0.894673 72.694793
26.371319 43.887118 72.694793
2.614842 1.509680 74.542062
-22.206858 44.502125 74.542062
52.258242 1.509680 74.542062
27.436542 44.502125 74.542062
9.607487 5.546885 66.553305
-15.214213 48.539331 66.553305
10.704730 6.180379 68.341570
-14.116970 49.172825 68.341570
3.496509 2.018710 71.073327
-21.325191 45.011156 71.073327
53.139909 2.018710 71.073327
28.318209 45.011156 71.073327
2.751858 1.588786 70.646118
-22.069842 44.581231 70.646118
52.395258 1.588786 70.646118
27.573558 44.581231 70.646118
3.556826 2.053534 72.411689
-21.264874 45.045980 72.411689
53.200226 2.053534 72.411689
28.378526 45.045980 72.411689
4.634708 2.675850 73.023852
-20.186992 45.668295 73.023852
54.278108 2.675850 73.023852
29.456408 45.668295 73.023852
4.694280 2.710244 73.981527
-20.127420 45.702689 73.981527
54.337680 2.710244 73.981527
29.515980 45.702689 73.981527
6.760686 3.903284 72.901306
-18.061014 46.895730 72.901306
6.822492 3.938968 73.858414
-17.999208 46.931413 73.858414
7.701057 4.446064 72.171136
-17.120643 47.438509 72.171136
8.434290 4.869539 72.623308
-16.387410 47.861985 72.623308
8.712044 5.029901 69.990837
-16.109656 48.022347 69.990837
9.444409 5.452732 70.445278
-15.377291 48.445177 70.445278
8.712789 5.030331 68.576450
-16.108911 48.022777 68.576450
7.608844 4.392968 67.998328
-17.212856 47.385414 67.998328
7.550389 4.359219 67.040653
-17.271311 47.351665 67.040653
5.407283 3.121896 68.081160
-19.414417 46.114342 68.081160
55.050683 3.121896 68.081160
30.228983 46.114342 68.081160
5.349200 3.088362 67.123485
-19.472500 46.080808 67.123485
54.992600 3.088362 67.123485
30.170900 46.080808 67.123485
4.460832 2.575462 68.822677
-20.360868 45.567908 68.822677
54.104232 2.575462 68.822677
29.282532 45.567908 68.822677
3.720649 2.148118 68.385823
-21.101051 45.140563 68.385823
53.364049 2.148118 68.385823
28.542349 45.140563 68.385823
4.498809 2.597389 70.287557
-20.322891 45.589834 70.287557
54.142209 2.597389 70.287557
29.320509 45.589834 70.287557
5.587489 3.225938 70.930357
-19.234211 46.218384 70.930357
55.230889 3.225938 70.930357
30.409189 46.218384 70.930357
5.596052 3.230882 72.263045
-19.225648 46.223328 72.263045
55.239452 3.230882 72.263045
30.417752 46.223328 72.263045
7.703787 4.447783 70.761288
-17.117913 47.440229 70.761288
6.644893 3.836431 70.104305
-18.176807 46.828876 70.104305
6.585321 3.802037 68.749490
-18.236379 46.794482 68.749490
2.507612 1.447771 73.278022
-22.314088 44.440216 73.278022
52.151012 1.447771 73.278022
27.329312 44.440216 73.278022
9.763864 5.637169 67.761179
-15.057836 48.629615 67.761179
1.536463 12.096784 58.210526
9.753935 7.421786 64.155146
3.546276 12.283372 59.361098
5.575823 11.111613 60.770378
6.734500 10.442650 61.547071
8.740589 9.284434 62.993228
2.404726 12.942446 58.567385
9.866129 8.634603 63.789210
3.458283 10.943082 59.691292
2.686453 10.436416 59.428612
4.472002 10.330870 60.395932
6.604930 9.098706 61.881236
7.636520 8.538515 62.587578
7.597178 7.605364 62.809409
4.409079 8.950597 60.789668
3.613295 8.444576 60.610387
5.466979 8.343974 61.417716
5.449480 7.393626 61.552177
12.410974 7.165336 58.908358
12.410850 9.010787 -0.406218
12.410850 9.010787 113.062382
-1.547137 15.224055 -8.550994
-1.547137 15.224055 104.917606
48.096263 15.224055 -8.550994
48.096263 15.224055 104.917606
-0.000124 14.330887 -11.273105
-0.000124 14.330887 102.195495
12.410974 7.165336 56.987335
-0.000124 14.330887 -9.249393
-0.000124 14.330887 104.219207
-10.861231 20.601550 -15.960493
-10.861231 20.601550 97.508107
38.782169 20.601550 -15.960493
38.782169 20.601550 97.508107
-9.796008 19.986543 95.660838
39.847392 19.986543 95.660838
-2.803363 15.949337 -9.819005
-2.803363 15.949337 103.649595
46.840037 15.949337 -9.819005
46.840037 15.949337 103.649595
-1.706120 15.315844 -11.607270
-1.706120 15.315844 101.861330
47.937280 15.315844 -11.607270
47.937280 15.315844 101.861330
-8.914341 19.477512 -14.339027
-8.914341 19.477512 99.129573
40.729059 19.477512 -14.339027
40.729059 19.477512 99.129573
-9.658992 19.907437 -13.911818
-9.658992 19.907437 99.556782
39.984408 19.907437 -13.911818
39.984408 19.907437 99.556782
-8.854024 19.442689 -15.677389
-8.854024 19.442689 97.791211
40.789376 19.442689 -15.677389
40.789376 19.442689 97.791211
-7.776142 18.820373 -16.289552
-7.776142 18.820373 97.179048
41.867258 18.820373 -16.289552
41.867258 18.820373 97.179048
-7.716570 18.785979 96.221373
41.926830 18.785979 96.221373
-5.650164 17.592939 -16.167006
-5.650164 17.592939 97.301594
43.993236 17.592939 -16.167006
43.993236 17.592939 97.301594
-5.588358 17.557255 -17.124114
-5.588358 17.557255 96.344486
44.055042 17.557255 -17.124114
44.055042 17.557255 96.344486
-4.709793 17.050159 -15.436836
-4.709793 17.050159 98.031764
44.933607 17.050159 -15.436836
44.933607 17.050159 98.031764
-3.976560 16.626683 -15.889008
-3.976560 16.626683 97.579592
45.666840 16.626683 -15.889008
45.666840 16.626683 97.579592
-3.698806 16.466322 -13.256537
-3.698806 16.466322 100.212063
45.944594 16.466322 -13.256537
45.944594 16.466322 100.212063
-2.966441 16.043491 -13.710978
-2.966441 16.043491 99.757622
46.676959 16.043491 -13.710978
46.676959 16.043491 99.757622
-3.698061 16.465892 -11.842150
-3.698061 16.465892 101.626450
45.945339 16.465892 -11.842150
45.945339 16.465892 101.626450
-4.802006 17.103255 -11.264028
-4.802006 17.103255 102.204572
44.841394 17.103255 -11.264028
44.841394 17.103255 102.204572
-4.860461 17.137004 -10.306353
-4.860461 17.137004 103.162247
44.782939 17.137004 -10.306353
44.782939 17.137004 103.162247
-7.003567 18.374326 -11.346860
-7.003567 18.374326 102.121740
42.639833 18.374326 -11.346860
42.639833 18.374326 102.121740
-7.061650 18.407860 -10.389185
-7.061650 18.407860 103.079415
42.581750 18.407860 -10.389185
42.581750 18.407860 103.079415
-7.950018 18.920760 -12.088377
-7.950018 18.920760 101.380223
41.693382 18.920760 -12.088377
41.693382 18.920760 101.380223
-8.690201 19.348105 -11.651523
-8.690201 19.348105 101.817077
40.953199 19.348105 -11.651523
40.953199 19.348105 101.817077
-7.912041 18.898834 -13.553257
-7.912041 18.898834 99.915343
41.731359 18.898834 -13.553257
41.731359 18.898834 99.915343
-6.823361 18.270285 -14.196057
-6.823361 18.270285 99.272543
42.820039 18.270285 -14.196057
42.820039 18.270285 99.272543
-6.814798 18.265340 -15.528745
-6.814798 18.265340 97.939855
42.828602 18.265340 -15.528745
42.828602 18.265340 97.939855
-4.707063 17.048439 -14.026988
-4.707063 17.048439 99.441612
44.936337 17.048439 -14.026988
44.936337 17.048439 99.441612
-5.765957 17.659792 -13.370005
-5.765957 17.659792 100.098595
43.877443 17.659792 -13.370005
43.877443 17.659792 100.098595
-5.825529 17.694186 -12.015190
-5.825529 17.694186 101.453410
43.817871 17.694186 -12.015190
43.817871 17.694186 101.453410
-9.903238 20.048452 -16.543722
-9.903238 20.048452 96.924878
39.740162 20.048452 -16.543722
39.740162 20.048452 96.924878
-2.646986 15.859053 -11.026879
-2.646986 15.859053 102.441721
46.996414 15.859053 -11.026879
46.996414 15.859053 102.441721
13.947313 9.399438 -1.476226
13.947313 9.399438 111.992374
-2.656915 14.074437 -7.420846
-2.656915 14.074437 106.047754
46.986485 14.074437 -7.420846
46.986485 14.074437 106.047754
15.957126 9.212851 -2.626798
15.957126 9.212851 110.841802
17.986673 10.384610 -4.036078
17.986673 10.384610 109.432522
-5.676350 11.053573 -4.812771
-5.676350 11.053573 108.655829
43.967050 11.053573 -4.812771
43.967050 11.053573 108.655829
-3.670261 12.211789 -6.258928
-3.670261 12.211789 107.209672
45.973139 12.211789 -6.258928
45.973139 12.211789 107.209672
14.815576 8.553777 -1.833085
14.815576 8.553777 111.635515
-2.544721 12.861620 -7.054910
-2.544721 12.861620 106.413690
47.098679 12.861620 -7.054910
47.098679 12.861620 106.413690
15.869133 10.553141 -2.956992
15.869133 10.553141 110.511608
15.097303 11.059807 -2.694312
15.097303 11.059807 110.774288
16.882852 11.165353 -3.661632
16.882852 11.165353 109.806968
-5.805920 12.397517 -5.146936
-5.805920 12.397517 108.321664
43.837480 12.397517 -5.146936
43.837480 12.397517 108.321664
-4.774330 12.957708 -5.853278
-4.774330 12.957708 107.615322
44.869070 12.957708 -5.853278
44.869070 12.957708 107.615322
-4.813672 13.890859 -6.075109
-4.813672 13.890859 107.393491
44.829728 13.890859 -6.075109
44.829728 13.890859 107.393491
16.819929 12.545626 -4.055368
16.819929 12.545626 109.413232
16.024145 13.051647 -3.876087
16.024145 13.051647 109.592513
-6.943871 13.152249 -4.683416
-6.943871 13.152249 108.785184
42.699529 13.152249 -4.683416
42.699529 13.152249 108.785184
-6.961370 14.102597 -4.817877
-6.961370 14.102597 108.650723
42.682030 14.102597 -4.817877
42.682030 14.102597 108.650723
10.812705 6.242718 -0.406218
10.812705 6.242718 113.062382
-14.008995 49.235164 -0.406218
-14.008995 49.235164 113.062382
0.000000 12.544336 -8.550994
0.000000 12.544336 104.917606
49.643400 12.544336 -8.550994
49.643400 12.544336 104.917606
-0.000000 1.789346 -15.960493
0.000000 1.789346 97.508107
-24.821700 44.781791 -15.960493
-24.821700 44.781791 97.508107
49.643400 1.789346 -15.960493
49.643400 1.789346 97.508107
24.821700 44.781791 -15.960493
24.821700 44.781791 97.508107
0.000000 3.019359 95.660838
-24.821700 46.011805 95.660838
49.643400 3.019359 95.660838
24.821700 46.011805 95.660838
0.000000 11.093771 -9.819005
0.000000 11.093771 103.649595
49.643400 11.093771 -9.819005
49.643400 11.093771 103.649595
0.000000 12.360758 -11.607270
0.000000 12.360758 101.861330
49.643400 12.360758 -11.607270
49.643400 12.360758 101.861330
-0.000000 4.037421 -14.339027
0.000000 4.037421 99.129573
-24.821700 47.029866 -14.339027
-24.821700 47.029866 99.129573
49.643400 4.037421 -14.339027
49.643400 4.037421 99.129573
24.821700 47.029866 -14.339027
24.821700 47.029866 99.129573
0.000000 3.177572 -13.911818
0.000000 3.177572 99.556782
-24.821700 46.170017 -13.911818
-24.821700 46.170017 99.556782
49.643400 3.177572 -13.911818
49.643400 3.177572 99.556782
24.821700 46.170017 -13.911818
24.821700 46.170017 99.556782
-0.000000 4.107068 -15.677389
0.000000 4.107068 97.791211
-24.821700 47.099514 -15.677389
-24.821700 47.099514 97.791211
49.643400 4.107068 -15.677389
49.643400 4.107068 97.791211
24.821700 47.099514 -15.677389
24.821700 47.099514 97.791211
-0.000000 5.351700 -16.289552
0.000000 5.351700 97.179048
-24.821700 48.344145 -16.289552
-24.821700 48.344145 97.179048
49.643400 5.351700 -16.289552
49.643400 5.351700 97.179048
24.821700 48.344145 -16.289552
24.821700 48.344145 97.179048
0.000000 5.420488 96.221373
-24.821700 48.412933 96.221373
49.643400 5.420488 96.221373
24.821700 48.412933 96.221373
0.000000 7.806568 -16.167006
0.000000 7.806568 97.301594
49.643400 7.806568 -16.167006
49.643400 7.806568 97.301594
0.000000 7.877936 -17.124114
0.000000 7.877936 96.344486
49.643400 7.877936 -17.124114
49.643400 7.877936 96.344486
-0.000124 8.892342 -15.436836
-0.000124 8.892342 98.031764
49.643276 8.892342 -15.436836
49.643276 8.892342 98.031764
0.000000 9.739079 -15.889008
0.000000 9.739079 97.579592
49.643400 9.739079 -15.889008
49.643400 9.739079 97.579592
0.000000 10.059802 -13.256537
0.000000 10.059802 100.212063
49.643400 10.059802 -13.256537
49.643400 10.059802 100.212063
0.000000 10.905464 -13.710978
0.000000 10.905464 99.757622
49.643400 10.905464 -13.710978
49.643400 10.905464 99.757622
0.000000 10.060662 -11.842150
0.000000 10.060662 101.626450
49.643400 10.060662 -11.842150
49.643400 10.060662 101.626450
0.000000 8.785936 -11.264028
0.000000 8.785936 102.204572
49.643400 8.785936 -11.264028
49.643400 8.785936 102.204572
0.000000 8.718438 -10.306353
0.000000 8.718438 103.162247
49.643400 8.718438 -10.306353
49.643400 8.718438 103.162247
0.000000 6.243793 -11.346860
0.000000 6.243793 102.121740
-24.821700 49.236238 -11.346860
-24.821700 49.236238 102.121740
49.643400 6.243793 -11.346860
49.643400 6.243793 102.121740
24.821700 49.236238 -11.346860
24.821700 49.236238 102.121740
0.000000 6.176725 -10.389185
0.000000 6.176725 103.079415
-24.821700 49.169170 -10.389185
-24.821700 49.169170 103.079415
49.643400 6.176725 -10.389185
49.643400 6.176725 103.079415
24.821700 49.169170 -10.389185
24.821700 49.169170 103.079415
0.000000 5.150925 -12.088377
0.000000 5.150925 101.380223
-24.821700 48.143370 -12.088377
-24.821700 48.143370 101.380223
49.643400 5.150925 -12.088377
49.643400 5.150925 101.380223
24.821700 48.143370 -12.088377
24.821700 48.143370 101.380223
-0.000000 4.296235 -11.651523
0.000000 4.296235 101.817077
-24.821700 47.288681 -11.651523
-24.821700 47.288681 101.817077
49.643400 4.296235 -11.651523
49.643400 4.296235 101.817077
24.821700 47.288681 -11.651523
24.821700 47.288681 101.817077
-0.000000 5.194777 -13.553257
0.000000 5.194777 99.915343
-24.821700 48.187223 -13.553257
-24.821700 48.187223 99.915343
49.643400 5.194777 -13.553257
49.643400 5.194777 99.915343
24.821700 48.187223 -13.553257
24.821700 48.187223 99.915343
0.000000 6.451876 -14.196057
0.000000 6.451876 99.272543
-24.821700 49.444322 -14.196057
-24.821700 49.444322 99.272543
49.643400 6.451876 -14.196057
49.643400 6.451876 99.272543
24.821700 49.444322 -14.196057
24.821700 49.444322 99.272543
0.000000 6.461765 -15.528745
0.000000 6.461765 97.939855
-24.821700 49.454210 -15.528745
-24.821700 49.454210 97.939855
49.643400 6.461765 -15.528745
49.643400 6.461765 97.939855
24.821700 49.454210 -15.528745
24.821700 49.454210 97.939855
-0.000000 8.895567 -14.026988
0.000000 8.895567 99.441612
49.643400 8.895567 -14.026988
49.643400 8.895567 99.441612
0.000000 7.672862 -13.370005
0.000000 7.672862 100.098595
49.643400 7.672862 -13.370005
49.643400 7.672862 100.098595
0.000000 7.604074 -12.015190
0.000000 7.604074 101.453410
49.643400 7.604074 -12.015190
49.643400 7.604074 101.453410
-0.000000 2.895541 -16.543722
0.000000 2.895541 96.924878
-24.821700 45.887987 -16.543722
-24.821700 45.887987 96.924878
49.643400 2.895541 -16.543722
49.643400 2.895541 96.924878
24.821700 45.887987 -16.543722
24.821700 45.887987 96.924878
0.000000 11.274339 -11.026879
0.000000 11.274339 102.441721
49.643400 11.274339 -11.026879
49.643400 11.274339 102.441721
9.707891 7.379008 -1.476226
9.707891 7.379008 111.992374
1.550487 12.158049 -7.420846
1.550487 12.158049 106.047754
8.864574 9.212851 -2.626798
8.864574 9.212851 110.841802
6.835027 10.384610 -4.036078
6.835027 10.384610 109.432522
5.676350 11.053573 -4.812771
5.676350 11.053573 108.655829
3.670261 12.211789 -6.258928
3.670261 12.211789 107.209672
10.006124 8.553777 -1.833085
10.006124 8.553777 111.635515
2.544721 12.861620 -7.054910
2.544721 12.861620 106.413690
7.747845 8.466502 -2.956992
7.747845 8.466502 110.511608
7.694975 7.544744 -2.694312
7.694975 7.544744 110.774288
6.710795 9.038302 -3.661632
6.710795 9.038302 109.806968
4.577246 10.269391 -5.146936
4.577246 10.269391 108.321664
3.576311 10.882678 -5.853278
3.576311 10.882678 107.615322
2.787849 10.382031 -6.075109
2.787849 10.382031 107.393491
5.546905 8.293673 -4.055368
5.546905 8.293673 109.413232
5.506570 7.351493 -3.876087
5.506570 7.351493 109.592513
4.492604 8.906530 -4.683416
4.492604 8.906530 108.785184
3.678328 8.416201 -4.817877
3.678328 8.416201 108.650723
14.008995 6.242718 -0.406218
14.008995 6.242718 113.062382
-10.812705 49.235164 -0.406218
-10.812705 49.235164 113.062382
1.547137 15.224055 -8.550994
1.547137 15.224055 104.917606
10.861231 20.601550 -15.960493
10.861231 20.601550 97.508107
9.796008 19.986543 95.660838
2.803363 15.949337 -9.819005
2.803363 15.949337 103.649595
1.706120 15.315844 -11.607270
1.706120 15.315844 101.861330
8.914341 19.477512 -14.339027
8.914341 19.477512 99.129573
9.658992 19.907437 -13.911818
9.658992 19.907437 99.556782
8.854024 19.442689 -15.677389
8.854024 19.442689 97.791211
7.776142 18.820373 -16.289552
7.776142 18.820373 97.179048
7.716570 18.785979 96.221373
5.650164 17.592939 -16.167006
5.650164 17.592939 97.301594
5.588358 17.557255 -17.124114
5.588358 17.557255 96.344486
4.709918 17.049944 -15.436836
4.709918 17.049944 98.031764
3.976560 16.626683 -15.889008
3.976560 16.626683 97.579592
3.698806 16.466322 -13.256537
3.698806 16.466322 100.212063
2.966441 16.043491 -13.710978
2.966441 16.043491 99.757622
3.698061 16.465892 -11.842150
3.698061 16.465892 101.626450
4.802006 17.103255 -11.264028
4.802006 17.103255 102.204572
4.860461 17.137004 -10.306353
4.860461 17.137004 103.162247
7.003567 18.374326 -11.346860
7.003567 18.374326 102.121740
7.061650 18.407860 -10.389185
7.061650 18.407860 103.079415
7.950018 18.920760 -12.088377
7.950018 18.920760 101.380223
8.690201 19.348105 -11.651523
8.690201 19.348105 101.817077
7.912041 18.898834 -13.553257
7.912041 18.898834 99.915343
6.823361 18.270285 -14.196057
6.823361 18.270285 99.272543
6.814798 18.265340 -15.528745
6.814798 18.265340 97.939855
4.707063 17.048439 -14.026988
4.707063 17.048439 99.441612
5.765957 17.659792 -13.370005
5.765957 17.659792 100.098595
5.825529 17.694186 -12.015190
5.825529 17.694186 101.453410
9.903238 20.048452 -16.543722
9.903238 20.048452 96.924878
2.646986 15.859053 -11.026879
2.646986 15.859053 102.441721
13.577346 4.717776 -1.476226
13.577346 4.717776 111.992374
-11.244354 47.710222 -1.476226
-11.244354 47.710222 111.992374
1.106427 16.759960 -7.420846
1.106427 16.759960 106.047754
12.410850 3.070520 -2.626798
12.410850 3.070520 110.841802
-12.410850 46.062966 -2.626798
-12.410850 46.062966 110.841802
12.410850 0.727002 -4.036078
12.410850 0.727002 109.432522
-12.410850 43.719448 -4.036078
-12.410850 43.719448 109.432522
0.000000 20.885300 -4.812771
0.000000 20.885300 108.655829
0.000000 18.568867 -6.258928
0.000000 18.568867 107.209672
12.410850 4.388669 -1.833085
12.410850 4.388669 111.635515
-12.410850 47.381114 -1.833085
-12.410850 47.381114 111.635515
0.000000 17.269206 -7.054910
0.000000 17.269206 106.413690
13.615571 2.476580 -2.956992
13.615571 2.476580 110.511608
-11.206129 45.469025 -2.956992
-11.206129 45.469025 110.511608
14.440272 2.891672 -2.694312
14.440272 2.891672 110.774288
-10.381428 45.884117 -2.694312
-10.381428 45.884117 110.774288
13.638904 1.292568 -3.661632
13.638904 1.292568 109.806968
-11.182796 44.285013 -3.661632
-11.182796 44.285013 109.806968
1.228674 20.325538 -5.146936
1.228674 20.325538 108.321664
1.198019 19.152060 -5.853278
1.198019 19.152060 107.615322
2.025823 18.719556 -6.075109
2.025823 18.719556 107.393491
14.865716 0.656925 -4.055368
14.865716 0.656925 109.413232
-9.955984 43.649370 -4.055368
-9.955984 43.649370 109.413232
15.701835 1.093083 -3.876087
15.701835 1.093083 109.592513
-9.119865 44.085528 -3.876087
-9.119865 44.085528 109.592513
2.451267 20.933667 -4.683416
2.451267 20.933667 108.785184
3.283042 20.473647 -4.817877
3.283042 20.473647 108.650723
11.244354 4.717776 -1.476226
11.244354 4.717776 111.992374
-13.577346 47.710222 -1.476226
-13.577346 47.710222 111.992374
-1.106427 16.759960 -7.420846
-1.106427 16.759960 106.047754
11.206129 2.476580 -2.956992
11.206129 2.476580 110.511608
-13.615571 45.469025 -2.956992
-13.615571 45.469025 110.511608
10.381428 2.891672 -2.694312
10.381428 2.891672 110.774288
-14.440272 45.884117 -2.694312
-14.440272 45.884117 110.774288
11.182796 1.292568 -3.661632
11.182796 1.292568 109.806968
-13.638904 44.285013 -3.661632
-13.638904 44.285013 109.806968
-1.228674 20.325538 -5.146936
-1.228674 20.325538 108.321664
-1.198019 19.152060 -5.853278
-1.198019 19.152060 107.615322
-2.025823 18.719556 -6.075109
-2.025823 18.719556 107.393491
9.955984 0.656925 -4.055368
9.955984 0.656925 109.413232
-14.865716 43.649370 -4.055368
-14.865716 43.649370 109.413232
9.119865 1.093083 -3.876087
9.119865 1.093083 109.592513
-15.701835 44.085528 -3.876087
-15.701835 44.085528 109.592513
-2.451267 20.933667 -4.683416
-2.451267 20.933667 108.785184
-3.283042 20.473647 -4.817877
-3.283042 20.473647 108.650723
15.113809 7.379008 -1.476226
15.113809 7.379008 111.992374
-1.550487 12.158049 -7.420846
-1.550487 12.158049 106.047754
48.092913 12.158049 -7.420846
48.092913 12.158049 106.047754
17.073855 8.466502 -2.956992
17.073855 8.466502 110.511608
17.126725 7.544744 -2.694312
17.126725 7.544744 110.774288
18.110905 9.038302 -3.661632
18.110905 9.038302 109.806968
-4.577246 10.269391 -5.146936
-4.577246 10.269391 108.321664
45.066154 10.269391 -5.146936
45.066154 10.269391 108.321664
-3.576311 10.882678 -5.853278
-3.576311 10.882678 107.615322
46.067089 10.882678 -5.853278
46.067089 10.882678 107.615322
-2.787849 10.382031 -6.075109
-2.787849 10.382031 107.393491
46.855551 10.382031 -6.075109
46.855551 10.382031 107.393491
19.274795 8.293673 -4.055368
19.274795 8.293673 109.413232
19.315130 7.351493 -3.876087
19.315130 7.351493 109.592513
-4.492604 8.906530 -4.683416
-4.492604 8.906530 108.785184
45.150796 8.906530 -4.683416
45.150796 8.906530 108.785184
-3.678328 8.416201 -4.817877
-3.678328 8.416201 108.650723
45.965072 8.416201 -4.817877
45.965072 8.416201 108.650723
10.874387 9.399438 -1.476226
10.874387 9.399438 111.992374
2.656915 14.074437 -7.420846
2.656915 14.074437 106.047754
8.952567 10.553141 -2.956992
8.952567 10.553141 110.511608
9.724397 11.059807 -2.694312
9.724397 11.059807 110.774288
7.938848 11.165353 -3.661632
7.938848 11.165353 109.806968
5.805920 12.397517 -5.146936
5.805920 12.397517 108.321664
4.774330 12.957708 -5.853278
4.774330 12.957708 107.615322
4.813672 13.890859 -6.075109
4.813672 13.890859 107.393491
8.001771 12.545626 -4.055368
8.001771 12.545626 109.413232
8.797555 13.051647 -3.876087
8.797555 13.051647 109.592513
6.943871 13.152249 -4.683416
6.943871 13.152249 108.785184
6.961370 14.102597 -4.817877
6.961370 14.102597 108.650723
-1.536463 12.096784 58.210526
48.106937 12.096784 58.210526
15.067765 7.421786 64.155146
-3.458283 10.943082 59.691292
46.185117 10.943082 59.691292
-2.686453 10.436416 59.428612
46.956947 10.436416 59.428612
-4.472002 10.330870 60.395932
45.171398 10.330870 60.395932
18.216770 9.098706 61.881236
17.185180 8.538515 62.587578
17.224522 7.605364 62.809409
-4.409079 8.950597 60.789668
45.234321 8.950597 60.789668
-3.613295 8.444576 60.610387
46.030105 8.444576 60.610387
19.354721 8.343974 61.417716
19.372220 7.393626 61.552177
2.702959 14.117214 58.210526
10.860363 9.338174 64.155146
4.663005 13.029720 59.691292
4.715875 13.951478 59.428612
5.700055 12.457921 60.395932
7.833604 11.226832 61.881236
8.834539 10.613545 62.587578
9.623001 11.114192 62.809409
6.863945 13.202550 60.789668
6.904280 14.144730 60.610387
7.918246 12.589693 61.417716
8.732522 13.080022 61.552177
-1.166496 16.778447 58.210526
11.304423 4.736263 64.155146
-13.517277 47.728708 64.155146
-1.204721 19.019643 59.691292
-2.029422 18.604551 59.428612
-1.228054 20.203655 60.395932
11.182176 1.170684 61.881236
-13.639524 44.163130 61.881236
11.212831 2.344163 62.587578
-13.608869 45.336609 62.587578
10.385027 2.776667 62.809409
-14.436673 45.769113 62.809409
-2.454866 20.839298 60.789668
-3.290985 20.403140 60.610387
9.959583 0.562556 61.417716
-14.862117 43.555002 61.417716
9.127808 1.022575 61.552177
-15.693892 44.015021 61.552177
24.821576 0.000072 73.471675
-0.000124 42.992517 73.471675
1.598145 0.922690 76.051951
-23.223555 43.915135 76.051951
51.241545 0.922690 76.051951
26.419845 43.915135 76.051951
1.547137 13.437575 84.196727
0.000124 14.330744 86.918839
24.821576 0.000072 75.392698
-0.000124 42.992517 75.392698
0.000124 14.330744 84.895126
10.861231 8.060080 91.606227
9.796008 8.675087 93.453495
2.803363 12.712293 85.464739
1.706120 13.345787 87.253004
8.914341 9.184118 89.984760
9.658992 8.754193 89.557551
8.854024 9.218942 91.323122
7.776142 9.841257 91.935286
7.716570 9.875651 92.892961
5.650164 11.068692 91.812739
5.588358 11.104375 92.769847
4.709918 11.611686 91.082569
3.976560 12.034947 91.534741
3.698806 12.195309 88.902270
2.966441 12.618139 89.356712
3.698061 12.195739 87.487884
4.802006 11.558376 86.909761
4.860461 11.524627 85.952086
7.003567 10.287304 86.992593
7.061650 10.253770 86.034918
7.950018 9.740870 87.734111
8.690201 9.313525 87.297257
7.912041 9.762796 89.198990
6.823361 10.391346 89.841790
6.814798 10.396290 91.174479
4.707063 11.613191 89.672722
5.765957 11.001838 89.015738
5.825529 10.967445 87.660923
9.903238 8.613178 92.189455
2.646986 12.802577 86.672612
1.166496 2.447632 77.121960
-23.655204 45.440077 77.121960
50.809896 2.447632 77.121960
25.988196 45.440077 77.121960
1.106427 11.901670 83.066580
0.000000 4.094887 78.272531
-24.821700 47.087333 78.272531
49.643400 4.094887 78.272531
24.821700 47.087333 78.272531
0.000000 6.438405 79.681811
-24.821700 49.430851 79.681811
49.643400 6.438405 79.681811
24.821700 49.430851 79.681811
0.000000 7.776330 80.458504
49.643400 7.776330 80.458504
0.000000 10.092763 81.904661
49.643400 10.092763 81.904661
0.000000 2.776739 77.478819
-24.821700 45.769184 77.478819
49.643400 2.776739 77.478819
24.821700 45.769184 77.478819
0.000000 11.392425 82.700644
49.643400 11.392425 82.700644
1.204721 4.688828 78.602725
-23.616979 47.681273 78.602725
50.848121 4.688828 78.602725
26.026421 47.681273 78.602725
2.029422 4.273736 78.340045
-22.792278 47.266181 78.340045
51.672822 4.273736 78.340045
26.851122 47.266181 78.340045
1.228054 5.872840 79.307365
-23.593646 48.865285 79.307365
50.871454 5.872840 79.307365
26.049754 48.865285 79.307365
1.228674 8.336092 80.792669
50.872074 8.336092 80.792669
1.198019 9.509571 81.499011
50.841419 9.509571 81.499011
2.025823 9.942075 81.720842
2.454866 6.508483 79.701101
52.098266 6.508483 79.701101
3.290985 6.072325 79.521821
-21.530715 49.064770 79.521821
52.934385 6.072325 79.521821
28.112685 49.064770 79.521821
2.451267 7.727964 80.329150
52.094667 7.727964 80.329150
3.283042 8.187983 80.463610
12.410850 21.496079 73.471675
23.223555 0.922690 76.051951
-1.598145 43.915135 76.051951
0.000000 16.117295 84.196727
12.410850 21.496079 75.392698
12.410850 5.376062 91.606227
-12.410850 48.368508 91.606227
12.410850 4.146048 93.453495
-12.410850 47.138494 93.453495
0.000000 17.567860 85.464739
0.000000 16.300872 87.253004
12.410850 3.127987 89.984760
-12.410850 46.120433 89.984760
12.410850 3.987836 89.557551
-12.410850 46.980281 89.557551
12.410850 3.058339 91.323122
-12.410850 46.050785 91.323122
12.410850 1.813708 91.935286
-12.410850 44.806153 91.935286
12.410850 1.744920 92.892961
-12.410850 44.737366 92.892961
0.000000 20.855062 91.812739
0.000000 20.783695 92.769847
-0.000124 19.769288 91.082569
0.000000 18.922552 91.534741
0.000000 18.601828 88.902270
0.000000 17.756167 89.356712
0.000000 18.600968 87.487884
0.000000 19.875694 86.909761
0.000000 19.943192 85.952086
12.410850 0.921615 86.992593
-12.410850 43.914060 86.992593
12.410850 0.988683 86.034918
-12.410850 43.981128 86.034918
12.410850 2.014483 87.734111
-12.410850 45.006928 87.734111
12.410850 2.869173 87.297257
-12.410850 45.861618 87.297257
12.410850 1.970630 89.198990
-12.410850 44.963076 89.198990
12.410850 0.713531 89.841790
-12.410850 43.705977 89.841790
12.410850 0.703643 91.174479
-12.410850 43.696089 91.174479
0.000000 19.766063 89.672722
0.000000 20.988769 89.015738
0.000000 21.057557 87.660923
12.410850 4.269866 92.189455
-12.410850 47.262312 92.189455
0.000000 17.387291 86.672612
9.707891 21.282622 77.121960
1.550487 16.503582 83.066580
8.864574 19.448779 78.272531
6.835027 18.277020 79.681811
5.676350 17.608058 80.458504
3.670261 16.449841 81.904661
10.006124 20.107853 77.478819
2.544721 15.800010 82.700644
7.747845 20.195128 78.602725
7.694975 21.116886 78.340045
6.710795 19.623329 79.307365
4.577246 18.392240 80.792669
3.576311 17.778953 81.499011
2.787849 18.279600 81.720842
5.546905 20.367958 79.701101
5.506570 21.310137 79.521821
4.492604 19.755100 80.329150
3.678328 20.245429 80.463610
0.000124 0.000072 73.471675
-24.821576 42.992517 73.471675
49.643524 0.000072 73.471675
24.821824 42.992517 73.471675
12.410850 19.650844 76.051951
-1.547137 13.437575 84.196727
48.096263 13.437575 84.196727
0.000124 0.000072 75.392698
-24.821576 42.992517 75.392698
49.643524 0.000072 75.392698
24.821824 42.992517 75.392698
13.960469 8.060080 91.606227
15.025692 8.675087 93.453495
-2.803363 12.712293 85.464739
46.840037 12.712293 85.464739
-1.706120 13.345787 87.253004
47.937280 13.345787 87.253004
15.907359 9.184118 89.984760
15.162708 8.754193 89.557551
15.967676 9.218942 91.323122
17.045558 9.841257 91.935286
17.105130 9.875651 92.892961
-5.650164 11.068692 91.812739
43.993236 11.068692 91.812739
-5.588358 11.104375 92.769847
44.055042 11.104375 92.769847
-4.709793 11.611471 91.082569
44.933607 11.611471 91.082569
-3.976560 12.034947 91.534741
45.666840 12.034947 91.534741
-3.698806 12.195309 88.902270
45.944594 12.195309 88.902270
-2.966441 12.618139 89.356712
46.676959 12.618139 89.356712
-3.698061 12.195739 87.487884
45.945339 12.195739 87.487884
-4.802006 11.558376 86.909761
44.841394 11.558376 86.909761
-4.860461 11.524627 85.952086
44.782939 11.524627 85.952086
17.818133 10.287304 86.992593
17.760050 10.253770 86.034918
16.871682 9.740870 87.734111
16.131499 9.313525 87.297257
16.909659 9.762796 89.198990
17.998339 10.391346 89.841790
18.006902 10.396290 91.174479
-4.707063 11.613191 89.672722
44.936337 11.613191 89.672722
-5.765957 11.001838 89.015738
43.877443 11.001838 89.015738
-5.825529 10.967445 87.660923
43.817871 10.967445 87.660923
14.918462 8.613178 92.189455
-2.646986 12.802577 86.672612
46.996414 12.802577 86.672612
-10.874387 19.262192 77.121960
38.769013 19.262192 77.121960
-2.656915 14.587193 83.066580
46.986485 14.587193 83.066580
-8.864574 19.448779 78.272531
40.778826 19.448779 78.272531
-6.835027 18.277020 79.681811
42.808373 18.277020 79.681811
-5.676350 17.608058 80.458504
43.967050 17.608058 80.458504
-3.670261 16.449841 81.904661
45.973139 16.449841 81.904661
-10.006124 20.107853 77.478819
39.637276 20.107853 77.478819
-2.544721 15.800010 82.700644
47.098679 15.800010 82.700644
-8.952567 18.108490 78.602725
40.690833 18.108490 78.602725
-9.724397 17.601824 78.340045
39.919003 17.601824 78.340045
-7.938848 17.496277 79.307365
41.704552 17.496277 79.307365
-5.805920 16.264114 80.792669
43.837480 16.264114 80.792669
-4.774330 15.703922 81.499011
44.869070 15.703922 81.499011
-4.813672 14.770771 81.720842
44.829728 14.770771 81.720842
-8.001771 16.116005 79.701101
41.641629 16.116005 79.701101
-8.797555 15.609984 79.521821
40.845845 15.609984 79.521821
-6.943871 15.509381 80.329150
42.699529 15.509381 80.329150
-6.961370 14.559033 80.463610
42.682030 14.559033 80.463610
0.000124 14.330744 77.819792
-0.000000 16.176194 75.239516
23.274563 0.893240 67.094740
-1.547137 43.885685 67.094740
24.821576 0.000072 64.372628
-0.000124 42.992517 64.372628
0.000124 14.330744 75.898768
24.821576 0.000072 66.396340
-0.000124 42.992517 66.396340
13.960469 6.270735 59.685240
-10.861231 49.263180 59.685240
15.025692 5.655728 57.837971
-9.796008 48.648173 57.837971
22.018337 1.618522 65.826728
-2.803363 44.610968 65.826728
23.115580 0.985029 64.038463
-1.706120 43.977474 64.038463
15.907359 5.146697 61.306706
-8.914341 48.139143 61.306706
15.162708 5.576622 61.733916
-9.658992 48.569067 61.733916
15.967676 5.111873 59.968344
-8.854024 48.104319 59.968344
17.045558 4.489558 59.356181
-7.776142 47.482003 59.356181
17.105130 4.455164 58.398506
-7.716570 47.447609 58.398506
19.171536 3.262123 59.478727
-5.650164 46.254569 59.478727
19.233342 3.226440 58.521620
-5.588358 46.218885 58.521620
20.111907 2.719344 60.208898
-4.709793 45.711789 60.208898
20.845140 2.295868 59.756725
-3.976560 45.288314 59.756725
21.122894 2.135506 62.389197
-3.698806 45.127952 62.389197
21.855259 1.712676 61.934755
-2.966441 44.705121 61.934755
21.123639 2.135076 63.803583
-3.698061 45.127522 63.803583
20.019694 2.772440 64.381705
-4.802006 45.764885 64.381705
19.961239 2.806189 65.339380
-4.860461 45.798634 65.339380
17.818133 4.043511 64.298873
-7.003567 47.035957 64.298873
17.760050 4.077045 65.256548
-7.061650 47.069491 65.256548
16.871682 4.589945 63.557356
-7.950018 47.582391 63.557356
16.131499 5.017290 63.994210
-8.690201 48.009736 63.994210
16.909659 4.568019 62.092476
-7.912041 47.560465 62.092476
17.998339 3.939469 61.449677
-6.823361 46.931915 61.449677
18.006902 3.934525 60.116988
-6.814798 46.926971 60.116988
20.114637 2.717624 61.618745
-4.707063 45.710070 61.618745
19.055743 3.328977 62.275728
-5.765957 46.321422 62.275728
18.996171 3.363371 63.630543
-5.825529 46.355816 63.630543
14.918462 5.717637 59.102011
-9.903238 48.710083 59.102011
22.174714 1.528238 64.618855
-2.646986 44.520684 64.618855
1.536463 16.564846 74.169507
9.753935 21.239844 68.224887
3.546276 16.378259 73.018935
5.575823 17.550018 71.609655
6.734500 18.218980 70.832963
8.740589 19.377197 69.386805
2.404726 15.719185 73.812648
9.866129 20.027028 68.590823
3.458283 17.718548 72.688742
2.686453 18.225214 72.951421
4.472002 18.330761 71.984102
6.604930 19.562924 70.498798
7.636520 20.123116 69.792456
7.597178 21.056267 69.570624
4.409079 19.711033 71.590366
3.613295 20.217054 71.769646
5.466979 20.317657 70.962317
5.449480 21.268005 70.827857
-1.598145 13.408126 75.239516
48.045255 13.408126 75.239516
12.410850 19.709743 67.094740
12.410850 21.496079 64.372628
12.410850 21.496079 66.396340
12.410850 8.954753 59.685240
12.410850 10.184767 57.837971
12.410850 18.259178 65.826728
12.410850 19.526166 64.038463
12.410850 11.202828 61.306706
12.410850 10.342979 61.733916
12.410850 11.272476 59.968344
12.410850 12.517107 59.356181
12.410850 12.585895 58.398506
12.410850 14.971976 59.478727
12.410850 15.043343 58.521620
12.410726 16.057750 60.208898
12.410850 16.904486 59.756725
12.410850 17.225210 62.389197
12.410850 18.070871 61.934755
12.410850 17.226070 63.803583
12.410850 15.951344 64.381705
12.410850 15.883846 65.339380
12.410850 13.409200 64.298873
12.410850 13.342132 65.256548
12.410850 12.316332 63.557356
12.410850 11.461643 63.994210
12.410850 12.360185 62.092476
12.410850 13.617284 61.449677
12.410850 13.627172 60.116988
12.410850 16.060974 61.618745
12.410850 14.838269 62.275728
12.410850 14.769481 63.630543
12.410850 10.060949 59.102011
12.410850 18.439747 64.618855
-2.702959 14.544416 74.169507
46.940441 14.544416 74.169507
-10.860363 19.323456 68.224887
38.783037 19.323456 68.224887
-3.546276 16.378259 73.018935
46.097124 16.378259 73.018935
-5.575823 17.550018 71.609655
44.067577 17.550018 71.609655
-6.734500 18.218980 70.832963
42.908900 18.218980 70.832963
-8.740589 19.377197 69.386805
40.902811 19.377197 69.386805
-2.404726 15.719185 73.812648
47.238674 15.719185 73.812648
-9.866129 20.027028 68.590823
39.777271 20.027028 68.590823
-4.663005 15.631910 72.688742
44.980395 15.631910 72.688742
-4.715875 14.710152 72.951421
44.927525 14.710152 72.951421
-5.700055 16.203709 71.984102
43.943345 16.203709 71.984102
-7.833604 17.434798 70.498798
41.809796 17.434798 70.498798
-8.834539 18.048085 69.792456
40.808861 18.048085 69.792456
-9.623001 17.547438 69.570624
40.020399 17.547438 69.570624
-6.863945 15.459080 71.590366
42.779455 15.459080 71.590366
-6.904280 14.516901 71.769646
42.739120 14.516901 71.769646
-7.918246 16.071938 70.962317
41.725154 16.071938 70.962317
-8.732522 15.581609 70.827857
40.910878 15.581609 70.827857
1.598145 13.408126 75.239516
1.547137 0.893240 67.094740
-23.274563 43.885685 67.094740
51.190537 0.893240 67.094740
26.368837 43.885685 67.094740
0.000124 0.000072 64.372628
-24.821576 42.992517 64.372628
49.643524 0.000072 64.372628
24.821824 42.992517 64.372628
0.000124 0.000072 66.396340
-24.821576 42.992517 66.396340
49.643524 0.000072 66.396340
24.821824 42.992517 66.396340
10.861231 6.270735 59.685240
-13.960469 49.263180 59.685240
9.796008 5.655728 57.837971
-15.025692 48.648173 57.837971
2.803363 1.618522 65.826728
-22.018337 44.610968 65.826728
52.446763 1.618522 65.826728
27.625063 44.610968 65.826728
1.706120 0.985029 64.038463
-23.115580 43.977474 64.038463
51.349520 0.985029 64.038463
26.527820 43.977474 64.038463
8.914341 5.146697 61.306706
-15.907359 48.139143 61.306706
9.658992 5.576622 61.733916
-15.162708 48.569067 61.733916
8.854024 5.111873 59.968344
-15.967676 48.104319 59.968344
7.776142 4.489558 59.356181
-17.045558 47.482003 59.356181
7.716570 4.455164 58.398506
-17.105130 47.447609 58.398506
5.650164 3.262123 59.478727
-19.171536 46.254569 59.478727
5.588358 3.226440 58.521620
-19.233342 46.218885 58.521620
55.231758 3.226440 58.521620
30.410058 46.218885 58.521620
4.709918 2.719129 60.208898
-20.111782 45.711574 60.208898
54.353318 2.719129 60.208898
29.531618 45.711574 60.208898
3.976560 2.295868 59.756725
-20.845140 45.288314 59.756725
53.619960 2.295868 59.756725
28.798260 45.288314 59.756725
3.698806 2.135506 62.389197
-21.122894 45.127952 62.389197
53.342206 2.135506 62.389197
28.520506 45.127952 62.389197
2.966441 1.712676 61.934755
-21.855259 44.705121 61.934755
52.609841 1.712676 61.934755
27.788141 44.705121 61.934755
3.698061 2.135076 63.803583
-21.123639 45.127522 63.803583
53.341461 2.135076 63.803583
28.519761 45.127522 63.803583
4.802006 2.772440 64.381705
-20.019694 45.764885 64.381705
54.445406 2.772440 64.381705
29.623706 45.764885 64.381705
4.860461 2.806189 65.339380
-19.961239 45.798634 65.339380
54.503861 2.806189 65.339380
29.682161 45.798634 65.339380
7.003567 4.043511 64.298873
-17.818133 47.035957 64.298873
7.061650 4.077045 65.256548
-17.760050 47.069491 65.256548
7.950018 4.589945 63.557356
-16.871682 47.582391 63.557356
8.690201 5.017290 63.994210
-16.131499 48.009736 63.994210
7.912041 4.568019 62.092476
-16.909659 47.560465 62.092476
6.823361 3.939469 61.449677
-17.998339 46.931915 61.449677
6.814798 3.934525 60.116988
-18.006902 46.926971 60.116988
4.707063 2.717624 61.618745
-20.114637 45.710070 61.618745
54.350463 2.717624 61.618745
29.528763 45.710070 61.618745
5.765957 3.328977 62.275728
-19.055743 46.321422 62.275728
5.825529 3.363371 63.630543
-18.996171 46.355816 63.630543
9.903238 5.717637 59.102011
-14.918462 48.710083 59.102011
2.646986 1.528238 64.618855
-22.174714 44.520684 64.618855
52.290386 1.528238 64.618855
27.468686 44.520684 64.618855
1.166496 11.883184 74.169507
1.106427 2.429145 68.224887
-23.715273 45.421590 68.224887
50.749827 2.429145 68.224887
25.928127 45.421590 68.224887
0.000000 10.235928 73.018935
49.643400 10.235928 73.018935
0.000000 7.892410 71.609655
49.643400 7.892410 71.609655
0.000000 6.554485 70.832963
49.643400 6.554485 70.832963
0.000000 4.238052 69.386805
-24.821700 47.230498 69.386805
49.643400 4.238052 69.386805
24.821700 47.230498 69.386805
0.000000 11.554076 73.812648
49.643400 11.554076 73.812648
0.000000 2.938390 68.590823
-24.821700 45.930836 68.590823
49.643400 2.938390 68.590823
24.821700 45.930836 68.590823
1.204721 9.641987 72.688742
50.848121 9.641987 72.688742
2.029422 10.057079 72.951421
1.228054 8.457975 71.984102
50.871454 8.457975 71.984102
1.228674 5.994723 70.498798
-23.593026 48.987169 70.498798
50.872074 5.994723 70.498798
26.050374 48.987169 70.498798
1.198019 4.821244 69.792456
-23.623681 47.813690 69.792456
50.841419 4.821244 69.792456
26.019719 47.813690 69.792456
2.025823 4.388740 69.570624
-22.795877 47.381186 69.570624
51.669223 4.388740 69.570624
26.847523 47.381186 69.570624
2.454866 7.822332 71.590366
52.098266 7.822332 71.590366
3.290985 8.258491 71.769646
2.451267 6.602851 70.962317
52.094667 6.602851 70.962317
3.283042 6.142832 70.827857
-21.538658 49.135278 70.827857
52.926442 6.142832 70.827857
28.104742 49.135278 70.827857
-1.166496 11.883184 74.169507
48.476904 11.883184 74.169507
-1.106427 2.429145 68.224887
-25.928127 45.421590 68.224887
48.536973 2.429145 68.224887
23.715273 45.421590 68.224887
-1.204721 9.641987 72.688742
48.438679 9.641987 72.688742
-2.029422 10.057079 72.951421
47.613978 10.057079 72.951421
-1.228054 8.457975 71.984102
48.415346 8.457975 71.984102
-1.228674 5.994723 70.498798
-26.050374 48.987169 70.498798
48.414726 5.994723 70.498798
23.593026 48.987169 70.498798
-1.198019 4.821244 69.792456
-26.019719 47.813690 69.792456
48.445381 4.821244 69.792456
23.623681 47.813690 69.792456
-2.025823 4.388740 69.570624
-26.847523 47.381186 69.570624
47.617577 4.388740 69.570624
22.795877 47.381186 69.570624
-2.454866 7.822332 71.590366
47.188534 7.822332 71.590366
-3.290985 8.258491 71.769646
46.352415 8.258491 71.769646
-2.451267 6.602851 70.962317
47.192133 6.602851 70.962317
-3.283042 6.142832 70.827857
-28.104742 49.135278 70.827857
46.360358 6.142832 70.827857
21.538658 49.135278 70.827857
2.702959 14.544416 74.169507
10.860363 19.323456 68.224887
4.663005 15.631910 72.688742
4.715875 14.710152 72.951421
5.700055 16.203709 71.984102
7.833604 17.434798 70.498798
8.834539 18.048085 69.792456
9.623001 17.547438 69.570624
6.863945 15.459080 71.590366
6.904280 14.516901 71.769646
7.918246 16.071938 70.962317
8.732522 15.581609 70.827857
-1.536463 16.564846 74.169507
-9.753935 21.239844 68.224887
39.889465 21.239844 68.224887
-3.458283 17.718548 72.688742
46.185117 17.718548 72.688742
-2.686453 18.225214 72.951421
-4.472002 18.330761 71.984102
45.171398 18.330761 71.984102
-6.604930 19.562924 70.498798
43.038470 19.562924 70.498798
-7.636520 20.123116 69.792456
42.006880 20.123116 69.792456
-7.597178 21.056267 69.570624
42.046222 21.056267 69.570624
-4.409079 19.711033 71.590366
45.234321 19.711033 71.590366
-3.613295 20.217054 71.769646
-5.466979 20.317657 70.962317
44.176421 20.317657 70.962317
-5.449480 21.268005 70.827857
44.193920 21.268005 70.827857
10.874387 19.262192 77.121960
2.656915 14.587193 83.066580
8.952567 18.108490 78.602725
9.724397 17.601824 78.340045
7.938848 17.496277 79.307365
5.805920 16.264114 80.792669
4.774330 15.703922 81.499011
4.813672 14.770771 81.720842
8.001771 16.116005 79.701101
8.797555 15.609984 79.521821
6.943871 15.509381 80.329150
6.961370 14.559033 80.463610
-9.707891 21.282622 77.121960
39.935509 21.282622 77.121960
-1.550487 16.503582 83.066580
-7.747845 20.195128 78.602725
41.895555 20.195128 78.602725
-7.694975 21.116886 78.340045
41.948425 21.116886 78.340045
-6.710795 19.623329 79.307365
42.932605 19.623329 79.307365
-4.577246 18.392240 80.792669
45.066154 18.392240 80.792669
-3.576311 17.778953 81.499011
46.067089 17.778953 81.499011
-2.787849 18.279600 81.720842
-5.546905 20.367958 79.701101
44.096495 20.367958 79.701101
-5.506570 21.310137 79.521821
44.136830 21.310137 79.521821
-4.492604 19.755100 80.329150
45.150796 19.755100 80.329150
-3.678328 20.245429 80.463610
-1.166496 2.447632 77.121960
-25.988196 45.440077 77.121960
48.476904 2.447632 77.121960
23.655204 45.440077 77.121960
-1.106427 11.901670 83.066580
48.536973 11.901670 83.066580
-1.204721 4.688828 78.602725
-26.026421 47.681273 78.602725
48.438679 4.688828 78.602725
23.616979 47.681273 78.602725
-2.029422 4.273736 78.340045
-26.851122 47.266181 78.340045
47.613978 4.273736 78.340045
22.792278 47.266181 78.340045
-1.228054 5.872840 79.307365
-26.049754 48.865285 79.307365
48.415346 5.872840 79.307365
23.593646 48.865285 79.307365
-1.228674 8.336092 80.792669
48.414726 8.336092 80.792669
-1.198019 9.509571 81.499011
48.445381 9.509571 81.499011
-2.025823 9.942075 81.720842
47.617577 9.942075 81.720842
-2.454866 6.508483 79.701101
47.188534 6.508483 79.701101
-3.290985 6.072325 79.521821
-28.112685 49.064770 79.521821
46.352415 6.072325 79.521821
21.530715 49.064770 79.521821
-2.451267 7.727964 80.329150
47.192133 7.727964 80.329150
-3.283042 8.187983 80.463610
46.360358 8.187983 80.463610
12.410726 7.165479 92.383108
14.008995 8.088097 94.963384
-10.863713 20.602983 -10.360440
-10.863713 20.602983 103.108160
38.779687 20.602983 -10.360440
38.779687 20.602983 103.108160
-12.410726 21.496151 -7.638328
-12.410726 21.496151 105.830272
37.232674 21.496151 -7.638328
37.232674 21.496151 105.830272
12.410726 7.165479 94.304132
-12.410726 21.496151 -9.662040
-12.410726 21.496151 103.806560
37.232674 21.496151 -9.662040
37.232674 21.496151 103.806560
-1.549619 15.225488 -2.950940
-1.549619 15.225488 110.517660
48.093781 15.225488 -2.950940
48.093781 15.225488 110.517660
-2.614842 15.840495 -1.103671
-2.614842 15.840495 112.364929
47.028558 15.840495 -1.103671
47.028558 15.840495 112.364929
-9.607487 19.877700 -9.092428
-9.607487 19.877700 104.376172
40.035913 19.877700 -9.092428
40.035913 19.877700 104.376172
-10.704730 20.511194 -7.304163
-10.704730 20.511194 106.164437
38.938670 20.511194 -7.304163
38.938670 20.511194 106.164437
-3.496509 16.349525 -4.572406
-3.496509 16.349525 108.896194
46.146891 16.349525 -4.572406
46.146891 16.349525 108.896194
-2.751858 15.919601 -4.999616
-2.751858 15.919601 108.468984
46.891542 15.919601 -4.999616
46.891542 15.919601 108.468984
-3.556826 16.384349 -3.234044
-3.556826 16.384349 110.234556
46.086574 16.384349 -3.234044
46.086574 16.384349 110.234556
-4.634708 17.006665 -2.621881
-4.634708 17.006665 110.846719
45.008692 17.006665 -2.621881
45.008692 17.006665 110.846719
-4.694280 17.041059 -1.664206
-4.694280 17.041059 111.804394
44.949120 17.041059 -1.664206
44.949120 17.041059 111.804394
-6.760686 18.234099 -2.744427
-6.760686 18.234099 110.724173
42.882714 18.234099 -2.744427
42.882714 18.234099 110.724173
-6.822492 18.269783 -1.787320
-6.822492 18.269783 111.681280
42.820908 18.269783 -1.787320
42.820908 18.269783 111.681280
-7.700932 18.777094 -3.474598
-7.700932 18.777094 109.994002
41.942468 18.777094 -3.474598
41.942468 18.777094 109.994002
-8.434290 19.200355 -3.022425
-8.434290 19.200355 110.446175
41.209110 19.200355 -3.022425
41.209110 19.200355 110.446175
-8.712044 19.360716 -5.654897
-8.712044 19.360716 107.813703
40.931356 19.360716 -5.654897
40.931356 19.360716 107.813703
-9.444409 19.783547 -5.200455
-9.444409 19.783547 108.268145
40.198991 19.783547 -5.200455
40.198991 19.783547 108.268145
-8.712789 19.361146 -7.069283
-8.712789 19.361146 106.399317
40.930611 19.361146 -7.069283
40.930611 19.361146 106.399317
-7.608844 18.723783 -7.647405
-7.608844 18.723783 105.821195
42.034556 18.723783 -7.647405
42.034556 18.723783 105.821195
-7.550389 18.690034 -8.605080
-7.550389 18.690034 104.863520
42.093011 18.690034 -8.605080
42.093011 18.690034 104.863520
-5.407283 17.452712 -7.564573
-5.407283 17.452712 105.904027
44.236117 17.452712 -7.564573
44.236117 17.452712 105.904027
-5.349200 17.419178 -8.522248
-5.349200 17.419178 104.946352
44.294200 17.419178 -8.522248
44.294200 17.419178 104.946352
-4.460832 16.906278 -6.823056
-4.460832 16.906278 106.645544
45.182568 16.906278 -6.823056
45.182568 16.906278 106.645544
-3.720649 16.478933 -7.259910
-3.720649 16.478933 106.208690
45.922751 16.478933 -7.259910
45.922751 16.478933 106.208690
-4.498809 16.928204 -5.358176
-4.498809 16.928204 108.110424
45.144591 16.928204 -5.358176
45.144591 16.928204 108.110424
-5.587489 17.556753 -4.715377
-5.587489 17.556753 108.753223
44.055911 17.556753 -4.715377
44.055911 17.556753 108.753223
-5.596052 17.561697 -3.382688
-5.596052 17.561697 110.085912
44.047348 17.561697 -3.382688
44.047348 17.561697 110.085912
-7.703787 18.778599 -4.884445
-7.703787 18.778599 108.584155
41.939613 18.778599 -4.884445
41.939613 18.778599 108.584155
-6.644893 18.167246 -5.541428
-6.644893 18.167246 107.927172
42.998507 18.167246 -5.541428
42.998507 18.167246 107.927172
-6.585321 18.132852 -6.896243
-6.585321 18.132852 106.572357
43.058079 18.132852 -6.896243
43.058079 18.132852 106.572357
-2.507612 15.778586 -2.367711
-2.507612 15.778586 111.100889
47.135788 15.778586 -2.367711
47.135788 15.778586 111.100889
-9.763864 19.967985 -7.884555
-9.763864 19.967985 105.584045
39.879536 19.967985 -7.884555
39.879536 19.967985 105.584045
13.577346 9.613039 96.033393
13.517277 19.067078 -11.490587
13.517277 19.067078 101.978013
12.410850 11.260295 -16.284635
12.410850 11.260295 97.183965
12.410850 13.603813 -14.875355
12.410850 13.603813 98.593245
12.410850 14.941738 -14.098663
12.410850 14.941738 99.369937
12.410850 17.258171 -12.652505
12.410850 17.258171 100.816095
12.410850 9.942146 -17.078348
12.410850 9.942146 96.390252
12.410850 18.557832 -11.856523
12.410850 18.557832 101.612077
13.615571 11.854235 -15.954442
13.615571 11.854235 97.514158
14.440272 11.439143 -16.217121
14.440272 11.439143 97.251479
13.638904 13.038247 -15.249802
13.638904 13.038247 98.218798
13.639524 15.501499 -13.764498
13.639524 15.501499 99.704102
13.608869 16.674978 -13.058156
13.608869 16.674978 100.410444
14.436673 17.107482 -12.836324
14.436673 17.107482 100.632276
14.865716 13.673891 -14.856066
14.865716 13.673891 98.612534
15.701835 13.237732 -15.035346
15.701835 13.237732 98.433254
14.862117 14.893371 -14.228017
14.862117 14.893371 99.240583
15.693892 15.353390 -14.093557
15.693892 15.353390 99.375043
10.812705 8.088097 94.963384
-0.000000 1.786479 -10.360440
0.000000 1.786479 103.108160
-24.821700 44.778925 -10.360440
-24.821700 44.778925 103.108160
49.643400 1.786479 -10.360440
49.643400 1.786479 103.108160
24.821700 44.778925 -10.360440
24.821700 44.778925 103.108160
-0.000000 0.000143 -7.638328
0.000000 0.000143 105.830272
-24.821700 42.992589 -7.638328
-24.821700 42.992589 105.830272
49.643400 0.000143 -7.638328
49.643400 0.000143 105.830272
24.821700 42.992589 -7.638328
24.821700 42.992589 105.830272
-0.000000 0.000143 -9.662040
0.000000 0.000143 103.806560
-24.821700 42.992589 -9.662040
-24.821700 42.992589 103.806560
49.643400 0.000143 -9.662040
49.643400 0.000143 103.806560
24.821700 42.992589 -9.662040
24.821700 42.992589 103.806560
0.000000 12.541470 -2.950940
0.000000 12.541470 110.517660
49.643400 12.541470 -2.950940
49.643400 12.541470 110.517660
0.000000 11.311456 -1.103671
0.000000 11.311456 112.364929
49.643400 11.311456 -1.103671
49.643400 11.311456 112.364929
-0.000000 3.237045 -9.092428
0.000000 3.237045 104.376172
-24.821700 46.229490 -9.092428
-24.821700 46.229490 104.376172
49.643400 3.237045 -9.092428
49.643400 3.237045 104.376172
24.821700 46.229490 -9.092428
24.821700 46.229490 104.376172
-0.000000 1.970057 -7.304163
0.000000 1.970057 106.164437
-24.821700 44.962503 -7.304163
-24.821700 44.962503 106.164437
49.643400 1.970057 -7.304163
49.643400 1.970057 106.164437
24.821700 44.962503 -7.304163
24.821700 44.962503 106.164437
0.000000 10.293395 -4.572406
0.000000 10.293395 108.896194
49.643400 10.293395 -4.572406
49.643400 10.293395 108.896194
0.000000 11.153244 -4.999616
0.000000 11.153244 108.468984
49.643400 11.153244 -4.999616
49.643400 11.153244 108.468984
0.000000 10.223747 -3.234044
0.000000 10.223747 110.234556
49.643400 10.223747 -3.234044
49.643400 10.223747 110.234556
0.000000 8.979116 -2.621881
0.000000 8.979116 110.846719
49.643400 8.979116 -2.621881
49.643400 8.979116 110.846719
0.000000 8.910328 -1.664206
0.000000 8.910328 111.804394
49.643400 8.910328 -1.664206
49.643400 8.910328 111.804394
-0.000000 6.524247 -2.744427
0.000000 6.524247 110.724173
49.643400 6.524247 -2.744427
49.643400 6.524247 110.724173
-0.000000 6.452879 -1.787320
0.000000 6.452879 111.681280
-24.821700 49.445325 -1.787320
-24.821700 49.445325 111.681280
49.643400 6.452879 -1.787320
49.643400 6.452879 111.681280
24.821700 49.445325 -1.787320
24.821700 49.445325 111.681280
-0.000124 5.438473 -3.474598
-0.000124 5.438473 109.994002
-24.821824 48.430918 -3.474598
-24.821824 48.430918 109.994002
49.643276 5.438473 -3.474598
49.643276 5.438473 109.994002
24.821576 48.430918 -3.474598
24.821576 48.430918 109.994002
-0.000000 4.591736 -3.022425
0.000000 4.591736 110.446175
-24.821700 47.584182 -3.022425
-24.821700 47.584182 110.446175
49.643400 4.591736 -3.022425
49.643400 4.591736 110.446175
24.821700 47.584182 -3.022425
24.821700 47.584182 110.446175
0.000000 4.271013 -5.654897
0.000000 4.271013 107.813703
-24.821700 47.263458 -5.654897
-24.821700 47.263458 107.813703
49.643400 4.271013 -5.654897
49.643400 4.271013 107.813703
24.821700 47.263458 -5.654897
24.821700 47.263458 107.813703
0.000000 3.425351 -5.200455
0.000000 3.425351 108.268145
-24.821700 46.417797 -5.200455
-24.821700 46.417797 108.268145
49.643400 3.425351 -5.200455
49.643400 3.425351 108.268145
24.821700 46.417797 -5.200455
24.821700 46.417797 108.268145
0.000000 4.270153 -7.069283
0.000000 4.270153 106.399317
-24.821700 47.262599 -7.069283
-24.821700 47.262599 106.399317
49.643400 4.270153 -7.069283
49.643400 4.270153 106.399317
24.821700 47.262599 -7.069283
24.821700 47.262599 106.399317
-0.000000 5.544879 -7.647405
0.000000 5.544879 105.821195
-24.821700 48.537325 -7.647405
-24.821700 48.537325 105.821195
49.643400 5.544879 -7.647405
49.643400 5.544879 105.821195
24.821700 48.537325 -7.647405
24.821700 48.537325 105.821195
0.000000 5.612377 -8.605080
0.000000 5.612377 104.863520
-24.821700 48.604823 -8.605080
-24.821700 48.604823 104.863520
49.643400 5.612377 -8.605080
49.643400 5.612377 104.863520
24.821700 48.604823 -8.605080
24.821700 48.604823 104.863520
0.000000 8.087022 -7.564573
0.000000 8.087022 105.904027
49.643400 8.087022 -7.564573
49.643400 8.087022 105.904027
0.000000 8.154091 -8.522248
0.000000 8.154091 104.946352
49.643400 8.154091 -8.522248
49.643400 8.154091 104.946352
0.000000 9.179890 -6.823056
0.000000 9.179890 106.645544
49.643400 9.179890 -6.823056
49.643400 9.179890 106.645544
-0.000000 10.034580 -7.259910
0.000000 10.034580 106.208690
49.643400 10.034580 -7.259910
49.643400 10.034580 106.208690
0.000000 9.136038 -5.358176
0.000000 9.136038 108.110424
49.643400 9.136038 -5.358176
49.643400 9.136038 108.110424
0.000000 7.878939 -4.715377
0.000000 7.878939 108.753223
49.643400 7.878939 -4.715377
49.643400 7.878939 108.753223
-0.000000 7.869051 -3.382688
0.000000 7.869051 110.085912
49.643400 7.869051 -3.382688
49.643400 7.869051 110.085912
-0.000000 5.435248 -4.884445
0.000000 5.435248 108.584155
-24.821700 48.427694 -4.884445
-24.821700 48.427694 108.584155
49.643400 5.435248 -4.884445
49.643400 5.435248 108.584155
24.821700 48.427694 -4.884445
24.821700 48.427694 108.584155
-0.000000 6.657953 -5.541428
0.000000 6.657953 107.927172
49.643400 6.657953 -5.541428
49.643400 6.657953 107.927172
-0.000000 6.726741 -6.896243
0.000000 6.726741 106.572357
49.643400 6.726741 -6.896243
49.643400 6.726741 106.572357
0.000000 11.435274 -2.367711
0.000000 11.435274 111.100889
49.643400 11.435274 -2.367711
49.643400 11.435274 111.100889
0.000000 3.056476 -7.884555
0.000000 3.056476 105.584045
-24.821700 46.048922 -7.884555
-24.821700 46.048922 105.584045
49.643400 3.056476 -7.884555
49.643400 3.056476 105.584045
24.821700 46.048922 -7.884555
24.821700 46.048922 105.584045
9.707891 6.951807 96.033393
1.550487 2.172767 -11.490587
1.550487 2.172767 101.978013
-23.271213 45.165212 -11.490587
-23.271213 45.165212 101.978013
51.193887 2.172767 -11.490587
51.193887 2.172767 101.978013
26.372187 45.165212 -11.490587
26.372187 45.165212 101.978013
8.864574 5.117964 -16.284635
8.864574 5.117964 97.183965
-15.957126 48.110410 -16.284635
-15.957126 48.110410 97.183965
6.835027 3.946205 -14.875355
6.835027 3.946205 98.593245
-17.986673 46.938650 -14.875355
-17.986673 46.938650 98.593245
5.676350 3.277242 -14.098663
5.676350 3.277242 99.369937
-19.145350 46.269688 -14.098663
-19.145350 46.269688 99.369937
3.670261 2.119026 -12.652505
3.670261 2.119026 100.816095
-21.151439 45.111472 -12.652505
-21.151439 45.111472 100.816095
53.313661 2.119026 -12.652505
53.313661 2.119026 100.816095
28.491961 45.111472 -12.652505
28.491961 45.111472 100.816095
10.006124 5.777038 -17.078348
10.006124 5.777038 96.390252
-14.815576 48.769484 -17.078348
-14.815576 48.769484 96.390252
2.544721 1.469195 -11.856523
2.544721 1.469195 101.612077
-22.276979 44.461641 -11.856523
-22.276979 44.461641 101.612077
52.188121 1.469195 -11.856523
52.188121 1.469195 101.612077
27.366421 44.461641 -11.856523
27.366421 44.461641 101.612077
7.747845 5.864313 -15.954442
7.747845 5.864313 97.514158
-17.073855 48.856758 -15.954442
-17.073855 48.856758 97.514158
7.694975 6.786071 -16.217121
7.694975 6.786071 97.251479
6.710795 5.292513 -15.249802
6.710795 5.292513 98.218798
-18.110905 48.284959 -15.249802
-18.110905 48.284959 98.218798
4.577246 4.061425 -13.764498
4.577246 4.061425 99.704102
-20.244454 47.053870 -13.764498
-20.244454 47.053870 99.704102
54.220646 4.061425 -13.764498
54.220646 4.061425 99.704102
29.398946 47.053870 -13.764498
29.398946 47.053870 99.704102
3.576311 3.448137 -13.058156
3.576311 3.448137 100.410444
-21.245389 46.440583 -13.058156
-21.245389 46.440583 100.410444
53.219711 3.448137 -13.058156
53.219711 3.448137 100.410444
28.398011 46.440583 -13.058156
28.398011 46.440583 100.410444
2.787849 3.948784 -12.836324
2.787849 3.948784 100.632276
-22.033851 46.941230 -12.836324
-22.033851 46.941230 100.632276
52.431249 3.948784 -12.836324
52.431249 3.948784 100.632276
27.609549 46.941230 -12.836324
27.609549 46.941230 100.632276
5.546905 6.037143 -14.856066
5.546905 6.037143 98.612534
-19.274795 49.029588 -14.856066
-19.274795 49.029588 98.612534
5.506570 6.979322 -15.035346
5.506570 6.979322 98.433254
4.492604 5.424285 -14.228017
4.492604 5.424285 99.240583
-20.329096 48.416731 -14.228017
-20.329096 48.416731 99.240583
3.678328 5.914614 -14.093557
3.678328 5.914614 99.375043
-21.143372 48.907060 -14.093557
-21.143372 48.907060 99.375043
53.321728 5.914614 -14.093557
53.321728 5.914614 99.375043
28.500028 48.907060 -14.093557
28.500028 48.907060 99.375043
12.410850 5.320029 94.963384
-12.410850 48.312474 94.963384
10.863713 20.602983 -10.360440
10.863713 20.602983 103.108160
12.410726 21.496151 -7.638328
12.410726 21.496151 105.830272
12.410726 21.496151 -9.662040
12.410726 21.496151 103.806560
1.549619 15.225488 -2.950940
1.549619 15.225488 110.517660
2.614842 15.840495 -1.103671
2.614842 15.840495 112.364929
9.607487 19.877700 -9.092428
9.607487 19.877700 104.376172
10.704730 20.511194 -7.304163
10.704730 20.511194 106.164437
3.496509 16.349525 -4.572406
3.496509 16.349525 108.896194
2.751858 15.919601 -4.999616
2.751858 15.919601 108.468984
3.556826 16.384349 -3.234044
3.556826 16.384349 110.234556
4.634708 17.006665 -2.621881
4.634708 17.006665 110.846719
4.694280 17.041059 -1.664206
4.694280 17.041059 111.804394
6.760686 18.234099 -2.744427
6.760686 18.234099 110.724173
6.822492 18.269783 -1.787320
6.822492 18.269783 111.681280
7.701057 18.776879 -3.474598
7.701057 18.776879 109.994002
8.434290 19.200355 -3.022425
8.434290 19.200355 110.446175
8.712044 19.360716 -5.654897
8.712044 19.360716 107.813703
9.444409 19.783547 -5.200455
9.444409 19.783547 108.268145
8.712789 19.361146 -7.069283
8.712789 19.361146 106.399317
7.608844 18.723783 -7.647405
7.608844 18.723783 105.821195
7.550389 18.690034 -8.605080
7.550389 18.690034 104.863520
5.407283 17.452712 -7.564573
5.407283 17.452712 105.904027
5.349200 17.419178 -8.522248
5.349200 17.419178 104.946352
4.460832 16.906278 -6.823056
4.460832 16.906278 106.645544
3.720649 16.478933 -7.259910
3.720649 16.478933 106.208690
4.498809 16.928204 -5.358176
4.498809 16.928204 108.110424
5.587489 17.556753 -4.715377
5.587489 17.556753 108.753223
5.596052 17.561697 -3.382688
5.596052 17.561697 110.085912
7.703787 18.778599 -4.884445
7.703787 18.778599 108.584155
6.644893 18.167246 -5.541428
6.644893 18.167246 107.927172
6.585321 18.132852 -6.896243
6.585321 18.132852 106.572357
2.507612 15.778586 -2.367711
2.507612 15.778586 111.100889
9.763864 19.967985 -7.884555
9.763864 19.967985 105.584045
13.947313 4.931377 96.033393
-10.874387 47.923822 96.033393
22.164785 0.256378 -11.490587
22.164785 0.256378 101.978013
-2.656915 43.248824 -11.490587
-2.656915 43.248824 101.978013
15.957126 5.117964 -16.284635
15.957126 5.117964 97.183965
-8.864574 48.110410 -16.284635
-8.864574 48.110410 97.183965
17.986673 3.946205 -14.875355
17.986673 3.946205 98.593245
-6.835027 46.938650 -14.875355
-6.835027 46.938650 98.593245
19.145350 3.277242 -14.098663
19.145350 3.277242 99.369937
-5.676350 46.269688 -14.098663
-5.676350 46.269688 99.369937
21.151439 2.119026 -12.652505
21.151439 2.119026 100.816095
-3.670261 45.111472 -12.652505
-3.670261 45.111472 100.816095
14.815576 5.777038 -17.078348
14.815576 5.777038 96.390252
-10.006124 48.769484 -17.078348
-10.006124 48.769484 96.390252
22.276979 1.469195 -11.856523
22.276979 1.469195 101.612077
-2.544721 44.461641 -11.856523
-2.544721 44.461641 101.612077
15.869133 3.777675 -15.954442
15.869133 3.777675 97.514158
-8.952567 46.770120 -15.954442
-8.952567 46.770120 97.514158
15.097303 3.271009 -16.217121
15.097303 3.271009 97.251479
-9.724397 46.263454 -16.217121
-9.724397 46.263454 97.251479
16.882852 3.165462 -15.249802
16.882852 3.165462 98.218798
-7.938848 46.157908 -15.249802
-7.938848 46.157908 98.218798
19.015780 1.933299 -13.764498
19.015780 1.933299 99.704102
-5.805920 44.925744 -13.764498
-5.805920 44.925744 99.704102
20.047370 1.373107 -13.058156
20.047370 1.373107 100.410444
-4.774330 44.365553 -13.058156
-4.774330 44.365553 100.410444
20.008028 0.439956 -12.836324
20.008028 0.439956 100.632276
-4.813672 43.432402 -12.836324
-4.813672 43.432402 100.632276
16.819929 1.785190 -14.856066
16.819929 1.785190 98.612534
-8.001771 44.777635 -14.856066
-8.001771 44.777635 98.612534
16.024145 1.279169 -15.035346
16.024145 1.279169 98.433254
-8.797555 44.271614 -15.035346
-8.797555 44.271614 98.433254
17.877829 1.178566 -14.228017
17.877829 1.178566 99.240583
-6.943871 44.171012 -14.228017
-6.943871 44.171012 99.240583
17.860330 0.228218 -14.093557
17.860330 0.228218 99.375043
-6.961370 43.220664 -14.093557
-6.961370 43.220664 99.375043
-12.410726 21.496151 -16.737375
-12.410726 21.496151 96.731225
37.232674 21.496151 -16.737375
37.232674 21.496151 96.731225
0.000000 1.845379 94.150949
-24.821700 44.837825 94.150949
49.643400 1.845379 94.150949
24.821700 44.837825 94.150949
10.863713 8.058647 86.006173
12.410726 7.165479 83.284061
-12.410726 21.496151 94.810202
37.232674 21.496151 94.810202
12.410726 7.165479 85.307774
1.549619 13.436142 78.596673
2.614842 12.821135 76.749405
9.607487 8.783930 84.738161
10.704730 8.150436 82.949896
3.496509 12.312105 80.218140
2.751858 12.742029 80.645349
3.556826 12.277281 78.879778
4.634708 11.654965 78.267614
4.694280 11.620571 77.309939
6.760686 10.427531 78.390161
6.822492 10.391847 77.433053
7.701057 9.884751 79.120331
8.434290 9.461276 78.668159
8.712044 9.300914 81.300630
9.444409 8.878083 80.846188
8.712789 9.300484 82.715016
7.608844 9.937847 83.293139
7.550389 9.971596 84.250814
5.407283 11.208919 83.210307
5.349200 11.242453 84.167982
4.460832 11.755353 82.468789
3.720649 12.182698 82.905643
4.498809 11.733427 81.003910
5.587489 11.104877 80.361110
5.596052 11.099933 79.028421
7.703787 9.883032 80.530178
6.644893 10.494384 81.187162
6.585321 10.528778 82.541977
2.507612 12.883045 78.013445
9.763864 8.693646 83.530288
1.536463 2.234031 93.080940
-23.285237 45.226476 93.080940
51.179863 2.234031 93.080940
26.358163 45.226476 93.080940
9.753935 6.909029 87.136320
3.546276 2.047444 91.930369
-21.275424 45.039889 91.930369
53.189676 2.047444 91.930369
28.367976 45.039889 91.930369
5.575823 3.219203 90.521089
-19.245877 46.211648 90.521089
55.219223 3.219203 90.521089
30.397523 46.211648 90.521089
6.734500 3.888165 89.744396
-18.087200 46.880611 89.744396
8.740589 5.046382 88.298239
-16.081111 48.038827 88.298239
2.404726 1.388369 92.724081
-22.416974 44.380815 92.724081
52.048126 1.388369 92.724081
27.226426 44.380815 92.724081
9.866129 5.696212 87.502256
-14.955571 48.688658 87.502256
3.458283 3.387733 91.600175
-21.363417 46.380179 91.600175
53.101683 3.387733 91.600175
28.279983 46.380179 91.600175
2.686453 3.894399 91.862855
-22.135247 46.886845 91.862855
52.329853 3.894399 91.862855
27.508153 46.886845 91.862855
4.472002 3.999945 90.895535
-20.349698 46.992391 90.895535
54.115402 3.999945 90.895535
29.293702 46.992391 90.895535
6.604930 5.232109 89.410231
-18.216770 48.224554 89.410231
7.636520 5.792301 88.703889
-17.185180 48.784746 88.703889
7.597178 6.725452 88.482058
4.409079 5.380218 90.501799
-20.412621 48.372663 90.501799
3.613295 5.886239 90.681079
-21.208405 48.878685 90.681079
53.256695 5.886239 90.681079
28.434995 48.878685 90.681079
5.466979 5.986841 89.873750
-19.354721 48.979287 89.873750
5.449480 6.937189 89.739290
-0.000000 0.000143 -16.737375
0.000000 0.000143 96.731225
-24.821700 42.992589 -16.737375
-24.821700 42.992589 96.731225
49.643400 0.000143 -16.737375
49.643400 0.000143 96.731225
24.821700 42.992589 -16.737375
24.821700 42.992589 96.731225
10.812705 20.573533 94.150949
12.410850 5.378928 86.006173
-12.410850 48.371374 86.006173
0.000000 0.000143 94.810202
-24.821700 42.992589 94.810202
49.643400 0.000143 94.810202
24.821700 42.992589 94.810202
0.000000 16.120161 78.596673
0.000000 17.350175 76.749405
12.410850 3.928363 84.738161
-12.410850 46.920809 84.738161
12.410850 5.195350 82.949896
-12.410850 48.187796 82.949896
0.000000 18.368236 80.218140
0.000000 17.508387 80.645349
0.000000 18.437883 78.879778
0.000000 19.682515 78.267614
0.000000 19.751303 77.309939
12.410850 0.641161 78.390161
-12.410850 43.633606 78.390161
12.410850 0.712528 77.433053
-12.410850 43.704974 77.433053
12.410726 1.726935 79.120331
-12.410974 44.719380 79.120331
12.410850 2.573671 78.668159
-12.410850 45.566117 78.668159
12.410850 2.894395 81.300630
-12.410850 45.886840 81.300630
12.410850 3.740056 80.846188
-12.410850 46.732502 80.846188
12.410850 2.895255 82.715016
-12.410850 45.887700 82.715016
12.410850 1.620529 83.293139
-12.410850 44.612974 83.293139
12.410850 1.553030 84.250814
-12.410850 44.545476 84.250814
0.000000 20.574608 83.210307
0.000000 20.507540 84.167982
0.000000 19.481740 82.468789
0.000000 18.627050 82.905643
0.000000 19.525592 81.003910
0.000000 20.782691 80.361110
0.000000 20.792580 79.028421
12.410850 1.730159 80.530178
-12.410850 44.722605 80.530178
12.410850 0.507454 81.187162
-12.410850 43.499900 81.187162
12.410850 0.438666 82.541977
-12.410850 43.431112 82.541977
0.000000 17.226356 78.013445
12.410850 4.108931 83.530288
-12.410850 47.101377 83.530288
22.118741 0.213601 93.080940
-2.702959 43.206046 93.080940
13.961337 4.992641 87.136320
-10.860363 47.985087 87.136320
21.275424 2.047444 91.930369
-3.546276 45.039889 91.930369
19.245877 3.219203 90.521089
-5.575823 46.211648 90.521089
18.087200 3.888165 89.744396
-6.734500 46.880611 89.744396
16.081111 5.046382 88.298239
-8.740589 48.038827 88.298239
22.416974 1.388369 92.724081
-2.404726 44.380815 92.724081
14.955571 5.696212 87.502256
-9.866129 48.688658 87.502256
20.158695 1.301095 91.600175
-4.663005 44.293540 91.600175
20.105825 0.379337 91.862855
-4.715875 43.371782 91.862855
19.121645 1.872894 90.895535
-5.700055 44.865340 90.895535
16.988096 3.103983 89.410231
-7.833604 46.096428 89.410231
15.987161 3.717270 88.703889
-8.834539 46.709716 88.703889
15.198699 3.216623 88.482058
-9.623001 46.209069 88.482058
17.957755 1.128265 90.501799
-6.863945 44.120711 90.501799
17.917420 0.186086 90.681079
-6.904280 43.178531 90.681079
16.903454 1.741122 89.873750
-7.918246 44.733568 89.873750
16.089178 1.250794 89.739290
-8.732522 44.243239 89.739290
12.410726 21.496151 -16.737375
12.410726 21.496151 96.731225
-10.812705 20.573533 94.150949
38.830695 20.573533 94.150949
13.957987 8.058647 86.006173
12.410726 21.496151 94.810202
-1.549619 13.436142 78.596673
48.093781 13.436142 78.596673
-2.614842 12.821135 76.749405
47.028558 12.821135 76.749405
15.214213 8.783930 84.738161
14.116970 8.150436 82.949896
-3.496509 12.312105 80.218140
46.146891 12.312105 80.218140
-2.751858 12.742029 80.645349
46.891542 12.742029 80.645349
-3.556826 12.277281 78.879778
46.086574 12.277281 78.879778
-4.634708 11.654965 78.267614
45.008692 11.654965 78.267614
-4.694280 11.620571 77.309939
44.949120 11.620571 77.309939
18.061014 10.427531 78.390161
17.999208 10.391847 77.433053
17.120768 9.884536 79.120331
16.387410 9.461276 78.668159
16.109656 9.300914 81.300630
15.377291 8.878083 80.846188
16.108911 9.300484 82.715016
17.212856 9.937847 83.293139
17.271311 9.971596 84.250814
-5.407283 11.208919 83.210307
44.236117 11.208919 83.210307
-5.349200 11.242453 84.167982
44.294200 11.242453 84.167982
-4.460832 11.755353 82.468789
45.182568 11.755353 82.468789
-3.720649 12.182698 82.905643
45.922751 12.182698 82.905643
-4.498809 11.733427 81.003910
45.144591 11.733427 81.003910
-5.587489 11.104877 80.361110
44.055911 11.104877 80.361110
-5.596052 11.099933 79.028421
44.047348 11.099933 79.028421
17.117913 9.883032 80.530178
18.176807 10.494384 81.187162
18.236379 10.528778 82.541977
-2.507612 12.883045 78.013445
47.135788 12.883045 78.013445
15.057836 8.693646 83.530288
13.577346 19.048591 93.080940
13.517277 9.594552 87.136320
12.410850 17.401336 91.930369
12.410850 15.057817 90.521089
12.410850 13.719893 89.744396
12.410850 11.403460 88.298239
12.410850 18.719484 92.724081
12.410850 10.103798 87.502256
13.615571 16.807395 91.600175
14.440272 17.222487 91.862855
13.638904 15.623383 90.895535
13.639524 13.160131 89.410231
13.608869 11.986652 88.703889
14.436673 11.554148 88.482058
14.865716 14.987740 90.501799
15.701835 15.423898 90.681079
14.862117 13.768259 89.873750
15.693892 13.308240 89.739290
11.244354 19.048591 93.080940
11.304423 9.594552 87.136320
11.206129 16.807395 91.600175
10.381428 17.222487 91.862855
11.182796 15.623383 90.895535
11.182176 13.160131 89.410231
11.212831 11.986652 88.703889
10.385027 11.554148 88.482058
9.955984 14.987740 90.501799
9.119865 15.423898 90.681079
9.959583 13.768259 89.873750
9.127808 13.308240 89.739290
2.702959 0.213601 93.080940
-22.118741 43.206046 93.080940
52.346359 0.213601 93.080940
27.524659 43.206046 93.080940
10.860363 4.992641 87.136320
-13.961337 47.985087 87.136320
4.663005 1.301095 91.600175
-20.158695 44.293540 91.600175
54.306405 1.301095 91.600175
29.484705 44.293540 91.600175
4.715875 0.379337 91.862855
-20.105825 43.371782 91.862855
54.359275 0.379337 91.862855
29.537575 43.371782 91.862855
5.700055 1.872894 90.895535
-19.121645 44.865340 90.895535
55.343455 1.872894 90.895535
30.521755 44.865340 90.895535
7.833604 3.103983 89.410231
-16.988096 46.096428 89.410231
8.834539 3.717270 88.703889
-15.987161 46.709716 88.703889
9.623001 3.216623 88.482058
-15.198699 46.209069 88.482058
6.863945 1.128265 90.501799
-17.957755 44.120711 90.501799
6.904280 0.186086 90.681079
-17.917420 43.178531 90.681079
56.547680 0.186086 90.681079
31.725980 43.178531 90.681079
7.918246 1.741122 89.873750
-16.903454 44.733568 89.873750
8.732522 1.250794 89.739290
-16.089178 44.243239 89.739290
23.285237 2.234031 93.080940
-1.536463 45.226476 93.080940
15.067765 6.909029 87.136320
21.363417 3.387733 91.600175
-3.458283 46.380179 91.600175
22.135247 3.894399 91.862855
-2.686453 46.886845 91.862855
20.349698 3.999945 90.895535
-4.472002 46.992391 90.895535
18.216770 5.232109 89.410231
-6.604930 48.224554 89.410231
17.185180 5.792301 88.703889
-7.636520 48.784746 88.703889
17.224522 6.725452 88.482058
20.412621 5.380218 90.501799
-4.409079 48.372663 90.501799
21.208405 5.886239 90.681079
-3.613295 48.878685 90.681079
19.354721 5.986841 89.873750
-5.466979 48.979287 89.873750
19.372220 6.937189 89.739290
10.874387 4.931377 96.033393
-13.947313 47.923822 96.033393
2.656915 0.256378 -11.490587
2.656915 0.256378 101.978013
-22.164785 43.248824 -11.490587
-22.164785 43.248824 101.978013
52.300315 0.256378 -11.490587
52.300315 0.256378 101.978013
27.478615 43.248824 -11.490587
27.478615 43.248824 101.978013
8.952567 3.777675 -15.954442
8.952567 3.777675 97.514158
-15.869133 46.770120 -15.954442
-15.869133 46.770120 97.514158
9.724397 3.271009 -16.217121
9.724397 3.271009 97.251479
-15.097303 46.263454 -16.217121
-15.097303 46.263454 97.251479
7.938848 3.165462 -15.249802
7.938848 3.165462 98.218798
-16.882852 46.157908 -15.249802
-16.882852 46.157908 98.218798
5.805920 1.933299 -13.764498
5.805920 1.933299 99.704102
-19.015780 44.925744 -13.764498
-19.015780 44.925744 99.704102
55.449320 1.933299 -13.764498
55.449320 1.933299 99.704102
30.627620 44.925744 -13.764498
30.627620 44.925744 99.704102
4.774330 1.373107 -13.058156
4.774330 1.373107 100.410444
-20.047370 44.365553 -13.058156
-20.047370 44.365553 100.410444
54.417730 1.373107 -13.058156
54.417730 1.373107 100.410444
29.596030 44.365553 -13.058156
29.596030 44.365553 100.410444
4.813672 0.439956 -12.836324
4.813672 0.439956 100.632276
-20.008028 43.432402 -12.836324
-20.008028 43.432402 100.632276
54.457072 0.439956 -12.836324
54.457072 0.439956 100.632276
29.635372 43.432402 -12.836324
29.635372 43.432402 100.632276
8.001771 1.785190 -14.856066
8.001771 1.785190 98.612534
-16.819929 44.777635 -14.856066
-16.819929 44.777635 98.612534
8.797555 1.279169 -15.035346
8.797555 1.279169 98.433254
-16.024145 44.271614 -15.035346
-16.024145 44.271614 98.433254
6.943871 1.178566 -14.228017
6.943871 1.178566 99.240583
-17.877829 44.171012 -14.228017
-17.877829 44.171012 99.240583
6.961370 0.228218 -14.093557
6.961370 0.228218 99.375043
-17.860330 43.220664 -14.093557
-17.860330 43.220664 99.375043
56.604770 0.228218 -14.093557
56.604770 0.228218 99.375043
31.783070 43.220664 -14.093557
31.783070 43.220664 99.375043
15.113809 6.951807 96.033393
23.271213 2.172767 -11.490587
23.271213 2.172767 101.978013
-1.550487 45.165212 -11.490587
-1.550487 45.165212 101.978013
17.073855 5.864313 -15.954442
17.073855 5.864313 97.514158
-7.747845 48.856758 -15.954442
-7.747845 48.856758 97.514158
17.126725 6.786071 -16.217121
17.126725 6.786071 97.251479
18.110905 5.292513 -15.249802
18.110905 5.292513 98.218798
-6.710795 48.284959 -15.249802
-6.710795 48.284959 98.218798
20.244454 4.061425 -13.764498
20.244454 4.061425 99.704102
-4.577246 47.053870 -13.764498
-4.577246 47.053870 99.704102
21.245389 3.448137 -13.058156
21.245389 3.448137 100.410444
-3.576311 46.440583 -13.058156
-3.576311 46.440583 100.410444
22.033851 3.948784 -12.836324
22.033851 3.948784 100.632276
-2.787849 46.941230 -12.836324
-2.787849 46.941230 100.632276
19.274795 6.037143 -14.856066
19.274795 6.037143 98.612534
-5.546905 49.029588 -14.856066
-5.546905 49.029588 98.612534
19.315130 6.979322 -15.035346
19.315130 6.979322 98.433254
20.329096 5.424285 -14.228017
20.329096 5.424285 99.240583
-4.492604 48.416731 -14.228017
-4.492604 48.416731 99.240583
21.143372 5.914614 -14.093557
21.143372 5.914614 99.375043
-3.678328 48.907060 -14.093557
-3.678328 48.907060 99.375043
11.244354 9.613039 96.033393
11.304423 19.067078 -11.490587
11.304423 19.067078 101.978013
11.206129 11.854235 -15.954442
11.206129 11.854235 97.514158
10.381428 11.439143 -16.217121
10.381428 11.439143 97.251479
11.182796 13.038247 -15.249802
11.182796 13.038247 98.218798
11.182176 15.501499 -13.764498
11.182176 15.501499 99.704102
11.212831 16.674978 -13.058156
11.212831 16.674978 100.410444
10.385027 17.107482 -12.836324
10.385027 17.107482 100.632276
9.955984 13.673891 -14.856066
9.955984 13.673891 98.612534
9.119865 13.237732 -15.035346
9.119865 13.237732 98.433254
9.959583 14.893371 -14.228017
9.959583 14.893371 99.240583
9.127808 15.353390 -14.093557
9.127808 15.353390 99.375043
-12.410974 35.827110 54.560242
14.008995 -6.242718 0.406218
14.008995 -6.242718 113.874818
-10.812705 36.749727 0.406218
-10.812705 36.749727 113.874818
1.547137 27.768391 8.550994
1.547137 27.768391 122.019594
0.000124 28.661559 11.273105
0.000124 28.661559 124.741705
-12.410974 35.827110 56.481265
0.000124 28.661559 9.249393
0.000124 28.661559 122.717993
10.861231 22.390896 15.960493
10.861231 22.390896 129.429093
9.796008 23.005902 17.807762
2.803363 27.043108 9.819005
2.803363 27.043108 123.287605
1.706120 27.676602 11.607270
1.706120 27.676602 125.075870
8.914341 23.514933 14.339027
8.914341 23.514933 127.807627
9.658992 23.085009 13.911818
9.658992 23.085009 127.380418
8.854024 23.549757 15.677389
8.854024 23.549757 129.145989
7.776142 24.172073 16.289552
7.776142 24.172073 129.758152
7.716570 24.206467 17.247227
5.650164 25.399507 16.167006
5.650164 25.399507 129.635606
5.588358 25.435191 17.124114
5.588358 25.435191 130.592714
4.709918 25.942501 15.436836
4.709918 25.942501 128.905436
3.976560 26.365762 15.889008
3.976560 26.365762 129.357608
3.698806 26.526124 13.256537
3.698806 26.526124 126.725137
2.966441 26.948955 13.710978
2.966441 26.948955 127.179578
3.698061 26.526554 11.842150
3.698061 26.526554 125.310750
4.802006 25.889191 11.264028
4.802006 25.889191 124.732628
4.860461 25.855442 10.306353
4.860461 25.855442 123.774953
7.003567 24.618119 11.346860
7.003567 24.618119 124.815460
7.061650 24.584585 10.389185
7.061650 24.584585 123.857785
7.950018 24.071685 12.088377
7.950018 24.071685 125.556977
8.690201 23.644340 11.651523
8.690201 23.644340 125.120123
7.912041 24.093611 13.553257
7.912041 24.093611 127.021857
6.823361 24.722161 14.196057
6.823361 24.722161 127.664657
6.814798 24.727105 15.528745
6.814798 24.727105 128.997345
4.707063 25.944006 14.026988
4.707063 25.944006 127.495588
5.765957 25.332654 13.370005
5.765957 25.332654 126.838605
5.825529 25.298260 12.015190
5.825529 25.298260 125.483790
9.903238 22.943993 16.543722
9.903238 22.943993 130.012322
2.646986 27.133392 11.026879
2.646986 27.133392 124.495479
13.577346 -4.717776 1.476226
13.577346 -4.717776 114.944826
-11.244354 38.274670 1.476226
-11.244354 38.274670 114.944826
1.106427 26.232486 7.420846
1.106427 26.232486 120.889446
12.410850 -3.070520 2.626798
12.410850 -3.070520 116.095398
-12.410850 39.921925 2.626798
-12.410850 39.921925 116.095398
12.410850 -0.727002 4.036078
12.410850 -0.727002 117.504678
-12.410850 42.265443 4.036078
-12.410850 42.265443 117.504678
-0.000000 22.107145 4.812771
0.000000 22.107145 118.281371
0.000000 24.423578 6.258928
0.000000 24.423578 119.727528
12.410850 -4.388669 1.833085
12.410850 -4.388669 115.301685
-12.410850 38.603777 1.833085
-12.410850 38.603777 115.301685
0.000000 25.723240 7.054910
0.000000 25.723240 120.523510
13.615571 -2.476580 2.956992
13.615571 -2.476580 116.425592
-11.206129 40.515866 2.956992
-11.206129 40.515866 116.425592
14.440272 -2.891672 2.694312
14.440272 -2.891672 116.162912
-10.381428 40.100774 2.694312
-10.381428 40.100774 116.162912
13.638904 -1.292568 3.661632
13.638904 -1.292568 117.130232
-11.182796 41.699878 3.661632
-11.182796 41.699878 117.130232
1.228674 22.666907 5.146936
1.228674 22.666907 118.615536
1.198019 23.840386 5.853278
1.198019 23.840386 119.321878
2.025823 24.272890 6.075109
2.025823 24.272890 119.543709
14.865716 -0.656925 4.055368
14.865716 -0.656925 117.523968
-9.955984 42.335521 4.055368
-9.955984 42.335521 117.523968
15.701835 -1.093083 3.876087
15.701835 -1.093083 117.344687
-9.119865 41.899363 3.876087
-9.119865 41.899363 117.344687
2.451267 22.058779 4.683416
2.451267 22.058779 118.152016
3.283042 22.518798 4.817877
3.283042 22.518798 118.286477
10.812705 -6.242718 0.406218
10.812705 -6.242718 113.874818
-14.008995 36.749727 0.406218
-14.008995 36.749727 113.874818
60.456105 -6.242718 0.406218
60.456105 -6.242718 113.874818
35.634405 36.749727 0.406218
35.634405 36.749727 113.874818
0.000000 30.448110 8.550994
0.000000 30.448110 122.019594
24.821700 -1.789346 15.960493
24.821700 -1.789346 129.429093
0.000000 41.203100 15.960493
0.000000 41.203100 129.429093
24.821700 -3.019359 17.807762
0.000000 39.973086 17.807762
0.000000 31.898675 9.819005
0.000000 31.898675 123.287605
0.000000 30.631688 11.607270
0.000000 30.631688 125.075870
24.821700 -4.037421 14.339027
24.821700 -4.037421 127.807627
0.000000 38.955025 14.339027
0.000000 38.955025 127.807627
24.821700 -3.177572 13.911818
24.821700 -3.177572 127.380418
0.000000 39.814874 13.911818
0.000000 39.814874 127.380418
24.821700 -4.107068 15.677389
24.821700 -4.107068 129.145989
0.000000 38.885377 15.677389
0.000000 38.885377 129.145989
24.821700 -5.351700 16.289552
24.821700 -5.351700 129.758152
0.000000 37.640746 16.289552
0.000000 37.640746 129.758152
24.821700 -5.420488 17.247227
0.000000 37.571958 17.247227
0.000000 35.185877 16.167006
0.000000 35.185877 129.635606
0.000000 35.114510 17.124114
0.000000 35.114510 130.592714
-0.000124 34.100103 15.436836
-0.000124 34.100103 128.905436
0.000000 33.253367 15.889008
0.000000 33.253367 129.357608
0.000000 32.932643 13.256537
0.000000 32.932643 126.725137
0.000000 32.086982 13.710978
0.000000 32.086982 127.179578
0.000000 32.931783 11.842150
0.000000 32.931783 125.310750
0.000000 34.206509 11.264028
0.000000 34.206509 124.732628
0.000000 34.274008 10.306353
0.000000 34.274008 123.774953
24.821700 -6.243793 11.346860
24.821700 -6.243793 124.815460
0.000000 36.748653 11.346860
0.000000 36.748653 124.815460
24.821700 -6.176725 10.389185
24.821700 -6.176725 123.857785
0.000000 36.815721 10.389185
0.000000 36.815721 123.857785
24.821700 -5.150925 12.088377
24.821700 -5.150925 125.556977
0.000000 37.841521 12.088377
0.000000 37.841521 125.556977
24.821700 -4.296235 11.651523
24.821700 -4.296235 125.120123
0.000000 38.696210 11.651523
0.000000 38.696210 125.120123
24.821700 -5.194777 13.553257
24.821700 -5.194777 127.021857
0.000000 37.797668 13.553257
0.000000 37.797668 127.021857
24.821700 -6.451876 14.196057
24.821700 -6.451876 127.664657
0.000000 36.540569 14.196057
0.000000 36.540569 127.664657
24.821700 -6.461765 15.528745
24.821700 -6.461765 128.997345
0.000000 36.530681 15.528745
0.000000 36.530681 128.997345
0.000000 34.096879 14.026988
0.000000 34.096879 127.495588
0.000000 35.319584 13.370005
0.000000 35.319584 126.838605
0.000000 35.388372 12.015190
0.000000 35.388372 125.483790
24.821700 -2.895541 16.543722
24.821700 -2.895541 130.012322
0.000000 40.096904 16.543722
0.000000 40.096904 130.012322
0.000000 31.718107 11.026879
0.000000 31.718107 124.495479
-15.113809 35.613437 1.476226
-15.113809 35.613437 114.944826
34.529591 35.613437 1.476226
34.529591 35.613437 114.944826
1.550487 30.834397 7.420846
1.550487 30.834397 120.889446
-15.957126 33.779594 2.626798
-15.957126 33.779594 116.095398
33.686274 33.779594 2.626798
33.686274 33.779594 116.095398
-17.986673 32.607835 4.036078
-17.986673 32.607835 117.504678
31.656727 32.607835 4.036078
31.656727 32.607835 117.504678
5.676350 31.938873 4.812771
5.676350 31.938873 118.281371
3.670261 30.780656 6.258928
3.670261 30.780656 119.727528
-14.815576 34.438669 1.833085
-14.815576 34.438669 115.301685
34.827824 34.438669 1.833085
34.827824 34.438669 115.301685
2.544721 30.130826 7.054910
2.544721 30.130826 120.523510
-17.073855 34.525943 2.956992
-17.073855 34.525943 116.425592
32.569545 34.525943 2.956992
32.569545 34.525943 116.425592
-17.126725 35.447701 2.694312
-17.126725 35.447701 116.162912
32.516675 35.447701 2.694312
32.516675 35.447701 116.162912
-18.110905 33.954144 3.661632
-18.110905 33.954144 117.130232
31.532495 33.954144 3.661632
31.532495 33.954144 117.130232
4.577246 32.723055 5.146936
4.577246 32.723055 118.615536
3.576311 32.109768 5.853278
3.576311 32.109768 119.321878
2.787849 32.610415 6.075109
2.787849 32.610415 119.543709
-19.274795 34.698773 4.055368
-19.274795 34.698773 117.523968
30.368605 34.698773 4.055368
30.368605 34.698773 117.523968
-19.315130 35.640952 3.876087
-19.315130 35.640952 117.344687
30.328270 35.640952 3.876087
30.328270 35.640952 117.344687
4.492604 34.085916 4.683416
4.492604 34.085916 118.152016
3.678328 34.576244 4.817877
3.678328 34.576244 118.286477
-12.410850 33.981659 0.406218
-12.410850 33.981659 113.874818
37.232550 33.981659 0.406218
37.232550 33.981659 113.874818
-1.547137 27.768391 8.550994
-1.547137 27.768391 122.019594
-10.861231 22.390896 15.960493
-10.861231 22.390896 129.429093
38.782169 22.390896 15.960493
38.782169 22.390896 129.429093
-9.796008 23.005902 17.807762
39.847392 23.005902 17.807762
-2.803363 27.043108 9.819005
-2.803363 27.043108 123.287605
-1.706120 27.676602 11.607270
-1.706120 27.676602 125.075870
-8.914341 23.514933 14.339027
-8.914341 23.514933 127.807627
40.729059 23.514933 14.339027
40.729059 23.514933 127.807627
-9.658992 23.085009 13.911818
-9.658992 23.085009 127.380418
39.984408 23.085009 13.911818
39.984408 23.085009 127.380418
-8.854024 23.549757 15.677389
-8.854024 23.549757 129.145989
40.789376 23.549757 15.677389
40.789376 23.549757 129.145989
-7.776142 24.172073 16.289552
-7.776142 24.172073 129.758152
41.867258 24.172073 16.289552
41.867258 24.172073 129.758152
-7.716570 24.206467 17.247227
41.926830 24.206467 17.247227
-5.650164 25.399507 16.167006
-5.650164 25.399507 129.635606
-5.588358 25.435191 17.124114
-5.588358 25.435191 130.592714
-4.709793 25.942287 15.436836
-4.709793 25.942287 128.905436
-3.976560 26.365762 15.889008
-3.976560 26.365762 129.357608
-3.698806 26.526124 13.256537
-3.698806 26.526124 126.725137
-2.966441 26.948955 13.710978
-2.966441 26.948955 127.179578
-3.698061 26.526554 11.842150
-3.698061 26.526554 125.310750
-4.802006 25.889191 11.264028
-4.802006 25.889191 124.732628
-4.860461 25.855442 10.306353
-4.860461 25.855442 123.774953
-7.003567 24.618119 11.346860
-7.003567 24.618119 124.815460
42.639833 24.618119 11.346860
42.639833 24.618119 124.815460
-7.061650 24.584585 10.389185
-7.061650 24.584585 123.857785
42.581750 24.584585 10.389185
42.581750 24.584585 123.857785
-7.950018 24.071685 12.088377
-7.950018 24.071685 125.556977
41.693382 24.071685 12.088377
41.693382 24.071685 125.556977
-8.690201 23.644340 11.651523
-8.690201 23.644340 125.120123
40.953199 23.644340 11.651523
40.953199 23.644340 125.120123
-7.912041 24.093611 13.553257
-7.912041 24.093611 127.021857
41.731359 24.093611 13.553257
41.731359 24.093611 127.021857
-6.823361 24.722161 14.196057
-6.823361 24.722161 127.664657
42.820039 24.722161 14.196057
42.820039 24.722161 127.664657
-6.814798 24.727105 15.528745
-6.814798 24.727105 128.997345
42.828602 24.727105 15.528745
42.828602 24.727105 128.997345
-4.707063 25.944006 14.026988
-4.707063 25.944006 127.495588
-5.765957 25.332654 13.370005
-5.765957 25.332654 126.838605
-5.825529 25.298260 12.015190
-5.825529 25.298260 125.483790
-9.903238 22.943993 16.543722
-9.903238 22.943993 130.012322
39.740162 22.943993 16.543722
39.740162 22.943993 130.012322
-2.646986 27.133392 11.026879
-2.646986 27.133392 124.495479
-10.874387 33.593007 1.476226
-10.874387 33.593007 114.944826
-2.656915 28.918009 7.420846
-2.656915 28.918009 120.889446
-8.864574 33.779594 2.626798
-8.864574 33.779594 116.095398
-6.835027 32.607835 4.036078
-6.835027 32.607835 117.504678
-5.676350 31.938873 4.812771
-5.676350 31.938873 118.281371
-3.670261 30.780656 6.258928
-3.670261 30.780656 119.727528
-10.006124 34.438669 1.833085
-10.006124 34.438669 115.301685
-2.544721 30.130826 7.054910
-2.544721 30.130826 120.523510
-8.952567 32.439305 2.956992
-8.952567 32.439305 116.425592
-9.724397 31.932639 2.694312
-9.724397 31.932639 116.162912
-7.938848 31.827092 3.661632
-7.938848 31.827092 117.130232
-5.805920 30.594929 5.146936
-5.805920 30.594929 118.615536
-4.774330 30.034737 5.853278
-4.774330 30.034737 119.321878
-4.813672 29.101586 6.075109
-4.813672 29.101586 119.543709
-8.001771 30.446820 4.055368
-8.001771 30.446820 117.523968
-8.797555 29.940799 3.876087
-8.797555 29.940799 117.344687
-6.943871 29.840197 4.683416
-6.943871 29.840197 118.152016
-6.961370 28.889849 4.817877
-6.961370 28.889849 118.286477
0.000124 28.661559 2.174058
0.000124 28.661559 115.642658
0.000000 30.507009 56.328082
10.863713 -6.272168 48.183306
-13.957987 36.720278 48.183306
60.507113 -6.272168 48.183306
35.685413 36.720278 48.183306
-12.410974 35.827110 45.461195
0.000124 28.661559 0.253035
0.000124 28.661559 113.721635
-12.410974 35.827110 47.484907
1.549619 -0.894673 40.773807
-23.272081 42.097773 40.773807
51.193019 -0.894673 40.773807
26.371319 42.097773 40.773807
2.614842 -1.509680 38.926538
-22.206858 41.482766 38.926538
52.258242 -1.509680 38.926538
27.436542 41.482766 38.926538
9.607487 -5.546885 46.915295
-15.214213 37.445560 46.915295
59.250887 -5.546885 46.915295
34.429187 37.445560 46.915295
10.704730 -6.180379 45.127030
-14.116970 36.812067 45.127030
60.348130 -6.180379 45.127030
35.526430 36.812067 45.127030
3.496509 -2.018710 42.395273
-21.325191 40.973735 42.395273
53.139909 -2.018710 42.395273
28.318209 40.973735 42.395273
2.751858 -1.588786 42.822482
-22.069842 41.403660 42.822482
52.395258 -1.588786 42.822482
27.573558 41.403660 42.822482
3.556826 -2.053534 41.056911
-21.264874 40.938911 41.056911
53.200226 -2.053534 41.056911
28.378526 40.938911 41.056911
4.634708 -2.675850 40.444748
-20.186992 40.316596 40.444748
54.278108 -2.675850 40.444748
29.456408 40.316596 40.444748
4.694280 -2.710244 39.487073
-20.127420 40.282202 39.487073
54.337680 -2.710244 39.487073
29.515980 40.282202 39.487073
6.760686 -3.903284 40.567294
-18.061014 39.089161 40.567294
56.404086 -3.903284 40.567294
31.582386 39.089161 40.567294
6.822492 -3.938968 39.610186
-17.999208 39.053478 39.610186
56.465892 -3.938968 39.610186
31.644192 39.053478 39.610186
7.701057 -4.446064 41.297464
-17.120643 38.546382 41.297464
57.344457 -4.446064 41.297464
32.522757 38.546382 41.297464
8.434290 -4.869539 40.845292
-16.387410 38.122906 40.845292
58.077690 -4.869539 40.845292
33.255990 38.122906 40.845292
8.712044 -5.029901 43.477763
-16.109656 37.962544 43.477763
58.355444 -5.029901 43.477763
33.533744 37.962544 43.477763
9.444409 -5.452732 43.023322
-15.377291 37.539714 43.023322
59.087809 -5.452732 43.023322
34.266109 37.539714 43.023322
8.712789 -5.030331 44.892150
-16.108911 37.962114 44.892150
58.356189 -5.030331 44.892150
33.534489 37.962114 44.892150
7.608844 -4.392968 45.470272
-17.212856 38.599477 45.470272
57.252244 -4.392968 45.470272
32.430544 38.599477 45.470272
7.550389 -4.359219 46.427947
-17.271311 38.633227 46.427947
57.193789 -4.359219 46.427947
32.372089 38.633227 46.427947
5.407283 -3.121896 45.387440
-19.414417 39.870549 45.387440
55.050683 -3.121896 45.387440
30.228983 39.870549 45.387440
5.349200 -3.088362 46.345115
-19.472500 39.904083 46.345115
54.992600 -3.088362 46.345115
30.170900 39.904083 46.345115
4.460832 -2.575462 44.645923
-20.360868 40.416983 44.645923
54.104232 -2.575462 44.645923
29.282532 40.416983 44.645923
3.720649 -2.148118 45.082777
-21.101051 40.844328 45.082777
53.364049 -2.148118 45.082777
28.542349 40.844328 45.082777
4.498809 -2.597389 43.181043
-20.322891 40.395057 43.181043
54.142209 -2.597389 43.181043
29.320509 40.395057 43.181043
5.587489 -3.225938 42.538243
-19.234211 39.766507 42.538243
55.230889 -3.225938 42.538243
30.409189 39.766507 42.538243
5.596052 -3.230882 41.205555
-19.225648 39.761563 41.205555
55.239452 -3.230882 41.205555
30.417752 39.761563 41.205555
7.703787 -4.447783 42.707312
-17.117913 38.544662 42.707312
57.347187 -4.447783 42.707312
32.525487 38.544662 42.707312
6.644893 -3.836431 43.364295
-18.176807 39.156015 43.364295
56.288293 -3.836431 43.364295
31.466593 39.156015 43.364295
6.585321 -3.802037 44.719110
-18.236379 39.190409 44.719110
56.228721 -3.802037 44.719110
31.407021 39.190409 44.719110
2.507612 -1.447771 40.190578
-22.314088 41.544675 40.190578
52.151012 -1.447771 40.190578
27.329312 41.544675 40.190578
9.763864 -5.637169 45.707421
-15.057836 37.355276 45.707421
59.407264 -5.637169 45.707421
34.585564 37.355276 45.707421
1.536463 30.895661 55.258074
-15.067765 35.570660 49.313454
34.575635 35.570660 49.313454
3.546276 30.709074 54.107502
5.575823 31.880833 52.698222
-18.087200 32.549795 51.921529
31.556200 32.549795 51.921529
-16.081111 33.708012 50.475372
33.562289 33.708012 50.475372
2.404726 30.050000 54.901215
-14.955571 34.357843 49.679390
34.687829 34.357843 49.679390
3.458283 32.049363 53.777308
2.686453 32.556029 54.039988
4.472002 32.661576 53.072668
-18.216770 33.893739 51.587364
31.426630 33.893739 51.587364
-17.185180 34.453931 50.881022
32.458220 34.453931 50.881022
-17.224522 35.387082 50.659191
32.418878 35.387082 50.659191
4.409079 34.041848 52.678932
3.613295 34.547869 52.858213
-19.354721 34.648472 52.050884
30.288679 34.648472 52.050884
-19.372220 35.598820 51.916423
30.271180 35.598820 51.916423
-1.598145 27.738941 56.328082
-12.410850 34.040559 48.183306
37.232550 34.040559 48.183306
-12.410850 23.285568 40.773807
37.232550 23.285568 40.773807
-12.410850 24.515582 38.926538
37.232550 24.515582 38.926538
-12.410850 32.589993 46.915295
37.232550 32.589993 46.915295
-12.410850 33.856981 45.127030
37.232550 33.856981 45.127030
-12.410850 25.533643 42.395273
37.232550 25.533643 42.395273
-12.410850 24.673794 42.822482
37.232550 24.673794 42.822482
-12.410850 25.603291 41.056911
37.232550 25.603291 41.056911
-12.410850 26.847922 40.444748
37.232550 26.847922 40.444748
-12.410850 26.916710 39.487073
37.232550 26.916710 39.487073
-12.410850 29.302791 40.567294
37.232550 29.302791 40.567294
-12.410850 29.374158 39.610186
37.232550 29.374158 39.610186
-12.410974 30.388565 41.297464
37.232426 30.388565 41.297464
-12.410850 31.235301 40.845292
37.232550 31.235301 40.845292
-12.410850 31.556025 43.477763
37.232550 31.556025 43.477763
-12.410850 32.401686 43.023322
37.232550 32.401686 43.023322
-12.410850 31.556885 44.892150
37.232550 31.556885 44.892150
-12.410850 30.282159 45.470272
37.232550 30.282159 45.470272
-12.410850 30.214661 46.427947
37.232550 30.214661 46.427947
-12.410850 27.740016 45.387440
37.232550 27.740016 45.387440
-12.410850 27.672947 46.345115
37.232550 27.672947 46.345115
-12.410850 26.647148 44.645923
37.232550 26.647148 44.645923
-12.410850 25.792458 45.082777
37.232550 25.792458 45.082777
-12.410850 26.691000 43.181043
37.232550 26.691000 43.181043
-12.410850 27.948099 42.538243
37.232550 27.948099 42.538243
-12.410850 27.957987 41.205555
37.232550 27.957987 41.205555
-12.410850 30.391790 42.707312
37.232550 30.391790 42.707312
-12.410850 29.169085 43.364295
37.232550 29.169085 43.364295
-12.410850 29.100297 44.719110
37.232550 29.100297 44.719110
-12.410850 24.391764 40.190578
37.232550 24.391764 40.190578
-12.410850 32.770562 45.707421
37.232550 32.770562 45.707421
-2.702959 28.875231 55.258074
-10.860363 33.654271 49.313454
-3.546276 30.709074 54.107502
-5.575823 31.880833 52.698222
-6.734500 32.549795 51.921529
-8.740589 33.708012 50.475372
-2.404726 30.050000 54.901215
-9.866129 34.357843 49.679390
-4.663005 29.962725 53.777308
-4.715875 29.040967 54.039988
-5.700055 30.534525 53.072668
-7.833604 31.765613 51.587364
-8.834539 32.378901 50.881022
-9.623001 31.878253 50.659191
-6.863945 29.789895 52.678932
-6.904280 28.847716 52.858213
-7.918246 30.402753 52.050884
-8.732522 29.912424 51.916423
1.598145 27.738941 56.328082
13.957987 -6.272168 48.183306
-10.863713 36.720278 48.183306
23.272081 -0.894673 40.773807
-1.549619 42.097773 40.773807
22.206858 -1.509680 38.926538
-2.614842 41.482766 38.926538
15.214213 -5.546885 46.915295
-9.607487 37.445560 46.915295
14.116970 -6.180379 45.127030
-10.704730 36.812067 45.127030
21.325191 -2.018710 42.395273
-3.496509 40.973735 42.395273
22.069842 -1.588786 42.822482
-2.751858 41.403660 42.822482
21.264874 -2.053534 41.056911
-3.556826 40.938911 41.056911
20.186992 -2.675850 40.444748
-4.634708 40.316596 40.444748
20.127420 -2.710244 39.487073
-4.694280 40.282202 39.487073
18.061014 -3.903284 40.567294
-6.760686 39.089161 40.567294
17.999208 -3.938968 39.610186
-6.822492 39.053478 39.610186
17.120768 -4.446279 41.297464
-7.700932 38.546167 41.297464
16.387410 -4.869539 40.845292
-8.434290 38.122906 40.845292
16.109656 -5.029901 43.477763
-8.712044 37.962544 43.477763
15.377291 -5.452732 43.023322
-9.444409 37.539714 43.023322
16.108911 -5.030331 44.892150
-8.712789 37.962114 44.892150
17.212856 -4.392968 45.470272
-7.608844 38.599477 45.470272
17.271311 -4.359219 46.427947
-7.550389 38.633227 46.427947
19.414417 -3.121896 45.387440
-5.407283 39.870549 45.387440
19.472500 -3.088362 46.345115
-5.349200 39.904083 46.345115
20.360868 -2.575462 44.645923
-4.460832 40.416983 44.645923
21.101051 -2.148118 45.082777
-3.720649 40.844328 45.082777
20.322891 -2.597389 43.181043
-4.498809 40.395057 43.181043
19.234211 -3.225938 42.538243
-5.587489 39.766507 42.538243
19.225648 -3.230882 41.205555
-5.596052 39.761563 41.205555
17.117913 -4.447783 42.707312
-7.703787 38.544662 42.707312
18.176807 -3.836431 43.364295
-6.644893 39.156015 43.364295
18.236379 -3.802037 44.719110
-6.585321 39.190409 44.719110
22.314088 -1.447771 40.190578
-2.507612 41.544675 40.190578
15.057836 -5.637169 45.707421
-9.763864 37.355276 45.707421
1.166496 26.213999 55.258074
13.517277 -4.736263 49.313454
-11.304423 38.256183 49.313454
0.000000 24.566743 54.107502
0.000000 22.223225 52.698222
12.410850 -0.610923 51.921529
-12.410850 42.381523 51.921529
12.410850 -2.927356 50.475372
-12.410850 40.065090 50.475372
0.000000 25.884892 54.901215
12.410850 -4.227017 49.679390
-12.410850 38.765428 49.679390
1.204721 23.972803 53.777308
2.029422 24.387895 54.039988
1.228054 22.788791 53.072668
13.639524 -1.170684 51.587364
-11.182176 41.821761 51.587364
13.608869 -2.344163 50.881022
-11.212831 40.648282 50.881022
14.436673 -2.776667 50.659191
-10.385027 40.215778 50.659191
2.454866 22.153147 52.678932
3.290985 22.589306 52.858213
14.862117 -0.562556 52.050884
-9.959583 42.429889 52.050884
15.693892 -1.022575 51.916423
-9.127808 41.969870 51.916423
-1.166496 26.213999 55.258074
11.304423 -4.736263 49.313454
-13.517277 38.256183 49.313454
-1.204721 23.972803 53.777308
-2.029422 24.387895 54.039988
-1.228054 22.788791 53.072668
11.182176 -1.170684 51.587364
-13.639524 41.821761 51.587364
11.212831 -2.344163 50.881022
-13.608869 40.648282 50.881022
10.385027 -2.776667 50.659191
-14.436673 40.215778 50.659191
-2.454866 22.153147 52.678932
-3.290985 22.589306 52.858213
9.959583 -0.562556 52.050884
-14.862117 42.429889 52.050884
9.127808 -1.022575 51.916423
-15.693892 41.969870 51.916423
2.702959 28.875231 55.258074
-13.961337 33.654271 49.313454
35.682063 33.654271 49.313454
4.663005 29.962725 53.777308
4.715875 29.040967 54.039988
5.700055 30.534525 53.072668
-16.988096 31.765613 51.587364
32.655304 31.765613 51.587364
-15.987161 32.378901 50.881022
33.656239 32.378901 50.881022
-15.198699 31.878253 50.659191
34.444701 31.878253 50.659191
6.863945 29.789895 52.678932
6.904280 28.847716 52.858213
-16.903454 30.402753 52.050884
32.739946 30.402753 52.050884
-16.089178 29.912424 51.916423
33.554222 29.912424 51.916423
-1.536463 30.895661 55.258074
-9.753935 35.570660 49.313454
-3.458283 32.049363 53.777308
-2.686453 32.556029 54.039988
-4.472002 32.661576 53.072668
-6.604930 33.893739 51.587364
-7.636520 34.453931 50.881022
-7.597178 35.387082 50.659191
-4.409079 34.041848 52.678932
-3.613295 34.547869 52.858213
-5.466979 34.648472 52.050884
-5.449480 35.598820 51.916423
-13.947313 33.593007 1.476226
-13.947313 33.593007 114.944826
35.696087 33.593007 1.476226
35.696087 33.593007 114.944826
2.656915 28.918009 7.420846
2.656915 28.918009 120.889446
-15.869133 32.439305 2.956992
-15.869133 32.439305 116.425592
33.774267 32.439305 2.956992
33.774267 32.439305 116.425592
-15.097303 31.932639 2.694312
-15.097303 31.932639 116.162912
34.546097 31.932639 2.694312
34.546097 31.932639 116.162912
-16.882852 31.827092 3.661632
-16.882852 31.827092 117.130232
32.760548 31.827092 3.661632
32.760548 31.827092 117.130232
5.805920 30.594929 5.146936
5.805920 30.594929 118.615536
4.774330 30.034737 5.853278
4.774330 30.034737 119.321878
4.813672 29.101586 6.075109
4.813672 29.101586 119.543709
-16.819929 30.446820 4.055368
-16.819929 30.446820 117.523968
32.823471 30.446820 4.055368
32.823471 30.446820 117.523968
-16.024145 29.940799 3.876087
-16.024145 29.940799 117.344687
33.619255 29.940799 3.876087
33.619255 29.940799 117.344687
6.943871 29.840197 4.683416
6.943871 29.840197 118.152016
6.961370 28.889849 4.817877
6.961370 28.889849 118.286477
-9.707891 35.613437 1.476226
-9.707891 35.613437 114.944826
-1.550487 30.834397 7.420846
-1.550487 30.834397 120.889446
-7.747845 34.525943 2.956992
-7.747845 34.525943 116.425592
-7.694975 35.447701 2.694312
-7.694975 35.447701 116.162912
-6.710795 33.954144 3.661632
-6.710795 33.954144 117.130232
-4.577246 32.723055 5.146936
-4.577246 32.723055 118.615536
-3.576311 32.109768 5.853278
-3.576311 32.109768 119.321878
-2.787849 32.610415 6.075109
-2.787849 32.610415 119.543709
-5.546905 34.698773 4.055368
-5.546905 34.698773 117.523968
-5.506570 35.640952 3.876087
-5.506570 35.640952 117.344687
-4.492604 34.085916 4.683416
-4.492604 34.085916 118.152016
-3.678328 34.576244 4.817877
-3.678328 34.576244 118.286477
11.244354 -4.717776 1.476226
11.244354 -4.717776 114.944826
-13.577346 38.274670 1.476226
-13.577346 38.274670 114.944826
-1.106427 26.232486 7.420846
-1.106427 26.232486 120.889446
11.206129 -2.476580 2.956992
11.206129 -2.476580 116.425592
-13.615571 40.515866 2.956992
-13.615571 40.515866 116.425592
10.381428 -2.891672 2.694312
10.381428 -2.891672 116.162912
-14.440272 40.100774 2.694312
-14.440272 40.100774 116.162912
11.182796 -1.292568 3.661632
11.182796 -1.292568 117.130232
-13.638904 41.699878 3.661632
-13.638904 41.699878 117.130232
-1.228674 22.666907 5.146936
-1.228674 22.666907 118.615536
-1.198019 23.840386 5.853278
-1.198019 23.840386 119.321878
-2.025823 24.272890 6.075109
-2.025823 24.272890 119.543709
9.955984 -0.656925 4.055368
9.955984 -0.656925 117.523968
-14.865716 42.335521 4.055368
-14.865716 42.335521 117.523968
9.119865 -1.093083 3.876087
9.119865 -1.093083 117.344687
-15.701835 41.899363 3.876087
-15.701835 41.899363 117.344687
-2.451267 22.058779 4.683416
-2.451267 22.058779 118.152016
-3.283042 22.518798 4.817877
-3.283042 22.518798 118.286477
-10.812705 22.418912 19.317651
38.830695 22.418912 19.317651
-10.863713 34.933798 27.462427
-12.410726 35.826966 30.184539
-12.410726 35.826966 28.160826
-1.549619 29.556303 34.871927
-2.614842 30.171310 36.719195
-9.607487 34.208516 28.730439
-10.704730 34.842009 30.518704
-3.496509 30.680341 33.250460
-2.751858 30.250416 32.823251
-3.556826 30.715165 34.588822
-4.634708 31.337480 35.200986
-4.694280 31.371874 36.158661
-6.760686 32.564914 35.078439
-6.822492 32.600598 36.035547
-7.700932 33.107909 34.348269
-8.434290 33.531170 34.800441
-8.712044 33.691532 32.167970
-9.444409 34.114362 32.622412
-8.712789 33.691961 30.753584
-7.608844 33.054598 30.175461
-7.550389 33.020849 29.217786
-5.407283 31.783527 30.258293
-5.349200 31.749993 29.300618
-4.460832 31.237093 30.999811
-3.720649 30.809748 30.562957
-4.498809 31.259019 32.464690
-5.587489 31.887569 33.107490
-5.596052 31.892513 34.440179
-7.703787 33.109414 32.938422
-6.644893 32.498061 32.281438
-6.585321 32.463667 30.926623
-2.507612 30.109401 35.455155
-9.763864 34.298800 29.938312
-11.244354 23.943854 20.387660
38.399046 23.943854 20.387660
-11.304423 33.397893 26.332280
-12.410850 25.591110 21.538231
37.232550 25.591110 21.538231
-12.410850 27.934628 22.947511
37.232550 27.934628 22.947511
-12.410850 29.272553 23.724204
37.232550 29.272553 23.724204
-12.410850 31.588986 25.170361
37.232550 31.588986 25.170361
-12.410850 24.272962 20.744519
37.232550 24.272962 20.744519
-12.410850 32.888648 25.966344
37.232550 32.888648 25.966344
-11.206129 26.185051 21.868425
38.437271 26.185051 21.868425
-10.381428 25.769958 21.605745
39.261972 25.769958 21.605745
-11.182796 27.369062 22.573065
38.460604 27.369062 22.573065
-11.182176 29.832315 24.058369
38.461224 29.832315 24.058369
-11.212831 31.005793 24.764711
38.430569 31.005793 24.764711
-10.385027 31.438297 24.986542
-9.955984 28.004706 22.966801
39.687416 28.004706 22.966801
-9.119865 27.568547 22.787521
40.523535 27.568547 22.787521
-9.959583 29.224187 23.594850
39.683817 29.224187 23.594850
-9.127808 29.684206 23.729310
10.812705 22.418912 19.317651
12.410850 -5.378928 27.462427
-12.410850 37.613517 27.462427
0.000000 26.872285 34.871927
0.000000 25.642271 36.719195
12.410850 -3.928363 28.730439
-12.410850 39.064082 28.730439
12.410850 -5.195350 30.518704
-12.410850 37.797095 30.518704
0.000000 24.624210 33.250460
0.000000 25.484059 32.823251
0.000000 24.554562 34.588822
0.000000 23.309931 35.200986
0.000000 23.241143 36.158661
12.410850 -0.641161 35.078439
-12.410850 42.351285 35.078439
12.410850 -0.712528 36.035547
-12.410850 42.279917 36.035547
12.410726 -1.726935 34.348269
-12.410974 41.265511 34.348269
12.410850 -2.573671 34.800441
-12.410850 40.418774 34.800441
12.410850 -2.894395 32.167970
-12.410850 40.098051 32.167970
12.410850 -3.740056 32.622412
-12.410850 39.252389 32.622412
12.410850 -2.895255 30.753584
-12.410850 40.097191 30.753584
12.410850 -1.620529 30.175461
-12.410850 41.371917 30.175461
12.410850 -1.553030 29.217786
-12.410850 41.439415 29.217786
0.000000 22.417837 30.258293
0.000000 22.484906 29.300618
0.000000 23.510705 30.999811
0.000000 24.365395 30.562957
0.000000 23.466853 32.464690
0.000000 22.209754 33.107490
0.000000 22.199866 34.440179
12.410850 -1.730159 32.938422
-12.410850 41.262286 32.938422
12.410850 -0.507454 32.281438
-12.410850 42.484991 32.281438
12.410850 -0.438666 30.926623
-12.410850 42.553779 30.926623
0.000000 25.766089 35.455155
12.410850 -4.108931 29.938312
-12.410850 38.883514 29.938312
22.118741 -0.213601 20.387660
-2.702959 42.778845 20.387660
13.961337 -4.992641 26.332280
-10.860363 37.999804 26.332280
21.275424 -2.047444 21.538231
-3.546276 40.945002 21.538231
19.245877 -3.219203 22.947511
-5.575823 39.773243 22.947511
18.087200 -3.888165 23.724204
-6.734500 39.104280 23.724204
16.081111 -5.046382 25.170361
-8.740589 37.946064 25.170361
22.416974 -1.388369 20.744519
-2.404726 41.604076 20.744519
14.955571 -5.696212 25.966344
-9.866129 37.296233 25.966344
20.158695 -1.301095 21.868425
-4.663005 41.691351 21.868425
20.105825 -0.379337 21.605745
-4.715875 42.613109 21.605745
19.121645 -1.872894 22.573065
-5.700055 41.119551 22.573065
16.988096 -3.103983 24.058369
-7.833604 39.888463 24.058369
15.987161 -3.717270 24.764711
-8.834539 39.275175 24.764711
15.198699 -3.216623 24.986542
-9.623001 39.775822 24.986542
17.957755 -1.128265 22.966801
-6.863945 41.864180 22.966801
17.917420 -0.186086 22.787521
-6.904280 42.806360 22.787521
16.903454 -1.741122 23.594850
-7.918246 41.251323 23.594850
16.089178 -1.250794 23.729310
-8.732522 41.741652 23.729310
-12.410726 21.496294 16.737375
-12.410726 21.496294 130.205975
37.232674 21.496294 16.737375
37.232674 21.496294 130.205975
24.821700 -1.845379 19.317651
0.000000 41.147066 19.317651
-13.957987 34.933798 27.462427
35.685413 34.933798 27.462427
-12.410726 21.496294 18.658398
37.232674 21.496294 18.658398
1.549619 29.556303 34.871927
2.614842 30.171310 36.719195
-15.214213 34.208516 28.730439
34.429187 34.208516 28.730439
-14.116970 34.842009 30.518704
35.526430 34.842009 30.518704
3.496509 30.680341 33.250460
2.751858 30.250416 32.823251
3.556826 30.715165 34.588822
4.634708 31.337480 35.200986
4.694280 31.371874 36.158661
-18.061014 32.564914 35.078439
31.582386 32.564914 35.078439
-17.999208 32.600598 36.035547
31.644192 32.600598 36.035547
-17.120643 33.107694 34.348269
32.522757 33.107694 34.348269
-16.387410 33.531170 34.800441
33.255990 33.531170 34.800441
-16.109656 33.691532 32.167970
33.533744 33.691532 32.167970
-15.377291 34.114362 32.622412
34.266109 34.114362 32.622412
-16.108911 33.691961 30.753584
33.534489 33.691961 30.753584
-17.212856 33.054598 30.175461
32.430544 33.054598 30.175461
-17.271311 33.020849 29.217786
32.372089 33.020849 29.217786
5.407283 31.783527 30.258293
5.349200 31.749993 29.300618
4.460832 31.237093 30.999811
3.720649 30.809748 30.562957
4.498809 31.259019 32.464690
5.587489 31.887569 33.107490
5.596052 31.892513 34.440179
-17.117913 33.109414 32.938422
32.525487 33.109414 32.938422
-18.176807 32.498061 32.281438
31.466593 32.498061 32.281438
-18.236379 32.463667 30.926623
31.407021 32.463667 30.926623
2.507612 30.109401 35.455155
-15.057836 34.298800 29.938312
34.585564 34.298800 29.938312
1.536463 -2.234031 20.387660
-23.285237 40.758415 20.387660
51.179863 -2.234031 20.387660
26.358163 40.758415 20.387660
-15.067765 36.083416 26.332280
34.575635 36.083416 26.332280
3.546276 -2.047444 21.538231
-21.275424 40.945002 21.538231
53.189676 -2.047444 21.538231
28.367976 40.945002 21.538231
5.575823 -3.219203 22.947511
-19.245877 39.773243 22.947511
55.219223 -3.219203 22.947511
30.397523 39.773243 22.947511
6.734500 -3.888165 23.724204
-18.087200 39.104280 23.724204
56.377900 -3.888165 23.724204
31.556200 39.104280 23.724204
8.740589 -5.046382 25.170361
-16.081111 37.946064 25.170361
58.383989 -5.046382 25.170361
33.562289 37.946064 25.170361
2.404726 -1.388369 20.744519
-22.416974 41.604076 20.744519
52.048126 -1.388369 20.744519
27.226426 41.604076 20.744519
9.866129 -5.696212 25.966344
-14.955571 37.296233 25.966344
59.509529 -5.696212 25.966344
34.687829 37.296233 25.966344
3.458283 -3.387733 21.868425
-21.363417 39.604712 21.868425
53.101683 -3.387733 21.868425
28.279983 39.604712 21.868425
2.686453 -3.894399 21.605745
-22.135247 39.098047 21.605745
52.329853 -3.894399 21.605745
27.508153 39.098047 21.605745
4.472002 -3.999945 22.573065
-20.349698 38.992500 22.573065
54.115402 -3.999945 22.573065
29.293702 38.992500 22.573065
6.604930 -5.232109 24.058369
-18.216770 37.760337 24.058369
56.248330 -5.232109 24.058369
31.426630 37.760337 24.058369
7.636520 -5.792301 24.764711
-17.185180 37.200145 24.764711
57.279920 -5.792301 24.764711
32.458220 37.200145 24.764711
-17.224522 36.266994 24.986542
32.418878 36.266994 24.986542
4.409079 -5.380218 22.966801
-20.412621 37.612228 22.966801
54.052479 -5.380218 22.966801
29.230779 37.612228 22.966801
3.613295 -5.886239 22.787521
-21.208405 37.106207 22.787521
53.256695 -5.886239 22.787521
28.434995 37.106207 22.787521
5.466979 -5.986841 23.594850
-19.354721 37.005604 23.594850
55.110379 -5.986841 23.594850
30.288679 37.005604 23.594850
-19.372220 36.055256 23.729310
30.271180 36.055256 23.729310
-12.410726 35.826966 21.085492
12.410850 -5.320029 18.505216
-12.410850 37.672417 18.505216
10.863713 22.389462 10.360440
10.863713 22.389462 123.829040
-12.410726 35.826966 19.164468
1.549619 27.766958 2.950940
1.549619 27.766958 116.419540
2.614842 27.151951 1.103671
2.614842 27.151951 114.572271
9.607487 23.114745 9.092428
9.607487 23.114745 122.561028
10.704730 22.481251 7.304163
10.704730 22.481251 120.772763
3.496509 26.642920 4.572406
3.496509 26.642920 118.041006
2.751858 27.072845 4.999616
2.751858 27.072845 118.468216
3.556826 26.608096 3.234044
3.556826 26.608096 116.702644
4.634708 25.985781 2.621881
4.634708 25.985781 116.090481
4.694280 25.951387 1.664206
4.694280 25.951387 115.132806
6.760686 24.758346 2.744427
6.760686 24.758346 116.213027
6.822492 24.722662 1.787320
6.822492 24.722662 115.255920
7.701057 24.215567 3.474598
7.701057 24.215567 116.943198
8.434290 23.792091 3.022425
8.434290 23.792091 116.491025
8.712044 23.631729 5.654897
8.712044 23.631729 119.123497
9.444409 23.208898 5.200455
9.444409 23.208898 118.669055
8.712789 23.631299 7.069283
8.712789 23.631299 120.537883
7.608844 24.268662 7.647405
7.608844 24.268662 121.116005
7.550389 24.302411 8.605080
7.550389 24.302411 122.073680
5.407283 25.539734 7.564573
5.407283 25.539734 121.033173
5.349200 25.573268 8.522248
5.349200 25.573268 121.990848
4.460832 26.086168 6.823056
4.460832 26.086168 120.291656
3.720649 26.513513 7.259910
3.720649 26.513513 120.728510
4.498809 26.064242 5.358176
4.498809 26.064242 118.826776
5.587489 25.435692 4.715377
5.587489 25.435692 118.183977
5.596052 25.430748 3.382688
5.596052 25.430748 116.851288
7.703787 24.213847 4.884445
7.703787 24.213847 118.353045
6.644893 24.825199 5.541428
6.644893 24.825199 119.010028
6.585321 24.859593 6.896243
6.585321 24.859593 120.364843
2.507612 27.213860 2.367711
2.507612 27.213860 115.836311
9.763864 23.024461 7.884555
9.763864 23.024461 121.353155
13.947313 -4.931377 17.435207
-10.874387 38.061069 17.435207
22.164785 -0.256378 11.490587
22.164785 -0.256378 124.959187
-2.656915 42.736067 11.490587
-2.656915 42.736067 124.959187
15.957126 -5.117964 16.284635
15.957126 -5.117964 129.753235
-8.864574 37.874482 16.284635
-8.864574 37.874482 129.753235
17.986673 -3.946205 14.875355
17.986673 -3.946205 128.343955
-6.835027 39.046241 14.875355
-6.835027 39.046241 128.343955
19.145350 -3.277242 14.098663
19.145350 -3.277242 127.567263
-5.676350 39.715203 14.098663
-5.676350 39.715203 127.567263
21.151439 -2.119026 12.652505
21.151439 -2.119026 126.121105
-3.670261 40.873420 12.652505
-3.670261 40.873420 126.121105
14.815576 -5.777038 17.078348
14.815576 -5.777038 130.546948
-10.006124 37.215407 17.078348
-10.006124 37.215407 130.546948
22.276979 -1.469195 11.856523
22.276979 -1.469195 125.325123
-2.544721 41.523250 11.856523
-2.544721 41.523250 125.325123
15.869133 -3.777675 15.954442
15.869133 -3.777675 129.423042
-8.952567 39.214771 15.954442
-8.952567 39.214771 129.423042
15.097303 -3.271009 16.217121
15.097303 -3.271009 129.685721
-9.724397 39.721437 16.217121
-9.724397 39.721437 129.685721
16.882852 -3.165462 15.249802
16.882852 -3.165462 128.718402
-7.938848 39.826983 15.249802
-7.938848 39.826983 128.718402
19.015780 -1.933299 13.764498
19.015780 -1.933299 127.233098
-5.805920 41.059147 13.764498
-5.805920 41.059147 127.233098
20.047370 -1.373107 13.058156
20.047370 -1.373107 126.526756
-4.774330 41.619338 13.058156
-4.774330 41.619338 126.526756
20.008028 -0.439956 12.836324
20.008028 -0.439956 126.304924
-4.813672 42.552490 12.836324
-4.813672 42.552490 126.304924
16.819929 -1.785190 14.856066
16.819929 -1.785190 128.324666
-8.001771 41.207256 14.856066
-8.001771 41.207256 128.324666
16.024145 -1.279169 15.035346
16.024145 -1.279169 128.503946
-8.797555 41.713277 15.035346
-8.797555 41.713277 128.503946
17.877829 -1.178566 14.228017
17.877829 -1.178566 127.696617
-6.943871 41.813879 14.228017
-6.943871 41.813879 127.696617
17.860330 -0.228218 14.093557
17.860330 -0.228218 127.562157
-6.961370 42.764227 14.093557
-6.961370 42.764227 127.562157
-14.008995 34.904348 18.505216
35.634405 34.904348 18.505216
24.821700 -1.786479 10.360440
24.821700 -1.786479 123.829040
0.000000 41.205966 10.360440
0.000000 41.205966 123.829040
0.000000 30.450976 2.950940
0.000000 30.450976 116.419540
0.000000 31.680990 1.103671
0.000000 31.680990 114.572271
24.821700 -3.237045 9.092428
24.821700 -3.237045 122.561028
0.000000 39.755401 9.092428
0.000000 39.755401 122.561028
24.821700 -1.970057 7.304163
24.821700 -1.970057 120.772763
0.000000 41.022388 7.304163
0.000000 41.022388 120.772763
0.000000 32.699051 4.572406
0.000000 32.699051 118.041006
0.000000 31.839202 4.999616
0.000000 31.839202 118.468216
0.000000 32.768699 3.234044
0.000000 32.768699 116.702644
0.000000 34.013330 2.621881
0.000000 34.013330 116.090481
0.000000 34.082118 1.664206
0.000000 34.082118 115.132806
0.000000 36.468199 2.744427
0.000000 36.468199 116.213027
24.821700 -6.452879 1.787320
24.821700 -6.452879 115.255920
0.000000 36.539566 1.787320
0.000000 36.539566 115.255920
24.821576 -5.438473 3.474598
24.821576 -5.438473 116.943198
-0.000124 37.553973 3.474598
-0.000124 37.553973 116.943198
24.821700 -4.591736 3.022425
24.821700 -4.591736 116.491025
0.000000 38.400709 3.022425
0.000000 38.400709 116.491025
24.821700 -4.271013 5.654897
24.821700 -4.271013 119.123497
0.000000 38.721433 5.654897
0.000000 38.721433 119.123497
24.821700 -3.425351 5.200455
24.821700 -3.425351 118.669055
0.000000 39.567094 5.200455
0.000000 39.567094 118.669055
24.821700 -4.270153 7.069283
24.821700 -4.270153 120.537883
0.000000 38.722293 7.069283
0.000000 38.722293 120.537883
24.821700 -5.544879 7.647405
24.821700 -5.544879 121.116005
0.000000 37.447567 7.647405
0.000000 37.447567 121.116005
24.821700 -5.612377 8.605080
24.821700 -5.612377 122.073680
0.000000 37.380068 8.605080
0.000000 37.380068 122.073680
0.000000 34.905423 7.564573
0.000000 34.905423 121.033173
0.000000 34.838355 8.522248
0.000000 34.838355 121.990848
0.000000 33.812555 6.823056
0.000000 33.812555 120.291656
0.000000 32.957865 7.259910
0.000000 32.957865 120.728510
0.000000 33.856408 5.358176
0.000000 33.856408 118.826776
0.000000 35.113507 4.715377
0.000000 35.113507 118.183977
0.000000 35.123395 3.382688
0.000000 35.123395 116.851288
24.821700 -5.435248 4.884445
24.821700 -5.435248 118.353045
0.000000 37.557197 4.884445
0.000000 37.557197 118.353045
0.000000 36.334492 5.541428
0.000000 36.334492 119.010028
0.000000 36.265704 6.896243
0.000000 36.265704 120.364843
0.000000 31.557172 2.367711
0.000000 31.557172 115.836311
24.821700 -3.056476 7.884555
24.821700 -3.056476 121.353155
0.000000 39.935969 7.884555
0.000000 39.935969 121.353155
-15.113809 36.040639 17.435207
34.529591 36.040639 17.435207
1.550487 -2.172767 11.490587
1.550487 -2.172767 124.959187
-23.271213 40.819679 11.490587
-23.271213 40.819679 124.959187
51.193887 -2.172767 11.490587
51.193887 -2.172767 124.959187
26.372187 40.819679 11.490587
26.372187 40.819679 124.959187
8.864574 -5.117964 16.284635
8.864574 -5.117964 129.753235
-15.957126 37.874482 16.284635
-15.957126 37.874482 129.753235
58.507974 -5.117964 16.284635
58.507974 -5.117964 129.753235
33.686274 37.874482 16.284635
33.686274 37.874482 129.753235
6.835027 -3.946205 14.875355
6.835027 -3.946205 128.343955
-17.986673 39.046241 14.875355
-17.986673 39.046241 128.343955
56.478427 -3.946205 14.875355
56.478427 -3.946205 128.343955
31.656727 39.046241 14.875355
31.656727 39.046241 128.343955
5.676350 -3.277242 14.098663
5.676350 -3.277242 127.567263
-19.145350 39.715203 14.098663
-19.145350 39.715203 127.567263
55.319750 -3.277242 14.098663
55.319750 -3.277242 127.567263
30.498050 39.715203 14.098663
30.498050 39.715203 127.567263
3.670261 -2.119026 12.652505
3.670261 -2.119026 126.121105
-21.151439 40.873420 12.652505
-21.151439 40.873420 126.121105
53.313661 -2.119026 12.652505
53.313661 -2.119026 126.121105
28.491961 40.873420 12.652505
28.491961 40.873420 126.121105
10.006124 -5.777038 17.078348
10.006124 -5.777038 130.546948
-14.815576 37.215407 17.078348
-14.815576 37.215407 130.546948
59.649524 -5.777038 17.078348
59.649524 -5.777038 130.546948
34.827824 37.215407 17.078348
34.827824 37.215407 130.546948
2.544721 -1.469195 11.856523
2.544721 -1.469195 125.325123
-22.276979 41.523250 11.856523
-22.276979 41.523250 125.325123
52.188121 -1.469195 11.856523
52.188121 -1.469195 125.325123
27.366421 41.523250 11.856523
27.366421 41.523250 125.325123
7.747845 -5.864313 15.954442
7.747845 -5.864313 129.423042
-17.073855 37.128133 15.954442
-17.073855 37.128133 129.423042
57.391245 -5.864313 15.954442
57.391245 -5.864313 129.423042
32.569545 37.128133 15.954442
32.569545 37.128133 129.423042
-17.126725 36.206375 16.217121
-17.126725 36.206375 129.685721
32.516675 36.206375 16.217121
32.516675 36.206375 129.685721
6.710795 -5.292513 15.249802
6.710795 -5.292513 128.718402
-18.110905 37.699932 15.249802
-18.110905 37.699932 128.718402
56.354195 -5.292513 15.249802
56.354195 -5.292513 128.718402
31.532495 37.699932 15.249802
31.532495 37.699932 128.718402
4.577246 -4.061425 13.764498
4.577246 -4.061425 127.233098
-20.244454 38.931021 13.764498
-20.244454 38.931021 127.233098
54.220646 -4.061425 13.764498
54.220646 -4.061425 127.233098
29.398946 38.931021 13.764498
29.398946 38.931021 127.233098
3.576311 -3.448137 13.058156
3.576311 -3.448137 126.526756
-21.245389 39.544308 13.058156
-21.245389 39.544308 126.526756
53.219711 -3.448137 13.058156
53.219711 -3.448137 126.526756
28.398011 39.544308 13.058156
28.398011 39.544308 126.526756
2.787849 -3.948784 12.836324
2.787849 -3.948784 126.304924
-22.033851 39.043661 12.836324
-22.033851 39.043661 126.304924
52.431249 -3.948784 12.836324
52.431249 -3.948784 126.304924
27.609549 39.043661 12.836324
27.609549 39.043661 126.304924
5.546905 -6.037143 14.856066
5.546905 -6.037143 128.324666
-19.274795 36.955303 14.856066
-19.274795 36.955303 128.324666
55.190305 -6.037143 14.856066
55.190305 -6.037143 128.324666
30.368605 36.955303 14.856066
30.368605 36.955303 128.324666
-19.315130 36.013124 15.035346
-19.315130 36.013124 128.503946
30.328270 36.013124 15.035346
30.328270 36.013124 128.503946
4.492604 -5.424285 14.228017
4.492604 -5.424285 127.696617
-20.329096 37.568160 14.228017
-20.329096 37.568160 127.696617
54.136004 -5.424285 14.228017
54.136004 -5.424285 127.696617
29.314304 37.568160 14.228017
29.314304 37.568160 127.696617
3.678328 -5.914614 14.093557
3.678328 -5.914614 127.562157
-21.143372 37.077831 14.093557
-21.143372 37.077831 127.562157
53.321728 -5.914614 14.093557
53.321728 -5.914614 127.562157
28.500028 37.077831 14.093557
28.500028 37.077831 127.562157
-10.812705 34.904348 18.505216
-10.863713 22.389462 10.360440
-10.863713 22.389462 123.829040
38.779687 22.389462 10.360440
38.779687 22.389462 123.829040
-12.410726 21.496294 7.638328
-12.410726 21.496294 121.106928
37.232674 21.496294 7.638328
37.232674 21.496294 121.106928
-12.410726 21.496294 9.662040
-12.410726 21.496294 123.130640
37.232674 21.496294 9.662040
37.232674 21.496294 123.130640
-1.549619 27.766958 2.950940
-1.549619 27.766958 116.419540
-2.614842 27.151951 1.103671
-2.614842 27.151951 114.572271
-9.607487 23.114745 9.092428
-9.607487 23.114745 122.561028
40.035913 23.114745 9.092428
40.035913 23.114745 122.561028
-10.704730 22.481251 7.304163
-10.704730 22.481251 120.772763
38.938670 22.481251 7.304163
38.938670 22.481251 120.772763
-3.496509 26.642920 4.572406
-3.496509 26.642920 118.041006
-2.751858 27.072845 4.999616
-2.751858 27.072845 118.468216
-3.556826 26.608096 3.234044
-3.556826 26.608096 116.702644
-4.634708 25.985781 2.621881
-4.634708 25.985781 116.090481
-4.694280 25.951387 1.664206
-4.694280 25.951387 115.132806
-6.760686 24.758346 2.744427
-6.760686 24.758346 116.213027
-6.822492 24.722662 1.787320
-6.822492 24.722662 115.255920
42.820908 24.722662 1.787320
42.820908 24.722662 115.255920
-7.700932 24.215352 3.474598
-7.700932 24.215352 116.943198
41.942468 24.215352 3.474598
41.942468 24.215352 116.943198
-8.434290 23.792091 3.022425
-8.434290 23.792091 116.491025
41.209110 23.792091 3.022425
41.209110 23.792091 116.491025
-8.712044 23.631729 5.654897
-8.712044 23.631729 119.123497
40.931356 23.631729 5.654897
40.931356 23.631729 119.123497
-9.444409 23.208898 5.200455
-9.444409 23.208898 118.669055
40.198991 23.208898 5.200455
40.198991 23.208898 118.669055
-8.712789 23.631299 7.069283
-8.712789 23.631299 120.537883
40.930611 23.631299 7.069283
40.930611 23.631299 120.537883
-7.608844 24.268662 7.647405
-7.608844 24.268662 121.116005
42.034556 24.268662 7.647405
42.034556 24.268662 121.116005
-7.550389 24.302411 8.605080
-7.550389 24.302411 122.073680
42.093011 24.302411 8.605080
42.093011 24.302411 122.073680
-5.407283 25.539734 7.564573
-5.407283 25.539734 121.033173
-5.349200 25.573268 8.522248
-5.349200 25.573268 121.990848
-4.460832 26.086168 6.823056
-4.460832 26.086168 120.291656
-3.720649 26.513513 7.259910
-3.720649 26.513513 120.728510
-4.498809 26.064242 5.358176
-4.498809 26.064242 118.826776
-5.587489 25.435692 4.715377
-5.587489 25.435692 118.183977
-5.596052 25.430748 3.382688
-5.596052 25.430748 116.851288
-7.703787 24.213847 4.884445
-7.703787 24.213847 118.353045
41.939613 24.213847 4.884445
41.939613 24.213847 118.353045
-6.644893 24.825199 5.541428
-6.644893 24.825199 119.010028
-6.585321 24.859593 6.896243
-6.585321 24.859593 120.364843
-2.507612 27.213860 2.367711
-2.507612 27.213860 115.836311
-9.763864 23.024461 7.884555
-9.763864 23.024461 121.353155
39.879536 23.024461 7.884555
39.879536 23.024461 121.353155
-11.244354 33.379406 17.435207
-11.304423 23.925368 11.490587
-11.304423 23.925368 124.959187
38.338977 23.925368 11.490587
38.338977 23.925368 124.959187
-12.410850 31.732151 16.284635
-12.410850 31.732151 129.753235
37.232550 31.732151 16.284635
37.232550 31.732151 129.753235
-12.410850 29.388633 14.875355
-12.410850 29.388633 128.343955
37.232550 29.388633 14.875355
37.232550 29.388633 128.343955
-12.410850 28.050708 14.098663
-12.410850 28.050708 127.567263
37.232550 28.050708 14.098663
37.232550 28.050708 127.567263
-12.410850 25.734275 12.652505
-12.410850 25.734275 126.121105
37.232550 25.734275 12.652505
37.232550 25.734275 126.121105
-12.410850 33.050299 17.078348
-12.410850 33.050299 130.546948
37.232550 33.050299 17.078348
37.232550 33.050299 130.546948
-12.410850 24.434613 11.856523
-12.410850 24.434613 125.325123
37.232550 24.434613 11.856523
37.232550 24.434613 125.325123
-11.206129 31.138210 15.954442
-11.206129 31.138210 129.423042
38.437271 31.138210 15.954442
38.437271 31.138210 129.423042
-10.381428 31.553302 16.217121
-10.381428 31.553302 129.685721
-11.182796 29.954198 15.249802
-11.182796 29.954198 128.718402
38.460604 29.954198 15.249802
38.460604 29.954198 128.718402
-11.182176 27.490946 13.764498
-11.182176 27.490946 127.233098
38.461224 27.490946 13.764498
38.461224 27.490946 127.233098
-11.212831 26.317467 13.058156
-11.212831 26.317467 126.526756
38.430569 26.317467 13.058156
38.430569 26.317467 126.526756
-10.385027 25.884963 12.836324
-10.385027 25.884963 126.304924
39.258373 25.884963 12.836324
39.258373 25.884963 126.304924
-9.955984 29.318555 14.856066
-9.955984 29.318555 128.324666
39.687416 29.318555 14.856066
39.687416 29.318555 128.324666
-9.119865 29.754713 15.035346
-9.119865 29.754713 128.503946
-9.959583 28.099074 14.228017
-9.959583 28.099074 127.696617
39.683817 28.099074 14.228017
39.683817 28.099074 127.696617
-9.127808 27.639055 14.093557
-9.127808 27.639055 127.562157
40.515592 27.639055 14.093557
40.515592 27.639055 127.562157
-13.577346 33.379406 17.435207
36.066054 33.379406 17.435207
-13.517277 23.925368 11.490587
-13.517277 23.925368 124.959187
36.126123 23.925368 11.490587
36.126123 23.925368 124.959187
-13.615571 31.138210 15.954442
-13.615571 31.138210 129.423042
36.027829 31.138210 15.954442
36.027829 31.138210 129.423042
-14.440272 31.553302 16.217121
-14.440272 31.553302 129.685721
35.203128 31.553302 16.217121
35.203128 31.553302 129.685721
-13.638904 29.954198 15.249802
-13.638904 29.954198 128.718402
36.004496 29.954198 15.249802
36.004496 29.954198 128.718402
-13.639524 27.490946 13.764498
-13.639524 27.490946 127.233098
36.003876 27.490946 13.764498
36.003876 27.490946 127.233098
-13.608869 26.317467 13.058156
-13.608869 26.317467 126.526756
36.034531 26.317467 13.058156
36.034531 26.317467 126.526756
-14.436673 25.884963 12.836324
-14.436673 25.884963 126.304924
35.206727 25.884963 12.836324
35.206727 25.884963 126.304924
-14.865716 29.318555 14.856066
-14.865716 29.318555 128.324666
34.777684 29.318555 14.856066
34.777684 29.318555 128.324666
-15.701835 29.754713 15.035346
-15.701835 29.754713 128.503946
33.941565 29.754713 15.035346
33.941565 29.754713 128.503946
-14.862117 28.099074 14.228017
-14.862117 28.099074 127.696617
34.781283 28.099074 14.228017
34.781283 28.099074 127.696617
-15.693892 27.639055 14.093557
-15.693892 27.639055 127.562157
33.949508 27.639055 14.093557
33.949508 27.639055 127.562157
-9.707891 36.040639 17.435207
23.271213 -2.172767 11.490587
23.271213 -2.172767 124.959187
-1.550487 40.819679 11.490587
-1.550487 40.819679 124.959187
17.073855 -5.864313 15.954442
17.073855 -5.864313 129.423042
-7.747845 37.128133 15.954442
-7.747845 37.128133 129.423042
-7.694975 36.206375 16.217121
-7.694975 36.206375 129.685721
18.110905 -5.292513 15.249802
18.110905 -5.292513 128.718402
-6.710795 37.699932 15.249802
-6.710795 37.699932 128.718402
20.244454 -4.061425 13.764498
20.244454 -4.061425 127.233098
-4.577246 38.931021 13.764498
-4.577246 38.931021 127.233098
21.245389 -3.448137 13.058156
21.245389 -3.448137 126.526756
-3.576311 39.544308 13.058156
-3.576311 39.544308 126.526756
22.033851 -3.948784 12.836324
22.033851 -3.948784 126.304924
-2.787849 39.043661 12.836324
-2.787849 39.043661 126.304924
19.274795 -6.037143 14.856066
19.274795 -6.037143 128.324666
-5.546905 36.955303 14.856066
-5.546905 36.955303 128.324666
-5.506570 36.013124 15.035346
-5.506570 36.013124 128.503946
20.329096 -5.424285 14.228017
20.329096 -5.424285 127.696617
-4.492604 37.568160 14.228017
-4.492604 37.568160 127.696617
21.143372 -5.914614 14.093557
21.143372 -5.914614 127.562157
-3.678328 37.077831 14.093557
-3.678328 37.077831 127.562157
10.874387 -4.931377 17.435207
-13.947313 38.061069 17.435207
2.656915 -0.256378 11.490587
2.656915 -0.256378 124.959187
-22.164785 42.736067 11.490587
-22.164785 42.736067 124.959187
52.300315 -0.256378 11.490587
52.300315 -0.256378 124.959187
27.478615 42.736067 11.490587
27.478615 42.736067 124.959187
8.952567 -3.777675 15.954442
8.952567 -3.777675 129.423042
-15.869133 39.214771 15.954442
-15.869133 39.214771 129.423042
58.595967 -3.777675 15.954442
58.595967 -3.777675 129.423042
33.774267 39.214771 15.954442
33.774267 39.214771 129.423042
9.724397 -3.271009 16.217121
9.724397 -3.271009 129.685721
-15.097303 39.721437 16.217121
-15.097303 39.721437 129.685721
7.938848 -3.165462 15.249802
7.938848 -3.165462 128.718402
-16.882852 39.826983 15.249802
-16.882852 39.826983 128.718402
57.582248 -3.165462 15.249802
57.582248 -3.165462 128.718402
32.760548 39.826983 15.249802
32.760548 39.826983 128.718402
5.805920 -1.933299 13.764498
5.805920 -1.933299 127.233098
-19.015780 41.059147 13.764498
-19.015780 41.059147 127.233098
55.449320 -1.933299 13.764498
55.449320 -1.933299 127.233098
30.627620 41.059147 13.764498
30.627620 41.059147 127.233098
4.774330 -1.373107 13.058156
4.774330 -1.373107 126.526756
-20.047370 41.619338 13.058156
-20.047370 41.619338 126.526756
54.417730 -1.373107 13.058156
54.417730 -1.373107 126.526756
29.596030 41.619338 13.058156
29.596030 41.619338 126.526756
4.813672 -0.439956 12.836324
4.813672 -0.439956 126.304924
-20.008028 42.552490 12.836324
-20.008028 42.552490 126.304924
54.457072 -0.439956 12.836324
54.457072 -0.439956 126.304924
29.635372 42.552490 12.836324
29.635372 42.552490 126.304924
8.001771 -1.785190 14.856066
8.001771 -1.785190 128.324666
-16.819929 41.207256 14.856066
-16.819929 41.207256 128.324666
57.645171 -1.785190 14.856066
57.645171 -1.785190 128.324666
32.823471 41.207256 14.856066
32.823471 41.207256 128.324666
8.797555 -1.279169 15.035346
8.797555 -1.279169 128.503946
-16.024145 41.713277 15.035346
-16.024145 41.713277 128.503946
6.943871 -1.178566 14.228017
6.943871 -1.178566 127.696617
-17.877829 41.813879 14.228017
-17.877829 41.813879 127.696617
56.587271 -1.178566 14.228017
56.587271 -1.178566 127.696617
31.765571 41.813879 14.228017
31.765571 41.813879 127.696617
6.961370 -0.228218 14.093557
6.961370 -0.228218 127.562157
-17.860330 42.764227 14.093557
-17.860330 42.764227 127.562157
56.604770 -0.228218 14.093557
56.604770 -0.228218 127.562157
31.783070 42.764227 14.093557
31.783070 42.764227 127.562157
23.285237 -2.234031 20.387660
-1.536463 40.758415 20.387660
-9.753935 36.083416 26.332280
21.363417 -3.387733 21.868425
-3.458283 39.604712 21.868425
22.135247 -3.894399 21.605745
-2.686453 39.098047 21.605745
20.349698 -3.999945 22.573065
-4.472002 38.992500 22.573065
18.216770 -5.232109 24.058369
-6.604930 37.760337 24.058369
17.185180 -5.792301 24.764711
-7.636520 37.200145 24.764711
-7.597178 36.266994 24.986542
20.412621 -5.380218 22.966801
-4.409079 37.612228 22.966801
21.208405 -5.886239 22.787521
-3.613295 37.106207 22.787521
19.354721 -5.986841 23.594850
-5.466979 37.005604 23.594850
-5.449480 36.055256 23.729310
2.702959 -0.213601 20.387660
-22.118741 42.778845 20.387660
52.346359 -0.213601 20.387660
27.524659 42.778845 20.387660
10.860363 -4.992641 26.332280
-13.961337 37.999804 26.332280
4.663005 -1.301095 21.868425
-20.158695 41.691351 21.868425
54.306405 -1.301095 21.868425
29.484705 41.691351 21.868425
4.715875 -0.379337 21.605745
-20.105825 42.613109 21.605745
54.359275 -0.379337 21.605745
29.537575 42.613109 21.605745
5.700055 -1.872894 22.573065
-19.121645 41.119551 22.573065
55.343455 -1.872894 22.573065
30.521755 41.119551 22.573065
7.833604 -3.103983 24.058369
-16.988096 39.888463 24.058369
57.477004 -3.103983 24.058369
32.655304 39.888463 24.058369
8.834539 -3.717270 24.764711
-15.987161 39.275175 24.764711
58.477939 -3.717270 24.764711
33.656239 39.275175 24.764711
9.623001 -3.216623 24.986542
-15.198699 39.775822 24.986542
6.863945 -1.128265 22.966801
-17.957755 41.864180 22.966801
56.507345 -1.128265 22.966801
31.685645 41.864180 22.966801
6.904280 -0.186086 22.787521
-17.917420 42.806360 22.787521
56.547680 -0.186086 22.787521
31.725980 42.806360 22.787521
7.918246 -1.741122 23.594850
-16.903454 41.251323 23.594850
57.561646 -1.741122 23.594850
32.739946 41.251323 23.594850
8.732522 -1.250794 23.729310
-16.089178 41.741652 23.729310
-13.577346 23.943854 20.387660
36.066054 23.943854 20.387660
-13.517277 33.397893 26.332280
36.126123 33.397893 26.332280
-13.615571 26.185051 21.868425
36.027829 26.185051 21.868425
-14.440272 25.769958 21.605745
35.203128 25.769958 21.605745
-13.638904 27.369062 22.573065
36.004496 27.369062 22.573065
-13.639524 29.832315 24.058369
36.003876 29.832315 24.058369
-13.608869 31.005793 24.764711
36.034531 31.005793 24.764711
-14.436673 31.438297 24.986542
35.206727 31.438297 24.986542
-14.865716 28.004706 22.966801
34.777684 28.004706 22.966801
-15.701835 27.568547 22.787521
33.941565 27.568547 22.787521
-14.862117 29.224187 23.594850
34.781283 29.224187 23.594850
-15.693892 29.684206 23.729310
33.949508 29.684206 23.729310
-0.000124 28.661702 35.648808
1.598145 29.584320 38.229084
1.547137 -0.893240 46.373860
-23.274563 42.099206 46.373860
51.190537 -0.893240 46.373860
26.368837 42.099206 46.373860
-0.000124 28.661702 37.569832
10.861231 -6.270735 53.783360
-13.960469 36.721711 53.783360
60.504631 -6.270735 53.783360
35.682931 36.721711 53.783360
9.796008 -5.655728 55.630629
-15.025692 37.336718 55.630629
59.439408 -5.655728 55.630629
34.617708 37.336718 55.630629
2.803363 -1.618522 47.641872
-22.018337 41.373923 47.641872
52.446763 -1.618522 47.641872
27.625063 41.373923 47.641872
1.706120 -0.985029 49.430137
-23.115580 42.007417 49.430137
51.349520 -0.985029 49.430137
26.527820 42.007417 49.430137
8.914341 -5.146697 52.161894
-15.907359 37.845748 52.161894
58.557741 -5.146697 52.161894
33.736041 37.845748 52.161894
9.658992 -5.576622 51.734684
-15.162708 37.415824 51.734684
59.302392 -5.576622 51.734684
34.480692 37.415824 51.734684
8.854024 -5.111873 53.500256
-15.967676 37.880572 53.500256
58.497424 -5.111873 53.500256
33.675724 37.880572 53.500256
7.776142 -4.489558 54.112419
-17.045558 38.502888 54.112419
57.419542 -4.489558 54.112419
32.597842 38.502888 54.112419
7.716570 -4.455164 55.070094
-17.105130 38.537282 55.070094
57.359970 -4.455164 55.070094
32.538270 38.537282 55.070094
5.650164 -3.262123 53.989873
-19.171536 39.730322 53.989873
55.293564 -3.262123 53.989873
30.471864 39.730322 53.989873
5.588358 -3.226440 54.946980
-19.233342 39.766006 54.946980
55.231758 -3.226440 54.946980
30.410058 39.766006 54.946980
4.709918 -2.719129 53.259702
-20.111782 40.273317 53.259702
54.353318 -2.719129 53.259702
29.531618 40.273317 53.259702
3.976560 -2.295868 53.711875
-20.845140 40.696577 53.711875
53.619960 -2.295868 53.711875
28.798260 40.696577 53.711875
3.698806 -2.135506 51.079403
-21.122894 40.856939 51.079403
53.342206 -2.135506 51.079403
28.520506 40.856939 51.079403
2.966441 -1.712676 51.533845
-21.855259 41.279770 51.533845
52.609841 -1.712676 51.533845
27.788141 41.279770 51.533845
3.698061 -2.135076 49.665017
-21.123639 40.857369 49.665017
53.341461 -2.135076 49.665017
28.519761 40.857369 49.665017
4.802006 -2.772440 49.086895
-20.019694 40.220006 49.086895
54.445406 -2.772440 49.086895
29.623706 40.220006 49.086895
4.860461 -2.806189 48.129220
-19.961239 40.186257 48.129220
54.503861 -2.806189 48.129220
29.682161 40.186257 48.129220
7.003567 -4.043511 49.169727
-17.818133 38.948934 49.169727
56.646967 -4.043511 49.169727
31.825267 38.948934 49.169727
7.061650 -4.077045 48.212052
-17.760050 38.915400 48.212052
56.705050 -4.077045 48.212052
31.883350 38.915400 48.212052
7.950018 -4.589945 49.911244
-16.871682 38.402500 49.911244
57.593418 -4.589945 49.911244
32.771718 38.402500 49.911244
8.690201 -5.017290 49.474390
-16.131499 37.975155 49.474390
58.333601 -5.017290 49.474390
33.511901 37.975155 49.474390
7.912041 -4.568019 51.376124
-16.909659 38.424427 51.376124
57.555441 -4.568019 51.376124
32.733741 38.424427 51.376124
6.823361 -3.939469 52.018923
-17.998339 39.052976 52.018923
56.466761 -3.939469 52.018923
31.645061 39.052976 52.018923
6.814798 -3.934525 53.351612
-18.006902 39.057920 53.351612
56.458198 -3.934525 53.351612
31.636498 39.057920 53.351612
4.707063 -2.717624 51.849855
-20.114637 40.274821 51.849855
54.350463 -2.717624 51.849855
29.528763 40.274821 51.849855
5.765957 -3.328977 51.192872
-19.055743 39.663469 51.192872
55.409357 -3.328977 51.192872
30.587657 39.663469 51.192872
5.825529 -3.363371 49.838057
-18.996171 39.629075 49.838057
55.468929 -3.363371 49.838057
30.647229 39.629075 49.838057
9.903238 -5.717637 54.366589
-14.918462 37.274809 54.366589
59.546638 -5.717637 54.366589
34.724938 37.274809 54.366589
2.646986 -1.528238 48.849745
-22.174714 41.464207 48.849745
52.290386 -1.528238 48.849745
27.468686 41.464207 48.849745
1.166496 31.109262 39.299093
25.928127 -2.429145 45.243713
1.106427 40.563301 45.243713
0.000000 32.756517 40.449665
0.000000 35.100036 41.858945
0.000000 36.437961 42.635637
24.821700 -4.238052 44.081795
0.000000 38.754394 44.081795
0.000000 31.438369 39.655952
24.821700 -2.938390 44.877777
0.000000 40.054055 44.877777
1.204721 33.350458 40.779858
2.029422 32.935366 40.517179
1.228054 34.534470 41.484498
26.050374 -5.994723 42.969802
1.228674 36.997722 42.969802
26.019719 -4.821244 43.676144
1.198019 38.171201 43.676144
26.847523 -4.388740 43.897976
2.025823 38.603705 43.897976
2.454866 35.170113 41.878234
3.290985 34.733955 41.698954
2.451267 36.389594 42.506283
28.104742 -6.142832 42.640743
3.283042 36.849613 42.640743
-1.598145 29.584320 38.229084
-12.410850 23.282702 46.373860
37.232550 23.282702 46.373860
-12.410850 34.037692 53.783360
37.232550 34.037692 53.783360
-12.410850 32.807678 55.630629
37.232550 32.807678 55.630629
-12.410850 24.733267 47.641872
37.232550 24.733267 47.641872
-12.410850 23.466280 49.430137
37.232550 23.466280 49.430137
-12.410850 31.789617 52.161894
37.232550 31.789617 52.161894
-12.410850 32.649466 51.734684
37.232550 32.649466 51.734684
-12.410850 31.719970 53.500256
37.232550 31.719970 53.500256
-12.410850 30.475338 54.112419
37.232550 30.475338 54.112419
-12.410850 30.406550 55.070094
37.232550 30.406550 55.070094
-12.410850 28.020470 53.989873
37.232550 28.020470 53.989873
-12.410850 27.949102 54.946980
37.232550 27.949102 54.946980
-12.410974 26.934695 53.259702
37.232426 26.934695 53.259702
-12.410850 26.087959 53.711875
37.232550 26.087959 53.711875
-12.410850 25.767236 51.079403
37.232550 25.767236 51.079403
-12.410850 24.921574 51.533845
37.232550 24.921574 51.533845
-12.410850 25.766376 49.665017
37.232550 25.766376 49.665017
-12.410850 27.041102 49.086895
37.232550 27.041102 49.086895
-12.410850 27.108600 48.129220
37.232550 27.108600 48.129220
-12.410850 29.583245 49.169727
37.232550 29.583245 49.169727
-12.410850 29.650313 48.212052
37.232550 29.650313 48.212052
-12.410850 30.676113 49.911244
37.232550 30.676113 49.911244
-12.410850 31.530803 49.474390
37.232550 31.530803 49.474390
-12.410850 30.632261 51.376124
37.232550 30.632261 51.376124
-12.410850 29.375162 52.018923
37.232550 29.375162 52.018923
-12.410850 29.365273 53.351612
37.232550 29.365273 53.351612
-12.410850 26.931471 51.849855
37.232550 26.931471 51.849855
-12.410850 28.154176 51.192872
37.232550 28.154176 51.192872
-12.410850 28.222964 49.838057
37.232550 28.222964 49.838057
-12.410850 32.931497 54.366589
37.232550 32.931497 54.366589
-12.410850 24.552699 48.849745
37.232550 24.552699 48.849745
-2.702959 28.448030 39.299093
-10.860363 23.668989 45.243713
38.783037 23.668989 45.243713
-3.546276 26.614187 40.449665
-5.575823 25.442428 41.858945
-6.734500 24.773465 42.635637
-8.740589 23.615249 44.081795
40.902811 23.615249 44.081795
-2.404726 27.273261 39.655952
-9.866129 22.965418 44.877777
39.777271 22.965418 44.877777
-4.663005 27.360536 40.779858
-4.715875 28.282294 40.517179
-5.700055 26.788736 41.484498
-7.833604 25.557647 42.969802
41.809796 25.557647 42.969802
-8.834539 24.944360 43.676144
40.808861 24.944360 43.676144
-9.623001 25.445007 43.897976
40.020399 25.445007 43.897976
-6.863945 27.533365 41.878234
-6.904280 28.475545 41.698954
-7.918246 26.920508 42.506283
-8.732522 27.410837 42.640743
40.910878 27.410837 42.640743
0.000000 26.816251 38.229084
23.274563 -0.893240 46.373860
-1.547137 42.099206 46.373860
24.821576 -0.000072 49.095972
-0.000124 42.992374 49.095972
24.821576 -0.000072 47.072260
-0.000124 42.992374 47.072260
13.960469 -6.270735 53.783360
-10.861231 36.721711 53.783360
15.025692 -5.655728 55.630629
-9.796008 37.336718 55.630629
22.018337 -1.618522 47.641872
-2.803363 41.373923 47.641872
23.115580 -0.985029 49.430137
-1.706120 42.007417 49.430137
15.907359 -5.146697 52.161894
-8.914341 37.845748 52.161894
15.162708 -5.576622 51.734684
-9.658992 37.415824 51.734684
15.967676 -5.111873 53.500256
-8.854024 37.880572 53.500256
17.045558 -4.489558 54.112419
-7.776142 38.502888 54.112419
17.105130 -4.455164 55.070094
-7.716570 38.537282 55.070094
19.171536 -3.262123 53.989873
-5.650164 39.730322 53.989873
19.233342 -3.226440 54.946980
-5.588358 39.766006 54.946980
20.111907 -2.719344 53.259702
-4.709793 40.273102 53.259702
20.845140 -2.295868 53.711875
-3.976560 40.696577 53.711875
21.122894 -2.135506 51.079403
-3.698806 40.856939 51.079403
21.855259 -1.712676 51.533845
-2.966441 41.279770 51.533845
21.123639 -2.135076 49.665017
-3.698061 40.857369 49.665017
20.019694 -2.772440 49.086895
-4.802006 40.220006 49.086895
19.961239 -2.806189 48.129220
-4.860461 40.186257 48.129220
17.818133 -4.043511 49.169727
-7.003567 38.948934 49.169727
17.760050 -4.077045 48.212052
-7.061650 38.915400 48.212052
16.871682 -4.589945 49.911244
-7.950018 38.402500 49.911244
16.131499 -5.017290 49.474390
-8.690201 37.975155 49.474390
16.909659 -4.568019 51.376124
-7.912041 38.424427 51.376124
17.998339 -3.939469 52.018923
-6.823361 39.052976 52.018923
18.006902 -3.934525 53.351612
-6.814798 39.057920 53.351612
20.114637 -2.717624 51.849855
-4.707063 40.274821 51.849855
19.055743 -3.328977 51.192872
-5.765957 39.663469 51.192872
18.996171 -3.363371 49.838057
-5.825529 39.629075 49.838057
14.918462 -5.717637 54.366589
-9.903238 37.274809 54.366589
22.174714 -1.528238 48.849745
-2.646986 41.464207 48.849745
1.536463 26.427600 39.299093
9.753935 21.752601 45.243713
3.546276 26.614187 40.449665
5.575823 25.442428 41.858945
6.734500 24.773465 42.635637
8.740589 23.615249 44.081795
2.404726 27.273261 39.655952
9.866129 22.965418 44.877777
3.458283 25.273897 40.779858
2.686453 24.767231 40.517179
4.472002 24.661685 41.484498
6.604930 23.429521 42.969802
7.636520 22.869330 43.676144
7.597178 21.936179 43.897976
4.409079 23.281412 41.878234
3.613295 22.775391 41.698954
5.466979 22.674789 42.506283
5.449480 21.724441 42.640743
-12.410850 23.341602 37.416649
37.232550 23.341602 37.416649
-1.547137 29.554870 29.271873
-0.000124 28.661702 26.549761
-0.000124 28.661702 28.573474
-10.861231 34.932365 21.862373
-9.796008 34.317358 20.015105
-2.803363 30.280153 28.003861
-1.706120 29.646659 26.215596
-8.914341 33.808328 23.483840
-9.658992 34.238252 23.911049
-8.854024 33.773504 22.145478
-7.776142 33.151188 21.533314
-7.716570 33.116794 20.575639
-5.650164 31.923754 21.655861
-5.588358 31.888070 20.698753
-4.709793 31.380974 22.386031
-3.976560 30.957499 21.933859
-3.698806 30.797137 24.566330
-2.966441 30.374306 24.111888
-3.698061 30.796707 25.980716
-4.802006 31.434070 26.558839
-4.860461 31.467819 27.516514
-7.003567 32.705142 26.476007
-7.061650 32.738676 27.433682
-7.950018 33.251575 25.734489
-8.690201 33.678920 26.171343
-7.912041 33.229649 24.269610
-6.823361 32.601100 23.626810
-6.814798 32.596156 22.294121
-4.707063 31.379254 23.795878
-5.765957 31.990607 24.452862
-5.825529 32.025001 25.807677
-9.903238 34.379267 21.279145
-2.646986 30.189868 26.795988
-10.874387 23.730254 36.346640
38.769013 23.730254 36.346640
-2.656915 28.405252 30.402020
-8.864574 23.543666 35.196069
40.778826 23.543666 35.196069
-6.835027 24.715425 33.786789
42.808373 24.715425 33.786789
-5.676350 25.384388 33.010096
-3.670261 26.542604 31.563939
-10.006124 22.884592 35.989781
39.637276 22.884592 35.989781
-2.544721 27.192435 30.767956
-8.952567 24.883956 34.865875
40.690833 24.883956 34.865875
-9.724397 25.390622 35.128555
39.919003 25.390622 35.128555
-7.938848 25.496168 34.161235
41.704552 25.496168 34.161235
-5.805920 26.728332 32.675931
-4.774330 27.288523 31.969589
-4.813672 28.221674 31.747758
-8.001771 26.876441 33.767499
-8.797555 27.382462 33.946779
40.845845 27.382462 33.946779
-6.943871 27.483064 33.139450
-6.961370 28.433412 33.004990
23.223555 -0.922690 37.416649
-1.598145 42.069756 37.416649
0.000000 26.875151 29.271873
12.410850 -5.376062 21.862373
-12.410850 37.616384 21.862373
12.410850 -4.146048 20.015105
-12.410850 38.846397 20.015105
0.000000 25.424586 28.003861
0.000000 26.691573 26.215596
12.410850 -3.127987 23.483840
-12.410850 39.864459 23.483840
12.410850 -3.987836 23.911049
-12.410850 39.004610 23.911049
12.410850 -3.058339 22.145478
-12.410850 39.934106 22.145478
12.410850 -1.813708 21.533314
-12.410850 41.178738 21.533314
12.410850 -1.744920 20.575639
-12.410850 41.247525 20.575639
0.000000 22.137383 21.655861
0.000000 22.208751 20.698753
-0.000124 23.223158 22.386031
0.000000 24.069894 21.933859
0.000000 24.390618 24.566330
0.000000 25.236279 24.111888
0.000000 24.391477 25.980716
0.000000 23.116751 26.558839
0.000000 23.049253 27.516514
12.410850 -0.921615 26.476007
-12.410850 42.070831 26.476007
12.410850 -0.988683 27.433682
-12.410850 42.003763 27.433682
12.410850 -2.014483 25.734489
-12.410850 40.977963 25.734489
12.410850 -2.869173 26.171343
-12.410850 40.123273 26.171343
12.410850 -1.970630 24.269610
-12.410850 41.021815 24.269610
12.410850 -0.713531 23.626810
-12.410850 42.278914 23.626810
12.410850 -0.703643 22.294121
-12.410850 42.288803 22.294121
0.000000 23.226382 23.795878
0.000000 22.003677 24.452862
0.000000 21.934889 25.807677
12.410850 -4.269866 21.279145
-12.410850 38.722579 21.279145
0.000000 25.605154 26.795988
9.707891 21.709824 36.346640
1.550487 26.488864 30.402020
8.864574 23.543666 35.196069
6.835027 24.715425 33.786789
5.676350 25.384388 33.010096
3.670261 26.542604 31.563939
10.006124 22.884592 35.989781
2.544721 27.192435 30.767956
7.747845 22.797317 34.865875
7.694975 21.875559 35.128555
6.710795 23.369117 34.161235
4.577246 24.600206 32.675931
3.576311 25.213493 31.969589
2.787849 24.712846 31.747758
5.546905 22.624488 33.767499
5.506570 21.682308 33.946779
4.492604 23.237345 33.139450
3.678328 22.747016 33.004990
24.821576 -0.000072 39.996925
-0.000124 42.992374 39.996925
1.598145 -0.922690 37.416649
-23.223555 42.069756 37.416649
51.241545 -0.922690 37.416649
26.419845 42.069756 37.416649
1.547137 29.554870 29.271873
24.821576 -0.000072 38.075902
-0.000124 42.992374 38.075902
-13.960469 34.932365 21.862373
35.682931 34.932365 21.862373
-15.025692 34.317358 20.015105
34.617708 34.317358 20.015105
2.803363 30.280153 28.003861
1.706120 29.646659 26.215596
-15.907359 33.808328 23.483840
33.736041 33.808328 23.483840
-15.162708 34.238252 23.911049
34.480692 34.238252 23.911049
-15.967676 33.773504 22.145478
33.675724 33.773504 22.145478
-17.045558 33.151188 21.533314
32.597842 33.151188 21.533314
-17.105130 33.116794 20.575639
32.538270 33.116794 20.575639
5.650164 31.923754 21.655861
5.588358 31.888070 20.698753
4.709918 31.380759 22.386031
3.976560 30.957499 21.933859
3.698806 30.797137 24.566330
2.966441 30.374306 24.111888
3.698061 30.796707 25.980716
4.802006 31.434070 26.558839
4.860461 31.467819 27.516514
-17.818133 32.705142 26.476007
31.825267 32.705142 26.476007
-17.760050 32.738676 27.433682
31.883350 32.738676 27.433682
-16.871682 33.251575 25.734489
32.771718 33.251575 25.734489
-16.131499 33.678920 26.171343
33.511901 33.678920 26.171343
-16.909659 33.229649 24.269610
32.733741 33.229649 24.269610
-17.998339 32.601100 23.626810
31.645061 32.601100 23.626810
-18.006902 32.596156 22.294121
31.636498 32.596156 22.294121
4.707063 31.379254 23.795878
5.765957 31.990607 24.452862
5.825529 32.025001 25.807677
-14.918462 34.379267 21.279145
34.724938 34.379267 21.279145
2.646986 30.189868 26.795988
25.988196 -2.447632 36.346640
1.166496 40.544814 36.346640
1.106427 31.090775 30.402020
24.821700 -4.094887 35.196069
0.000000 38.897558 35.196069
24.821700 -6.438405 33.786789
0.000000 36.554040 33.786789
0.000000 35.216115 33.010096
0.000000 32.899682 31.563939
24.821700 -2.776739 35.989781
0.000000 40.215707 35.989781
0.000000 31.600021 30.767956
26.026421 -4.688828 34.865875
1.204721 38.303618 34.865875
26.851122 -4.273736 35.128555
2.029422 38.718710 35.128555
26.049754 -5.872840 34.161235
1.228054 37.119606 34.161235
1.228674 34.656354 32.675931
1.198019 33.482875 31.969589
2.025823 33.050371 31.747758
2.454866 36.483963 33.767499
28.112685 -6.072325 33.946779
3.290985 36.920121 33.946779
2.451267 35.264482 33.139450
3.283042 34.804463 33.004990
23.655204 -2.447632 36.346640
-1.166496 40.544814 36.346640
-1.106427 31.090775 30.402020
23.616979 -4.688828 34.865875
-1.204721 38.303618 34.865875
22.792278 -4.273736 35.128555
-2.029422 38.718710 35.128555
23.593646 -5.872840 34.161235
-1.228054 37.119606 34.161235
-1.228674 34.656354 32.675931
-1.198019 33.482875 31.969589
-2.025823 33.050371 31.747758
-2.454866 36.483963 33.767499
21.530715 -6.072325 33.946779
-3.290985 36.920121 33.946779
-2.451267 35.264482 33.139450
-3.283042 34.804463 33.004990
-9.707891 21.709824 36.346640
39.935509 21.709824 36.346640
-1.550487 26.488864 30.402020
-7.747845 22.797317 34.865875
41.895555 22.797317 34.865875
-7.694975 21.875559 35.128555
41.948425 21.875559 35.128555
-6.710795 23.369117 34.161235
42.932605 23.369117 34.161235
-4.577246 24.600206 32.675931
-3.576311 25.213493 31.969589
-2.787849 24.712846 31.747758
-5.546905 22.624488 33.767499
-5.506570 21.682308 33.946779
44.136830 21.682308 33.946779
-4.492604 23.237345 33.139450
-3.678328 22.747016 33.004990
10.874387 23.730254 36.346640
2.656915 28.405252 30.402020
8.952567 24.883956 34.865875
9.724397 25.390622 35.128555
7.938848 25.496168 34.161235
5.805920 26.728332 32.675931
4.774330 27.288523 31.969589
4.813672 28.221674 31.747758
8.001771 26.876441 33.767499
8.797555 27.382462 33.946779
6.943871 27.483064 33.139450
6.961370 28.433412 33.004990
-1.536463 26.427600 39.299093
-9.753935 21.752601 45.243713
39.889465 21.752601 45.243713
-3.458283 25.273897 40.779858
-2.686453 24.767231 40.517179
-4.472002 24.661685 41.484498
-6.604930 23.429521 42.969802
43.038470 23.429521 42.969802
-7.636520 22.869330 43.676144
42.006880 22.869330 43.676144
-7.597178 21.936179 43.897976
42.046222 21.936179 43.897976
-4.409079 23.281412 41.878234
-3.613295 22.775391 41.698954
-5.466979 22.674789 42.506283
-5.449480 21.724441 42.640743
44.193920 21.724441 42.640743
2.702959 28.448030 39.299093
10.860363 23.668989 45.243713
4.663005 27.360536 40.779858
4.715875 28.282294 40.517179
5.700055 26.788736 41.484498
7.833604 25.557647 42.969802
8.834539 24.944360 43.676144
9.623001 25.445007 43.897976
6.863945 27.533365 41.878234
6.904280 28.475545 41.698954
7.918246 26.920508 42.506283
8.732522 27.410837 42.640743
-1.166496 31.109262 39.299093
23.715273 -2.429145 45.243713
-1.106427 40.563301 45.243713
-1.204721 33.350458 40.779858
-2.029422 32.935366 40.517179
-1.228054 34.534470 41.484498
23.593026 -5.994723 42.969802
-1.228674 36.997722 42.969802
23.623681 -4.821244 43.676144
-1.198019 38.171201 43.676144
22.795877 -4.388740 43.897976
-2.025823 38.603705 43.897976
-2.454866 35.170113 41.878234
-3.290985 34.733955 41.698954
-2.451267 36.389594 42.506283
21.538658 -6.142832 42.640743
-3.283042 36.849613 42.640743
-12.410974 35.827110 -2.174058
-12.410974 35.827110 111.294542
14.008995 -6.242718 57.140518
-10.812705 36.749727 57.140518
1.547137 27.768391 65.285294
0.000124 28.661559 68.007405
-12.410974 35.827110 -0.253035
-12.410974 35.827110 113.215565
0.000124 28.661559 65.983693
10.861231 22.390896 72.694793
9.796008 23.005902 74.542062
2.803363 27.043108 66.553305
1.706120 27.676602 68.341570
8.914341 23.514933 71.073327
9.658992 23.085009 70.646118
8.854024 23.549757 72.411689
7.776142 24.172073 73.023852
7.716570 24.206467 73.981527
5.650164 25.399507 72.901306
5.588358 25.435191 73.858414
4.709918 25.942501 72.171136
3.976560 26.365762 72.623308
3.698806 26.526124 69.990837
2.966441 26.948955 70.445278
3.698061 26.526554 68.576450
4.802006 25.889191 67.998328
4.860461 25.855442 67.040653
7.003567 24.618119 68.081160
7.061650 24.584585 67.123485
7.950018 24.071685 68.822677
8.690201 23.644340 68.385823
7.912041 24.093611 70.287557
6.823361 24.722161 70.930357
6.814798 24.727105 72.263045
4.707063 25.944006 70.761288
5.765957 25.332654 70.104305
5.825529 25.298260 68.749490
9.903238 22.943993 73.278022
2.646986 27.133392 67.761179
13.577346 -4.717776 58.210526
-11.244354 38.274670 58.210526
1.106427 26.232486 64.155146
12.410850 -3.070520 59.361098
-12.410850 39.921925 59.361098
12.410850 -0.727002 60.770378
-12.410850 42.265443 60.770378
0.000000 22.107145 61.547071
0.000000 24.423578 62.993228
12.410850 -4.388669 58.567385
-12.410850 38.603777 58.567385
0.000000 25.723240 63.789210
13.615571 -2.476580 59.691292
-11.206129 40.515866 59.691292
14.440272 -2.891672 59.428612
-10.381428 40.100774 59.428612
13.638904 -1.292568 60.395932
-11.182796 41.699878 60.395932
1.228674 22.666907 61.881236
1.198019 23.840386 62.587578
2.025823 24.272890 62.809409
14.865716 -0.656925 60.789668
-9.955984 42.335521 60.789668
15.701835 -1.093083 60.610387
-9.119865 41.899363 60.610387
2.451267 22.058779 61.417716
3.283042 22.518798 61.552177
10.812705 -6.242718 57.140518
-14.008995 36.749727 57.140518
60.456105 -6.242718 57.140518
35.634405 36.749727 57.140518
0.000000 30.448110 65.285294
24.821700 -1.789346 72.694793
0.000000 41.203100 72.694793
24.821700 -3.019359 74.542062
0.000000 39.973086 74.542062
0.000000 31.898675 66.553305
0.000000 30.631688 68.341570
24.821700 -4.037421 71.073327
0.000000 38.955025 71.073327
24.821700 -3.177572 70.646118
0.000000 39.814874 70.646118
24.821700 -4.107068 72.411689
0.000000 38.885377 72.411689
24.821700 -5.351700 73.023852
0.000000 37.640746 73.023852
24.821700 -5.420488 73.981527
0.000000 37.571958 73.981527
0.000000 35.185877 72.901306
0.000000 35.114510 73.858414
-0.000124 34.100103 72.171136
0.000000 33.253367 72.623308
0.000000 32.932643 69.990837
0.000000 32.086982 70.445278
0.000000 32.931783 68.576450
0.000000 34.206509 67.998328
0.000000 34.274008 67.040653
24.821700 -6.243793 68.081160
0.000000 36.748653 68.081160
24.821700 -6.176725 67.123485
0.000000 36.815721 67.123485
24.821700 -5.150925 68.822677
0.000000 37.841521 68.822677
24.821700 -4.296235 68.385823
0.000000 38.696210 68.385823
24.821700 -5.194777 70.287557
0.000000 37.797668 70.287557
24.821700 -6.451876 70.930357
0.000000 36.540569 70.930357
24.821700 -6.461765 72.263045
0.000000 36.530681 72.263045
0.000000 34.096879 70.761288
0.000000 35.319584 70.104305
0.000000 35.388372 68.749490
24.821700 -2.895541 73.278022
0.000000 40.096904 73.278022
0.000000 31.718107 67.761179
-15.113809 35.613437 58.210526
34.529591 35.613437 58.210526
1.550487 30.834397 64.155146
-15.957126 33.779594 59.361098
33.686274 33.779594 59.361098
-17.986673 32.607835 60.770378
31.656727 32.607835 60.770378
5.676350 31.938873 61.547071
3.670261 30.780656 62.993228
-14.815576 34.438669 58.567385
34.827824 34.438669 58.567385
2.544721 30.130826 63.789210
-17.073855 34.525943 59.691292
32.569545 34.525943 59.691292
-17.126725 35.447701 59.428612
32.516675 35.447701 59.428612
-18.110905 33.954144 60.395932
31.532495 33.954144 60.395932
4.577246 32.723055 61.881236
3.576311 32.109768 62.587578
2.787849 32.610415 62.809409
-19.274795 34.698773 60.789668
30.368605 34.698773 60.789668
-19.315130 35.640952 60.610387
30.328270 35.640952 60.610387
4.492604 34.085916 61.417716
3.678328 34.576244 61.552177
-12.410850 33.981659 57.140518
37.232550 33.981659 57.140518
-1.547137 27.768391 65.285294
-10.861231 22.390896 72.694793
38.782169 22.390896 72.694793
-9.796008 23.005902 74.542062
39.847392 23.005902 74.542062
-2.803363 27.043108 66.553305
-1.706120 27.676602 68.341570
-8.914341 23.514933 71.073327
40.729059 23.514933 71.073327
-9.658992 23.085009 70.646118
39.984408 23.085009 70.646118
-8.854024 23.549757 72.411689
40.789376 23.549757 72.411689
-7.776142 24.172073 73.023852
41.867258 24.172073 73.023852
-7.716570 24.206467 73.981527
41.926830 24.206467 73.981527
-5.650164 25.399507 72.901306
-5.588358 25.435191 73.858414
-4.709793 25.942287 72.171136
-3.976560 26.365762 72.623308
-3.698806 26.526124 69.990837
-2.966441 26.948955 70.445278
-3.698061 26.526554 68.576450
-4.802006 25.889191 67.998328
-4.860461 25.855442 67.040653
-7.003567 24.618119 68.081160
42.639833 24.618119 68.081160
-7.061650 24.584585 67.123485
42.581750 24.584585 67.123485
-7.950018 24.071685 68.822677
41.693382 24.071685 68.822677
-8.690201 23.644340 68.385823
40.953199 23.644340 68.385823
-7.912041 24.093611 70.287557
41.731359 24.093611 70.287557
-6.823361 24.722161 70.930357
42.820039 24.722161 70.930357
-6.814798 24.727105 72.263045
42.828602 24.727105 72.263045
-4.707063 25.944006 70.761288
-5.765957 25.332654 70.104305
-5.825529 25.298260 68.749490
-9.903238 22.943993 73.278022
39.740162 22.943993 73.278022
-2.646986 27.133392 67.761179
-10.874387 33.593007 58.210526
-2.656915 28.918009 64.155146
-8.864574 33.779594 59.361098
-6.835027 32.607835 60.770378
-5.676350 31.938873 61.547071
-3.670261 30.780656 62.993228
-10.006124 34.438669 58.567385
-2.544721 30.130826 63.789210
-8.952567 32.439305 59.691292
-9.724397 31.932639 59.428612
-7.938848 31.827092 60.395932
-5.805920 30.594929 61.881236
-4.774330 30.034737 62.587578
-4.813672 29.101586 62.809409
-8.001771 30.446820 60.789668
-8.797555 29.940799 60.610387
-6.943871 29.840197 61.417716
-6.961370 28.889849 61.552177
0.000124 28.661559 58.908358
0.000000 30.507009 -0.406218
0.000000 30.507009 113.062382
10.863713 -6.272168 -8.550994
10.863713 -6.272168 104.917606
-13.957987 36.720278 -8.550994
-13.957987 36.720278 104.917606
60.507113 -6.272168 -8.550994
60.507113 -6.272168 104.917606
35.685413 36.720278 -8.550994
35.685413 36.720278 104.917606
-12.410974 35.827110 -11.273105
-12.410974 35.827110 102.195495
0.000124 28.661559 56.987335
-12.410974 35.827110 -9.249393
-12.410974 35.827110 104.219207
1.549619 -0.894673 -15.960493
1.549619 -0.894673 97.508107
-23.272081 42.097773 -15.960493
-23.272081 42.097773 97.508107
51.193019 -0.894673 -15.960493
51.193019 -0.894673 97.508107
26.371319 42.097773 -15.960493
26.371319 42.097773 97.508107
2.614842 -1.509680 95.660838
-22.206858 41.482766 95.660838
52.258242 -1.509680 95.660838
27.436542 41.482766 95.660838
9.607487 -5.546885 -9.819005
9.607487 -5.546885 103.649595
-15.214213 37.445560 -9.819005
-15.214213 37.445560 103.649595
59.250887 -5.546885 -9.819005
59.250887 -5.546885 103.649595
34.429187 37.445560 -9.819005
34.429187 37.445560 103.649595
10.704730 -6.180379 -11.607270
10.704730 -6.180379 101.861330
-14.116970 36.812067 -11.607270
-14.116970 36.812067 101.861330
60.348130 -6.180379 -11.607270
60.348130 -6.180379 101.861330
35.526430 36.812067 -11.607270
35.526430 36.812067 101.861330
3.496509 -2.018710 -14.339027
3.496509 -2.018710 99.129573
-21.325191 40.973735 -14.339027
-21.325191 40.973735 99.129573
53.139909 -2.018710 -14.339027
53.139909 -2.018710 99.129573
28.318209 40.973735 -14.339027
28.318209 40.973735 99.129573
2.751858 -1.588786 -13.911818
2.751858 -1.588786 99.556782
-22.069842 41.403660 -13.911818
-22.069842 41.403660 99.556782
52.395258 -1.588786 -13.911818
52.395258 -1.588786 99.556782
27.573558 41.403660 -13.911818
27.573558 41.403660 99.556782
3.556826 -2.053534 -15.677389
3.556826 -2.053534 97.791211
-21.264874 40.938911 -15.677389
-21.264874 40.938911 97.791211
53.200226 -2.053534 -15.677389
53.200226 -2.053534 97.791211
28.378526 40.938911 -15.677389
28.378526 40.938911 97.791211
4.634708 -2.675850 -16.289552
4.634708 -2.675850 97.179048
-20.186992 40.316596 -16.289552
-20.186992 40.316596 97.179048
54.278108 -2.675850 -16.289552
54.278108 -2.675850 97.179048
29.456408 40.316596 -16.289552
29.456408 40.316596 97.179048
4.694280 -2.710244 96.221373
-20.127420 40.282202 96.221373
54.337680 -2.710244 96.221373
29.515980 40.282202 96.221373
6.760686 -3.903284 -16.167006
6.760686 -3.903284 97.301594
-18.061014 39.089161 -16.167006
-18.061014 39.089161 97.301594
56.404086 -3.903284 -16.167006
56.404086 -3.903284 97.301594
31.582386 39.089161 -16.167006
31.582386 39.089161 97.301594
6.822492 -3.938968 -17.124114
6.822492 -3.938968 96.344486
-17.999208 39.053478 -17.124114
-17.999208 39.053478 96.344486
56.465892 -3.938968 -17.124114
56.465892 -3.938968 96.344486
31.644192 39.053478 -17.124114
31.644192 39.053478 96.344486
7.701057 -4.446064 -15.436836
7.701057 -4.446064 98.031764
-17.120643 38.546382 -15.436836
-17.120643 38.546382 98.031764
57.344457 -4.446064 -15.436836
57.344457 -4.446064 98.031764
32.522757 38.546382 -15.436836
32.522757 38.546382 98.031764
8.434290 -4.869539 -15.889008
8.434290 -4.869539 97.579592
-16.387410 38.122906 -15.889008
-16.387410 38.122906 97.579592
58.077690 -4.869539 -15.889008
58.077690 -4.869539 97.579592
33.255990 38.122906 -15.889008
33.255990 38.122906 97.579592
8.712044 -5.029901 -13.256537
8.712044 -5.029901 100.212063
-16.109656 37.962544 -13.256537
-16.109656 37.962544 100.212063
58.355444 -5.029901 -13.256537
58.355444 -5.029901 100.212063
33.533744 37.962544 -13.256537
33.533744 37.962544 100.212063
9.444409 -5.452732 -13.710978
9.444409 -5.452732 99.757622
-15.377291 37.539714 -13.710978
-15.377291 37.539714 99.757622
59.087809 -5.452732 -13.710978
59.087809 -5.452732 99.757622
34.266109 37.539714 -13.710978
34.266109 37.539714 99.757622
8.712789 -5.030331 -11.842150
8.712789 -5.030331 101.626450
-16.108911 37.962114 -11.842150
-16.108911 37.962114 101.626450
58.356189 -5.030331 -11.842150
58.356189 -5.030331 101.626450
33.534489 37.962114 -11.842150
33.534489 37.962114 101.626450
7.608844 -4.392968 -11.264028
7.608844 -4.392968 102.204572
-17.212856 38.599477 -11.264028
-17.212856 38.599477 102.204572
57.252244 -4.392968 -11.264028
57.252244 -4.392968 102.204572
32.430544 38.599477 -11.264028
32.430544 38.599477 102.204572
7.550389 -4.359219 -10.306353
7.550389 -4.359219 103.162247
-17.271311 38.633227 -10.306353
-17.271311 38.633227 103.162247
57.193789 -4.359219 -10.306353
57.193789 -4.359219 103.162247
32.372089 38.633227 -10.306353
32.372089 38.633227 103.162247
5.407283 -3.121896 -11.346860
5.407283 -3.121896 102.121740
-19.414417 39.870549 -11.346860
-19.414417 39.870549 102.121740
55.050683 -3.121896 -11.346860
55.050683 -3.121896 102.121740
30.228983 39.870549 -11.346860
30.228983 39.870549 102.121740
5.349200 -3.088362 -10.389185
5.349200 -3.088362 103.079415
-19.472500 39.904083 -10.389185
-19.472500 39.904083 103.079415
54.992600 -3.088362 -10.389185
54.992600 -3.088362 103.079415
30.170900 39.904083 -10.389185
30.170900 39.904083 103.079415
4.460832 -2.575462 -12.088377
4.460832 -2.575462 101.380223
-20.360868 40.416983 -12.088377
-20.360868 40.416983 101.380223
54.104232 -2.575462 -12.088377
54.104232 -2.575462 101.380223
29.282532 40.416983 -12.088377
29.282532 40.416983 101.380223
3.720649 -2.148118 -11.651523
3.720649 -2.148118 101.817077
-21.101051 40.844328 -11.651523
-21.101051 40.844328 101.817077
53.364049 -2.148118 -11.651523
53.364049 -2.148118 101.817077
28.542349 40.844328 -11.651523
28.542349 40.844328 101.817077
4.498809 -2.597389 -13.553257
4.498809 -2.597389 99.915343
-20.322891 40.395057 -13.553257
-20.322891 40.395057 99.915343
54.142209 -2.597389 -13.553257
54.142209 -2.597389 99.915343
29.320509 40.395057 -13.553257
29.320509 40.395057 99.915343
5.587489 -3.225938 -14.196057
5.587489 -3.225938 99.272543
-19.234211 39.766507 -14.196057
-19.234211 39.766507 99.272543
55.230889 -3.225938 -14.196057
55.230889 -3.225938 99.272543
30.409189 39.766507 -14.196057
30.409189 39.766507 99.272543
5.596052 -3.230882 -15.528745
5.596052 -3.230882 97.939855
-19.225648 39.761563 -15.528745
-19.225648 39.761563 97.939855
55.239452 -3.230882 -15.528745
55.239452 -3.230882 97.939855
30.417752 39.761563 -15.528745
30.417752 39.761563 97.939855
7.703787 -4.447783 -14.026988
7.703787 -4.447783 99.441612
-17.117913 38.544662 -14.026988
-17.117913 38.544662 99.441612
57.347187 -4.447783 -14.026988
57.347187 -4.447783 99.441612
32.525487 38.544662 -14.026988
32.525487 38.544662 99.441612
6.644893 -3.836431 -13.370005
6.644893 -3.836431 100.098595
-18.176807 39.156015 -13.370005
-18.176807 39.156015 100.098595
56.288293 -3.836431 -13.370005
56.288293 -3.836431 100.098595
31.466593 39.156015 -13.370005
31.466593 39.156015 100.098595
6.585321 -3.802037 -12.015190
6.585321 -3.802037 101.453410
-18.236379 39.190409 -12.015190
-18.236379 39.190409 101.453410
56.228721 -3.802037 -12.015190
56.228721 -3.802037 101.453410
31.407021 39.190409 -12.015190
31.407021 39.190409 101.453410
2.507612 -1.447771 -16.543722
2.507612 -1.447771 96.924878
-22.314088 41.544675 -16.543722
-22.314088 41.544675 96.924878
52.151012 -1.447771 -16.543722
52.151012 -1.447771 96.924878
27.329312 41.544675 -16.543722
27.329312 41.544675 96.924878
9.763864 -5.637169 -11.026879
9.763864 -5.637169 102.441721
-15.057836 37.355276 -11.026879
-15.057836 37.355276 102.441721
59.407264 -5.637169 -11.026879
59.407264 -5.637169 102.441721
34.585564 37.355276 -11.026879
34.585564 37.355276 102.441721
1.536463 30.895661 -1.476226
1.536463 30.895661 111.992374
-15.067765 35.570660 -7.420846
-15.067765 35.570660 106.047754
34.575635 35.570660 -7.420846
34.575635 35.570660 106.047754
3.546276 30.709074 -2.626798
3.546276 30.709074 110.841802
5.575823 31.880833 -4.036078
5.575823 31.880833 109.432522
-18.087200 32.549795 -4.812771
-18.087200 32.549795 108.655829
31.556200 32.549795 -4.812771
31.556200 32.549795 108.655829
-16.081111 33.708012 -6.258928
-16.081111 33.708012 107.209672
33.562289 33.708012 -6.258928
33.562289 33.708012 107.209672
2.404726 30.050000 -1.833085
2.404726 30.050000 111.635515
-14.955571 34.357843 -7.054910
-14.955571 34.357843 106.413690
34.687829 34.357843 -7.054910
34.687829 34.357843 106.413690
3.458283 32.049363 -2.956992
3.458283 32.049363 110.511608
2.686453 32.556029 -2.694312
2.686453 32.556029 110.774288
4.472002 32.661576 -3.661632
4.472002 32.661576 109.806968
-18.216770 33.893739 -5.146936
-18.216770 33.893739 108.321664
31.426630 33.893739 -5.146936
31.426630 33.893739 108.321664
-17.185180 34.453931 -5.853278
-17.185180 34.453931 107.615322
32.458220 34.453931 -5.853278
32.458220 34.453931 107.615322
-17.224522 35.387082 -6.075109
-17.224522 35.387082 107.393491
32.418878 35.387082 -6.075109
32.418878 35.387082 107.393491
4.409079 34.041848 -4.055368
4.409079 34.041848 109.413232
3.613295 34.547869 -3.876087
3.613295 34.547869 109.592513
-19.354721 34.648472 -4.683416
-19.354721 34.648472 108.785184
30.288679 34.648472 -4.683416
30.288679 34.648472 108.785184
-19.372220 35.598820 -4.817877
-19.372220 35.598820 108.650723
30.271180 35.598820 -4.817877
30.271180 35.598820 108.650723
-1.598145 27.738941 -0.406218
-1.598145 27.738941 113.062382
-12.410850 34.040559 -8.550994
-12.410850 34.040559 104.917606
37.232550 34.040559 -8.550994
37.232550 34.040559 104.917606
-12.410850 23.285568 -15.960493
-12.410850 23.285568 97.508107
37.232550 23.285568 -15.960493
37.232550 23.285568 97.508107
-12.410850 24.515582 95.660838
37.232550 24.515582 95.660838
-12.410850 32.589993 -9.819005
-12.410850 32.589993 103.649595
37.232550 32.589993 -9.819005
37.232550 32.589993 103.649595
-12.410850 33.856981 -11.607270
-12.410850 33.856981 101.861330
37.232550 33.856981 -11.607270
37.232550 33.856981 101.861330
-12.410850 25.533643 -14.339027
-12.410850 25.533643 99.129573
37.232550 25.533643 -14.339027
37.232550 25.533643 99.129573
-12.410850 24.673794 -13.911818
-12.410850 24.673794 99.556782
37.232550 24.673794 -13.911818
37.232550 24.673794 99.556782
-12.410850 25.603291 -15.677389
-12.410850 25.603291 97.791211
37.232550 25.603291 -15.677389
37.232550 25.603291 97.791211
-12.410850 26.847922 -16.289552
-12.410850 26.847922 97.179048
37.232550 26.847922 -16.289552
37.232550 26.847922 97.179048
-12.410850 26.916710 96.221373
37.232550 26.916710 96.221373
-12.410850 29.302791 -16.167006
-12.410850 29.302791 97.301594
37.232550 29.302791 -16.167006
37.232550 29.302791 97.301594
-12.410850 29.374158 -17.124114
-12.410850 29.374158 96.344486
37.232550 29.374158 -17.124114
37.232550 29.374158 96.344486
-12.410974 30.388565 -15.436836
-12.410974 30.388565 98.031764
37.232426 30.388565 -15.436836
37.232426 30.388565 98.031764
-12.410850 31.235301 -15.889008
-12.410850 31.235301 97.579592
37.232550 31.235301 -15.889008
37.232550 31.235301 97.579592
-12.410850 31.556025 -13.256537
-12.410850 31.556025 100.212063
37.232550 31.556025 -13.256537
37.232550 31.556025 100.212063
-12.410850 32.401686 -13.710978
-12.410850 32.401686 99.757622
37.232550 32.401686 -13.710978
37.232550 32.401686 99.757622
-12.410850 31.556885 -11.842150
-12.410850 31.556885 101.626450
37.232550 31.556885 -11.842150
37.232550 31.556885 101.626450
-12.410850 30.282159 -11.264028
-12.410850 30.282159 102.204572
37.232550 30.282159 -11.264028
37.232550 30.282159 102.204572
-12.410850 30.214661 -10.306353
-12.410850 30.214661 103.162247
37.232550 30.214661 -10.306353
37.232550 30.214661 103.162247
-12.410850 27.740016 -11.346860
-12.410850 27.740016 102.121740
37.232550 27.740016 -11.346860
37.232550 27.740016 102.121740
-12.410850 27.672947 -10.389185
-12.410850 27.672947 103.079415
37.232550 27.672947 -10.389185
37.232550 27.672947 103.079415
-12.410850 26.647148 -12.088377
-12.410850 26.647148 101.380223
37.232550 26.647148 -12.088377
37.232550 26.647148 101.380223
-12.410850 25.792458 -11.651523
-12.410850 25.792458 101.817077
37.232550 25.792458 -11.651523
37.232550 25.792458 101.817077
-12.410850 26.691000 -13.553257
-12.410850 26.691000 99.915343
37.232550 26.691000 -13.553257
37.232550 26.691000 99.915343
-12.410850 27.948099 -14.196057
-12.410850 27.948099 99.272543
37.232550 27.948099 -14.196057
37.232550 27.948099 99.272543
-12.410850 27.957987 -15.528745
-12.410850 27.957987 97.939855
37.232550 27.957987 -15.528745
37.232550 27.957987 97.939855
-12.410850 30.391790 -14.026988
-12.410850 30.391790 99.441612
37.232550 30.391790 -14.026988
37.232550 30.391790 99.441612
-12.410850 29.169085 -13.370005
-12.410850 29.169085 100.098595
37.232550 29.169085 -13.370005
37.232550 29.169085 100.098595
-12.410850 29.100297 -12.015190
-12.410850 29.100297 101.453410
37.232550 29.100297 -12.015190
37.232550 29.100297 101.453410
-12.410850 24.391764 -16.543722
-12.410850 24.391764 96.924878
37.232550 24.391764 -16.543722
37.232550 24.391764 96.924878
-12.410850 32.770562 -11.026879
-12.410850 32.770562 102.441721
37.232550 32.770562 -11.026879
37.232550 32.770562 102.441721
-2.702959 28.875231 -1.476226
-2.702959 28.875231 111.992374
-10.860363 33.654271 -7.420846
-10.860363 33.654271 106.047754
-3.546276 30.709074 -2.626798
-3.546276 30.709074 110.841802
-5.575823 31.880833 -4.036078
-5.575823 31.880833 109.432522
-6.734500 32.549795 -4.812771
-6.734500 32.549795 108.655829
-8.740589 33.708012 -6.258928
-8.740589 33.708012 107.209672
-2.404726 30.050000 -1.833085
-2.404726 30.050000 111.635515
-9.866129 34.357843 -7.054910
-9.866129 34.357843 106.413690
-4.663005 29.962725 -2.956992
-4.663005 29.962725 110.511608
-4.715875 29.040967 -2.694312
-4.715875 29.040967 110.774288
-5.700055 30.534525 -3.661632
-5.700055 30.534525 109.806968
-7.833604 31.765613 -5.146936
-7.833604 31.765613 108.321664
-8.834539 32.378901 -5.853278
-8.834539 32.378901 107.615322
-9.623001 31.878253 -6.075109
-9.623001 31.878253 107.393491
-6.863945 29.789895 -4.055368
-6.863945 29.789895 109.413232
-6.904280 28.847716 -3.876087
-6.904280 28.847716 109.592513
-7.918246 30.402753 -4.683416
-7.918246 30.402753 108.785184
-8.732522 29.912424 -4.817877
-8.732522 29.912424 108.650723
1.598145 27.738941 -0.406218
1.598145 27.738941 113.062382
13.957987 -6.272168 -8.550994
13.957987 -6.272168 104.917606
-10.863713 36.720278 -8.550994
-10.863713 36.720278 104.917606
23.272081 -0.894673 -15.960493
23.272081 -0.894673 97.508107
-1.549619 42.097773 -15.960493
-1.549619 42.097773 97.508107
22.206858 -1.509680 95.660838
-2.614842 41.482766 95.660838
15.214213 -5.546885 -9.819005
15.214213 -5.546885 103.649595
-9.607487 37.445560 -9.819005
-9.607487 37.445560 103.649595
14.116970 -6.180379 -11.607270
14.116970 -6.180379 101.861330
-10.704730 36.812067 -11.607270
-10.704730 36.812067 101.861330
21.325191 -2.018710 -14.339027
21.325191 -2.018710 99.129573
-3.496509 40.973735 -14.339027
-3.496509 40.973735 99.129573
22.069842 -1.588786 -13.911818
22.069842 -1.588786 99.556782
-2.751858 41.403660 -13.911818
-2.751858 41.403660 99.556782
21.264874 -2.053534 -15.677389
21.264874 -2.053534 97.791211
-3.556826 40.938911 -15.677389
-3.556826 40.938911 97.791211
20.186992 -2.675850 -16.289552
20.186992 -2.675850 97.179048
-4.634708 40.316596 -16.289552
-4.634708 40.316596 97.179048
20.127420 -2.710244 96.221373
-4.694280 40.282202 96.221373
18.061014 -3.903284 -16.167006
18.061014 -3.903284 97.301594
-6.760686 39.089161 -16.167006
-6.760686 39.089161 97.301594
17.999208 -3.938968 -17.124114
17.999208 -3.938968 96.344486
-6.822492 39.053478 -17.124114
-6.822492 39.053478 96.344486
17.120768 -4.446279 -15.436836
17.120768 -4.446279 98.031764
-7.700932 38.546167 -15.436836
-7.700932 38.546167 98.031764
16.387410 -4.869539 -15.889008
16.387410 -4.869539 97.579592
-8.434290 38.122906 -15.889008
-8.434290 38.122906 97.579592
16.109656 -5.029901 -13.256537
16.109656 -5.029901 100.212063
-8.712044 37.962544 -13.256537
-8.712044 37.962544 100.212063
15.377291 -5.452732 -13.710978
15.377291 -5.452732 99.757622
-9.444409 37.539714 -13.710978
-9.444409 37.539714 99.757622
16.108911 -5.030331 -11.842150
16.108911 -5.030331 101.626450
-8.712789 37.962114 -11.842150
-8.712789 37.962114 101.626450
17.212856 -4.392968 -11.264028
17.212856 -4.392968 102.204572
-7.608844 38.599477 -11.264028
-7.608844 38.599477 102.204572
17.271311 -4.359219 -10.306353
17.271311 -4.359219 103.162247
-7.550389 38.633227 -10.306353
-7.550389 38.633227 103.162247
19.414417 -3.121896 -11.346860
19.414417 -3.121896 102.121740
-5.407283 39.870549 -11.346860
-5.407283 39.870549 102.121740
19.472500 -3.088362 -10.389185
19.472500 -3.088362 103.079415
-5.349200 39.904083 -10.389185
-5.349200 39.904083 103.079415
20.360868 -2.575462 -12.088377
20.360868 -2.575462 101.380223
-4.460832 40.416983 -12.088377
-4.460832 40.416983 101.380223
21.101051 -2.148118 -11.651523
21.101051 -2.148118 101.817077
-3.720649 40.844328 -11.651523
-3.720649 40.844328 101.817077
20.322891 -2.597389 -13.553257
20.322891 -2.597389 99.915343
-4.498809 40.395057 -13.553257
-4.498809 40.395057 99.915343
19.234211 -3.225938 -14.196057
19.234211 -3.225938 99.272543
-5.587489 39.766507 -14.196057
-5.587489 39.766507 99.272543
19.225648 -3.230882 -15.528745
19.225648 -3.230882 97.939855
-5.596052 39.761563 -15.528745
-5.596052 39.761563 97.939855
17.117913 -4.447783 -14.026988
17.117913 -4.447783 99.441612
-7.703787 38.544662 -14.026988
-7.703787 38.544662 99.441612
18.176807 -3.836431 -13.370005
18.176807 -3.836431 100.098595
-6.644893 39.156015 -13.370005
-6.644893 39.156015 100.098595
18.236379 -3.802037 -12.015190
18.236379 -3.802037 101.453410
-6.585321 39.190409 -12.015190
-6.585321 39.190409 101.453410
22.314088 -1.447771 -16.543722
22.314088 -1.447771 96.924878
-2.507612 41.544675 -16.543722
-2.507612 41.544675 96.924878
15.057836 -5.637169 -11.026879
15.057836 -5.637169 102.441721
-9.763864 37.355276 -11.026879
-9.763864 37.355276 102.441721
1.166496 26.213999 -1.476226
1.166496 26.213999 111.992374
13.517277 -4.736263 -7.420846
13.517277 -4.736263 106.047754
-11.304423 38.256183 -7.420846
-11.304423 38.256183 106.047754
0.000000 24.566743 -2.626798
0.000000 24.566743 110.841802
-0.000000 22.223225 -4.036078
0.000000 22.223225 109.432522
12.410850 -0.610923 -4.812771
12.410850 -0.610923 108.655829
-12.410850 42.381523 -4.812771
-12.410850 42.381523 108.655829
12.410850 -2.927356 -6.258928
12.410850 -2.927356 107.209672
-12.410850 40.065090 -6.258928
-12.410850 40.065090 107.209672
0.000000 25.884892 -1.833085
0.000000 25.884892 111.635515
12.410850 -4.227017 -7.054910
12.410850 -4.227017 106.413690
-12.410850 38.765428 -7.054910
-12.410850 38.765428 106.413690
1.204721 23.972803 -2.956992
1.204721 23.972803 110.511608
2.029422 24.387895 -2.694312
2.029422 24.387895 110.774288
1.228054 22.788791 -3.661632
1.228054 22.788791 109.806968
13.639524 -1.170684 -5.146936
13.639524 -1.170684 108.321664
-11.182176 41.821761 -5.146936
-11.182176 41.821761 108.321664
13.608869 -2.344163 -5.853278
13.608869 -2.344163 107.615322
-11.212831 40.648282 -5.853278
-11.212831 40.648282 107.615322
14.436673 -2.776667 -6.075109
14.436673 -2.776667 107.393491
-10.385027 40.215778 -6.075109
-10.385027 40.215778 107.393491
2.454866 22.153147 -4.055368
2.454866 22.153147 109.413232
3.290985 22.589306 -3.876087
3.290985 22.589306 109.592513
14.862117 -0.562556 -4.683416
14.862117 -0.562556 108.785184
-9.959583 42.429889 -4.683416
-9.959583 42.429889 108.785184
15.693892 -1.022575 -4.817877
15.693892 -1.022575 108.650723
-9.127808 41.969870 -4.817877
-9.127808 41.969870 108.650723
-1.166496 26.213999 -1.476226
-1.166496 26.213999 111.992374
11.304423 -4.736263 -7.420846
11.304423 -4.736263 106.047754
-13.517277 38.256183 -7.420846
-13.517277 38.256183 106.047754
-1.204721 23.972803 -2.956992
-1.204721 23.972803 110.511608
-2.029422 24.387895 -2.694312
-2.029422 24.387895 110.774288
-1.228054 22.788791 -3.661632
-1.228054 22.788791 109.806968
11.182176 -1.170684 -5.146936
11.182176 -1.170684 108.321664
-13.639524 41.821761 -5.146936
-13.639524 41.821761 108.321664
11.212831 -2.344163 -5.853278
11.212831 -2.344163 107.615322
-13.608869 40.648282 -5.853278
-13.608869 40.648282 107.615322
10.385027 -2.776667 -6.075109
10.385027 -2.776667 107.393491
-14.436673 40.215778 -6.075109
-14.436673 40.215778 107.393491
-2.454866 22.153147 -4.055368
-2.454866 22.153147 109.413232
-3.290985 22.589306 -3.876087
-3.290985 22.589306 109.592513
9.959583 -0.562556 -4.683416
9.959583 -0.562556 108.785184
-14.862117 42.429889 -4.683416
-14.862117 42.429889 108.785184
9.127808 -1.022575 -4.817877
9.127808 -1.022575 108.650723
-15.693892 41.969870 -4.817877
-15.693892 41.969870 108.650723
2.702959 28.875231 -1.476226
2.702959 28.875231 111.992374
-13.961337 33.654271 -7.420846
-13.961337 33.654271 106.047754
35.682063 33.654271 -7.420846
35.682063 33.654271 106.047754
4.663005 29.962725 -2.956992
4.663005 29.962725 110.511608
4.715875 29.040967 -2.694312
4.715875 29.040967 110.774288
5.700055 30.534525 -3.661632
5.700055 30.534525 109.806968
-16.988096 31.765613 -5.146936
-16.988096 31.765613 108.321664
32.655304 31.765613 -5.146936
32.655304 31.765613 108.321664
-15.987161 32.378901 -5.853278
-15.987161 32.378901 107.615322
33.656239 32.378901 -5.853278
33.656239 32.378901 107.615322
-15.198699 31.878253 -6.075109
-15.198699 31.878253 107.393491
34.444701 31.878253 -6.075109
34.444701 31.878253 107.393491
6.863945 29.789895 -4.055368
6.863945 29.789895 109.413232
6.904280 28.847716 -3.876087
6.904280 28.847716 109.592513
-16.903454 30.402753 -4.683416
-16.903454 30.402753 108.785184
32.739946 30.402753 -4.683416
32.739946 30.402753 108.785184
-16.089178 29.912424 -4.817877
-16.089178 29.912424 108.650723
33.554222 29.912424 -4.817877
33.554222 29.912424 108.650723
-1.536463 30.895661 -1.476226
-1.536463 30.895661 111.992374
-9.753935 35.570660 -7.420846
-9.753935 35.570660 106.047754
-3.458283 32.049363 -2.956992
-3.458283 32.049363 110.511608
-2.686453 32.556029 -2.694312
-2.686453 32.556029 110.774288
-4.472002 32.661576 -3.661632
-4.472002 32.661576 109.806968
-6.604930 33.893739 -5.146936
-6.604930 33.893739 108.321664
-7.636520 34.453931 -5.853278
-7.636520 34.453931 107.615322
-7.597178 35.387082 -6.075109
-7.597178 35.387082 107.393491
-4.409079 34.041848 -4.055368
-4.409079 34.041848 109.413232
-3.613295 34.547869 -3.876087
-3.613295 34.547869 109.592513
-5.466979 34.648472 -4.683416
-5.466979 34.648472 108.785184
-5.449480 35.598820 -4.817877
-5.449480 35.598820 108.650723
-13.947313 33.593007 58.210526
35.696087 33.593007 58.210526
2.656915 28.918009 64.155146
-15.869133 32.439305 59.691292
33.774267 32.439305 59.691292
-15.097303 31.932639 59.428612
34.546097 31.932639 59.428612
-16.882852 31.827092 60.395932
32.760548 31.827092 60.395932
5.805920 30.594929 61.881236
4.774330 30.034737 62.587578
4.813672 29.101586 62.809409
-16.819929 30.446820 60.789668
32.823471 30.446820 60.789668
-16.024145 29.940799 60.610387
33.619255 29.940799 60.610387
6.943871 29.840197 61.417716
6.961370 28.889849 61.552177
-9.707891 35.613437 58.210526
-1.550487 30.834397 64.155146
-7.747845 34.525943 59.691292
-7.694975 35.447701 59.428612
-6.710795 33.954144 60.395932
-4.577246 32.723055 61.881236
-3.576311 32.109768 62.587578
-2.787849 32.610415 62.809409
-5.546905 34.698773 60.789668
-5.506570 35.640952 60.610387
-4.492604 34.085916 61.417716
-3.678328 34.576244 61.552177
11.244354 -4.717776 58.210526
-13.577346 38.274670 58.210526
-1.106427 26.232486 64.155146
11.206129 -2.476580 59.691292
-13.615571 40.515866 59.691292
10.381428 -2.891672 59.428612
-14.440272 40.100774 59.428612
11.182796 -1.292568 60.395932
-13.638904 41.699878 60.395932
-1.228674 22.666907 61.881236
-1.198019 23.840386 62.587578
-2.025823 24.272890 62.809409
9.955984 -0.656925 60.789668
-14.865716 42.335521 60.789668
9.119865 -1.093083 60.610387
-15.701835 41.899363 60.610387
-2.451267 22.058779 61.417716
-3.283042 22.518798 61.552177
-10.812705 22.418912 76.051951
38.830695 22.418912 76.051951
-10.863713 34.933798 84.196727
-12.410726 35.826966 86.918839
-12.410726 35.826966 84.895126
-1.549619 29.556303 91.606227
-2.614842 30.171310 93.453495
-9.607487 34.208516 85.464739
-10.704730 34.842009 87.253004
-3.496509 30.680341 89.984760
-2.751858 30.250416 89.557551
-3.556826 30.715165 91.323122
-4.634708 31.337480 91.935286
-4.694280 31.371874 92.892961
-6.760686 32.564914 91.812739
-6.822492 32.600598 92.769847
-7.700932 33.107909 91.082569
-8.434290 33.531170 91.534741
-8.712044 33.691532 88.902270
-9.444409 34.114362 89.356712
-8.712789 33.691961 87.487884
-7.608844 33.054598 86.909761
-7.550389 33.020849 85.952086
-5.407283 31.783527 86.992593
-5.349200 31.749993 86.034918
-4.460832 31.237093 87.734111
-3.720649 30.809748 87.297257
-4.498809 31.259019 89.198990
-5.587489 31.887569 89.841790
-5.596052 31.892513 91.174479
-7.703787 33.109414 89.672722
-6.644893 32.498061 89.015738
-6.585321 32.463667 87.660923
-2.507612 30.109401 92.189455
-9.763864 34.298800 86.672612
-11.244354 23.943854 77.121960
38.399046 23.943854 77.121960
-11.304423 33.397893 83.066580
-12.410850 25.591110 78.272531
37.232550 25.591110 78.272531
-12.410850 27.934628 79.681811
37.232550 27.934628 79.681811
-12.410850 29.272553 80.458504
37.232550 29.272553 80.458504
-12.410850 31.588986 81.904661
37.232550 31.588986 81.904661
-12.410850 24.272962 77.478819
37.232550 24.272962 77.478819
-12.410850 32.888648 82.700644
37.232550 32.888648 82.700644
-11.206129 26.185051 78.602725
38.437271 26.185051 78.602725
-10.381428 25.769958 78.340045
39.261972 25.769958 78.340045
-11.182796 27.369062 79.307365
38.460604 27.369062 79.307365
-11.182176 29.832315 80.792669
38.461224 29.832315 80.792669
-11.212831 31.005793 81.499011
38.430569 31.005793 81.499011
-10.385027 31.438297 81.720842
-9.955984 28.004706 79.701101
39.687416 28.004706 79.701101
-9.119865 27.568547 79.521821
40.523535 27.568547 79.521821
-9.959583 29.224187 80.329150
39.683817 29.224187 80.329150
-9.127808 29.684206 80.463610
10.812705 22.418912 76.051951
12.410850 -5.378928 84.196727
-12.410850 37.613517 84.196727
0.000000 26.872285 91.606227
0.000000 25.642271 93.453495
12.410850 -3.928363 85.464739
-12.410850 39.064082 85.464739
12.410850 -5.195350 87.253004
-12.410850 37.797095 87.253004
0.000000 24.624210 89.984760
0.000000 25.484059 89.557551
0.000000 24.554562 91.323122
0.000000 23.309931 91.935286
0.000000 23.241143 92.892961
12.410850 -0.641161 91.812739
-12.410850 42.351285 91.812739
12.410850 -0.712528 92.769847
-12.410850 42.279917 92.769847
12.410726 -1.726935 91.082569
-12.410974 41.265511 91.082569
12.410850 -2.573671 91.534741
-12.410850 40.418774 91.534741
12.410850 -2.894395 88.902270
-12.410850 40.098051 88.902270
12.410850 -3.740056 89.356712
-12.410850 39.252389 89.356712
12.410850 -2.895255 87.487884
-12.410850 40.097191 87.487884
12.410850 -1.620529 86.909761
-12.410850 41.371917 86.909761
12.410850 -1.553030 85.952086
-12.410850 41.439415 85.952086
0.000000 22.417837 86.992593
0.000000 22.484906 86.034918
0.000000 23.510705 87.734111
0.000000 24.365395 87.297257
0.000000 23.466853 89.198990
0.000000 22.209754 89.841790
0.000000 22.199866 91.174479
12.410850 -1.730159 89.672722
-12.410850 41.262286 89.672722
12.410850 -0.507454 89.015738
-12.410850 42.484991 89.015738
12.410850 -0.438666 87.660923
-12.410850 42.553779 87.660923
0.000000 25.766089 92.189455
12.410850 -4.108931 86.672612
-12.410850 38.883514 86.672612
22.118741 -0.213601 77.121960
-2.702959 42.778845 77.121960
13.961337 -4.992641 83.066580
-10.860363 37.999804 83.066580
21.275424 -2.047444 78.272531
-3.546276 40.945002 78.272531
19.245877 -3.219203 79.681811
-5.575823 39.773243 79.681811
18.087200 -3.888165 80.458504
-6.734500 39.104280 80.458504
16.081111 -5.046382 81.904661
-8.740589 37.946064 81.904661
22.416974 -1.388369 77.478819
-2.404726 41.604076 77.478819
14.955571 -5.696212 82.700644
-9.866129 37.296233 82.700644
20.158695 -1.301095 78.602725
-4.663005 41.691351 78.602725
20.105825 -0.379337 78.340045
-4.715875 42.613109 78.340045
19.121645 -1.872894 79.307365
-5.700055 41.119551 79.307365
16.988096 -3.103983 80.792669
-7.833604 39.888463 80.792669
15.987161 -3.717270 81.499011
-8.834539 39.275175 81.499011
15.198699 -3.216623 81.720842
-9.623001 39.775822 81.720842
17.957755 -1.128265 79.701101
-6.863945 41.864180 79.701101
17.917420 -0.186086 79.521821
-6.904280 42.806360 79.521821
16.903454 -1.741122 80.329150
-7.918246 41.251323 80.329150
16.089178 -1.250794 80.463610
-8.732522 41.741652 80.463610
-12.410726 21.496294 73.471675
37.232674 21.496294 73.471675
24.821700 -1.845379 76.051951
0.000000 41.147066 76.051951
-13.957987 34.933798 84.196727
35.685413 34.933798 84.196727
-12.410726 21.496294 75.392698
37.232674 21.496294 75.392698
1.549619 29.556303 91.606227
2.614842 30.171310 93.453495
-15.214213 34.208516 85.464739
34.429187 34.208516 85.464739
-14.116970 34.842009 87.253004
35.526430 34.842009 87.253004
3.496509 30.680341 89.984760
2.751858 30.250416 89.557551
3.556826 30.715165 91.323122
4.634708 31.337480 91.935286
4.694280 31.371874 92.892961
-18.061014 32.564914 91.812739
31.582386 32.564914 91.812739
-17.999208 32.600598 92.769847
31.644192 32.600598 92.769847
-17.120643 33.107694 91.082569
32.522757 33.107694 91.082569
-16.387410 33.531170 91.534741
33.255990 33.531170 91.534741
-16.109656 33.691532 88.902270
33.533744 33.691532 88.902270
-15.377291 34.114362 89.356712
34.266109 34.114362 89.356712
-16.108911 33.691961 87.487884
33.534489 33.691961 87.487884
-17.212856 33.054598 86.909761
32.430544 33.054598 86.909761
-17.271311 33.020849 85.952086
32.372089 33.020849 85.952086
5.407283 31.783527 86.992593
5.349200 31.749993 86.034918
4.460832 31.237093 87.734111
3.720649 30.809748 87.297257
4.498809 31.259019 89.198990
5.587489 31.887569 89.841790
5.596052 31.892513 91.174479
-17.117913 33.109414 89.672722
32.525487 33.109414 89.672722
-18.176807 32.498061 89.015738
31.466593 32.498061 89.015738
-18.236379 32.463667 87.660923
31.407021 32.463667 87.660923
2.507612 30.109401 92.189455
-15.057836 34.298800 86.672612
34.585564 34.298800 86.672612
1.536463 -2.234031 77.121960
-23.285237 40.758415 77.121960
51.179863 -2.234031 77.121960
26.358163 40.758415 77.121960
-15.067765 36.083416 83.066580
34.575635 36.083416 83.066580
3.546276 -2.047444 78.272531
-21.275424 40.945002 78.272531
53.189676 -2.047444 78.272531
28.367976 40.945002 78.272531
5.575823 -3.219203 79.681811
-19.245877 39.773243 79.681811
55.219223 -3.219203 79.681811
30.397523 39.773243 79.681811
6.734500 -3.888165 80.458504
-18.087200 39.104280 80.458504
56.377900 -3.888165 80.458504
31.556200 39.104280 80.458504
8.740589 -5.046382 81.904661
-16.081111 37.946064 81.904661
58.383989 -5.046382 81.904661
33.562289 37.946064 81.904661
2.404726 -1.388369 77.478819
-22.416974 41.604076 77.478819
52.048126 -1.388369 77.478819
27.226426 41.604076 77.478819
9.866129 -5.696212 82.700644
-14.955571 37.296233 82.700644
59.509529 -5.696212 82.700644
34.687829 37.296233 82.700644
3.458283 -3.387733 78.602725
-21.363417 39.604712 78.602725
53.101683 -3.387733 78.602725
28.279983 39.604712 78.602725
2.686453 -3.894399 78.340045
-22.135247 39.098047 78.340045
52.329853 -3.894399 78.340045
27.508153 39.098047 78.340045
4.472002 -3.999945 79.307365
-20.349698 38.992500 79.307365
54.115402 -3.999945 79.307365
29.293702 38.992500 79.307365
6.604930 -5.232109 80.792669
-18.216770 37.760337 80.792669
56.248330 -5.232109 80.792669
31.426630 37.760337 80.792669
7.636520 -5.792301 81.499011
-17.185180 37.200145 81.499011
57.279920 -5.792301 81.499011
32.458220 37.200145 81.499011
-17.224522 36.266994 81.720842
32.418878 36.266994 81.720842
4.409079 -5.380218 79.701101
-20.412621 37.612228 79.701101
54.052479 -5.380218 79.701101
29.230779 37.612228 79.701101
3.613295 -5.886239 79.521821
-21.208405 37.106207 79.521821
53.256695 -5.886239 79.521821
28.434995 37.106207 79.521821
5.466979 -5.986841 80.329150
-19.354721 37.005604 80.329150
55.110379 -5.986841 80.329150
30.288679 37.005604 80.329150
-19.372220 36.055256 80.463610
30.271180 36.055256 80.463610
-12.410726 35.826966 77.819792
12.410850 -5.320029 75.239516
-12.410850 37.672417 75.239516
10.863713 22.389462 67.094740
-12.410726 35.826966 75.898768
1.549619 27.766958 59.685240
2.614842 27.151951 57.837971
9.607487 23.114745 65.826728
10.704730 22.481251 64.038463
3.496509 26.642920 61.306706
2.751858 27.072845 61.733916
3.556826 26.608096 59.968344
4.634708 25.985781 59.356181
4.694280 25.951387 58.398506
6.760686 24.758346 59.478727
6.822492 24.722662 58.521620
7.701057 24.215567 60.208898
8.434290 23.792091 59.756725
8.712044 23.631729 62.389197
9.444409 23.208898 61.934755
8.712789 23.631299 63.803583
7.608844 24.268662 64.381705
7.550389 24.302411 65.339380
5.407283 25.539734 64.298873
5.349200 25.573268 65.256548
4.460832 26.086168 63.557356
3.720649 26.513513 63.994210
4.498809 26.064242 62.092476
5.587489 25.435692 61.449677
5.596052 25.430748 60.116988
7.703787 24.213847 61.618745
6.644893 24.825199 62.275728
6.585321 24.859593 63.630543
2.507612 27.213860 59.102011
9.763864 23.024461 64.618855
13.947313 -4.931377 74.169507
-10.874387 38.061069 74.169507
22.164785 -0.256378 68.224887
-2.656915 42.736067 68.224887
15.957126 -5.117964 73.018935
-8.864574 37.874482 73.018935
17.986673 -3.946205 71.609655
-6.835027 39.046241 71.609655
19.145350 -3.277242 70.832963
-5.676350 39.715203 70.832963
21.151439 -2.119026 69.386805
-3.670261 40.873420 69.386805
14.815576 -5.777038 73.812648
-10.006124 37.215407 73.812648
22.276979 -1.469195 68.590823
-2.544721 41.523250 68.590823
15.869133 -3.777675 72.688742
-8.952567 39.214771 72.688742
15.097303 -3.271009 72.951421
-9.724397 39.721437 72.951421
16.882852 -3.165462 71.984102
-7.938848 39.826983 71.984102
19.015780 -1.933299 70.498798
-5.805920 41.059147 70.498798
20.047370 -1.373107 69.792456
-4.774330 41.619338 69.792456
20.008028 -0.439956 69.570624
-4.813672 42.552490 69.570624
16.819929 -1.785190 71.590366
-8.001771 41.207256 71.590366
16.024145 -1.279169 71.769646
-8.797555 41.713277 71.769646
17.877829 -1.178566 70.962317
-6.943871 41.813879 70.962317
17.860330 -0.228218 70.827857
-6.961370 42.764227 70.827857
-14.008995 34.904348 75.239516
35.634405 34.904348 75.239516
24.821700 -1.786479 67.094740
0.000000 41.205966 67.094740
0.000000 30.450976 59.685240
0.000000 31.680990 57.837971
24.821700 -3.237045 65.826728
0.000000 39.755401 65.826728
24.821700 -1.970057 64.038463
0.000000 41.022388 64.038463
0.000000 32.699051 61.306706
0.000000 31.839202 61.733916
0.000000 32.768699 59.968344
0.000000 34.013330 59.356181
0.000000 34.082118 58.398506
0.000000 36.468199 59.478727
24.821700 -6.452879 58.521620
0.000000 36.539566 58.521620
24.821576 -5.438473 60.208898
-0.000124 37.553973 60.208898
24.821700 -4.591736 59.756725
0.000000 38.400709 59.756725
24.821700 -4.271013 62.389197
0.000000 38.721433 62.389197
24.821700 -3.425351 61.934755
0.000000 39.567094 61.934755
24.821700 -4.270153 63.803583
0.000000 38.722293 63.803583
24.821700 -5.544879 64.381705
0.000000 37.447567 64.381705
24.821700 -5.612377 65.339380
0.000000 37.380068 65.339380
0.000000 34.905423 64.298873
0.000000 34.838355 65.256548
0.000000 33.812555 63.557356
0.000000 32.957865 63.994210
0.000000 33.856408 62.092476
0.000000 35.113507 61.449677
0.000000 35.123395 60.116988
24.821700 -5.435248 61.618745
0.000000 37.557197 61.618745
0.000000 36.334492 62.275728
0.000000 36.265704 63.630543
0.000000 31.557172 59.102011
24.821700 -3.056476 64.618855
0.000000 39.935969 64.618855
-15.113809 36.040639 74.169507
34.529591 36.040639 74.169507
1.550487 -2.172767 68.224887
-23.271213 40.819679 68.224887
51.193887 -2.172767 68.224887
26.372187 40.819679 68.224887
8.864574 -5.117964 73.018935
-15.957126 37.874482 73.018935
58.507974 -5.117964 73.018935
33.686274 37.874482 73.018935
6.835027 -3.946205 71.609655
-17.986673 39.046241 71.609655
56.478427 -3.946205 71.609655
31.656727 39.046241 71.609655
5.676350 -3.277242 70.832963
-19.145350 39.715203 70.832963
55.319750 -3.277242 70.832963
30.498050 39.715203 70.832963
3.670261 -2.119026 69.386805
-21.151439 40.873420 69.386805
53.313661 -2.119026 69.386805
28.491961 40.873420 69.386805
10.006124 -5.777038 73.812648
-14.815576 37.215407 73.812648
59.649524 -5.777038 73.812648
34.827824 37.215407 73.812648
2.544721 -1.469195 68.590823
-22.276979 41.523250 68.590823
52.188121 -1.469195 68.590823
27.366421 41.523250 68.590823
7.747845 -5.864313 72.688742
-17.073855 37.128133 72.688742
57.391245 -5.864313 72.688742
32.569545 37.128133 72.688742
-17.126725 36.206375 72.951421
32.516675 36.206375 72.951421
6.710795 -5.292513 71.984102
-18.110905 37.699932 71.984102
56.354195 -5.292513 71.984102
31.532495 37.699932 71.984102
4.577246 -4.061425 70.498798
-20.244454 38.931021 70.498798
54.220646 -4.061425 70.498798
29.398946 38.931021 70.498798
3.576311 -3.448137 69.792456
-21.245389 39.544308 69.792456
53.219711 -3.448137 69.792456
28.398011 39.544308 69.792456
2.787849 -3.948784 69.570624
-22.033851 39.043661 69.570624
52.431249 -3.948784 69.570624
27.609549 39.043661 69.570624
5.546905 -6.037143 71.590366
-19.274795 36.955303 71.590366
55.190305 -6.037143 71.590366
30.368605 36.955303 71.590366
-19.315130 36.013124 71.769646
30.328270 36.013124 71.769646
4.492604 -5.424285 70.962317
-20.329096 37.568160 70.962317
54.136004 -5.424285 70.962317
29.314304 37.568160 70.962317
3.678328 -5.914614 70.827857
-21.143372 37.077831 70.827857
53.321728 -5.914614 70.827857
28.500028 37.077831 70.827857
-10.812705 34.904348 75.239516
-10.863713 22.389462 67.094740
38.779687 22.389462 67.094740
-12.410726 21.496294 64.372628
37.232674 21.496294 64.372628
-12.410726 21.496294 66.396340
37.232674 21.496294 66.396340
-1.549619 27.766958 59.685240
-2.614842 27.151951 57.837971
-9.607487 23.114745 65.826728
40.035913 23.114745 65.826728
-10.704730 22.481251 64.038463
38.938670 22.481251 64.038463
-3.496509 26.642920 61.306706
-2.751858 27.072845 61.733916
-3.556826 26.608096 59.968344
-4.634708 25.985781 59.356181
-4.694280 25.951387 58.398506
-6.760686 24.758346 59.478727
-6.822492 24.722662 58.521620
42.820908 24.722662 58.521620
-7.700932 24.215352 60.208898
41.942468 24.215352 60.208898
-8.434290 23.792091 59.756725
41.209110 23.792091 59.756725
-8.712044 23.631729 62.389197
40.931356 23.631729 62.389197
-9.444409 23.208898 61.934755
40.198991 23.208898 61.934755
-8.712789 23.631299 63.803583
40.930611 23.631299 63.803583
-7.608844 24.268662 64.381705
42.034556 24.268662 64.381705
-7.550389 24.302411 65.339380
42.093011 24.302411 65.339380
-5.407283 25.539734 64.298873
-5.349200 25.573268 65.256548
-4.460832 26.086168 63.557356
-3.720649 26.513513 63.994210
-4.498809 26.064242 62.092476
-5.587489 25.435692 61.449677
-5.596052 25.430748 60.116988
-7.703787 24.213847 61.618745
41.939613 24.213847 61.618745
-6.644893 24.825199 62.275728
-6.585321 24.859593 63.630543
-2.507612 27.213860 59.102011
-9.763864 23.024461 64.618855
39.879536 23.024461 64.618855
-11.244354 33.379406 74.169507
-11.304423 23.925368 68.224887
38.338977 23.925368 68.224887
-12.410850 31.732151 73.018935
37.232550 31.732151 73.018935
-12.410850 29.388633 71.609655
37.232550 29.388633 71.609655
-12.410850 28.050708 70.832963
37.232550 28.050708 70.832963
-12.410850 25.734275 69.386805
37.232550 25.734275 69.386805
-12.410850 33.050299 73.812648
37.232550 33.050299 73.812648
-12.410850 24.434613 68.590823
37.232550 24.434613 68.590823
-11.206129 31.138210 72.688742
38.437271 31.138210 72.688742
-10.381428 31.553302 72.951421
-11.182796 29.954198 71.984102
38.460604 29.954198 71.984102
-11.182176 27.490946 70.498798
38.461224 27.490946 70.498798
-11.212831 26.317467 69.792456
38.430569 26.317467 69.792456
-10.385027 25.884963 69.570624
39.258373 25.884963 69.570624
-9.955984 29.318555 71.590366
39.687416 29.318555 71.590366
-9.119865 29.754713 71.769646
-9.959583 28.099074 70.962317
39.683817 28.099074 70.962317
-9.127808 27.639055 70.827857
40.515592 27.639055 70.827857
-13.577346 33.379406 74.169507
36.066054 33.379406 74.169507
-13.517277 23.925368 68.224887
36.126123 23.925368 68.224887
-13.615571 31.138210 72.688742
36.027829 31.138210 72.688742
-14.440272 31.553302 72.951421
35.203128 31.553302 72.951421
-13.638904 29.954198 71.984102
36.004496 29.954198 71.984102
-13.639524 27.490946 70.498798
36.003876 27.490946 70.498798
-13.608869 26.317467 69.792456
36.034531 26.317467 69.792456
-14.436673 25.884963 69.570624
35.206727 25.884963 69.570624
-14.865716 29.318555 71.590366
34.777684 29.318555 71.590366
-15.701835 29.754713 71.769646
33.941565 29.754713 71.769646
-14.862117 28.099074 70.962317
34.781283 28.099074 70.962317
-15.693892 27.639055 70.827857
33.949508 27.639055 70.827857
-9.707891 36.040639 74.169507
23.271213 -2.172767 68.224887
-1.550487 40.819679 68.224887
17.073855 -5.864313 72.688742
-7.747845 37.128133 72.688742
-7.694975 36.206375 72.951421
18.110905 -5.292513 71.984102
-6.710795 37.699932 71.984102
20.244454 -4.061425 70.498798
-4.577246 38.931021 70.498798
21.245389 -3.448137 69.792456
-3.576311 39.544308 69.792456
22.033851 -3.948784 69.570624
-2.787849 39.043661 69.570624
19.274795 -6.037143 71.590366
-5.546905 36.955303 71.590366
-5.506570 36.013124 71.769646
20.329096 -5.424285 70.962317
-4.492604 37.568160 70.962317
21.143372 -5.914614 70.827857
-3.678328 37.077831 70.827857
10.874387 -4.931377 74.169507
-13.947313 38.061069 74.169507
2.656915 -0.256378 68.224887
-22.164785 42.736067 68.224887
52.300315 -0.256378 68.224887
27.478615 42.736067 68.224887
8.952567 -3.777675 72.688742
-15.869133 39.214771 72.688742
58.595967 -3.777675 72.688742
33.774267 39.214771 72.688742
9.724397 -3.271009 72.951421
-15.097303 39.721437 72.951421
7.938848 -3.165462 71.984102
-16.882852 39.826983 71.984102
57.582248 -3.165462 71.984102
32.760548 39.826983 71.984102
5.805920 -1.933299 70.498798
-19.015780 41.059147 70.498798
55.449320 -1.933299 70.498798
30.627620 41.059147 70.498798
4.774330 -1.373107 69.792456
-20.047370 41.619338 69.792456
54.417730 -1.373107 69.792456
29.596030 41.619338 69.792456
4.813672 -0.439956 69.570624
-20.008028 42.552490 69.570624
54.457072 -0.439956 69.570624
29.635372 42.552490 69.570624
8.001771 -1.785190 71.590366
-16.819929 41.207256 71.590366
57.645171 -1.785190 71.590366
32.823471 41.207256 71.590366
8.797555 -1.279169 71.769646
-16.024145 41.713277 71.769646
6.943871 -1.178566 70.962317
-17.877829 41.813879 70.962317
56.587271 -1.178566 70.962317
31.765571 41.813879 70.962317
6.961370 -0.228218 70.827857
-17.860330 42.764227 70.827857
56.604770 -0.228218 70.827857
31.783070 42.764227 70.827857
23.285237 -2.234031 77.121960
-1.536463 40.758415 77.121960
-9.753935 36.083416 83.066580
21.363417 -3.387733 78.602725
-3.458283 39.604712 78.602725
22.135247 -3.894399 78.340045
-2.686453 39.098047 78.340045
20.349698 -3.999945 79.307365
-4.472002 38.992500 79.307365
18.216770 -5.232109 80.792669
-6.604930 37.760337 80.792669
17.185180 -5.792301 81.499011
-7.636520 37.200145 81.499011
-7.597178 36.266994 81.720842
20.412621 -5.380218 79.701101
-4.409079 37.612228 79.701101
21.208405 -5.886239 79.521821
-3.613295 37.106207 79.521821
19.354721 -5.986841 80.329150
-5.466979 37.005604 80.329150
-5.449480 36.055256 80.463610
2.702959 -0.213601 77.121960
-22.118741 42.778845 77.121960
52.346359 -0.213601 77.121960
27.524659 42.778845 77.121960
10.860363 -4.992641 83.066580
-13.961337 37.999804 83.066580
4.663005 -1.301095 78.602725
-20.158695 41.691351 78.602725
54.306405 -1.301095 78.602725
29.484705 41.691351 78.602725
4.715875 -0.379337 78.340045
-20.105825 42.613109 78.340045
54.359275 -0.379337 78.340045
29.537575 42.613109 78.340045
5.700055 -1.872894 79.307365
-19.121645 41.119551 79.307365
55.343455 -1.872894 79.307365
30.521755 41.119551 79.307365
7.833604 -3.103983 80.792669
-16.988096 39.888463 80.792669
57.477004 -3.103983 80.792669
32.655304 39.888463 80.792669
8.834539 -3.717270 81.499011
-15.987161 39.275175 81.499011
58.477939 -3.717270 81.499011
33.656239 39.275175 81.499011
9.623001 -3.216623 81.720842
-15.198699 39.775822 81.720842
6.863945 -1.128265 79.701101
-17.957755 41.864180 79.701101
56.507345 -1.128265 79.701101
31.685645 41.864180 79.701101
6.904280 -0.186086 79.521821
-17.917420 42.806360 79.521821
56.547680 -0.186086 79.521821
31.725980 42.806360 79.521821
7.918246 -1.741122 80.329150
-16.903454 41.251323 80.329150
57.561646 -1.741122 80.329150
32.739946 41.251323 80.329150
8.732522 -1.250794 80.463610
-16.089178 41.741652 80.463610
-13.577346 23.943854 77.121960
36.066054 23.943854 77.121960
-13.517277 33.397893 83.066580
36.126123 33.397893 83.066580
-13.615571 26.185051 78.602725
36.027829 26.185051 78.602725
-14.440272 25.769958 78.340045
35.203128 25.769958 78.340045
-13.638904 27.369062 79.307365
36.004496 27.369062 79.307365
-13.639524 29.832315 80.792669
36.003876 29.832315 80.792669
-13.608869 31.005793 81.499011
36.034531 31.005793 81.499011
-14.436673 31.438297 81.720842
35.206727 31.438297 81.720842
-14.865716 28.004706 79.701101
34.777684 28.004706 79.701101
-15.701835 27.568547 79.521821
33.941565 27.568547 79.521821
-14.862117 29.224187 80.329150
34.781283 29.224187 80.329150
-15.693892 29.684206 80.463610
33.949508 29.684206 80.463610
-0.000124 28.661702 92.383108
1.598145 29.584320 94.963384
1.547137 -0.893240 -10.360440
1.547137 -0.893240 103.108160
-23.274563 42.099206 -10.360440
-23.274563 42.099206 103.108160
51.190537 -0.893240 -10.360440
51.190537 -0.893240 103.108160
26.368837 42.099206 -10.360440
26.368837 42.099206 103.108160
-0.000124 28.661702 94.304132
10.861231 -6.270735 -2.950940
10.861231 -6.270735 110.517660
-13.960469 36.721711 -2.950940
-13.960469 36.721711 110.517660
60.504631 -6.270735 -2.950940
60.504631 -6.270735 110.517660
35.682931 36.721711 -2.950940
35.682931 36.721711 110.517660
9.796008 -5.655728 -1.103671
9.796008 -5.655728 112.364929
-15.025692 37.336718 -1.103671
-15.025692 37.336718 112.364929
59.439408 -5.655728 -1.103671
59.439408 -5.655728 112.364929
34.617708 37.336718 -1.103671
34.617708 37.336718 112.364929
2.803363 -1.618522 -9.092428
2.803363 -1.618522 104.376172
-22.018337 41.373923 -9.092428
-22.018337 41.373923 104.376172
52.446763 -1.618522 -9.092428
52.446763 -1.618522 104.376172
27.625063 41.373923 -9.092428
27.625063 41.373923 104.376172
1.706120 -0.985029 -7.304163
1.706120 -0.985029 106.164437
-23.115580 42.007417 -7.304163
-23.115580 42.007417 106.164437
51.349520 -0.985029 -7.304163
51.349520 -0.985029 106.164437
26.527820 42.007417 -7.304163
26.527820 42.007417 106.164437
8.914341 -5.146697 -4.572406
8.914341 -5.146697 108.896194
-15.907359 37.845748 -4.572406
-15.907359 37.845748 108.896194
58.557741 -5.146697 -4.572406
58.557741 -5.146697 108.896194
33.736041 37.845748 -4.572406
33.736041 37.845748 108.896194
9.658992 -5.576622 -4.999616
9.658992 -5.576622 108.468984
-15.162708 37.415824 -4.999616
-15.162708 37.415824 108.468984
59.302392 -5.576622 -4.999616
59.302392 -5.576622 108.468984
34.480692 37.415824 -4.999616
34.480692 37.415824 108.468984
8.854024 -5.111873 -3.234044
8.854024 -5.111873 110.234556
-15.967676 37.880572 -3.234044
-15.967676 37.880572 110.234556
58.497424 -5.111873 -3.234044
58.497424 -5.111873 110.234556
33.675724 37.880572 -3.234044
33.675724 37.880572 110.234556
7.776142 -4.489558 -2.621881
7.776142 -4.489558 110.846719
-17.045558 38.502888 -2.621881
-17.045558 38.502888 110.846719
57.419542 -4.489558 -2.621881
57.419542 -4.489558 110.846719
32.597842 38.502888 -2.621881
32.597842 38.502888 110.846719
7.716570 -4.455164 -1.664206
7.716570 -4.455164 111.804394
-17.105130 38.537282 -1.664206
-17.105130 38.537282 111.804394
57.359970 -4.455164 -1.664206
57.359970 -4.455164 111.804394
32.538270 38.537282 -1.664206
32.538270 38.537282 111.804394
5.650164 -3.262123 -2.744427
5.650164 -3.262123 110.724173
-19.171536 39.730322 -2.744427
-19.171536 39.730322 110.724173
55.293564 -3.262123 -2.744427
55.293564 -3.262123 110.724173
30.471864 39.730322 -2.744427
30.471864 39.730322 110.724173
5.588358 -3.226440 -1.787320
5.588358 -3.226440 111.681280
-19.233342 39.766006 -1.787320
-19.233342 39.766006 111.681280
55.231758 -3.226440 -1.787320
55.231758 -3.226440 111.681280
30.410058 39.766006 -1.787320
30.410058 39.766006 111.681280
4.709918 -2.719129 -3.474598
4.709918 -2.719129 109.994002
-20.111782 40.273317 -3.474598
-20.111782 40.273317 109.994002
54.353318 -2.719129 -3.474598
54.353318 -2.719129 109.994002
29.531618 40.273317 -3.474598
29.531618 40.273317 109.994002
3.976560 -2.295868 -3.022425
3.976560 -2.295868 110.446175
-20.845140 40.696577 -3.022425
-20.845140 40.696577 110.446175
53.619960 -2.295868 -3.022425
53.619960 -2.295868 110.446175
28.798260 40.696577 -3.022425
28.798260 40.696577 110.446175
3.698806 -2.135506 -5.654897
3.698806 -2.135506 107.813703
-21.122894 40.856939 -5.654897
-21.122894 40.856939 107.813703
53.342206 -2.135506 -5.654897
53.342206 -2.135506 107.813703
28.520506 40.856939 -5.654897
28.520506 40.856939 107.813703
2.966441 -1.712676 -5.200455
2.966441 -1.712676 108.268145
-21.855259 41.279770 -5.200455
-21.855259 41.279770 108.268145
52.609841 -1.712676 -5.200455
52.609841 -1.712676 108.268145
27.788141 41.279770 -5.200455
27.788141 41.279770 108.268145
3.698061 -2.135076 -7.069283
3.698061 -2.135076 106.399317
-21.123639 40.857369 -7.069283
-21.123639 40.857369 106.399317
53.341461 -2.135076 -7.069283
53.341461 -2.135076 106.399317
28.519761 40.857369 -7.069283
28.519761 40.857369 106.399317
4.802006 -2.772440 -7.647405
4.802006 -2.772440 105.821195
-20.019694 40.220006 -7.647405
-20.019694 40.220006 105.821195
54.445406 -2.772440 -7.647405
54.445406 -2.772440 105.821195
29.623706 40.220006 -7.647405
29.623706 40.220006 105.821195
4.860461 -2.806189 -8.605080
4.860461 -2.806189 104.863520
-19.961239 40.186257 -8.605080
-19.961239 40.186257 104.863520
54.503861 -2.806189 -8.605080
54.503861 -2.806189 104.863520
29.682161 40.186257 -8.605080
29.682161 40.186257 104.863520
7.003567 -4.043511 -7.564573
7.003567 -4.043511 105.904027
-17.818133 38.948934 -7.564573
-17.818133 38.948934 105.904027
56.646967 -4.043511 -7.564573
56.646967 -4.043511 105.904027
31.825267 38.948934 -7.564573
31.825267 38.948934 105.904027
7.061650 -4.077045 -8.522248
7.061650 -4.077045 104.946352
-17.760050 38.915400 -8.522248
-17.760050 38.915400 104.946352
56.705050 -4.077045 -8.522248
56.705050 -4.077045 104.946352
31.883350 38.915400 -8.522248
31.883350 38.915400 104.946352
7.950018 -4.589945 -6.823056
7.950018 -4.589945 106.645544
-16.871682 38.402500 -6.823056
-16.871682 38.402500 106.645544
57.593418 -4.589945 -6.823056
57.593418 -4.589945 106.645544
32.771718 38.402500 -6.823056
32.771718 38.402500 106.645544
8.690201 -5.017290 -7.259910
8.690201 -5.017290 106.208690
-16.131499 37.975155 -7.259910
-16.131499 37.975155 106.208690
58.333601 -5.017290 -7.259910
58.333601 -5.017290 106.208690
33.511901 37.975155 -7.259910
33.511901 37.975155 106.208690
7.912041 -4.568019 -5.358176
7.912041 -4.568019 108.110424
-16.909659 38.424427 -5.358176
-16.909659 38.424427 108.110424
57.555441 -4.568019 -5.358176
57.555441 -4.568019 108.110424
32.733741 38.424427 -5.358176
32.733741 38.424427 108.110424
6.823361 -3.939469 -4.715377
6.823361 -3.939469 108.753223
-17.998339 39.052976 -4.715377
-17.998339 39.052976 108.753223
56.466761 -3.939469 -4.715377
56.466761 -3.939469 108.753223
31.645061 39.052976 -4.715377
31.645061 39.052976 108.753223
6.814798 -3.934525 -3.382688
6.814798 -3.934525 110.085912
-18.006902 39.057920 -3.382688
-18.006902 39.057920 110.085912
56.458198 -3.934525 -3.382688
56.458198 -3.934525 110.085912
31.636498 39.057920 -3.382688
31.636498 39.057920 110.085912
4.707063 -2.717624 -4.884445
4.707063 -2.717624 108.584155
-20.114637 40.274821 -4.884445
-20.114637 40.274821 108.584155
54.350463 -2.717624 -4.884445
54.350463 -2.717624 108.584155
29.528763 40.274821 -4.884445
29.528763 40.274821 108.584155
5.765957 -3.328977 -5.541428
5.765957 -3.328977 107.927172
-19.055743 39.663469 -5.541428
-19.055743 39.663469 107.927172
55.409357 -3.328977 -5.541428
55.409357 -3.328977 107.927172
30.587657 39.663469 -5.541428
30.587657 39.663469 107.927172
5.825529 -3.363371 -6.896243
5.825529 -3.363371 106.572357
-18.996171 39.629075 -6.896243
-18.996171 39.629075 106.572357
55.468929 -3.363371 -6.896243
55.468929 -3.363371 106.572357
30.647229 39.629075 -6.896243
30.647229 39.629075 106.572357
9.903238 -5.717637 -2.367711
9.903238 -5.717637 111.100889
-14.918462 37.274809 -2.367711
-14.918462 37.274809 111.100889
59.546638 -5.717637 -2.367711
59.546638 -5.717637 111.100889
34.724938 37.274809 -2.367711
34.724938 37.274809 111.100889
2.646986 -1.528238 -7.884555
2.646986 -1.528238 105.584045
-22.174714 41.464207 -7.884555
-22.174714 41.464207 105.584045
52.290386 -1.528238 -7.884555
52.290386 -1.528238 105.584045
27.468686 41.464207 -7.884555
27.468686 41.464207 105.584045
1.166496 31.109262 96.033393
25.928127 -2.429145 -11.490587
25.928127 -2.429145 101.978013
1.106427 40.563301 -11.490587
1.106427 40.563301 101.978013
0.000000 32.756517 -16.284635
0.000000 32.756517 97.183965
0.000000 35.100036 -14.875355
0.000000 35.100036 98.593245
0.000000 36.437961 -14.098663
0.000000 36.437961 99.369937
24.821700 -4.238052 -12.652505
24.821700 -4.238052 100.816095
0.000000 38.754394 -12.652505
0.000000 38.754394 100.816095
0.000000 31.438369 -17.078348
0.000000 31.438369 96.390252
24.821700 -2.938390 -11.856523
24.821700 -2.938390 101.612077
0.000000 40.054055 -11.856523
0.000000 40.054055 101.612077
1.204721 33.350458 -15.954442
1.204721 33.350458 97.514158
2.029422 32.935366 -16.217121
2.029422 32.935366 97.251479
1.228054 34.534470 -15.249802
1.228054 34.534470 98.218798
26.050374 -5.994723 -13.764498
26.050374 -5.994723 99.704102
1.228674 36.997722 -13.764498
1.228674 36.997722 99.704102
26.019719 -4.821244 -13.058156
26.019719 -4.821244 100.410444
1.198019 38.171201 -13.058156
1.198019 38.171201 100.410444
26.847523 -4.388740 -12.836324
26.847523 -4.388740 100.632276
2.025823 38.603705 -12.836324
2.025823 38.603705 100.632276
2.454866 35.170113 -14.856066
2.454866 35.170113 98.612534
3.290985 34.733955 -15.035346
3.290985 34.733955 98.433254
2.451267 36.389594 -14.228017
2.451267 36.389594 99.240583
28.104742 -6.142832 -14.093557
28.104742 -6.142832 99.375043
3.283042 36.849613 -14.093557
3.283042 36.849613 99.375043
-1.598145 29.584320 94.963384
-12.410850 23.282702 -10.360440
-12.410850 23.282702 103.108160
37.232550 23.282702 -10.360440
37.232550 23.282702 103.108160
-12.410850 34.037692 -2.950940
-12.410850 34.037692 110.517660
37.232550 34.037692 -2.950940
37.232550 34.037692 110.517660
-12.410850 32.807678 -1.103671
-12.410850 32.807678 112.364929
37.232550 32.807678 -1.103671
37.232550 32.807678 112.364929
-12.410850 24.733267 -9.092428
-12.410850 24.733267 104.376172
37.232550 24.733267 -9.092428
37.232550 24.733267 104.376172
-12.410850 23.466280 -7.304163
-12.410850 23.466280 106.164437
37.232550 23.466280 -7.304163
37.232550 23.466280 106.164437
-12.410850 31.789617 -4.572406
-12.410850 31.789617 108.896194
37.232550 31.789617 -4.572406
37.232550 31.789617 108.896194
-12.410850 32.649466 -4.999616
-12.410850 32.649466 108.468984
37.232550 32.649466 -4.999616
37.232550 32.649466 108.468984
-12.410850 31.719970 -3.234044
-12.410850 31.719970 110.234556
37.232550 31.719970 -3.234044
37.232550 31.719970 110.234556
-12.410850 30.475338 -2.621881
-12.410850 30.475338 110.846719
37.232550 30.475338 -2.621881
37.232550 30.475338 110.846719
-12.410850 30.406550 -1.664206
-12.410850 30.406550 111.804394
37.232550 30.406550 -1.664206
37.232550 30.406550 111.804394
-12.410850 28.020470 -2.744427
-12.410850 28.020470 110.724173
37.232550 28.020470 -2.744427
37.232550 28.020470 110.724173
-12.410850 27.949102 -1.787320
-12.410850 27.949102 111.681280
37.232550 27.949102 -1.787320
37.232550 27.949102 111.681280
-12.410974 26.934695 -3.474598
-12.410974 26.934695 109.994002
37.232426 26.934695 -3.474598
37.232426 26.934695 109.994002
-12.410850 26.087959 -3.022425
-12.410850 26.087959 110.446175
37.232550 26.087959 -3.022425
37.232550 26.087959 110.446175
-12.410850 25.767236 -5.654897
-12.410850 25.767236 107.813703
37.232550 25.767236 -5.654897
37.232550 25.767236 107.813703
-12.410850 24.921574 -5.200455
-12.410850 24.921574 108.268145
37.232550 24.921574 -5.200455
37.232550 24.921574 108.268145
-12.410850 25.766376 -7.069283
-12.410850 25.766376 106.399317
37.232550 25.766376 -7.069283
37.232550 25.766376 106.399317
-12.410850 27.041102 -7.647405
-12.410850 27.041102 105.821195
37.232550 27.041102 -7.647405
37.232550 27.041102 105.821195
-12.410850 27.108600 -8.605080
-12.410850 27.108600 104.863520
37.232550 27.108600 -8.605080
37.232550 27.108600 104.863520
-12.410850 29.583245 -7.564573
-12.410850 29.583245 105.904027
37.232550 29.583245 -7.564573
37.232550 29.583245 105.904027
-12.410850 29.650313 -8.522248
-12.410850 29.650313 104.946352
37.232550 29.650313 -8.522248
37.232550 29.650313 104.946352
-12.410850 30.676113 -6.823056
-12.410850 30.676113 106.645544
37.232550 30.676113 -6.823056
37.232550 30.676113 106.645544
-12.410850 31.530803 -7.259910
-12.410850 31.530803 106.208690
37.232550 31.530803 -7.259910
37.232550 31.530803 106.208690
-12.410850 30.632261 -5.358176
-12.410850 30.632261 108.110424
37.232550 30.632261 -5.358176
37.232550 30.632261 108.110424
-12.410850 29.375162 -4.715377
-12.410850 29.375162 108.753223
37.232550 29.375162 -4.715377
37.232550 29.375162 108.753223
-12.410850 29.365273 -3.382688
-12.410850 29.365273 110.085912
37.232550 29.365273 -3.382688
37.232550 29.365273 110.085912
-12.410850 26.931471 -4.884445
-12.410850 26.931471 108.584155
37.232550 26.931471 -4.884445
37.232550 26.931471 108.584155
-12.410850 28.154176 -5.541428
-12.410850 28.154176 107.927172
37.232550 28.154176 -5.541428
37.232550 28.154176 107.927172
-12.410850 28.222964 -6.896243
-12.410850 28.222964 106.572357
37.232550 28.222964 -6.896243
37.232550 28.222964 106.572357
-12.410850 32.931497 -2.367711
-12.410850 32.931497 111.100889
37.232550 32.931497 -2.367711
37.232550 32.931497 111.100889
-12.410850 24.552699 -7.884555
-12.410850 24.552699 105.584045
37.232550 24.552699 -7.884555
37.232550 24.552699 105.584045
-2.702959 28.448030 96.033393
-10.860363 23.668989 -11.490587
-10.860363 23.668989 101.978013
38.783037 23.668989 -11.490587
38.783037 23.668989 101.978013
-3.546276 26.614187 -16.284635
-3.546276 26.614187 97.183965
-5.575823 25.442428 -14.875355
-5.575823 25.442428 98.593245
-6.734500 24.773465 -14.098663
-6.734500 24.773465 99.369937
-8.740589 23.615249 -12.652505
-8.740589 23.615249 100.816095
40.902811 23.615249 -12.652505
40.902811 23.615249 100.816095
-2.404726 27.273261 -17.078348
-2.404726 27.273261 96.390252
-9.866129 22.965418 -11.856523
-9.866129 22.965418 101.612077
39.777271 22.965418 -11.856523
39.777271 22.965418 101.612077
-4.663005 27.360536 -15.954442
-4.663005 27.360536 97.514158
-4.715875 28.282294 -16.217121
-4.715875 28.282294 97.251479
-5.700055 26.788736 -15.249802
-5.700055 26.788736 98.218798
-7.833604 25.557647 -13.764498
-7.833604 25.557647 99.704102
41.809796 25.557647 -13.764498
41.809796 25.557647 99.704102
-8.834539 24.944360 -13.058156
-8.834539 24.944360 100.410444
40.808861 24.944360 -13.058156
40.808861 24.944360 100.410444
-9.623001 25.445007 -12.836324
-9.623001 25.445007 100.632276
40.020399 25.445007 -12.836324
40.020399 25.445007 100.632276
-6.863945 27.533365 -14.856066
-6.863945 27.533365 98.612534
-6.904280 28.475545 -15.035346
-6.904280 28.475545 98.433254
-7.918246 26.920508 -14.228017
-7.918246 26.920508 99.240583
-8.732522 27.410837 -14.093557
-8.732522 27.410837 99.375043
40.910878 27.410837 -14.093557
40.910878 27.410837 99.375043
0.000000 26.816251 94.963384
23.274563 -0.893240 -10.360440
23.274563 -0.893240 103.108160
-1.547137 42.099206 -10.360440
-1.547137 42.099206 103.108160
24.821576 -0.000072 -7.638328
24.821576 -0.000072 105.830272
-0.000124 42.992374 -7.638328
-0.000124 42.992374 105.830272
24.821576 -0.000072 -9.662040
24.821576 -0.000072 103.806560
-0.000124 42.992374 -9.662040
-0.000124 42.992374 103.806560
13.960469 -6.270735 -2.950940
13.960469 -6.270735 110.517660
-10.861231 36.721711 -2.950940
-10.861231 36.721711 110.517660
15.025692 -5.655728 -1.103671
15.025692 -5.655728 112.364929
-9.796008 37.336718 -1.103671
-9.796008 37.336718 112.364929
22.018337 -1.618522 -9.092428
22.018337 -1.618522 104.376172
-2.803363 41.373923 -9.092428
-2.803363 41.373923 104.376172
23.115580 -0.985029 -7.304163
23.115580 -0.985029 106.164437
-1.706120 42.007417 -7.304163
-1.706120 42.007417 106.164437
15.907359 -5.146697 -4.572406
15.907359 -5.146697 108.896194
-8.914341 37.845748 -4.572406
-8.914341 37.845748 108.896194
15.162708 -5.576622 -4.999616
15.162708 -5.576622 108.468984
-9.658992 37.415824 -4.999616
-9.658992 37.415824 108.468984
15.967676 -5.111873 -3.234044
15.967676 -5.111873 110.234556
-8.854024 37.880572 -3.234044
-8.854024 37.880572 110.234556
17.045558 -4.489558 -2.621881
17.045558 -4.489558 110.846719
-7.776142 38.502888 -2.621881
-7.776142 38.502888 110.846719
17.105130 -4.455164 -1.664206
17.105130 -4.455164 111.804394
-7.716570 38.537282 -1.664206
-7.716570 38.537282 111.804394
19.171536 -3.262123 -2.744427
19.171536 -3.262123 110.724173
-5.650164 39.730322 -2.744427
-5.650164 39.730322 110.724173
19.233342 -3.226440 -1.787320
19.233342 -3.226440 111.681280
-5.588358 39.766006 -1.787320
-5.588358 39.766006 111.681280
20.111907 -2.719344 -3.474598
20.111907 -2.719344 109.994002
-4.709793 40.273102 -3.474598
-4.709793 40.273102 109.994002
20.845140 -2.295868 -3.022425
20.845140 -2.295868 110.446175
-3.976560 40.696577 -3.022425
-3.976560 40.696577 110.446175
21.122894 -2.135506 -5.654897
21.122894 -2.135506 107.813703
-3.698806 40.856939 -5.654897
-3.698806 40.856939 107.813703
21.855259 -1.712676 -5.200455
21.855259 -1.712676 108.268145
-2.966441 41.279770 -5.200455
-2.966441 41.279770 108.268145
21.123639 -2.135076 -7.069283
21.123639 -2.135076 106.399317
-3.698061 40.857369 -7.069283
-3.698061 40.857369 106.399317
20.019694 -2.772440 -7.647405
20.019694 -2.772440 105.821195
-4.802006 40.220006 -7.647405
-4.802006 40.220006 105.821195
19.961239 -2.806189 -8.605080
19.961239 -2.806189 104.863520
-4.860461 40.186257 -8.605080
-4.860461 40.186257 104.863520
17.818133 -4.043511 -7.564573
17.818133 -4.043511 105.904027
-7.003567 38.948934 -7.564573
-7.003567 38.948934 105.904027
17.760050 -4.077045 -8.522248
17.760050 -4.077045 104.946352
-7.061650 38.915400 -8.522248
-7.061650 38.915400 104.946352
16.871682 -4.589945 -6.823056
16.871682 -4.589945 106.645544
-7.950018 38.402500 -6.823056
-7.950018 38.402500 106.645544
16.131499 -5.017290 -7.259910
16.131499 -5.017290 106.208690
-8.690201 37.975155 -7.259910
-8.690201 37.975155 106.208690
16.909659 -4.568019 -5.358176
16.909659 -4.568019 108.110424
-7.912041 38.424427 -5.358176
-7.912041 38.424427 108.110424
17.998339 -3.939469 -4.715377
17.998339 -3.939469 108.753223
-6.823361 39.052976 -4.715377
-6.823361 39.052976 108.753223
18.006902 -3.934525 -3.382688
18.006902 -3.934525 110.085912
-6.814798 39.057920 -3.382688
-6.814798 39.057920 110.085912
20.114637 -2.717624 -4.884445
20.114637 -2.717624 108.584155
-4.707063 40.274821 -4.884445
-4.707063 40.274821 108.584155
19.055743 -3.328977 -5.541428
19.055743 -3.328977 107.927172
-5.765957 39.663469 -5.541428
-5.765957 39.663469 107.927172
18.996171 -3.363371 -6.896243
18.996171 -3.363371 106.572357
-5.825529 39.629075 -6.896243
-5.825529 39.629075 106.572357
14.918462 -5.717637 -2.367711
14.918462 -5.717637 111.100889
-9.903238 37.274809 -2.367711
-9.903238 37.274809 111.100889
22.174714 -1.528238 -7.884555
22.174714 -1.528238 105.584045
-2.646986 41.464207 -7.884555
-2.646986 41.464207 105.584045
1.536463 26.427600 96.033393
9.753935 21.752601 -11.490587
9.753935 21.752601 101.978013
3.546276 26.614187 -16.284635
3.546276 26.614187 97.183965
5.575823 25.442428 -14.875355
5.575823 25.442428 98.593245
6.734500 24.773465 -14.098663
6.734500 24.773465 99.369937
8.740589 23.615249 -12.652505
8.740589 23.615249 100.816095
2.404726 27.273261 -17.078348
2.404726 27.273261 96.390252
9.866129 22.965418 -11.856523
9.866129 22.965418 101.612077
3.458283 25.273897 -15.954442
3.458283 25.273897 97.514158
2.686453 24.767231 -16.217121
2.686453 24.767231 97.251479
4.472002 24.661685 -15.249802
4.472002 24.661685 98.218798
6.604930 23.429521 -13.764498
6.604930 23.429521 99.704102
7.636520 22.869330 -13.058156
7.636520 22.869330 100.410444
7.597178 21.936179 -12.836324
7.597178 21.936179 100.632276
4.409079 23.281412 -14.856066
4.409079 23.281412 98.612534
3.613295 22.775391 -15.035346
3.613295 22.775391 98.433254
5.466979 22.674789 -14.228017
5.466979 22.674789 99.240583
5.449480 21.724441 -14.093557
5.449480 21.724441 99.375043
-12.410850 23.341602 94.150949
37.232550 23.341602 94.150949
-1.547137 29.554870 86.006173
-0.000124 28.661702 83.284061
-0.000124 28.661702 85.307774
-10.861231 34.932365 78.596673
-9.796008 34.317358 76.749405
-2.803363 30.280153 84.738161
-1.706120 29.646659 82.949896
-8.914341 33.808328 80.218140
-9.658992 34.238252 80.645349
-8.854024 33.773504 78.879778
-7.776142 33.151188 78.267614
-7.716570 33.116794 77.309939
-5.650164 31.923754 78.390161
-5.588358 31.888070 77.433053
-4.709793 31.380974 79.120331
-3.976560 30.957499 78.668159
-3.698806 30.797137 81.300630
-2.966441 30.374306 80.846188
-3.698061 30.796707 82.715016
-4.802006 31.434070 83.293139
-4.860461 31.467819 84.250814
-7.003567 32.705142 83.210307
-7.061650 32.738676 84.167982
-7.950018 33.251575 82.468789
-8.690201 33.678920 82.905643
-7.912041 33.229649 81.003910
-6.823361 32.601100 80.361110
-6.814798 32.596156 79.028421
-4.707063 31.379254 80.530178
-5.765957 31.990607 81.187162
-5.825529 32.025001 82.541977
-9.903238 34.379267 78.013445
-2.646986 30.189868 83.530288
-10.874387 23.730254 93.080940
38.769013 23.730254 93.080940
-2.656915 28.405252 87.136320
-8.864574 23.543666 91.930369
40.778826 23.543666 91.930369
-6.835027 24.715425 90.521089
42.808373 24.715425 90.521089
-5.676350 25.384388 89.744396
-3.670261 26.542604 88.298239
-10.006124 22.884592 92.724081
39.637276 22.884592 92.724081
-2.544721 27.192435 87.502256
-8.952567 24.883956 91.600175
40.690833 24.883956 91.600175
-9.724397 25.390622 91.862855
39.919003 25.390622 91.862855
-7.938848 25.496168 90.895535
41.704552 25.496168 90.895535
-5.805920 26.728332 89.410231
-4.774330 27.288523 88.703889
-4.813672 28.221674 88.482058
-8.001771 26.876441 90.501799
-8.797555 27.382462 90.681079
40.845845 27.382462 90.681079
-6.943871 27.483064 89.873750
-6.961370 28.433412 89.739290
23.223555 -0.922690 94.150949
-1.598145 42.069756 94.150949
0.000000 26.875151 86.006173
12.410850 -5.376062 78.596673
-12.410850 37.616384 78.596673
12.410850 -4.146048 76.749405
-12.410850 38.846397 76.749405
0.000000 25.424586 84.738161
0.000000 26.691573 82.949896
12.410850 -3.127987 80.218140
-12.410850 39.864459 80.218140
12.410850 -3.987836 80.645349
-12.410850 39.004610 80.645349
12.410850 -3.058339 78.879778
-12.410850 39.934106 78.879778
12.410850 -1.813708 78.267614
-12.410850 41.178738 78.267614
12.410850 -1.744920 77.309939
-12.410850 41.247525 77.309939
0.000000 22.137383 78.390161
0.000000 22.208751 77.433053
-0.000124 23.223158 79.120331
0.000000 24.069894 78.668159
0.000000 24.390618 81.300630
0.000000 25.236279 80.846188
0.000000 24.391477 82.715016
0.000000 23.116751 83.293139
0.000000 23.049253 84.250814
12.410850 -0.921615 83.210307
-12.410850 42.070831 83.210307
12.410850 -0.988683 84.167982
-12.410850 42.003763 84.167982
12.410850 -2.014483 82.468789
-12.410850 40.977963 82.468789
12.410850 -2.869173 82.905643
-12.410850 40.123273 82.905643
12.410850 -1.970630 81.003910
-12.410850 41.021815 81.003910
12.410850 -0.713531 80.361110
-12.410850 42.278914 80.361110
12.410850 -0.703643 79.028421
-12.410850 42.288803 79.028421
0.000000 23.226382 80.530178
0.000000 22.003677 81.187162
0.000000 21.934889 82.541977
12.410850 -4.269866 78.013445
-12.410850 38.722579 78.013445
0.000000 25.605154 83.530288
9.707891 21.709824 93.080940
1.550487 26.488864 87.136320
8.864574 23.543666 91.930369
6.835027 24.715425 90.521089
5.676350 25.384388 89.744396
3.670261 26.542604 88.298239
10.006124 22.884592 92.724081
2.544721 27.192435 87.502256
7.747845 22.797317 91.600175
7.694975 21.875559 91.862855
6.710795 23.369117 90.895535
4.577246 24.600206 89.410231
3.576311 25.213493 88.703889
2.787849 24.712846 88.482058
5.546905 22.624488 90.501799
5.506570 21.682308 90.681079
4.492604 23.237345 89.873750
3.678328 22.747016 89.739290
24.821576 -0.000072 -16.737375
24.821576 -0.000072 96.731225
-0.000124 42.992374 -16.737375
-0.000124 42.992374 96.731225
1.598145 -0.922690 94.150949
-23.223555 42.069756 94.150949
51.241545 -0.922690 94.150949
26.419845 42.069756 94.150949
1.547137 29.554870 86.006173
24.821576 -0.000072 94.810202
-0.000124 42.992374 94.810202
-13.960469 34.932365 78.596673
35.682931 34.932365 78.596673
-15.025692 34.317358 76.749405
34.617708 34.317358 76.749405
2.803363 30.280153 84.738161
1.706120 29.646659 82.949896
-15.907359 33.808328 80.218140
33.736041 33.808328 80.218140
-15.162708 34.238252 80.645349
34.480692 34.238252 80.645349
-15.967676 33.773504 78.879778
33.675724 33.773504 78.879778
-17.045558 33.151188 78.267614
32.597842 33.151188 78.267614
-17.105130 33.116794 77.309939
32.538270 33.116794 77.309939
5.650164 31.923754 78.390161
5.588358 31.888070 77.433053
4.709918 31.380759 79.120331
3.976560 30.957499 78.668159
3.698806 30.797137 81.300630
2.966441 30.374306 80.846188
3.698061 30.796707 82.715016
4.802006 31.434070 83.293139
4.860461 31.467819 84.250814
-17.818133 32.705142 83.210307
31.825267 32.705142 83.210307
-17.760050 32.738676 84.167982
31.883350 32.738676 84.167982
-16.871682 33.251575 82.468789
32.771718 33.251575 82.468789
-16.131499 33.678920 82.905643
33.511901 33.678920 82.905643
-16.909659 33.229649 81.003910
32.733741 33.229649 81.003910
-17.998339 32.601100 80.361110
31.645061 32.601100 80.361110
-18.006902 32.596156 79.028421
31.636498 32.596156 79.028421
4.707063 31.379254 80.530178
5.765957 31.990607 81.187162
5.825529 32.025001 82.541977
-14.918462 34.379267 78.013445
34.724938 34.379267 78.013445
2.646986 30.189868 83.530288
25.988196 -2.447632 93.080940
1.166496 40.544814 93.080940
1.106427 31.090775 87.136320
24.821700 -4.094887 91.930369
0.000000 38.897558 91.930369
24.821700 -6.438405 90.521089
0.000000 36.554040 90.521089
0.000000 35.216115 89.744396
0.000000 32.899682 88.298239
24.821700 -2.776739 92.724081
0.000000 40.215707 92.724081
0.000000 31.600021 87.502256
26.026421 -4.688828 91.600175
1.204721 38.303618 91.600175
26.851122 -4.273736 91.862855
2.029422 38.718710 91.862855
26.049754 -5.872840 90.895535
1.228054 37.119606 90.895535
1.228674 34.656354 89.410231
1.198019 33.482875 88.703889
2.025823 33.050371 88.482058
2.454866 36.483963 90.501799
28.112685 -6.072325 90.681079
3.290985 36.920121 90.681079
2.451267 35.264482 89.873750
3.283042 34.804463 89.739290
23.655204 -2.447632 93.080940
-1.166496 40.544814 93.080940
-1.106427 31.090775 87.136320
23.616979 -4.688828 91.600175
-1.204721 38.303618 91.600175
22.792278 -4.273736 91.862855
-2.029422 38.718710 91.862855
23.593646 -5.872840 90.895535
-1.228054 37.119606 90.895535
-1.228674 34.656354 89.410231
-1.198019 33.482875 88.703889
-2.025823 33.050371 88.482058
-2.454866 36.483963 90.501799
21.530715 -6.072325 90.681079
-3.290985 36.920121 90.681079
-2.451267 35.264482 89.873750
-3.283042 34.804463 89.739290
-9.707891 21.709824 93.080940
39.935509 21.709824 93.080940
-1.550487 26.488864 87.136320
-7.747845 22.797317 91.600175
41.895555 22.797317 91.600175
-7.694975 21.875559 91.862855
41.948425 21.875559 91.862855
-6.710795 23.369117 90.895535
42.932605 23.369117 90.895535
-4.577246 24.600206 89.410231
-3.576311 25.213493 88.703889
-2.787849 24.712846 88.482058
-5.546905 22.624488 90.501799
-5.506570 21.682308 90.681079
44.136830 21.682308 90.681079
-4.492604 23.237345 89.873750
-3.678328 22.747016 89.739290
10.874387 23.730254 93.080940
2.656915 28.405252 87.136320
8.952567 24.883956 91.600175
9.724397 25.390622 91.862855
7.938848 25.496168 90.895535
5.805920 26.728332 89.410231
4.774330 27.288523 88.703889
4.813672 28.221674 88.482058
8.001771 26.876441 90.501799
8.797555 27.382462 90.681079
6.943871 27.483064 89.873750
6.961370 28.433412 89.739290
-1.536463 26.427600 96.033393
-9.753935 21.752601 -11.490587
-9.753935 21.752601 101.978013
39.889465 21.752601 -11.490587
39.889465 21.752601 101.978013
-3.458283 25.273897 -15.954442
-3.458283 25.273897 97.514158
-2.686453 24.767231 -16.217121
-2.686453 24.767231 97.251479
-4.472002 24.661685 -15.249802
-4.472002 24.661685 98.218798
-6.604930 23.429521 -13.764498
-6.604930 23.429521 99.704102
43.038470 23.429521 -13.764498
43.038470 23.429521 99.704102
-7.636520 22.869330 -13.058156
-7.636520 22.869330 100.410444
42.006880 22.869330 -13.058156
42.006880 22.869330 100.410444
-7.597178 21.936179 -12.836324
-7.597178 21.936179 100.632276
42.046222 21.936179 -12.836324
42.046222 21.936179 100.632276
-4.409079 23.281412 -14.856066
-4.409079 23.281412 98.612534
-3.613295 22.775391 -15.035346
-3.613295 22.775391 98.433254
-5.466979 22.674789 -14.228017
-5.466979 22.674789 99.240583
-5.449480 21.724441 -14.093557
-5.449480 21.724441 99.375043
44.193920 21.724441 -14.093557
44.193920 21.724441 99.375043
2.702959 28.448030 96.033393
10.860363 23.668989 -11.490587
10.860363 23.668989 101.978013
4.663005 27.360536 -15.954442
4.663005 27.360536 97.514158
4.715875 28.282294 -16.217121
4.715875 28.282294 97.251479
5.700055 26.788736 -15.249802
5.700055 26.788736 98.218798
7.833604 25.557647 -13.764498
7.833604 25.557647 99.704102
8.834539 24.944360 -13.058156
8.834539 24.944360 100.410444
9.623001 25.445007 -12.836324
9.623001 25.445007 100.632276
6.863945 27.533365 -14.856066
6.863945 27.533365 98.612534
6.904280 28.475545 -15.035346
6.904280 28.475545 98.433254
7.918246 26.920508 -14.228017
7.918246 26.920508 99.240583
8.732522 27.410837 -14.093557
8.732522 27.410837 99.375043
-1.166496 31.109262 96.033393
23.715273 -2.429145 -11.490587
23.715273 -2.429145 101.978013
-1.106427 40.563301 -11.490587
-1.106427 40.563301 101.978013
-1.204721 33.350458 -15.954442
-1.204721 33.350458 97.514158
-2.029422 32.935366 -16.217121
-2.029422 32.935366 97.251479
-1.228054 34.534470 -15.249802
-1.228054 34.534470 98.218798
23.593026 -5.994723 -13.764498
23.593026 -5.994723 99.704102
-1.228674 36.997722 -13.764498
-1.228674 36.997722 99.704102
23.623681 -4.821244 -13.058156
23.623681 -4.821244 100.410444
-1.198019 38.171201 -13.058156
-1.198019 38.171201 100.410444
22.795877 -4.388740 -12.836324
22.795877 -4.388740 100.632276
-2.025823 38.603705 -12.836324
-2.025823 38.603705 100.632276
-2.454866 35.170113 -14.856066
-2.454866 35.170113 98.612534
-3.290985 34.733955 -15.035346
-3.290985 34.733955 98.433254
-2.451267 36.389594 -14.228017
-2.451267 36.389594 99.240583
21.538658 -6.142832 -14.093557
21.538658 -6.142832 99.375043
-3.283042 36.849613 -14.093557
-3.283042 36.849613 99.375043
24.821576 14.330887 54.560242
26.419845 15.253505 0.406218
26.419845 15.253505 113.874818
-10.863713 6.272168 8.550994
-10.863713 6.272168 122.019594
-35.685413 49.264613 8.550994
-35.685413 49.264613 122.019594
38.779687 6.272168 8.550994
38.779687 6.272168 122.019594
13.957987 49.264613 8.550994
13.957987 49.264613 122.019594
37.232674 7.165336 11.273105
37.232674 7.165336 124.741705
24.821576 14.330887 56.481265
37.232674 7.165336 9.249393
37.232674 7.165336 122.717993
-1.549619 0.894673 15.960493
-1.549619 0.894673 129.429093
-26.371319 43.887118 15.960493
-26.371319 43.887118 129.429093
48.093781 0.894673 15.960493
48.093781 0.894673 129.429093
23.272081 43.887118 15.960493
23.272081 43.887118 129.429093
-2.614842 1.509680 17.807762
-27.436542 44.502125 17.807762
47.028558 1.509680 17.807762
22.206858 44.502125 17.807762
-9.607487 5.546885 9.819005
-9.607487 5.546885 123.287605
-34.429187 48.539331 9.819005
-34.429187 48.539331 123.287605
40.035913 5.546885 9.819005
40.035913 5.546885 123.287605
15.214213 48.539331 9.819005
15.214213 48.539331 123.287605
-10.704730 6.180379 11.607270
-10.704730 6.180379 125.075870
-35.526430 49.172825 11.607270
-35.526430 49.172825 125.075870
38.938670 6.180379 11.607270
38.938670 6.180379 125.075870
14.116970 49.172825 11.607270
14.116970 49.172825 125.075870
-3.496509 2.018710 14.339027
-3.496509 2.018710 127.807627
-28.318209 45.011156 14.339027
-28.318209 45.011156 127.807627
46.146891 2.018710 14.339027
46.146891 2.018710 127.807627
21.325191 45.011156 14.339027
21.325191 45.011156 127.807627
-2.751858 1.588786 13.911818
-2.751858 1.588786 127.380418
-27.573558 44.581231 13.911818
-27.573558 44.581231 127.380418
46.891542 1.588786 13.911818
46.891542 1.588786 127.380418
22.069842 44.581231 13.911818
22.069842 44.581231 127.380418
-3.556826 2.053534 15.677389
-3.556826 2.053534 129.145989
-28.378526 45.045980 15.677389
-28.378526 45.045980 129.145989
46.086574 2.053534 15.677389
46.086574 2.053534 129.145989
21.264874 45.045980 15.677389
21.264874 45.045980 129.145989
-4.634708 2.675850 16.289552
-4.634708 2.675850 129.758152
-29.456408 45.668295 16.289552
-29.456408 45.668295 129.758152
45.008692 2.675850 16.289552
45.008692 2.675850 129.758152
20.186992 45.668295 16.289552
20.186992 45.668295 129.758152
-4.694280 2.710244 17.247227
-29.515980 45.702689 17.247227
44.949120 2.710244 17.247227
20.127420 45.702689 17.247227
-6.760686 3.903284 16.167006
-6.760686 3.903284 129.635606
-31.582386 46.895730 16.167006
-31.582386 46.895730 129.635606
42.882714 3.903284 16.167006
42.882714 3.903284 129.635606
18.061014 46.895730 16.167006
18.061014 46.895730 129.635606
-6.822492 3.938968 17.124114
-6.822492 3.938968 130.592714
-31.644192 46.931413 17.124114
-31.644192 46.931413 130.592714
42.820908 3.938968 17.124114
42.820908 3.938968 130.592714
17.999208 46.931413 17.124114
17.999208 46.931413 130.592714
-7.700932 4.446279 15.436836
-7.700932 4.446279 128.905436
-32.522632 47.438724 15.436836
-32.522632 47.438724 128.905436
41.942468 4.446279 15.436836
41.942468 4.446279 128.905436
17.120768 47.438724 15.436836
17.120768 47.438724 128.905436
-8.434290 4.869539 15.889008
-8.434290 4.869539 129.357608
-33.255990 47.861985 15.889008
-33.255990 47.861985 129.357608
41.209110 4.869539 15.889008
41.209110 4.869539 129.357608
16.387410 47.861985 15.889008
16.387410 47.861985 129.357608
-8.712044 5.029901 13.256537
-8.712044 5.029901 126.725137
-33.533744 48.022347 13.256537
-33.533744 48.022347 126.725137
40.931356 5.029901 13.256537
40.931356 5.029901 126.725137
16.109656 48.022347 13.256537
16.109656 48.022347 126.725137
-9.444409 5.452732 13.710978
-9.444409 5.452732 127.179578
-34.266109 48.445177 13.710978
-34.266109 48.445177 127.179578
40.198991 5.452732 13.710978
40.198991 5.452732 127.179578
15.377291 48.445177 13.710978
15.377291 48.445177 127.179578
-8.712789 5.030331 11.842150
-8.712789 5.030331 125.310750
-33.534489 48.022777 11.842150
-33.534489 48.022777 125.310750
40.930611 5.030331 11.842150
40.930611 5.030331 125.310750
16.108911 48.022777 11.842150
16.108911 48.022777 125.310750
-7.608844 4.392968 11.264028
-7.608844 4.392968 124.732628
-32.430544 47.385414 11.264028
-32.430544 47.385414 124.732628
42.034556 4.392968 11.264028
42.034556 4.392968 124.732628
17.212856 47.385414 11.264028
17.212856 47.385414 124.732628
-7.550389 4.359219 10.306353
-7.550389 4.359219 123.774953
-32.372089 47.351665 10.306353
-32.372089 47.351665 123.774953
42.093011 4.359219 10.306353
42.093011 4.359219 123.774953
17.271311 47.351665 10.306353
17.271311 47.351665 123.774953
-5.407283 3.121896 11.346860
-5.407283 3.121896 124.815460
-30.228983 46.114342 11.346860
-30.228983 46.114342 124.815460
44.236117 3.121896 11.346860
44.236117 3.121896 124.815460
19.414417 46.114342 11.346860
19.414417 46.114342 124.815460
-5.349200 3.088362 10.389185
-5.349200 3.088362 123.857785
-30.170900 46.080808 10.389185
-30.170900 46.080808 123.857785
44.294200 3.088362 10.389185
44.294200 3.088362 123.857785
19.472500 46.080808 10.389185
19.472500 46.080808 123.857785
-4.460832 2.575462 12.088377
-4.460832 2.575462 125.556977
-29.282532 45.567908 12.088377
-29.282532 45.567908 125.556977
45.182568 2.575462 12.088377
45.182568 2.575462 125.556977
20.360868 45.567908 12.088377
20.360868 45.567908 125.556977
-3.720649 2.148118 11.651523
-3.720649 2.148118 125.120123
-28.542349 45.140563 11.651523
-28.542349 45.140563 125.120123
45.922751 2.148118 11.651523
45.922751 2.148118 125.120123
21.101051 45.140563 11.651523
21.101051 45.140563 125.120123
-4.498809 2.597389 13.553257
-4.498809 2.597389 127.021857
-29.320509 45.589834 13.553257
-29.320509 45.589834 127.021857
45.144591 2.597389 13.553257
45.144591 2.597389 127.021857
20.322891 45.589834 13.553257
20.322891 45.589834 127.021857
-5.587489 3.225938 14.196057
-5.587489 3.225938 127.664657
-30.409189 46.218384 14.196057
-30.409189 46.218384 127.664657
44.055911 3.225938 14.196057
44.055911 3.225938 127.664657
19.234211 46.218384 14.196057
19.234211 46.218384 127.664657
-5.596052 3.230882 15.528745
-5.596052 3.230882 128.997345
-30.417752 46.223328 15.528745
-30.417752 46.223328 128.997345
44.047348 3.230882 15.528745
44.047348 3.230882 128.997345
19.225648 46.223328 15.528745
19.225648 46.223328 128.997345
-7.703787 4.447783 14.026988
-7.703787 4.447783 127.495588
-32.525487 47.440229 14.026988
-32.525487 47.440229 127.495588
41.939613 4.447783 14.026988
41.939613 4.447783 127.495588
17.117913 47.440229 14.026988
17.117913 47.440229 127.495588
-6.644893 3.836431 13.370005
-6.644893 3.836431 126.838605
-31.466593 46.828876 13.370005
-31.466593 46.828876 126.838605
42.998507 3.836431 13.370005
42.998507 3.836431 126.838605
18.176807 46.828876 13.370005
18.176807 46.828876 126.838605
-6.585321 3.802037 12.015190
-6.585321 3.802037 125.483790
-31.407021 46.794482 12.015190
-31.407021 46.794482 125.483790
43.058079 3.802037 12.015190
43.058079 3.802037 125.483790
18.236379 46.794482 12.015190
18.236379 46.794482 125.483790
-2.507612 1.447771 16.543722
-2.507612 1.447771 130.012322
-27.329312 44.440216 16.543722
-27.329312 44.440216 130.012322
47.135788 1.447771 16.543722
47.135788 1.447771 130.012322
22.314088 44.440216 16.543722
22.314088 44.440216 130.012322
-9.763864 5.637169 11.026879
-9.763864 5.637169 124.495479
-34.585564 48.629615 11.026879
-34.585564 48.629615 124.495479
39.879536 5.637169 11.026879
39.879536 5.637169 124.495479
15.057836 48.629615 11.026879
15.057836 48.629615 124.495479
25.988196 16.778447 1.476226
25.988196 16.778447 114.944826
38.338977 4.736263 7.420846
38.338977 4.736263 120.889446
13.517277 47.728708 7.420846
13.517277 47.728708 120.889446
24.821700 18.425702 2.626798
24.821700 18.425702 116.095398
24.821700 20.769221 4.036078
24.821700 20.769221 117.504678
37.232550 0.610923 4.812771
37.232550 0.610923 118.281371
12.410850 43.603368 4.812771
12.410850 43.603368 118.281371
37.232550 2.927356 6.258928
37.232550 2.927356 119.727528
12.410850 45.919801 6.258928
12.410850 45.919801 119.727528
24.821700 17.107554 1.833085
24.821700 17.107554 115.301685
37.232550 4.227017 7.054910
37.232550 4.227017 120.523510
12.410850 47.219463 7.054910
12.410850 47.219463 120.523510
26.026421 19.019643 2.956992
26.026421 19.019643 116.425592
26.851122 18.604551 2.694312
26.851122 18.604551 116.162912
26.049754 20.203655 3.661632
26.049754 20.203655 117.130232
38.461224 1.170684 5.146936
38.461224 1.170684 118.615536
13.639524 44.163130 5.146936
13.639524 44.163130 118.615536
38.430569 2.344163 5.853278
38.430569 2.344163 119.321878
13.608869 45.336609 5.853278
13.608869 45.336609 119.321878
39.258373 2.776667 6.075109
39.258373 2.776667 119.543709
14.436673 45.769113 6.075109
14.436673 45.769113 119.543709
27.276566 20.839298 4.055368
27.276566 20.839298 117.523968
28.112685 20.403140 3.876087
28.112685 20.403140 117.344687
39.683817 0.562556 4.683416
39.683817 0.562556 118.152016
14.862117 43.555002 4.683416
14.862117 43.555002 118.152016
40.515592 1.022575 4.817877
40.515592 1.022575 118.286477
15.693892 44.015021 4.817877
15.693892 44.015021 118.286477
23.223555 15.253505 0.406218
23.223555 15.253505 113.874818
-12.410850 8.951887 8.550994
-12.410850 8.951887 122.019594
37.232550 8.951887 8.550994
37.232550 8.951887 122.019594
-12.410850 19.706877 15.960493
-12.410850 19.706877 129.429093
37.232550 19.706877 15.960493
37.232550 19.706877 129.429093
-12.410850 18.476863 17.807762
37.232550 18.476863 17.807762
-12.410850 10.402452 9.819005
-12.410850 10.402452 123.287605
37.232550 10.402452 9.819005
37.232550 10.402452 123.287605
-12.410850 9.135465 11.607270
-12.410850 9.135465 125.075870
37.232550 9.135465 11.607270
37.232550 9.135465 125.075870
-12.410850 17.458802 14.339027
-12.410850 17.458802 127.807627
37.232550 17.458802 14.339027
37.232550 17.458802 127.807627
-12.410850 18.318651 13.911818
-12.410850 18.318651 127.380418
37.232550 18.318651 13.911818
37.232550 18.318651 127.380418
-12.410850 17.389154 15.677389
-12.410850 17.389154 129.145989
37.232550 17.389154 15.677389
37.232550 17.389154 129.145989
-12.410850 16.144523 16.289552
-12.410850 16.144523 129.758152
37.232550 16.144523 16.289552
37.232550 16.144523 129.758152
-12.410850 16.075735 17.247227
37.232550 16.075735 17.247227
-12.410850 13.689655 16.167006
-12.410850 13.689655 129.635606
37.232550 13.689655 16.167006
37.232550 13.689655 129.635606
-12.410850 13.618287 17.124114
-12.410850 13.618287 130.592714
37.232550 13.618287 17.124114
37.232550 13.618287 130.592714
-12.410974 12.603880 15.436836
-12.410974 12.603880 128.905436
37.232426 12.603880 15.436836
37.232426 12.603880 128.905436
-12.410850 11.757144 15.889008
-12.410850 11.757144 129.357608
37.232550 11.757144 15.889008
37.232550 11.757144 129.357608
-12.410850 11.436420 13.256537
-12.410850 11.436420 126.725137
37.232550 11.436420 13.256537
37.232550 11.436420 126.725137
-12.410850 10.590759 13.710978
-12.410850 10.590759 127.179578
37.232550 10.590759 13.710978
37.232550 10.590759 127.179578
-12.410850 11.435561 11.842150
-12.410850 11.435561 125.310750
37.232550 11.435561 11.842150
37.232550 11.435561 125.310750
-12.410850 12.710287 11.264028
-12.410850 12.710287 124.732628
37.232550 12.710287 11.264028
37.232550 12.710287 124.732628
-12.410850 12.777785 10.306353
-12.410850 12.777785 123.774953
37.232550 12.777785 10.306353
37.232550 12.777785 123.774953
-12.410850 15.252430 11.346860
-12.410850 15.252430 124.815460
37.232550 15.252430 11.346860
37.232550 15.252430 124.815460
-12.410850 15.319498 10.389185
-12.410850 15.319498 123.857785
37.232550 15.319498 10.389185
37.232550 15.319498 123.857785
-12.410850 16.345298 12.088377
-12.410850 16.345298 125.556977
37.232550 16.345298 12.088377
37.232550 16.345298 125.556977
-12.410850 17.199988 11.651523
-12.410850 17.199988 125.120123
37.232550 17.199988 11.651523
37.232550 17.199988 125.120123
-12.410850 16.301446 13.553257
-12.410850 16.301446 127.021857
37.232550 16.301446 13.553257
37.232550 16.301446 127.021857
-12.410850 15.044346 14.196057
-12.410850 15.044346 127.664657
37.232550 15.044346 14.196057
37.232550 15.044346 127.664657
-12.410850 15.034458 15.528745
-12.410850 15.034458 128.997345
37.232550 15.034458 15.528745
37.232550 15.034458 128.997345
-12.410850 12.600656 14.026988
-12.410850 12.600656 127.495588
37.232550 12.600656 14.026988
37.232550 12.600656 127.495588
-12.410850 13.823361 13.370005
-12.410850 13.823361 126.838605
37.232550 13.823361 13.370005
37.232550 13.823361 126.838605
-12.410850 13.892149 12.015190
-12.410850 13.892149 125.483790
37.232550 13.892149 12.015190
37.232550 13.892149 125.483790
-12.410850 18.600682 16.543722
-12.410850 18.600682 130.012322
37.232550 18.600682 16.543722
37.232550 18.600682 130.012322
-12.410850 10.221884 11.026879
-12.410850 10.221884 124.495479
37.232550 10.221884 11.026879
37.232550 10.221884 124.495479
22.118741 14.117214 1.476226
22.118741 14.117214 114.944826
-10.860363 9.338174 7.420846
-10.860363 9.338174 120.889446
38.783037 9.338174 7.420846
38.783037 9.338174 120.889446
21.275424 12.283372 2.626798
21.275424 12.283372 116.095398
19.245877 11.111613 4.036078
19.245877 11.111613 117.504678
-6.734500 10.442650 4.812771
-6.734500 10.442650 118.281371
42.908900 10.442650 4.812771
42.908900 10.442650 118.281371
-8.740589 9.284434 6.258928
-8.740589 9.284434 119.727528
40.902811 9.284434 6.258928
40.902811 9.284434 119.727528
22.416974 12.942446 1.833085
22.416974 12.942446 115.301685
-9.866129 8.634603 7.054910
-9.866129 8.634603 120.523510
39.777271 8.634603 7.054910
39.777271 8.634603 120.523510
20.158695 13.029720 2.956992
20.158695 13.029720 116.425592
20.105825 13.951478 2.694312
20.105825 13.951478 116.162912
19.121645 12.457921 3.661632
19.121645 12.457921 117.130232
-7.833604 11.226832 5.146936
-7.833604 11.226832 118.615536
41.809796 11.226832 5.146936
41.809796 11.226832 118.615536
-8.834539 10.613545 5.853278
-8.834539 10.613545 119.321878
40.808861 10.613545 5.853278
40.808861 10.613545 119.321878
-9.623001 11.114192 6.075109
-9.623001 11.114192 119.543709
40.020399 11.114192 6.075109
40.020399 11.114192 119.543709
17.957755 13.202550 4.055368
17.957755 13.202550 117.523968
17.917420 14.144730 3.876087
17.917420 14.144730 117.344687
-7.918246 12.589693 4.683416
-7.918246 12.589693 118.152016
41.725154 12.589693 4.683416
41.725154 12.589693 118.152016
-8.732522 13.080022 4.817877
-8.732522 13.080022 118.286477
40.910878 13.080022 4.817877
40.910878 13.080022 118.286477
24.821700 12.485436 0.406218
24.821700 12.485436 113.874818
35.685413 6.272168 8.550994
35.685413 6.272168 122.019594
10.863713 49.264613 8.550994
10.863713 49.264613 122.019594
26.371319 0.894673 15.960493
26.371319 0.894673 129.429093
1.549619 43.887118 15.960493
1.549619 43.887118 129.429093
27.436542 1.509680 17.807762
2.614842 44.502125 17.807762
34.429187 5.546885 9.819005
34.429187 5.546885 123.287605
9.607487 48.539331 9.819005
9.607487 48.539331 123.287605
35.526430 6.180379 11.607270
35.526430 6.180379 125.075870
10.704730 49.172825 11.607270
10.704730 49.172825 125.075870
28.318209 2.018710 14.339027
28.318209 2.018710 127.807627
3.496509 45.011156 14.339027
3.496509 45.011156 127.807627
27.573558 1.588786 13.911818
27.573558 1.588786 127.380418
2.751858 44.581231 13.911818
2.751858 44.581231 127.380418
28.378526 2.053534 15.677389
28.378526 2.053534 129.145989
3.556826 45.045980 15.677389
3.556826 45.045980 129.145989
29.456408 2.675850 16.289552
29.456408 2.675850 129.758152
4.634708 45.668295 16.289552
4.634708 45.668295 129.758152
29.515980 2.710244 17.247227
4.694280 45.702689 17.247227
31.582386 3.903284 16.167006
31.582386 3.903284 129.635606
6.760686 46.895730 16.167006
6.760686 46.895730 129.635606
31.644192 3.938968 17.124114
31.644192 3.938968 130.592714
6.822492 46.931413 17.124114
6.822492 46.931413 130.592714
32.522757 4.446064 15.436836
32.522757 4.446064 128.905436
7.701057 47.438509 15.436836
7.701057 47.438509 128.905436
33.255990 4.869539 15.889008
33.255990 4.869539 129.357608
8.434290 47.861985 15.889008
8.434290 47.861985 129.357608
33.533744 5.029901 13.256537
33.533744 5.029901 126.725137
8.712044 48.022347 13.256537
8.712044 48.022347 126.725137
34.266109 5.452732 13.710978
34.266109 5.452732 127.179578
9.444409 48.445177 13.710978
9.444409 48.445177 127.179578
33.534489 5.030331 11.842150
33.534489 5.030331 125.310750
8.712789 48.022777 11.842150
8.712789 48.022777 125.310750
32.430544 4.392968 11.264028
32.430544 4.392968 124.732628
7.608844 47.385414 11.264028
7.608844 47.385414 124.732628
32.372089 4.359219 10.306353
32.372089 4.359219 123.774953
7.550389 47.351665 10.306353
7.550389 47.351665 123.774953
30.228983 3.121896 11.346860
30.228983 3.121896 124.815460
5.407283 46.114342 11.346860
5.407283 46.114342 124.815460
30.170900 3.088362 10.389185
30.170900 3.088362 123.857785
5.349200 46.080808 10.389185
5.349200 46.080808 123.857785
29.282532 2.575462 12.088377
29.282532 2.575462 125.556977
4.460832 45.567908 12.088377
4.460832 45.567908 125.556977
28.542349 2.148118 11.651523
28.542349 2.148118 125.120123
3.720649 45.140563 11.651523
3.720649 45.140563 125.120123
29.320509 2.597389 13.553257
29.320509 2.597389 127.021857
4.498809 45.589834 13.553257
4.498809 45.589834 127.021857
30.409189 3.225938 14.196057
30.409189 3.225938 127.664657
5.587489 46.218384 14.196057
5.587489 46.218384 127.664657
30.417752 3.230882 15.528745
30.417752 3.230882 128.997345
5.596052 46.223328 15.528745
5.596052 46.223328 128.997345
32.525487 4.447783 14.026988
32.525487 4.447783 127.495588
7.703787 47.440229 14.026988
7.703787 47.440229 127.495588
31.466593 3.836431 13.370005
31.466593 3.836431 126.838605
6.644893 46.828876 13.370005
6.644893 46.828876 126.838605
31.407021 3.802037 12.015190
31.407021 3.802037 125.483790
6.585321 46.794482 12.015190
6.585321 46.794482 125.483790
27.329312 1.447771 16.543722
27.329312 1.447771 130.012322
2.507612 44.440216 16.543722
2.507612 44.440216 130.012322
34.585564 5.637169 11.026879
34.585564 5.637169 124.495479
9.763864 48.629615 11.026879
9.763864 48.629615 124.495479
26.358163 12.096784 1.476226
26.358163 12.096784 114.944826
34.575635 7.421786 7.420846
34.575635 7.421786 120.889446
28.367976 12.283372 2.626798
28.367976 12.283372 116.095398
30.397523 11.111613 4.036078
30.397523 11.111613 117.504678
31.556200 10.442650 4.812771
31.556200 10.442650 118.281371
33.562289 9.284434 6.258928
33.562289 9.284434 119.727528
27.226426 12.942446 1.833085
27.226426 12.942446 115.301685
34.687829 8.634603 7.054910
34.687829 8.634603 120.523510
28.279983 10.943082 2.956992
28.279983 10.943082 116.425592
27.508153 10.436416 2.694312
27.508153 10.436416 116.162912
29.293702 10.330870 3.661632
29.293702 10.330870 117.130232
31.426630 9.098706 5.146936
31.426630 9.098706 118.615536
32.458220 8.538515 5.853278
32.458220 8.538515 119.321878
32.418878 7.605364 6.075109
32.418878 7.605364 119.543709
29.230779 8.950597 4.055368
29.230779 8.950597 117.523968
28.434995 8.444576 3.876087
28.434995 8.444576 117.344687
30.288679 8.343974 4.683416
30.288679 8.343974 118.152016
30.271180 7.393626 4.817877
30.271180 7.393626 118.286477
37.232674 7.165336 2.174058
37.232674 7.165336 115.642658
-12.410850 9.010787 56.328082
37.232550 9.010787 56.328082
23.274563 15.224055 48.183306
24.821576 14.330887 45.461195
37.232674 7.165336 0.253035
37.232674 7.165336 113.721635
24.821576 14.330887 47.484907
13.960469 20.601550 40.773807
15.025692 19.986543 38.926538
22.018337 15.949337 46.915295
23.115580 15.315844 45.127030
15.907359 19.477512 42.395273
15.162708 19.907437 42.822482
15.967676 19.442689 41.056911
17.045558 18.820373 40.444748
17.105130 18.785979 39.487073
19.171536 17.592939 40.567294
19.233342 17.557255 39.610186
20.111907 17.050159 41.297464
20.845140 16.626683 40.845292
21.122894 16.466322 43.477763
21.855259 16.043491 43.023322
21.123639 16.465892 44.892150
20.019694 17.103255 45.470272
19.961239 17.137004 46.427947
17.818133 18.374326 45.387440
17.760050 18.407860 46.345115
16.871682 18.920760 44.645923
16.131499 19.348105 45.082777
16.909659 18.898834 43.181043
17.998339 18.270285 42.538243
18.006902 18.265340 41.205555
20.114637 17.048439 42.707312
19.055743 17.659792 43.364295
18.996171 17.694186 44.719110
14.918462 20.048452 40.190578
22.174714 15.859053 45.707421
-10.874387 9.399438 55.258074
38.769013 9.399438 55.258074
22.164785 14.074437 49.313454
-8.864574 9.212851 54.107502
40.778826 9.212851 54.107502
-6.835027 10.384610 52.698222
42.808373 10.384610 52.698222
19.145350 11.053573 51.921529
21.151439 12.211789 50.475372
-10.006124 8.553777 54.901215
39.637276 8.553777 54.901215
22.276979 12.861620 49.679390
-8.952567 10.553141 53.777308
40.690833 10.553141 53.777308
-9.724397 11.059807 54.039988
39.919003 11.059807 54.039988
-7.938848 11.165353 53.072668
41.704552 11.165353 53.072668
19.015780 12.397517 51.587364
20.047370 12.957708 50.881022
20.008028 13.890859 50.659191
-8.001771 12.545626 52.678932
41.641629 12.545626 52.678932
-8.797555 13.051647 52.858213
40.845845 13.051647 52.858213
17.877829 13.152249 52.050884
17.860330 14.102597 51.916423
35.634405 6.242718 56.328082
10.812705 49.235164 56.328082
24.821700 12.544336 48.183306
24.821700 1.789346 40.773807
0.000000 44.781791 40.773807
24.821700 3.019359 38.926538
0.000000 46.011805 38.926538
24.821700 11.093771 46.915295
24.821700 12.360758 45.127030
24.821700 4.037421 42.395273
0.000000 47.029866 42.395273
24.821700 3.177572 42.822482
0.000000 46.170017 42.822482
24.821700 4.107068 41.056911
0.000000 47.099514 41.056911
24.821700 5.351700 40.444748
0.000000 48.344145 40.444748
24.821700 5.420488 39.487073
0.000000 48.412933 39.487073
24.821700 7.806568 40.567294
24.821700 7.877936 39.610186
24.821576 8.892342 41.297464
24.821700 9.739079 40.845292
24.821700 10.059802 43.477763
24.821700 10.905464 43.023322
24.821700 10.060662 44.892150
24.821700 8.785936 45.470272
24.821700 8.718438 46.427947
24.821700 6.243793 45.387440
0.000000 49.236238 45.387440
24.821700 6.176725 46.345115
0.000000 49.169170 46.345115
24.821700 5.150925 44.645923
0.000000 48.143370 44.645923
24.821700 4.296235 45.082777
0.000000 47.288681 45.082777
24.821700 5.194777 43.181043
0.000000 48.187223 43.181043
24.821700 6.451876 42.538243
0.000000 49.444322 42.538243
24.821700 6.461765 41.205555
0.000000 49.454210 41.205555
24.821700 8.895567 42.707312
24.821700 7.672862 43.364295
24.821700 7.604074 44.719110
24.821700 2.895541 40.190578
0.000000 45.887987 40.190578
24.821700 11.274339 45.707421
34.529591 7.379008 55.258074
26.372187 12.158049 49.313454
33.686274 9.212851 54.107502
31.656727 10.384610 52.698222
30.498050 11.053573 51.921529
28.491961 12.211789 50.475372
34.827824 8.553777 54.901215
27.366421 12.861620 49.679390
32.569545 8.466502 53.777308
32.516675 7.544744 54.039988
31.532495 9.038302 53.072668
29.398946 10.269391 51.587364
28.398011 10.882678 50.881022
27.609549 10.382031 50.659191
30.368605 8.293673 52.678932
30.328270 7.351493 52.858213
29.314304 8.906530 52.050884
28.500028 8.416201 51.916423
-10.812705 6.242718 56.328082
-35.634405 49.235164 56.328082
38.830695 6.242718 56.328082
14.008995 49.235164 56.328082
26.368837 15.224055 48.183306
-13.960469 20.601550 40.773807
35.682931 20.601550 40.773807
-15.025692 19.986543 38.926538
34.617708 19.986543 38.926538
27.625063 15.949337 46.915295
26.527820 15.315844 45.127030
-15.907359 19.477512 42.395273
33.736041 19.477512 42.395273
-15.162708 19.907437 42.822482
34.480692 19.907437 42.822482
-15.967676 19.442689 41.056911
33.675724 19.442689 41.056911
-17.045558 18.820373 40.444748
32.597842 18.820373 40.444748
-17.105130 18.785979 39.487073
32.538270 18.785979 39.487073
30.471864 17.592939 40.567294
30.410058 17.557255 39.610186
29.531618 17.049944 41.297464
28.798260 16.626683 40.845292
28.520506 16.466322 43.477763
27.788141 16.043491 43.023322
28.519761 16.465892 44.892150
29.623706 17.103255 45.470272
29.682161 17.137004 46.427947
-17.818133 18.374326 45.387440
31.825267 18.374326 45.387440
-17.760050 18.407860 46.345115
31.883350 18.407860 46.345115
-16.871682 18.920760 44.645923
32.771718 18.920760 44.645923
-16.131499 19.348105 45.082777
33.511901 19.348105 45.082777
-16.909659 18.898834 43.181043
32.733741 18.898834 43.181043
-17.998339 18.270285 42.538243
31.645061 18.270285 42.538243
-18.006902 18.265340 41.205555
31.636498 18.265340 41.205555
29.528763 17.048439 42.707312
30.587657 17.659792 43.364295
30.647229 17.694186 44.719110
-14.918462 20.048452 40.190578
34.724938 20.048452 40.190578
27.468686 15.859053 45.707421
38.399046 4.717776 55.258074
13.577346 47.710222 55.258074
25.928127 16.759960 49.313454
37.232550 3.070520 54.107502
12.410850 46.062966 54.107502
37.232550 0.727002 52.698222
12.410850 43.719448 52.698222
24.821700 20.885300 51.921529
24.821700 18.568867 50.475372
37.232550 4.388669 54.901215
12.410850 47.381114 54.901215
24.821700 17.269206 49.679390
38.437271 2.476580 53.777308
13.615571 45.469025 53.777308
39.261972 2.891672 54.039988
14.440272 45.884117 54.039988
38.460604 1.292568 53.072668
13.638904 44.285013 53.072668
26.050374 20.325538 51.587364
26.019719 19.152060 50.881022
26.847523 18.719556 50.659191
39.687416 0.656925 52.678932
14.865716 43.649370 52.678932
40.523535 1.093083 52.858213
15.701835 44.085528 52.858213
27.272967 20.933667 52.050884
28.104742 20.473647 51.916423
36.066054 4.717776 55.258074
11.244354 47.710222 55.258074
23.715273 16.759960 49.313454
36.027829 2.476580 53.777308
11.206129 45.469025 53.777308
35.203128 2.891672 54.039988
10.381428 45.884117 54.039988
36.004496 1.292568 53.072668
11.182796 44.285013 53.072668
23.593026 20.325538 51.587364
23.623681 19.152060 50.881022
22.795877 18.719556 50.659191
34.777684 0.656925 52.678932
9.955984 43.649370 52.678932
33.941565 1.093083 52.858213
9.119865 44.085528 52.858213
22.370433 20.933667 52.050884
21.538658 20.473647 51.916423
-9.707891 7.379008 55.258074
39.935509 7.379008 55.258074
23.271213 12.158049 49.313454
-7.747845 8.466502 53.777308
41.895555 8.466502 53.777308
-7.694975 7.544744 54.039988
41.948425 7.544744 54.039988
-6.710795 9.038302 53.072668
42.932605 9.038302 53.072668
20.244454 10.269391 51.587364
21.245389 10.882678 50.881022
22.033851 10.382031 50.659191
-5.546905 8.293673 52.678932
44.096495 8.293673 52.678932
-5.506570 7.351493 52.858213
44.136830 7.351493 52.858213
20.329096 8.906530 52.050884
21.143372 8.416201 51.916423
35.696087 9.399438 55.258074
27.478615 14.074437 49.313454
33.774267 10.553141 53.777308
34.546097 11.059807 54.039988
32.760548 11.165353 53.072668
30.627620 12.397517 51.587364
29.596030 12.957708 50.881022
29.635372 13.890859 50.659191
32.823471 12.545626 52.678932
33.619255 13.051647 52.858213
31.765571 13.152249 52.050884
31.783070 14.102597 51.916423
23.285237 12.096784 1.476226
23.285237 12.096784 114.944826
-9.753935 7.421786 7.420846
-9.753935 7.421786 120.889446
39.889465 7.421786 7.420846
39.889465 7.421786 120.889446
21.363417 10.943082 2.956992
21.363417 10.943082 116.425592
22.135247 10.436416 2.694312
22.135247 10.436416 116.162912
20.349698 10.330870 3.661632
20.349698 10.330870 117.130232
-6.604930 9.098706 5.146936
-6.604930 9.098706 118.615536
43.038470 9.098706 5.146936
43.038470 9.098706 118.615536
-7.636520 8.538515 5.853278
-7.636520 8.538515 119.321878
42.006880 8.538515 5.853278
42.006880 8.538515 119.321878
-7.597178 7.605364 6.075109
-7.597178 7.605364 119.543709
42.046222 7.605364 6.075109
42.046222 7.605364 119.543709
20.412621 8.950597 4.055368
20.412621 8.950597 117.523968
21.208405 8.444576 3.876087
21.208405 8.444576 117.344687
-5.466979 8.343974 4.683416
-5.466979 8.343974 118.152016
44.176421 8.343974 4.683416
44.176421 8.343974 118.152016
-5.449480 7.393626 4.817877
-5.449480 7.393626 118.286477
44.193920 7.393626 4.817877
44.193920 7.393626 118.286477
27.524659 14.117214 1.476226
27.524659 14.117214 114.944826
35.682063 9.338174 7.420846
35.682063 9.338174 120.889446
29.484705 13.029720 2.956992
29.484705 13.029720 116.425592
29.537575 13.951478 2.694312
29.537575 13.951478 116.162912
30.521755 12.457921 3.661632
30.521755 12.457921 117.130232
32.655304 11.226832 5.146936
32.655304 11.226832 118.615536
33.656239 10.613545 5.853278
33.656239 10.613545 119.321878
34.444701 11.114192 6.075109
34.444701 11.114192 119.543709
31.685645 13.202550 4.055368
31.685645 13.202550 117.523968
31.725980 14.144730 3.876087
31.725980 14.144730 117.344687
32.739946 12.589693 4.683416
32.739946 12.589693 118.152016
33.554222 13.080022 4.817877
33.554222 13.080022 118.286477
23.655204 16.778447 1.476226
23.655204 16.778447 114.944826
36.126123 4.736263 7.420846
36.126123 4.736263 120.889446
11.304423 47.728708 7.420846
11.304423 47.728708 120.889446
23.616979 19.019643 2.956992
23.616979 19.019643 116.425592
22.792278 18.604551 2.694312
22.792278 18.604551 116.162912
23.593646 20.203655 3.661632
23.593646 20.203655 117.130232
36.003876 1.170684 5.146936
36.003876 1.170684 118.615536
11.182176 44.163130 5.146936
11.182176 44.163130 118.615536
36.034531 2.344163 5.853278
36.034531 2.344163 119.321878
11.212831 45.336609 5.853278
11.212831 45.336609 119.321878
35.206727 2.776667 6.075109
35.206727 2.776667 119.543709
10.385027 45.769113 6.075109
10.385027 45.769113 119.543709
22.366834 20.839298 4.055368
22.366834 20.839298 117.523968
21.530715 20.403140 3.876087
21.530715 20.403140 117.344687
34.781283 0.562556 4.683416
34.781283 0.562556 118.152016
9.959583 43.555002 4.683416
9.959583 43.555002 118.152016
33.949508 1.022575 4.817877
33.949508 1.022575 118.286477
9.127808 44.015021 4.817877
9.127808 44.015021 118.286477
26.419845 0.922690 19.317651
1.598145 43.915135 19.317651
26.368837 13.437575 27.462427
24.821824 14.330744 30.184539
24.821824 14.330744 28.160826
35.682931 8.060080 34.871927
34.617708 8.675087 36.719195
27.625063 12.712293 28.730439
26.527820 13.345787 30.518704
33.736041 9.184118 33.250460
34.480692 8.754193 32.823251
33.675724 9.218942 34.588822
32.597842 9.841257 35.200986
32.538270 9.875651 36.158661
30.471864 11.068692 35.078439
30.410058 11.104375 36.035547
29.531618 11.611686 34.348269
28.798260 12.034947 34.800441
28.520506 12.195309 32.167970
27.788141 12.618139 32.622412
28.519761 12.195739 30.753584
29.623706 11.558376 30.175461
29.682161 11.524627 29.217786
31.825267 10.287304 30.258293
31.883350 10.253770 29.300618
32.771718 9.740870 30.999811
33.511901 9.313525 30.562957
32.733741 9.762796 32.464690
31.645061 10.391346 33.107490
31.636498 10.396290 34.440179
29.528763 11.613191 32.938422
30.587657 11.001838 32.281438
30.647229 10.967445 30.926623
34.724938 8.613178 35.455155
27.468686 12.802577 29.938312
25.988196 2.447632 20.387660
1.166496 45.440077 20.387660
25.928127 11.901670 26.332280
24.821700 4.094887 21.538231
0.000000 47.087333 21.538231
24.821700 6.438405 22.947511
-0.000000 49.430851 22.947511
24.821700 7.776330 23.724204
24.821700 10.092763 25.170361
24.821700 2.776739 20.744519
0.000000 45.769184 20.744519
24.821700 11.392425 25.966344
26.026421 4.688828 21.868425
1.204721 47.681273 21.868425
26.851122 4.273736 21.605745
2.029422 47.266181 21.605745
26.049754 5.872840 22.573065
1.228054 48.865285 22.573065
26.050374 8.336092 24.058369
26.019719 9.509571 24.764711
26.847523 9.942075 24.986542
27.276566 6.508483 22.966801
28.112685 6.072325 22.787521
3.290985 49.064770 22.787521
27.272967 7.727964 23.594850
28.104742 8.187983 23.729310
-1.598145 0.922690 19.317651
-26.419845 43.915135 19.317651
48.045255 0.922690 19.317651
23.223555 43.915135 19.317651
24.821700 16.117295 27.462427
37.232550 5.376062 34.871927
12.410850 48.368508 34.871927
37.232550 4.146048 36.719195
12.410850 47.138494 36.719195
24.821700 17.567860 28.730439
24.821700 16.300872 30.518704
37.232550 3.127987 33.250460
12.410850 46.120433 33.250460
37.232550 3.987836 32.823251
12.410850 46.980281 32.823251
37.232550 3.058339 34.588822
12.410850 46.050785 34.588822
37.232550 1.813708 35.200986
12.410850 44.806153 35.200986
37.232550 1.744920 36.158661
12.410850 44.737366 36.158661
24.821700 20.855062 35.078439
24.821700 20.783695 36.035547
24.821576 19.769288 34.348269
24.821700 18.922552 34.800441
24.821700 18.601828 32.167970
24.821700 17.756167 32.622412
24.821700 18.600968 30.753584
24.821700 19.875694 30.175461
24.821700 19.943192 29.217786
37.232550 0.921615 30.258293
12.410850 43.914060 30.258293
37.232550 0.988683 29.300618
12.410850 43.981128 29.300618
37.232550 2.014483 30.999811
12.410850 45.006928 30.999811
37.232550 2.869173 30.562957
12.410850 45.861618 30.562957
37.232550 1.970630 32.464690
12.410850 44.963076 32.464690
37.232550 0.713531 33.107490
12.410850 43.705977 33.107490
37.232550 0.703643 34.440179
12.410850 43.696089 34.440179
24.821700 19.766063 32.938422
24.821700 20.988769 32.281438
24.821700 21.057557 30.926623
37.232550 4.269866 35.455155
12.410850 47.262312 35.455155
24.821700 17.387291 29.938312
-15.113809 21.282622 20.387660
34.529591 21.282622 20.387660
26.372187 16.503582 26.332280
-15.957126 19.448779 21.538231
33.686274 19.448779 21.538231
-17.986673 18.277020 22.947511
31.656727 18.277020 22.947511
30.498050 17.608058 23.724204
28.491961 16.449841 25.170361
-14.815576 20.107853 20.744519
34.827824 20.107853 20.744519
27.366421 15.800010 25.966344
-17.073855 20.195128 21.868425
32.569545 20.195128 21.868425
-17.126725 21.116886 21.605745
32.516675 21.116886 21.605745
-18.110905 19.623329 22.573065
31.532495 19.623329 22.573065
29.398946 18.392240 24.058369
28.398011 17.778953 24.764711
27.609549 18.279600 24.986542
30.368605 20.367958 22.966801
-19.315130 21.310137 22.787521
30.328270 21.310137 22.787521
29.314304 19.755100 23.594850
28.500028 20.245429 23.729310
-12.410850 19.650844 19.317651
37.232550 19.650844 19.317651
23.274563 13.437575 27.462427
-10.861231 8.060080 34.871927
38.782169 8.060080 34.871927
-9.796008 8.675087 36.719195
39.847392 8.675087 36.719195
22.018337 12.712293 28.730439
23.115580 13.345787 30.518704
-8.914341 9.184118 33.250460
40.729059 9.184118 33.250460
-9.658992 8.754193 32.823251
39.984408 8.754193 32.823251
-8.854024 9.218942 34.588822
40.789376 9.218942 34.588822
-7.776142 9.841257 35.200986
41.867258 9.841257 35.200986
-7.716570 9.875651 36.158661
41.926830 9.875651 36.158661
19.171536 11.068692 35.078439
19.233342 11.104375 36.035547
20.111907 11.611471 34.348269
20.845140 12.034947 34.800441
21.122894 12.195309 32.167970
21.855259 12.618139 32.622412
21.123639 12.195739 30.753584
20.019694 11.558376 30.175461
19.961239 11.524627 29.217786
-7.003567 10.287304 30.258293
42.639833 10.287304 30.258293
-7.061650 10.253770 29.300618
42.581750 10.253770 29.300618
-7.950018 9.740870 30.999811
41.693382 9.740870 30.999811
-8.690201 9.313525 30.562957
40.953199 9.313525 30.562957
-7.912041 9.762796 32.464690
41.731359 9.762796 32.464690
-6.823361 10.391346 33.107490
42.820039 10.391346 33.107490
-6.814798 10.396290 34.440179
42.828602 10.396290 34.440179
20.114637 11.613191 32.938422
19.055743 11.001838 32.281438
18.996171 10.967445 30.926623
-9.903238 8.613178 35.455155
39.740162 8.613178 35.455155
22.174714 12.802577 29.938312
13.947313 19.262192 20.387660
22.164785 14.587193 26.332280
15.957126 19.448779 21.538231
17.986673 18.277020 22.947511
19.145350 17.608058 23.724204
21.151439 16.449841 25.170361
14.815576 20.107853 20.744519
22.276979 15.800010 25.966344
15.869133 18.108490 21.868425
15.097303 17.601824 21.605745
16.882852 17.496277 22.573065
19.015780 16.264114 24.058369
20.047370 15.703922 24.764711
20.008028 14.770771 24.986542
16.819929 16.116005 22.966801
16.024145 15.609984 22.787521
17.877829 15.509381 23.594850
17.860330 14.559033 23.729310
24.821824 14.330744 21.085492
24.821700 16.176194 18.505216
-1.547137 0.893240 10.360440
-1.547137 0.893240 123.829040
-26.368837 43.885685 10.360440
-26.368837 43.885685 123.829040
48.096263 0.893240 10.360440
48.096263 0.893240 123.829040
23.274563 43.885685 10.360440
23.274563 43.885685 123.829040
24.821824 14.330744 19.164468
-10.861231 6.270735 2.950940
-10.861231 6.270735 116.419540
-35.682931 49.263180 2.950940
-35.682931 49.263180 116.419540
38.782169 6.270735 2.950940
38.782169 6.270735 116.419540
13.960469 49.263180 2.950940
13.960469 49.263180 116.419540
-9.796008 5.655728 1.103671
-9.796008 5.655728 114.572271
-34.617708 48.648173 1.103671
-34.617708 48.648173 114.572271
39.847392 5.655728 1.103671
39.847392 5.655728 114.572271
15.025692 48.648173 1.103671
15.025692 48.648173 114.572271
-2.803363 1.618522 9.092428
-2.803363 1.618522 122.561028
-27.625063 44.610968 9.092428
-27.625063 44.610968 122.561028
46.840037 1.618522 9.092428
46.840037 1.618522 122.561028
22.018337 44.610968 9.092428
22.018337 44.610968 122.561028
-1.706120 0.985029 7.304163
-1.706120 0.985029 120.772763
-26.527820 43.977474 7.304163
-26.527820 43.977474 120.772763
47.937280 0.985029 7.304163
47.937280 0.985029 120.772763
23.115580 43.977474 7.304163
23.115580 43.977474 120.772763
-8.914341 5.146697 4.572406
-8.914341 5.146697 118.041006
-33.736041 48.139143 4.572406
-33.736041 48.139143 118.041006
40.729059 5.146697 4.572406
40.729059 5.146697 118.041006
15.907359 48.139143 4.572406
15.907359 48.139143 118.041006
-9.658992 5.576622 4.999616
-9.658992 5.576622 118.468216
-34.480692 48.569067 4.999616
-34.480692 48.569067 118.468216
39.984408 5.576622 4.999616
39.984408 5.576622 118.468216
15.162708 48.569067 4.999616
15.162708 48.569067 118.468216
-8.854024 5.111873 3.234044
-8.854024 5.111873 116.702644
-33.675724 48.104319 3.234044
-33.675724 48.104319 116.702644
40.789376 5.111873 3.234044
40.789376 5.111873 116.702644
15.967676 48.104319 3.234044
15.967676 48.104319 116.702644
-7.776142 4.489558 2.621881
-7.776142 4.489558 116.090481
-32.597842 47.482003 2.621881
-32.597842 47.482003 116.090481
41.867258 4.489558 2.621881
41.867258 4.489558 116.090481
17.045558 47.482003 2.621881
17.045558 47.482003 116.090481
-7.716570 4.455164 1.664206
-7.716570 4.455164 115.132806
-32.538270 47.447609 1.664206
-32.538270 47.447609 115.132806
41.926830 4.455164 1.664206
41.926830 4.455164 115.132806
17.105130 47.447609 1.664206
17.105130 47.447609 115.132806
-5.650164 3.262123 2.744427
-5.650164 3.262123 116.213027
-30.471864 46.254569 2.744427
-30.471864 46.254569 116.213027
43.993236 3.262123 2.744427
43.993236 3.262123 116.213027
19.171536 46.254569 2.744427
19.171536 46.254569 116.213027
-5.588358 3.226440 1.787320
-5.588358 3.226440 115.255920
-30.410058 46.218885 1.787320
-30.410058 46.218885 115.255920
44.055042 3.226440 1.787320
44.055042 3.226440 115.255920
19.233342 46.218885 1.787320
19.233342 46.218885 115.255920
-4.709793 2.719344 3.474598
-4.709793 2.719344 116.943198
-29.531493 45.711789 3.474598
-29.531493 45.711789 116.943198
44.933607 2.719344 3.474598
44.933607 2.719344 116.943198
20.111907 45.711789 3.474598
20.111907 45.711789 116.943198
-3.976560 2.295868 3.022425
-3.976560 2.295868 116.491025
-28.798260 45.288314 3.022425
-28.798260 45.288314 116.491025
45.666840 2.295868 3.022425
45.666840 2.295868 116.491025
20.845140 45.288314 3.022425
20.845140 45.288314 116.491025
-3.698806 2.135506 5.654897
-3.698806 2.135506 119.123497
-28.520506 45.127952 5.654897
-28.520506 45.127952 119.123497
45.944594 2.135506 5.654897
45.944594 2.135506 119.123497
21.122894 45.127952 5.654897
21.122894 45.127952 119.123497
-2.966441 1.712676 5.200455
-2.966441 1.712676 118.669055
-27.788141 44.705121 5.200455
-27.788141 44.705121 118.669055
46.676959 1.712676 5.200455
46.676959 1.712676 118.669055
21.855259 44.705121 5.200455
21.855259 44.705121 118.669055
-3.698061 2.135076 7.069283
-3.698061 2.135076 120.537883
-28.519761 45.127522 7.069283
-28.519761 45.127522 120.537883
45.945339 2.135076 7.069283
45.945339 2.135076 120.537883
21.123639 45.127522 7.069283
21.123639 45.127522 120.537883
-4.802006 2.772440 7.647405
-4.802006 2.772440 121.116005
-29.623706 45.764885 7.647405
-29.623706 45.764885 121.116005
44.841394 2.772440 7.647405
44.841394 2.772440 121.116005
20.019694 45.764885 7.647405
20.019694 45.764885 121.116005
-4.860461 2.806189 8.605080
-4.860461 2.806189 122.073680
-29.682161 45.798634 8.605080
-29.682161 45.798634 122.073680
44.782939 2.806189 8.605080
44.782939 2.806189 122.073680
19.961239 45.798634 8.605080
19.961239 45.798634 122.073680
-7.003567 4.043511 7.564573
-7.003567 4.043511 121.033173
-31.825267 47.035957 7.564573
-31.825267 47.035957 121.033173
42.639833 4.043511 7.564573
42.639833 4.043511 121.033173
17.818133 47.035957 7.564573
17.818133 47.035957 121.033173
-7.061650 4.077045 8.522248
-7.061650 4.077045 121.990848
-31.883350 47.069491 8.522248
-31.883350 47.069491 121.990848
42.581750 4.077045 8.522248
42.581750 4.077045 121.990848
17.760050 47.069491 8.522248
17.760050 47.069491 121.990848
-7.950018 4.589945 6.823056
-7.950018 4.589945 120.291656
-32.771718 47.582391 6.823056
-32.771718 47.582391 120.291656
41.693382 4.589945 6.823056
41.693382 4.589945 120.291656
16.871682 47.582391 6.823056
16.871682 47.582391 120.291656
-8.690201 5.017290 7.259910
-8.690201 5.017290 120.728510
-33.511901 48.009736 7.259910
-33.511901 48.009736 120.728510
40.953199 5.017290 7.259910
40.953199 5.017290 120.728510
16.131499 48.009736 7.259910
16.131499 48.009736 120.728510
-7.912041 4.568019 5.358176
-7.912041 4.568019 118.826776
-32.733741 47.560465 5.358176
-32.733741 47.560465 118.826776
41.731359 4.568019 5.358176
41.731359 4.568019 118.826776
16.909659 47.560465 5.358176
16.909659 47.560465 118.826776
-6.823361 3.939469 4.715377
-6.823361 3.939469 118.183977
-31.645061 46.931915 4.715377
-31.645061 46.931915 118.183977
42.820039 3.939469 4.715377
42.820039 3.939469 118.183977
17.998339 46.931915 4.715377
17.998339 46.931915 118.183977
-6.814798 3.934525 3.382688
-6.814798 3.934525 116.851288
-31.636498 46.926971 3.382688
-31.636498 46.926971 116.851288
42.828602 3.934525 3.382688
42.828602 3.934525 116.851288
18.006902 46.926971 3.382688
18.006902 46.926971 116.851288
-4.707063 2.717624 4.884445
-4.707063 2.717624 118.353045
-29.528763 45.710070 4.884445
-29.528763 45.710070 118.353045
44.936337 2.717624 4.884445
44.936337 2.717624 118.353045
20.114637 45.710070 4.884445
20.114637 45.710070 118.353045
-5.765957 3.328977 5.541428
-5.765957 3.328977 119.010028
-30.587657 46.321422 5.541428
-30.587657 46.321422 119.010028
43.877443 3.328977 5.541428
43.877443 3.328977 119.010028
19.055743 46.321422 5.541428
19.055743 46.321422 119.010028
-5.825529 3.363371 6.896243
-5.825529 3.363371 120.364843
-30.647229 46.355816 6.896243
-30.647229 46.355816 120.364843
43.817871 3.363371 6.896243
43.817871 3.363371 120.364843
18.996171 46.355816 6.896243
18.996171 46.355816 120.364843
-9.903238 5.717637 2.367711
-9.903238 5.717637 115.836311
-34.724938 48.710083 2.367711
-34.724938 48.710083 115.836311
39.740162 5.717637 2.367711
39.740162 5.717637 115.836311
14.918462 48.710083 2.367711
14.918462 48.710083 115.836311
-2.646986 1.528238 7.884555
-2.646986 1.528238 121.353155
-27.468686 44.520684 7.884555
-27.468686 44.520684 121.353155
46.996414 1.528238 7.884555
46.996414 1.528238 121.353155
22.174714 44.520684 7.884555
22.174714 44.520684 121.353155
26.358163 16.564846 17.435207
-15.067765 21.239844 11.490587
-15.067765 21.239844 124.959187
34.575635 21.239844 11.490587
34.575635 21.239844 124.959187
28.367976 16.378259 16.284635
28.367976 16.378259 129.753235
30.397523 17.550018 14.875355
30.397523 17.550018 128.343955
31.556200 18.218980 14.098663
31.556200 18.218980 127.567263
-16.081111 19.377197 12.652505
-16.081111 19.377197 126.121105
33.562289 19.377197 12.652505
33.562289 19.377197 126.121105
27.226426 15.719185 17.078348
27.226426 15.719185 130.546948
-14.955571 20.027028 11.856523
-14.955571 20.027028 125.325123
34.687829 20.027028 11.856523
34.687829 20.027028 125.325123
28.279983 17.718548 15.954442
28.279983 17.718548 129.423042
27.508153 18.225214 16.217121
27.508153 18.225214 129.685721
29.293702 18.330761 15.249802
29.293702 18.330761 128.718402
-18.216770 19.562924 13.764498
-18.216770 19.562924 127.233098
31.426630 19.562924 13.764498
31.426630 19.562924 127.233098
-17.185180 20.123116 13.058156
-17.185180 20.123116 126.526756
32.458220 20.123116 13.058156
32.458220 20.123116 126.526756
-17.224522 21.056267 12.836324
-17.224522 21.056267 126.304924
32.418878 21.056267 12.836324
32.418878 21.056267 126.304924
29.230779 19.711033 14.856066
29.230779 19.711033 128.324666
28.434995 20.217054 15.035346
28.434995 20.217054 128.503946
30.288679 20.317657 14.228017
30.288679 20.317657 127.696617
-19.372220 21.268005 14.093557
-19.372220 21.268005 127.562157
30.271180 21.268005 14.093557
30.271180 21.268005 127.562157
23.223555 13.408126 18.505216
-12.410850 19.709743 10.360440
-12.410850 19.709743 123.829040
37.232550 19.709743 10.360440
37.232550 19.709743 123.829040
-12.410850 8.954753 2.950940
-12.410850 8.954753 116.419540
37.232550 8.954753 2.950940
37.232550 8.954753 116.419540
-12.410850 10.184767 1.103671
-12.410850 10.184767 114.572271
37.232550 10.184767 1.103671
37.232550 10.184767 114.572271
-12.410850 18.259178 9.092428
-12.410850 18.259178 122.561028
37.232550 18.259178 9.092428
37.232550 18.259178 122.561028
-12.410850 19.526166 7.304163
-12.410850 19.526166 120.772763
37.232550 19.526166 7.304163
37.232550 19.526166 120.772763
-12.410850 11.202828 4.572406
-12.410850 11.202828 118.041006
37.232550 11.202828 4.572406
37.232550 11.202828 118.041006
-12.410850 10.342979 4.999616
-12.410850 10.342979 118.468216
37.232550 10.342979 4.999616
37.232550 10.342979 118.468216
-12.410850 11.272476 3.234044
-12.410850 11.272476 116.702644
37.232550 11.272476 3.234044
37.232550 11.272476 116.702644
-12.410850 12.517107 2.621881
-12.410850 12.517107 116.090481
37.232550 12.517107 2.621881
37.232550 12.517107 116.090481
-12.410850 12.585895 1.664206
-12.410850 12.585895 115.132806
37.232550 12.585895 1.664206
37.232550 12.585895 115.132806
-12.410850 14.971976 2.744427
-12.410850 14.971976 116.213027
37.232550 14.971976 2.744427
37.232550 14.971976 116.213027
-12.410850 15.043343 1.787320
-12.410850 15.043343 115.255920
37.232550 15.043343 1.787320
37.232550 15.043343 115.255920
-12.410974 16.057750 3.474598
-12.410974 16.057750 116.943198
37.232426 16.057750 3.474598
37.232426 16.057750 116.943198
-12.410850 16.904486 3.022425
-12.410850 16.904486 116.491025
37.232550 16.904486 3.022425
37.232550 16.904486 116.491025
-12.410850 17.225210 5.654897
-12.410850 17.225210 119.123497
37.232550 17.225210 5.654897
37.232550 17.225210 119.123497
-12.410850 18.070871 5.200455
-12.410850 18.070871 118.669055
37.232550 18.070871 5.200455
37.232550 18.070871 118.669055
-12.410850 17.226070 7.069283
-12.410850 17.226070 120.537883
37.232550 17.226070 7.069283
37.232550 17.226070 120.537883
-12.410850 15.951344 7.647405
-12.410850 15.951344 121.116005
37.232550 15.951344 7.647405
37.232550 15.951344 121.116005
-12.410850 15.883846 8.605080
-12.410850 15.883846 122.073680
37.232550 15.883846 8.605080
37.232550 15.883846 122.073680
-12.410850 13.409200 7.564573
-12.410850 13.409200 121.033173
37.232550 13.409200 7.564573
37.232550 13.409200 121.033173
-12.410850 13.342132 8.522248
-12.410850 13.342132 121.990848
37.232550 13.342132 8.522248
37.232550 13.342132 121.990848
-12.410850 12.316332 6.823056
-12.410850 12.316332 120.291656
37.232550 12.316332 6.823056
37.232550 12.316332 120.291656
-12.410850 11.461643 7.259910
-12.410850 11.461643 120.728510
37.232550 11.461643 7.259910
37.232550 11.461643 120.728510
-12.410850 12.360185 5.358176
-12.410850 12.360185 118.826776
37.232550 12.360185 5.358176
37.232550 12.360185 118.826776
-12.410850 13.617284 4.715377
-12.410850 13.617284 118.183977
37.232550 13.617284 4.715377
37.232550 13.617284 118.183977
-12.410850 13.627172 3.382688
-12.410850 13.627172 116.851288
37.232550 13.627172 3.382688
37.232550 13.627172 116.851288
-12.410850 16.060974 4.884445
-12.410850 16.060974 118.353045
37.232550 16.060974 4.884445
37.232550 16.060974 118.353045
-12.410850 14.838269 5.541428
-12.410850 14.838269 119.010028
37.232550 14.838269 5.541428
37.232550 14.838269 119.010028
-12.410850 14.769481 6.896243
-12.410850 14.769481 120.364843
37.232550 14.769481 6.896243
37.232550 14.769481 120.364843
-12.410850 10.060949 2.367711
-12.410850 10.060949 115.836311
37.232550 10.060949 2.367711
37.232550 10.060949 115.836311
-12.410850 18.439747 7.884555
-12.410850 18.439747 121.353155
37.232550 18.439747 7.884555
37.232550 18.439747 121.353155
22.118741 14.544416 17.435207
13.961337 19.323456 11.490587
13.961337 19.323456 124.959187
21.275424 16.378259 16.284635
21.275424 16.378259 129.753235
19.245877 17.550018 14.875355
19.245877 17.550018 128.343955
18.087200 18.218980 14.098663
18.087200 18.218980 127.567263
16.081111 19.377197 12.652505
16.081111 19.377197 126.121105
22.416974 15.719185 17.078348
22.416974 15.719185 130.546948
14.955571 20.027028 11.856523
14.955571 20.027028 125.325123
20.158695 15.631910 15.954442
20.158695 15.631910 129.423042
20.105825 14.710152 16.217121
20.105825 14.710152 129.685721
19.121645 16.203709 15.249802
19.121645 16.203709 128.718402
16.988096 17.434798 13.764498
16.988096 17.434798 127.233098
15.987161 18.048085 13.058156
15.987161 18.048085 126.526756
15.198699 17.547438 12.836324
15.198699 17.547438 126.304924
17.957755 15.459080 14.856066
17.957755 15.459080 128.324666
17.917420 14.516901 15.035346
17.917420 14.516901 128.503946
16.903454 16.071938 14.228017
16.903454 16.071938 127.696617
16.089178 15.581609 14.093557
16.089178 15.581609 127.562157
26.419845 13.408126 18.505216
26.368837 0.893240 10.360440
26.368837 0.893240 123.829040
1.547137 43.885685 10.360440
1.547137 43.885685 123.829040
35.682931 6.270735 2.950940
35.682931 6.270735 116.419540
10.861231 49.263180 2.950940
10.861231 49.263180 116.419540
34.617708 5.655728 1.103671
34.617708 5.655728 114.572271
9.796008 48.648173 1.103671
9.796008 48.648173 114.572271
27.625063 1.618522 9.092428
27.625063 1.618522 122.561028
2.803363 44.610968 9.092428
2.803363 44.610968 122.561028
26.527820 0.985029 7.304163
26.527820 0.985029 120.772763
1.706120 43.977474 7.304163
1.706120 43.977474 120.772763
33.736041 5.146697 4.572406
33.736041 5.146697 118.041006
8.914341 48.139143 4.572406
8.914341 48.139143 118.041006
34.480692 5.576622 4.999616
34.480692 5.576622 118.468216
9.658992 48.569067 4.999616
9.658992 48.569067 118.468216
33.675724 5.111873 3.234044
33.675724 5.111873 116.702644
8.854024 48.104319 3.234044
8.854024 48.104319 116.702644
32.597842 4.489558 2.621881
32.597842 4.489558 116.090481
7.776142 47.482003 2.621881
7.776142 47.482003 116.090481
32.538270 4.455164 1.664206
32.538270 4.455164 115.132806
7.716570 47.447609 1.664206
7.716570 47.447609 115.132806
30.471864 3.262123 2.744427
30.471864 3.262123 116.213027
5.650164 46.254569 2.744427
5.650164 46.254569 116.213027
30.410058 3.226440 1.787320
30.410058 3.226440 115.255920
5.588358 46.218885 1.787320
5.588358 46.218885 115.255920
29.531618 2.719129 3.474598
29.531618 2.719129 116.943198
4.709918 45.711574 3.474598
4.709918 45.711574 116.943198
28.798260 2.295868 3.022425
28.798260 2.295868 116.491025
3.976560 45.288314 3.022425
3.976560 45.288314 116.491025
28.520506 2.135506 5.654897
28.520506 2.135506 119.123497
3.698806 45.127952 5.654897
3.698806 45.127952 119.123497
27.788141 1.712676 5.200455
27.788141 1.712676 118.669055
2.966441 44.705121 5.200455
2.966441 44.705121 118.669055
28.519761 2.135076 7.069283
28.519761 2.135076 120.537883
3.698061 45.127522 7.069283
3.698061 45.127522 120.537883
29.623706 2.772440 7.647405
29.623706 2.772440 121.116005
4.802006 45.764885 7.647405
4.802006 45.764885 121.116005
29.682161 2.806189 8.605080
29.682161 2.806189 122.073680
4.860461 45.798634 8.605080
4.860461 45.798634 122.073680
31.825267 4.043511 7.564573
31.825267 4.043511 121.033173
7.003567 47.035957 7.564573
7.003567 47.035957 121.033173
31.883350 4.077045 8.522248
31.883350 4.077045 121.990848
7.061650 47.069491 8.522248
7.061650 47.069491 121.990848
32.771718 4.589945 6.823056
32.771718 4.589945 120.291656
7.950018 47.582391 6.823056
7.950018 47.582391 120.291656
33.511901 5.017290 7.259910
33.511901 5.017290 120.728510
8.690201 48.009736 7.259910
8.690201 48.009736 120.728510
32.733741 4.568019 5.358176
32.733741 4.568019 118.826776
7.912041 47.560465 5.358176
7.912041 47.560465 118.826776
31.645061 3.939469 4.715377
31.645061 3.939469 118.183977
6.823361 46.931915 4.715377
6.823361 46.931915 118.183977
31.636498 3.934525 3.382688
31.636498 3.934525 116.851288
6.814798 46.926971 3.382688
6.814798 46.926971 116.851288
29.528763 2.717624 4.884445
29.528763 2.717624 118.353045
4.707063 45.710070 4.884445
4.707063 45.710070 118.353045
30.587657 3.328977 5.541428
30.587657 3.328977 119.010028
5.765957 46.321422 5.541428
5.765957 46.321422 119.010028
30.647229 3.363371 6.896243
30.647229 3.363371 120.364843
5.825529 46.355816 6.896243
5.825529 46.355816 120.364843
34.724938 5.717637 2.367711
34.724938 5.717637 115.836311
9.903238 48.710083 2.367711
9.903238 48.710083 115.836311
27.468686 1.528238 7.884555
27.468686 1.528238 121.353155
2.646986 44.520684 7.884555
2.646986 44.520684 121.353155
25.988196 11.883184 17.435207
25.928127 2.429145 11.490587
25.928127 2.429145 124.959187
1.106427 45.421590 11.490587
1.106427 45.421590 124.959187
24.821700 10.235928 16.284635
24.821700 10.235928 129.753235
24.821700 7.892410 14.875355
24.821700 7.892410 128.343955
24.821700 6.554485 14.098663
24.821700 6.554485 127.567263
24.821700 4.238052 12.652505
24.821700 4.238052 126.121105
0.000000 47.230498 12.652505
0.000000 47.230498 126.121105
24.821700 11.554076 17.078348
24.821700 11.554076 130.546948
24.821700 2.938390 11.856523
24.821700 2.938390 125.325123
0.000000 45.930836 11.856523
0.000000 45.930836 125.325123
26.026421 9.641987 15.954442
26.026421 9.641987 129.423042
26.851122 10.057079 16.217121
26.851122 10.057079 129.685721
26.049754 8.457975 15.249802
26.049754 8.457975 128.718402
26.050374 5.994723 13.764498
26.050374 5.994723 127.233098
1.228674 48.987169 13.764498
1.228674 48.987169 127.233098
26.019719 4.821244 13.058156
26.019719 4.821244 126.526756
1.198019 47.813690 13.058156
1.198019 47.813690 126.526756
26.847523 4.388740 12.836324
26.847523 4.388740 126.304924
2.025823 47.381186 12.836324
2.025823 47.381186 126.304924
27.276566 7.822332 14.856066
27.276566 7.822332 128.324666
28.112685 8.258491 15.035346
28.112685 8.258491 128.503946
27.272967 6.602851 14.228017
27.272967 6.602851 127.696617
28.104742 6.142832 14.093557
28.104742 6.142832 127.562157
3.283042 49.135278 14.093557
3.283042 49.135278 127.562157
23.655204 11.883184 17.435207
23.715273 2.429145 11.490587
23.715273 2.429145 124.959187
-1.106427 45.421590 11.490587
-1.106427 45.421590 124.959187
23.616979 9.641987 15.954442
23.616979 9.641987 129.423042
22.792278 10.057079 16.217121
22.792278 10.057079 129.685721
23.593646 8.457975 15.249802
23.593646 8.457975 128.718402
23.593026 5.994723 13.764498
23.593026 5.994723 127.233098
-1.228674 48.987169 13.764498
-1.228674 48.987169 127.233098
23.623681 4.821244 13.058156
23.623681 4.821244 126.526756
-1.198019 47.813690 13.058156
-1.198019 47.813690 126.526756
22.795877 4.388740 12.836324
22.795877 4.388740 126.304924
-2.025823 47.381186 12.836324
-2.025823 47.381186 126.304924
22.366834 7.822332 14.856066
22.366834 7.822332 128.324666
21.530715 8.258491 15.035346
21.530715 8.258491 128.503946
22.370433 6.602851 14.228017
22.370433 6.602851 127.696617
21.538658 6.142832 14.093557
21.538658 6.142832 127.562157
-3.283042 49.135278 14.093557
-3.283042 49.135278 127.562157
27.524659 14.544416 17.435207
-13.961337 19.323456 11.490587
-13.961337 19.323456 124.959187
35.682063 19.323456 11.490587
35.682063 19.323456 124.959187
29.484705 15.631910 15.954442
29.484705 15.631910 129.423042
29.537575 14.710152 16.217121
29.537575 14.710152 129.685721
30.521755 16.203709 15.249802
30.521755 16.203709 128.718402
-16.988096 17.434798 13.764498
-16.988096 17.434798 127.233098
32.655304 17.434798 13.764498
32.655304 17.434798 127.233098
-15.987161 18.048085 13.058156
-15.987161 18.048085 126.526756
33.656239 18.048085 13.058156
33.656239 18.048085 126.526756
-15.198699 17.547438 12.836324
-15.198699 17.547438 126.304924
34.444701 17.547438 12.836324
34.444701 17.547438 126.304924
31.685645 15.459080 14.856066
31.685645 15.459080 128.324666
31.725980 14.516901 15.035346
31.725980 14.516901 128.503946
32.739946 16.071938 14.228017
32.739946 16.071938 127.696617
-16.089178 15.581609 14.093557
-16.089178 15.581609 127.562157
33.554222 15.581609 14.093557
33.554222 15.581609 127.562157
23.285237 16.564846 17.435207
15.067765 21.239844 11.490587
15.067765 21.239844 124.959187
21.363417 17.718548 15.954442
21.363417 17.718548 129.423042
22.135247 18.225214 16.217121
22.135247 18.225214 129.685721
20.349698 18.330761 15.249802
20.349698 18.330761 128.718402
18.216770 19.562924 13.764498
18.216770 19.562924 127.233098
17.185180 20.123116 13.058156
17.185180 20.123116 126.526756
17.224522 21.056267 12.836324
17.224522 21.056267 126.304924
20.412621 19.711033 14.856066
20.412621 19.711033 128.324666
21.208405 20.217054 15.035346
21.208405 20.217054 128.503946
19.354721 20.317657 14.228017
19.354721 20.317657 127.696617
19.372220 21.268005 14.093557
19.372220 21.268005 127.562157
-13.947313 19.262192 20.387660
35.696087 19.262192 20.387660
27.478615 14.587193 26.332280
-15.869133 18.108490 21.868425
33.774267 18.108490 21.868425
-15.097303 17.601824 21.605745
34.546097 17.601824 21.605745
-16.882852 17.496277 22.573065
32.760548 17.496277 22.573065
30.627620 16.264114 24.058369
29.596030 15.703922 24.764711
29.635372 14.770771 24.986542
32.823471 16.116005 22.966801
-16.024145 15.609984 22.787521
33.619255 15.609984 22.787521
31.765571 15.509381 23.594850
31.783070 14.559033 23.729310
15.113809 21.282622 20.387660
23.271213 16.503582 26.332280
17.073855 20.195128 21.868425
17.126725 21.116886 21.605745
18.110905 19.623329 22.573065
20.244454 18.392240 24.058369
21.245389 17.778953 24.764711
22.033851 18.279600 24.986542
19.274795 20.367958 22.966801
19.315130 21.310137 22.787521
20.329096 19.755100 23.594850
21.143372 20.245429 23.729310
23.655204 2.447632 20.387660
-1.166496 45.440077 20.387660
23.715273 11.901670 26.332280
23.616979 4.688828 21.868425
-1.204721 47.681273 21.868425
22.792278 4.273736 21.605745
-2.029422 47.266181 21.605745
23.593646 5.872840 22.573065
-1.228054 48.865285 22.573065
23.593026 8.336092 24.058369
23.623681 9.509571 24.764711
22.795877 9.942075 24.986542
22.366834 6.508483 22.966801
21.530715 6.072325 22.787521
-3.290985 49.064770 22.787521
22.370433 7.727964 23.594850
21.538658 8.187983 23.729310
37.232426 7.165479 35.648808
-10.812705 8.088097 38.229084
38.830695 8.088097 38.229084
13.957987 20.602983 46.373860
37.232426 7.165479 37.569832
23.272081 15.225488 53.783360
22.206858 15.840495 55.630629
15.214213 19.877700 47.641872
14.116970 20.511194 49.430137
21.325191 16.349525 52.161894
22.069842 15.919601 51.734684
21.264874 16.384349 53.500256
20.186992 17.006665 54.112419
20.127420 17.041059 55.070094
18.061014 18.234099 53.989873
17.999208 18.269783 54.946980
17.120768 18.777094 53.259702
16.387410 19.200355 53.711875
16.109656 19.360716 51.079403
15.377291 19.783547 51.533845
16.108911 19.361146 49.665017
17.212856 18.723783 49.086895
17.271311 18.690034 48.129220
19.414417 17.452712 49.169727
19.472500 17.419178 48.212052
20.360868 16.906278 49.911244
21.101051 16.478933 49.474390
20.322891 16.928204 51.376124
19.234211 17.556753 52.018923
19.225648 17.561697 53.351612
17.117913 18.778599 51.849855
18.176807 18.167246 51.192872
18.236379 18.132852 49.838057
22.314088 15.778586 54.366589
15.057836 19.967985 48.849745
-11.244354 9.613039 39.299093
38.399046 9.613039 39.299093
-11.304423 19.067078 45.243713
38.338977 19.067078 45.243713
-12.410850 11.260295 40.449665
37.232550 11.260295 40.449665
-12.410850 13.603813 41.858945
37.232550 13.603813 41.858945
-12.410850 14.941738 42.635637
37.232550 14.941738 42.635637
-12.410850 17.258171 44.081795
37.232550 17.258171 44.081795
-12.410850 9.942146 39.655952
37.232550 9.942146 39.655952
-12.410850 18.557832 44.877777
37.232550 18.557832 44.877777
-11.206129 11.854235 40.779858
38.437271 11.854235 40.779858
-10.381428 11.439143 40.517179
39.261972 11.439143 40.517179
-11.182796 13.038247 41.484498
38.460604 13.038247 41.484498
-11.182176 15.501499 42.969802
38.461224 15.501499 42.969802
-11.212831 16.674978 43.676144
38.430569 16.674978 43.676144
-10.385027 17.107482 43.897976
39.258373 17.107482 43.897976
-9.955984 13.673891 41.878234
39.687416 13.673891 41.878234
-9.119865 13.237732 41.698954
40.523535 13.237732 41.698954
-9.959583 14.893371 42.506283
39.683817 14.893371 42.506283
-9.127808 15.353390 42.640743
40.515592 15.353390 42.640743
35.634405 8.088097 38.229084
24.821700 1.786479 46.373860
0.000000 44.778925 46.373860
24.821700 12.541470 53.783360
24.821700 11.311456 55.630629
24.821700 3.237045 47.641872
0.000000 46.229490 47.641872
24.821700 1.970057 49.430137
0.000000 44.962503 49.430137
24.821700 10.293395 52.161894
24.821700 11.153244 51.734684
24.821700 10.223747 53.500256
24.821700 8.979116 54.112419
24.821700 8.910328 55.070094
24.821700 6.524247 53.989873
24.821700 6.452879 54.946980
0.000000 49.445325 54.946980
24.821576 5.438473 53.259702
-0.000124 48.430918 53.259702
24.821700 4.591736 53.711875
0.000000 47.584182 53.711875
24.821700 4.271013 51.079403
0.000000 47.263458 51.079403
24.821700 3.425351 51.533845
0.000000 46.417797 51.533845
24.821700 4.270153 49.665017
0.000000 47.262599 49.665017
24.821700 5.544879 49.086895
0.000000 48.537325 49.086895
24.821700 5.612377 48.129220
0.000000 48.604823 48.129220
24.821700 8.087022 49.169727
24.821700 8.154091 48.212052
24.821700 9.179890 49.911244
24.821700 10.034580 49.474390
24.821700 9.136038 51.376124
24.821700 7.878939 52.018923
24.821700 7.869051 53.351612
24.821700 5.435248 51.849855
0.000000 48.427694 51.849855
24.821700 6.657953 51.192872
24.821700 6.726741 49.838057
24.821700 11.435274 54.366589
24.821700 3.056476 48.849745
0.000000 46.048922 48.849745
34.529591 6.951807 39.299093
26.372187 2.172767 45.243713
1.550487 45.165212 45.243713
33.686274 5.117964 40.449665
8.864574 48.110410 40.449665
31.656727 3.946205 41.858945
6.835027 46.938650 41.858945
30.498050 3.277242 42.635637
5.676350 46.269688 42.635637
28.491961 2.119026 44.081795
3.670261 45.111472 44.081795
34.827824 5.777038 39.655952
10.006124 48.769484 39.655952
27.366421 1.469195 44.877777
2.544721 44.461641 44.877777
32.569545 5.864313 40.779858
7.747845 48.856758 40.779858
32.516675 6.786071 40.517179
31.532495 5.292513 41.484498
6.710795 48.284959 41.484498
29.398946 4.061425 42.969802
4.577246 47.053870 42.969802
28.398011 3.448137 43.676144
3.576311 46.440583 43.676144
27.609549 3.948784 43.897976
2.787849 46.941230 43.897976
30.368605 6.037143 41.878234
5.546905 49.029588 41.878234
30.328270 6.979322 41.698954
29.314304 5.424285 42.506283
4.492604 48.416731 42.506283
28.500028 5.914614 42.640743
3.678328 48.907060 42.640743
37.232550 5.320029 38.229084
12.410850 48.312474 38.229084
-13.957987 20.602983 46.373860
35.685413 20.602983 46.373860
26.371319 15.225488 53.783360
27.436542 15.840495 55.630629
-15.214213 19.877700 47.641872
34.429187 19.877700 47.641872
-14.116970 20.511194 49.430137
35.526430 20.511194 49.430137
28.318209 16.349525 52.161894
27.573558 15.919601 51.734684
28.378526 16.384349 53.500256
29.456408 17.006665 54.112419
29.515980 17.041059 55.070094
31.582386 18.234099 53.989873
-17.999208 18.269783 54.946980
31.644192 18.269783 54.946980
-17.120643 18.776879 53.259702
32.522757 18.776879 53.259702
-16.387410 19.200355 53.711875
33.255990 19.200355 53.711875
-16.109656 19.360716 51.079403
33.533744 19.360716 51.079403
-15.377291 19.783547 51.533845
34.266109 19.783547 51.533845
-16.108911 19.361146 49.665017
33.534489 19.361146 49.665017
-17.212856 18.723783 49.086895
32.430544 18.723783 49.086895
-17.271311 18.690034 48.129220
32.372089 18.690034 48.129220
30.228983 17.452712 49.169727
30.170900 17.419178 48.212052
29.282532 16.906278 49.911244
28.542349 16.478933 49.474390
29.320509 16.928204 51.376124
30.409189 17.556753 52.018923
30.417752 17.561697 53.351612
-17.117913 18.778599 51.849855
32.525487 18.778599 51.849855
31.466593 18.167246 51.192872
31.407021 18.132852 49.838057
27.329312 15.778586 54.366589
-15.057836 19.967985 48.849745
34.585564 19.967985 48.849745
38.769013 4.931377 39.299093
13.947313 47.923822 39.299093
-2.656915 0.256378 45.243713
-27.478615 43.248824 45.243713
46.986485 0.256378 45.243713
22.164785 43.248824 45.243713
-8.864574 5.117964 40.449665
-33.686274 48.110410 40.449665
40.778826 5.117964 40.449665
15.957126 48.110410 40.449665
-6.835027 3.946205 41.858945
-31.656727 46.938650 41.858945
42.808373 3.946205 41.858945
17.986673 46.938650 41.858945
-5.676350 3.277242 42.635637
-30.498050 46.269688 42.635637
43.967050 3.277242 42.635637
19.145350 46.269688 42.635637
-3.670261 2.119026 44.081795
-28.491961 45.111472 44.081795
45.973139 2.119026 44.081795
21.151439 45.111472 44.081795
-10.006124 5.777038 39.655952
-34.827824 48.769484 39.655952
39.637276 5.777038 39.655952
14.815576 48.769484 39.655952
-2.544721 1.469195 44.877777
-27.366421 44.461641 44.877777
47.098679 1.469195 44.877777
22.276979 44.461641 44.877777
-8.952567 3.777675 40.779858
-33.774267 46.770120 40.779858
40.690833 3.777675 40.779858
15.869133 46.770120 40.779858
39.919003 3.271009 40.517179
15.097303 46.263454 40.517179
-7.938848 3.165462 41.484498
-32.760548 46.157908 41.484498
41.704552 3.165462 41.484498
16.882852 46.157908 41.484498
-5.805920 1.933299 42.969802
-30.627620 44.925744 42.969802
43.837480 1.933299 42.969802
19.015780 44.925744 42.969802
-4.774330 1.373107 43.676144
-29.596030 44.365553 43.676144
44.869070 1.373107 43.676144
20.047370 44.365553 43.676144
-4.813672 0.439956 43.897976
-29.635372 43.432402 43.897976
44.829728 0.439956 43.897976
20.008028 43.432402 43.897976
-8.001771 1.785190 41.878234
-32.823471 44.777635 41.878234
41.641629 1.785190 41.878234
16.819929 44.777635 41.878234
40.845845 1.279169 41.698954
16.024145 44.271614 41.698954
-6.943871 1.178566 42.506283
-31.765571 44.171012 42.506283
42.699529 1.178566 42.506283
17.877829 44.171012 42.506283
-6.961370 0.228218 42.640743
-31.783070 43.220664 42.640743
42.682030 0.228218 42.640743
17.860330 43.220664 42.640743
24.821700 1.845379 37.416649
0.000000 44.837825 37.416649
35.685413 8.058647 29.271873
37.232426 7.165479 26.549761
37.232426 7.165479 28.573474
26.371319 13.436142 21.862373
27.436542 12.821135 20.015105
34.429187 8.783930 28.003861
35.526430 8.150436 26.215596
28.318209 12.312105 23.483840
27.573558 12.742029 23.911049
28.378526 12.277281 22.145478
29.456408 11.654965 21.533314
29.515980 11.620571 20.575639
31.582386 10.427531 21.655861
31.644192 10.391847 20.698753
32.522757 9.884751 22.386031
33.255990 9.461276 21.933859
33.533744 9.300914 24.566330
34.266109 8.878083 24.111888
33.534489 9.300484 25.980716
32.430544 9.937847 26.558839
32.372089 9.971596 27.516514
30.228983 11.208919 26.476007
30.170900 11.242453 27.433682
29.282532 11.755353 25.734489
28.542349 12.182698 26.171343
29.320509 11.733427 24.269610
30.409189 11.104877 23.626810
30.417752 11.099933 22.294121
32.525487 9.883032 23.795878
31.466593 10.494384 24.452862
31.407021 10.528778 25.807677
27.329312 12.883045 21.279145
34.585564 8.693646 26.795988
26.358163 2.234031 36.346640
1.536463 45.226476 36.346640
34.575635 6.909029 30.402020
28.367976 2.047444 35.196069
3.546276 45.039889 35.196069
30.397523 3.219203 33.786789
5.575823 46.211648 33.786789
31.556200 3.888165 33.010096
6.734500 46.880611 33.010096
33.562289 5.046382 31.563939
8.740589 48.038827 31.563939
27.226426 1.388369 35.989781
2.404726 44.380815 35.989781
34.687829 5.696212 30.767956
9.866129 48.688658 30.767956
28.279983 3.387733 34.865875
3.458283 46.380179 34.865875
27.508153 3.894399 35.128555
2.686453 46.886845 35.128555
29.293702 3.999945 34.161235
4.472002 46.992391 34.161235
31.426630 5.232109 32.675931
6.604930 48.224554 32.675931
32.458220 5.792301 31.969589
7.636520 48.784746 31.969589
32.418878 6.725452 31.747758
29.230779 5.380218 33.767499
4.409079 48.372663 33.767499
28.434995 5.886239 33.946779
3.613295 48.878685 33.946779
30.288679 5.986841 33.139450
5.466979 48.979287 33.139450
30.271180 6.937189 33.004990
-14.008995 20.573533 37.416649
35.634405 20.573533 37.416649
37.232550 5.378928 29.271873
12.410850 48.371374 29.271873
24.821700 16.120161 21.862373
24.821700 17.350175 20.015105
37.232550 3.928363 28.003861
12.410850 46.920809 28.003861
37.232550 5.195350 26.215596
12.410850 48.187796 26.215596
24.821700 18.368236 23.483840
24.821700 17.508387 23.911049
24.821700 18.437883 22.145478
24.821700 19.682515 21.533314
24.821700 19.751303 20.575639
37.232550 0.641161 21.655861
12.410850 43.633606 21.655861
37.232550 0.712528 20.698753
12.410850 43.704974 20.698753
37.232426 1.726935 22.386031
12.410726 44.719380 22.386031
37.232550 2.573671 21.933859
12.410850 45.566117 21.933859
37.232550 2.894395 24.566330
12.410850 45.886840 24.566330
37.232550 3.740056 24.111888
12.410850 46.732502 24.111888
37.232550 2.895255 25.980716
12.410850 45.887700 25.980716
37.232550 1.620529 26.558839
12.410850 44.612974 26.558839
37.232550 1.553030 27.516514
12.410850 44.545476 27.516514
24.821700 20.574608 26.476007
24.821700 20.507540 27.433682
24.821700 19.481740 25.734489
24.821700 18.627050 26.171343
24.821700 19.525592 24.269610
24.821700 20.782691 23.626810
24.821700 20.792580 22.294121
37.232550 1.730159 23.795878
12.410850 44.722605 23.795878
37.232550 0.507454 24.452862
12.410850 43.499900 24.452862
37.232550 0.438666 25.807677
12.410850 43.431112 25.807677
24.821700 17.226356 21.279145
37.232550 4.108931 26.795988
12.410850 47.101377 26.795988
-2.702959 0.213601 36.346640
-27.524659 43.206046 36.346640
46.940441 0.213601 36.346640
22.118741 43.206046 36.346640
38.783037 4.992641 30.402020
13.961337 47.985087 30.402020
-3.546276 2.047444 35.196069
-28.367976 45.039889 35.196069
46.097124 2.047444 35.196069
21.275424 45.039889 35.196069
-5.575823 3.219203 33.786789
-30.397523 46.211648 33.786789
44.067577 3.219203 33.786789
19.245877 46.211648 33.786789
-6.734500 3.888165 33.010096
-31.556200 46.880611 33.010096
42.908900 3.888165 33.010096
18.087200 46.880611 33.010096
-8.740589 5.046382 31.563939
-33.562289 48.038827 31.563939
40.902811 5.046382 31.563939
16.081111 48.038827 31.563939
-2.404726 1.388369 35.989781
-27.226426 44.380815 35.989781
47.238674 1.388369 35.989781
22.416974 44.380815 35.989781
-9.866129 5.696212 30.767956
-34.687829 48.688658 30.767956
39.777271 5.696212 30.767956
14.955571 48.688658 30.767956
-4.663005 1.301095 34.865875
-29.484705 44.293540 34.865875
44.980395 1.301095 34.865875
20.158695 44.293540 34.865875
-4.715875 0.379337 35.128555
-29.537575 43.371782 35.128555
44.927525 0.379337 35.128555
20.105825 43.371782 35.128555
-5.700055 1.872894 34.161235
-30.521755 44.865340 34.161235
43.943345 1.872894 34.161235
19.121645 44.865340 34.161235
-7.833604 3.103983 32.675931
-32.655304 46.096428 32.675931
41.809796 3.103983 32.675931
16.988096 46.096428 32.675931
-8.834539 3.717270 31.969589
-33.656239 46.709716 31.969589
40.808861 3.717270 31.969589
15.987161 46.709716 31.969589
40.020399 3.216623 31.747758
15.198699 46.209069 31.747758
-6.863945 1.128265 33.767499
-31.685645 44.120711 33.767499
42.779455 1.128265 33.767499
17.957755 44.120711 33.767499
-6.904280 0.186086 33.946779
-31.725980 43.178531 33.946779
42.739120 0.186086 33.946779
17.917420 43.178531 33.946779
-7.918246 1.741122 33.139450
-32.739946 44.733568 33.139450
41.725154 1.741122 33.139450
16.903454 44.733568 33.139450
40.910878 1.250794 33.004990
16.089178 44.243239 33.004990
14.008995 20.573533 37.416649
-10.863713 8.058647 29.271873
38.779687 8.058647 29.271873
23.272081 13.436142 21.862373
22.206858 12.821135 20.015105
-9.607487 8.783930 28.003861
40.035913 8.783930 28.003861
-10.704730 8.150436 26.215596
38.938670 8.150436 26.215596
21.325191 12.312105 23.483840
22.069842 12.742029 23.911049
21.264874 12.277281 22.145478
20.186992 11.654965 21.533314
20.127420 11.620571 20.575639
-6.760686 10.427531 21.655861
42.882714 10.427531 21.655861
-6.822492 10.391847 20.698753
42.820908 10.391847 20.698753
-7.700932 9.884536 22.386031
41.942468 9.884536 22.386031
-8.434290 9.461276 21.933859
41.209110 9.461276 21.933859
-8.712044 9.300914 24.566330
40.931356 9.300914 24.566330
-9.444409 8.878083 24.111888
40.198991 8.878083 24.111888
-8.712789 9.300484 25.980716
40.930611 9.300484 25.980716
-7.608844 9.937847 26.558839
42.034556 9.937847 26.558839
-7.550389 9.971596 27.516514
42.093011 9.971596 27.516514
19.414417 11.208919 26.476007
19.472500 11.242453 27.433682
20.360868 11.755353 25.734489
21.101051 12.182698 26.171343
20.322891 11.733427 24.269610
19.234211 11.104877 23.626810
19.225648 11.099933 22.294121
-7.703787 9.883032 23.795878
41.939613 9.883032 23.795878
-6.644893 10.494384 24.452862
42.998507 10.494384 24.452862
-6.585321 10.528778 25.807677
43.058079 10.528778 25.807677
22.314088 12.883045 21.279145
-9.763864 8.693646 26.795988
39.879536 8.693646 26.795988
-11.244354 19.048591 36.346640
38.399046 19.048591 36.346640
-11.304423 9.594552 30.402020
38.338977 9.594552 30.402020
-12.410850 17.401336 35.196069
37.232550 17.401336 35.196069
-12.410850 15.057817 33.786789
37.232550 15.057817 33.786789
-12.410850 13.719893 33.010096
37.232550 13.719893 33.010096
-12.410850 11.403460 31.563939
37.232550 11.403460 31.563939
-12.410850 18.719484 35.989781
37.232550 18.719484 35.989781
-12.410850 10.103798 30.767956
37.232550 10.103798 30.767956
-11.206129 16.807395 34.865875
38.437271 16.807395 34.865875
-10.381428 17.222487 35.128555
39.261972 17.222487 35.128555
-11.182796 15.623383 34.161235
38.460604 15.623383 34.161235
-11.182176 13.160131 32.675931
38.461224 13.160131 32.675931
-11.212831 11.986652 31.969589
38.430569 11.986652 31.969589
-10.385027 11.554148 31.747758
39.258373 11.554148 31.747758
-9.955984 14.987740 33.767499
39.687416 14.987740 33.767499
-9.119865 15.423898 33.946779
40.523535 15.423898 33.946779
-9.959583 13.768259 33.139450
39.683817 13.768259 33.139450
-9.127808 13.308240 33.004990
40.515592 13.308240 33.004990
-13.577346 19.048591 36.346640
36.066054 19.048591 36.346640
36.126123 9.594552 30.402020
-13.615571 16.807395 34.865875
36.027829 16.807395 34.865875
-14.440272 17.222487 35.128555
35.203128 17.222487 35.128555
-13.638904 15.623383 34.161235
36.004496 15.623383 34.161235
-13.639524 13.160131 32.675931
36.003876 13.160131 32.675931
-13.608869 11.986652 31.969589
36.034531 11.986652 31.969589
35.206727 11.554148 31.747758
-14.865716 14.987740 33.767499
34.777684 14.987740 33.767499
-15.701835 15.423898 33.946779
33.941565 15.423898 33.946779
-14.862117 13.768259 33.139450
34.781283 13.768259 33.139450
33.949508 13.308240 33.004990
27.524659 0.213601 36.346640
2.702959 43.206046 36.346640
35.682063 4.992641 30.402020
10.860363 47.985087 30.402020
29.484705 1.301095 34.865875
4.663005 44.293540 34.865875
29.537575 0.379337 35.128555
4.715875 43.371782 35.128555
30.521755 1.872894 34.161235
5.700055 44.865340 34.161235
32.655304 3.103983 32.675931
7.833604 46.096428 32.675931
33.656239 3.717270 31.969589
8.834539 46.709716 31.969589
34.444701 3.216623 31.747758
9.623001 46.209069 31.747758
31.685645 1.128265 33.767499
6.863945 44.120711 33.767499
31.725980 0.186086 33.946779
6.904280 43.178531 33.946779
32.739946 1.741122 33.139450
7.918246 44.733568 33.139450
33.554222 1.250794 33.004990
8.732522 44.243239 33.004990
-1.536463 2.234031 36.346640
-26.358163 45.226476 36.346640
48.106937 2.234031 36.346640
23.285237 45.226476 36.346640
-9.753935 6.909029 30.402020
39.889465 6.909029 30.402020
-3.458283 3.387733 34.865875
-28.279983 46.380179 34.865875
46.185117 3.387733 34.865875
21.363417 46.380179 34.865875
-2.686453 3.894399 35.128555
-27.508153 46.886845 35.128555
46.956947 3.894399 35.128555
22.135247 46.886845 35.128555
-4.472002 3.999945 34.161235
-29.293702 46.992391 34.161235
45.171398 3.999945 34.161235
20.349698 46.992391 34.161235
-6.604930 5.232109 32.675931
-31.426630 48.224554 32.675931
43.038470 5.232109 32.675931
18.216770 48.224554 32.675931
-7.636520 5.792301 31.969589
-32.458220 48.784746 31.969589
42.006880 5.792301 31.969589
17.185180 48.784746 31.969589
-7.597178 6.725452 31.747758
42.046222 6.725452 31.747758
-4.409079 5.380218 33.767499
-29.230779 48.372663 33.767499
45.234321 5.380218 33.767499
20.412621 48.372663 33.767499
-3.613295 5.886239 33.946779
-28.434995 48.878685 33.946779
46.030105 5.886239 33.946779
21.208405 48.878685 33.946779
-5.466979 5.986841 33.139450
-30.288679 48.979287 33.139450
44.176421 5.986841 33.139450
19.354721 48.979287 33.139450
-5.449480 6.937189 33.004990
44.193920 6.937189 33.004990
35.696087 4.931377 39.299093
10.874387 47.923822 39.299093
27.478615 0.256378 45.243713
2.656915 43.248824 45.243713
33.774267 3.777675 40.779858
8.952567 46.770120 40.779858
34.546097 3.271009 40.517179
9.724397 46.263454 40.517179
32.760548 3.165462 41.484498
7.938848 46.157908 41.484498
30.627620 1.933299 42.969802
5.805920 44.925744 42.969802
29.596030 1.373107 43.676144
4.774330 44.365553 43.676144
29.635372 0.439956 43.897976
4.813672 43.432402 43.897976
32.823471 1.785190 41.878234
8.001771 44.777635 41.878234
33.619255 1.279169 41.698954
8.797555 44.271614 41.698954
31.765571 1.178566 42.506283
6.943871 44.171012 42.506283
31.783070 0.228218 42.640743
6.961370 43.220664 42.640743
-9.707891 6.951807 39.299093
39.935509 6.951807 39.299093
-1.550487 2.172767 45.243713
-26.372187 45.165212 45.243713
48.092913 2.172767 45.243713
23.271213 45.165212 45.243713
-7.747845 5.864313 40.779858
-32.569545 48.856758 40.779858
41.895555 5.864313 40.779858
17.073855 48.856758 40.779858
-7.694975 6.786071 40.517179
41.948425 6.786071 40.517179
-6.710795 5.292513 41.484498
-31.532495 48.284959 41.484498
42.932605 5.292513 41.484498
18.110905 48.284959 41.484498
-4.577246 4.061425 42.969802
-29.398946 47.053870 42.969802
45.066154 4.061425 42.969802
20.244454 47.053870 42.969802
-3.576311 3.448137 43.676144
-28.398011 46.440583 43.676144
46.067089 3.448137 43.676144
21.245389 46.440583 43.676144
-2.787849 3.948784 43.897976
-27.609549 46.941230 43.897976
46.855551 3.948784 43.897976
22.033851 46.941230 43.897976
-5.546905 6.037143 41.878234
-30.368605 49.029588 41.878234
44.096495 6.037143 41.878234
19.274795 49.029588 41.878234
-5.506570 6.979322 41.698954
44.136830 6.979322 41.698954
-4.492604 5.424285 42.506283
-29.314304 48.416731 42.506283
45.150796 5.424285 42.506283
20.329096 48.416731 42.506283
-3.678328 5.914614 42.640743
-28.500028 48.907060 42.640743
45.965072 5.914614 42.640743
21.143372 48.907060 42.640743
36.066054 9.613039 39.299093
-13.517277 19.067078 45.243713
36.126123 19.067078 45.243713
-13.615571 11.854235 40.779858
36.027829 11.854235 40.779858
35.203128 11.439143 40.517179
-13.638904 13.038247 41.484498
36.004496 13.038247 41.484498
-13.639524 15.501499 42.969802
36.003876 15.501499 42.969802
-13.608869 16.674978 43.676144
36.034531 16.674978 43.676144
-14.436673 17.107482 43.897976
35.206727 17.107482 43.897976
-14.865716 13.673891 41.878234
34.777684 13.673891 41.878234
33.941565 13.237732 41.698954
-14.862117 14.893371 42.506283
34.781283 14.893371 42.506283
-15.693892 15.353390 42.640743
33.949508 15.353390 42.640743
24.821576 14.330887 -2.174058
24.821576 14.330887 111.294542
26.419845 15.253505 57.140518
-10.863713 6.272168 65.285294
-35.685413 49.264613 65.285294
38.779687 6.272168 65.285294
13.957987 49.264613 65.285294
37.232674 7.165336 68.007405
24.821576 14.330887 -0.253035
24.821576 14.330887 113.215565
37.232674 7.165336 65.983693
-1.549619 0.894673 72.694793
-26.371319 43.887118 72.694793
48.093781 0.894673 72.694793
23.272081 43.887118 72.694793
-2.614842 1.509680 74.542062
-27.436542 44.502125 74.542062
47.028558 1.509680 74.542062
22.206858 44.502125 74.542062
-9.607487 5.546885 66.553305
-34.429187 48.539331 66.553305
40.035913 5.546885 66.553305
15.214213 48.539331 66.553305
-10.704730 6.180379 68.341570
-35.526430 49.172825 68.341570
38.938670 6.180379 68.341570
14.116970 49.172825 68.341570
-3.496509 2.018710 71.073327
-28.318209 45.011156 71.073327
46.146891 2.018710 71.073327
21.325191 45.011156 71.073327
-2.751858 1.588786 70.646118
-27.573558 44.581231 70.646118
46.891542 1.588786 70.646118
22.069842 44.581231 70.646118
-3.556826 2.053534 72.411689
-28.378526 45.045980 72.411689
46.086574 2.053534 72.411689
21.264874 45.045980 72.411689
-4.634708 2.675850 73.023852
-29.456408 45.668295 73.023852
45.008692 2.675850 73.023852
20.186992 45.668295 73.023852
-4.694280 2.710244 73.981527
-29.515980 45.702689 73.981527
44.949120 2.710244 73.981527
20.127420 45.702689 73.981527
-6.760686 3.903284 72.901306
-31.582386 46.895730 72.901306
42.882714 3.903284 72.901306
18.061014 46.895730 72.901306
-6.822492 3.938968 73.858414
-31.644192 46.931413 73.858414
42.820908 3.938968 73.858414
17.999208 46.931413 73.858414
-7.700932 4.446279 72.171136
-32.522632 47.438724 72.171136
41.942468 4.446279 72.171136
17.120768 47.438724 72.171136
-8.434290 4.869539 72.623308
-33.255990 47.861985 72.623308
41.209110 4.869539 72.623308
16.387410 47.861985 72.623308
-8.712044 5.029901 69.990837
-33.533744 48.022347 69.990837
40.931356 5.029901 69.990837
16.109656 48.022347 69.990837
-9.444409 5.452732 70.445278
-34.266109 48.445177 70.445278
40.198991 5.452732 70.445278
15.377291 48.445177 70.445278
-8.712789 5.030331 68.576450
-33.534489 48.022777 68.576450
40.930611 5.030331 68.576450
16.108911 48.022777 68.576450
-7.608844 4.392968 67.998328
-32.430544 47.385414 67.998328
42.034556 4.392968 67.998328
17.212856 47.385414 67.998328
-7.550389 4.359219 67.040653
-32.372089 47.351665 67.040653
42.093011 4.359219 67.040653
17.271311 47.351665 67.040653
-5.407283 3.121896 68.081160
-30.228983 46.114342 68.081160
44.236117 3.121896 68.081160
19.414417 46.114342 68.081160
-5.349200 3.088362 67.123485
-30.170900 46.080808 67.123485
44.294200 3.088362 67.123485
19.472500 46.080808 67.123485
-4.460832 2.575462 68.822677
-29.282532 45.567908 68.822677
45.182568 2.575462 68.822677
20.360868 45.567908 68.822677
-3.720649 2.148118 68.385823
-28.542349 45.140563 68.385823
45.922751 2.148118 68.385823
21.101051 45.140563 68.385823
-4.498809 2.597389 70.287557
-29.320509 45.589834 70.287557
45.144591 2.597389 70.287557
20.322891 45.589834 70.287557
-5.587489 3.225938 70.930357
-30.409189 46.218384 70.930357
44.055911 3.225938 70.930357
19.234211 46.218384 70.930357
-5.596052 3.230882 72.263045
-30.417752 46.223328 72.263045
44.047348 3.230882 72.263045
19.225648 46.223328 72.263045
-7.703787 4.447783 70.761288
-32.525487 47.440229 70.761288
41.939613 4.447783 70.761288
17.117913 47.440229 70.761288
-6.644893 3.836431 70.104305
-31.466593 46.828876 70.104305
42.998507 3.836431 70.104305
18.176807 46.828876 70.104305
-6.585321 3.802037 68.749490
-31.407021 46.794482 68.749490
43.058079 3.802037 68.749490
18.236379 46.794482 68.749490
-2.507612 1.447771 73.278022
-27.329312 44.440216 73.278022
47.135788 1.447771 73.278022
22.314088 44.440216 73.278022
-9.763864 5.637169 67.761179
-34.585564 48.629615 67.761179
39.879536 5.637169 67.761179
15.057836 48.629615 67.761179
25.988196 16.778447 58.210526
38.338977 4.736263 64.155146
13.517277 47.728708 64.155146
24.821700 18.425702 59.361098
24.821700 20.769221 60.770378
37.232550 0.610923 61.547071
12.410850 43.603368 61.547071
37.232550 2.927356 62.993228
12.410850 45.919801 62.993228
24.821700 17.107554 58.567385
37.232550 4.227017 63.789210
12.410850 47.219463 63.789210
26.026421 19.019643 59.691292
26.851122 18.604551 59.428612
26.049754 20.203655 60.395932
38.461224 1.170684 61.881236
13.639524 44.163130 61.881236
38.430569 2.344163 62.587578
13.608869 45.336609 62.587578
39.258373 2.776667 62.809409
14.436673 45.769113 62.809409
27.276566 20.839298 60.789668
28.112685 20.403140 60.610387
39.683817 0.562556 61.417716
14.862117 43.555002 61.417716
40.515592 1.022575 61.552177
15.693892 44.015021 61.552177
23.223555 15.253505 57.140518
-12.410850 8.951887 65.285294
37.232550 8.951887 65.285294
-12.410850 19.706877 72.694793
37.232550 19.706877 72.694793
-12.410850 18.476863 74.542062
37.232550 18.476863 74.542062
-12.410850 10.402452 66.553305
37.232550 10.402452 66.553305
-12.410850 9.135465 68.341570
37.232550 9.135465 68.341570
-12.410850 17.458802 71.073327
37.232550 17.458802 71.073327
-12.410850 18.318651 70.646118
37.232550 18.318651 70.646118
-12.410850 17.389154 72.411689
37.232550 17.389154 72.411689
-12.410850 16.144523 73.023852
37.232550 16.144523 73.023852
-12.410850 16.075735 73.981527
37.232550 16.075735 73.981527
-12.410850 13.689655 72.901306
37.232550 13.689655 72.901306
-12.410850 13.618287 73.858414
37.232550 13.618287 73.858414
-12.410974 12.603880 72.171136
37.232426 12.603880 72.171136
-12.410850 11.757144 72.623308
37.232550 11.757144 72.623308
-12.410850 11.436420 69.990837
37.232550 11.436420 69.990837
-12.410850 10.590759 70.445278
37.232550 10.590759 70.445278
-12.410850 11.435561 68.576450
37.232550 11.435561 68.576450
-12.410850 12.710287 67.998328
37.232550 12.710287 67.998328
-12.410850 12.777785 67.040653
37.232550 12.777785 67.040653
-12.410850 15.252430 68.081160
37.232550 15.252430 68.081160
-12.410850 15.319498 67.123485
37.232550 15.319498 67.123485
-12.410850 16.345298 68.822677
37.232550 16.345298 68.822677
-12.410850 17.199988 68.385823
37.232550 17.199988 68.385823
-12.410850 16.301446 70.287557
37.232550 16.301446 70.287557
-12.410850 15.044346 70.930357
37.232550 15.044346 70.930357
-12.410850 15.034458 72.263045
37.232550 15.034458 72.263045
-12.410850 12.600656 70.761288
37.232550 12.600656 70.761288
-12.410850 13.823361 70.104305
37.232550 13.823361 70.104305
-12.410850 13.892149 68.749490
37.232550 13.892149 68.749490
-12.410850 18.600682 73.278022
37.232550 18.600682 73.278022
-12.410850 10.221884 67.761179
37.232550 10.221884 67.761179
22.118741 14.117214 58.210526
-10.860363 9.338174 64.155146
38.783037 9.338174 64.155146
21.275424 12.283372 59.361098
19.245877 11.111613 60.770378
-6.734500 10.442650 61.547071
42.908900 10.442650 61.547071
-8.740589 9.284434 62.993228
40.902811 9.284434 62.993228
22.416974 12.942446 58.567385
-9.866129 8.634603 63.789210
39.777271 8.634603 63.789210
20.158695 13.029720 59.691292
20.105825 13.951478 59.428612
19.121645 12.457921 60.395932
-7.833604 11.226832 61.881236
41.809796 11.226832 61.881236
-8.834539 10.613545 62.587578
40.808861 10.613545 62.587578
-9.623001 11.114192 62.809409
40.020399 11.114192 62.809409
17.957755 13.202550 60.789668
17.917420 14.144730 60.610387
-7.918246 12.589693 61.417716
41.725154 12.589693 61.417716
-8.732522 13.080022 61.552177
40.910878 13.080022 61.552177
24.821700 12.485436 57.140518
35.685413 6.272168 65.285294
10.863713 49.264613 65.285294
26.371319 0.894673 72.694793
1.549619 43.887118 72.694793
27.436542 1.509680 74.542062
2.614842 44.502125 74.542062
34.429187 5.546885 66.553305
9.607487 48.539331 66.553305
35.526430 6.180379 68.341570
10.704730 49.172825 68.341570
28.318209 2.018710 71.073327
3.496509 45.011156 71.073327
27.573558 1.588786 70.646118
2.751858 44.581231 70.646118
28.378526 2.053534 72.411689
3.556826 45.045980 72.411689
29.456408 2.675850 73.023852
4.634708 45.668295 73.023852
29.515980 2.710244 73.981527
4.694280 45.702689 73.981527
31.582386 3.903284 72.901306
6.760686 46.895730 72.901306
31.644192 3.938968 73.858414
6.822492 46.931413 73.858414
32.522757 4.446064 72.171136
7.701057 47.438509 72.171136
33.255990 4.869539 72.623308
8.434290 47.861985 72.623308
33.533744 5.029901 69.990837
8.712044 48.022347 69.990837
34.266109 5.452732 70.445278
9.444409 48.445177 70.445278
33.534489 5.030331 68.576450
8.712789 48.022777 68.576450
32.430544 4.392968 67.998328
7.608844 47.385414 67.998328
32.372089 4.359219 67.040653
7.550389 47.351665 67.040653
30.228983 3.121896 68.081160
5.407283 46.114342 68.081160
30.170900 3.088362 67.123485
5.349200 46.080808 67.123485
29.282532 2.575462 68.822677
4.460832 45.567908 68.822677
28.542349 2.148118 68.385823
3.720649 45.140563 68.385823
29.320509 2.597389 70.287557
4.498809 45.589834 70.287557
30.409189 3.225938 70.930357
5.587489 46.218384 70.930357
30.417752 3.230882 72.263045
5.596052 46.223328 72.263045
32.525487 4.447783 70.761288
7.703787 47.440229 70.761288
31.466593 3.836431 70.104305
6.644893 46.828876 70.104305
31.407021 3.802037 68.749490
6.585321 46.794482 68.749490
27.329312 1.447771 73.278022
2.507612 44.440216 73.278022
34.585564 5.637169 67.761179
9.763864 48.629615 67.761179
26.358163 12.096784 58.210526
34.575635 7.421786 64.155146
28.367976 12.283372 59.361098
30.397523 11.111613 60.770378
31.556200 10.442650 61.547071
33.562289 9.284434 62.993228
27.226426 12.942446 58.567385
34.687829 8.634603 63.789210
28.279983 10.943082 59.691292
27.508153 10.436416 59.428612
29.293702 10.330870 60.395932
31.426630 9.098706 61.881236
32.458220 8.538515 62.587578
32.418878 7.605364 62.809409
29.230779 8.950597 60.789668
28.434995 8.444576 60.610387
30.288679 8.343974 61.417716
30.271180 7.393626 61.552177
37.232674 7.165336 58.908358
-12.410850 9.010787 -0.406218
-12.410850 9.010787 113.062382
37.232550 9.010787 -0.406218
37.232550 9.010787 113.062382
23.274563 15.224055 -8.550994
23.274563 15.224055 104.917606
24.821576 14.330887 -11.273105
24.821576 14.330887 102.195495
37.232674 7.165336 56.987335
24.821576 14.330887 -9.249393
24.821576 14.330887 104.219207
13.960469 20.601550 -15.960493
13.960469 20.601550 97.508107
15.025692 19.986543 95.660838
22.018337 15.949337 -9.819005
22.018337 15.949337 103.649595
23.115580 15.315844 -11.607270
23.115580 15.315844 101.861330
15.907359 19.477512 -14.339027
15.907359 19.477512 99.129573
15.162708 19.907437 -13.911818
15.162708 19.907437 99.556782
15.967676 19.442689 -15.677389
15.967676 19.442689 97.791211
17.045558 18.820373 -16.289552
17.045558 18.820373 97.179048
17.105130 18.785979 96.221373
19.171536 17.592939 -16.167006
19.171536 17.592939 97.301594
19.233342 17.557255 -17.124114
19.233342 17.557255 96.344486
20.111907 17.050159 -15.436836
20.111907 17.050159 98.031764
20.845140 16.626683 -15.889008
20.845140 16.626683 97.579592
21.122894 16.466322 -13.256537
21.122894 16.466322 100.212063
21.855259 16.043491 -13.710978
21.855259 16.043491 99.757622
21.123639 16.465892 -11.842150
21.123639 16.465892 101.626450
20.019694 17.103255 -11.264028
20.019694 17.103255 102.204572
19.961239 17.137004 -10.306353
19.961239 17.137004 103.162247
17.818133 18.374326 -11.346860
17.818133 18.374326 102.121740
17.760050 18.407860 -10.389185
17.760050 18.407860 103.079415
16.871682 18.920760 -12.088377
16.871682 18.920760 101.380223
16.131499 19.348105 -11.651523
16.131499 19.348105 101.817077
16.909659 18.898834 -13.553257
16.909659 18.898834 99.915343
17.998339 18.270285 -14.196057
17.998339 18.270285 99.272543
18.006902 18.265340 -15.528745
18.006902 18.265340 97.939855
20.114637 17.048439 -14.026988
20.114637 17.048439 99.441612
19.055743 17.659792 -13.370005
19.055743 17.659792 100.098595
18.996171 17.694186 -12.015190
18.996171 17.694186 101.453410
14.918462 20.048452 -16.543722
14.918462 20.048452 96.924878
22.174714 15.859053 -11.026879
22.174714 15.859053 102.441721
-10.874387 9.399438 -1.476226
-10.874387 9.399438 111.992374
38.769013 9.399438 -1.476226
38.769013 9.399438 111.992374
22.164785 14.074437 -7.420846
22.164785 14.074437 106.047754
-8.864574 9.212851 -2.626798
-8.864574 9.212851 110.841802
40.778826 9.212851 -2.626798
40.778826 9.212851 110.841802
-6.835027 10.384610 -4.036078
-6.835027 10.384610 109.432522
42.808373 10.384610 -4.036078
42.808373 10.384610 109.432522
19.145350 11.053573 -4.812771
19.145350 11.053573 108.655829
21.151439 12.211789 -6.258928
21.151439 12.211789 107.209672
-10.006124 8.553777 -1.833085
-10.006124 8.553777 111.635515
39.637276 8.553777 -1.833085
39.637276 8.553777 111.635515
22.276979 12.861620 -7.054910
22.276979 12.861620 106.413690
-8.952567 10.553141 -2.956992
-8.952567 10.553141 110.511608
40.690833 10.553141 -2.956992
40.690833 10.553141 110.511608
-9.724397 11.059807 -2.694312
-9.724397 11.059807 110.774288
39.919003 11.059807 -2.694312
39.919003 11.059807 110.774288
-7.938848 11.165353 -3.661632
-7.938848 11.165353 109.806968
41.704552 11.165353 -3.661632
41.704552 11.165353 109.806968
19.015780 12.397517 -5.146936
19.015780 12.397517 108.321664
20.047370 12.957708 -5.853278
20.047370 12.957708 107.615322
20.008028 13.890859 -6.075109
20.008028 13.890859 107.393491
-8.001771 12.545626 -4.055368
-8.001771 12.545626 109.413232
41.641629 12.545626 -4.055368
41.641629 12.545626 109.413232
-8.797555 13.051647 -3.876087
-8.797555 13.051647 109.592513
40.845845 13.051647 -3.876087
40.845845 13.051647 109.592513
17.877829 13.152249 -4.683416
17.877829 13.152249 108.785184
17.860330 14.102597 -4.817877
17.860330 14.102597 108.650723
35.634405 6.242718 -0.406218
35.634405 6.242718 113.062382
10.812705 49.235164 -0.406218
10.812705 49.235164 113.062382
24.821700 12.544336 -8.550994
24.821700 12.544336 104.917606
24.821700 1.789346 -15.960493
24.821700 1.789346 97.508107
0.000000 44.781791 -15.960493
0.000000 44.781791 97.508107
24.821700 3.019359 95.660838
0.000000 46.011805 95.660838
24.821700 11.093771 -9.819005
24.821700 11.093771 103.649595
24.821700 12.360758 -11.607270
24.821700 12.360758 101.861330
24.821700 4.037421 -14.339027
24.821700 4.037421 99.129573
0.000000 47.029866 -14.339027
0.000000 47.029866 99.129573
24.821700 3.177572 -13.911818
24.821700 3.177572 99.556782
0.000000 46.170017 -13.911818
0.000000 46.170017 99.556782
24.821700 4.107068 -15.677389
24.821700 4.107068 97.791211
0.000000 47.099514 -15.677389
0.000000 47.099514 97.791211
24.821700 5.351700 -16.289552
24.821700 5.351700 97.179048
0.000000 48.344145 -16.289552
0.000000 48.344145 97.179048
24.821700 5.420488 96.221373
0.000000 48.412933 96.221373
24.821700 7.806568 -16.167006
24.821700 7.806568 97.301594
24.821700 7.877936 -17.124114
24.821700 7.877936 96.344486
24.821576 8.892342 -15.436836
24.821576 8.892342 98.031764
24.821700 9.739079 -15.889008
24.821700 9.739079 97.579592
24.821700 10.059802 -13.256537
24.821700 10.059802 100.212063
24.821700 10.905464 -13.710978
24.821700 10.905464 99.757622
24.821700 10.060662 -11.842150
24.821700 10.060662 101.626450
24.821700 8.785936 -11.264028
24.821700 8.785936 102.204572
24.821700 8.718438 -10.306353
24.821700 8.718438 103.162247
24.821700 6.243793 -11.346860
24.821700 6.243793 102.121740
0.000000 49.236238 -11.346860
0.000000 49.236238 102.121740
24.821700 6.176725 -10.389185
24.821700 6.176725 103.079415
0.000000 49.169170 -10.389185
0.000000 49.169170 103.079415
24.821700 5.150925 -12.088377
24.821700 5.150925 101.380223
0.000000 48.143370 -12.088377
0.000000 48.143370 101.380223
24.821700 4.296235 -11.651523
24.821700 4.296235 101.817077
0.000000 47.288681 -11.651523
0.000000 47.288681 101.817077
24.821700 5.194777 -13.553257
24.821700 5.194777 99.915343
0.000000 48.187223 -13.553257
0.000000 48.187223 99.915343
24.821700 6.451876 -14.196057
24.821700 6.451876 99.272543
0.000000 49.444322 -14.196057
0.000000 49.444322 99.272543
24.821700 6.461765 -15.528745
24.821700 6.461765 97.939855
0.000000 49.454210 -15.528745
0.000000 49.454210 97.939855
24.821700 8.895567 -14.026988
24.821700 8.895567 99.441612
24.821700 7.672862 -13.370005
24.821700 7.672862 100.098595
24.821700 7.604074 -12.015190
24.821700 7.604074 101.453410
24.821700 2.895541 -16.543722
24.821700 2.895541 96.924878
0.000000 45.887987 -16.543722
0.000000 45.887987 96.924878
24.821700 11.274339 -11.026879
24.821700 11.274339 102.441721
34.529591 7.379008 -1.476226
34.529591 7.379008 111.992374
26.372187 12.158049 -7.420846
26.372187 12.158049 106.047754
33.686274 9.212851 -2.626798
33.686274 9.212851 110.841802
31.656727 10.384610 -4.036078
31.656727 10.384610 109.432522
30.498050 11.053573 -4.812771
30.498050 11.053573 108.655829
28.491961 12.211789 -6.258928
28.491961 12.211789 107.209672
34.827824 8.553777 -1.833085
34.827824 8.553777 111.635515
27.366421 12.861620 -7.054910
27.366421 12.861620 106.413690
32.569545 8.466502 -2.956992
32.569545 8.466502 110.511608
32.516675 7.544744 -2.694312
32.516675 7.544744 110.774288
31.532495 9.038302 -3.661632
31.532495 9.038302 109.806968
29.398946 10.269391 -5.146936
29.398946 10.269391 108.321664
28.398011 10.882678 -5.853278
28.398011 10.882678 107.615322
27.609549 10.382031 -6.075109
27.609549 10.382031 107.393491
30.368605 8.293673 -4.055368
30.368605 8.293673 109.413232
30.328270 7.351493 -3.876087
30.328270 7.351493 109.592513
29.314304 8.906530 -4.683416
29.314304 8.906530 108.785184
28.500028 8.416201 -4.817877
28.500028 8.416201 108.650723
-10.812705 6.242718 -0.406218
-10.812705 6.242718 113.062382
-35.634405 49.235164 -0.406218
-35.634405 49.235164 113.062382
38.830695 6.242718 -0.406218
38.830695 6.242718 113.062382
14.008995 49.235164 -0.406218
14.008995 49.235164 113.062382
26.368837 15.224055 -8.550994
26.368837 15.224055 104.917606
-13.960469 20.601550 -15.960493
-13.960469 20.601550 97.508107
35.682931 20.601550 -15.960493
35.682931 20.601550 97.508107
-15.025692 19.986543 95.660838
34.617708 19.986543 95.660838
27.625063 15.949337 -9.819005
27.625063 15.949337 103.649595
26.527820 15.315844 -11.607270
26.527820 15.315844 101.861330
-15.907359 19.477512 -14.339027
-15.907359 19.477512 99.129573
33.736041 19.477512 -14.339027
33.736041 19.477512 99.129573
-15.162708 19.907437 -13.911818
-15.162708 19.907437 99.556782
34.480692 19.907437 -13.911818
34.480692 19.907437 99.556782
-15.967676 19.442689 -15.677389
-15.967676 19.442689 97.791211
33.675724 19.442689 -15.677389
33.675724 19.442689 97.791211
-17.045558 18.820373 -16.289552
-17.045558 18.820373 97.179048
32.597842 18.820373 -16.289552
32.597842 18.820373 97.179048
-17.105130 18.785979 96.221373
32.538270 18.785979 96.221373
30.471864 17.592939 -16.167006
30.471864 17.592939 97.301594
30.410058 17.557255 -17.124114
30.410058 17.557255 96.344486
29.531618 17.049944 -15.436836
29.531618 17.049944 98.031764
28.798260 16.626683 -15.889008
28.798260 16.626683 97.579592
28.520506 16.466322 -13.256537
28.520506 16.466322 100.212063
27.788141 16.043491 -13.710978
27.788141 16.043491 99.757622
28.519761 16.465892 -11.842150
28.519761 16.465892 101.626450
29.623706 17.103255 -11.264028
29.623706 17.103255 102.204572
29.682161 17.137004 -10.306353
29.682161 17.137004 103.162247
-17.818133 18.374326 -11.346860
-17.818133 18.374326 102.121740
31.825267 18.374326 -11.346860
31.825267 18.374326 102.121740
-17.760050 18.407860 -10.389185
-17.760050 18.407860 103.079415
31.883350 18.407860 -10.389185
31.883350 18.407860 103.079415
-16.871682 18.920760 -12.088377
-16.871682 18.920760 101.380223
32.771718 18.920760 -12.088377
32.771718 18.920760 101.380223
-16.131499 19.348105 -11.651523
-16.131499 19.348105 101.817077
33.511901 19.348105 -11.651523
33.511901 19.348105 101.817077
-16.909659 18.898834 -13.553257
-16.909659 18.898834 99.915343
32.733741 18.898834 -13.553257
32.733741 18.898834 99.915343
-17.998339 18.270285 -14.196057
-17.998339 18.270285 99.272543
31.645061 18.270285 -14.196057
31.645061 18.270285 99.272543
-18.006902 18.265340 -15.528745
-18.006902 18.265340 97.939855
31.636498 18.265340 -15.528745
31.636498 18.265340 97.939855
29.528763 17.048439 -14.026988
29.528763 17.048439 99.441612
30.587657 17.659792 -13.370005
30.587657 17.659792 100.098595
30.647229 17.694186 -12.015190
30.647229 17.694186 101.453410
-14.918462 20.048452 -16.543722
-14.918462 20.048452 96.924878
34.724938 20.048452 -16.543722
34.724938 20.048452 96.924878
27.468686 15.859053 -11.026879
27.468686 15.859053 102.441721
38.399046 4.717776 -1.476226
38.399046 4.717776 111.992374
13.577346 47.710222 -1.476226
13.577346 47.710222 111.992374
25.928127 16.759960 -7.420846
25.928127 16.759960 106.047754
37.232550 3.070520 -2.626798
37.232550 3.070520 110.841802
12.410850 46.062966 -2.626798
12.410850 46.062966 110.841802
37.232550 0.727002 -4.036078
37.232550 0.727002 109.432522
12.410850 43.719448 -4.036078
12.410850 43.719448 109.432522
24.821700 20.885300 -4.812771
24.821700 20.885300 108.655829
24.821700 18.568867 -6.258928
24.821700 18.568867 107.209672
37.232550 4.388669 -1.833085
37.232550 4.388669 111.635515
12.410850 47.381114 -1.833085
12.410850 47.381114 111.635515
24.821700 17.269206 -7.054910
24.821700 17.269206 106.413690
38.437271 2.476580 -2.956992
38.437271 2.476580 110.511608
13.615571 45.469025 -2.956992
13.615571 45.469025 110.511608
39.261972 2.891672 -2.694312
39.261972 2.891672 110.774288
14.440272 45.884117 -2.694312
14.440272 45.884117 110.774288
38.460604 1.292568 -3.661632
38.460604 1.292568 109.806968
13.638904 44.285013 -3.661632
13.638904 44.285013 109.806968
26.050374 20.325538 -5.146936
26.050374 20.325538 108.321664
26.019719 19.152060 -5.853278
26.019719 19.152060 107.615322
26.847523 18.719556 -6.075109
26.847523 18.719556 107.393491
39.687416 0.656925 -4.055368
39.687416 0.656925 109.413232
14.865716 43.649370 -4.055368
14.865716 43.649370 109.413232
40.523535 1.093083 -3.876087
40.523535 1.093083 109.592513
15.701835 44.085528 -3.876087
15.701835 44.085528 109.592513
27.272967 20.933667 -4.683416
27.272967 20.933667 108.785184
28.104742 20.473647 -4.817877
28.104742 20.473647 108.650723
36.066054 4.717776 -1.476226
36.066054 4.717776 111.992374
11.244354 47.710222 -1.476226
11.244354 47.710222 111.992374
23.715273 16.759960 -7.420846
23.715273 16.759960 106.047754
36.027829 2.476580 -2.956992
36.027829 2.476580 110.511608
11.206129 45.469025 -2.956992
11.206129 45.469025 110.511608
35.203128 2.891672 -2.694312
35.203128 2.891672 110.774288
10.381428 45.884117 -2.694312
10.381428 45.884117 110.774288
36.004496 1.292568 -3.661632
36.004496 1.292568 109.806968
11.182796 44.285013 -3.661632
11.182796 44.285013 109.806968
23.593026 20.325538 -5.146936
23.593026 20.325538 108.321664
23.623681 19.152060 -5.853278
23.623681 19.152060 107.615322
22.795877 18.719556 -6.075109
22.795877 18.719556 107.393491
34.777684 0.656925 -4.055368
34.777684 0.656925 109.413232
9.955984 43.649370 -4.055368
9.955984 43.649370 109.413232
33.941565 1.093083 -3.876087
33.941565 1.093083 109.592513
9.119865 44.085528 -3.876087
9.119865 44.085528 109.592513
22.370433 20.933667 -4.683416
22.370433 20.933667 108.785184
21.538658 20.473647 -4.817877
21.538658 20.473647 108.650723
-9.707891 7.379008 -1.476226
-9.707891 7.379008 111.992374
39.935509 7.379008 -1.476226
39.935509 7.379008 111.992374
23.271213 12.158049 -7.420846
23.271213 12.158049 106.047754
-7.747845 8.466502 -2.956992
-7.747845 8.466502 110.511608
41.895555 8.466502 -2.956992
41.895555 8.466502 110.511608
-7.694975 7.544744 -2.694312
-7.694975 7.544744 110.774288
41.948425 7.544744 -2.694312
41.948425 7.544744 110.774288
-6.710795 9.038302 -3.661632
-6.710795 9.038302 109.806968
42.932605 9.038302 -3.661632
42.932605 9.038302 109.806968
20.244454 10.269391 -5.146936
20.244454 10.269391 108.321664
21.245389 10.882678 -5.853278
21.245389 10.882678 107.615322
22.033851 10.382031 -6.075109
22.033851 10.382031 107.393491
-5.546905 8.293673 -4.055368
-5.546905 8.293673 109.413232
44.096495 8.293673 -4.055368
44.096495 8.293673 109.413232
-5.506570 7.351493 -3.876087
-5.506570 7.351493 109.592513
44.136830 7.351493 -3.876087
44.136830 7.351493 109.592513
20.329096 8.906530 -4.683416
20.329096 8.906530 108.785184
21.143372 8.416201 -4.817877
21.143372 8.416201 108.650723
35.696087 9.399438 -1.476226
35.696087 9.399438 111.992374
27.478615 14.074437 -7.420846
27.478615 14.074437 106.047754
33.774267 10.553141 -2.956992
33.774267 10.553141 110.511608
34.546097 11.059807 -2.694312
34.546097 11.059807 110.774288
32.760548 11.165353 -3.661632
32.760548 11.165353 109.806968
30.627620 12.397517 -5.146936
30.627620 12.397517 108.321664
29.596030 12.957708 -5.853278
29.596030 12.957708 107.615322
29.635372 13.890859 -6.075109
29.635372 13.890859 107.393491
32.823471 12.545626 -4.055368
32.823471 12.545626 109.413232
33.619255 13.051647 -3.876087
33.619255 13.051647 109.592513
31.765571 13.152249 -4.683416
31.765571 13.152249 108.785184
31.783070 14.102597 -4.817877
31.783070 14.102597 108.650723
23.285237 12.096784 58.210526
-9.753935 7.421786 64.155146
39.889465 7.421786 64.155146
21.363417 10.943082 59.691292
22.135247 10.436416 59.428612
20.349698 10.330870 60.395932
-6.604930 9.098706 61.881236
43.038470 9.098706 61.881236
-7.636520 8.538515 62.587578
42.006880 8.538515 62.587578
-7.597178 7.605364 62.809409
42.046222 7.605364 62.809409
20.412621 8.950597 60.789668
21.208405 8.444576 60.610387
-5.466979 8.343974 61.417716
44.176421 8.343974 61.417716
-5.449480 7.393626 61.552177
44.193920 7.393626 61.552177
27.524659 14.117214 58.210526
35.682063 9.338174 64.155146
29.484705 13.029720 59.691292
29.537575 13.951478 59.428612
30.521755 12.457921 60.395932
32.655304 11.226832 61.881236
33.656239 10.613545 62.587578
34.444701 11.114192 62.809409
31.685645 13.202550 60.789668
31.725980 14.144730 60.610387
32.739946 12.589693 61.417716
33.554222 13.080022 61.552177
23.655204 16.778447 58.210526
36.126123 4.736263 64.155146
11.304423 47.728708 64.155146
23.616979 19.019643 59.691292
22.792278 18.604551 59.428612
23.593646 20.203655 60.395932
36.003876 1.170684 61.881236
11.182176 44.163130 61.881236
36.034531 2.344163 62.587578
11.212831 45.336609 62.587578
35.206727 2.776667 62.809409
10.385027 45.769113 62.809409
22.366834 20.839298 60.789668
21.530715 20.403140 60.610387
34.781283 0.562556 61.417716
9.959583 43.555002 61.417716
33.949508 1.022575 61.552177
9.127808 44.015021 61.552177
26.419845 0.922690 76.051951
1.598145 43.915135 76.051951
26.368837 13.437575 84.196727
24.821824 14.330744 86.918839
24.821824 14.330744 84.895126
35.682931 8.060080 91.606227
34.617708 8.675087 93.453495
27.625063 12.712293 85.464739
26.527820 13.345787 87.253004
33.736041 9.184118 89.984760
34.480692 8.754193 89.557551
33.675724 9.218942 91.323122
32.597842 9.841257 91.935286
32.538270 9.875651 92.892961
30.471864 11.068692 91.812739
30.410058 11.104375 92.769847
29.531618 11.611686 91.082569
28.798260 12.034947 91.534741
28.520506 12.195309 88.902270
27.788141 12.618139 89.356712
28.519761 12.195739 87.487884
29.623706 11.558376 86.909761
29.682161 11.524627 85.952086
31.825267 10.287304 86.992593
31.883350 10.253770 86.034918
32.771718 9.740870 87.734111
33.511901 9.313525 87.297257
32.733741 9.762796 89.198990
31.645061 10.391346 89.841790
31.636498 10.396290 91.174479
29.528763 11.613191 89.672722
30.587657 11.001838 89.015738
30.647229 10.967445 87.660923
34.724938 8.613178 92.189455
27.468686 12.802577 86.672612
25.988196 2.447632 77.121960
1.166496 45.440077 77.121960
25.928127 11.901670 83.066580
24.821700 4.094887 78.272531
0.000000 47.087333 78.272531
24.821700 6.438405 79.681811
0.000000 49.430851 79.681811
24.821700 7.776330 80.458504
24.821700 10.092763 81.904661
24.821700 2.776739 77.478819
0.000000 45.769184 77.478819
24.821700 11.392425 82.700644
26.026421 4.688828 78.602725
1.204721 47.681273 78.602725
26.851122 4.273736 78.340045
2.029422 47.266181 78.340045
26.049754 5.872840 79.307365
1.228054 48.865285 79.307365
26.050374 8.336092 80.792669
26.019719 9.509571 81.499011
26.847523 9.942075 81.720842
27.276566 6.508483 79.701101
28.112685 6.072325 79.521821
3.290985 49.064770 79.521821
27.272967 7.727964 80.329150
28.104742 8.187983 80.463610
-1.598145 0.922690 76.051951
-26.419845 43.915135 76.051951
48.045255 0.922690 76.051951
23.223555 43.915135 76.051951
24.821700 16.117295 84.196727
37.232550 5.376062 91.606227
12.410850 48.368508 91.606227
37.232550 4.146048 93.453495
12.410850 47.138494 93.453495
24.821700 17.567860 85.464739
24.821700 16.300872 87.253004
37.232550 3.127987 89.984760
12.410850 46.120433 89.984760
37.232550 3.987836 89.557551
12.410850 46.980281 89.557551
37.232550 3.058339 91.323122
12.410850 46.050785 91.323122
37.232550 1.813708 91.935286
12.410850 44.806153 91.935286
37.232550 1.744920 92.892961
12.410850 44.737366 92.892961
24.821700 20.855062 91.812739
24.821700 20.783695 92.769847
24.821576 19.769288 91.082569
24.821700 18.922552 91.534741
24.821700 18.601828 88.902270
24.821700 17.756167 89.356712
24.821700 18.600968 87.487884
24.821700 19.875694 86.909761
24.821700 19.943192 85.952086
37.232550 0.921615 86.992593
12.410850 43.914060 86.992593
37.232550 0.988683 86.034918
12.410850 43.981128 86.034918
37.232550 2.014483 87.734111
12.410850 45.006928 87.734111
37.232550 2.869173 87.297257
12.410850 45.861618 87.297257
37.232550 1.970630 89.198990
12.410850 44.963076 89.198990
37.232550 0.713531 89.841790
12.410850 43.705977 89.841790
37.232550 0.703643 91.174479
12.410850 43.696089 91.174479
24.821700 19.766063 89.672722
24.821700 20.988769 89.015738
24.821700 21.057557 87.660923
37.232550 4.269866 92.189455
12.410850 47.262312 92.189455
24.821700 17.387291 86.672612
-15.113809 21.282622 77.121960
34.529591 21.282622 77.121960
26.372187 16.503582 83.066580
-15.957126 19.448779 78.272531
33.686274 19.448779 78.272531
-17.986673 18.277020 79.681811
31.656727 18.277020 79.681811
30.498050 17.608058 80.458504
28.491961 16.449841 81.904661
-14.815576 20.107853 77.478819
34.827824 20.107853 77.478819
27.366421 15.800010 82.700644
-17.073855 20.195128 78.602725
32.569545 20.195128 78.602725
-17.126725 21.116886 78.340045
32.516675 21.116886 78.340045
-18.110905 19.623329 79.307365
31.532495 19.623329 79.307365
29.398946 18.392240 80.792669
28.398011 17.778953 81.499011
27.609549 18.279600 81.720842
30.368605 20.367958 79.701101
-19.315130 21.310137 79.521821
30.328270 21.310137 79.521821
29.314304 19.755100 80.329150
28.500028 20.245429 80.463610
-12.410850 19.650844 76.051951
37.232550 19.650844 76.051951
23.274563 13.437575 84.196727
-10.861231 8.060080 91.606227
38.782169 8.060080 91.606227
-9.796008 8.675087 93.453495
39.847392 8.675087 93.453495
22.018337 12.712293 85.464739
23.115580 13.345787 87.253004
-8.914341 9.184118 89.984760
40.729059 9.184118 89.984760
-9.658992 8.754193 89.557551
39.984408 8.754193 89.557551
-8.854024 9.218942 91.323122
40.789376 9.218942 91.323122
-7.776142 9.841257 91.935286
41.867258 9.841257 91.935286
-7.716570 9.875651 92.892961
41.926830 9.875651 92.892961
19.171536 11.068692 91.812739
19.233342 11.104375 92.769847
20.111907 11.611471 91.082569
20.845140 12.034947 91.534741
21.122894 12.195309 88.902270
21.855259 12.618139 89.356712
21.123639 12.195739 87.487884
20.019694 11.558376 86.909761
19.961239 11.524627 85.952086
-7.003567 10.287304 86.992593
42.639833 10.287304 86.992593
-7.061650 10.253770 86.034918
42.581750 10.253770 86.034918
-7.950018 9.740870 87.734111
41.693382 9.740870 87.734111
-8.690201 9.313525 87.297257
40.953199 9.313525 87.297257
-7.912041 9.762796 89.198990
41.731359 9.762796 89.198990
-6.823361 10.391346 89.841790
42.820039 10.391346 89.841790
-6.814798 10.396290 91.174479
42.828602 10.396290 91.174479
20.114637 11.613191 89.672722
19.055743 11.001838 89.015738
18.996171 10.967445 87.660923
-9.903238 8.613178 92.189455
39.740162 8.613178 92.189455
22.174714 12.802577 86.672612
13.947313 19.262192 77.121960
22.164785 14.587193 83.066580
15.957126 19.448779 78.272531
17.986673 18.277020 79.681811
19.145350 17.608058 80.458504
21.151439 16.449841 81.904661
14.815576 20.107853 77.478819
22.276979 15.800010 82.700644
15.869133 18.108490 78.602725
15.097303 17.601824 78.340045
16.882852 17.496277 79.307365
19.015780 16.264114 80.792669
20.047370 15.703922 81.499011
20.008028 14.770771 81.720842
16.819929 16.116005 79.701101
16.024145 15.609984 79.521821
17.877829 15.509381 80.329150
17.860330 14.559033 80.463610
24.821824 14.330744 77.819792
24.821700 16.176194 75.239516
-1.547137 0.893240 67.094740
-26.368837 43.885685 67.094740
48.096263 0.893240 67.094740
23.274563 43.885685 67.094740
24.821824 14.330744 75.898768
-10.861231 6.270735 59.685240
-35.682931 49.263180 59.685240
38.782169 6.270735 59.685240
13.960469 49.263180 59.685240
-9.796008 5.655728 57.837971
-34.617708 48.648173 57.837971
39.847392 5.655728 57.837971
15.025692 48.648173 57.837971
-2.803363 1.618522 65.826728
-27.625063 44.610968 65.826728
46.840037 1.618522 65.826728
22.018337 44.610968 65.826728
-1.706120 0.985029 64.038463
-26.527820 43.977474 64.038463
47.937280 0.985029 64.038463
23.115580 43.977474 64.038463
-8.914341 5.146697 61.306706
-33.736041 48.139143 61.306706
40.729059 5.146697 61.306706
15.907359 48.139143 61.306706
-9.658992 5.576622 61.733916
-34.480692 48.569067 61.733916
39.984408 5.576622 61.733916
15.162708 48.569067 61.733916
-8.854024 5.111873 59.968344
-33.675724 48.104319 59.968344
40.789376 5.111873 59.968344
15.967676 48.104319 59.968344
-7.776142 4.489558 59.356181
-32.597842 47.482003 59.356181
41.867258 4.489558 59.356181
17.045558 47.482003 59.356181
-7.716570 4.455164 58.398506
-32.538270 47.447609 58.398506
41.926830 4.455164 58.398506
17.105130 47.447609 58.398506
-5.650164 3.262123 59.478727
-30.471864 46.254569 59.478727
43.993236 3.262123 59.478727
19.171536 46.254569 59.478727
-5.588358 3.226440 58.521620
-30.410058 46.218885 58.521620
44.055042 3.226440 58.521620
19.233342 46.218885 58.521620
-4.709793 2.719344 60.208898
-29.531493 45.711789 60.208898
44.933607 2.719344 60.208898
20.111907 45.711789 60.208898
-3.976560 2.295868 59.756725
-28.798260 45.288314 59.756725
45.666840 2.295868 59.756725
20.845140 45.288314 59.756725
-3.698806 2.135506 62.389197
-28.520506 45.127952 62.389197
45.944594 2.135506 62.389197
21.122894 45.127952 62.389197
-2.966441 1.712676 61.934755
-27.788141 44.705121 61.934755
46.676959 1.712676 61.934755
21.855259 44.705121 61.934755
-3.698061 2.135076 63.803583
-28.519761 45.127522 63.803583
45.945339 2.135076 63.803583
21.123639 45.127522 63.803583
-4.802006 2.772440 64.381705
-29.623706 45.764885 64.381705
44.841394 2.772440 64.381705
20.019694 45.764885 64.381705
-4.860461 2.806189 65.339380
-29.682161 45.798634 65.339380
44.782939 2.806189 65.339380
19.961239 45.798634 65.339380
-7.003567 4.043511 64.298873
-31.825267 47.035957 64.298873
42.639833 4.043511 64.298873
17.818133 47.035957 64.298873
-7.061650 4.077045 65.256548
-31.883350 47.069491 65.256548
42.581750 4.077045 65.256548
17.760050 47.069491 65.256548
-7.950018 4.589945 63.557356
-32.771718 47.582391 63.557356
41.693382 4.589945 63.557356
16.871682 47.582391 63.557356
-8.690201 5.017290 63.994210
-33.511901 48.009736 63.994210
40.953199 5.017290 63.994210
16.131499 48.009736 63.994210
-7.912041 4.568019 62.092476
-32.733741 47.560465 62.092476
41.731359 4.568019 62.092476
16.909659 47.560465 62.092476
-6.823361 3.939469 61.449677
-31.645061 46.931915 61.449677
42.820039 3.939469 61.449677
17.998339 46.931915 61.449677
-6.814798 3.934525 60.116988
-31.636498 46.926971 60.116988
42.828602 3.934525 60.116988
18.006902 46.926971 60.116988
-4.707063 2.717624 61.618745
-29.528763 45.710070 61.618745
44.936337 2.717624 61.618745
20.114637 45.710070 61.618745
-5.765957 3.328977 62.275728
-30.587657 46.321422 62.275728
43.877443 3.328977 62.275728
19.055743 46.321422 62.275728
-5.825529 3.363371 63.630543
-30.647229 46.355816 63.630543
43.817871 3.363371 63.630543
18.996171 46.355816 63.630543
-9.903238 5.717637 59.102011
-34.724938 48.710083 59.102011
39.740162 5.717637 59.102011
14.918462 48.710083 59.102011
-2.646986 1.528238 64.618855
-27.468686 44.520684 64.618855
46.996414 1.528238 64.618855
22.174714 44.520684 64.618855
26.358163 16.564846 74.169507
-15.067765 21.239844 68.224887
34.575635 21.239844 68.224887
28.367976 16.378259 73.018935
30.397523 17.550018 71.609655
31.556200 18.218980 70.832963
-16.081111 19.377197 69.386805
33.562289 19.377197 69.386805
27.226426 15.719185 73.812648
-14.955571 20.027028 68.590823
34.687829 20.027028 68.590823
28.279983 17.718548 72.688742
27.508153 18.225214 72.951421
29.293702 18.330761 71.984102
-18.216770 19.562924 70.498798
31.426630 19.562924 70.498798
-17.185180 20.123116 69.792456
32.458220 20.123116 69.792456
-17.224522 21.056267 69.570624
32.418878 21.056267 69.570624
29.230779 19.711033 71.590366
28.434995 20.217054 71.769646
30.288679 20.317657 70.962317
-19.372220 21.268005 70.827857
30.271180 21.268005 70.827857
23.223555 13.408126 75.239516
-12.410850 19.709743 67.094740
37.232550 19.709743 67.094740
-12.410850 8.954753 59.685240
37.232550 8.954753 59.685240
-12.410850 10.184767 57.837971
37.232550 10.184767 57.837971
-12.410850 18.259178 65.826728
37.232550 18.259178 65.826728
-12.410850 19.526166 64.038463
37.232550 19.526166 64.038463
-12.410850 11.202828 61.306706
37.232550 11.202828 61.306706
-12.410850 10.342979 61.733916
37.232550 10.342979 61.733916
-12.410850 11.272476 59.968344
37.232550 11.272476 59.968344
-12.410850 12.517107 59.356181
37.232550 12.517107 59.356181
-12.410850 12.585895 58.398506
37.232550 12.585895 58.398506
-12.410850 14.971976 59.478727
37.232550 14.971976 59.478727
-12.410850 15.043343 58.521620
37.232550 15.043343 58.521620
-12.410974 16.057750 60.208898
37.232426 16.057750 60.208898
-12.410850 16.904486 59.756725
37.232550 16.904486 59.756725
-12.410850 17.225210 62.389197
37.232550 17.225210 62.389197
-12.410850 18.070871 61.934755
37.232550 18.070871 61.934755
-12.410850 17.226070 63.803583
37.232550 17.226070 63.803583
-12.410850 15.951344 64.381705
37.232550 15.951344 64.381705
-12.410850 15.883846 65.339380
37.232550 15.883846 65.339380
-12.410850 13.409200 64.298873
37.232550 13.409200 64.298873
-12.410850 13.342132 65.256548
37.232550 13.342132 65.256548
-12.410850 12.316332 63.557356
37.232550 12.316332 63.557356
-12.410850 11.461643 63.994210
37.232550 11.461643 63.994210
-12.410850 12.360185 62.092476
37.232550 12.360185 62.092476
-12.410850 13.617284 61.449677
37.232550 13.617284 61.449677
-12.410850 13.627172 60.116988
37.232550 13.627172 60.116988
-12.410850 16.060974 61.618745
37.232550 16.060974 61.618745
-12.410850 14.838269 62.275728
37.232550 14.838269 62.275728
-12.410850 14.769481 63.630543
37.232550 14.769481 63.630543
-12.410850 10.060949 59.102011
37.232550 10.060949 59.102011
-12.410850 18.439747 64.618855
37.232550 18.439747 64.618855
22.118741 14.544416 74.169507
13.961337 19.323456 68.224887
21.275424 16.378259 73.018935
19.245877 17.550018 71.609655
18.087200 18.218980 70.832963
16.081111 19.377197 69.386805
22.416974 15.719185 73.812648
14.955571 20.027028 68.590823
20.158695 15.631910 72.688742
20.105825 14.710152 72.951421
19.121645 16.203709 71.984102
16.988096 17.434798 70.498798
15.987161 18.048085 69.792456
15.198699 17.547438 69.570624
17.957755 15.459080 71.590366
17.917420 14.516901 71.769646
16.903454 16.071938 70.962317
16.089178 15.581609 70.827857
26.419845 13.408126 75.239516
26.368837 0.893240 67.094740
1.547137 43.885685 67.094740
35.682931 6.270735 59.685240
10.861231 49.263180 59.685240
34.617708 5.655728 57.837971
9.796008 48.648173 57.837971
27.625063 1.618522 65.826728
2.803363 44.610968 65.826728
26.527820 0.985029 64.038463
1.706120 43.977474 64.038463
33.736041 5.146697 61.306706
8.914341 48.139143 61.306706
34.480692 5.576622 61.733916
9.658992 48.569067 61.733916
33.675724 5.111873 59.968344
8.854024 48.104319 59.968344
32.597842 4.489558 59.356181
7.776142 47.482003 59.356181
32.538270 4.455164 58.398506
7.716570 47.447609 58.398506
30.471864 3.262123 59.478727
5.650164 46.254569 59.478727
30.410058 3.226440 58.521620
5.588358 46.218885 58.521620
29.531618 2.719129 60.208898
4.709918 45.711574 60.208898
28.798260 2.295868 59.756725
3.976560 45.288314 59.756725
28.520506 2.135506 62.389197
3.698806 45.127952 62.389197
27.788141 1.712676 61.934755
2.966441 44.705121 61.934755
28.519761 2.135076 63.803583
3.698061 45.127522 63.803583
29.623706 2.772440 64.381705
4.802006 45.764885 64.381705
29.682161 2.806189 65.339380
4.860461 45.798634 65.339380
31.825267 4.043511 64.298873
7.003567 47.035957 64.298873
31.883350 4.077045 65.256548
7.061650 47.069491 65.256548
32.771718 4.589945 63.557356
7.950018 47.582391 63.557356
33.511901 5.017290 63.994210
8.690201 48.009736 63.994210
32.733741 4.568019 62.092476
7.912041 47.560465 62.092476
31.645061 3.939469 61.449677
6.823361 46.931915 61.449677
31.636498 3.934525 60.116988
6.814798 46.926971 60.116988
29.528763 2.717624 61.618745
4.707063 45.710070 61.618745
30.587657 3.328977 62.275728
5.765957 46.321422 62.275728
30.647229 3.363371 63.630543
5.825529 46.355816 63.630543
34.724938 5.717637 59.102011
9.903238 48.710083 59.102011
27.468686 1.528238 64.618855
2.646986 44.520684 64.618855
25.988196 11.883184 74.169507
25.928127 2.429145 68.224887
1.106427 45.421590 68.224887
24.821700 10.235928 73.018935
24.821700 7.892410 71.609655
24.821700 6.554485 70.832963
24.821700 4.238052 69.386805
0.000000 47.230498 69.386805
24.821700 11.554076 73.812648
24.821700 2.938390 68.590823
0.000000 45.930836 68.590823
26.026421 9.641987 72.688742
26.851122 10.057079 72.951421
26.049754 8.457975 71.984102
26.050374 5.994723 70.498798
1.228674 48.987169 70.498798
26.019719 4.821244 69.792456
1.198019 47.813690 69.792456
26.847523 4.388740 69.570624
2.025823 47.381186 69.570624
27.276566 7.822332 71.590366
28.112685 8.258491 71.769646
27.272967 6.602851 70.962317
28.104742 6.142832 70.827857
3.283042 49.135278 70.827857
23.655204 11.883184 74.169507
23.715273 2.429145 68.224887
-1.106427 45.421590 68.224887
23.616979 9.641987 72.688742
22.792278 10.057079 72.951421
23.593646 8.457975 71.984102
23.593026 5.994723 70.498798
-1.228674 48.987169 70.498798
23.623681 4.821244 69.792456
-1.198019 47.813690 69.792456
22.795877 4.388740 69.570624
-2.025823 47.381186 69.570624
22.366834 7.822332 71.590366
21.530715 8.258491 71.769646
22.370433 6.602851 70.962317
21.538658 6.142832 70.827857
-3.283042 49.135278 70.827857
27.524659 14.544416 74.169507
-13.961337 19.323456 68.224887
35.682063 19.323456 68.224887
29.484705 15.631910 72.688742
29.537575 14.710152 72.951421
30.521755 16.203709 71.984102
-16.988096 17.434798 70.498798
32.655304 17.434798 70.498798
-15.987161 18.048085 69.792456
33.656239 18.048085 69.792456
-15.198699 17.547438 69.570624
34.444701 17.547438 69.570624
31.685645 15.459080 71.590366
31.725980 14.516901 71.769646
32.739946 16.071938 70.962317
-16.089178 15.581609 70.827857
33.554222 15.581609 70.827857
23.285237 16.564846 74.169507
15.067765 21.239844 68.224887
21.363417 17.718548 72.688742
22.135247 18.225214 72.951421
20.349698 18.330761 71.984102
18.216770 19.562924 70.498798
17.185180 20.123116 69.792456
17.224522 21.056267 69.570624
20.412621 19.711033 71.590366
21.208405 20.217054 71.769646
19.354721 20.317657 70.962317
19.372220 21.268005 70.827857
-13.947313 19.262192 77.121960
35.696087 19.262192 77.121960
27.478615 14.587193 83.066580
-15.869133 18.108490 78.602725
33.774267 18.108490 78.602725
-15.097303 17.601824 78.340045
34.546097 17.601824 78.340045
-16.882852 17.496277 79.307365
32.760548 17.496277 79.307365
30.627620 16.264114 80.792669
29.596030 15.703922 81.499011
29.635372 14.770771 81.720842
32.823471 16.116005 79.701101
-16.024145 15.609984 79.521821
33.619255 15.609984 79.521821
31.765571 15.509381 80.329150
31.783070 14.559033 80.463610
15.113809 21.282622 77.121960
23.271213 16.503582 83.066580
17.073855 20.195128 78.602725
17.126725 21.116886 78.340045
18.110905 19.623329 79.307365
20.244454 18.392240 80.792669
21.245389 17.778953 81.499011
22.033851 18.279600 81.720842
19.274795 20.367958 79.701101
19.315130 21.310137 79.521821
20.329096 19.755100 80.329150
21.143372 20.245429 80.463610
23.655204 2.447632 77.121960
-1.166496 45.440077 77.121960
23.715273 11.901670 83.066580
23.616979 4.688828 78.602725
-1.204721 47.681273 78.602725
22.792278 4.273736 78.340045
-2.029422 47.266181 78.340045
23.593646 5.872840 79.307365
-1.228054 48.865285 79.307365
23.593026 8.336092 80.792669
23.623681 9.509571 81.499011
22.795877 9.942075 81.720842
22.366834 6.508483 79.701101
21.530715 6.072325 79.521821
-3.290985 49.064770 79.521821
22.370433 7.727964 80.329150
21.538658 8.187983 80.463610
37.232426 7.165479 92.383108
-10.812705 8.088097 94.963384
38.830695 8.088097 94.963384
13.957987 20.602983 -10.360440
13.957987 20.602983 103.108160
37.232426 7.165479 94.304132
23.272081 15.225488 -2.950940
23.272081 15.225488 110.517660
22.206858 15.840495 -1.103671
22.206858 15.840495 112.364929
15.214213 19.877700 -9.092428
15.214213 19.877700 104.376172
14.116970 20.511194 -7.304163
14.116970 20.511194 106.164437
21.325191 16.349525 -4.572406
21.325191 16.349525 108.896194
22.069842 15.919601 -4.999616
22.069842 15.919601 108.468984
21.264874 16.384349 -3.234044
21.264874 16.384349 110.234556
20.186992 17.006665 -2.621881
20.186992 17.006665 110.846719
20.127420 17.041059 -1.664206
20.127420 17.041059 111.804394
18.061014 18.234099 -2.744427
18.061014 18.234099 110.724173
17.999208 18.269783 -1.787320
17.999208 18.269783 111.681280
17.120768 18.777094 -3.474598
17.120768 18.777094 109.994002
16.387410 19.200355 -3.022425
16.387410 19.200355 110.446175
16.109656 19.360716 -5.654897
16.109656 19.360716 107.813703
15.377291 19.783547 -5.200455
15.377291 19.783547 108.268145
16.108911 19.361146 -7.069283
16.108911 19.361146 106.399317
17.212856 18.723783 -7.647405
17.212856 18.723783 105.821195
17.271311 18.690034 -8.605080
17.271311 18.690034 104.863520
19.414417 17.452712 -7.564573
19.414417 17.452712 105.904027
19.472500 17.419178 -8.522248
19.472500 17.419178 104.946352
20.360868 16.906278 -6.823056
20.360868 16.906278 106.645544
21.101051 16.478933 -7.259910
21.101051 16.478933 106.208690
20.322891 16.928204 -5.358176
20.322891 16.928204 108.110424
19.234211 17.556753 -4.715377
19.234211 17.556753 108.753223
19.225648 17.561697 -3.382688
19.225648 17.561697 110.085912
17.117913 18.778599 -4.884445
17.117913 18.778599 108.584155
18.176807 18.167246 -5.541428
18.176807 18.167246 107.927172
18.236379 18.132852 -6.896243
18.236379 18.132852 106.572357
22.314088 15.778586 -2.367711
22.314088 15.778586 111.100889
15.057836 19.967985 -7.884555
15.057836 19.967985 105.584045
-11.244354 9.613039 96.033393
38.399046 9.613039 96.033393
-11.304423 19.067078 -11.490587
-11.304423 19.067078 101.978013
38.338977 19.067078 -11.490587
38.338977 19.067078 101.978013
-12.410850 11.260295 -16.284635
-12.410850 11.260295 97.183965
37.232550 11.260295 -16.284635
37.232550 11.260295 97.183965
-12.410850 13.603813 -14.875355
-12.410850 13.603813 98.593245
37.232550 13.603813 -14.875355
37.232550 13.603813 98.593245
-12.410850 14.941738 -14.098663
-12.410850 14.941738 99.369937
37.232550 14.941738 -14.098663
37.232550 14.941738 99.369937
-12.410850 17.258171 -12.652505
-12.410850 17.258171 100.816095
37.232550 17.258171 -12.652505
37.232550 17.258171 100.816095
-12.410850 9.942146 -17.078348
-12.410850 9.942146 96.390252
37.232550 9.942146 -17.078348
37.232550 9.942146 96.390252
-12.410850 18.557832 -11.856523
-12.410850 18.557832 101.612077
37.232550 18.557832 -11.856523
37.232550 18.557832 101.612077
-11.206129 11.854235 -15.954442
-11.206129 11.854235 97.514158
38.437271 11.854235 -15.954442
38.437271 11.854235 97.514158
-10.381428 11.439143 -16.217121
-10.381428 11.439143 97.251479
39.261972 11.439143 -16.217121
39.261972 11.439143 97.251479
-11.182796 13.038247 -15.249802
-11.182796 13.038247 98.218798
38.460604 13.038247 -15.249802
38.460604 13.038247 98.218798
-11.182176 15.501499 -13.764498
-11.182176 15.501499 99.704102
38.461224 15.501499 -13.764498
38.461224 15.501499 99.704102
-11.212831 16.674978 -13.058156
-11.212831 16.674978 100.410444
38.430569 16.674978 -13.058156
38.430569 16.674978 100.410444
-10.385027 17.107482 -12.836324
-10.385027 17.107482 100.632276
39.258373 17.107482 -12.836324
39.258373 17.107482 100.632276
-9.955984 13.673891 -14.856066
-9.955984 13.673891 98.612534
39.687416 13.673891 -14.856066
39.687416 13.673891 98.612534
-9.119865 13.237732 -15.035346
-9.119865 13.237732 98.433254
40.523535 13.237732 -15.035346
40.523535 13.237732 98.433254
-9.959583 14.893371 -14.228017
-9.959583 14.893371 99.240583
39.683817 14.893371 -14.228017
39.683817 14.893371 99.240583
-9.127808 15.353390 -14.093557
-9.127808 15.353390 99.375043
40.515592 15.353390 -14.093557
40.515592 15.353390 99.375043
35.634405 8.088097 94.963384
24.821700 1.786479 -10.360440
24.821700 1.786479 103.108160
0.000000 44.778925 -10.360440
0.000000 44.778925 103.108160
24.821700 12.541470 -2.950940
24.821700 12.541470 110.517660
24.821700 11.311456 -1.103671
24.821700 11.311456 112.364929
24.821700 3.237045 -9.092428
24.821700 3.237045 104.376172
0.000000 46.229490 -9.092428
0.000000 46.229490 104.376172
24.821700 1.970057 -7.304163
24.821700 1.970057 106.164437
0.000000 44.962503 -7.304163
0.000000 44.962503 106.164437
24.821700 10.293395 -4.572406
24.821700 10.293395 108.896194
24.821700 11.153244 -4.999616
24.821700 11.153244 108.468984
24.821700 10.223747 -3.234044
24.821700 10.223747 110.234556
24.821700 8.979116 -2.621881
24.821700 8.979116 110.846719
24.821700 8.910328 -1.664206
24.821700 8.910328 111.804394
24.821700 6.524247 -2.744427
24.821700 6.524247 110.724173
24.821700 6.452879 -1.787320
24.821700 6.452879 111.681280
0.000000 49.445325 -1.787320
0.000000 49.445325 111.681280
24.821576 5.438473 -3.474598
24.821576 5.438473 109.994002
-0.000124 48.430918 -3.474598
-0.000124 48.430918 109.994002
24.821700 4.591736 -3.022425
24.821700 4.591736 110.446175
0.000000 47.584182 -3.022425
0.000000 47.584182 110.446175
24.821700 4.271013 -5.654897
24.821700 4.271013 107.813703
0.000000 47.263458 -5.654897
0.000000 47.263458 107.813703
24.821700 3.425351 -5.200455
24.821700 3.425351 108.268145
0.000000 46.417797 -5.200455
0.000000 46.417797 108.268145
24.821700 4.270153 -7.069283
24.821700 4.270153 106.399317
0.000000 47.262599 -7.069283
0.000000 47.262599 106.399317
24.821700 5.544879 -7.647405
24.821700 5.544879 105.821195
0.000000 48.537325 -7.647405
0.000000 48.537325 105.821195
24.821700 5.612377 -8.605080
24.821700 5.612377 104.863520
0.000000 48.604823 -8.605080
0.000000 48.604823 104.863520
24.821700 8.087022 -7.564573
24.821700 8.087022 105.904027
24.821700 8.154091 -8.522248
24.821700 8.154091 104.946352
24.821700 9.179890 -6.823056
24.821700 9.179890 106.645544
24.821700 10.034580 -7.259910
24.821700 10.034580 106.208690
24.821700 9.136038 -5.358176
24.821700 9.136038 108.110424
24.821700 7.878939 -4.715377
24.821700 7.878939 108.753223
24.821700 7.869051 -3.382688
24.821700 7.869051 110.085912
24.821700 5.435248 -4.884445
24.821700 5.435248 108.584155
0.000000 48.427694 -4.884445
0.000000 48.427694 108.584155
24.821700 6.657953 -5.541428
24.821700 6.657953 107.927172
24.821700 6.726741 -6.896243
24.821700 6.726741 106.572357
24.821700 11.435274 -2.367711
24.821700 11.435274 111.100889
24.821700 3.056476 -7.884555
24.821700 3.056476 105.584045
0.000000 46.048922 -7.884555
0.000000 46.048922 105.584045
34.529591 6.951807 96.033393
26.372187 2.172767 -11.490587
26.372187 2.172767 101.978013
1.550487 45.165212 -11.490587
1.550487 45.165212 101.978013
33.686274 5.117964 -16.284635
33.686274 5.117964 97.183965
8.864574 48.110410 -16.284635
8.864574 48.110410 97.183965
31.656727 3.946205 -14.875355
31.656727 3.946205 98.593245
6.835027 46.938650 -14.875355
6.835027 46.938650 98.593245
30.498050 3.277242 -14.098663
30.498050 3.277242 99.369937
5.676350 46.269688 -14.098663
5.676350 46.269688 99.369937
28.491961 2.119026 -12.652505
28.491961 2.119026 100.816095
3.670261 45.111472 -12.652505
3.670261 45.111472 100.816095
34.827824 5.777038 -17.078348
34.827824 5.777038 96.390252
10.006124 48.769484 -17.078348
10.006124 48.769484 96.390252
27.366421 1.469195 -11.856523
27.366421 1.469195 101.612077
2.544721 44.461641 -11.856523
2.544721 44.461641 101.612077
32.569545 5.864313 -15.954442
32.569545 5.864313 97.514158
7.747845 48.856758 -15.954442
7.747845 48.856758 97.514158
32.516675 6.786071 -16.217121
32.516675 6.786071 97.251479
31.532495 5.292513 -15.249802
31.532495 5.292513 98.218798
6.710795 48.284959 -15.249802
6.710795 48.284959 98.218798
29.398946 4.061425 -13.764498
29.398946 4.061425 99.704102
4.577246 47.053870 -13.764498
4.577246 47.053870 99.704102
28.398011 3.448137 -13.058156
28.398011 3.448137 100.410444
3.576311 46.440583 -13.058156
3.576311 46.440583 100.410444
27.609549 3.948784 -12.836324
27.609549 3.948784 100.632276
2.787849 46.941230 -12.836324
2.787849 46.941230 100.632276
30.368605 6.037143 -14.856066
30.368605 6.037143 98.612534
5.546905 49.029588 -14.856066
5.546905 49.029588 98.612534
30.328270 6.979322 -15.035346
30.328270 6.979322 98.433254
29.314304 5.424285 -14.228017
29.314304 5.424285 99.240583
4.492604 48.416731 -14.228017
4.492604 48.416731 99.240583
28.500028 5.914614 -14.093557
28.500028 5.914614 99.375043
3.678328 48.907060 -14.093557
3.678328 48.907060 99.375043
37.232550 5.320029 94.963384
12.410850 48.312474 94.963384
-13.957987 20.602983 -10.360440
-13.957987 20.602983 103.108160
35.685413 20.602983 -10.360440
35.685413 20.602983 103.108160
26.371319 15.225488 -2.950940
26.371319 15.225488 110.517660
27.436542 15.840495 -1.103671
27.436542 15.840495 112.364929
-15.214213 19.877700 -9.092428
-15.214213 19.877700 104.376172
34.429187 19.877700 -9.092428
34.429187 19.877700 104.376172
-14.116970 20.511194 -7.304163
-14.116970 20.511194 106.164437
35.526430 20.511194 -7.304163
35.526430 20.511194 106.164437
28.318209 16.349525 -4.572406
28.318209 16.349525 108.896194
27.573558 15.919601 -4.999616
27.573558 15.919601 108.468984
28.378526 16.384349 -3.234044
28.378526 16.384349 110.234556
29.456408 17.006665 -2.621881
29.456408 17.006665 110.846719
29.515980 17.041059 -1.664206
29.515980 17.041059 111.804394
31.582386 18.234099 -2.744427
31.582386 18.234099 110.724173
-17.999208 18.269783 -1.787320
-17.999208 18.269783 111.681280
31.644192 18.269783 -1.787320
31.644192 18.269783 111.681280
-17.120643 18.776879 -3.474598
-17.120643 18.776879 109.994002
32.522757 18.776879 -3.474598
32.522757 18.776879 109.994002
-16.387410 19.200355 -3.022425
-16.387410 19.200355 110.446175
33.255990 19.200355 -3.022425
33.255990 19.200355 110.446175
-16.109656 19.360716 -5.654897
-16.109656 19.360716 107.813703
33.533744 19.360716 -5.654897
33.533744 19.360716 107.813703
-15.377291 19.783547 -5.200455
-15.377291 19.783547 108.268145
34.266109 19.783547 -5.200455
34.266109 19.783547 108.268145
-16.108911 19.361146 -7.069283
-16.108911 19.361146 106.399317
33.534489 19.361146 -7.069283
33.534489 19.361146 106.399317
-17.212856 18.723783 -7.647405
-17.212856 18.723783 105.821195
32.430544 18.723783 -7.647405
32.430544 18.723783 105.821195
-17.271311 18.690034 -8.605080
-17.271311 18.690034 104.863520
32.372089 18.690034 -8.605080
32.372089 18.690034 104.863520
30.228983 17.452712 -7.564573
30.228983 17.452712 105.904027
30.170900 17.419178 -8.522248
30.170900 17.419178 104.946352
29.282532 16.906278 -6.823056
29.282532 16.906278 106.645544
28.542349 16.478933 -7.259910
28.542349 16.478933 106.208690
29.320509 16.928204 -5.358176
29.320509 16.928204 108.110424
30.409189 17.556753 -4.715377
30.409189 17.556753 108.753223
30.417752 17.561697 -3.382688
30.417752 17.561697 110.085912
-17.117913 18.778599 -4.884445
-17.117913 18.778599 108.584155
32.525487 18.778599 -4.884445
32.525487 18.778599 108.584155
31.466593 18.167246 -5.541428
31.466593 18.167246 107.927172
31.407021 18.132852 -6.896243
31.407021 18.132852 106.572357
27.329312 15.778586 -2.367711
27.329312 15.778586 111.100889
-15.057836 19.967985 -7.884555
-15.057836 19.967985 105.584045
34.585564 19.967985 -7.884555
34.585564 19.967985 105.584045
38.769013 4.931377 96.033393
13.947313 47.923822 96.033393
-2.656915 0.256378 -11.490587
-2.656915 0.256378 101.978013
-27.478615 43.248824 -11.490587
-27.478615 43.248824 101.978013
46.986485 0.256378 -11.490587
46.986485 0.256378 101.978013
22.164785 43.248824 -11.490587
22.164785 43.248824 101.978013
-8.864574 5.117964 -16.284635
-8.864574 5.117964 97.183965
-33.686274 48.110410 -16.284635
-33.686274 48.110410 97.183965
40.778826 5.117964 -16.284635
40.778826 5.117964 97.183965
15.957126 48.110410 -16.284635
15.957126 48.110410 97.183965
-6.835027 3.946205 -14.875355
-6.835027 3.946205 98.593245
-31.656727 46.938650 -14.875355
-31.656727 46.938650 98.593245
42.808373 3.946205 -14.875355
42.808373 3.946205 98.593245
17.986673 46.938650 -14.875355
17.986673 46.938650 98.593245
-5.676350 3.277242 -14.098663
-5.676350 3.277242 99.369937
-30.498050 46.269688 -14.098663
-30.498050 46.269688 99.369937
43.967050 3.277242 -14.098663
43.967050 3.277242 99.369937
19.145350 46.269688 -14.098663
19.145350 46.269688 99.369937
-3.670261 2.119026 -12.652505
-3.670261 2.119026 100.816095
-28.491961 45.111472 -12.652505
-28.491961 45.111472 100.816095
45.973139 2.119026 -12.652505
45.973139 2.119026 100.816095
21.151439 45.111472 -12.652505
21.151439 45.111472 100.816095
-10.006124 5.777038 -17.078348
-10.006124 5.777038 96.390252
-34.827824 48.769484 -17.078348
-34.827824 48.769484 96.390252
39.637276 5.777038 -17.078348
39.637276 5.777038 96.390252
14.815576 48.769484 -17.078348
14.815576 48.769484 96.390252
-2.544721 1.469195 -11.856523
-2.544721 1.469195 101.612077
-27.366421 44.461641 -11.856523
-27.366421 44.461641 101.612077
47.098679 1.469195 -11.856523
47.098679 1.469195 101.612077
22.276979 44.461641 -11.856523
22.276979 44.461641 101.612077
-8.952567 3.777675 -15.954442
-8.952567 3.777675 97.514158
-33.774267 46.770120 -15.954442
-33.774267 46.770120 97.514158
40.690833 3.777675 -15.954442
40.690833 3.777675 97.514158
15.869133 46.770120 -15.954442
15.869133 46.770120 97.514158
39.919003 3.271009 -16.217121
39.919003 3.271009 97.251479
15.097303 46.263454 -16.217121
15.097303 46.263454 97.251479
-7.938848 3.165462 -15.249802
-7.938848 3.165462 98.218798
-32.760548 46.157908 -15.249802
-32.760548 46.157908 98.218798
41.704552 3.165462 -15.249802
41.704552 3.165462 98.218798
16.882852 46.157908 -15.249802
16.882852 46.157908 98.218798
-5.805920 1.933299 -13.764498
-5.805920 1.933299 99.704102
-30.627620 44.925744 -13.764498
-30.627620 44.925744 99.704102
43.837480 1.933299 -13.764498
43.837480 1.933299 99.704102
19.015780 44.925744 -13.764498
19.015780 44.925744 99.704102
-4.774330 1.373107 -13.058156
-4.774330 1.373107 100.410444
-29.596030 44.365553 -13.058156
-29.596030 44.365553 100.410444
44.869070 1.373107 -13.058156
44.869070 1.373107 100.410444
20.047370 44.365553 -13.058156
20.047370 44.365553 100.410444
-4.813672 0.439956 -12.836324
-4.813672 0.439956 100.632276
-29.635372 43.432402 -12.836324
-29.635372 43.432402 100.632276
44.829728 0.439956 -12.836324
44.829728 0.439956 100.632276
20.008028 43.432402 -12.836324
20.008028 43.432402 100.632276
-8.001771 1.785190 -14.856066
-8.001771 1.785190 98.612534
-32.823471 44.777635 -14.856066
-32.823471 44.777635 98.612534
41.641629 1.785190 -14.856066
41.641629 1.785190 98.612534
16.819929 44.777635 -14.856066
16.819929 44.777635 98.612534
40.845845 1.279169 -15.035346
40.845845 1.279169 98.433254
16.024145 44.271614 -15.035346
16.024145 44.271614 98.433254
-6.943871 1.178566 -14.228017
-6.943871 1.178566 99.240583
-31.765571 44.171012 -14.228017
-31.765571 44.171012 99.240583
42.699529 1.178566 -14.228017
42.699529 1.178566 99.240583
17.877829 44.171012 -14.228017
17.877829 44.171012 99.240583
-6.961370 0.228218 -14.093557
-6.961370 0.228218 99.375043
-31.783070 43.220664 -14.093557
-31.783070 43.220664 99.375043
42.682030 0.228218 -14.093557
42.682030 0.228218 99.375043
17.860330 43.220664 -14.093557
17.860330 43.220664 99.375043
24.821700 1.845379 94.150949
0.000000 44.837825 94.150949
35.685413 8.058647 86.006173
37.232426 7.165479 83.284061
37.232426 7.165479 85.307774
26.371319 13.436142 78.596673
27.436542 12.821135 76.749405
34.429187 8.783930 84.738161
35.526430 8.150436 82.949896
28.318209 12.312105 80.218140
27.573558 12.742029 80.645349
28.378526 12.277281 78.879778
29.456408 11.654965 78.267614
29.515980 11.620571 77.309939
31.582386 10.427531 78.390161
31.644192 10.391847 77.433053
32.522757 9.884751 79.120331
33.255990 9.461276 78.668159
33.533744 9.300914 81.300630
34.266109 8.878083 80.846188
33.534489 9.300484 82.715016
32.430544 9.937847 83.293139
32.372089 9.971596 84.250814
30.228983 11.208919 83.210307
30.170900 11.242453 84.167982
29.282532 11.755353 82.468789
28.542349 12.182698 82.905643
29.320509 11.733427 81.003910
30.409189 11.104877 80.361110
30.417752 11.099933 79.028421
32.525487 9.883032 80.530178
31.466593 10.494384 81.187162
31.407021 10.528778 82.541977
27.329312 12.883045 78.013445
34.585564 8.693646 83.530288
26.358163 2.234031 93.080940
1.536463 45.226476 93.080940
34.575635 6.909029 87.136320
28.367976 2.047444 91.930369
3.546276 45.039889 91.930369
30.397523 3.219203 90.521089
5.575823 46.211648 90.521089
31.556200 3.888165 89.744396
6.734500 46.880611 89.744396
33.562289 5.046382 88.298239
8.740589 48.038827 88.298239
27.226426 1.388369 92.724081
2.404726 44.380815 92.724081
34.687829 5.696212 87.502256
9.866129 48.688658 87.502256
28.279983 3.387733 91.600175
3.458283 46.380179 91.600175
27.508153 3.894399 91.862855
2.686453 46.886845 91.862855
29.293702 3.999945 90.895535
4.472002 46.992391 90.895535
31.426630 5.232109 89.410231
6.604930 48.224554 89.410231
32.458220 5.792301 88.703889
7.636520 48.784746 88.703889
32.418878 6.725452 88.482058
29.230779 5.380218 90.501799
4.409079 48.372663 90.501799
28.434995 5.886239 90.681079
3.613295 48.878685 90.681079
30.288679 5.986841 89.873750
5.466979 48.979287 89.873750
30.271180 6.937189 89.739290
-14.008995 20.573533 94.150949
35.634405 20.573533 94.150949
37.232550 5.378928 86.006173
12.410850 48.371374 86.006173
24.821700 16.120161 78.596673
24.821700 17.350175 76.749405
37.232550 3.928363 84.738161
12.410850 46.920809 84.738161
37.232550 5.195350 82.949896
12.410850 48.187796 82.949896
24.821700 18.368236 80.218140
24.821700 17.508387 80.645349
24.821700 18.437883 78.879778
24.821700 19.682515 78.267614
24.821700 19.751303 77.309939
37.232550 0.641161 78.390161
12.410850 43.633606 78.390161
37.232550 0.712528 77.433053
12.410850 43.704974 77.433053
37.232426 1.726935 79.120331
12.410726 44.719380 79.120331
37.232550 2.573671 78.668159
12.410850 45.566117 78.668159
37.232550 2.894395 81.300630
12.410850 45.886840 81.300630
37.232550 3.740056 80.846188
12.410850 46.732502 80.846188
37.232550 2.895255 82.715016
12.410850 45.887700 82.715016
37.232550 1.620529 83.293139
12.410850 44.612974 83.293139
37.232550 1.553030 84.250814
12.410850 44.545476 84.250814
24.821700 20.574608 83.210307
24.821700 20.507540 84.167982
24.821700 19.481740 82.468789
24.821700 18.627050 82.905643
24.821700 19.525592 81.003910
24.821700 20.782691 80.361110
24.821700 20.792580 79.028421
37.232550 1.730159 80.530178
12.410850 44.722605 80.530178
37.232550 0.507454 81.187162
12.410850 43.499900 81.187162
37.232550 0.438666 82.541977
12.410850 43.431112 82.541977
24.821700 17.226356 78.013445
37.232550 4.108931 83.530288
12.410850 47.101377 83.530288
-2.702959 0.213601 93.080940
-27.524659 43.206046 93.080940
46.940441 0.213601 93.080940
22.118741 43.206046 93.080940
38.783037 4.992641 87.136320
13.961337 47.985087 87.136320
-3.546276 2.047444 91.930369
-28.367976 45.039889 91.930369
46.097124 2.047444 91.930369
21.275424 45.039889 91.930369
-5.575823 3.219203 90.521089
-30.397523 46.211648 90.521089
44.067577 3.219203 90.521089
19.245877 46.211648 90.521089
-6.734500 3.888165 89.744396
-31.556200 46.880611 89.744396
42.908900 3.888165 89.744396
18.087200 46.880611 89.744396
-8.740589 5.046382 88.298239
-33.562289 48.038827 88.298239
40.902811 5.046382 88.298239
16.081111 48.038827 88.298239
-2.404726 1.388369 92.724081
-27.226426 44.380815 92.724081
47.238674 1.388369 92.724081
22.416974 44.380815 92.724081
-9.866129 5.696212 87.502256
-34.687829 48.688658 87.502256
39.777271 5.696212 87.502256
14.955571 48.688658 87.502256
-4.663005 1.301095 91.600175
-29.484705 44.293540 91.600175
44.980395 1.301095 91.600175
20.158695 44.293540 91.600175
-4.715875 0.379337 91.862855
-29.537575 43.371782 91.862855
44.927525 0.379337 91.862855
20.105825 43.371782 91.862855
-5.700055 1.872894 90.895535
-30.521755 44.865340 90.895535
43.943345 1.872894 90.895535
19.121645 44.865340 90.895535
-7.833604 3.103983 89.410231
-32.655304 46.096428 89.410231
41.809796 3.103983 89.410231
16.988096 46.096428 89.410231
-8.834539 3.717270 88.703889
-33.656239 46.709716 88.703889
40.808861 3.717270 88.703889
15.987161 46.709716 88.703889
40.020399 3.216623 88.482058
15.198699 46.209069 88.482058
-6.863945 1.128265 90.501799
-31.685645 44.120711 90.501799
42.779455 1.128265 90.501799
17.957755 44.120711 90.501799
-6.904280 0.186086 90.681079
-31.725980 43.178531 90.681079
42.739120 0.186086 90.681079
17.917420 43.178531 90.681079
-7.918246 1.741122 89.873750
-32.739946 44.733568 89.873750
41.725154 1.741122 89.873750
16.903454 44.733568 89.873750
40.910878 1.250794 89.739290
16.089178 44.243239 89.739290
14.008995 20.573533 94.150949
-10.863713 8.058647 86.006173
38.779687 8.058647 86.006173
23.272081 13.436142 78.596673
22.206858 12.821135 76.749405
-9.607487 8.783930 84.738161
40.035913 8.783930 84.738161
-10.704730 8.150436 82.949896
38.938670 8.150436 82.949896
21.325191 12.312105 80.218140
22.069842 12.742029 80.645349
21.264874 12.277281 78.879778
20.186992 11.654965 78.267614
20.127420 11.620571 77.309939
-6.760686 10.427531 78.390161
42.882714 10.427531 78.390161
-6.822492 10.391847 77.433053
42.820908 10.391847 77.433053
-7.700932 9.884536 79.120331
41.942468 9.884536 79.120331
-8.434290 9.461276 78.668159
41.209110 9.461276 78.668159
-8.712044 9.300914 81.300630
40.931356 9.300914 81.300630
-9.444409 8.878083 80.846188
40.198991 8.878083 80.846188
-8.712789 9.300484 82.715016
40.930611 9.300484 82.715016
-7.608844 9.937847 83.293139
42.034556 9.937847 83.293139
-7.550389 9.971596 84.250814
42.093011 9.971596 84.250814
19.414417 11.208919 83.210307
19.472500 11.242453 84.167982
20.360868 11.755353 82.468789
21.101051 12.182698 82.905643
20.322891 11.733427 81.003910
19.234211 11.104877 80.361110
19.225648 11.099933 79.028421
-7.703787 9.883032 80.530178
41.939613 9.883032 80.530178
-6.644893 10.494384 81.187162
42.998507 10.494384 81.187162
-6.585321 10.528778 82.541977
43.058079 10.528778 82.541977
22.314088 12.883045 78.013445
-9.763864 8.693646 83.530288
39.879536 8.693646 83.530288
-11.244354 19.048591 93.080940
38.399046 19.048591 93.080940
-11.304423 9.594552 87.136320
38.338977 9.594552 87.136320
-12.410850 17.401336 91.930369
37.232550 17.401336 91.930369
-12.410850 15.057817 90.521089
37.232550 15.057817 90.521089
-12.410850 13.719893 89.744396
37.232550 13.719893 89.744396
-12.410850 11.403460 88.298239
37.232550 11.403460 88.298239
-12.410850 18.719484 92.724081
37.232550 18.719484 92.724081
-12.410850 10.103798 87.502256
37.232550 10.103798 87.502256
-11.206129 16.807395 91.600175
38.437271 16.807395 91.600175
-10.381428 17.222487 91.862855
39.261972 17.222487 91.862855
-11.182796 15.623383 90.895535
38.460604 15.623383 90.895535
-11.182176 13.160131 89.410231
38.461224 13.160131 89.410231
-11.212831 11.986652 88.703889
38.430569 11.986652 88.703889
-10.385027 11.554148 88.482058
39.258373 11.554148 88.482058
-9.955984 14.987740 90.501799
39.687416 14.987740 90.501799
-9.119865 15.423898 90.681079
40.523535 15.423898 90.681079
-9.959583 13.768259 89.873750
39.683817 13.768259 89.873750
-9.127808 13.308240 89.739290
40.515592 13.308240 89.739290
-13.577346 19.048591 93.080940
36.066054 19.048591 93.080940
36.126123 9.594552 87.136320
-13.615571 16.807395 91.600175
36.027829 16.807395 91.600175
-14.440272 17.222487 91.862855
35.203128 17.222487 91.862855
-13.638904 15.623383 90.895535
36.004496 15.623383 90.895535
-13.639524 13.160131 89.410231
36.003876 13.160131 89.410231
-13.608869 11.986652 88.703889
36.034531 11.986652 88.703889
35.206727 11.554148 88.482058
-14.865716 14.987740 90.501799
34.777684 14.987740 90.501799
-15.701835 15.423898 90.681079
33.941565 15.423898 90.681079
-14.862117 13.768259 89.873750
34.781283 13.768259 89.873750
33.949508 13.308240 89.739290
27.524659 0.213601 93.080940
2.702959 43.206046 93.080940
35.682063 4.992641 87.136320
10.860363 47.985087 87.136320
29.484705 1.301095 91.600175
4.663005 44.293540 91.600175
29.537575 0.379337 91.862855
4.715875 43.371782 91.862855
30.521755 1.872894 90.895535
5.700055 44.865340 90.895535
32.655304 3.103983 89.410231
7.833604 46.096428 89.410231
33.656239 3.717270 88.703889
8.834539 46.709716 88.703889
34.444701 3.216623 88.482058
9.623001 46.209069 88.482058
31.685645 1.128265 90.501799
6.863945 44.120711 90.501799
31.725980 0.186086 90.681079
6.904280 43.178531 90.681079
32.739946 1.741122 89.873750
7.918246 44.733568 89.873750
33.554222 1.250794 89.739290
8.732522 44.243239 89.739290
-1.536463 2.234031 93.080940
-26.358163 45.226476 93.080940
48.106937 2.234031 93.080940
23.285237 45.226476 93.080940
-9.753935 6.909029 87.136320
39.889465 6.909029 87.136320
-3.458283 3.387733 91.600175
-28.279983 46.380179 91.600175
46.185117 3.387733 91.600175
21.363417 46.380179 91.600175
-2.686453 3.894399 91.862855
-27.508153 46.886845 91.862855
46.956947 3.894399 91.862855
22.135247 46.886845 91.862855
-4.472002 3.999945 90.895535
-29.293702 46.992391 90.895535
45.171398 3.999945 90.895535
20.349698 46.992391 90.895535
-6.604930 5.232109 89.410231
-31.426630 48.224554 89.410231
43.038470 5.232109 89.410231
18.216770 48.224554 89.410231
-7.636520 5.792301 88.703889
-32.458220 48.784746 88.703889
42.006880 5.792301 88.703889
17.185180 48.784746 88.703889
-7.597178 6.725452 88.482058
42.046222 6.725452 88.482058
-4.409079 5.380218 90.501799
-29.230779 48.372663 90.501799
45.234321 5.380218 90.501799
20.412621 48.372663 90.501799
-3.613295 5.886239 90.681079
-28.434995 48.878685 90.681079
46.030105 5.886239 90.681079
21.208405 48.878685 90.681079
-5.466979 5.986841 89.873750
-30.288679 48.979287 89.873750
44.176421 5.986841 89.873750
19.354721 48.979287 89.873750
-5.449480 6.937189 89.739290
44.193920 6.937189 89.739290
35.696087 4.931377 96.033393
10.874387 47.923822 96.033393
27.478615 0.256378 -11.490587
27.478615 0.256378 101.978013
2.656915 43.248824 -11.490587
2.656915 43.248824 101.978013
33.774267 3.777675 -15.954442
33.774267 3.777675 97.514158
8.952567 46.770120 -15.954442
8.952567 46.770120 97.514158
34.546097 3.271009 -16.217121
34.546097 3.271009 97.251479
9.724397 46.263454 -16.217121
9.724397 46.263454 97.251479
32.760548 3.165462 -15.249802
32.760548 3.165462 98.218798
7.938848 46.157908 -15.249802
7.938848 46.157908 98.218798
30.627620 1.933299 -13.764498
30.627620 1.933299 99.704102
5.805920 44.925744 -13.764498
5.805920 44.925744 99.704102
29.596030 1.373107 -13.058156
29.596030 1.373107 100.410444
4.774330 44.365553 -13.058156
4.774330 44.365553 100.410444
29.635372 0.439956 -12.836324
29.635372 0.439956 100.632276
4.813672 43.432402 -12.836324
4.813672 43.432402 100.632276
32.823471 1.785190 -14.856066
32.823471 1.785190 98.612534
8.001771 44.777635 -14.856066
8.001771 44.777635 98.612534
33.619255 1.279169 -15.035346
33.619255 1.279169 98.433254
8.797555 44.271614 -15.035346
8.797555 44.271614 98.433254
31.765571 1.178566 -14.228017
31.765571 1.178566 99.240583
6.943871 44.171012 -14.228017
6.943871 44.171012 99.240583
31.783070 0.228218 -14.093557
31.783070 0.228218 99.375043
6.961370 43.220664 -14.093557
6.961370 43.220664 99.375043
-9.707891 6.951807 96.033393
39.935509 6.951807 96.033393
-1.550487 2.172767 -11.490587
-1.550487 2.172767 101.978013
-26.372187 45.165212 -11.490587
-26.372187 45.165212 101.978013
48.092913 2.172767 -11.490587
48.092913 2.172767 101.978013
23.271213 45.165212 -11.490587
23.271213 45.165212 101.978013
-7.747845 5.864313 -15.954442
-7.747845 5.864313 97.514158
-32.569545 48.856758 -15.954442
-32.569545 48.856758 97.514158
41.895555 5.864313 -15.954442
41.895555 5.864313 97.514158
17.073855 48.856758 -15.954442
17.073855 48.856758 97.514158
-7.694975 6.786071 -16.217121
-7.694975 6.786071 97.251479
41.948425 6.786071 -16.217121
41.948425 6.786071 97.251479
-6.710795 5.292513 -15.249802
-6.710795 5.292513 98.218798
-31.532495 48.284959 -15.249802
-31.532495 48.284959 98.218798
42.932605 5.292513 -15.249802
42.932605 5.292513 98.218798
18.110905 48.284959 -15.249802
18.110905 48.284959 98.218798
-4.577246 4.061425 -13.764498
-4.577246 4.061425 99.704102
-29.398946 47.053870 -13.764498
-29.398946 47.053870 99.704102
45.066154 4.061425 -13.764498
45.066154 4.061425 99.704102
20.244454 47.053870 -13.764498
20.244454 47.053870 99.704102
-3.576311 3.448137 -13.058156
-3.576311 3.448137 100.410444
-28.398011 46.440583 -13.058156
-28.398011 46.440583 100.410444
46.067089 3.448137 -13.058156
46.067089 3.448137 100.410444
21.245389 46.440583 -13.058156
21.245389 46.440583 100.410444
-2.787849 3.948784 -12.836324
-2.787849 3.948784 100.632276
-27.609549 46.941230 -12.836324
-27.609549 46.941230 100.632276
46.855551 3.948784 -12.836324
46.855551 3.948784 100.632276
22.033851 46.941230 -12.836324
22.033851 46.941230 100.632276
-5.546905 6.037143 -14.856066
-5.546905 6.037143 98.612534
-30.368605 49.029588 -14.856066
-30.368605 49.029588 98.612534
44.096495 6.037143 -14.856066
44.096495 6.037143 98.612534
19.274795 49.029588 -14.856066
19.274795 49.029588 98.612534
-5.506570 6.979322 -15.035346
-5.506570 6.979322 98.433254
44.136830 6.979322 -15.035346
44.136830 6.979322 98.433254
-4.492604 5.424285 -14.228017
-4.492604 5.424285 99.240583
-29.314304 48.416731 -14.228017
-29.314304 48.416731 99.240583
45.150796 5.424285 -14.228017
45.150796 5.424285 99.240583
20.329096 48.416731 -14.228017
20.329096 48.416731 99.240583
-3.678328 5.914614 -14.093557
-3.678328 5.914614 99.375043
-28.500028 48.907060 -14.093557
-28.500028 48.907060 99.375043
45.965072 5.914614 -14.093557
45.965072 5.914614 99.375043
21.143372 48.907060 -14.093557
21.143372 48.907060 99.375043
36.066054 9.613039 96.033393
-13.517277 19.067078 -11.490587
-13.517277 19.067078 101.978013
36.126123 19.067078 -11.490587
36.126123 19.067078 101.978013
-13.615571 11.854235 -15.954442
-13.615571 11.854235 97.514158
36.027829 11.854235 -15.954442
36.027829 11.854235 97.514158
35.203128 11.439143 -16.217121
35.203128 11.439143 97.251479
-13.638904 13.038247 -15.249802
-13.638904 13.038247 98.218798
36.004496 13.038247 -15.249802
36.004496 13.038247 98.218798
-13.639524 15.501499 -13.764498
-13.639524 15.501499 99.704102
36.003876 15.501499 -13.764498
36.003876 15.501499 99.704102
-13.608869 16.674978 -13.058156
-13.608869 16.674978 100.410444
36.034531 16.674978 -13.058156
36.034531 16.674978 100.410444
-14.436673 17.107482 -12.836324
-14.436673 17.107482 100.632276
35.206727 17.107482 -12.836324
35.206727 17.107482 100.632276
-14.865716 13.673891 -14.856066
-14.865716 13.673891 98.612534
34.777684 13.673891 -14.856066
34.777684 13.673891 98.612534
33.941565 13.237732 -15.035346
33.941565 13.237732 98.433254
-14.862117 14.893371 -14.228017
-14.862117 14.893371 99.240583
34.781283 14.893371 -14.228017
34.781283 14.893371 99.240583
-15.693892 15.353390 -14.093557
-15.693892 15.353390 99.375043
33.949508 15.353390 -14.093557
33.949508 15.353390 99.375043
12.410726 35.827110 54.560242
38.830695 -6.242718 0.406218
38.830695 -6.242718 113.874818
14.008995 36.749727 0.406218
14.008995 36.749727 113.874818
-23.274563 27.768391 8.550994
-23.274563 27.768391 122.019594
26.368837 27.768391 8.550994
26.368837 27.768391 122.019594
24.821824 28.661559 11.273105
24.821824 28.661559 124.741705
12.410726 35.827110 56.481265
24.821824 28.661559 9.249393
24.821824 28.661559 122.717993
-13.960469 22.390896 15.960493
-13.960469 22.390896 129.429093
35.682931 22.390896 15.960493
35.682931 22.390896 129.429093
-15.025692 23.005902 17.807762
34.617708 23.005902 17.807762
-22.018337 27.043108 9.819005
-22.018337 27.043108 123.287605
27.625063 27.043108 9.819005
27.625063 27.043108 123.287605
-23.115580 27.676602 11.607270
-23.115580 27.676602 125.075870
26.527820 27.676602 11.607270
26.527820 27.676602 125.075870
-15.907359 23.514933 14.339027
-15.907359 23.514933 127.807627
33.736041 23.514933 14.339027
33.736041 23.514933 127.807627
-15.162708 23.085009 13.911818
-15.162708 23.085009 127.380418
34.480692 23.085009 13.911818
34.480692 23.085009 127.380418
-15.967676 23.549757 15.677389
-15.967676 23.549757 129.145989
33.675724 23.549757 15.677389
33.675724 23.549757 129.145989
-17.045558 24.172073 16.289552
-17.045558 24.172073 129.758152
32.597842 24.172073 16.289552
32.597842 24.172073 129.758152
-17.105130 24.206467 17.247227
32.538270 24.206467 17.247227
-19.171536 25.399507 16.167006
-19.171536 25.399507 129.635606
30.471864 25.399507 16.167006
30.471864 25.399507 129.635606
-19.233342 25.435191 17.124114
-19.233342 25.435191 130.592714
30.410058 25.435191 17.124114
30.410058 25.435191 130.592714
-20.111782 25.942501 15.436836
-20.111782 25.942501 128.905436
29.531618 25.942501 15.436836
29.531618 25.942501 128.905436
-20.845140 26.365762 15.889008
-20.845140 26.365762 129.357608
28.798260 26.365762 15.889008
28.798260 26.365762 129.357608
-21.122894 26.526124 13.256537
-21.122894 26.526124 126.725137
28.520506 26.526124 13.256537
28.520506 26.526124 126.725137
-21.855259 26.948955 13.710978
-21.855259 26.948955 127.179578
27.788141 26.948955 13.710978
27.788141 26.948955 127.179578
-21.123639 26.526554 11.842150
-21.123639 26.526554 125.310750
28.519761 26.526554 11.842150
28.519761 26.526554 125.310750
-20.019694 25.889191 11.264028
-20.019694 25.889191 124.732628
29.623706 25.889191 11.264028
29.623706 25.889191 124.732628
-19.961239 25.855442 10.306353
-19.961239 25.855442 123.774953
29.682161 25.855442 10.306353
29.682161 25.855442 123.774953
-17.818133 24.618119 11.346860
-17.818133 24.618119 124.815460
31.825267 24.618119 11.346860
31.825267 24.618119 124.815460
-17.760050 24.584585 10.389185
-17.760050 24.584585 123.857785
31.883350 24.584585 10.389185
31.883350 24.584585 123.857785
-16.871682 24.071685 12.088377
-16.871682 24.071685 125.556977
32.771718 24.071685 12.088377
32.771718 24.071685 125.556977
-16.131499 23.644340 11.651523
-16.131499 23.644340 125.120123
33.511901 23.644340 11.651523
33.511901 23.644340 125.120123
-16.909659 24.093611 13.553257
-16.909659 24.093611 127.021857
32.733741 24.093611 13.553257
32.733741 24.093611 127.021857
-17.998339 24.722161 14.196057
-17.998339 24.722161 127.664657
31.645061 24.722161 14.196057
31.645061 24.722161 127.664657
-18.006902 24.727105 15.528745
-18.006902 24.727105 128.997345
31.636498 24.727105 15.528745
31.636498 24.727105 128.997345
-20.114637 25.944006 14.026988
-20.114637 25.944006 127.495588
29.528763 25.944006 14.026988
29.528763 25.944006 127.495588
-19.055743 25.332654 13.370005
-19.055743 25.332654 126.838605
30.587657 25.332654 13.370005
30.587657 25.332654 126.838605
-18.996171 25.298260 12.015190
-18.996171 25.298260 125.483790
30.647229 25.298260 12.015190
30.647229 25.298260 125.483790
-14.918462 22.943993 16.543722
-14.918462 22.943993 130.012322
34.724938 22.943993 16.543722
34.724938 22.943993 130.012322
-22.174714 27.133392 11.026879
-22.174714 27.133392 124.495479
27.468686 27.133392 11.026879
27.468686 27.133392 124.495479
38.399046 -4.717776 1.476226
38.399046 -4.717776 114.944826
13.577346 38.274670 1.476226
13.577346 38.274670 114.944826
25.928127 26.232486 7.420846
25.928127 26.232486 120.889446
37.232550 -3.070520 2.626798
37.232550 -3.070520 116.095398
12.410850 39.921925 2.626798
12.410850 39.921925 116.095398
37.232550 -0.727002 4.036078
37.232550 -0.727002 117.504678
12.410850 42.265443 4.036078
12.410850 42.265443 117.504678
24.821700 22.107145 4.812771
24.821700 22.107145 118.281371
24.821700 24.423578 6.258928
24.821700 24.423578 119.727528
37.232550 -4.388669 1.833085
37.232550 -4.388669 115.301685
12.410850 38.603777 1.833085
12.410850 38.603777 115.301685
24.821700 25.723240 7.054910
24.821700 25.723240 120.523510
38.437271 -2.476580 2.956992
38.437271 -2.476580 116.425592
13.615571 40.515866 2.956992
13.615571 40.515866 116.425592
39.261972 -2.891672 2.694312
39.261972 -2.891672 116.162912
14.440272 40.100774 2.694312
14.440272 40.100774 116.162912
38.460604 -1.292568 3.661632
38.460604 -1.292568 117.130232
13.638904 41.699878 3.661632
13.638904 41.699878 117.130232
26.050374 22.666907 5.146936
26.050374 22.666907 118.615536
26.019719 23.840386 5.853278
26.019719 23.840386 119.321878
26.847523 24.272890 6.075109
26.847523 24.272890 119.543709
39.687416 -0.656925 4.055368
39.687416 -0.656925 117.523968
14.865716 42.335521 4.055368
14.865716 42.335521 117.523968
40.523535 -1.093083 3.876087
40.523535 -1.093083 117.344687
15.701835 41.899363 3.876087
15.701835 41.899363 117.344687
27.272967 22.058779 4.683416
27.272967 22.058779 118.152016
28.104742 22.518798 4.817877
28.104742 22.518798 118.286477
35.634405 -6.242718 0.406218
35.634405 -6.242718 113.874818
10.812705 36.749727 0.406218
10.812705 36.749727 113.874818
-24.821700 30.448110 8.550994
-24.821700 30.448110 122.019594
24.821700 30.448110 8.550994
24.821700 30.448110 122.019594
-0.000000 -1.789346 15.960493
0.000000 -1.789346 129.429093
-24.821700 41.203100 15.960493
-24.821700 41.203100 129.429093
49.643400 -1.789346 15.960493
49.643400 -1.789346 129.429093
24.821700 41.203100 15.960493
24.821700 41.203100 129.429093
-0.000000 -3.019359 17.807762
-24.821700 39.973086 17.807762
49.643400 -3.019359 17.807762
24.821700 39.973086 17.807762
-24.821700 31.898675 9.819005
-24.821700 31.898675 123.287605
24.821700 31.898675 9.819005
24.821700 31.898675 123.287605
-24.821700 30.631688 11.607270
-24.821700 30.631688 125.075870
24.821700 30.631688 11.607270
24.821700 30.631688 125.075870
-0.000000 -4.037421 14.339027
0.000000 -4.037421 127.807627
-24.821700 38.955025 14.339027
-24.821700 38.955025 127.807627
49.643400 -4.037421 14.339027
49.643400 -4.037421 127.807627
24.821700 38.955025 14.339027
24.821700 38.955025 127.807627
-0.000000 -3.177572 13.911818
0.000000 -3.177572 127.380418
-24.821700 39.814874 13.911818
-24.821700 39.814874 127.380418
49.643400 -3.177572 13.911818
49.643400 -3.177572 127.380418
24.821700 39.814874 13.911818
24.821700 39.814874 127.380418
-0.000000 -4.107068 15.677389
-0.000000 -4.107068 129.145989
-24.821700 38.885377 15.677389
-24.821700 38.885377 129.145989
49.643400 -4.107068 15.677389
49.643400 -4.107068 129.145989
24.821700 38.885377 15.677389
24.821700 38.885377 129.145989
-0.000000 -5.351700 16.289552
-0.000000 -5.351700 129.758152
-24.821700 37.640746 16.289552
-24.821700 37.640746 129.758152
49.643400 -5.351700 16.289552
49.643400 -5.351700 129.758152
24.821700 37.640746 16.289552
24.821700 37.640746 129.758152
-0.000000 -5.420488 17.247227
-24.821700 37.571958 17.247227
49.643400 -5.420488 17.247227
24.821700 37.571958 17.247227
-24.821700 35.185877 16.167006
-24.821700 35.185877 129.635606
24.821700 35.185877 16.167006
24.821700 35.185877 129.635606
-24.821700 35.114510 17.124114
-24.821700 35.114510 130.592714
24.821700 35.114510 17.124114
24.821700 35.114510 130.592714
-24.821824 34.100103 15.436836
-24.821824 34.100103 128.905436
24.821576 34.100103 15.436836
24.821576 34.100103 128.905436
-24.821700 33.253367 15.889008
-24.821700 33.253367 129.357608
24.821700 33.253367 15.889008
24.821700 33.253367 129.357608
-24.821700 32.932643 13.256537
-24.821700 32.932643 126.725137
24.821700 32.932643 13.256537
24.821700 32.932643 126.725137
-24.821700 32.086982 13.710978
-24.821700 32.086982 127.179578
24.821700 32.086982 13.710978
24.821700 32.086982 127.179578
-24.821700 32.931783 11.842150
-24.821700 32.931783 125.310750
24.821700 32.931783 11.842150
24.821700 32.931783 125.310750
-24.821700 34.206509 11.264028
-24.821700 34.206509 124.732628
24.821700 34.206509 11.264028
24.821700 34.206509 124.732628
-24.821700 34.274008 10.306353
-24.821700 34.274008 123.774953
24.821700 34.274008 10.306353
24.821700 34.274008 123.774953
-0.000000 -6.243793 11.346860
0.000000 -6.243793 124.815460
-24.821700 36.748653 11.346860
-24.821700 36.748653 124.815460
49.643400 -6.243793 11.346860
49.643400 -6.243793 124.815460
24.821700 36.748653 11.346860
24.821700 36.748653 124.815460
-0.000000 -6.176725 10.389185
0.000000 -6.176725 123.857785
-24.821700 36.815721 10.389185
-24.821700 36.815721 123.857785
49.643400 -6.176725 10.389185
49.643400 -6.176725 123.857785
24.821700 36.815721 10.389185
24.821700 36.815721 123.857785
-0.000000 -5.150925 12.088377
0.000000 -5.150925 125.556977
-24.821700 37.841521 12.088377
-24.821700 37.841521 125.556977
49.643400 -5.150925 12.088377
49.643400 -5.150925 125.556977
24.821700 37.841521 12.088377
24.821700 37.841521 125.556977
-0.000000 -4.296235 11.651523
0.000000 -4.296235 125.120123
-24.821700 38.696210 11.651523
-24.821700 38.696210 125.120123
49.643400 -4.296235 11.651523
49.643400 -4.296235 125.120123
24.821700 38.696210 11.651523
24.821700 38.696210 125.120123
-0.000000 -5.194777 13.553257
0.000000 -5.194777 127.021857
-24.821700 37.797668 13.553257
-24.821700 37.797668 127.021857
49.643400 -5.194777 13.553257
49.643400 -5.194777 127.021857
24.821700 37.797668 13.553257
24.821700 37.797668 127.021857
-0.000000 -6.451876 14.196057
0.000000 -6.451876 127.664657
-24.821700 36.540569 14.196057
-24.821700 36.540569 127.664657
49.643400 -6.451876 14.196057
49.643400 -6.451876 127.664657
24.821700 36.540569 14.196057
24.821700 36.540569 127.664657
-0.000000 -6.461765 15.528745
0.000000 -6.461765 128.997345
-24.821700 36.530681 15.528745
-24.821700 36.530681 128.997345
49.643400 -6.461765 15.528745
49.643400 -6.461765 128.997345
24.821700 36.530681 15.528745
24.821700 36.530681 128.997345
-24.821700 34.096879 14.026988
-24.821700 34.096879 127.495588
24.821700 34.096879 14.026988
24.821700 34.096879 127.495588
-24.821700 35.319584 13.370005
-24.821700 35.319584 126.838605
24.821700 35.319584 13.370005
24.821700 35.319584 126.838605
-24.821700 35.388372 12.015190
-24.821700 35.388372 125.483790
24.821700 35.388372 12.015190
24.821700 35.388372 125.483790
-0.000000 -2.895541 16.543722
0.000000 -2.895541 130.012322
-24.821700 40.096904 16.543722
-24.821700 40.096904 130.012322
49.643400 -2.895541 16.543722
49.643400 -2.895541 130.012322
24.821700 40.096904 16.543722
24.821700 40.096904 130.012322
-24.821700 31.718107 11.026879
-24.821700 31.718107 124.495479
24.821700 31.718107 11.026879
24.821700 31.718107 124.495479
9.707891 35.613437 1.476226
9.707891 35.613437 114.944826
-23.271213 30.834397 7.420846
-23.271213 30.834397 120.889446
26.372187 30.834397 7.420846
26.372187 30.834397 120.889446
8.864574 33.779594 2.626798
8.864574 33.779594 116.095398
6.835027 32.607835 4.036078
6.835027 32.607835 117.504678
-19.145350 31.938873 4.812771
-19.145350 31.938873 118.281371
30.498050 31.938873 4.812771
30.498050 31.938873 118.281371
-21.151439 30.780656 6.258928
-21.151439 30.780656 119.727528
28.491961 30.780656 6.258928
28.491961 30.780656 119.727528
10.006124 34.438669 1.833085
10.006124 34.438669 115.301685
-22.276979 30.130826 7.054910
-22.276979 30.130826 120.523510
27.366421 30.130826 7.054910
27.366421 30.130826 120.523510
7.747845 34.525943 2.956992
7.747845 34.525943 116.425592
7.694975 35.447701 2.694312
7.694975 35.447701 116.162912
6.710795 33.954144 3.661632
6.710795 33.954144 117.130232
-20.244454 32.723055 5.146936
-20.244454 32.723055 118.615536
29.398946 32.723055 5.146936
29.398946 32.723055 118.615536
-21.245389 32.109768 5.853278
-21.245389 32.109768 119.321878
28.398011 32.109768 5.853278
28.398011 32.109768 119.321878
-22.033851 32.610415 6.075109
-22.033851 32.610415 119.543709
27.609549 32.610415 6.075109
27.609549 32.610415 119.543709
5.546905 34.698773 4.055368
5.546905 34.698773 117.523968
5.506570 35.640952 3.876087
5.506570 35.640952 117.344687
-20.329096 34.085916 4.683416
-20.329096 34.085916 118.152016
29.314304 34.085916 4.683416
29.314304 34.085916 118.152016
-21.143372 34.576244 4.817877
-21.143372 34.576244 118.286477
28.500028 34.576244 4.817877
28.500028 34.576244 118.286477
12.410850 33.981659 0.406218
12.410850 33.981659 113.874818
23.274563 27.768391 8.550994
23.274563 27.768391 122.019594
13.960469 22.390896 15.960493
13.960469 22.390896 129.429093
15.025692 23.005902 17.807762
22.018337 27.043108 9.819005
22.018337 27.043108 123.287605
23.115580 27.676602 11.607270
23.115580 27.676602 125.075870
15.907359 23.514933 14.339027
15.907359 23.514933 127.807627
15.162708 23.085009 13.911818
15.162708 23.085009 127.380418
15.967676 23.549757 15.677389
15.967676 23.549757 129.145989
17.045558 24.172073 16.289552
17.045558 24.172073 129.758152
17.105130 24.206467 17.247227
19.171536 25.399507 16.167006
19.171536 25.399507 129.635606
19.233342 25.435191 17.124114
19.233342 25.435191 130.592714
20.111907 25.942287 15.436836
20.111907 25.942287 128.905436
20.845140 26.365762 15.889008
20.845140 26.365762 129.357608
21.122894 26.526124 13.256537
21.122894 26.526124 126.725137
21.855259 26.948955 13.710978
21.855259 26.948955 127.179578
21.123639 26.526554 11.842150
21.123639 26.526554 125.310750
20.019694 25.889191 11.264028
20.019694 25.889191 124.732628
19.961239 25.855442 10.306353
19.961239 25.855442 123.774953
17.818133 24.618119 11.346860
17.818133 24.618119 124.815460
17.760050 24.584585 10.389185
17.760050 24.584585 123.857785
16.871682 24.071685 12.088377
16.871682 24.071685 125.556977
16.131499 23.644340 11.651523
16.131499 23.644340 125.120123
16.909659 24.093611 13.553257
16.909659 24.093611 127.021857
17.998339 24.722161 14.196057
17.998339 24.722161 127.664657
18.006902 24.727105 15.528745
18.006902 24.727105 128.997345
20.114637 25.944006 14.026988
20.114637 25.944006 127.495588
19.055743 25.332654 13.370005
19.055743 25.332654 126.838605
18.996171 25.298260 12.015190
18.996171 25.298260 125.483790
14.918462 22.943993 16.543722
14.918462 22.943993 130.012322
22.174714 27.133392 11.026879
22.174714 27.133392 124.495479
13.947313 33.593007 1.476226
13.947313 33.593007 114.944826
22.164785 28.918009 7.420846
22.164785 28.918009 120.889446
15.957126 33.779594 2.626798
15.957126 33.779594 116.095398
17.986673 32.607835 4.036078
17.986673 32.607835 117.504678
19.145350 31.938873 4.812771
19.145350 31.938873 118.281371
21.151439 30.780656 6.258928
21.151439 30.780656 119.727528
14.815576 34.438669 1.833085
14.815576 34.438669 115.301685
22.276979 30.130826 7.054910
22.276979 30.130826 120.523510
15.869133 32.439305 2.956992
15.869133 32.439305 116.425592
15.097303 31.932639 2.694312
15.097303 31.932639 116.162912
16.882852 31.827092 3.661632
16.882852 31.827092 117.130232
19.015780 30.594929 5.146936
19.015780 30.594929 118.615536
20.047370 30.034737 5.853278
20.047370 30.034737 119.321878
20.008028 29.101586 6.075109
20.008028 29.101586 119.543709
16.819929 30.446820 4.055368
16.819929 30.446820 117.523968
16.024145 29.940799 3.876087
16.024145 29.940799 117.344687
17.877829 29.840197 4.683416
17.877829 29.840197 118.152016
17.860330 28.889849 4.817877
17.860330 28.889849 118.286477
24.821824 28.661559 2.174058
24.821824 28.661559 115.642658
-24.821700 30.507009 56.328082
24.821700 30.507009 56.328082
35.685413 -6.272168 48.183306
10.863713 36.720278 48.183306
12.410726 35.827110 45.461195
24.821824 28.661559 0.253035
24.821824 28.661559 113.721635
12.410726 35.827110 47.484907
26.371319 -0.894673 40.773807
1.549619 42.097773 40.773807
27.436542 -1.509680 38.926538
2.614842 41.482766 38.926538
34.429187 -5.546885 46.915295
9.607487 37.445560 46.915295
35.526430 -6.180379 45.127030
10.704730 36.812067 45.127030
28.318209 -2.018710 42.395273
3.496509 40.973735 42.395273
27.573558 -1.588786 42.822482
2.751858 41.403660 42.822482
28.378526 -2.053534 41.056911
3.556826 40.938911 41.056911
29.456408 -2.675850 40.444748
4.634708 40.316596 40.444748
29.515980 -2.710244 39.487073
4.694280 40.282202 39.487073
31.582386 -3.903284 40.567294
6.760686 39.089161 40.567294
31.644192 -3.938968 39.610186
6.822492 39.053478 39.610186
32.522757 -4.446064 41.297464
7.701057 38.546382 41.297464
33.255990 -4.869539 40.845292
8.434290 38.122906 40.845292
33.533744 -5.029901 43.477763
8.712044 37.962544 43.477763
34.266109 -5.452732 43.023322
9.444409 37.539714 43.023322
33.534489 -5.030331 44.892150
8.712789 37.962114 44.892150
32.430544 -4.392968 45.470272
7.608844 38.599477 45.470272
32.372089 -4.359219 46.427947
7.550389 38.633227 46.427947
30.228983 -3.121896 45.387440
5.407283 39.870549 45.387440
30.170900 -3.088362 46.345115
5.349200 39.904083 46.345115
29.282532 -2.575462 44.645923
4.460832 40.416983 44.645923
28.542349 -2.148118 45.082777
3.720649 40.844328 45.082777
29.320509 -2.597389 43.181043
4.498809 40.395057 43.181043
30.409189 -3.225938 42.538243
5.587489 39.766507 42.538243
30.417752 -3.230882 41.205555
5.596052 39.761563 41.205555
32.525487 -4.447783 42.707312
7.703787 38.544662 42.707312
31.466593 -3.836431 43.364295
6.644893 39.156015 43.364295
31.407021 -3.802037 44.719110
6.585321 39.190409 44.719110
27.329312 -1.447771 40.190578
2.507612 41.544675 40.190578
34.585564 -5.637169 45.707421
9.763864 37.355276 45.707421
-23.285237 30.895661 55.258074
26.358163 30.895661 55.258074
9.753935 35.570660 49.313454
-21.275424 30.709074 54.107502
28.367976 30.709074 54.107502
-19.245877 31.880833 52.698222
30.397523 31.880833 52.698222
6.734500 32.549795 51.921529
8.740589 33.708012 50.475372
-22.416974 30.050000 54.901215
27.226426 30.050000 54.901215
9.866129 34.357843 49.679390
-21.363417 32.049363 53.777308
28.279983 32.049363 53.777308
-22.135247 32.556029 54.039988
27.508153 32.556029 54.039988
-20.349698 32.661576 53.072668
29.293702 32.661576 53.072668
6.604930 33.893739 51.587364
7.636520 34.453931 50.881022
7.597178 35.387082 50.659191
-20.412621 34.041848 52.678932
29.230779 34.041848 52.678932
-21.208405 34.547869 52.858213
28.434995 34.547869 52.858213
5.466979 34.648472 52.050884
5.449480 35.598820 51.916423
23.223555 27.738941 56.328082
12.410850 34.040559 48.183306
12.410850 23.285568 40.773807
12.410850 24.515582 38.926538
12.410850 32.589993 46.915295
12.410850 33.856981 45.127030
12.410850 25.533643 42.395273
12.410850 24.673794 42.822482
12.410850 25.603291 41.056911
12.410850 26.847922 40.444748
12.410850 26.916710 39.487073
12.410850 29.302791 40.567294
12.410850 29.374158 39.610186
12.410726 30.388565 41.297464
12.410850 31.235301 40.845292
12.410850 31.556025 43.477763
12.410850 32.401686 43.023322
12.410850 31.556885 44.892150
12.410850 30.282159 45.470272
12.410850 30.214661 46.427947
12.410850 27.740016 45.387440
12.410850 27.672947 46.345115
12.410850 26.647148 44.645923
12.410850 25.792458 45.082777
12.410850 26.691000 43.181043
12.410850 27.948099 42.538243
12.410850 27.957987 41.205555
12.410850 30.391790 42.707312
12.410850 29.169085 43.364295
12.410850 29.100297 44.719110
12.410850 24.391764 40.190578
12.410850 32.770562 45.707421
22.118741 28.875231 55.258074
13.961337 33.654271 49.313454
21.275424 30.709074 54.107502
19.245877 31.880833 52.698222
18.087200 32.549795 51.921529
16.081111 33.708012 50.475372
22.416974 30.050000 54.901215
14.955571 34.357843 49.679390
20.158695 29.962725 53.777308
20.105825 29.040967 54.039988
19.121645 30.534525 53.072668
16.988096 31.765613 51.587364
15.987161 32.378901 50.881022
15.198699 31.878253 50.659191
17.957755 29.789895 52.678932
17.917420 28.847716 52.858213
16.903454 30.402753 52.050884
16.089178 29.912424 51.916423
-23.223555 27.738941 56.328082
26.419845 27.738941 56.328082
38.779687 -6.272168 48.183306
13.957987 36.720278 48.183306
-1.549619 -0.894673 40.773807
-26.371319 42.097773 40.773807
48.093781 -0.894673 40.773807
23.272081 42.097773 40.773807
-2.614842 -1.509680 38.926538
-27.436542 41.482766 38.926538
47.028558 -1.509680 38.926538
22.206858 41.482766 38.926538
40.035913 -5.546885 46.915295
15.214213 37.445560 46.915295
38.938670 -6.180379 45.127030
14.116970 36.812067 45.127030
-3.496509 -2.018710 42.395273
-28.318209 40.973735 42.395273
46.146891 -2.018710 42.395273
21.325191 40.973735 42.395273
-2.751858 -1.588786 42.822482
-27.573558 41.403660 42.822482
46.891542 -1.588786 42.822482
22.069842 41.403660 42.822482
-3.556826 -2.053534 41.056911
-28.378526 40.938911 41.056911
46.086574 -2.053534 41.056911
21.264874 40.938911 41.056911
-4.634708 -2.675850 40.444748
-29.456408 40.316596 40.444748
45.008692 -2.675850 40.444748
20.186992 40.316596 40.444748
-4.694280 -2.710244 39.487073
-29.515980 40.282202 39.487073
44.949120 -2.710244 39.487073
20.127420 40.282202 39.487073
42.882714 -3.903284 40.567294
18.061014 39.089161 40.567294
42.820908 -3.938968 39.610186
17.999208 39.053478 39.610186
41.942468 -4.446279 41.297464
17.120768 38.546167 41.297464
41.209110 -4.869539 40.845292
16.387410 38.122906 40.845292
40.931356 -5.029901 43.477763
16.109656 37.962544 43.477763
40.198991 -5.452732 43.023322
15.377291 37.539714 43.023322
40.930611 -5.030331 44.892150
16.108911 37.962114 44.892150
42.034556 -4.392968 45.470272
17.212856 38.599477 45.470272
42.093011 -4.359219 46.427947
17.271311 38.633227 46.427947
-5.407283 -3.121896 45.387440
-30.228983 39.870549 45.387440
44.236117 -3.121896 45.387440
19.414417 39.870549 45.387440
-5.349200 -3.088362 46.345115
-30.170900 39.904083 46.345115
44.294200 -3.088362 46.345115
19.472500 39.904083 46.345115
-4.460832 -2.575462 44.645923
-29.282532 40.416983 44.645923
45.182568 -2.575462 44.645923
20.360868 40.416983 44.645923
-3.720649 -2.148118 45.082777
-28.542349 40.844328 45.082777
45.922751 -2.148118 45.082777
21.101051 40.844328 45.082777
-4.498809 -2.597389 43.181043
-29.320509 40.395057 43.181043
45.144591 -2.597389 43.181043
20.322891 40.395057 43.181043
-5.587489 -3.225938 42.538243
-30.409189 39.766507 42.538243
44.055911 -3.225938 42.538243
19.234211 39.766507 42.538243
-5.596052 -3.230882 41.205555
-30.417752 39.761563 41.205555
44.047348 -3.230882 41.205555
19.225648 39.761563 41.205555
41.939613 -4.447783 42.707312
17.117913 38.544662 42.707312
42.998507 -3.836431 43.364295
18.176807 39.156015 43.364295
43.058079 -3.802037 44.719110
18.236379 39.190409 44.719110
-2.507612 -1.447771 40.190578
-27.329312 41.544675 40.190578
47.135788 -1.447771 40.190578
22.314088 41.544675 40.190578
39.879536 -5.637169 45.707421
15.057836 37.355276 45.707421
25.988196 26.213999 55.258074
38.338977 -4.736263 49.313454
13.517277 38.256183 49.313454
24.821700 24.566743 54.107502
24.821700 22.223225 52.698222
37.232550 -0.610923 51.921529
12.410850 42.381523 51.921529
37.232550 -2.927356 50.475372
12.410850 40.065090 50.475372
24.821700 25.884892 54.901215
37.232550 -4.227017 49.679390
12.410850 38.765428 49.679390
26.026421 23.972803 53.777308
26.851122 24.387895 54.039988
26.049754 22.788791 53.072668
38.461224 -1.170684 51.587364
13.639524 41.821761 51.587364
38.430569 -2.344163 50.881022
13.608869 40.648282 50.881022
39.258373 -2.776667 50.659191
14.436673 40.215778 50.659191
27.276566 22.153147 52.678932
28.112685 22.589306 52.858213
39.683817 -0.562556 52.050884
14.862117 42.429889 52.050884
40.515592 -1.022575 51.916423
15.693892 41.969870 51.916423
23.655204 26.213999 55.258074
36.126123 -4.736263 49.313454
11.304423 38.256183 49.313454
23.616979 23.972803 53.777308
22.792278 24.387895 54.039988
23.593646 22.788791 53.072668
36.003876 -1.170684 51.587364
11.182176 41.821761 51.587364
36.034531 -2.344163 50.881022
11.212831 40.648282 50.881022
35.206727 -2.776667 50.659191
10.385027 40.215778 50.659191
22.366834 22.153147 52.678932
21.530715 22.589306 52.858213
34.781283 -0.562556 52.050884
9.959583 42.429889 52.050884
33.949508 -1.022575 51.916423
9.127808 41.969870 51.916423
-22.118741 28.875231 55.258074
27.524659 28.875231 55.258074
10.860363 33.654271 49.313454
-20.158695 29.962725 53.777308
29.484705 29.962725 53.777308
-20.105825 29.040967 54.039988
29.537575 29.040967 54.039988
-19.121645 30.534525 53.072668
30.521755 30.534525 53.072668
7.833604 31.765613 51.587364
8.834539 32.378901 50.881022
9.623001 31.878253 50.659191
-17.957755 29.789895 52.678932
31.685645 29.789895 52.678932
-17.917420 28.847716 52.858213
31.725980 28.847716 52.858213
7.918246 30.402753 52.050884
8.732522 29.912424 51.916423
23.285237 30.895661 55.258074
15.067765 35.570660 49.313454
21.363417 32.049363 53.777308
22.135247 32.556029 54.039988
20.349698 32.661576 53.072668
18.216770 33.893739 51.587364
17.185180 34.453931 50.881022
17.224522 35.387082 50.659191
20.412621 34.041848 52.678932
21.208405 34.547869 52.858213
19.354721 34.648472 52.050884
19.372220 35.598820 51.916423
10.874387 33.593007 1.476226
10.874387 33.593007 114.944826
-22.164785 28.918009 7.420846
-22.164785 28.918009 120.889446
27.478615 28.918009 7.420846
27.478615 28.918009 120.889446
8.952567 32.439305 2.956992
8.952567 32.439305 116.425592
9.724397 31.932639 2.694312
9.724397 31.932639 116.162912
7.938848 31.827092 3.661632
7.938848 31.827092 117.130232
-19.015780 30.594929 5.146936
-19.015780 30.594929 118.615536
30.627620 30.594929 5.146936
30.627620 30.594929 118.615536
-20.047370 30.034737 5.853278
-20.047370 30.034737 119.321878
29.596030 30.034737 5.853278
29.596030 30.034737 119.321878
-20.008028 29.101586 6.075109
-20.008028 29.101586 119.543709
29.635372 29.101586 6.075109
29.635372 29.101586 119.543709
8.001771 30.446820 4.055368
8.001771 30.446820 117.523968
8.797555 29.940799 3.876087
8.797555 29.940799 117.344687
-17.877829 29.840197 4.683416
-17.877829 29.840197 118.152016
31.765571 29.840197 4.683416
31.765571 29.840197 118.152016
-17.860330 28.889849 4.817877
-17.860330 28.889849 118.286477
31.783070 28.889849 4.817877
31.783070 28.889849 118.286477
15.113809 35.613437 1.476226
15.113809 35.613437 114.944826
23.271213 30.834397 7.420846
23.271213 30.834397 120.889446
17.073855 34.525943 2.956992
17.073855 34.525943 116.425592
17.126725 35.447701 2.694312
17.126725 35.447701 116.162912
18.110905 33.954144 3.661632
18.110905 33.954144 117.130232
20.244454 32.723055 5.146936
20.244454 32.723055 118.615536
21.245389 32.109768 5.853278
21.245389 32.109768 119.321878
22.033851 32.610415 6.075109
22.033851 32.610415 119.543709
19.274795 34.698773 4.055368
19.274795 34.698773 117.523968
19.315130 35.640952 3.876087
19.315130 35.640952 117.344687
20.329096 34.085916 4.683416
20.329096 34.085916 118.152016
21.143372 34.576244 4.817877
21.143372 34.576244 118.286477
36.066054 -4.717776 1.476226
36.066054 -4.717776 114.944826
11.244354 38.274670 1.476226
11.244354 38.274670 114.944826
23.715273 26.232486 7.420846
23.715273 26.232486 120.889446
36.027829 -2.476580 2.956992
36.027829 -2.476580 116.425592
11.206129 40.515866 2.956992
11.206129 40.515866 116.425592
35.203128 -2.891672 2.694312
35.203128 -2.891672 116.162912
10.381428 40.100774 2.694312
10.381428 40.100774 116.162912
36.004496 -1.292568 3.661632
36.004496 -1.292568 117.130232
11.182796 41.699878 3.661632
11.182796 41.699878 117.130232
23.593026 22.666907 5.146936
23.593026 22.666907 118.615536
23.623681 23.840386 5.853278
23.623681 23.840386 119.321878
22.795877 24.272890 6.075109
22.795877 24.272890 119.543709
34.777684 -0.656925 4.055368
34.777684 -0.656925 117.523968
9.955984 42.335521 4.055368
9.955984 42.335521 117.523968
33.941565 -1.093083 3.876087
33.941565 -1.093083 117.344687
9.119865 41.899363 3.876087
9.119865 41.899363 117.344687
22.370433 22.058779 4.683416
22.370433 22.058779 118.152016
21.538658 22.518798 4.817877
21.538658 22.518798 118.286477
14.008995 22.418912 19.317651
13.957987 34.933798 27.462427
12.410974 35.826966 30.184539
12.410974 35.826966 28.160826
23.272081 29.556303 34.871927
22.206858 30.171310 36.719195
15.214213 34.208516 28.730439
14.116970 34.842009 30.518704
21.325191 30.680341 33.250460
22.069842 30.250416 32.823251
21.264874 30.715165 34.588822
20.186992 31.337480 35.200986
20.127420 31.371874 36.158661
18.061014 32.564914 35.078439
17.999208 32.600598 36.035547
17.120768 33.107909 34.348269
16.387410 33.531170 34.800441
16.109656 33.691532 32.167970
15.377291 34.114362 32.622412
16.108911 33.691961 30.753584
17.212856 33.054598 30.175461
17.271311 33.020849 29.217786
19.414417 31.783527 30.258293
19.472500 31.749993 29.300618
20.360868 31.237093 30.999811
21.101051 30.809748 30.562957
20.322891 31.259019 32.464690
19.234211 31.887569 33.107490
19.225648 31.892513 34.440179
17.117913 33.109414 32.938422
18.176807 32.498061 32.281438
18.236379 32.463667 30.926623
22.314088 30.109401 35.455155
15.057836 34.298800 29.938312
13.577346 23.943854 20.387660
13.517277 33.397893 26.332280
12.410850 25.591110 21.538231
12.410850 27.934628 22.947511
12.410850 29.272553 23.724204
12.410850 31.588986 25.170361
12.410850 24.272962 20.744519
12.410850 32.888648 25.966344
13.615571 26.185051 21.868425
14.440272 25.769958 21.605745
13.638904 27.369062 22.573065
13.639524 29.832315 24.058369
13.608869 31.005793 24.764711
14.436673 31.438297 24.986542
14.865716 28.004706 22.966801
15.701835 27.568547 22.787521
14.862117 29.224187 23.594850
15.693892 29.684206 23.729310
-14.008995 22.418912 19.317651
35.634405 22.418912 19.317651
37.232550 -5.378928 27.462427
12.410850 37.613517 27.462427
24.821700 26.872285 34.871927
24.821700 25.642271 36.719195
37.232550 -3.928363 28.730439
12.410850 39.064082 28.730439
37.232550 -5.195350 30.518704
12.410850 37.797095 30.518704
24.821700 24.624210 33.250460
24.821700 25.484059 32.823251
24.821700 24.554562 34.588822
24.821700 23.309931 35.200986
24.821700 23.241143 36.158661
37.232550 -0.641161 35.078439
12.410850 42.351285 35.078439
37.232550 -0.712528 36.035547
12.410850 42.279917 36.035547
37.232426 -1.726935 34.348269
12.410726 41.265511 34.348269
37.232550 -2.573671 34.800441
12.410850 40.418774 34.800441
37.232550 -2.894395 32.167970
12.410850 40.098051 32.167970
37.232550 -3.740056 32.622412
12.410850 39.252389 32.622412
37.232550 -2.895255 30.753584
12.410850 40.097191 30.753584
37.232550 -1.620529 30.175461
12.410850 41.371917 30.175461
37.232550 -1.553030 29.217786
12.410850 41.439415 29.217786
24.821700 22.417837 30.258293
24.821700 22.484906 29.300618
24.821700 23.510705 30.999811
24.821700 24.365395 30.562957
24.821700 23.466853 32.464690
24.821700 22.209754 33.107490
24.821700 22.199866 34.440179
37.232550 -1.730159 32.938422
12.410850 41.262286 32.938422
37.232550 -0.507454 32.281438
12.410850 42.484991 32.281438
37.232550 -0.438666 30.926623
12.410850 42.553779 30.926623
24.821700 25.766089 35.455155
37.232550 -4.108931 29.938312
12.410850 38.883514 29.938312
-2.702959 -0.213601 20.387660
-27.524659 42.778845 20.387660
46.940441 -0.213601 20.387660
22.118741 42.778845 20.387660
38.783037 -4.992641 26.332280
13.961337 37.999804 26.332280
-3.546276 -2.047444 21.538231
-28.367976 40.945002 21.538231
46.097124 -2.047444 21.538231
21.275424 40.945002 21.538231
-5.575823 -3.219203 22.947511
-30.397523 39.773243 22.947511
44.067577 -3.219203 22.947511
19.245877 39.773243 22.947511
42.908900 -3.888165 23.724204
18.087200 39.104280 23.724204
40.902811 -5.046382 25.170361
16.081111 37.946064 25.170361
-2.404726 -1.388369 20.744519
-27.226426 41.604076 20.744519
47.238674 -1.388369 20.744519
22.416974 41.604076 20.744519
39.777271 -5.696212 25.966344
14.955571 37.296233 25.966344
-4.663005 -1.301095 21.868425
-29.484705 41.691351 21.868425
44.980395 -1.301095 21.868425
20.158695 41.691351 21.868425
-4.715875 -0.379337 21.605745
-29.537575 42.613109 21.605745
44.927525 -0.379337 21.605745
20.105825 42.613109 21.605745
-5.700055 -1.872894 22.573065
-30.521755 41.119551 22.573065
43.943345 -1.872894 22.573065
19.121645 41.119551 22.573065
41.809796 -3.103983 24.058369
16.988096 39.888463 24.058369
40.808861 -3.717270 24.764711
15.987161 39.275175 24.764711
40.020399 -3.216623 24.986542
15.198699 39.775822 24.986542
42.779455 -1.128265 22.966801
17.957755 41.864180 22.966801
-6.904280 -0.186086 22.787521
-31.725980 42.806360 22.787521
42.739120 -0.186086 22.787521
17.917420 42.806360 22.787521
41.725154 -1.741122 23.594850
16.903454 41.251323 23.594850
40.910878 -1.250794 23.729310
16.089178 41.741652 23.729310
-0.000000 -1.845379 19.317651
-24.821700 41.147066 19.317651
49.643400 -1.845379 19.317651
24.821700 41.147066 19.317651
10.863713 34.933798 27.462427
-23.272081 29.556303 34.871927
26.371319 29.556303 34.871927
-22.206858 30.171310 36.719195
27.436542 30.171310 36.719195
9.607487 34.208516 28.730439
10.704730 34.842009 30.518704
-21.325191 30.680341 33.250460
28.318209 30.680341 33.250460
-22.069842 30.250416 32.823251
27.573558 30.250416 32.823251
-21.264874 30.715165 34.588822
28.378526 30.715165 34.588822
-20.186992 31.337480 35.200986
29.456408 31.337480 35.200986
-20.127420 31.371874 36.158661
29.515980 31.371874 36.158661
6.760686 32.564914 35.078439
6.822492 32.600598 36.035547
7.701057 33.107694 34.348269
8.434290 33.531170 34.800441
8.712044 33.691532 32.167970
9.444409 34.114362 32.622412
8.712789 33.691961 30.753584
7.608844 33.054598 30.175461
7.550389 33.020849 29.217786
-19.414417 31.783527 30.258293
30.228983 31.783527 30.258293
-19.472500 31.749993 29.300618
30.170900 31.749993 29.300618
-20.360868 31.237093 30.999811
29.282532 31.237093 30.999811
-21.101051 30.809748 30.562957
28.542349 30.809748 30.562957
-20.322891 31.259019 32.464690
29.320509 31.259019 32.464690
-19.234211 31.887569 33.107490
30.409189 31.887569 33.107490
-19.225648 31.892513 34.440179
30.417752 31.892513 34.440179
7.703787 33.109414 32.938422
6.644893 32.498061 32.281438
6.585321 32.463667 30.926623
-22.314088 30.109401 35.455155
27.329312 30.109401 35.455155
9.763864 34.298800 29.938312
26.358163 -2.234031 20.387660
1.536463 40.758415 20.387660
9.753935 36.083416 26.332280
28.367976 -2.047444 21.538231
3.546276 40.945002 21.538231
30.397523 -3.219203 22.947511
5.575823 39.773243 22.947511
31.556200 -3.888165 23.724204
6.734500 39.104280 23.724204
33.562289 -5.046382 25.170361
8.740589 37.946064 25.170361
27.226426 -1.388369 20.744519
2.404726 41.604076 20.744519
34.687829 -5.696212 25.966344
9.866129 37.296233 25.966344
28.279983 -3.387733 21.868425
3.458283 39.604712 21.868425
27.508153 -3.894399 21.605745
2.686453 39.098047 21.605745
29.293702 -3.999945 22.573065
4.472002 38.992500 22.573065
31.426630 -5.232109 24.058369
6.604930 37.760337 24.058369
32.458220 -5.792301 24.764711
7.636520 37.200145 24.764711
7.597178 36.266994 24.986542
29.230779 -5.380218 22.966801
4.409079 37.612228 22.966801
28.434995 -5.886239 22.787521
3.613295 37.106207 22.787521
30.288679 -5.986841 23.594850
5.466979 37.005604 23.594850
5.449480 36.055256 23.729310
12.410974 35.826966 21.085492
37.232550 -5.320029 18.505216
12.410850 37.672417 18.505216
-13.957987 22.389462 10.360440
-13.957987 22.389462 123.829040
35.685413 22.389462 10.360440
35.685413 22.389462 123.829040
12.410974 35.826966 19.164468
-23.272081 27.766958 2.950940
-23.272081 27.766958 116.419540
26.371319 27.766958 2.950940
26.371319 27.766958 116.419540
-22.206858 27.151951 1.103671
-22.206858 27.151951 114.572271
27.436542 27.151951 1.103671
27.436542 27.151951 114.572271
-15.214213 23.114745 9.092428
-15.214213 23.114745 122.561028
34.429187 23.114745 9.092428
34.429187 23.114745 122.561028
-14.116970 22.481251 7.304163
-14.116970 22.481251 120.772763
35.526430 22.481251 7.304163
35.526430 22.481251 120.772763
-21.325191 26.642920 4.572406
-21.325191 26.642920 118.041006
28.318209 26.642920 4.572406
28.318209 26.642920 118.041006
-22.069842 27.072845 4.999616
-22.069842 27.072845 118.468216
27.573558 27.072845 4.999616
27.573558 27.072845 118.468216
-21.264874 26.608096 3.234044
-21.264874 26.608096 116.702644
28.378526 26.608096 3.234044
28.378526 26.608096 116.702644
-20.186992 25.985781 2.621881
-20.186992 25.985781 116.090481
29.456408 25.985781 2.621881
29.456408 25.985781 116.090481
-20.127420 25.951387 1.664206
-20.127420 25.951387 115.132806
29.515980 25.951387 1.664206
29.515980 25.951387 115.132806
-18.061014 24.758346 2.744427
-18.061014 24.758346 116.213027
31.582386 24.758346 2.744427
31.582386 24.758346 116.213027
-17.999208 24.722662 1.787320
-17.999208 24.722662 115.255920
31.644192 24.722662 1.787320
31.644192 24.722662 115.255920
-17.120643 24.215567 3.474598
-17.120643 24.215567 116.943198
32.522757 24.215567 3.474598
32.522757 24.215567 116.943198
-16.387410 23.792091 3.022425
-16.387410 23.792091 116.491025
33.255990 23.792091 3.022425
33.255990 23.792091 116.491025
-16.109656 23.631729 5.654897
-16.109656 23.631729 119.123497
33.533744 23.631729 5.654897
33.533744 23.631729 119.123497
-15.377291 23.208898 5.200455
-15.377291 23.208898 118.669055
34.266109 23.208898 5.200455
34.266109 23.208898 118.669055
-16.108911 23.631299 7.069283
-16.108911 23.631299 120.537883
33.534489 23.631299 7.069283
33.534489 23.631299 120.537883
-17.212856 24.268662 7.647405
-17.212856 24.268662 121.116005
32.430544 24.268662 7.647405
32.430544 24.268662 121.116005
-17.271311 24.302411 8.605080
-17.271311 24.302411 122.073680
32.372089 24.302411 8.605080
32.372089 24.302411 122.073680
-19.414417 25.539734 7.564573
-19.414417 25.539734 121.033173
30.228983 25.539734 7.564573
30.228983 25.539734 121.033173
-19.472500 25.573268 8.522248
-19.472500 25.573268 121.990848
30.170900 25.573268 8.522248
30.170900 25.573268 121.990848
-20.360868 26.086168 6.823056
-20.360868 26.086168 120.291656
29.282532 26.086168 6.823056
29.282532 26.086168 120.291656
-21.101051 26.513513 7.259910
-21.101051 26.513513 120.728510
28.542349 26.513513 7.259910
28.542349 26.513513 120.728510
-20.322891 26.064242 5.358176
-20.322891 26.064242 118.826776
29.320509 26.064242 5.358176
29.320509 26.064242 118.826776
-19.234211 25.435692 4.715377
-19.234211 25.435692 118.183977
30.409189 25.435692 4.715377
30.409189 25.435692 118.183977
-19.225648 25.430748 3.382688
-19.225648 25.430748 116.851288
30.417752 25.430748 3.382688
30.417752 25.430748 116.851288
-17.117913 24.213847 4.884445
-17.117913 24.213847 118.353045
32.525487 24.213847 4.884445
32.525487 24.213847 118.353045
-18.176807 24.825199 5.541428
-18.176807 24.825199 119.010028
31.466593 24.825199 5.541428
31.466593 24.825199 119.010028
-18.236379 24.859593 6.896243
-18.236379 24.859593 120.364843
31.407021 24.859593 6.896243
31.407021 24.859593 120.364843
-22.314088 27.213860 2.367711
-22.314088 27.213860 115.836311
27.329312 27.213860 2.367711
27.329312 27.213860 115.836311
-15.057836 23.024461 7.884555
-15.057836 23.024461 121.353155
34.585564 23.024461 7.884555
34.585564 23.024461 121.353155
38.769013 -4.931377 17.435207
13.947313 38.061069 17.435207
-2.656915 -0.256378 11.490587
-2.656915 -0.256378 124.959187
-27.478615 42.736067 11.490587
-27.478615 42.736067 124.959187
46.986485 -0.256378 11.490587
46.986485 -0.256378 124.959187
22.164785 42.736067 11.490587
22.164785 42.736067 124.959187
40.778826 -5.117964 16.284635
40.778826 -5.117964 129.753235
15.957126 37.874482 16.284635
15.957126 37.874482 129.753235
42.808373 -3.946205 14.875355
42.808373 -3.946205 128.343955
17.986673 39.046241 14.875355
17.986673 39.046241 128.343955
43.967050 -3.277242 14.098663
43.967050 -3.277242 127.567263
19.145350 39.715203 14.098663
19.145350 39.715203 127.567263
-3.670261 -2.119026 12.652505
-3.670261 -2.119026 126.121105
-28.491961 40.873420 12.652505
-28.491961 40.873420 126.121105
45.973139 -2.119026 12.652505
45.973139 -2.119026 126.121105
21.151439 40.873420 12.652505
21.151439 40.873420 126.121105
39.637276 -5.777038 17.078348
39.637276 -5.777038 130.546948
14.815576 37.215407 17.078348
14.815576 37.215407 130.546948
-2.544721 -1.469195 11.856523
-2.544721 -1.469195 125.325123
-27.366421 41.523250 11.856523
-27.366421 41.523250 125.325123
47.098679 -1.469195 11.856523
47.098679 -1.469195 125.325123
22.276979 41.523250 11.856523
22.276979 41.523250 125.325123
40.690833 -3.777675 15.954442
40.690833 -3.777675 129.423042
15.869133 39.214771 15.954442
15.869133 39.214771 129.423042
39.919003 -3.271009 16.217121
39.919003 -3.271009 129.685721
15.097303 39.721437 16.217121
15.097303 39.721437 129.685721
41.704552 -3.165462 15.249802
41.704552 -3.165462 128.718402
16.882852 39.826983 15.249802
16.882852 39.826983 128.718402
-5.805920 -1.933299 13.764498
-5.805920 -1.933299 127.233098
-30.627620 41.059147 13.764498
-30.627620 41.059147 127.233098
43.837480 -1.933299 13.764498
43.837480 -1.933299 127.233098
19.015780 41.059147 13.764498
19.015780 41.059147 127.233098
-4.774330 -1.373107 13.058156
-4.774330 -1.373107 126.526756
-29.596030 41.619338 13.058156
-29.596030 41.619338 126.526756
44.869070 -1.373107 13.058156
44.869070 -1.373107 126.526756
20.047370 41.619338 13.058156
20.047370 41.619338 126.526756
-4.813672 -0.439956 12.836324
-4.813672 -0.439956 126.304924
-29.635372 42.552490 12.836324
-29.635372 42.552490 126.304924
44.829728 -0.439956 12.836324
44.829728 -0.439956 126.304924
20.008028 42.552490 12.836324
20.008028 42.552490 126.304924
41.641629 -1.785190 14.856066
41.641629 -1.785190 128.324666
16.819929 41.207256 14.856066
16.819929 41.207256 128.324666
40.845845 -1.279169 15.035346
40.845845 -1.279169 128.503946
16.024145 41.713277 15.035346
16.024145 41.713277 128.503946
42.699529 -1.178566 14.228017
42.699529 -1.178566 127.696617
17.877829 41.813879 14.228017
17.877829 41.813879 127.696617
-6.961370 -0.228218 14.093557
-6.961370 -0.228218 127.562157
-31.783070 42.764227 14.093557
-31.783070 42.764227 127.562157
42.682030 -0.228218 14.093557
42.682030 -0.228218 127.562157
17.860330 42.764227 14.093557
17.860330 42.764227 127.562157
10.812705 34.904348 18.505216
-0.000000 -1.786479 10.360440
0.000000 -1.786479 123.829040
-24.821700 41.205966 10.360440
-24.821700 41.205966 123.829040
49.643400 -1.786479 10.360440
49.643400 -1.786479 123.829040
24.821700 41.205966 10.360440
24.821700 41.205966 123.829040
-24.821700 30.450976 2.950940
-24.821700 30.450976 116.419540
24.821700 30.450976 2.950940
24.821700 30.450976 116.419540
-24.821700 31.680990 1.103671
-24.821700 31.680990 114.572271
24.821700 31.680990 1.103671
24.821700 31.680990 114.572271
0.000000 -3.237045 9.092428
0.000000 -3.237045 122.561028
-24.821700 39.755401 9.092428
-24.821700 39.755401 122.561028
49.643400 -3.237045 9.092428
49.643400 -3.237045 122.561028
24.821700 39.755401 9.092428
24.821700 39.755401 122.561028
-0.000000 -1.970057 7.304163
-0.000000 -1.970057 120.772763
-24.821700 41.022388 7.304163
-24.821700 41.022388 120.772763
49.643400 -1.970057 7.304163
49.643400 -1.970057 120.772763
24.821700 41.022388 7.304163
24.821700 41.022388 120.772763
-24.821700 32.699051 4.572406
-24.821700 32.699051 118.041006
24.821700 32.699051 4.572406
24.821700 32.699051 118.041006
-24.821700 31.839202 4.999616
-24.821700 31.839202 118.468216
24.821700 31.839202 4.999616
24.821700 31.839202 118.468216
-24.821700 32.768699 3.234044
-24.821700 32.768699 116.702644
24.821700 32.768699 3.234044
24.821700 32.768699 116.702644
-24.821700 34.013330 2.621881
-24.821700 34.013330 116.090481
24.821700 34.013330 2.621881
24.821700 34.013330 116.090481
-24.821700 34.082118 1.664206
-24.821700 34.082118 115.132806
24.821700 34.082118 1.664206
24.821700 34.082118 115.132806
-24.821700 36.468199 2.744427
-24.821700 36.468199 116.213027
24.821700 36.468199 2.744427
24.821700 36.468199 116.213027
-0.000000 -6.452879 1.787320
0.000000 -6.452879 115.255920
-24.821700 36.539566 1.787320
-24.821700 36.539566 115.255920
49.643400 -6.452879 1.787320
49.643400 -6.452879 115.255920
24.821700 36.539566 1.787320
24.821700 36.539566 115.255920
-0.000124 -5.438473 3.474598
-0.000124 -5.438473 116.943198
-24.821824 37.553973 3.474598
-24.821824 37.553973 116.943198
49.643276 -5.438473 3.474598
49.643276 -5.438473 116.943198
24.821576 37.553973 3.474598
24.821576 37.553973 116.943198
-0.000000 -4.591736 3.022425
-0.000000 -4.591736 116.491025
-24.821700 38.400709 3.022425
-24.821700 38.400709 116.491025
49.643400 -4.591736 3.022425
49.643400 -4.591736 116.491025
24.821700 38.400709 3.022425
24.821700 38.400709 116.491025
-0.000000 -4.271013 5.654897
-0.000000 -4.271013 119.123497
-24.821700 38.721433 5.654897
-24.821700 38.721433 119.123497
49.643400 -4.271013 5.654897
49.643400 -4.271013 119.123497
24.821700 38.721433 5.654897
24.821700 38.721433 119.123497
-0.000000 -3.425351 5.200455
-0.000000 -3.425351 118.669055
-24.821700 39.567094 5.200455
-24.821700 39.567094 118.669055
49.643400 -3.425351 5.200455
49.643400 -3.425351 118.669055
24.821700 39.567094 5.200455
24.821700 39.567094 118.669055
-0.000000 -4.270153 7.069283
-0.000000 -4.270153 120.537883
-24.821700 38.722293 7.069283
-24.821700 38.722293 120.537883
49.643400 -4.270153 7.069283
49.643400 -4.270153 120.537883
24.821700 38.722293 7.069283
24.821700 38.722293 120.537883
-0.000000 -5.544879 7.647405
-0.000000 -5.544879 121.116005
-24.821700 37.447567 7.647405
-24.821700 37.447567 121.116005
49.643400 -5.544879 7.647405
49.643400 -5.544879 121.116005
24.821700 37.447567 7.647405
24.821700 37.447567 121.116005
-0.000000 -5.612377 8.605080
0.000000 -5.612377 122.073680
-24.821700 37.380068 8.605080
-24.821700 37.380068 122.073680
49.643400 -5.612377 8.605080
49.643400 -5.612377 122.073680
24.821700 37.380068 8.605080
24.821700 37.380068 122.073680
-24.821700 34.905423 7.564573
-24.821700 34.905423 121.033173
24.821700 34.905423 7.564573
24.821700 34.905423 121.033173
-24.821700 34.838355 8.522248
-24.821700 34.838355 121.990848
24.821700 34.838355 8.522248
24.821700 34.838355 121.990848
-24.821700 33.812555 6.823056
-24.821700 33.812555 120.291656
24.821700 33.812555 6.823056
24.821700 33.812555 120.291656
-24.821700 32.957865 7.259910
-24.821700 32.957865 120.728510
24.821700 32.957865 7.259910
24.821700 32.957865 120.728510
-24.821700 33.856408 5.358176
-24.821700 33.856408 118.826776
24.821700 33.856408 5.358176
24.821700 33.856408 118.826776
-24.821700 35.113507 4.715377
-24.821700 35.113507 118.183977
24.821700 35.113507 4.715377
24.821700 35.113507 118.183977
-24.821700 35.123395 3.382688
-24.821700 35.123395 116.851288
24.821700 35.123395 3.382688
24.821700 35.123395 116.851288
-0.000000 -5.435248 4.884445
0.000000 -5.435248 118.353045
-24.821700 37.557197 4.884445
-24.821700 37.557197 118.353045
49.643400 -5.435248 4.884445
49.643400 -5.435248 118.353045
24.821700 37.557197 4.884445
24.821700 37.557197 118.353045
-24.821700 36.334492 5.541428
-24.821700 36.334492 119.010028
24.821700 36.334492 5.541428
24.821700 36.334492 119.010028
-24.821700 36.265704 6.896243
-24.821700 36.265704 120.364843
24.821700 36.265704 6.896243
24.821700 36.265704 120.364843
-24.821700 31.557172 2.367711
-24.821700 31.557172 115.836311
24.821700 31.557172 2.367711
24.821700 31.557172 115.836311
-0.000000 -3.056476 7.884555
0.000000 -3.056476 121.353155
-24.821700 39.935969 7.884555
-24.821700 39.935969 121.353155
49.643400 -3.056476 7.884555
49.643400 -3.056476 121.353155
24.821700 39.935969 7.884555
24.821700 39.935969 121.353155
9.707891 36.040639 17.435207
26.372187 -2.172767 11.490587
26.372187 -2.172767 124.959187
1.550487 40.819679 11.490587
1.550487 40.819679 124.959187
33.686274 -5.117964 16.284635
33.686274 -5.117964 129.753235
8.864574 37.874482 16.284635
8.864574 37.874482 129.753235
31.656727 -3.946205 14.875355
31.656727 -3.946205 128.343955
6.835027 39.046241 14.875355
6.835027 39.046241 128.343955
30.498050 -3.277242 14.098663
30.498050 -3.277242 127.567263
5.676350 39.715203 14.098663
5.676350 39.715203 127.567263
28.491961 -2.119026 12.652505
28.491961 -2.119026 126.121105
3.670261 40.873420 12.652505
3.670261 40.873420 126.121105
34.827824 -5.777038 17.078348
34.827824 -5.777038 130.546948
10.006124 37.215407 17.078348
10.006124 37.215407 130.546948
27.366421 -1.469195 11.856523
27.366421 -1.469195 125.325123
2.544721 41.523250 11.856523
2.544721 41.523250 125.325123
32.569545 -5.864313 15.954442
32.569545 -5.864313 129.423042
7.747845 37.128133 15.954442
7.747845 37.128133 129.423042
7.694975 36.206375 16.217121
7.694975 36.206375 129.685721
31.532495 -5.292513 15.249802
31.532495 -5.292513 128.718402
6.710795 37.699932 15.249802
6.710795 37.699932 128.718402
29.398946 -4.061425 13.764498
29.398946 -4.061425 127.233098
4.577246 38.931021 13.764498
4.577246 38.931021 127.233098
28.398011 -3.448137 13.058156
28.398011 -3.448137 126.526756
3.576311 39.544308 13.058156
3.576311 39.544308 126.526756
27.609549 -3.948784 12.836324
27.609549 -3.948784 126.304924
2.787849 39.043661 12.836324
2.787849 39.043661 126.304924
30.368605 -6.037143 14.856066
30.368605 -6.037143 128.324666
5.546905 36.955303 14.856066
5.546905 36.955303 128.324666
5.506570 36.013124 15.035346
5.506570 36.013124 128.503946
29.314304 -5.424285 14.228017
29.314304 -5.424285 127.696617
4.492604 37.568160 14.228017
4.492604 37.568160 127.696617
28.500028 -5.914614 14.093557
28.500028 -5.914614 127.562157
3.678328 37.077831 14.093557
3.678328 37.077831 127.562157
14.008995 34.904348 18.505216
13.957987 22.389462 10.360440
13.957987 22.389462 123.829040
23.272081 27.766958 2.950940
23.272081 27.766958 116.419540
22.206858 27.151951 1.103671
22.206858 27.151951 114.572271
15.214213 23.114745 9.092428
15.214213 23.114745 122.561028
14.116970 22.481251 7.304163
14.116970 22.481251 120.772763
21.325191 26.642920 4.572406
21.325191 26.642920 118.041006
22.069842 27.072845 4.999616
22.069842 27.072845 118.468216
21.264874 26.608096 3.234044
21.264874 26.608096 116.702644
20.186992 25.985781 2.621881
20.186992 25.985781 116.090481
20.127420 25.951387 1.664206
20.127420 25.951387 115.132806
18.061014 24.758346 2.744427
18.061014 24.758346 116.213027
17.999208 24.722662 1.787320
17.999208 24.722662 115.255920
17.120768 24.215352 3.474598
17.120768 24.215352 116.943198
16.387410 23.792091 3.022425
16.387410 23.792091 116.491025
16.109656 23.631729 5.654897
16.109656 23.631729 119.123497
15.377291 23.208898 5.200455
15.377291 23.208898 118.669055
16.108911 23.631299 7.069283
16.108911 23.631299 120.537883
17.212856 24.268662 7.647405
17.212856 24.268662 121.116005
17.271311 24.302411 8.605080
17.271311 24.302411 122.073680
19.414417 25.539734 7.564573
19.414417 25.539734 121.033173
19.472500 25.573268 8.522248
19.472500 25.573268 121.990848
20.360868 26.086168 6.823056
20.360868 26.086168 120.291656
21.101051 26.513513 7.259910
21.101051 26.513513 120.728510
20.322891 26.064242 5.358176
20.322891 26.064242 118.826776
19.234211 25.435692 4.715377
19.234211 25.435692 118.183977
19.225648 25.430748 3.382688
19.225648 25.430748 116.851288
17.117913 24.213847 4.884445
17.117913 24.213847 118.353045
18.176807 24.825199 5.541428
18.176807 24.825199 119.010028
18.236379 24.859593 6.896243
18.236379 24.859593 120.364843
22.314088 27.213860 2.367711
22.314088 27.213860 115.836311
15.057836 23.024461 7.884555
15.057836 23.024461 121.353155
13.577346 33.379406 17.435207
13.517277 23.925368 11.490587
13.517277 23.925368 124.959187
12.410850 31.732151 16.284635
12.410850 31.732151 129.753235
12.410850 29.388633 14.875355
12.410850 29.388633 128.343955
12.410850 28.050708 14.098663
12.410850 28.050708 127.567263
12.410850 25.734275 12.652505
12.410850 25.734275 126.121105
12.410850 33.050299 17.078348
12.410850 33.050299 130.546948
12.410850 24.434613 11.856523
12.410850 24.434613 125.325123
13.615571 31.138210 15.954442
13.615571 31.138210 129.423042
14.440272 31.553302 16.217121
14.440272 31.553302 129.685721
13.638904 29.954198 15.249802
13.638904 29.954198 128.718402
13.639524 27.490946 13.764498
13.639524 27.490946 127.233098
13.608869 26.317467 13.058156
13.608869 26.317467 126.526756
14.436673 25.884963 12.836324
14.436673 25.884963 126.304924
14.865716 29.318555 14.856066
14.865716 29.318555 128.324666
15.701835 29.754713 15.035346
15.701835 29.754713 128.503946
14.862117 28.099074 14.228017
14.862117 28.099074 127.696617
15.693892 27.639055 14.093557
15.693892 27.639055 127.562157
11.244354 33.379406 17.435207
11.304423 23.925368 11.490587
11.304423 23.925368 124.959187
11.206129 31.138210 15.954442
11.206129 31.138210 129.423042
10.381428 31.553302 16.217121
10.381428 31.553302 129.685721
11.182796 29.954198 15.249802
11.182796 29.954198 128.718402
11.182176 27.490946 13.764498
11.182176 27.490946 127.233098
11.212831 26.317467 13.058156
11.212831 26.317467 126.526756
10.385027 25.884963 12.836324
10.385027 25.884963 126.304924
9.955984 29.318555 14.856066
9.955984 29.318555 128.324666
9.119865 29.754713 15.035346
9.119865 29.754713 128.503946
9.959583 28.099074 14.228017
9.959583 28.099074 127.696617
9.127808 27.639055 14.093557
9.127808 27.639055 127.562157
15.113809 36.040639 17.435207
-1.550487 -2.172767 11.490587
-1.550487 -2.172767 124.959187
-26.372187 40.819679 11.490587
-26.372187 40.819679 124.959187
48.092913 -2.172767 11.490587
48.092913 -2.172767 124.959187
23.271213 40.819679 11.490587
23.271213 40.819679 124.959187
41.895555 -5.864313 15.954442
41.895555 -5.864313 129.423042
17.073855 37.128133 15.954442
17.073855 37.128133 129.423042
17.126725 36.206375 16.217121
17.126725 36.206375 129.685721
42.932605 -5.292513 15.249802
42.932605 -5.292513 128.718402
18.110905 37.699932 15.249802
18.110905 37.699932 128.718402
-4.577246 -4.061425 13.764498
-4.577246 -4.061425 127.233098
-29.398946 38.931021 13.764498
-29.398946 38.931021 127.233098
45.066154 -4.061425 13.764498
45.066154 -4.061425 127.233098
20.244454 38.931021 13.764498
20.244454 38.931021 127.233098
-3.576311 -3.448137 13.058156
-3.576311 -3.448137 126.526756
-28.398011 39.544308 13.058156
-28.398011 39.544308 126.526756
46.067089 -3.448137 13.058156
46.067089 -3.448137 126.526756
21.245389 39.544308 13.058156
21.245389 39.544308 126.526756
-2.787849 -3.948784 12.836324
-2.787849 -3.948784 126.304924
-27.609549 39.043661 12.836324
-27.609549 39.043661 126.304924
46.855551 -3.948784 12.836324
46.855551 -3.948784 126.304924
22.033851 39.043661 12.836324
22.033851 39.043661 126.304924
44.096495 -6.037143 14.856066
44.096495 -6.037143 128.324666
19.274795 36.955303 14.856066
19.274795 36.955303 128.324666
19.315130 36.013124 15.035346
19.315130 36.013124 128.503946
45.150796 -5.424285 14.228017
45.150796 -5.424285 127.696617
20.329096 37.568160 14.228017
20.329096 37.568160 127.696617
-3.678328 -5.914614 14.093557
-3.678328 -5.914614 127.562157
-28.500028 37.077831 14.093557
-28.500028 37.077831 127.562157
45.965072 -5.914614 14.093557
45.965072 -5.914614 127.562157
21.143372 37.077831 14.093557
21.143372 37.077831 127.562157
35.696087 -4.931377 17.435207
10.874387 38.061069 17.435207
27.478615 -0.256378 11.490587
27.478615 -0.256378 124.959187
2.656915 42.736067 11.490587
2.656915 42.736067 124.959187
33.774267 -3.777675 15.954442
33.774267 -3.777675 129.423042
8.952567 39.214771 15.954442
8.952567 39.214771 129.423042
34.546097 -3.271009 16.217121
34.546097 -3.271009 129.685721
9.724397 39.721437 16.217121
9.724397 39.721437 129.685721
32.760548 -3.165462 15.249802
32.760548 -3.165462 128.718402
7.938848 39.826983 15.249802
7.938848 39.826983 128.718402
30.627620 -1.933299 13.764498
30.627620 -1.933299 127.233098
5.805920 41.059147 13.764498
5.805920 41.059147 127.233098
29.596030 -1.373107 13.058156
29.596030 -1.373107 126.526756
4.774330 41.619338 13.058156
4.774330 41.619338 126.526756
29.635372 -0.439956 12.836324
29.635372 -0.439956 126.304924
4.813672 42.552490 12.836324
4.813672 42.552490 126.304924
32.823471 -1.785190 14.856066
32.823471 -1.785190 128.324666
8.001771 41.207256 14.856066
8.001771 41.207256 128.324666
33.619255 -1.279169 15.035346
33.619255 -1.279169 128.503946
8.797555 41.713277 15.035346
8.797555 41.713277 128.503946
31.765571 -1.178566 14.228017
31.765571 -1.178566 127.696617
6.943871 41.813879 14.228017
6.943871 41.813879 127.696617
31.783070 -0.228218 14.093557
31.783070 -0.228218 127.562157
6.961370 42.764227 14.093557
6.961370 42.764227 127.562157
-1.536463 -2.234031 20.387660
-26.358163 40.758415 20.387660
48.106937 -2.234031 20.387660
23.285237 40.758415 20.387660
15.067765 36.083416 26.332280
-3.458283 -3.387733 21.868425
-28.279983 39.604712 21.868425
46.185117 -3.387733 21.868425
21.363417 39.604712 21.868425
-2.686453 -3.894399 21.605745
-27.508153 39.098047 21.605745
46.956947 -3.894399 21.605745
22.135247 39.098047 21.605745
-4.472002 -3.999945 22.573065
-29.293702 38.992500 22.573065
45.171398 -3.999945 22.573065
20.349698 38.992500 22.573065
43.038470 -5.232109 24.058369
18.216770 37.760337 24.058369
42.006880 -5.792301 24.764711
17.185180 37.200145 24.764711
17.224522 36.266994 24.986542
45.234321 -5.380218 22.966801
20.412621 37.612228 22.966801
-3.613295 -5.886239 22.787521
-28.434995 37.106207 22.787521
46.030105 -5.886239 22.787521
21.208405 37.106207 22.787521
44.176421 -5.986841 23.594850
19.354721 37.005604 23.594850
19.372220 36.055256 23.729310
27.524659 -0.213601 20.387660
2.702959 42.778845 20.387660
35.682063 -4.992641 26.332280
10.860363 37.999804 26.332280
29.484705 -1.301095 21.868425
4.663005 41.691351 21.868425
29.537575 -0.379337 21.605745
4.715875 42.613109 21.605745
30.521755 -1.872894 22.573065
5.700055 41.119551 22.573065
32.655304 -3.103983 24.058369
7.833604 39.888463 24.058369
33.656239 -3.717270 24.764711
8.834539 39.275175 24.764711
34.444701 -3.216623 24.986542
9.623001 39.775822 24.986542
31.685645 -1.128265 22.966801
6.863945 41.864180 22.966801
31.725980 -0.186086 22.787521
6.904280 42.806360 22.787521
32.739946 -1.741122 23.594850
7.918246 41.251323 23.594850
33.554222 -1.250794 23.729310
8.732522 41.741652 23.729310
11.244354 23.943854 20.387660
11.304423 33.397893 26.332280
11.206129 26.185051 21.868425
10.381428 25.769958 21.605745
11.182796 27.369062 22.573065
11.182176 29.832315 24.058369
11.212831 31.005793 24.764711
10.385027 31.438297 24.986542
9.955984 28.004706 22.966801
9.119865 27.568547 22.787521
9.959583 29.224187 23.594850
9.127808 29.684206 23.729310
24.821576 28.661702 35.648808
-23.223555 29.584320 38.229084
26.419845 29.584320 38.229084
26.368837 -0.893240 46.373860
1.547137 42.099206 46.373860
24.821576 28.661702 37.569832
35.682931 -6.270735 53.783360
10.861231 36.721711 53.783360
34.617708 -5.655728 55.630629
9.796008 37.336718 55.630629
27.625063 -1.618522 47.641872
2.803363 41.373923 47.641872
26.527820 -0.985029 49.430137
1.706120 42.007417 49.430137
33.736041 -5.146697 52.161894
8.914341 37.845748 52.161894
34.480692 -5.576622 51.734684
9.658992 37.415824 51.734684
33.675724 -5.111873 53.500256
8.854024 37.880572 53.500256
32.597842 -4.489558 54.112419
7.776142 38.502888 54.112419
32.538270 -4.455164 55.070094
7.716570 38.537282 55.070094
30.471864 -3.262123 53.989873
5.650164 39.730322 53.989873
30.410058 -3.226440 54.946980
5.588358 39.766006 54.946980
29.531618 -2.719129 53.259702
4.709918 40.273317 53.259702
28.798260 -2.295868 53.711875
3.976560 40.696577 53.711875
28.520506 -2.135506 51.079403
3.698806 40.856939 51.079403
27.788141 -1.712676 51.533845
2.966441 41.279770 51.533845
28.519761 -2.135076 49.665017
3.698061 40.857369 49.665017
29.623706 -2.772440 49.086895
4.802006 40.220006 49.086895
29.682161 -2.806189 48.129220
4.860461 40.186257 48.129220
31.825267 -4.043511 49.169727
7.003567 38.948934 49.169727
31.883350 -4.077045 48.212052
7.061650 38.915400 48.212052
32.771718 -4.589945 49.911244
7.950018 38.402500 49.911244
33.511901 -5.017290 49.474390
8.690201 37.975155 49.474390
32.733741 -4.568019 51.376124
7.912041 38.424427 51.376124
31.645061 -3.939469 52.018923
6.823361 39.052976 52.018923
31.636498 -3.934525 53.351612
6.814798 39.057920 53.351612
29.528763 -2.717624 51.849855
4.707063 40.274821 51.849855
30.587657 -3.328977 51.192872
5.765957 39.663469 51.192872
30.647229 -3.363371 49.838057
5.825529 39.629075 49.838057
34.724938 -5.717637 54.366589
9.903238 37.274809 54.366589
27.468686 -1.528238 48.849745
2.646986 41.464207 48.849745
-23.655204 31.109262 39.299093
25.988196 31.109262 39.299093
1.106427 -2.429145 45.243713
-23.715273 40.563301 45.243713
50.749827 -2.429145 45.243713
25.928127 40.563301 45.243713
-24.821700 32.756517 40.449665
24.821700 32.756517 40.449665
-24.821700 35.100036 41.858945
24.821700 35.100036 41.858945
-24.821700 36.437961 42.635637
24.821700 36.437961 42.635637
-0.000000 -4.238052 44.081795
-24.821700 38.754394 44.081795
49.643400 -4.238052 44.081795
24.821700 38.754394 44.081795
-24.821700 31.438369 39.655952
24.821700 31.438369 39.655952
-0.000000 -2.938390 44.877777
-24.821700 40.054055 44.877777
49.643400 -2.938390 44.877777
24.821700 40.054055 44.877777
-23.616979 33.350458 40.779858
26.026421 33.350458 40.779858
-22.792278 32.935366 40.517179
26.851122 32.935366 40.517179
-23.593646 34.534470 41.484498
26.049754 34.534470 41.484498
1.228674 -5.994723 42.969802
-23.593026 36.997722 42.969802
50.872074 -5.994723 42.969802
26.050374 36.997722 42.969802
1.198019 -4.821244 43.676144
-23.623681 38.171201 43.676144
50.841419 -4.821244 43.676144
26.019719 38.171201 43.676144
2.025823 -4.388740 43.897976
-22.795877 38.603705 43.897976
51.669223 -4.388740 43.897976
26.847523 38.603705 43.897976
-22.366834 35.170113 41.878234
27.276566 35.170113 41.878234
-21.530715 34.733955 41.698954
28.112685 34.733955 41.698954
-22.370433 36.389594 42.506283
27.272967 36.389594 42.506283
3.283042 -6.142832 42.640743
-21.538658 36.849613 42.640743
52.926442 -6.142832 42.640743
28.104742 36.849613 42.640743
23.223555 29.584320 38.229084
12.410850 23.282702 46.373860
12.410850 34.037692 53.783360
12.410850 32.807678 55.630629
12.410850 24.733267 47.641872
12.410850 23.466280 49.430137
12.410850 31.789617 52.161894
12.410850 32.649466 51.734684
12.410850 31.719970 53.500256
12.410850 30.475338 54.112419
12.410850 30.406550 55.070094
12.410850 28.020470 53.989873
12.410850 27.949102 54.946980
12.410726 26.934695 53.259702
12.410850 26.087959 53.711875
12.410850 25.767236 51.079403
12.410850 24.921574 51.533845
12.410850 25.766376 49.665017
12.410850 27.041102 49.086895
12.410850 27.108600 48.129220
12.410850 29.583245 49.169727
12.410850 29.650313 48.212052
12.410850 30.676113 49.911244
12.410850 31.530803 49.474390
12.410850 30.632261 51.376124
12.410850 29.375162 52.018923
12.410850 29.365273 53.351612
12.410850 26.931471 51.849855
12.410850 28.154176 51.192872
12.410850 28.222964 49.838057
12.410850 32.931497 54.366589
12.410850 24.552699 48.849745
22.118741 28.448030 39.299093
13.961337 23.668989 45.243713
21.275424 26.614187 40.449665
19.245877 25.442428 41.858945
18.087200 24.773465 42.635637
16.081111 23.615249 44.081795
22.416974 27.273261 39.655952
14.955571 22.965418 44.877777
20.158695 27.360536 40.779858
20.105825 28.282294 40.517179
19.121645 26.788736 41.484498
16.988096 25.557647 42.969802
15.987161 24.944360 43.676144
15.198699 25.445007 43.897976
17.957755 27.533365 41.878234
17.917420 28.475545 41.698954
16.903454 26.920508 42.506283
16.089178 27.410837 42.640743
24.821700 26.816251 38.229084
-1.547137 -0.893240 46.373860
-26.368837 42.099206 46.373860
48.096263 -0.893240 46.373860
23.274563 42.099206 46.373860
38.782169 -6.270735 53.783360
13.960469 36.721711 53.783360
39.847392 -5.655728 55.630629
15.025692 37.336718 55.630629
-2.803363 -1.618522 47.641872
-27.625063 41.373923 47.641872
46.840037 -1.618522 47.641872
22.018337 41.373923 47.641872
-1.706120 -0.985029 49.430137
-26.527820 42.007417 49.430137
47.937280 -0.985029 49.430137
23.115580 42.007417 49.430137
40.729059 -5.146697 52.161894
15.907359 37.845748 52.161894
39.984408 -5.576622 51.734684
15.162708 37.415824 51.734684
40.789376 -5.111873 53.500256
15.967676 37.880572 53.500256
41.867258 -4.489558 54.112419
17.045558 38.502888 54.112419
41.926830 -4.455164 55.070094
17.105130 38.537282 55.070094
43.993236 -3.262123 53.989873
19.171536 39.730322 53.989873
-5.588358 -3.226440 54.946980
-30.410058 39.766006 54.946980
44.055042 -3.226440 54.946980
19.233342 39.766006 54.946980
-4.709793 -2.719344 53.259702
-29.531493 40.273102 53.259702
44.933607 -2.719344 53.259702
20.111907 40.273102 53.259702
-3.976560 -2.295868 53.711875
-28.798260 40.696577 53.711875
45.666840 -2.295868 53.711875
20.845140 40.696577 53.711875
-3.698806 -2.135506 51.079403
-28.520506 40.856939 51.079403
45.944594 -2.135506 51.079403
21.122894 40.856939 51.079403
-2.966441 -1.712676 51.533845
-27.788141 41.279770 51.533845
46.676959 -1.712676 51.533845
21.855259 41.279770 51.533845
-3.698061 -2.135076 49.665017
-28.519761 40.857369 49.665017
45.945339 -2.135076 49.665017
21.123639 40.857369 49.665017
-4.802006 -2.772440 49.086895
-29.623706 40.220006 49.086895
44.841394 -2.772440 49.086895
20.019694 40.220006 49.086895
-4.860461 -2.806189 48.129220
-29.682161 40.186257 48.129220
44.782939 -2.806189 48.129220
19.961239 40.186257 48.129220
42.639833 -4.043511 49.169727
17.818133 38.948934 49.169727
42.581750 -4.077045 48.212052
17.760050 38.915400 48.212052
41.693382 -4.589945 49.911244
16.871682 38.402500 49.911244
40.953199 -5.017290 49.474390
16.131499 37.975155 49.474390
41.731359 -4.568019 51.376124
16.909659 38.424427 51.376124
42.820039 -3.939469 52.018923
17.998339 39.052976 52.018923
42.828602 -3.934525 53.351612
18.006902 39.057920 53.351612
-4.707063 -2.717624 51.849855
-29.528763 40.274821 51.849855
44.936337 -2.717624 51.849855
20.114637 40.274821 51.849855
43.877443 -3.328977 51.192872
19.055743 39.663469 51.192872
43.817871 -3.363371 49.838057
18.996171 39.629075 49.838057
39.740162 -5.717637 54.366589
14.918462 37.274809 54.366589
-2.646986 -1.528238 48.849745
-27.468686 41.464207 48.849745
46.996414 -1.528238 48.849745
22.174714 41.464207 48.849745
26.358163 26.427600 39.299093
-15.067765 21.752601 45.243713
34.575635 21.752601 45.243713
-21.275424 26.614187 40.449665
28.367976 26.614187 40.449665
-19.245877 25.442428 41.858945
30.397523 25.442428 41.858945
-18.087200 24.773465 42.635637
31.556200 24.773465 42.635637
-16.081111 23.615249 44.081795
33.562289 23.615249 44.081795
-22.416974 27.273261 39.655952
27.226426 27.273261 39.655952
-14.955571 22.965418 44.877777
34.687829 22.965418 44.877777
-21.363417 25.273897 40.779858
28.279983 25.273897 40.779858
27.508153 24.767231 40.517179
-20.349698 24.661685 41.484498
29.293702 24.661685 41.484498
-18.216770 23.429521 42.969802
31.426630 23.429521 42.969802
-17.185180 22.869330 43.676144
32.458220 22.869330 43.676144
-17.224522 21.936179 43.897976
32.418878 21.936179 43.897976
-20.412621 23.281412 41.878234
29.230779 23.281412 41.878234
28.434995 22.775391 41.698954
-19.354721 22.674789 42.506283
30.288679 22.674789 42.506283
-19.372220 21.724441 42.640743
30.271180 21.724441 42.640743
12.410850 23.341602 37.416649
23.274563 29.554870 29.271873
24.821576 28.661702 26.549761
24.821576 28.661702 28.573474
13.960469 34.932365 21.862373
15.025692 34.317358 20.015105
22.018337 30.280153 28.003861
23.115580 29.646659 26.215596
15.907359 33.808328 23.483840
15.162708 34.238252 23.911049
15.967676 33.773504 22.145478
17.045558 33.151188 21.533314
17.105130 33.116794 20.575639
19.171536 31.923754 21.655861
19.233342 31.888070 20.698753
20.111907 31.380974 22.386031
20.845140 30.957499 21.933859
21.122894 30.797137 24.566330
21.855259 30.374306 24.111888
21.123639 30.796707 25.980716
20.019694 31.434070 26.558839
19.961239 31.467819 27.516514
17.818133 32.705142 26.476007
17.760050 32.738676 27.433682
16.871682 33.251575 25.734489
16.131499 33.678920 26.171343
16.909659 33.229649 24.269610
17.998339 32.601100 23.626810
18.006902 32.596156 22.294121
20.114637 31.379254 23.795878
19.055743 31.990607 24.452862
18.996171 32.025001 25.807677
14.918462 34.379267 21.279145
22.174714 30.189868 26.795988
13.947313 23.730254 36.346640
22.164785 28.405252 30.402020
15.957126 23.543666 35.196069
17.986673 24.715425 33.786789
19.145350 25.384388 33.010096
21.151439 26.542604 31.563939
14.815576 22.884592 35.989781
22.276979 27.192435 30.767956
15.869133 24.883956 34.865875
15.097303 25.390622 35.128555
16.882852 25.496168 34.161235
19.015780 26.728332 32.675931
20.047370 27.288523 31.969589
20.008028 28.221674 31.747758
16.819929 26.876441 33.767499
16.024145 27.382462 33.946779
17.877829 27.483064 33.139450
17.860330 28.433412 33.004990
-1.598145 -0.922690 37.416649
-26.419845 42.069756 37.416649
48.045255 -0.922690 37.416649
23.223555 42.069756 37.416649
24.821700 26.875151 29.271873
37.232550 -5.376062 21.862373
12.410850 37.616384 21.862373
37.232550 -4.146048 20.015105
12.410850 38.846397 20.015105
24.821700 25.424586 28.003861
24.821700 26.691573 26.215596
37.232550 -3.127987 23.483840
12.410850 39.864459 23.483840
37.232550 -3.987836 23.911049
12.410850 39.004610 23.911049
37.232550 -3.058339 22.145478
12.410850 39.934106 22.145478
37.232550 -1.813708 21.533314
12.410850 41.178738 21.533314
37.232550 -1.744920 20.575639
12.410850 41.247525 20.575639
24.821700 22.137383 21.655861
24.821700 22.208751 20.698753
24.821576 23.223158 22.386031
24.821700 24.069894 21.933859
24.821700 24.390618 24.566330
24.821700 25.236279 24.111888
24.821700 24.391477 25.980716
24.821700 23.116751 26.558839
24.821700 23.049253 27.516514
37.232550 -0.921615 26.476007
12.410850 42.070831 26.476007
37.232550 -0.988683 27.433682
12.410850 42.003763 27.433682
37.232550 -2.014483 25.734489
12.410850 40.977963 25.734489
37.232550 -2.869173 26.171343
12.410850 40.123273 26.171343
37.232550 -1.970630 24.269610
12.410850 41.021815 24.269610
37.232550 -0.713531 23.626810
12.410850 42.278914 23.626810
37.232550 -0.703643 22.294121
12.410850 42.288803 22.294121
24.821700 23.226382 23.795878
24.821700 22.003677 24.452862
24.821700 21.934889 25.807677
37.232550 -4.269866 21.279145
12.410850 38.722579 21.279145
24.821700 25.605154 26.795988
-15.113809 21.709824 36.346640
34.529591 21.709824 36.346640
26.372187 26.488864 30.402020
-15.957126 23.543666 35.196069
33.686274 23.543666 35.196069
-17.986673 24.715425 33.786789
31.656727 24.715425 33.786789
-19.145350 25.384388 33.010096
30.498050 25.384388 33.010096
-21.151439 26.542604 31.563939
28.491961 26.542604 31.563939
-14.815576 22.884592 35.989781
34.827824 22.884592 35.989781
-22.276979 27.192435 30.767956
27.366421 27.192435 30.767956
-17.073855 22.797317 34.865875
32.569545 22.797317 34.865875
-17.126725 21.875559 35.128555
32.516675 21.875559 35.128555
-18.110905 23.369117 34.161235
31.532495 23.369117 34.161235
-20.244454 24.600206 32.675931
29.398946 24.600206 32.675931
-21.245389 25.213493 31.969589
28.398011 25.213493 31.969589
27.609549 24.712846 31.747758
-19.274795 22.624488 33.767499
30.368605 22.624488 33.767499
-19.315130 21.682308 33.946779
30.328270 21.682308 33.946779
-20.329096 23.237345 33.139450
29.314304 23.237345 33.139450
28.500028 22.747016 33.004990
26.419845 -0.922690 37.416649
1.598145 42.069756 37.416649
-23.274563 29.554870 29.271873
26.368837 29.554870 29.271873
10.861231 34.932365 21.862373
9.796008 34.317358 20.015105
-22.018337 30.280153 28.003861
27.625063 30.280153 28.003861
-23.115580 29.646659 26.215596
26.527820 29.646659 26.215596
8.914341 33.808328 23.483840
9.658992 34.238252 23.911049
8.854024 33.773504 22.145478
7.776142 33.151188 21.533314
7.716570 33.116794 20.575639
-19.171536 31.923754 21.655861
30.471864 31.923754 21.655861
-19.233342 31.888070 20.698753
30.410058 31.888070 20.698753
-20.111782 31.380759 22.386031
29.531618 31.380759 22.386031
-20.845140 30.957499 21.933859
28.798260 30.957499 21.933859
-21.122894 30.797137 24.566330
28.520506 30.797137 24.566330
-21.855259 30.374306 24.111888
27.788141 30.374306 24.111888
-21.123639 30.796707 25.980716
28.519761 30.796707 25.980716
-20.019694 31.434070 26.558839
29.623706 31.434070 26.558839
-19.961239 31.467819 27.516514
29.682161 31.467819 27.516514
7.003567 32.705142 26.476007
7.061650 32.738676 27.433682
7.950018 33.251575 25.734489
8.690201 33.678920 26.171343
7.912041 33.229649 24.269610
6.823361 32.601100 23.626810
6.814798 32.596156 22.294121
-20.114637 31.379254 23.795878
29.528763 31.379254 23.795878
-19.055743 31.990607 24.452862
30.587657 31.990607 24.452862
-18.996171 32.025001 25.807677
30.647229 32.025001 25.807677
9.903238 34.379267 21.279145
-22.174714 30.189868 26.795988
27.468686 30.189868 26.795988
1.166496 -2.447632 36.346640
-23.655204 40.544814 36.346640
50.809896 -2.447632 36.346640
25.988196 40.544814 36.346640
-23.715273 31.090775 30.402020
25.928127 31.090775 30.402020
0.000000 -4.094887 35.196069
-24.821700 38.897558 35.196069
49.643400 -4.094887 35.196069
24.821700 38.897558 35.196069
-0.000000 -6.438405 33.786789
-24.821700 36.554040 33.786789
49.643400 -6.438405 33.786789
24.821700 36.554040 33.786789
-24.821700 35.216115 33.010096
24.821700 35.216115 33.010096
-24.821700 32.899682 31.563939
24.821700 32.899682 31.563939
0.000000 -2.776739 35.989781
-24.821700 40.215707 35.989781
49.643400 -2.776739 35.989781
24.821700 40.215707 35.989781
-24.821700 31.600021 30.767956
24.821700 31.600021 30.767956
1.204721 -4.688828 34.865875
-23.616979 38.303618 34.865875
50.848121 -4.688828 34.865875
26.026421 38.303618 34.865875
2.029422 -4.273736 35.128555
-22.792278 38.718710 35.128555
51.672822 -4.273736 35.128555
26.851122 38.718710 35.128555
1.228054 -5.872840 34.161235
-23.593646 37.119606 34.161235
50.871454 -5.872840 34.161235
26.049754 37.119606 34.161235
-23.593026 34.656354 32.675931
26.050374 34.656354 32.675931
-23.623681 33.482875 31.969589
26.019719 33.482875 31.969589
-22.795877 33.050371 31.747758
26.847523 33.050371 31.747758
-22.366834 36.483963 33.767499
27.276566 36.483963 33.767499
3.290985 -6.072325 33.946779
-21.530715 36.920121 33.946779
52.934385 -6.072325 33.946779
28.112685 36.920121 33.946779
-22.370433 35.264482 33.139450
27.272967 35.264482 33.139450
-21.538658 34.804463 33.004990
28.104742 34.804463 33.004990
-1.166496 -2.447632 36.346640
-25.988196 40.544814 36.346640
48.476904 -2.447632 36.346640
23.655204 40.544814 36.346640
23.715273 31.090775 30.402020
-1.204721 -4.688828 34.865875
-26.026421 38.303618 34.865875
48.438679 -4.688828 34.865875
23.616979 38.303618 34.865875
-2.029422 -4.273736 35.128555
-26.851122 38.718710 35.128555
47.613978 -4.273736 35.128555
22.792278 38.718710 35.128555
-1.228054 -5.872840 34.161235
-26.049754 37.119606 34.161235
48.415346 -5.872840 34.161235
23.593646 37.119606 34.161235
-26.050374 34.656354 32.675931
23.593026 34.656354 32.675931
-26.019719 33.482875 31.969589
23.623681 33.482875 31.969589
22.795877 33.050371 31.747758
-27.276566 36.483963 33.767499
22.366834 36.483963 33.767499
-3.290985 -6.072325 33.946779
-28.112685 36.920121 33.946779
46.352415 -6.072325 33.946779
21.530715 36.920121 33.946779
-27.272967 35.264482 33.139450
22.370433 35.264482 33.139450
21.538658 34.804463 33.004990
15.113809 21.709824 36.346640
23.271213 26.488864 30.402020
17.073855 22.797317 34.865875
17.126725 21.875559 35.128555
18.110905 23.369117 34.161235
20.244454 24.600206 32.675931
21.245389 25.213493 31.969589
22.033851 24.712846 31.747758
19.274795 22.624488 33.767499
19.315130 21.682308 33.946779
20.329096 23.237345 33.139450
21.143372 22.747016 33.004990
-13.947313 23.730254 36.346640
35.696087 23.730254 36.346640
-22.164785 28.405252 30.402020
27.478615 28.405252 30.402020
-15.869133 24.883956 34.865875
33.774267 24.883956 34.865875
-15.097303 25.390622 35.128555
34.546097 25.390622 35.128555
-16.882852 25.496168 34.161235
32.760548 25.496168 34.161235
-19.015780 26.728332 32.675931
30.627620 26.728332 32.675931
-20.047370 27.288523 31.969589
29.596030 27.288523 31.969589
-20.008028 28.221674 31.747758
29.635372 28.221674 31.747758
-16.819929 26.876441 33.767499
32.823471 26.876441 33.767499
-16.024145 27.382462 33.946779
33.619255 27.382462 33.946779
-17.877829 27.483064 33.139450
31.765571 27.483064 33.139450
-17.860330 28.433412 33.004990
31.783070 28.433412 33.004990
23.285237 26.427600 39.299093
15.067765 21.752601 45.243713
21.363417 25.273897 40.779858
22.135247 24.767231 40.517179
20.349698 24.661685 41.484498
18.216770 23.429521 42.969802
17.185180 22.869330 43.676144
17.224522 21.936179 43.897976
20.412621 23.281412 41.878234
21.208405 22.775391 41.698954
19.354721 22.674789 42.506283
19.372220 21.724441 42.640743
-22.118741 28.448030 39.299093
27.524659 28.448030 39.299093
-13.961337 23.668989 45.243713
35.682063 23.668989 45.243713
-20.158695 27.360536 40.779858
29.484705 27.360536 40.779858
-20.105825 28.282294 40.517179
29.537575 28.282294 40.517179
-19.121645 26.788736 41.484498
30.521755 26.788736 41.484498
-16.988096 25.557647 42.969802
32.655304 25.557647 42.969802
-15.987161 24.944360 43.676144
33.656239 24.944360 43.676144
-15.198699 25.445007 43.897976
34.444701 25.445007 43.897976
-17.957755 27.533365 41.878234
31.685645 27.533365 41.878234
-17.917420 28.475545 41.698954
31.725980 28.475545 41.698954
-16.903454 26.920508 42.506283
32.739946 26.920508 42.506283
-16.089178 27.410837 42.640743
33.554222 27.410837 42.640743
23.655204 31.109262 39.299093
-1.106427 -2.429145 45.243713
-25.928127 40.563301 45.243713
48.536973 -2.429145 45.243713
23.715273 40.563301 45.243713
-26.026421 33.350458 40.779858
23.616979 33.350458 40.779858
22.792278 32.935366 40.517179
-26.049754 34.534470 41.484498
23.593646 34.534470 41.484498
-1.228674 -5.994723 42.969802
-26.050374 36.997722 42.969802
48.414726 -5.994723 42.969802
23.593026 36.997722 42.969802
-1.198019 -4.821244 43.676144
-26.019719 38.171201 43.676144
48.445381 -4.821244 43.676144
23.623681 38.171201 43.676144
-2.025823 -4.388740 43.897976
-26.847523 38.603705 43.897976
47.617577 -4.388740 43.897976
22.795877 38.603705 43.897976
-27.276566 35.170113 41.878234
22.366834 35.170113 41.878234
21.530715 34.733955 41.698954
-27.272967 36.389594 42.506283
22.370433 36.389594 42.506283
-3.283042 -6.142832 42.640743
-28.104742 36.849613 42.640743
46.360358 -6.142832 42.640743
21.538658 36.849613 42.640743
12.410726 35.827110 -2.174058
12.410726 35.827110 111.294542
38.830695 -6.242718 57.140518
14.008995 36.749727 57.140518
-23.274563 27.768391 65.285294
26.368837 27.768391 65.285294
24.821824 28.661559 68.007405
12.410726 35.827110 -0.253035
12.410726 35.827110 113.215565
24.821824 28.661559 65.983693
-13.960469 22.390896 72.694793
35.682931 22.390896 72.694793
-15.025692 23.005902 74.542062
34.617708 23.005902 74.542062
-22.018337 27.043108 66.553305
27.625063 27.043108 66.553305
-23.115580 27.676602 68.341570
26.527820 27.676602 68.341570
-15.907359 23.514933 71.073327
33.736041 23.514933 71.073327
-15.162708 23.085009 70.646118
34.480692 23.085009 70.646118
-15.967676 23.549757 72.411689
33.675724 23.549757 72.411689
-17.045558 24.172073 73.023852
32.597842 24.172073 73.023852
-17.105130 24.206467 73.981527
32.538270 24.206467 73.981527
-19.171536 25.399507 72.901306
30.471864 25.399507 72.901306
-19.233342 25.435191 73.858414
30.410058 25.435191 73.858414
-20.111782 25.942501 72.171136
29.531618 25.942501 72.171136
-20.845140 26.365762 72.623308
28.798260 26.365762 72.623308
-21.122894 26.526124 69.990837
28.520506 26.526124 69.990837
-21.855259 26.948955 70.445278
27.788141 26.948955 70.445278
-21.123639 26.526554 68.576450
28.519761 26.526554 68.576450
-20.019694 25.889191 67.998328
29.623706 25.889191 67.998328
-19.961239 25.855442 67.040653
29.682161 25.855442 67.040653
-17.818133 24.618119 68.081160
31.825267 24.618119 68.081160
-17.760050 24.584585 67.123485
31.883350 24.584585 67.123485
-16.871682 24.071685 68.822677
32.771718 24.071685 68.822677
-16.131499 23.644340 68.385823
33.511901 23.644340 68.385823
-16.909659 24.093611 70.287557
32.733741 24.093611 70.287557
-17.998339 24.722161 70.930357
31.645061 24.722161 70.930357
-18.006902 24.727105 72.263045
31.636498 24.727105 72.263045
-20.114637 25.944006 70.761288
29.528763 25.944006 70.761288
-19.055743 25.332654 70.104305
30.587657 25.332654 70.104305
-18.996171 25.298260 68.749490
30.647229 25.298260 68.749490
-14.918462 22.943993 73.278022
34.724938 22.943993 73.278022
-22.174714 27.133392 67.761179
27.468686 27.133392 67.761179
38.399046 -4.717776 58.210526
13.577346 38.274670 58.210526
25.928127 26.232486 64.155146
37.232550 -3.070520 59.361098
12.410850 39.921925 59.361098
37.232550 -0.727002 60.770378
12.410850 42.265443 60.770378
24.821700 22.107145 61.547071
24.821700 24.423578 62.993228
37.232550 -4.388669 58.567385
12.410850 38.603777 58.567385
24.821700 25.723240 63.789210
38.437271 -2.476580 59.691292
13.615571 40.515866 59.691292
39.261972 -2.891672 59.428612
14.440272 40.100774 59.428612
38.460604 -1.292568 60.395932
13.638904 41.699878 60.395932
26.050374 22.666907 61.881236
26.019719 23.840386 62.587578
26.847523 24.272890 62.809409
39.687416 -0.656925 60.789668
14.865716 42.335521 60.789668
40.523535 -1.093083 60.610387
15.701835 41.899363 60.610387
27.272967 22.058779 61.417716
28.104742 22.518798 61.552177
35.634405 -6.242718 57.140518
10.812705 36.749727 57.140518
-24.821700 30.448110 65.285294
24.821700 30.448110 65.285294
-0.000000 -1.789346 72.694793
-24.821700 41.203100 72.694793
49.643400 -1.789346 72.694793
24.821700 41.203100 72.694793
0.000000 -3.019359 74.542062
-24.821700 39.973086 74.542062
49.643400 -3.019359 74.542062
24.821700 39.973086 74.542062
-24.821700 31.898675 66.553305
24.821700 31.898675 66.553305
-24.821700 30.631688 68.341570
24.821700 30.631688 68.341570
-0.000000 -4.037421 71.073327
-24.821700 38.955025 71.073327
49.643400 -4.037421 71.073327
24.821700 38.955025 71.073327
-0.000000 -3.177572 70.646118
-24.821700 39.814874 70.646118
49.643400 -3.177572 70.646118
24.821700 39.814874 70.646118
-0.000000 -4.107068 72.411689
-24.821700 38.885377 72.411689
49.643400 -4.107068 72.411689
24.821700 38.885377 72.411689
-0.000000 -5.351700 73.023852
-24.821700 37.640746 73.023852
49.643400 -5.351700 73.023852
24.821700 37.640746 73.023852
-0.000000 -5.420488 73.981527
-24.821700 37.571958 73.981527
49.643400 -5.420488 73.981527
24.821700 37.571958 73.981527
-24.821700 35.185877 72.901306
24.821700 35.185877 72.901306
-24.821700 35.114510 73.858414
24.821700 35.114510 73.858414
-24.821824 34.100103 72.171136
24.821576 34.100103 72.171136
-24.821700 33.253367 72.623308
24.821700 33.253367 72.623308
-24.821700 32.932643 69.990837
24.821700 32.932643 69.990837
-24.821700 32.086982 70.445278
24.821700 32.086982 70.445278
-24.821700 32.931783 68.576450
24.821700 32.931783 68.576450
-24.821700 34.206509 67.998328
24.821700 34.206509 67.998328
-24.821700 34.274008 67.040653
24.821700 34.274008 67.040653
-0.000000 -6.243793 68.081160
-24.821700 36.748653 68.081160
49.643400 -6.243793 68.081160
24.821700 36.748653 68.081160
-0.000000 -6.176725 67.123485
-24.821700 36.815721 67.123485
49.643400 -6.176725 67.123485
24.821700 36.815721 67.123485
-0.000000 -5.150925 68.822677
-24.821700 37.841521 68.822677
49.643400 -5.150925 68.822677
24.821700 37.841521 68.822677
-0.000000 -4.296235 68.385823
-24.821700 38.696210 68.385823
49.643400 -4.296235 68.385823
24.821700 38.696210 68.385823
-0.000000 -5.194777 70.287557
-24.821700 37.797668 70.287557
49.643400 -5.194777 70.287557
24.821700 37.797668 70.287557
0.000000 -6.451876 70.930357
-24.821700 36.540569 70.930357
49.643400 -6.451876 70.930357
24.821700 36.540569 70.930357
-0.000000 -6.461765 72.263045
-24.821700 36.530681 72.263045
49.643400 -6.461765 72.263045
24.821700 36.530681 72.263045
-24.821700 34.096879 70.761288
24.821700 34.096879 70.761288
-24.821700 35.319584 70.104305
24.821700 35.319584 70.104305
-24.821700 35.388372 68.749490
24.821700 35.388372 68.749490
-0.000000 -2.895541 73.278022
-24.821700 40.096904 73.278022
49.643400 -2.895541 73.278022
24.821700 40.096904 73.278022
-24.821700 31.718107 67.761179
24.821700 31.718107 67.761179
9.707891 35.613437 58.210526
-23.271213 30.834397 64.155146
26.372187 30.834397 64.155146
8.864574 33.779594 59.361098
6.835027 32.607835 60.770378
-19.145350 31.938873 61.547071
30.498050 31.938873 61.547071
-21.151439 30.780656 62.993228
28.491961 30.780656 62.993228
10.006124 34.438669 58.567385
-22.276979 30.130826 63.789210
27.366421 30.130826 63.789210
7.747845 34.525943 59.691292
7.694975 35.447701 59.428612
6.710795 33.954144 60.395932
-20.244454 32.723055 61.881236
29.398946 32.723055 61.881236
-21.245389 32.109768 62.587578
28.398011 32.109768 62.587578
-22.033851 32.610415 62.809409
27.609549 32.610415 62.809409
5.546905 34.698773 60.789668
5.506570 35.640952 60.610387
-20.329096 34.085916 61.417716
29.314304 34.085916 61.417716
-21.143372 34.576244 61.552177
28.500028 34.576244 61.552177
12.410850 33.981659 57.140518
23.274563 27.768391 65.285294
13.960469 22.390896 72.694793
15.025692 23.005902 74.542062
22.018337 27.043108 66.553305
23.115580 27.676602 68.341570
15.907359 23.514933 71.073327
15.162708 23.085009 70.646118
15.967676 23.549757 72.411689
17.045558 24.172073 73.023852
17.105130 24.206467 73.981527
19.171536 25.399507 72.901306
19.233342 25.435191 73.858414
20.111907 25.942287 72.171136
20.845140 26.365762 72.623308
21.122894 26.526124 69.990837
21.855259 26.948955 70.445278
21.123639 26.526554 68.576450
20.019694 25.889191 67.998328
19.961239 25.855442 67.040653
17.818133 24.618119 68.081160
17.760050 24.584585 67.123485
16.871682 24.071685 68.822677
16.131499 23.644340 68.385823
16.909659 24.093611 70.287557
17.998339 24.722161 70.930357
18.006902 24.727105 72.263045
20.114637 25.944006 70.761288
19.055743 25.332654 70.104305
18.996171 25.298260 68.749490
14.918462 22.943993 73.278022
22.174714 27.133392 67.761179
13.947313 33.593007 58.210526
22.164785 28.918009 64.155146
15.957126 33.779594 59.361098
17.986673 32.607835 60.770378
19.145350 31.938873 61.547071
21.151439 30.780656 62.993228
14.815576 34.438669 58.567385
22.276979 30.130826 63.789210
15.869133 32.439305 59.691292
15.097303 31.932639 59.428612
16.882852 31.827092 60.395932
19.015780 30.594929 61.881236
20.047370 30.034737 62.587578
20.008028 29.101586 62.809409
16.819929 30.446820 60.789668
16.024145 29.940799 60.610387
17.877829 29.840197 61.417716
17.860330 28.889849 61.552177
24.821824 28.661559 58.908358
-24.821700 30.507009 -0.406218
-24.821700 30.507009 113.062382
24.821700 30.507009 -0.406218
24.821700 30.507009 113.062382
35.685413 -6.272168 -8.550994
35.685413 -6.272168 104.917606
10.863713 36.720278 -8.550994
10.863713 36.720278 104.917606
12.410726 35.827110 -11.273105
12.410726 35.827110 102.195495
24.821824 28.661559 56.987335
12.410726 35.827110 -9.249393
12.410726 35.827110 104.219207
26.371319 -0.894673 -15.960493
26.371319 -0.894673 97.508107
1.549619 42.097773 -15.960493
1.549619 42.097773 97.508107
27.436542 -1.509680 95.660838
2.614842 41.482766 95.660838
34.429187 -5.546885 -9.819005
34.429187 -5.546885 103.649595
9.607487 37.445560 -9.819005
9.607487 37.445560 103.649595
35.526430 -6.180379 -11.607270
35.526430 -6.180379 101.861330
10.704730 36.812067 -11.607270
10.704730 36.812067 101.861330
28.318209 -2.018710 -14.339027
28.318209 -2.018710 99.129573
3.496509 40.973735 -14.339027
3.496509 40.973735 99.129573
27.573558 -1.588786 -13.911818
27.573558 -1.588786 99.556782
2.751858 41.403660 -13.911818
2.751858 41.403660 99.556782
28.378526 -2.053534 -15.677389
28.378526 -2.053534 97.791211
3.556826 40.938911 -15.677389
3.556826 40.938911 97.791211
29.456408 -2.675850 -16.289552
29.456408 -2.675850 97.179048
4.634708 40.316596 -16.289552
4.634708 40.316596 97.179048
29.515980 -2.710244 96.221373
4.694280 40.282202 96.221373
31.582386 -3.903284 -16.167006
31.582386 -3.903284 97.301594
6.760686 39.089161 -16.167006
6.760686 39.089161 97.301594
31.644192 -3.938968 -17.124114
31.644192 -3.938968 96.344486
6.822492 39.053478 -17.124114
6.822492 39.053478 96.344486
32.522757 -4.446064 -15.436836
32.522757 -4.446064 98.031764
7.701057 38.546382 -15.436836
7.701057 38.546382 98.031764
33.255990 -4.869539 -15.889008
33.255990 -4.869539 97.579592
8.434290 38.122906 -15.889008
8.434290 38.122906 97.579592
33.533744 -5.029901 -13.256537
33.533744 -5.029901 100.212063
8.712044 37.962544 -13.256537
8.712044 37.962544 100.212063
34.266109 -5.452732 -13.710978
34.266109 -5.452732 99.757622
9.444409 37.539714 -13.710978
9.444409 37.539714 99.757622
33.534489 -5.030331 -11.842150
33.534489 -5.030331 101.626450
8.712789 37.962114 -11.842150
8.712789 37.962114 101.626450
32.430544 -4.392968 -11.264028
32.430544 -4.392968 102.204572
7.608844 38.599477 -11.264028
7.608844 38.599477 102.204572
32.372089 -4.359219 -10.306353
32.372089 -4.359219 103.162247
7.550389 38.633227 -10.306353
7.550389 38.633227 103.162247
30.228983 -3.121896 -11.346860
30.228983 -3.121896 102.121740
5.407283 39.870549 -11.346860
5.407283 39.870549 102.121740
30.170900 -3.088362 -10.389185
30.170900 -3.088362 103.079415
5.349200 39.904083 -10.389185
5.349200 39.904083 103.079415
29.282532 -2.575462 -12.088377
29.282532 -2.575462 101.380223
4.460832 40.416983 -12.088377
4.460832 40.416983 101.380223
28.542349 -2.148118 -11.651523
28.542349 -2.148118 101.817077
3.720649 40.844328 -11.651523
3.720649 40.844328 101.817077
29.320509 -2.597389 -13.553257
29.320509 -2.597389 99.915343
4.498809 40.395057 -13.553257
4.498809 40.395057 99.915343
30.409189 -3.225938 -14.196057
30.409189 -3.225938 99.272543
5.587489 39.766507 -14.196057
5.587489 39.766507 99.272543
30.417752 -3.230882 -15.528745
30.417752 -3.230882 97.939855
5.596052 39.761563 -15.528745
5.596052 39.761563 97.939855
32.525487 -4.447783 -14.026988
32.525487 -4.447783 99.441612
7.703787 38.544662 -14.026988
7.703787 38.544662 99.441612
31.466593 -3.836431 -13.370005
31.466593 -3.836431 100.098595
6.644893 39.156015 -13.370005
6.644893 39.156015 100.098595
31.407021 -3.802037 -12.015190
31.407021 -3.802037 101.453410
6.585321 39.190409 -12.015190
6.585321 39.190409 101.453410
27.329312 -1.447771 -16.543722
27.329312 -1.447771 96.924878
2.507612 41.544675 -16.543722
2.507612 41.544675 96.924878
34.585564 -5.637169 -11.026879
34.585564 -5.637169 102.441721
9.763864 37.355276 -11.026879
9.763864 37.355276 102.441721
-23.285237 30.895661 -1.476226
-23.285237 30.895661 111.992374
26.358163 30.895661 -1.476226
26.358163 30.895661 111.992374
9.753935 35.570660 -7.420846
9.753935 35.570660 106.047754
-21.275424 30.709074 -2.626798
-21.275424 30.709074 110.841802
28.367976 30.709074 -2.626798
28.367976 30.709074 110.841802
-19.245877 31.880833 -4.036078
-19.245877 31.880833 109.432522
30.397523 31.880833 -4.036078
30.397523 31.880833 109.432522
6.734500 32.549795 -4.812771
6.734500 32.549795 108.655829
8.740589 33.708012 -6.258928
8.740589 33.708012 107.209672
-22.416974 30.050000 -1.833085
-22.416974 30.050000 111.635515
27.226426 30.050000 -1.833085
27.226426 30.050000 111.635515
9.866129 34.357843 -7.054910
9.866129 34.357843 106.413690
-21.363417 32.049363 -2.956992
-21.363417 32.049363 110.511608
28.279983 32.049363 -2.956992
28.279983 32.049363 110.511608
-22.135247 32.556029 -2.694312
-22.135247 32.556029 110.774288
27.508153 32.556029 -2.694312
27.508153 32.556029 110.774288
-20.349698 32.661576 -3.661632
-20.349698 32.661576 109.806968
29.293702 32.661576 -3.661632
29.293702 32.661576 109.806968
6.604930 33.893739 -5.146936
6.604930 33.893739 108.321664
7.636520 34.453931 -5.853278
7.636520 34.453931 107.615322
7.597178 35.387082 -6.075109
7.597178 35.387082 107.393491
-20.412621 34.041848 -4.055368
-20.412621 34.041848 109.413232
29.230779 34.041848 -4.055368
29.230779 34.041848 109.413232
-21.208405 34.547869 -3.876087
-21.208405 34.547869 109.592513
28.434995 34.547869 -3.876087
28.434995 34.547869 109.592513
5.466979 34.648472 -4.683416
5.466979 34.648472 108.785184
5.449480 35.598820 -4.817877
5.449480 35.598820 108.650723
23.223555 27.738941 -0.406218
23.223555 27.738941 113.062382
12.410850 34.040559 -8.550994
12.410850 34.040559 104.917606
12.410850 23.285568 -15.960493
12.410850 23.285568 97.508107
12.410850 24.515582 95.660838
12.410850 32.589993 -9.819005
12.410850 32.589993 103.649595
12.410850 33.856981 -11.607270
12.410850 33.856981 101.861330
12.410850 25.533643 -14.339027
12.410850 25.533643 99.129573
12.410850 24.673794 -13.911818
12.410850 24.673794 99.556782
12.410850 25.603291 -15.677389
12.410850 25.603291 97.791211
12.410850 26.847922 -16.289552
12.410850 26.847922 97.179048
12.410850 26.916710 96.221373
12.410850 29.302791 -16.167006
12.410850 29.302791 97.301594
12.410850 29.374158 -17.124114
12.410850 29.374158 96.344486
12.410726 30.388565 -15.436836
12.410726 30.388565 98.031764
12.410850 31.235301 -15.889008
12.410850 31.235301 97.579592
12.410850 31.556025 -13.256537
12.410850 31.556025 100.212063
12.410850 32.401686 -13.710978
12.410850 32.401686 99.757622
12.410850 31.556885 -11.842150
12.410850 31.556885 101.626450
12.410850 30.282159 -11.264028
12.410850 30.282159 102.204572
12.410850 30.214661 -10.306353
12.410850 30.214661 103.162247
12.410850 27.740016 -11.346860
12.410850 27.740016 102.121740
12.410850 27.672947 -10.389185
12.410850 27.672947 103.079415
12.410850 26.647148 -12.088377
12.410850 26.647148 101.380223
12.410850 25.792458 -11.651523
12.410850 25.792458 101.817077
12.410850 26.691000 -13.553257
12.410850 26.691000 99.915343
12.410850 27.948099 -14.196057
12.410850 27.948099 99.272543
12.410850 27.957987 -15.528745
12.410850 27.957987 97.939855
12.410850 30.391790 -14.026988
12.410850 30.391790 99.441612
12.410850 29.169085 -13.370005
12.410850 29.169085 100.098595
12.410850 29.100297 -12.015190
12.410850 29.100297 101.453410
12.410850 24.391764 -16.543722
12.410850 24.391764 96.924878
12.410850 32.770562 -11.026879
12.410850 32.770562 102.441721
22.118741 28.875231 -1.476226
22.118741 28.875231 111.992374
13.961337 33.654271 -7.420846
13.961337 33.654271 106.047754
21.275424 30.709074 -2.626798
21.275424 30.709074 110.841802
19.245877 31.880833 -4.036078
19.245877 31.880833 109.432522
18.087200 32.549795 -4.812771
18.087200 32.549795 108.655829
16.081111 33.708012 -6.258928
16.081111 33.708012 107.209672
22.416974 30.050000 -1.833085
22.416974 30.050000 111.635515
14.955571 34.357843 -7.054910
14.955571 34.357843 106.413690
20.158695 29.962725 -2.956992
20.158695 29.962725 110.511608
20.105825 29.040967 -2.694312
20.105825 29.040967 110.774288
19.121645 30.534525 -3.661632
19.121645 30.534525 109.806968
16.988096 31.765613 -5.146936
16.988096 31.765613 108.321664
15.987161 32.378901 -5.853278
15.987161 32.378901 107.615322
15.198699 31.878253 -6.075109
15.198699 31.878253 107.393491
17.957755 29.789895 -4.055368
17.957755 29.789895 109.413232
17.917420 28.847716 -3.876087
17.917420 28.847716 109.592513
16.903454 30.402753 -4.683416
16.903454 30.402753 108.785184
16.089178 29.912424 -4.817877
16.089178 29.912424 108.650723
-23.223555 27.738941 -0.406218
-23.223555 27.738941 113.062382
26.419845 27.738941 -0.406218
26.419845 27.738941 113.062382
38.779687 -6.272168 -8.550994
38.779687 -6.272168 104.917606
13.957987 36.720278 -8.550994
13.957987 36.720278 104.917606
-1.549619 -0.894673 -15.960493
-1.549619 -0.894673 97.508107
-26.371319 42.097773 -15.960493
-26.371319 42.097773 97.508107
48.093781 -0.894673 -15.960493
48.093781 -0.894673 97.508107
23.272081 42.097773 -15.960493
23.272081 42.097773 97.508107
-2.614842 -1.509680 95.660838
-27.436542 41.482766 95.660838
47.028558 -1.509680 95.660838
22.206858 41.482766 95.660838
40.035913 -5.546885 -9.819005
40.035913 -5.546885 103.649595
15.214213 37.445560 -9.819005
15.214213 37.445560 103.649595
38.938670 -6.180379 -11.607270
38.938670 -6.180379 101.861330
14.116970 36.812067 -11.607270
14.116970 36.812067 101.861330
-3.496509 -2.018710 -14.339027
-3.496509 -2.018710 99.129573
-28.318209 40.973735 -14.339027
-28.318209 40.973735 99.129573
46.146891 -2.018710 -14.339027
46.146891 -2.018710 99.129573
21.325191 40.973735 -14.339027
21.325191 40.973735 99.129573
-2.751858 -1.588786 -13.911818
-2.751858 -1.588786 99.556782
-27.573558 41.403660 -13.911818
-27.573558 41.403660 99.556782
46.891542 -1.588786 -13.911818
46.891542 -1.588786 99.556782
22.069842 41.403660 -13.911818
22.069842 41.403660 99.556782
-3.556826 -2.053534 -15.677389
-3.556826 -2.053534 97.791211
-28.378526 40.938911 -15.677389
-28.378526 40.938911 97.791211
46.086574 -2.053534 -15.677389
46.086574 -2.053534 97.791211
21.264874 40.938911 -15.677389
21.264874 40.938911 97.791211
-4.634708 -2.675850 -16.289552
-4.634708 -2.675850 97.179048
-29.456408 40.316596 -16.289552
-29.456408 40.316596 97.179048
45.008692 -2.675850 -16.289552
45.008692 -2.675850 97.179048
20.186992 40.316596 -16.289552
20.186992 40.316596 97.179048
-4.694280 -2.710244 96.221373
-29.515980 40.282202 96.221373
44.949120 -2.710244 96.221373
20.127420 40.282202 96.221373
42.882714 -3.903284 -16.167006
42.882714 -3.903284 97.301594
18.061014 39.089161 -16.167006
18.061014 39.089161 97.301594
42.820908 -3.938968 -17.124114
42.820908 -3.938968 96.344486
17.999208 39.053478 -17.124114
17.999208 39.053478 96.344486
41.942468 -4.446279 -15.436836
41.942468 -4.446279 98.031764
17.120768 38.546167 -15.436836
17.120768 38.546167 98.031764
41.209110 -4.869539 -15.889008
41.209110 -4.869539 97.579592
16.387410 38.122906 -15.889008
16.387410 38.122906 97.579592
40.931356 -5.029901 -13.256537
40.931356 -5.029901 100.212063
16.109656 37.962544 -13.256537
16.109656 37.962544 100.212063
40.198991 -5.452732 -13.710978
40.198991 -5.452732 99.757622
15.377291 37.539714 -13.710978
15.377291 37.539714 99.757622
40.930611 -5.030331 -11.842150
40.930611 -5.030331 101.626450
16.108911 37.962114 -11.842150
16.108911 37.962114 101.626450
42.034556 -4.392968 -11.264028
42.034556 -4.392968 102.204572
17.212856 38.599477 -11.264028
17.212856 38.599477 102.204572
42.093011 -4.359219 -10.306353
42.093011 -4.359219 103.162247
17.271311 38.633227 -10.306353
17.271311 38.633227 103.162247
-5.407283 -3.121896 -11.346860
-5.407283 -3.121896 102.121740
-30.228983 39.870549 -11.346860
-30.228983 39.870549 102.121740
44.236117 -3.121896 -11.346860
44.236117 -3.121896 102.121740
19.414417 39.870549 -11.346860
19.414417 39.870549 102.121740
-5.349200 -3.088362 -10.389185
-5.349200 -3.088362 103.079415
-30.170900 39.904083 -10.389185
-30.170900 39.904083 103.079415
44.294200 -3.088362 -10.389185
44.294200 -3.088362 103.079415
19.472500 39.904083 -10.389185
19.472500 39.904083 103.079415
-4.460832 -2.575462 -12.088377
-4.460832 -2.575462 101.380223
-29.282532 40.416983 -12.088377
-29.282532 40.416983 101.380223
45.182568 -2.575462 -12.088377
45.182568 -2.575462 101.380223
20.360868 40.416983 -12.088377
20.360868 40.416983 101.380223
-3.720649 -2.148118 -11.651523
-3.720649 -2.148118 101.817077
-28.542349 40.844328 -11.651523
-28.542349 40.844328 101.817077
45.922751 -2.148118 -11.651523
45.922751 -2.148118 101.817077
21.101051 40.844328 -11.651523
21.101051 40.844328 101.817077
-4.498809 -2.597389 -13.553257
-4.498809 -2.597389 99.915343
-29.320509 40.395057 -13.553257
-29.320509 40.395057 99.915343
45.144591 -2.597389 -13.553257
45.144591 -2.597389 99.915343
20.322891 40.395057 -13.553257
20.322891 40.395057 99.915343
-5.587489 -3.225938 -14.196057
-5.587489 -3.225938 99.272543
-30.409189 39.766507 -14.196057
-30.409189 39.766507 99.272543
44.055911 -3.225938 -14.196057
44.055911 -3.225938 99.272543
19.234211 39.766507 -14.196057
19.234211 39.766507 99.272543
-5.596052 -3.230882 -15.528745
-5.596052 -3.230882 97.939855
-30.417752 39.761563 -15.528745
-30.417752 39.761563 97.939855
44.047348 -3.230882 -15.528745
44.047348 -3.230882 97.939855
19.225648 39.761563 -15.528745
19.225648 39.761563 97.939855
41.939613 -4.447783 -14.026988
41.939613 -4.447783 99.441612
17.117913 38.544662 -14.026988
17.117913 38.544662 99.441612
42.998507 -3.836431 -13.370005
42.998507 -3.836431 100.098595
18.176807 39.156015 -13.370005
18.176807 39.156015 100.098595
43.058079 -3.802037 -12.015190
43.058079 -3.802037 101.453410
18.236379 39.190409 -12.015190
18.236379 39.190409 101.453410
-2.507612 -1.447771 -16.543722
-2.507612 -1.447771 96.924878
-27.329312 41.544675 -16.543722
-27.329312 41.544675 96.924878
47.135788 -1.447771 -16.543722
47.135788 -1.447771 96.924878
22.314088 41.544675 -16.543722
22.314088 41.544675 96.924878
39.879536 -5.637169 -11.026879
39.879536 -5.637169 102.441721
15.057836 37.355276 -11.026879
15.057836 37.355276 102.441721
25.988196 26.213999 -1.476226
25.988196 26.213999 111.992374
38.338977 -4.736263 -7.420846
38.338977 -4.736263 106.047754
13.517277 38.256183 -7.420846
13.517277 38.256183 106.047754
24.821700 24.566743 -2.626798
24.821700 24.566743 110.841802
24.821700 22.223225 -4.036078
24.821700 22.223225 109.432522
37.232550 -0.610923 -4.812771
37.232550 -0.610923 108.655829
12.410850 42.381523 -4.812771
12.410850 42.381523 108.655829
37.232550 -2.927356 -6.258928
37.232550 -2.927356 107.209672
12.410850 40.065090 -6.258928
12.410850 40.065090 107.209672
24.821700 25.884892 -1.833085
24.821700 25.884892 111.635515
37.232550 -4.227017 -7.054910
37.232550 -4.227017 106.413690
12.410850 38.765428 -7.054910
12.410850 38.765428 106.413690
26.026421 23.972803 -2.956992
26.026421 23.972803 110.511608
26.851122 24.387895 -2.694312
26.851122 24.387895 110.774288
26.049754 22.788791 -3.661632
26.049754 22.788791 109.806968
38.461224 -1.170684 -5.146936
38.461224 -1.170684 108.321664
13.639524 41.821761 -5.146936
13.639524 41.821761 108.321664
38.430569 -2.344163 -5.853278
38.430569 -2.344163 107.615322
13.608869 40.648282 -5.853278
13.608869 40.648282 107.615322
39.258373 -2.776667 -6.075109
39.258373 -2.776667 107.393491
14.436673 40.215778 -6.075109
14.436673 40.215778 107.393491
27.276566 22.153147 -4.055368
27.276566 22.153147 109.413232
28.112685 22.589306 -3.876087
28.112685 22.589306 109.592513
39.683817 -0.562556 -4.683416
39.683817 -0.562556 108.785184
14.862117 42.429889 -4.683416
14.862117 42.429889 108.785184
40.515592 -1.022575 -4.817877
40.515592 -1.022575 108.650723
15.693892 41.969870 -4.817877
15.693892 41.969870 108.650723
23.655204 26.213999 -1.476226
23.655204 26.213999 111.992374
36.126123 -4.736263 -7.420846
36.126123 -4.736263 106.047754
11.304423 38.256183 -7.420846
11.304423 38.256183 106.047754
23.616979 23.972803 -2.956992
23.616979 23.972803 110.511608
22.792278 24.387895 -2.694312
22.792278 24.387895 110.774288
23.593646 22.788791 -3.661632
23.593646 22.788791 109.806968
36.003876 -1.170684 -5.146936
36.003876 -1.170684 108.321664
11.182176 41.821761 -5.146936
11.182176 41.821761 108.321664
36.034531 -2.344163 -5.853278
36.034531 -2.344163 107.615322
11.212831 40.648282 -5.853278
11.212831 40.648282 107.615322
35.206727 -2.776667 -6.075109
35.206727 -2.776667 107.393491
10.385027 40.215778 -6.075109
10.385027 40.215778 107.393491
22.366834 22.153147 -4.055368
22.366834 22.153147 109.413232
21.530715 22.589306 -3.876087
21.530715 22.589306 109.592513
34.781283 -0.562556 -4.683416
34.781283 -0.562556 108.785184
9.959583 42.429889 -4.683416
9.959583 42.429889 108.785184
33.949508 -1.022575 -4.817877
33.949508 -1.022575 108.650723
9.127808 41.969870 -4.817877
9.127808 41.969870 108.650723
-22.118741 28.875231 -1.476226
-22.118741 28.875231 111.992374
27.524659 28.875231 -1.476226
27.524659 28.875231 111.992374
10.860363 33.654271 -7.420846
10.860363 33.654271 106.047754
-20.158695 29.962725 -2.956992
-20.158695 29.962725 110.511608
29.484705 29.962725 -2.956992
29.484705 29.962725 110.511608
-20.105825 29.040967 -2.694312
-20.105825 29.040967 110.774288
29.537575 29.040967 -2.694312
29.537575 29.040967 110.774288
-19.121645 30.534525 -3.661632
-19.121645 30.534525 109.806968
30.521755 30.534525 -3.661632
30.521755 30.534525 109.806968
7.833604 31.765613 -5.146936
7.833604 31.765613 108.321664
8.834539 32.378901 -5.853278
8.834539 32.378901 107.615322
9.623001 31.878253 -6.075109
9.623001 31.878253 107.393491
-17.957755 29.789895 -4.055368
-17.957755 29.789895 109.413232
31.685645 29.789895 -4.055368
31.685645 29.789895 109.413232
-17.917420 28.847716 -3.876087
-17.917420 28.847716 109.592513
31.725980 28.847716 -3.876087
31.725980 28.847716 109.592513
7.918246 30.402753 -4.683416
7.918246 30.402753 108.785184
8.732522 29.912424 -4.817877
8.732522 29.912424 108.650723
23.285237 30.895661 -1.476226
23.285237 30.895661 111.992374
15.067765 35.570660 -7.420846
15.067765 35.570660 106.047754
21.363417 32.049363 -2.956992
21.363417 32.049363 110.511608
22.135247 32.556029 -2.694312
22.135247 32.556029 110.774288
20.349698 32.661576 -3.661632
20.349698 32.661576 109.806968
18.216770 33.893739 -5.146936
18.216770 33.893739 108.321664
17.185180 34.453931 -5.853278
17.185180 34.453931 107.615322
17.224522 35.387082 -6.075109
17.224522 35.387082 107.393491
20.412621 34.041848 -4.055368
20.412621 34.041848 109.413232
21.208405 34.547869 -3.876087
21.208405 34.547869 109.592513
19.354721 34.648472 -4.683416
19.354721 34.648472 108.785184
19.372220 35.598820 -4.817877
19.372220 35.598820 108.650723
10.874387 33.593007 58.210526
-22.164785 28.918009 64.155146
27.478615 28.918009 64.155146
8.952567 32.439305 59.691292
9.724397 31.932639 59.428612
7.938848 31.827092 60.395932
-19.015780 30.594929 61.881236
30.627620 30.594929 61.881236
-20.047370 30.034737 62.587578
29.596030 30.034737 62.587578
-20.008028 29.101586 62.809409
29.635372 29.101586 62.809409
8.001771 30.446820 60.789668
8.797555 29.940799 60.610387
-17.877829 29.840197 61.417716
31.765571 29.840197 61.417716
-17.860330 28.889849 61.552177
31.783070 28.889849 61.552177
15.113809 35.613437 58.210526
23.271213 30.834397 64.155146
17.073855 34.525943 59.691292
17.126725 35.447701 59.428612
18.110905 33.954144 60.395932
20.244454 32.723055 61.881236
21.245389 32.109768 62.587578
22.033851 32.610415 62.809409
19.274795 34.698773 60.789668
19.315130 35.640952 60.610387
20.329096 34.085916 61.417716
21.143372 34.576244 61.552177
36.066054 -4.717776 58.210526
11.244354 38.274670 58.210526
23.715273 26.232486 64.155146
36.027829 -2.476580 59.691292
11.206129 40.515866 59.691292
35.203128 -2.891672 59.428612
10.381428 40.100774 59.428612
36.004496 -1.292568 60.395932
11.182796 41.699878 60.395932
23.593026 22.666907 61.881236
23.623681 23.840386 62.587578
22.795877 24.272890 62.809409
34.777684 -0.656925 60.789668
9.955984 42.335521 60.789668
33.941565 -1.093083 60.610387
9.119865 41.899363 60.610387
22.370433 22.058779 61.417716
21.538658 22.518798 61.552177
14.008995 22.418912 76.051951
13.957987 34.933798 84.196727
12.410974 35.826966 86.918839
12.410974 35.826966 84.895126
23.272081 29.556303 91.606227
22.206858 30.171310 93.453495
15.214213 34.208516 85.464739
14.116970 34.842009 87.253004
21.325191 30.680341 89.984760
22.069842 30.250416 89.557551
21.264874 30.715165 91.323122
20.186992 31.337480 91.935286
20.127420 31.371874 92.892961
18.061014 32.564914 91.812739
17.999208 32.600598 92.769847
17.120768 33.107909 91.082569
16.387410 33.531170 91.534741
16.109656 33.691532 88.902270
15.377291 34.114362 89.356712
16.108911 33.691961 87.487884
17.212856 33.054598 86.909761
17.271311 33.020849 85.952086
19.414417 31.783527 86.992593
19.472500 31.749993 86.034918
20.360868 31.237093 87.734111
21.101051 30.809748 87.297257
20.322891 31.259019 89.198990
19.234211 31.887569 89.841790
19.225648 31.892513 91.174479
17.117913 33.109414 89.672722
18.176807 32.498061 89.015738
18.236379 32.463667 87.660923
22.314088 30.109401 92.189455
15.057836 34.298800 86.672612
13.577346 23.943854 77.121960
13.517277 33.397893 83.066580
12.410850 25.591110 78.272531
12.410850 27.934628 79.681811
12.410850 29.272553 80.458504
12.410850 31.588986 81.904661
12.410850 24.272962 77.478819
12.410850 32.888648 82.700644
13.615571 26.185051 78.602725
14.440272 25.769958 78.340045
13.638904 27.369062 79.307365
13.639524 29.832315 80.792669
13.608869 31.005793 81.499011
14.436673 31.438297 81.720842
14.865716 28.004706 79.701101
15.701835 27.568547 79.521821
14.862117 29.224187 80.329150
15.693892 29.684206 80.463610
-14.008995 22.418912 76.051951
35.634405 22.418912 76.051951
37.232550 -5.378928 84.196727
12.410850 37.613517 84.196727
24.821700 26.872285 91.606227
24.821700 25.642271 93.453495
37.232550 -3.928363 85.464739
12.410850 39.064082 85.464739
37.232550 -5.195350 87.253004
12.410850 37.797095 87.253004
24.821700 24.624210 89.984760
24.821700 25.484059 89.557551
24.821700 24.554562 91.323122
24.821700 23.309931 91.935286
24.821700 23.241143 92.892961
37.232550 -0.641161 91.812739
12.410850 42.351285 91.812739
37.232550 -0.712528 92.769847
12.410850 42.279917 92.769847
37.232426 -1.726935 91.082569
12.410726 41.265511 91.082569
37.232550 -2.573671 91.534741
12.410850 40.418774 91.534741
37.232550 -2.894395 88.902270
12.410850 40.098051 88.902270
37.232550 -3.740056 89.356712
12.410850 39.252389 89.356712
37.232550 -2.895255 87.487884
12.410850 40.097191 87.487884
37.232550 -1.620529 86.909761
12.410850 41.371917 86.909761
37.232550 -1.553030 85.952086
12.410850 41.439415 85.952086
24.821700 22.417837 86.992593
24.821700 22.484906 86.034918
24.821700 23.510705 87.734111
24.821700 24.365395 87.297257
24.821700 23.466853 89.198990
24.821700 22.209754 89.841790
24.821700 22.199866 91.174479
37.232550 -1.730159 89.672722
12.410850 41.262286 89.672722
37.232550 -0.507454 89.015738
12.410850 42.484991 89.015738
37.232550 -0.438666 87.660923
12.410850 42.553779 87.660923
24.821700 25.766089 92.189455
37.232550 -4.108931 86.672612
12.410850 38.883514 86.672612
-2.702959 -0.213601 77.121960
-27.524659 42.778845 77.121960
46.940441 -0.213601 77.121960
22.118741 42.778845 77.121960
38.783037 -4.992641 83.066580
13.961337 37.999804 83.066580
-3.546276 -2.047444 78.272531
-28.367976 40.945002 78.272531
46.097124 -2.047444 78.272531
21.275424 40.945002 78.272531
-5.575823 -3.219203 79.681811
-30.397523 39.773243 79.681811
44.067577 -3.219203 79.681811
19.245877 39.773243 79.681811
42.908900 -3.888165 80.458504
18.087200 39.104280 80.458504
40.902811 -5.046382 81.904661
16.081111 37.946064 81.904661
-2.404726 -1.388369 77.478819
-27.226426 41.604076 77.478819
47.238674 -1.388369 77.478819
22.416974 41.604076 77.478819
39.777271 -5.696212 82.700644
14.955571 37.296233 82.700644
-4.663005 -1.301095 78.602725
-29.484705 41.691351 78.602725
44.980395 -1.301095 78.602725
20.158695 41.691351 78.602725
-4.715875 -0.379337 78.340045
-29.537575 42.613109 78.340045
44.927525 -0.379337 78.340045
20.105825 42.613109 78.340045
-5.700055 -1.872894 79.307365
-30.521755 41.119551 79.307365
43.943345 -1.872894 79.307365
19.121645 41.119551 79.307365
41.809796 -3.103983 80.792669
16.988096 39.888463 80.792669
40.808861 -3.717270 81.499011
15.987161 39.275175 81.499011
40.020399 -3.216623 81.720842
15.198699 39.775822 81.720842
42.779455 -1.128265 79.701101
17.957755 41.864180 79.701101
-6.904280 -0.186086 79.521821
-31.725980 42.806360 79.521821
42.739120 -0.186086 79.521821
17.917420 42.806360 79.521821
41.725154 -1.741122 80.329150
16.903454 41.251323 80.329150
40.910878 -1.250794 80.463610
16.089178 41.741652 80.463610
-0.000000 -1.845379 76.051951
-24.821700 41.147066 76.051951
49.643400 -1.845379 76.051951
24.821700 41.147066 76.051951
10.863713 34.933798 84.196727
-23.272081 29.556303 91.606227
26.371319 29.556303 91.606227
-22.206858 30.171310 93.453495
27.436542 30.171310 93.453495
9.607487 34.208516 85.464739
10.704730 34.842009 87.253004
-21.325191 30.680341 89.984760
28.318209 30.680341 89.984760
-22.069842 30.250416 89.557551
27.573558 30.250416 89.557551
-21.264874 30.715165 91.323122
28.378526 30.715165 91.323122
-20.186992 31.337480 91.935286
29.456408 31.337480 91.935286
-20.127420 31.371874 92.892961
29.515980 31.371874 92.892961
6.760686 32.564914 91.812739
6.822492 32.600598 92.769847
7.701057 33.107694 91.082569
8.434290 33.531170 91.534741
8.712044 33.691532 88.902270
9.444409 34.114362 89.356712
8.712789 33.691961 87.487884
7.608844 33.054598 86.909761
7.550389 33.020849 85.952086
-19.414417 31.783527 86.992593
30.228983 31.783527 86.992593
-19.472500 31.749993 86.034918
30.170900 31.749993 86.034918
-20.360868 31.237093 87.734111
29.282532 31.237093 87.734111
-21.101051 30.809748 87.297257
28.542349 30.809748 87.297257
-20.322891 31.259019 89.198990
29.320509 31.259019 89.198990
-19.234211 31.887569 89.841790
30.409189 31.887569 89.841790
-19.225648 31.892513 91.174479
30.417752 31.892513 91.174479
7.703787 33.109414 89.672722
6.644893 32.498061 89.015738
6.585321 32.463667 87.660923
-22.314088 30.109401 92.189455
27.329312 30.109401 92.189455
9.763864 34.298800 86.672612
26.358163 -2.234031 77.121960
1.536463 40.758415 77.121960
9.753935 36.083416 83.066580
28.367976 -2.047444 78.272531
3.546276 40.945002 78.272531
30.397523 -3.219203 79.681811
5.575823 39.773243 79.681811
31.556200 -3.888165 80.458504
6.734500 39.104280 80.458504
33.562289 -5.046382 81.904661
8.740589 37.946064 81.904661
27.226426 -1.388369 77.478819
2.404726 41.604076 77.478819
34.687829 -5.696212 82.700644
9.866129 37.296233 82.700644
28.279983 -3.387733 78.602725
3.458283 39.604712 78.602725
27.508153 -3.894399 78.340045
2.686453 39.098047 78.340045
29.293702 -3.999945 79.307365
4.472002 38.992500 79.307365
31.426630 -5.232109 80.792669
6.604930 37.760337 80.792669
32.458220 -5.792301 81.499011
7.636520 37.200145 81.499011
7.597178 36.266994 81.720842
29.230779 -5.380218 79.701101
4.409079 37.612228 79.701101
28.434995 -5.886239 79.521821
3.613295 37.106207 79.521821
30.288679 -5.986841 80.329150
5.466979 37.005604 80.329150
5.449480 36.055256 80.463610
12.410974 35.826966 77.819792
37.232550 -5.320029 75.239516
12.410850 37.672417 75.239516
-13.957987 22.389462 67.094740
35.685413 22.389462 67.094740
12.410974 35.826966 75.898768
-23.272081 27.766958 59.685240
26.371319 27.766958 59.685240
-22.206858 27.151951 57.837971
27.436542 27.151951 57.837971
-15.214213 23.114745 65.826728
34.429187 23.114745 65.826728
-14.116970 22.481251 64.038463
35.526430 22.481251 64.038463
-21.325191 26.642920 61.306706
28.318209 26.642920 61.306706
-22.069842 27.072845 61.733916
27.573558 27.072845 61.733916
-21.264874 26.608096 59.968344
28.378526 26.608096 59.968344
-20.186992 25.985781 59.356181
29.456408 25.985781 59.356181
-20.127420 25.951387 58.398506
29.515980 25.951387 58.398506
-18.061014 24.758346 59.478727
31.582386 24.758346 59.478727
-17.999208 24.722662 58.521620
31.644192 24.722662 58.521620
-17.120643 24.215567 60.208898
32.522757 24.215567 60.208898
-16.387410 23.792091 59.756725
33.255990 23.792091 59.756725
-16.109656 23.631729 62.389197
33.533744 23.631729 62.389197
-15.377291 23.208898 61.934755
34.266109 23.208898 61.934755
-16.108911 23.631299 63.803583
33.534489 23.631299 63.803583
-17.212856 24.268662 64.381705
32.430544 24.268662 64.381705
-17.271311 24.302411 65.339380
32.372089 24.302411 65.339380
-19.414417 25.539734 64.298873
30.228983 25.539734 64.298873
-19.472500 25.573268 65.256548
30.170900 25.573268 65.256548
-20.360868 26.086168 63.557356
29.282532 26.086168 63.557356
-21.101051 26.513513 63.994210
28.542349 26.513513 63.994210
-20.322891 26.064242 62.092476
29.320509 26.064242 62.092476
-19.234211 25.435692 61.449677
30.409189 25.435692 61.449677
-19.225648 25.430748 60.116988
30.417752 25.430748 60.116988
-17.117913 24.213847 61.618745
32.525487 24.213847 61.618745
-18.176807 24.825199 62.275728
31.466593 24.825199 62.275728
-18.236379 24.859593 63.630543
31.407021 24.859593 63.630543
-22.314088 27.213860 59.102011
27.329312 27.213860 59.102011
-15.057836 23.024461 64.618855
34.585564 23.024461 64.618855
38.769013 -4.931377 74.169507
13.947313 38.061069 74.169507
-2.656915 -0.256378 68.224887
-27.478615 42.736067 68.224887
46.986485 -0.256378 68.224887
22.164785 42.736067 68.224887
40.778826 -5.117964 73.018935
15.957126 37.874482 73.018935
42.808373 -3.946205 71.609655
17.986673 39.046241 71.609655
43.967050 -3.277242 70.832963
19.145350 39.715203 70.832963
-3.670261 -2.119026 69.386805
-28.491961 40.873420 69.386805
45.973139 -2.119026 69.386805
21.151439 40.873420 69.386805
39.637276 -5.777038 73.812648
14.815576 37.215407 73.812648
-2.544721 -1.469195 68.590823
-27.366421 41.523250 68.590823
47.098679 -1.469195 68.590823
22.276979 41.523250 68.590823
40.690833 -3.777675 72.688742
15.869133 39.214771 72.688742
39.919003 -3.271009 72.951421
15.097303 39.721437 72.951421
41.704552 -3.165462 71.984102
16.882852 39.826983 71.984102
-5.805920 -1.933299 70.498798
-30.627620 41.059147 70.498798
43.837480 -1.933299 70.498798
19.015780 41.059147 70.498798
-4.774330 -1.373107 69.792456
-29.596030 41.619338 69.792456
44.869070 -1.373107 69.792456
20.047370 41.619338 69.792456
-4.813672 -0.439956 69.570624
-29.635372 42.552490 69.570624
44.829728 -0.439956 69.570624
20.008028 42.552490 69.570624
41.641629 -1.785190 71.590366
16.819929 41.207256 71.590366
40.845845 -1.279169 71.769646
16.024145 41.713277 71.769646
42.699529 -1.178566 70.962317
17.877829 41.813879 70.962317
-6.961370 -0.228218 70.827857
-31.783070 42.764227 70.827857
42.682030 -0.228218 70.827857
17.860330 42.764227 70.827857
10.812705 34.904348 75.239516
-0.000000 -1.786479 67.094740
-24.821700 41.205966 67.094740
49.643400 -1.786479 67.094740
24.821700 41.205966 67.094740
-24.821700 30.450976 59.685240
24.821700 30.450976 59.685240
-24.821700 31.680990 57.837971
24.821700 31.680990 57.837971
0.000000 -3.237045 65.826728
-24.821700 39.755401 65.826728
49.643400 -3.237045 65.826728
24.821700 39.755401 65.826728
-0.000000 -1.970057 64.038463
-24.821700 41.022388 64.038463
49.643400 -1.970057 64.038463
24.821700 41.022388 64.038463
-24.821700 32.699051 61.306706
24.821700 32.699051 61.306706
-24.821700 31.839202 61.733916
24.821700 31.839202 61.733916
-24.821700 32.768699 59.968344
24.821700 32.768699 59.968344
-24.821700 34.013330 59.356181
24.821700 34.013330 59.356181
-24.821700 34.082118 58.398506
24.821700 34.082118 58.398506
-24.821700 36.468199 59.478727
24.821700 36.468199 59.478727
-0.000000 -6.452879 58.521620
-24.821700 36.539566 58.521620
49.643400 -6.452879 58.521620
24.821700 36.539566 58.521620
-0.000124 -5.438473 60.208898
-24.821824 37.553973 60.208898
49.643276 -5.438473 60.208898
24.821576 37.553973 60.208898
-0.000000 -4.591736 59.756725
-24.821700 38.400709 59.756725
49.643400 -4.591736 59.756725
24.821700 38.400709 59.756725
-0.000000 -4.271013 62.389197
-24.821700 38.721433 62.389197
49.643400 -4.271013 62.389197
24.821700 38.721433 62.389197
-0.000000 -3.425351 61.934755
-24.821700 39.567094 61.934755
49.643400 -3.425351 61.934755
24.821700 39.567094 61.934755
-0.000000 -4.270153 63.803583
-24.821700 38.722293 63.803583
49.643400 -4.270153 63.803583
24.821700 38.722293 63.803583
-0.000000 -5.544879 64.381705
-24.821700 37.447567 64.381705
49.643400 -5.544879 64.381705
24.821700 37.447567 64.381705
0.000000 -5.612377 65.339380
-24.821700 37.380068 65.339380
49.643400 -5.612377 65.339380
24.821700 37.380068 65.339380
-24.821700 34.905423 64.298873
24.821700 34.905423 64.298873
-24.821700 34.838355 65.256548
24.821700 34.838355 65.256548
-24.821700 33.812555 63.557356
24.821700 33.812555 63.557356
-24.821700 32.957865 63.994210
24.821700 32.957865 63.994210
-24.821700 33.856408 62.092476
24.821700 33.856408 62.092476
-24.821700 35.113507 61.449677
24.821700 35.113507 61.449677
-24.821700 35.123395 60.116988
24.821700 35.123395 60.116988
0.000000 -5.435248 61.618745
-24.821700 37.557197 61.618745
49.643400 -5.435248 61.618745
24.821700 37.557197 61.618745
-24.821700 36.334492 62.275728
24.821700 36.334492 62.275728
-24.821700 36.265704 63.630543
24.821700 36.265704 63.630543
-24.821700 31.557172 59.102011
24.821700 31.557172 59.102011
0.000000 -3.056476 64.618855
-24.821700 39.935969 64.618855
49.643400 -3.056476 64.618855
24.821700 39.935969 64.618855
9.707891 36.040639 74.169507
26.372187 -2.172767 68.224887
1.550487 40.819679 68.224887
33.686274 -5.117964 73.018935
8.864574 37.874482 73.018935
31.656727 -3.946205 71.609655
6.835027 39.046241 71.609655
30.498050 -3.277242 70.832963
5.676350 39.715203 70.832963
28.491961 -2.119026 69.386805
3.670261 40.873420 69.386805
34.827824 -5.777038 73.812648
10.006124 37.215407 73.812648
27.366421 -1.469195 68.590823
2.544721 41.523250 68.590823
32.569545 -5.864313 72.688742
7.747845 37.128133 72.688742
7.694975 36.206375 72.951421
31.532495 -5.292513 71.984102
6.710795 37.699932 71.984102
29.398946 -4.061425 70.498798
4.577246 38.931021 70.498798
28.398011 -3.448137 69.792456
3.576311 39.544308 69.792456
27.609549 -3.948784 69.570624
2.787849 39.043661 69.570624
30.368605 -6.037143 71.590366
5.546905 36.955303 71.590366
5.506570 36.013124 71.769646
29.314304 -5.424285 70.962317
4.492604 37.568160 70.962317
28.500028 -5.914614 70.827857
3.678328 37.077831 70.827857
14.008995 34.904348 75.239516
13.957987 22.389462 67.094740
23.272081 27.766958 59.685240
22.206858 27.151951 57.837971
15.214213 23.114745 65.826728
14.116970 22.481251 64.038463
21.325191 26.642920 61.306706
22.069842 27.072845 61.733916
21.264874 26.608096 59.968344
20.186992 25.985781 59.356181
20.127420 25.951387 58.398506
18.061014 24.758346 59.478727
17.999208 24.722662 58.521620
17.120768 24.215352 60.208898
16.387410 23.792091 59.756725
16.109656 23.631729 62.389197
15.377291 23.208898 61.934755
16.108911 23.631299 63.803583
17.212856 24.268662 64.381705
17.271311 24.302411 65.339380
19.414417 25.539734 64.298873
19.472500 25.573268 65.256548
20.360868 26.086168 63.557356
21.101051 26.513513 63.994210
20.322891 26.064242 62.092476
19.234211 25.435692 61.449677
19.225648 25.430748 60.116988
17.117913 24.213847 61.618745
18.176807 24.825199 62.275728
18.236379 24.859593 63.630543
22.314088 27.213860 59.102011
15.057836 23.024461 64.618855
13.577346 33.379406 74.169507
13.517277 23.925368 68.224887
12.410850 31.732151 73.018935
12.410850 29.388633 71.609655
12.410850 28.050708 70.832963
12.410850 25.734275 69.386805
12.410850 33.050299 73.812648
12.410850 24.434613 68.590823
13.615571 31.138210 72.688742
14.440272 31.553302 72.951421
13.638904 29.954198 71.984102
13.639524 27.490946 70.498798
13.608869 26.317467 69.792456
14.436673 25.884963 69.570624
14.865716 29.318555 71.590366
15.701835 29.754713 71.769646
14.862117 28.099074 70.962317
15.693892 27.639055 70.827857
11.244354 33.379406 74.169507
11.304423 23.925368 68.224887
11.206129 31.138210 72.688742
10.381428 31.553302 72.951421
11.182796 29.954198 71.984102
11.182176 27.490946 70.498798
11.212831 26.317467 69.792456
10.385027 25.884963 69.570624
9.955984 29.318555 71.590366
9.119865 29.754713 71.769646
9.959583 28.099074 70.962317
9.127808 27.639055 70.827857
15.113809 36.040639 74.169507
-1.550487 -2.172767 68.224887
-26.372187 40.819679 68.224887
48.092913 -2.172767 68.224887
23.271213 40.819679 68.224887
41.895555 -5.864313 72.688742
17.073855 37.128133 72.688742
17.126725 36.206375 72.951421
42.932605 -5.292513 71.984102
18.110905 37.699932 71.984102
-4.577246 -4.061425 70.498798
-29.398946 38.931021 70.498798
45.066154 -4.061425 70.498798
20.244454 38.931021 70.498798
-3.576311 -3.448137 69.792456
-28.398011 39.544308 69.792456
46.067089 -3.448137 69.792456
21.245389 39.544308 69.792456
-2.787849 -3.948784 69.570624
-27.609549 39.043661 69.570624
46.855551 -3.948784 69.570624
22.033851 39.043661 69.570624
44.096495 -6.037143 71.590366
19.274795 36.955303 71.590366
19.315130 36.013124 71.769646
45.150796 -5.424285 70.962317
20.329096 37.568160 70.962317
-3.678328 -5.914614 70.827857
-28.500028 37.077831 70.827857
45.965072 -5.914614 70.827857
21.143372 37.077831 70.827857
35.696087 -4.931377 74.169507
10.874387 38.061069 74.169507
27.478615 -0.256378 68.224887
2.656915 42.736067 68.224887
33.774267 -3.777675 72.688742
8.952567 39.214771 72.688742
34.546097 -3.271009 72.951421
9.724397 39.721437 72.951421
32.760548 -3.165462 71.984102
7.938848 39.826983 71.984102
30.627620 -1.933299 70.498798
5.805920 41.059147 70.498798
29.596030 -1.373107 69.792456
4.774330 41.619338 69.792456
29.635372 -0.439956 69.570624
4.813672 42.552490 69.570624
32.823471 -1.785190 71.590366
8.001771 41.207256 71.590366
33.619255 -1.279169 71.769646
8.797555 41.713277 71.769646
31.765571 -1.178566 70.962317
6.943871 41.813879 70.962317
31.783070 -0.228218 70.827857
6.961370 42.764227 70.827857
-1.536463 -2.234031 77.121960
-26.358163 40.758415 77.121960
48.106937 -2.234031 77.121960
23.285237 40.758415 77.121960
15.067765 36.083416 83.066580
-3.458283 -3.387733 78.602725
-28.279983 39.604712 78.602725
46.185117 -3.387733 78.602725
21.363417 39.604712 78.602725
-2.686453 -3.894399 78.340045
-27.508153 39.098047 78.340045
46.956947 -3.894399 78.340045
22.135247 39.098047 78.340045
-4.472002 -3.999945 79.307365
-29.293702 38.992500 79.307365
45.171398 -3.999945 79.307365
20.349698 38.992500 79.307365
43.038470 -5.232109 80.792669
18.216770 37.760337 80.792669
42.006880 -5.792301 81.499011
17.185180 37.200145 81.499011
17.224522 36.266994 81.720842
45.234321 -5.380218 79.701101
20.412621 37.612228 79.701101
-3.613295 -5.886239 79.521821
-28.434995 37.106207 79.521821
46.030105 -5.886239 79.521821
21.208405 37.106207 79.521821
44.176421 -5.986841 80.329150
19.354721 37.005604 80.329150
19.372220 36.055256 80.463610
27.524659 -0.213601 77.121960
2.702959 42.778845 77.121960
35.682063 -4.992641 83.066580
10.860363 37.999804 83.066580
29.484705 -1.301095 78.602725
4.663005 41.691351 78.602725
29.537575 -0.379337 78.340045
4.715875 42.613109 78.340045
30.521755 -1.872894 79.307365
5.700055 41.119551 79.307365
32.655304 -3.103983 80.792669
7.833604 39.888463 80.792669
33.656239 -3.717270 81.499011
8.834539 39.275175 81.499011
34.444701 -3.216623 81.720842
9.623001 39.775822 81.720842
31.685645 -1.128265 79.701101
6.863945 41.864180 79.701101
31.725980 -0.186086 79.521821
6.904280 42.806360 79.521821
32.739946 -1.741122 80.329150
7.918246 41.251323 80.329150
33.554222 -1.250794 80.463610
8.732522 41.741652 80.463610
11.244354 23.943854 77.121960
11.304423 33.397893 83.066580
11.206129 26.185051 78.602725
10.381428 25.769958 78.340045
11.182796 27.369062 79.307365
11.182176 29.832315 80.792669
11.212831 31.005793 81.499011
10.385027 31.438297 81.720842
9.955984 28.004706 79.701101
9.119865 27.568547 79.521821
9.959583 29.224187 80.329150
9.127808 29.684206 80.463610
24.821576 28.661702 92.383108
-23.223555 29.584320 94.963384
26.419845 29.584320 94.963384
26.368837 -0.893240 -10.360440
26.368837 -0.893240 103.108160
1.547137 42.099206 -10.360440
1.547137 42.099206 103.108160
24.821576 28.661702 94.304132
35.682931 -6.270735 -2.950940
35.682931 -6.270735 110.517660
10.861231 36.721711 -2.950940
10.861231 36.721711 110.517660
34.617708 -5.655728 -1.103671
34.617708 -5.655728 112.364929
9.796008 37.336718 -1.103671
9.796008 37.336718 112.364929
27.625063 -1.618522 -9.092428
27.625063 -1.618522 104.376172
2.803363 41.373923 -9.092428
2.803363 41.373923 104.376172
26.527820 -0.985029 -7.304163
26.527820 -0.985029 106.164437
1.706120 42.007417 -7.304163
1.706120 42.007417 106.164437
33.736041 -5.146697 -4.572406
33.736041 -5.146697 108.896194
8.914341 37.845748 -4.572406
8.914341 37.845748 108.896194
34.480692 -5.576622 -4.999616
34.480692 -5.576622 108.468984
9.658992 37.415824 -4.999616
9.658992 37.415824 108.468984
33.675724 -5.111873 -3.234044
33.675724 -5.111873 110.234556
8.854024 37.880572 -3.234044
8.854024 37.880572 110.234556
32.597842 -4.489558 -2.621881
32.597842 -4.489558 110.846719
7.776142 38.502888 -2.621881
7.776142 38.502888 110.846719
32.538270 -4.455164 -1.664206
32.538270 -4.455164 111.804394
7.716570 38.537282 -1.664206
7.716570 38.537282 111.804394
30.471864 -3.262123 -2.744427
30.471864 -3.262123 110.724173
5.650164 39.730322 -2.744427
5.650164 39.730322 110.724173
30.410058 -3.226440 -1.787320
30.410058 -3.226440 111.681280
5.588358 39.766006 -1.787320
5.588358 39.766006 111.681280
29.531618 -2.719129 -3.474598
29.531618 -2.719129 109.994002
4.709918 40.273317 -3.474598
4.709918 40.273317 109.994002
28.798260 -2.295868 -3.022425
28.798260 -2.295868 110.446175
3.976560 40.696577 -3.022425
3.976560 40.696577 110.446175
28.520506 -2.135506 -5.654897
28.520506 -2.135506 107.813703
3.698806 40.856939 -5.654897
3.698806 40.856939 107.813703
27.788141 -1.712676 -5.200455
27.788141 -1.712676 108.268145
2.966441 41.279770 -5.200455
2.966441 41.279770 108.268145
28.519761 -2.135076 -7.069283
28.519761 -2.135076 106.399317
3.698061 40.857369 -7.069283
3.698061 40.857369 106.399317
29.623706 -2.772440 -7.647405
29.623706 -2.772440 105.821195
4.802006 40.220006 -7.647405
4.802006 40.220006 105.821195
29.682161 -2.806189 -8.605080
29.682161 -2.806189 104.863520
4.860461 40.186257 -8.605080
4.860461 40.186257 104.863520
31.825267 -4.043511 -7.564573
31.825267 -4.043511 105.904027
7.003567 38.948934 -7.564573
7.003567 38.948934 105.904027
31.883350 -4.077045 -8.522248
31.883350 -4.077045 104.946352
7.061650 38.915400 -8.522248
7.061650 38.915400 104.946352
32.771718 -4.589945 -6.823056
32.771718 -4.589945 106.645544
7.950018 38.402500 -6.823056
7.950018 38.402500 106.645544
33.511901 -5.017290 -7.259910
33.511901 -5.017290 106.208690
8.690201 37.975155 -7.259910
8.690201 37.975155 106.208690
32.733741 -4.568019 -5.358176
32.733741 -4.568019 108.110424
7.912041 38.424427 -5.358176
7.912041 38.424427 108.110424
31.645061 -3.939469 -4.715377
31.645061 -3.939469 108.753223
6.823361 39.052976 -4.715377
6.823361 39.052976 108.753223
31.636498 -3.934525 -3.382688
31.636498 -3.934525 110.085912
6.814798 39.057920 -3.382688
6.814798 39.057920 110.085912
29.528763 -2.717624 -4.884445
29.528763 -2.717624 108.584155
4.707063 40.274821 -4.884445
4.707063 40.274821 108.584155
30.587657 -3.328977 -5.541428
30.587657 -3.328977 107.927172
5.765957 39.663469 -5.541428
5.765957 39.663469 107.927172
30.647229 -3.363371 -6.896243
30.647229 -3.363371 106.572357
5.825529 39.629075 -6.896243
5.825529 39.629075 106.572357
34.724938 -5.717637 -2.367711
34.724938 -5.717637 111.100889
9.903238 37.274809 -2.367711
9.903238 37.274809 111.100889
27.468686 -1.528238 -7.884555
27.468686 -1.528238 105.584045
2.646986 41.464207 -7.884555
2.646986 41.464207 105.584045
-23.655204 31.109262 96.033393
25.988196 31.109262 96.033393
1.106427 -2.429145 -11.490587
1.106427 -2.429145 101.978013
-23.715273 40.563301 -11.490587
-23.715273 40.563301 101.978013
50.749827 -2.429145 -11.490587
50.749827 -2.429145 101.978013
25.928127 40.563301 -11.490587
25.928127 40.563301 101.978013
-24.821700 32.756517 -16.284635
-24.821700 32.756517 97.183965
24.821700 32.756517 -16.284635
24.821700 32.756517 97.183965
-24.821700 35.100036 -14.875355
-24.821700 35.100036 98.593245
24.821700 35.100036 -14.875355
24.821700 35.100036 98.593245
-24.821700 36.437961 -14.098663
-24.821700 36.437961 99.369937
24.821700 36.437961 -14.098663
24.821700 36.437961 99.369937
-0.000000 -4.238052 -12.652505
-0.000000 -4.238052 100.816095
-24.821700 38.754394 -12.652505
-24.821700 38.754394 100.816095
49.643400 -4.238052 -12.652505
49.643400 -4.238052 100.816095
24.821700 38.754394 -12.652505
24.821700 38.754394 100.816095
-24.821700 31.438369 -17.078348
-24.821700 31.438369 96.390252
24.821700 31.438369 -17.078348
24.821700 31.438369 96.390252
-0.000000 -2.938390 -11.856523
0.000000 -2.938390 101.612077
-24.821700 40.054055 -11.856523
-24.821700 40.054055 101.612077
49.643400 -2.938390 -11.856523
49.643400 -2.938390 101.612077
24.821700 40.054055 -11.856523
24.821700 40.054055 101.612077
-23.616979 33.350458 -15.954442
-23.616979 33.350458 97.514158
26.026421 33.350458 -15.954442
26.026421 33.350458 97.514158
-22.792278 32.935366 -16.217121
-22.792278 32.935366 97.251479
26.851122 32.935366 -16.217121
26.851122 32.935366 97.251479
-23.593646 34.534470 -15.249802
-23.593646 34.534470 98.218798
26.049754 34.534470 -15.249802
26.049754 34.534470 98.218798
1.228674 -5.994723 -13.764498
1.228674 -5.994723 99.704102
-23.593026 36.997722 -13.764498
-23.593026 36.997722 99.704102
50.872074 -5.994723 -13.764498
50.872074 -5.994723 99.704102
26.050374 36.997722 -13.764498
26.050374 36.997722 99.704102
1.198019 -4.821244 -13.058156
1.198019 -4.821244 100.410444
-23.623681 38.171201 -13.058156
-23.623681 38.171201 100.410444
50.841419 -4.821244 -13.058156
50.841419 -4.821244 100.410444
26.019719 38.171201 -13.058156
26.019719 38.171201 100.410444
2.025823 -4.388740 -12.836324
2.025823 -4.388740 100.632276
-22.795877 38.603705 -12.836324
-22.795877 38.603705 100.632276
51.669223 -4.388740 -12.836324
51.669223 -4.388740 100.632276
26.847523 38.603705 -12.836324
26.847523 38.603705 100.632276
-22.366834 35.170113 -14.856066
-22.366834 35.170113 98.612534
27.276566 35.170113 -14.856066
27.276566 35.170113 98.612534
-21.530715 34.733955 -15.035346
-21.530715 34.733955 98.433254
28.112685 34.733955 -15.035346
28.112685 34.733955 98.433254
-22.370433 36.389594 -14.228017
-22.370433 36.389594 99.240583
27.272967 36.389594 -14.228017
27.272967 36.389594 99.240583
3.283042 -6.142832 -14.093557
3.283042 -6.142832 99.375043
-21.538658 36.849613 -14.093557
-21.538658 36.849613 99.375043
52.926442 -6.142832 -14.093557
52.926442 -6.142832 99.375043
28.104742 36.849613 -14.093557
28.104742 36.849613 99.375043
23.223555 29.584320 94.963384
12.410850 23.282702 -10.360440
12.410850 23.282702 103.108160
12.410850 34.037692 -2.950940
12.410850 34.037692 110.517660
12.410850 32.807678 -1.103671
12.410850 32.807678 112.364929
12.410850 24.733267 -9.092428
12.410850 24.733267 104.376172
12.410850 23.466280 -7.304163
12.410850 23.466280 106.164437
12.410850 31.789617 -4.572406
12.410850 31.789617 108.896194
12.410850 32.649466 -4.999616
12.410850 32.649466 108.468984
12.410850 31.719970 -3.234044
12.410850 31.719970 110.234556
12.410850 30.475338 -2.621881
12.410850 30.475338 110.846719
12.410850 30.406550 -1.664206
12.410850 30.406550 111.804394
12.410850 28.020470 -2.744427
12.410850 28.020470 110.724173
12.410850 27.949102 -1.787320
12.410850 27.949102 111.681280
12.410726 26.934695 -3.474598
12.410726 26.934695 109.994002
12.410850 26.087959 -3.022425
12.410850 26.087959 110.446175
12.410850 25.767236 -5.654897
12.410850 25.767236 107.813703
12.410850 24.921574 -5.200455
12.410850 24.921574 108.268145
12.410850 25.766376 -7.069283
12.410850 25.766376 106.399317
12.410850 27.041102 -7.647405
12.410850 27.041102 105.821195
12.410850 27.108600 -8.605080
12.410850 27.108600 104.863520
12.410850 29.583245 -7.564573
12.410850 29.583245 105.904027
12.410850 29.650313 -8.522248
12.410850 29.650313 104.946352
12.410850 30.676113 -6.823056
12.410850 30.676113 106.645544
12.410850 31.530803 -7.259910
12.410850 31.530803 106.208690
12.410850 30.632261 -5.358176
12.410850 30.632261 108.110424
12.410850 29.375162 -4.715377
12.410850 29.375162 108.753223
12.410850 29.365273 -3.382688
12.410850 29.365273 110.085912
12.410850 26.931471 -4.884445
12.410850 26.931471 108.584155
12.410850 28.154176 -5.541428
12.410850 28.154176 107.927172
12.410850 28.222964 -6.896243
12.410850 28.222964 106.572357
12.410850 32.931497 -2.367711
12.410850 32.931497 111.100889
12.410850 24.552699 -7.884555
12.410850 24.552699 105.584045
22.118741 28.448030 96.033393
13.961337 23.668989 -11.490587
13.961337 23.668989 101.978013
21.275424 26.614187 -16.284635
21.275424 26.614187 97.183965
19.245877 25.442428 -14.875355
19.245877 25.442428 98.593245
18.087200 24.773465 -14.098663
18.087200 24.773465 99.369937
16.081111 23.615249 -12.652505
16.081111 23.615249 100.816095
22.416974 27.273261 -17.078348
22.416974 27.273261 96.390252
14.955571 22.965418 -11.856523
14.955571 22.965418 101.612077
20.158695 27.360536 -15.954442
20.158695 27.360536 97.514158
20.105825 28.282294 -16.217121
20.105825 28.282294 97.251479
19.121645 26.788736 -15.249802
19.121645 26.788736 98.218798
16.988096 25.557647 -13.764498
16.988096 25.557647 99.704102
15.987161 24.944360 -13.058156
15.987161 24.944360 100.410444
15.198699 25.445007 -12.836324
15.198699 25.445007 100.632276
17.957755 27.533365 -14.856066
17.957755 27.533365 98.612534
17.917420 28.475545 -15.035346
17.917420 28.475545 98.433254
16.903454 26.920508 -14.228017
16.903454 26.920508 99.240583
16.089178 27.410837 -14.093557
16.089178 27.410837 99.375043
24.821700 26.816251 94.963384
-1.547137 -0.893240 -10.360440
-1.547137 -0.893240 103.108160
-26.368837 42.099206 -10.360440
-26.368837 42.099206 103.108160
48.096263 -0.893240 -10.360440
48.096263 -0.893240 103.108160
23.274563 42.099206 -10.360440
23.274563 42.099206 103.108160
38.782169 -6.270735 -2.950940
38.782169 -6.270735 110.517660
13.960469 36.721711 -2.950940
13.960469 36.721711 110.517660
39.847392 -5.655728 -1.103671
39.847392 -5.655728 112.364929
15.025692 37.336718 -1.103671
15.025692 37.336718 112.364929
-2.803363 -1.618522 -9.092428
-2.803363 -1.618522 104.376172
-27.625063 41.373923 -9.092428
-27.625063 41.373923 104.376172
46.840037 -1.618522 -9.092428
46.840037 -1.618522 104.376172
22.018337 41.373923 -9.092428
22.018337 41.373923 104.376172
-1.706120 -0.985029 -7.304163
-1.706120 -0.985029 106.164437
-26.527820 42.007417 -7.304163
-26.527820 42.007417 106.164437
47.937280 -0.985029 -7.304163
47.937280 -0.985029 106.164437
23.115580 42.007417 -7.304163
23.115580 42.007417 106.164437
40.729059 -5.146697 -4.572406
40.729059 -5.146697 108.896194
15.907359 37.845748 -4.572406
15.907359 37.845748 108.896194
39.984408 -5.576622 -4.999616
39.984408 -5.576622 108.468984
15.162708 37.415824 -4.999616
15.162708 37.415824 108.468984
40.789376 -5.111873 -3.234044
40.789376 -5.111873 110.234556
15.967676 37.880572 -3.234044
15.967676 37.880572 110.234556
41.867258 -4.489558 -2.621881
41.867258 -4.489558 110.846719
17.045558 38.502888 -2.621881
17.045558 38.502888 110.846719
41.926830 -4.455164 -1.664206
41.926830 -4.455164 111.804394
17.105130 38.537282 -1.664206
17.105130 38.537282 111.804394
43.993236 -3.262123 -2.744427
43.993236 -3.262123 110.724173
19.171536 39.730322 -2.744427
19.171536 39.730322 110.724173
-5.588358 -3.226440 -1.787320
-5.588358 -3.226440 111.681280
-30.410058 39.766006 -1.787320
-30.410058 39.766006 111.681280
44.055042 -3.226440 -1.787320
44.055042 -3.226440 111.681280
19.233342 39.766006 -1.787320
19.233342 39.766006 111.681280
-4.709793 -2.719344 -3.474598
-4.709793 -2.719344 109.994002
-29.531493 40.273102 -3.474598
-29.531493 40.273102 109.994002
44.933607 -2.719344 -3.474598
44.933607 -2.719344 109.994002
20.111907 40.273102 -3.474598
20.111907 40.273102 109.994002
-3.976560 -2.295868 -3.022425
-3.976560 -2.295868 110.446175
-28.798260 40.696577 -3.022425
-28.798260 40.696577 110.446175
45.666840 -2.295868 -3.022425
45.666840 -2.295868 110.446175
20.845140 40.696577 -3.022425
20.845140 40.696577 110.446175
-3.698806 -2.135506 -5.654897
-3.698806 -2.135506 107.813703
-28.520506 40.856939 -5.654897
-28.520506 40.856939 107.813703
45.944594 -2.135506 -5.654897
45.944594 -2.135506 107.813703
21.122894 40.856939 -5.654897
21.122894 40.856939 107.813703
-2.966441 -1.712676 -5.200455
-2.966441 -1.712676 108.268145
-27.788141 41.279770 -5.200455
-27.788141 41.279770 108.268145
46.676959 -1.712676 -5.200455
46.676959 -1.712676 108.268145
21.855259 41.279770 -5.200455
21.855259 41.279770 108.268145
-3.698061 -2.135076 -7.069283
-3.698061 -2.135076 106.399317
-28.519761 40.857369 -7.069283
-28.519761 40.857369 106.399317
45.945339 -2.135076 -7.069283
45.945339 -2.135076 106.399317
21.123639 40.857369 -7.069283
21.123639 40.857369 106.399317
-4.802006 -2.772440 -7.647405
-4.802006 -2.772440 105.821195
-29.623706 40.220006 -7.647405
-29.623706 40.220006 105.821195
44.841394 -2.772440 -7.647405
44.841394 -2.772440 105.821195
20.019694 40.220006 -7.647405
20.019694 40.220006 105.821195
-4.860461 -2.806189 -8.605080
-4.860461 -2.806189 104.863520
-29.682161 40.186257 -8.605080
-29.682161 40.186257 104.863520
44.782939 -2.806189 -8.605080
44.782939 -2.806189 104.863520
19.961239 40.186257 -8.605080
19.961239 40.186257 104.863520
42.639833 -4.043511 -7.564573
42.639833 -4.043511 105.904027
17.818133 38.948934 -7.564573
17.818133 38.948934 105.904027
42.581750 -4.077045 -8.522248
42.581750 -4.077045 104.946352
17.760050 38.915400 -8.522248
17.760050 38.915400 104.946352
41.693382 -4.589945 -6.823056
41.693382 -4.589945 106.645544
16.871682 38.402500 -6.823056
16.871682 38.402500 106.645544
40.953199 -5.017290 -7.259910
40.953199 -5.017290 106.208690
16.131499 37.975155 -7.259910
16.131499 37.975155 106.208690
41.731359 -4.568019 -5.358176
41.731359 -4.568019 108.110424
16.909659 38.424427 -5.358176
16.909659 38.424427 108.110424
42.820039 -3.939469 -4.715377
42.820039 -3.939469 108.753223
17.998339 39.052976 -4.715377
17.998339 39.052976 108.753223
42.828602 -3.934525 -3.382688
42.828602 -3.934525 110.085912
18.006902 39.057920 -3.382688
18.006902 39.057920 110.085912
-4.707063 -2.717624 -4.884445
-4.707063 -2.717624 108.584155
-29.528763 40.274821 -4.884445
-29.528763 40.274821 108.584155
44.936337 -2.717624 -4.884445
44.936337 -2.717624 108.584155
20.114637 40.274821 -4.884445
20.114637 40.274821 108.584155
43.877443 -3.328977 -5.541428
43.877443 -3.328977 107.927172
19.055743 39.663469 -5.541428
19.055743 39.663469 107.927172
43.817871 -3.363371 -6.896243
43.817871 -3.363371 106.572357
18.996171 39.629075 -6.896243
18.996171 39.629075 106.572357
39.740162 -5.717637 -2.367711
39.740162 -5.717637 111.100889
14.918462 37.274809 -2.367711
14.918462 37.274809 111.100889
-2.646986 -1.528238 -7.884555
-2.646986 -1.528238 105.584045
-27.468686 41.464207 -7.884555
-27.468686 41.464207 105.584045
46.996414 -1.528238 -7.884555
46.996414 -1.528238 105.584045
22.174714 41.464207 -7.884555
22.174714 41.464207 105.584045
26.358163 26.427600 96.033393
-15.067765 21.752601 -11.490587
-15.067765 21.752601 101.978013
34.575635 21.752601 -11.490587
34.575635 21.752601 101.978013
-21.275424 26.614187 -16.284635
-21.275424 26.614187 97.183965
28.367976 26.614187 -16.284635
28.367976 26.614187 97.183965
-19.245877 25.442428 -14.875355
-19.245877 25.442428 98.593245
30.397523 25.442428 -14.875355
30.397523 25.442428 98.593245
-18.087200 24.773465 -14.098663
-18.087200 24.773465 99.369937
31.556200 24.773465 -14.098663
31.556200 24.773465 99.369937
-16.081111 23.615249 -12.652505
-16.081111 23.615249 100.816095
33.562289 23.615249 -12.652505
33.562289 23.615249 100.816095
-22.416974 27.273261 -17.078348
-22.416974 27.273261 96.390252
27.226426 27.273261 -17.078348
27.226426 27.273261 96.390252
-14.955571 22.965418 -11.856523
-14.955571 22.965418 101.612077
34.687829 22.965418 -11.856523
34.687829 22.965418 101.612077
-21.363417 25.273897 -15.954442
-21.363417 25.273897 97.514158
28.279983 25.273897 -15.954442
28.279983 25.273897 97.514158
27.508153 24.767231 -16.217121
27.508153 24.767231 97.251479
-20.349698 24.661685 -15.249802
-20.349698 24.661685 98.218798
29.293702 24.661685 -15.249802
29.293702 24.661685 98.218798
-18.216770 23.429521 -13.764498
-18.216770 23.429521 99.704102
31.426630 23.429521 -13.764498
31.426630 23.429521 99.704102
-17.185180 22.869330 -13.058156
-17.185180 22.869330 100.410444
32.458220 22.869330 -13.058156
32.458220 22.869330 100.410444
-17.224522 21.936179 -12.836324
-17.224522 21.936179 100.632276
32.418878 21.936179 -12.836324
32.418878 21.936179 100.632276
-20.412621 23.281412 -14.856066
-20.412621 23.281412 98.612534
29.230779 23.281412 -14.856066
29.230779 23.281412 98.612534
28.434995 22.775391 -15.035346
28.434995 22.775391 98.433254
-19.354721 22.674789 -14.228017
-19.354721 22.674789 99.240583
30.288679 22.674789 -14.228017
30.288679 22.674789 99.240583
-19.372220 21.724441 -14.093557
-19.372220 21.724441 99.375043
30.271180 21.724441 -14.093557
30.271180 21.724441 99.375043
12.410850 23.341602 94.150949
23.274563 29.554870 86.006173
24.821576 28.661702 83.284061
24.821576 28.661702 85.307774
13.960469 34.932365 78.596673
15.025692 34.317358 76.749405
22.018337 30.280153 84.738161
23.115580 29.646659 82.949896
15.907359 33.808328 80.218140
15.162708 34.238252 80.645349
15.967676 33.773504 78.879778
17.045558 33.151188 78.267614
17.105130 33.116794 77.309939
19.171536 31.923754 78.390161
19.233342 31.888070 77.433053
20.111907 31.380974 79.120331
20.845140 30.957499 78.668159
21.122894 30.797137 81.300630
21.855259 30.374306 80.846188
21.123639 30.796707 82.715016
20.019694 31.434070 83.293139
19.961239 31.467819 84.250814
17.818133 32.705142 83.210307
17.760050 32.738676 84.167982
16.871682 33.251575 82.468789
16.131499 33.678920 82.905643
16.909659 33.229649 81.003910
17.998339 32.601100 80.361110
18.006902 32.596156 79.028421
20.114637 31.379254 80.530178
19.055743 31.990607 81.187162
18.996171 32.025001 82.541977
14.918462 34.379267 78.013445
22.174714 30.189868 83.530288
13.947313 23.730254 93.080940
22.164785 28.405252 87.136320
15.957126 23.543666 91.930369
17.986673 24.715425 90.521089
19.145350 25.384388 89.744396
21.151439 26.542604 88.298239
14.815576 22.884592 92.724081
22.276979 27.192435 87.502256
15.869133 24.883956 91.600175
15.097303 25.390622 91.862855
16.882852 25.496168 90.895535
19.015780 26.728332 89.410231
20.047370 27.288523 88.703889
20.008028 28.221674 88.482058
16.819929 26.876441 90.501799
16.024145 27.382462 90.681079
17.877829 27.483064 89.873750
17.860330 28.433412 89.739290
-1.598145 -0.922690 94.150949
-26.419845 42.069756 94.150949
48.045255 -0.922690 94.150949
23.223555 42.069756 94.150949
24.821700 26.875151 86.006173
37.232550 -5.376062 78.596673
12.410850 37.616384 78.596673
37.232550 -4.146048 76.749405
12.410850 38.846397 76.749405
24.821700 25.424586 84.738161
24.821700 26.691573 82.949896
37.232550 -3.127987 80.218140
12.410850 39.864459 80.218140
37.232550 -3.987836 80.645349
12.410850 39.004610 80.645349
37.232550 -3.058339 78.879778
12.410850 39.934106 78.879778
37.232550 -1.813708 78.267614
12.410850 41.178738 78.267614
37.232550 -1.744920 77.309939
12.410850 41.247525 77.309939
24.821700 22.137383 78.390161
24.821700 22.208751 77.433053
24.821576 23.223158 79.120331
24.821700 24.069894 78.668159
24.821700 24.390618 81.300630
24.821700 25.236279 80.846188
24.821700 24.391477 82.715016
24.821700 23.116751 83.293139
24.821700 23.049253 84.250814
37.232550 -0.921615 83.210307
12.410850 42.070831 83.210307
37.232550 -0.988683 84.167982
12.410850 42.003763 84.167982
37.232550 -2.014483 82.468789
12.410850 40.977963 82.468789
37.232550 -2.869173 82.905643
12.410850 40.123273 82.905643
37.232550 -1.970630 81.003910
12.410850 41.021815 81.003910
37.232550 -0.713531 80.361110
12.410850 42.278914 80.361110
37.232550 -0.703643 79.028421
12.410850 42.288803 79.028421
24.821700 23.226382 80.530178
24.821700 22.003677 81.187162
24.821700 21.934889 82.541977
37.232550 -4.269866 78.013445
12.410850 38.722579 78.013445
24.821700 25.605154 83.530288
-15.113809 21.709824 93.080940
34.529591 21.709824 93.080940
26.372187 26.488864 87.136320
-15.957126 23.543666 91.930369
33.686274 23.543666 91.930369
-17.986673 24.715425 90.521089
31.656727 24.715425 90.521089
-19.145350 25.384388 89.744396
30.498050 25.384388 89.744396
-21.151439 26.542604 88.298239
28.491961 26.542604 88.298239
-14.815576 22.884592 92.724081
34.827824 22.884592 92.724081
-22.276979 27.192435 87.502256
27.366421 27.192435 87.502256
-17.073855 22.797317 91.600175
32.569545 22.797317 91.600175
-17.126725 21.875559 91.862855
32.516675 21.875559 91.862855
-18.110905 23.369117 90.895535
31.532495 23.369117 90.895535
-20.244454 24.600206 89.410231
29.398946 24.600206 89.410231
-21.245389 25.213493 88.703889
28.398011 25.213493 88.703889
27.609549 24.712846 88.482058
-19.274795 22.624488 90.501799
30.368605 22.624488 90.501799
-19.315130 21.682308 90.681079
30.328270 21.682308 90.681079
-20.329096 23.237345 89.873750
29.314304 23.237345 89.873750
28.500028 22.747016 89.739290
26.419845 -0.922690 94.150949
1.598145 42.069756 94.150949
-23.274563 29.554870 86.006173
26.368837 29.554870 86.006173
10.861231 34.932365 78.596673
9.796008 34.317358 76.749405
-22.018337 30.280153 84.738161
27.625063 30.280153 84.738161
-23.115580 29.646659 82.949896
26.527820 29.646659 82.949896
8.914341 33.808328 80.218140
9.658992 34.238252 80.645349
8.854024 33.773504 78.879778
7.776142 33.151188 78.267614
7.716570 33.116794 77.309939
-19.171536 31.923754 78.390161
30.471864 31.923754 78.390161
-19.233342 31.888070 77.433053
30.410058 31.888070 77.433053
-20.111782 31.380759 79.120331
29.531618 31.380759 79.120331
-20.845140 30.957499 78.668159
28.798260 30.957499 78.668159
-21.122894 30.797137 81.300630
28.520506 30.797137 81.300630
-21.855259 30.374306 80.846188
27.788141 30.374306 80.846188
-21.123639 30.796707 82.715016
28.519761 30.796707 82.715016
-20.019694 31.434070 83.293139
29.623706 31.434070 83.293139
-19.961239 31.467819 84.250814
29.682161 31.467819 84.250814
7.003567 32.705142 83.210307
7.061650 32.738676 84.167982
7.950018 33.251575 82.468789
8.690201 33.678920 82.905643
7.912041 33.229649 81.003910
6.823361 32.601100 80.361110
6.814798 32.596156 79.028421
-20.114637 31.379254 80.530178
29.528763 31.379254 80.530178
-19.055743 31.990607 81.187162
30.587657 31.990607 81.187162
-18.996171 32.025001 82.541977
30.647229 32.025001 82.541977
9.903238 34.379267 78.013445
-22.174714 30.189868 83.530288
27.468686 30.189868 83.530288
1.166496 -2.447632 93.080940
-23.655204 40.544814 93.080940
50.809896 -2.447632 93.080940
25.988196 40.544814 93.080940
-23.715273 31.090775 87.136320
25.928127 31.090775 87.136320
0.000000 -4.094887 91.930369
-24.821700 38.897558 91.930369
49.643400 -4.094887 91.930369
24.821700 38.897558 91.930369
-0.000000 -6.438405 90.521089
-24.821700 36.554040 90.521089
49.643400 -6.438405 90.521089
24.821700 36.554040 90.521089
-24.821700 35.216115 89.744396
24.821700 35.216115 89.744396
-24.821700 32.899682 88.298239
24.821700 32.899682 88.298239
0.000000 -2.776739 92.724081
-24.821700 40.215707 92.724081
49.643400 -2.776739 92.724081
24.821700 40.215707 92.724081
-24.821700 31.600021 87.502256
24.821700 31.600021 87.502256
1.204721 -4.688828 91.600175
-23.616979 38.303618 91.600175
50.848121 -4.688828 91.600175
26.026421 38.303618 91.600175
2.029422 -4.273736 91.862855
-22.792278 38.718710 91.862855
51.672822 -4.273736 91.862855
26.851122 38.718710 91.862855
1.228054 -5.872840 90.895535
-23.593646 37.119606 90.895535
50.871454 -5.872840 90.895535
26.049754 37.119606 90.895535
-23.593026 34.656354 89.410231
26.050374 34.656354 89.410231
-23.623681 33.482875 88.703889
26.019719 33.482875 88.703889
-22.795877 33.050371 88.482058
26.847523 33.050371 88.482058
-22.366834 36.483963 90.501799
27.276566 36.483963 90.501799
3.290985 -6.072325 90.681079
-21.530715 36.920121 90.681079
52.934385 -6.072325 90.681079
28.112685 36.920121 90.681079
-22.370433 35.264482 89.873750
27.272967 35.264482 89.873750
-21.538658 34.804463 89.739290
28.104742 34.804463 89.739290
-1.166496 -2.447632 93.080940
-25.988196 40.544814 93.080940
48.476904 -2.447632 93.080940
23.655204 40.544814 93.080940
23.715273 31.090775 87.136320
-1.204721 -4.688828 91.600175
-26.026421 38.303618 91.600175
48.438679 -4.688828 91.600175
23.616979 38.303618 91.600175
-2.029422 -4.273736 91.862855
-26.851122 38.718710 91.862855
47.613978 -4.273736 91.862855
22.792278 38.718710 91.862855
-1.228054 -5.872840 90.895535
-26.049754 37.119606 90.895535
48.415346 -5.872840 90.895535
23.593646 37.119606 90.895535
-26.050374 34.656354 89.410231
23.593026 34.656354 89.410231
-26.019719 33.482875 88.703889
23.623681 33.482875 88.703889
22.795877 33.050371 88.482058
-27.276566 36.483963 90.501799
22.366834 36.483963 90.501799
-3.290985 -6.072325 90.681079
-28.112685 36.920121 90.681079
46.352415 -6.072325 90.681079
21.530715 36.920121 90.681079
-27.272967 35.264482 89.873750
22.370433 35.264482 89.873750
21.538658 34.804463 89.739290
15.113809 21.709824 93.080940
23.271213 26.488864 87.136320
17.073855 22.797317 91.600175
17.126725 21.875559 91.862855
18.110905 23.369117 90.895535
20.244454 24.600206 89.410231
21.245389 25.213493 88.703889
22.033851 24.712846 88.482058
19.274795 22.624488 90.501799
19.315130 21.682308 90.681079
20.329096 23.237345 89.873750
21.143372 22.747016 89.739290
-13.947313 23.730254 93.080940
35.696087 23.730254 93.080940
-22.164785 28.405252 87.136320
27.478615 28.405252 87.136320
-15.869133 24.883956 91.600175
33.774267 24.883956 91.600175
-15.097303 25.390622 91.862855
34.546097 25.390622 91.862855
-16.882852 25.496168 90.895535
32.760548 25.496168 90.895535
-19.015780 26.728332 89.410231
30.627620 26.728332 89.410231
-20.047370 27.288523 88.703889
29.596030 27.288523 88.703889
-20.008028 28.221674 88.482058
29.635372 28.221674 88.482058
-16.819929 26.876441 90.501799
32.823471 26.876441 90.501799
-16.024145 27.382462 90.681079
33.619255 27.382462 90.681079
-17.877829 27.483064 89.873750
31.765571 27.483064 89.873750
-17.860330 28.433412 89.739290
31.783070 28.433412 89.739290
23.285237 26.427600 96.033393
15.067765 21.752601 -11.490587
15.067765 21.752601 101.978013
21.363417 25.273897 -15.954442
21.363417 25.273897 97.514158
22.135247 24.767231 -16.217121
22.135247 24.767231 97.251479
20.349698 24.661685 -15.249802
20.349698 24.661685 98.218798
18.216770 23.429521 -13.764498
18.216770 23.429521 99.704102
17.185180 22.869330 -13.058156
17.185180 22.869330 100.410444
17.224522 21.936179 -12.836324
17.224522 21.936179 100.632276
20.412621 23.281412 -14.856066
20.412621 23.281412 98.612534
21.208405 22.775391 -15.035346
21.208405 22.775391 98.433254
19.354721 22.674789 -14.228017
19.354721 22.674789 99.240583
19.372220 21.724441 -14.093557
19.372220 21.724441 99.375043
-22.118741 28.448030 96.033393
27.524659 28.448030 96.033393
-13.961337 23.668989 -11.490587
-13.961337 23.668989 101.978013
35.682063 23.668989 -11.490587
35.682063 23.668989 101.978013
-20.158695 27.360536 -15.954442
-20.158695 27.360536 97.514158
29.484705 27.360536 -15.954442
29.484705 27.360536 97.514158
-20.105825 28.282294 -16.217121
-20.105825 28.282294 97.251479
29.537575 28.282294 -16.217121
29.537575 28.282294 97.251479
-19.121645 26.788736 -15.249802
-19.121645 26.788736 98.218798
30.521755 26.788736 -15.249802
30.521755 26.788736 98.218798
-16.988096 25.557647 -13.764498
-16.988096 25.557647 99.704102
32.655304 25.557647 -13.764498
32.655304 25.557647 99.704102
-15.987161 24.944360 -13.058156
-15.987161 24.944360 100.410444
33.656239 24.944360 -13.058156
33.656239 24.944360 100.410444
-15.198699 25.445007 -12.836324
-15.198699 25.445007 100.632276
34.444701 25.445007 -12.836324
34.444701 25.445007 100.632276
-17.957755 27.533365 -14.856066
-17.957755 27.533365 98.612534
31.685645 27.533365 -14.856066
31.685645 27.533365 98.612534
-17.917420 28.475545 -15.035346
-17.917420 28.475545 98.433254
31.725980 28.475545 -15.035346
31.725980 28.475545 98.433254
-16.903454 26.920508 -14.228017
-16.903454 26.920508 99.240583
32.739946 26.920508 -14.228017
32.739946 26.920508 99.240583
-16.089178 27.410837 -14.093557
-16.089178 27.410837 99.375043
33.554222 27.410837 -14.093557
33.554222 27.410837 99.375043
23.655204 31.109262 96.033393
-1.106427 -2.429145 -11.490587
-1.106427 -2.429145 101.978013
-25.928127 40.563301 -11.490587
-25.928127 40.563301 101.978013
48.536973 -2.429145 -11.490587
48.536973 -2.429145 101.978013
23.715273 40.563301 -11.490587
23.715273 40.563301 101.978013
-26.026421 33.350458 -15.954442
-26.026421 33.350458 97.514158
23.616979 33.350458 -15.954442
23.616979 33.350458 97.514158
22.792278 32.935366 -16.217121
22.792278 32.935366 97.251479
-26.049754 34.534470 -15.249802
-26.049754 34.534470 98.218798
23.593646 34.534470 -15.249802
23.593646 34.534470 98.218798
-1.228674 -5.994723 -13.764498
-1.228674 -5.994723 99.704102
-26.050374 36.997722 -13.764498
-26.050374 36.997722 99.704102
48.414726 -5.994723 -13.764498
48.414726 -5.994723 99.704102
23.593026 36.997722 -13.764498
23.593026 36.997722 99.704102
-1.198019 -4.821244 -13.058156
-1.198019 -4.821244 100.410444
-26.019719 38.171201 -13.058156
-26.019719 38.171201 100.410444
48.445381 -4.821244 -13.058156
48.445381 -4.821244 100.410444
23.623681 38.171201 -13.058156
23.623681 38.171201 100.410444
-2.025823 -4.388740 -12.836324
-2.025823 -4.388740 100.632276
-26.847523 38.603705 -12.836324
-26.847523 38.603705 100.632276
47.617577 -4.388740 -12.836324
47.617577 -4.388740 100.632276
22.795877 38.603705 -12.836324
22.795877 38.603705 100.632276
-27.276566 35.170113 -14.856066
-27.276566 35.170113 98.612534
22.366834 35.170113 -14.856066
22.366834 35.170113 98.612534
21.530715 34.733955 -15.035346
21.530715 34.733955 98.433254
-27.272967 36.389594 -14.228017
-27.272967 36.389594 99.240583
22.370433 36.389594 -14.228017
22.370433 36.389594 99.240583
-3.283042 -6.142832 -14.093557
-3.283042 -6.142832 99.375043
-28.104742 36.849613 -14.093557
-28.104742 36.849613 99.375043
46.360358 -6.142832 -14.093557
46.360358 -6.142832 99.375043
21.538658 36.849613 -14.093557
21.538658 36.849613 99.375043
LINES 24616 73848
2 0 9
2 0 1985
2 0 2076
2 0 2212
2 1 128
2 1 868
2 1 2668
2 1 4742
2 2 129
2 2 869
2 2 2669
2 2 4743
2 3 10
2 3 18
2 3 130
2 3 836
2 4 11
2 4 19
2 4 131
2 4 837
2 5 20
2 5 132
2 6 21
2 6 133
2 7 10
2 7 22
2 7 193
2 7 324
2 8 11
2 8 23
2 8 194
2 8 325
2 9 2664
2 9 2758
2 9 2818
2 10 186
2 10 304
2 11 187
2 11 305
2 12 120
2 12 928
2 13 121
2 13 929
2 14 122
2 14 930
2 15 123
2 15 931
2 16 120
2 16 1022
2 17 122
2 17 1023
2 18 124
2 19 125
2 20 126
2 21 127
2 22 124
2 23 125
2 24 126
2 25 127
2 26 30
2 26 34
2 26 96
2 27 31
2 27 35
2 27 97
2 28 32
2 28 36
2 28 98
2 29 33
2 29 37
2 29 99
2 34 38
2 34 120
2 35 39
2 35 121
2 36 40
2 36 122
2 37 41
2 37 123
2 38 42
2 38 104
2 39 105
2 40 43
2 40 106
2 41 107
2 44 48
2 44 52
2 44 104
2 45 49
2 45 53
2 45 105
2 46 50
2 46 54
2 46 106
2 47 51
2 47 55
2 47 107
2 52 56
2 52 108
2 53 57
2 53 109
2 54 58
2 54 110
2 55 59
2 55 111
2 60 64
2 60 68
2 60 108
2 61 65
2 61 69
2 61 109
2 62 66
2 62 70
2 62 110
2 63 67
2 63 71
2 63 111
2 68 72
2 68 124
2 69 73
2 69 125
2 70 74
2 70 126
2 71 75
2 71 127
2 72 76
2 72 116
2 73 77
2 73 117
2 74 78
2 74 118
2 75 79
2 75 119
2 80 84
2 80 88
2 80 116
2 81 85
2 81 89
2 81 117
2 82 86
2 82 90
2 82 118
2 83 87
2 83 91
2 83 119
2 88 92
2 88 96
2 89 93
2 89 97
2 90 94
2 90 98
2 91 95
2 91 99
2 96 100
2 97 101
2 98 102
2 99 103
2 100 104
2 100 112
2 101 105
2 101 113
2 102 106
2 102 114
2 103 107
2 103 115
2 108 112
2 109 113
2 110 114
2 111 115
2 112 116
2 113 117
2 114 118
2 115 119
2 128 146
2 129 147
2 130 148
2 131 149
2 132 150
2 133 151
2 134 146
2 134 152
2 134 898
2 135 147
2 135 153
2 135 899
2 136 156
2 136 902
2 136 5408
2 137 157
2 137 903
2 137 5409
2 138 158
2 138 904
2 138 5404
2 139 159
2 139 905
2 139 5405
2 140 160
2 140 906
2 140 5406
2 141 161
2 141 907
2 141 5407
2 142 148
2 142 162
2 142 908
2 143 149
2 143 163
2 143 909
2 144 150
2 144 164
2 144 910
2 145 151
2 145 165
2 145 911
2 146 892
2 147 893
2 148 894
2 149 895
2 150 896
2 151 897
2 152 154
2 152 156
2 153 155
2 153 157
2 156 170
2 157 171
2 158 162
2 158 174
2 159 163
2 159 175
2 160 164
2 160 176
2 161 165
2 161 177
2 162 166
2 163 167
2 164 168
2 165 169
2 170 172
2 170 5444
2 171 173
2 171 5445
2 174 178
2 174 5436
2 175 179
2 175 5437
2 176 180
2 176 5438
2 177 181
2 177 5439
2 182 246
2 182 892
2 182 2668
2 182 4295
2 183 247
2 183 893
2 183 2669
2 183 4296
2 184 248
2 184 4297
2 185 249
2 185 4298
2 186 191
2 186 250
2 186 870
2 187 192
2 187 251
2 187 871
2 188 242
2 188 1020
2 189 243
2 189 1021
2 190 242
2 190 1097
2 191 244
2 192 245
2 193 244
2 194 245
2 195 197
2 195 199
2 195 230
2 196 198
2 196 200
2 196 231
2 199 201
2 199 242
2 200 202
2 200 243
2 201 203
2 201 234
2 202 235
2 204 206
2 204 208
2 204 234
2 205 207
2 205 209
2 205 235
2 208 210
2 208 236
2 209 211
2 209 237
2 212 214
2 212 216
2 212 236
2 213 215
2 213 217
2 213 237
2 216 218
2 216 244
2 217 219
2 217 245
2 218 220
2 218 240
2 219 221
2 219 241
2 222 224
2 222 226
2 222 240
2 223 225
2 223 227
2 223 241
2 226 228
2 226 230
2 227 229
2 227 231
2 230 232
2 231 233
2 232 234
2 232 238
2 233 235
2 233 239
2 236 238
2 237 239
2 238 240
2 239 241
2 246 264
2 247 265
2 248 266
2 249 267
2 250 268
2 251 269
2 252 264
2 252 270
2 252 838
2 253 265
2 253 271
2 253 839
2 254 266
2 254 272
2 254 840
2 255 267
2 255 273
2 255 841
2 256 278
2 256 846
2 256 10989
2 257 279
2 257 847
2 257 10990
2 258 280
2 258 848
2 258 10991
2 259 281
2 259 849
2 259 10992
2 260 282
2 260 850
2 260 10987
2 261 283
2 261 851
2 261 10988
2 262 268
2 262 284
2 262 852
2 263 269
2 263 285
2 263 853
2 264 832
2 265 833
2 266 834
2 267 835
2 268 836
2 269 837
2 270 274
2 270 278
2 271 275
2 271 279
2 272 276
2 272 280
2 273 277
2 273 281
2 278 288
2 279 289
2 280 290
2 281 291
2 282 284
2 282 296
2 283 285
2 283 297
2 284 286
2 285 287
2 288 292
2 288 11025
2 289 293
2 289 11026
2 290 294
2 290 11027
2 291 295
2 291 11028
2 296 298
2 296 11021
2 297 299
2 297 11022
2 300 480
2 300 832
2 300 2668
2 300 4475
2 301 481
2 301 833
2 301 2669
2 301 4476
2 302 834
2 302 4477
2 303 835
2 303 4478
2 304 320
2 304 482
2 304 894
2 305 321
2 305 483
2 305 895
2 306 322
2 306 896
2 307 323
2 307 897
2 308 468
2 308 1089
2 309 469
2 309 1090
2 310 470
2 310 1091
2 311 471
2 311 1092
2 312 472
2 312 1093
2 313 473
2 313 1094
2 314 474
2 314 1095
2 315 475
2 315 1096
2 316 468
2 316 932
2 317 470
2 317 933
2 318 472
2 318 934
2 319 474
2 319 935
2 320 476
2 321 477
2 322 478
2 323 479
2 324 476
2 325 477
2 326 478
2 327 479
2 328 336
2 328 344
2 328 432
2 329 337
2 329 345
2 329 433
2 330 338
2 330 346
2 330 434
2 331 339
2 331 347
2 331 435
2 332 340
2 332 348
2 332 436
2 333 341
2 333 349
2 333 437
2 334 342
2 334 350
2 334 438
2 335 343
2 335 351
2 335 439
2 344 352
2 344 468
2 345 353
2 345 469
2 346 354
2 346 470
2 347 355
2 347 471
2 348 356
2 348 472
2 349 357
2 349 473
2 350 358
2 350 474
2 351 359
2 351 475
2 352 360
2 352 448
2 353 449
2 354 361
2 354 450
2 355 451
2 356 362
2 356 452
2 357 453
2 358 363
2 358 454
2 359 455
2 364 368
2 364 372
2 364 448
2 365 369
2 365 373
2 365 449
2 366 370
2 366 374
2 366 450
2 367 371
2 367 375
2 367 451
2 372 376
2 372 456
2 373 377
2 373 457
2 374 378
2 374 458
2 375 379
2 375 459
2 380 384
2 380 388
2 380 456
2 381 385
2 381 389
2 381 457
2 382 386
2 382 390
2 382 458
2 383 387
2 383 391
2 383 459
2 388 392
2 388 476
2 389 393
2 389 477
2 390 394
2 390 478
2 391 395
2 391 479
2 392 396
2 392 464
2 393 397
2 393 465
2 394 398
2 394 466
2 395 399
2 395 467
2 400 408
2 400 416
2 400 464
2 401 409
2 401 417
2 401 465
2 402 410
2 402 418
2 402 466
2 403 411
2 403 419
2 403 467
2 404 412
2 404 420
2 405 413
2 405 421
2 406 414
2 406 422
2 407 415
2 407 423
2 416 424
2 416 432
2 417 425
2 417 433
2 418 426
2 418 434
2 419 427
2 419 435
2 420 428
2 420 436
2 421 429
2 421 437
2 422 430
2 422 438
2 423 431
2 423 439
2 432 440
2 433 441
2 434 442
2 435 443
2 436 444
2 437 445
2 438 446
2 439 447
2 440 448
2 440 460
2 441 449
2 441 461
2 442 450
2 442 462
2 443 451
2 443 463
2 444 452
2 445 453
2 446 454
2 447 455
2 456 460
2 457 461
2 458 462
2 459 463
2 460 464
2 461 465
2 462 466
2 463 467
2 480 492
2 481 493
2 482 494
2 483 495
2 484 492
2 484 496
2 484 872
2 485 493
2 485 497
2 485 873
2 486 488
2 486 500
2 486 876
2 487 489
2 487 501
2 487 877
2 488 502
2 488 878
2 489 503
2 489 879
2 490 494
2 490 504
2 490 880
2 491 495
2 491 505
2 491 881
2 492 868
2 493 869
2 494 870
2 495 871
2 496 498
2 496 500
2 497 499
2 497 501
2 500 508
2 501 509
2 502 504
2 502 512
2 503 505
2 503 513
2 504 506
2 505 507
2 508 510
2 508 512
2 509 511
2 509 513
2 512 514
2 513 515
2 516 522
2 516 1200
2 516 1363
2 516 1518
2 517 523
2 517 1201
2 517 1364
2 517 1519
2 518 585
2 518 820
2 518 2939
2 518 3933
2 519 524
2 519 529
2 519 586
2 519 786
2 520 530
2 520 587
2 521 524
2 521 531
2 521 626
2 521 730
2 522 2931
2 522 3112
2 522 3328
2 523 2932
2 523 3113
2 523 3329
2 524 614
2 524 726
2 525 581
2 525 2278
2 526 582
2 526 2279
2 527 581
2 527 2461
2 528 582
2 528 2462
2 529 583
2 530 584
2 531 583
2 532 584
2 533 535
2 533 537
2 533 569
2 534 536
2 534 538
2 534 570
2 537 539
2 537 581
2 538 540
2 538 582
2 539 541
2 539 573
2 540 542
2 540 574
2 543 545
2 543 547
2 543 573
2 544 546
2 544 548
2 544 574
2 547 549
2 547 575
2 548 550
2 548 576
2 551 553
2 551 555
2 551 575
2 552 554
2 552 556
2 552 576
2 555 557
2 555 583
2 556 558
2 556 584
2 557 559
2 557 579
2 558 560
2 558 580
2 561 563
2 561 565
2 561 579
2 562 564
2 562 566
2 562 580
2 565 567
2 565 569
2 566 568
2 566 570
2 569 571
2 570 572
2 571 573
2 571 577
2 572 574
2 572 578
2 575 577
2 576 578
2 577 579
2 578 580
2 585 594
2 586 595
2 587 596
2 588 594
2 588 597
2 588 805
2 589 599
2 589 807
2 589 11237
2 590 600
2 590 808
2 590 11235
2 591 601
2 591 809
2 591 11236
2 592 595
2 592 602
2 592 810
2 593 596
2 593 603
2 593 811
2 594 802
2 595 803
2 596 804
2 597 598
2 597 599
2 599 606
2 600 602
2 600 608
2 601 603
2 601 609
2 602 604
2 603 605
2 606 607
2 606 11255
2 608 610
2 608 11251
2 609 611
2 609 11252
2 612 706
2 612 784
2 612 2939
2 612 4013
2 613 785
2 613 4014
2 614 624
2 614 707
2 614 803
2 615 625
2 615 804
2 616 700
2 616 2368
2 617 701
2 617 2369
2 618 702
2 618 2370
2 619 703
2 619 2371
2 620 700
2 620 2280
2 621 701
2 621 2281
2 622 702
2 622 2282
2 623 703
2 623 2283
2 624 704
2 625 705
2 626 704
2 627 705
2 628 632
2 628 636
2 628 682
2 629 633
2 629 637
2 629 683
2 630 634
2 630 638
2 630 684
2 631 635
2 631 639
2 631 685
2 636 640
2 636 700
2 637 641
2 637 701
2 638 642
2 638 702
2 639 643
2 639 703
2 640 644
2 640 690
2 641 645
2 641 691
2 642 646
2 642 692
2 643 647
2 643 693
2 648 650
2 648 652
2 648 690
2 649 651
2 649 653
2 649 692
2 652 654
2 652 694
2 653 655
2 653 695
2 656 658
2 656 660
2 656 694
2 657 659
2 657 661
2 657 695
2 660 662
2 660 704
2 661 663
2 661 705
2 662 664
2 662 698
2 663 665
2 663 699
2 666 670
2 666 674
2 666 698
2 667 671
2 667 675
2 668 672
2 668 676
2 668 699
2 669 673
2 669 677
2 674 678
2 674 682
2 675 679
2 675 683
2 676 680
2 676 684
2 677 681
2 677 685
2 682 686
2 683 687
2 684 688
2 685 689
2 686 690
2 686 696
2 687 691
2 688 692
2 688 697
2 689 693
2 694 696
2 695 697
2 696 698
2 697 699
2 706 712
2 707 713
2 708 712
2 708 714
2 708 822
2 709 710
2 709 716
2 709 824
2 710 717
2 710 825
2 711 713
2 711 718
2 711 826
2 712 820
2 713 821
2 714 715
2 714 716
2 716 720
2 717 718
2 717 722
2 718 719
2 720 721
2 720 722
2 722 723
2 724 757
2 724 802
2 724 2939
2 724 3851
2 725 758
2 725 3852
2 726 729
2 726 759
2 726 821
2 727 755
2 727 2460
2 728 755
2 728 2372
2 729 756
2 730 756
2 731 732
2 731 733
2 731 749
2 733 734
2 733 755
2 734 735
2 734 751
2 736 737
2 736 738
2 736 751
2 738 739
2 738 752
2 740 741
2 740 742
2 740 752
2 742 743
2 742 756
2 743 744
2 743 754
2 745 746
2 745 747
2 745 754
2 747 748
2 747 749
2 749 750
2 750 751
2 750 753
2 752 753
2 753 754
2 757 766
2 758 767
2 759 768
2 760 766
2 760 769
2 760 787
2 761 767
2 761 770
2 761 788
2 762 773
2 762 791
2 762 6033
2 763 774
2 763 792
2 763 6034
2 764 775
2 764 793
2 764 6032
2 765 768
2 765 776
2 765 794
2 766 784
2 767 785
2 768 786
2 769 771
2 769 773
2 770 772
2 770 774
2 773 778
2 774 779
2 775 776
2 775 782
2 776 777
2 778 780
2 778 6051
2 779 781
2 779 6052
2 782 783
2 782 6049
2 787 789
2 787 791
2 788 790
2 788 792
2 791 796
2 792 797
2 793 794
2 793 800
2 794 795
2 796 798
2 796 6069
2 797 799
2 797 6070
2 800 801
2 800 6067
2 805 806
2 805 807
2 807 814
2 808 810
2 808 816
2 809 811
2 809 817
2 810 812
2 811 813
2 814 815
2 814 11434
2 816 818
2 816 11430
2 817 819
2 817 11431
2 822 823
2 822 824
2 824 828
2 825 826
2 825 830
2 826 827
2 828 829
2 828 830
2 830 831
2 838 842
2 838 846
2 839 843
2 839 847
2 840 844
2 840 848
2 841 845
2 841 849
2 846 856
2 847 857
2 848 858
2 849 859
2 850 852
2 850 864
2 851 853
2 851 865
2 852 854
2 853 855
2 856 860
2 856 11476
2 857 861
2 857 11477
2 858 862
2 858 11478
2 859 863
2 859 11479
2 864 866
2 864 11472
2 865 867
2 865 11473
2 872 874
2 872 876
2 873 875
2 873 877
2 876 884
2 877 885
2 878 880
2 878 888
2 879 881
2 879 889
2 880 882
2 881 883
2 884 886
2 884 888
2 885 887
2 885 889
2 888 890
2 889 891
2 898 900
2 898 902
2 899 901
2 899 903
2 902 916
2 903 917
2 904 908
2 904 920
2 905 909
2 905 921
2 906 910
2 906 922
2 907 911
2 907 923
2 908 912
2 909 913
2 910 914
2 911 915
2 916 918
2 916 6195
2 917 919
2 917 6196
2 920 924
2 920 6187
2 921 925
2 921 6188
2 922 926
2 922 6189
2 923 927
2 923 6190
2 928 938
2 928 5458
2 928 11039
2 929 5459
2 929 11040
2 930 939
2 930 5460
2 930 11041
2 931 5461
2 931 11042
2 932 971
2 932 1100
2 932 7180
2 933 972
2 933 1101
2 933 7181
2 934 973
2 934 1102
2 934 7182
2 935 974
2 935 1103
2 935 7183
2 936 940
2 936 943
2 936 975
2 936 1910
2 937 940
2 937 944
2 937 1031
2 937 1108
2 938 1022
2 938 6355
2 938 11544
2 939 1023
2 939 6356
2 939 11545
2 940 1024
2 940 1098
2 941 969
2 941 1976
2 942 969
2 942 2063
2 943 970
2 944 970
2 945 946
2 945 947
2 945 963
2 947 948
2 947 969
2 948 949
2 948 965
2 950 951
2 950 952
2 950 965
2 952 953
2 952 966
2 954 955
2 954 956
2 954 966
2 956 957
2 956 970
2 957 958
2 957 968
2 959 960
2 959 961
2 959 968
2 961 962
2 961 963
2 963 964
2 964 965
2 964 967
2 966 967
2 967 968
2 971 988
2 972 989
2 973 990
2 974 991
2 975 992
2 976 988
2 976 994
2 976 1948
2 977 989
2 977 995
2 977 1949
2 978 990
2 978 996
2 978 1950
2 979 991
2 979 997
2 979 1951
2 980 984
2 980 1002
2 980 1956
2 981 1003
2 981 1957
2 982 985
2 982 1004
2 982 1958
2 983 1005
2 983 1959
2 984 1006
2 984 1960
2 985 1007
2 985 1961
2 986 992
2 986 1008
2 986 1962
2 987 993
2 987 1009
2 987 1963
2 988 1942
2 989 1943
2 990 1944
2 991 1945
2 992 1946
2 993 1947
2 994 998
2 994 1002
2 995 999
2 995 1003
2 996 1000
2 996 1004
2 997 1001
2 997 1005
2 1002 1011
2 1004 1012
2 1006 1008
2 1006 1017
2 1007 1009
2 1007 1018
2 1008 1010
2 1011 1013
2 1011 1017
2 1012 1015
2 1012 1018
2 1017 1019
2 1020 1025
2 1020 5336
2 1020 16164
2 1021 5337
2 1021 16165
2 1022 6315
2 1022 12499
2 1023 6316
2 1023 12500
2 1024 1030
2 1024 1072
2 1024 1923
2 1025 1097
2 1025 6267
2 1025 16670
2 1026 1068
2 1026 1976
2 1027 1069
2 1028 1068
2 1028 2207
2 1029 1069
2 1029 2208
2 1030 1070
2 1031 1070
2 1032 1034
2 1032 1036
2 1032 1059
2 1033 1035
2 1033 1037
2 1033 1060
2 1036 1038
2 1036 1068
2 1037 1039
2 1037 1069
2 1038 1040
2 1038 1063
2 1039 1041
2 1039 1064
2 1042 1043
2 1042 1044
2 1042 6305
2 1044 1045
2 1044 1065
2 1046 1047
2 1046 1048
2 1046 1065
2 1048 1049
2 1048 1070
2 1049 1050
2 1049 1067
2 1051 1053
2 1051 1055
2 1051 6310
2 1052 1054
2 1052 1056
2 1052 6311
2 1055 1057
2 1055 1059
2 1056 1058
2 1056 1060
2 1059 1061
2 1060 1062
2 1061 1063
2 1061 6308
2 1062 1064
2 1062 6309
2 1063 6281
2 1064 6282
2 1065 1066
2 1066 1067
2 1066 6304
2 1067 6299
2 1071 1077
2 1071 6267
2 1072 1078
2 1073 1077
2 1073 1079
2 1073 1911
2 1074 1075
2 1074 1081
2 1074 1913
2 1075 1082
2 1075 1914
2 1076 1078
2 1076 1083
2 1076 1915
2 1077 1909
2 1078 1910
2 1079 1080
2 1079 1081
2 1081 1085
2 1082 1083
2 1082 1087
2 1083 1084
2 1085 1086
2 1085 1087
2 1087 1088
2 1089 1100
2 1089 10571
2 1089 15934
2 1090 10572
2 1090 15935
2 1091 1101
2 1091 10573
2 1091 15936
2 1092 10574
2 1092 15937
2 1093 1102
2 1093 10575
2 1093 15938
2 1094 10576
2 1094 15939
2 1095 1103
2 1095 10577
2 1095 15940
2 1096 10578
2 1096 15941
2 1097 1909
2 1097 11729
2 1098 1106
2 1098 1151
2 1098 1946
2 1099 1107
2 1099 1152
2 1099 1947
2 1100 11605
2 1100 16823
2 1101 11606
2 1101 16824
2 1102 11607
2 1102 16825
2 1103 11608
2 1103 16826
2 1104 1146
2 1104 1976
2 1105 1146
2 1105 1977
2 1106 1147
2 1107 1148
2 1108 1147
2 1109 1148
2 1110 1111
2 1110 1112
2 1110 1137
2 1112 1113
2 1112 1146
2 1113 1114
2 1113 1139
2 1115 1117
2 1115 1119
2 1115 11721
2 1116 1118
2 1116 1120
2 1116 11722
2 1119 1121
2 1119 1140
2 1120 1122
2 1120 1141
2 1123 1125
2 1123 1127
2 1123 1140
2 1124 1126
2 1124 1128
2 1124 1141
2 1127 1129
2 1127 1147
2 1128 1130
2 1128 1148
2 1129 1131
2 1129 1144
2 1130 1132
2 1130 1145
2 1133 1134
2 1133 1135
2 1133 11725
2 1135 1136
2 1135 1137
2 1137 1138
2 1138 1139
2 1138 11724
2 1139 11700
2 1140 1142
2 1141 1143
2 1142 1144
2 1142 11719
2 1143 1145
2 1143 11720
2 1144 11709
2 1145 11710
2 1149 1161
2 1149 11681
2 1150 1162
2 1150 11682
2 1151 1163
2 1152 1164
2 1153 1161
2 1153 1165
2 1153 1924
2 1154 1162
2 1154 1166
2 1154 1925
2 1155 1157
2 1155 1169
2 1155 1928
2 1156 1158
2 1156 1170
2 1156 1929
2 1157 1171
2 1157 1930
2 1158 1172
2 1158 1931
2 1159 1163
2 1159 1173
2 1159 1932
2 1160 1164
2 1160 1174
2 1160 1933
2 1161 1921
2 1162 1922
2 1163 1923
2 1165 1167
2 1165 1169
2 1166 1168
2 1166 1170
2 1169 1177
2 1170 1178
2 1171 1173
2 1171 1181
2 1172 1174
2 1172 1182
2 1173 1175
2 1174 1176
2 1177 1179
2 1177 1181
2 1178 1180
2 1178 1182
2 1181 1183
2 1182 1184
2 1185 1195
2 1185 2289
2 1185 2379
2 1185 2465
2 1186 1195
2 1186 1320
2 1186 1868
2 1186 2380
2 1187 1196
2 1187 1208
2 1187 6540
2 1187 12382
2 1188 1197
2 1188 1209
2 1188 6541
2 1188 12383
2 1189 1198
2 1189 1210
2 1189 6542
2 1189 12384
2 1190 1199
2 1190 1211
2 1190 6543
2 1190 12385
2 1191 1196
2 1191 1212
2 1191 6622
2 1191 12224
2 1192 1197
2 1192 1213
2 1192 6623
2 1192 12225
2 1193 1198
2 1193 1214
2 1193 6624
2 1193 12226
2 1194 1199
2 1194 1215
2 1194 6625
2 1194 12227
2 1195 1355
2 1195 1493
2 1196 6610
2 1196 12208
2 1197 6611
2 1197 12209
2 1198 6612
2 1198 12210
2 1199 6613
2 1199 12211
2 1200 1312
2 1201 1313
2 1202 1314
2 1203 1315
2 1204 1312
2 1204 3328
2 1205 1313
2 1205 3329
2 1206 1314
2 1206 3330
2 1207 1315
2 1207 3331
2 1208 1316
2 1209 1317
2 1210 1318
2 1211 1319
2 1212 1316
2 1213 1317
2 1214 1318
2 1215 1319
2 1216 1220
2 1216 1224
2 1216 1288
2 1217 1221
2 1217 1225
2 1217 1289
2 1218 1222
2 1218 1226
2 1218 1290
2 1219 1223
2 1219 1227
2 1219 1291
2 1224 1228
2 1224 1312
2 1225 1229
2 1225 1313
2 1226 1230
2 1226 1314
2 1227 1231
2 1227 1315
2 1228 1232
2 1228 1296
2 1229 1233
2 1229 1297
2 1230 1234
2 1230 1298
2 1231 1235
2 1231 1299
2 1236 1240
2 1236 1244
2 1236 1296
2 1237 1241
2 1237 1245
2 1237 1297
2 1238 1242
2 1238 1246
2 1238 1298
2 1239 1243
2 1239 1247
2 1239 1299
2 1244 1248
2 1244 1300
2 1245 1249
2 1245 1301
2 1246 1250
2 1246 1302
2 1247 1251
2 1247 1303
2 1252 1256
2 1252 1260
2 1252 1300
2 1253 1257
2 1253 1261
2 1253 1301
2 1254 1258
2 1254 1262
2 1254 1302
2 1255 1259
2 1255 1263
2 1255 1303
2 1260 1264
2 1260 1316
2 1261 1265
2 1261 1317
2 1262 1266
2 1262 1318
2 1263 1267
2 1263 1319
2 1264 1268
2 1264 1308
2 1265 1269
2 1265 1309
2 1266 1270
2 1266 1310
2 1267 1271
2 1267 1311
2 1272 1276
2 1272 1280
2 1272 1308
2 1273 1277
2 1273 1281
2 1273 1309
2 1274 1278
2 1274 1282
2 1274 1310
2 1275 1279
2 1275 1283
2 1275 1311
2 1280 1284
2 1280 1288
2 1281 1285
2 1281 1289
2 1282 1286
2 1282 1290
2 1283 1287
2 1283 1291
2 1288 1292
2 1289 1293
2 1290 1294
2 1291 1295
2 1292 1296
2 1292 1304
2 1293 1297
2 1293 1305
2 1294 1298
2 1294 1306
2 1295 1299
2 1295 1307
2 1300 1304
2 1301 1305
2 1302 1306
2 1303 1307
2 1304 1308
2 1305 1309
2 1306 1310
2 1307 1311
2 1320 1331
2 1321 1333
2 1321 6475
2 1322 1334
2 1322 6476
2 1323 1331
2 1323 1335
2 1323 1848
2 1324 1332
2 1324 1336
2 1324 1849
2 1325 1327
2 1325 1339
2 1325 1852
2 1326 1328
2 1326 1340
2 1326 1853
2 1327 1341
2 1327 1854
2 1328 1342
2 1328 1855
2 1329 1333
2 1329 1343
2 1329 1856
2 1330 1334
2 1330 1344
2 1330 1857
2 1331 1845
2 1333 1846
2 1334 1847
2 1335 1337
2 1335 1339
2 1336 1338
2 1336 1340
2 1339 1347
2 1340 1348
2 1341 1343
2 1341 1351
2 1342 1344
2 1342 1352
2 1343 1345
2 1344 1346
2 1347 1349
2 1347 1351
2 1348 1350
2 1348 1352
2 1351 1353
2 1352 1354
2 1355 1423
2 1355 1779
2 1355 2467
2 1356 1424
2 1356 1780
2 1356 2468
2 1357 1361
2 1357 1367
2 1357 1846
2 1357 12173
2 1358 1362
2 1358 1368
2 1358 1847
2 1358 12174
2 1359 1361
2 1359 1369
2 1359 6484
2 1359 17383
2 1360 1362
2 1360 1370
2 1360 6485
2 1360 17384
2 1361 6475
2 1361 17375
2 1362 6476
2 1362 17376
2 1363 1419
2 1364 1420
2 1365 1419
2 1365 2931
2 1366 1420
2 1366 2932
2 1367 1421
2 1368 1422
2 1369 1421
2 1370 1422
2 1371 1373
2 1371 1375
2 1371 1407
2 1372 1374
2 1372 1376
2 1372 1408
2 1375 1377
2 1375 1419
2 1376 1378
2 1376 1420
2 1377 1379
2 1377 1411
2 1378 1380
2 1378 1412
2 1381 1383
2 1381 1385
2 1381 1411
2 1382 1384
2 1382 1386
2 1382 1412
2 1385 1387
2 1385 1413
2 1386 1388
2 1386 1414
2 1389 1391
2 1389 1393
2 1389 1413
2 1390 1392
2 1390 1394
2 1390 1414
2 1393 1395
2 1393 1421
2 1394 1396
2 1394 1422
2 1395 1397
2 1395 1417
2 1396 1398
2 1396 1418
2 1399 1401
2 1399 1403
2 1399 1417
2 1400 1402
2 1400 1404
2 1400 1418
2 1403 1405
2 1403 1407
2 1404 1406
2 1404 1408
2 1407 1409
2 1408 1410
2 1409 1411
2 1409 1415
2 1410 1412
2 1410 1416
2 1413 1415
2 1414 1416
2 1415 1417
2 1416 1418
2 1423 1445
2 1424 1447
2 1425 1449
2 1425 12048
2 1426 1450
2 1426 12049
2 1427 1451
2 1427 12050
2 1428 1452
2 1428 12051
2 1429 1445
2 1429 1453
2 1429 1873
2 1430 1446
2 1430 1454
2 1430 1874
2 1431 1447
2 1431 1455
2 1431 1875
2 1432 1448
2 1432 1456
2 1432 1876
2 1433 1437
2 1433 1461
2 1433 1879
2 1434 1438
2 1434 1462
2 1434 1880
2 1435 1439
2 1435 1463
2 1435 1881
2 1436 1440
2 1436 1464
2 1436 1882
2 1437 1465
2 1437 1883
2 1438 1466
2 1438 1884
2 1439 1467
2 1439 1885
2 1440 1468
2 1440 1886
2 1441 1449
2 1441 1469
2 1441 1887
2 1442 1450
2 1442 1470
2 1442 1888
2 1443 1451
2 1443 1471
2 1443 1889
2 1444 1452
2 1444 1472
2 1444 1890
2 1445 1868
2 1449 1869
2 1450 1870
2 1451 1871
2 1452 1872
2 1453 1457
2 1453 1461
2 1454 1458
2 1454 1462
2 1455 1459
2 1455 1463
2 1456 1460
2 1456 1464
2 1461 1477
2 1462 1478
2 1463 1479
2 1464 1480
2 1465 1469
2 1465 1485
2 1466 1470
2 1466 1486
2 1467 1471
2 1467 1487
2 1468 1472
2 1468 1488
2 1469 1473
2 1470 1474
2 1471 1475
2 1472 1476
2 1477 1481
2 1477 1485
2 1478 1482
2 1478 1486
2 1479 1483
2 1479 1487
2 1480 1484
2 1480 1488
2 1485 1489
2 1486 1490
2 1487 1491
2 1488 1492
2 1493 1686
2 1493 1845
2 1493 2290
2 1494 1510
2 1494 1526
2 1494 1687
2 1494 7079
2 1495 1511
2 1495 1527
2 1495 1688
2 1495 7080
2 1496 1512
2 1496 1528
2 1496 1689
2 1496 7081
2 1497 1513
2 1497 1529
2 1497 1690
2 1497 7082
2 1498 1514
2 1498 1530
2 1498 1691
2 1498 7083
2 1499 1515
2 1499 1531
2 1499 1692
2 1499 7084
2 1500 1516
2 1500 1532
2 1500 1693
2 1500 7085
2 1501 1517
2 1501 1533
2 1501 1694
2 1501 7086
2 1502 1510
2 1502 1534
2 1502 11782
2 1502 17157
2 1503 1511
2 1503 1535
2 1503 11783
2 1503 17158
2 1504 1512
2 1504 1536
2 1504 11784
2 1504 17159
2 1505 1513
2 1505 1537
2 1505 11785
2 1505 17160
2 1506 1514
2 1506 1538
2 1506 11786
2 1506 17161
2 1507 1515
2 1507 1539
2 1507 11787
2 1507 17162
2 1508 1516
2 1508 1540
2 1508 11788
2 1508 17163
2 1509 1517
2 1509 1541
2 1509 11789
2 1509 17164
2 1510 11749
2 1510 17133
2 1511 11750
2 1511 17134
2 1512 11751
2 1512 17135
2 1513 11752
2 1513 17136
2 1514 11753
2 1514 17137
2 1515 11754
2 1515 17138
2 1516 11755
2 1516 17139
2 1517 11756
2 1517 17140
2 1518 1674
2 1519 1675
2 1520 1676
2 1521 1677
2 1522 1674
2 1522 3112
2 1523 1675
2 1523 3113
2 1524 1676
2 1524 3114
2 1525 1677
2 1525 3115
2 1526 1678
2 1527 1679
2 1528 1680
2 1529 1681
2 1530 1682
2 1531 1683
2 1532 1684
2 1533 1685
2 1534 1678
2 1535 1679
2 1536 1680
2 1537 1681
2 1538 1682
2 1539 1683
2 1540 1684
2 1541 1685
2 1542 1546
2 1542 1550
2 1542 1646
2 1543 1547
2 1543 1551
2 1543 1647
2 1544 1548
2 1544 1552
2 1544 1648
2 1545 1549
2 1545 1553
2 1545 1649
2 1550 1554
2 1550 1674
2 1551 1555
2 1551 1675
2 1552 1556
2 1552 1676
2 1553 1557
2 1553 1677
2 1554 1558
2 1554 1654
2 1555 1559
2 1555 1655
2 1556 1560
2 1556 1656
2 1557 1561
2 1557 1657
2 1562 1566
2 1562 1574
2 1562 1654
2 1563 1567
2 1563 1575
2 1563 1655
2 1564 1568
2 1564 1576
2 1564 1656
2 1565 1569
2 1565 1577
2 1565 1657
2 1574 1582
2 1574 1658
2 1575 1583
2 1575 1659
2 1576 1584
2 1576 1660
2 1577 1585
2 1577 1661
2 1578 1586
2 1578 1662
2 1579 1587
2 1579 1663
2 1580 1588
2 1580 1664
2 1581 1589
2 1581 1665
2 1590 1598
2 1590 1606
2 1590 1658
2 1591 1599
2 1591 1607
2 1591 1659
2 1592 1600
2 1592 1608
2 1592 1660
2 1593 1601
2 1593 1609
2 1593 1661
2 1594 1602
2 1594 1610
2 1594 1662
2 1595 1603
2 1595 1611
2 1595 1663
2 1596 1604
2 1596 1612
2 1596 1664
2 1597 1605
2 1597 1613
2 1597 1665
2 1606 1614
2 1606 1678
2 1607 1615
2 1607 1679
2 1608 1616
2 1608 1680
2 1609 1617
2 1609 1681
2 1610 1618
2 1610 1682
2 1611 1619
2 1611 1683
2 1612 1620
2 1612 1684
2 1613 1621
2 1613 1685
2 1614 1622
2 1614 1670
2 1615 1623
2 1615 1671
2 1616 1624
2 1616 1672
2 1617 1625
2 1617 1673
2 1618 1626
2 1619 1627
2 1620 1628
2 1621 1629
2 1630 1634
2 1630 1638
2 1630 1670
2 1631 1635
2 1631 1639
2 1631 1671
2 1632 1636
2 1632 1640
2 1632 1672
2 1633 1637
2 1633 1641
2 1633 1673
2 1638 1642
2 1638 1646
2 1639 1643
2 1639 1647
2 1640 1644
2 1640 1648
2 1641 1645
2 1641 1649
2 1646 1650
2 1647 1651
2 1648 1652
2 1649 1653
2 1650 1654
2 1650 1666
2 1651 1655
2 1651 1667
2 1652 1656
2 1652 1668
2 1653 1657
2 1653 1669
2 1658 1666
2 1659 1667
2 1660 1668
2 1661 1669
2 1666 1670
2 1667 1671
2 1668 1672
2 1669 1673
2 1686 1715
2 1687 1719
2 1688 1720
2 1689 1721
2 1690 1722
2 1691 1723
2 1692 1724
2 1693 1725
2 1694 1726
2 1695 1715
2 1695 1727
2 1695 1789
2 1696 1716
2 1696 1728
2 1696 1790
2 1697 1717
2 1697 1729
2 1697 1791
2 1698 1718
2 1698 1730
2 1698 1792
2 1699 1703
2 1699 1733
2 1699 1797
2 1700 1704
2 1700 1734
2 1700 1798
2 1701 1705
2 1701 1735
2 1701 1799
2 1702 1706
2 1702 1736
2 1702 1800
2 1703 1737
2 1703 1801
2 1704 1738
2 1704 1802
2 1705 1741
2 1705 1805
2 1706 1742
2 1706 1806
2 1707 1719
2 1707 1745
2 1707 1809
2 1708 1720
2 1708 1746
2 1708 1810
2 1709 1721
2 1709 1747
2 1709 1811
2 1710 1722
2 1710 1748
2 1710 1812
2 1711 1723
2 1711 1749
2 1711 1813
2 1712 1724
2 1712 1750
2 1712 1814
2 1713 1725
2 1713 1751
2 1713 1815
2 1714 1726
2 1714 1752
2 1714 1816
2 1715 1779
2 1717 1780
2 1719 1781
2 1720 1782
2 1721 1783
2 1722 1784
2 1723 1785
2 1724 1786
2 1725 1787
2 1726 1788
2 1727 1731
2 1727 1733
2 1728 1732
2 1728 1734
2 1729 1735
2 1730 1736
2 1733 1761
2 1734 1762
2 1735 1763
2 1736 1764
2 1737 1745
2 1737 1767
2 1738 1746
2 1738 1768
2 1739 1747
2 1740 1748
2 1741 1749
2 1741 1769
2 1742 1750
2 1742 1770
2 1743 1751
2 1744 1752
2 1745 1753
2 1746 1754
2 1747 1755
2 1748 1756
2 1749 1757
2 1750 1758
2 1751 1759
2 1752 1760
2 1761 1765
2 1761 1767
2 1762 1766
2 1762 1768
2 1763 1769
2 1764 1770
2 1767 1771
2 1768 1772
2 1769 1775
2 1770 1776
2 1781 11749
2 1782 11750
2 1783 11751
2 1784 11752
2 1785 11753
2 1786 11754
2 1787 11755
2 1788 11756
2 1789 1793
2 1789 1797
2 1790 1794
2 1790 1798
2 1791 1795
2 1791 1799
2 1792 1796
2 1792 1800
2 1797 1825
2 1798 1826
2 1799 1827
2 1800 1828
2 1801 1809
2 1801 1833
2 1802 1810
2 1802 1834
2 1803 1811
2 1804 1812
2 1805 1813
2 1805 1835
2 1806 1814
2 1806 1836
2 1807 1815
2 1808 1816
2 1809 1817
2 1810 1818
2 1811 1819
2 1812 1820
2 1813 1821
2 1814 1822
2 1815 1823
2 1816 1824
2 1825 1829
2 1825 1833
2 1826 1830
2 1826 1834
2 1827 1831
2 1827 1835
2 1828 1832
2 1828 1836
2 1833 1837
2 1834 1838
2 1835 1841
2 1836 1842
2 1848 1850
2 1848 1852
2 1849 1851
2 1849 1853
2 1852 1860
2 1853 1861
2 1854 1856
2 1854 1864
2 1855 1857
2 1855 1865
2 1856 1858
2 1857 1859
2 1860 1862
2 1860 1864
2 1861 1863
2 1861 1865
2 1864 1866
2 1865 1867
2 1869 6829
2 1870 6830
2 1871 6831
2 1872 6832
2 1873 1877
2 1873 1879
2 1874 1878
2 1874 1880
2 1875 1881
2 1876 1882
2 1879 1895
2 1880 1896
2 1881 1897
2 1882 1898
2 1883 1887
2 1883 1901
2 1884 1888
2 1884 1902
2 1885 1889
2 1885 1903
2 1886 1890
2 1886 1904
2 1887 1891
2 1888 1892
2 1889 1893
2 1890 1894
2 1895 1899
2 1895 1901
2 1896 1900
2 1896 1902
2 1897 1903
2 1898 1904
2 1901 1905
2 1902 1906
2 1903 1907
2 1904 1908
2 1911 1912
2 1911 1913
2 1913 1917
2 1914 1915
2 1914 1919
2 1915 1916
2 1917 1918
2 1917 1919
2 1919 1920
2 1921 6199
2 1922 6200
2 1924 1926
2 1924 1928
2 1925 1927
2 1925 1929
2 1928 1935
2 1929 1936
2 1930 1932
2 1930 1939
2 1931 1933
2 1931 1940
2 1932 1934
2 1935 1937
2 1935 1939
2 1936 1938
2 1936 1940
2 1939 1941
2 1942 11605
2 1943 11606
2 1944 11607
2 1945 11608
2 1948 1952
2 1948 1956
2 1949 1953
2 1949 1957
2 1950 1954
2 1950 1958
2 1951 1955
2 1951 1959
2 1956 1966
2 1958 1967
2 1960 1962
2 1960 1972
2 1961 1963
2 1961 1973
2 1962 1964
2 1963 1965
2 1966 1968
2 1966 1972
2 1967 1970
2 1967 1973
2 1972 1974
2 1973 1975
2 1976 1982
2 1977 1982
2 1977 2045
2 1977 2629
2 1978 1983
2 1978 1989
2 1978 7825
2 1978 12553
2 1979 1984
2 1979 1990
2 1979 7826
2 1979 12554
2 1980 1983
2 1980 1991
2 1980 7407
2 1980 12673
2 1981 1984
2 1981 1992
2 1981 7408
2 1981 12674
2 1982 2063
2 1982 2207
2 1983 7399
2 1983 12667
2 1984 7400
2 1984 12668
2 1985 2041
2 1986 2042
2 1987 2041
2 1987 2758
2 1988 2042
2 1988 2759
2 1989 2043
2 1990 2044
2 1991 2043
2 1992 2044
2 1993 1995
2 1993 1997
2 1993 2029
2 1994 1996
2 1994 1998
2 1994 2030
2 1997 1999
2 1997 2041
2 1998 2000
2 1998 2042
2 1999 2001
2 1999 2033
2 2000 2002
2 2000 2034
2 2003 2005
2 2003 2007
2 2003 2033
2 2004 2006
2 2004 2008
2 2004 2034
2 2007 2009
2 2007 2035
2 2008 2010
2 2008 2036
2 2011 2013
2 2011 2015
2 2011 2035
2 2012 2014
2 2012 2016
2 2012 2036
2 2015 2017
2 2015 2043
2 2016 2018
2 2016 2044
2 2017 2019
2 2017 2039
2 2018 2020
2 2018 2040
2 2021 2023
2 2021 2025
2 2021 2039
2 2022 2024
2 2022 2026
2 2022 2040
2 2025 2027
2 2025 2029
2 2026 2028
2 2026 2030
2 2029 2031
2 2030 2032
2 2031 2033
2 2031 2037
2 2032 2034
2 2032 2038
2 2035 2037
2 2036 2038
2 2037 2039
2 2038 2040
2 2045 2051
2 2046 2052
2 2046 12519
2 2047 2051
2 2047 2053
2 2047 2652
2 2048 2049
2 2048 2055
2 2048 2654
2 2049 2056
2 2049 2655
2 2050 2052
2 2050 2057
2 2050 2656
2 2051 2650
2 2052 2651
2 2053 2054
2 2053 2055
2 2055 2059
2 2056 2057
2 2056 2061
2 2057 2058
2 2059 2060
2 2059 2061
2 2061 2062
2 2063 2160
2 2063 2650
2 2064 2072
2 2064 2080
2 2064 2161
2 2064 13157
2 2065 2073
2 2065 2081
2 2065 2162
2 2065 13158
2 2066 2074
2 2066 2082
2 2066 2163
2 2066 13159
2 2067 2075
2 2067 2083
2 2067 2164
2 2067 13160
2 2068 2072
2 2068 2084
2 2068 7265
2 2068 17848
2 2069 2073
2 2069 2085
2 2069 7266
2 2069 17849
2 2070 2074
2 2070 2086
2 2070 7267
2 2070 17850
2 2071 2075
2 2071 2087
2 2071 7268
2 2071 17851
2 2072 7248
2 2072 17836
2 2073 7249
2 2073 17837
2 2074 7250
2 2074 17838
2 2075 7251
2 2075 17839
2 2076 2154
2 2077 2155
2 2078 2154
2 2078 2818
2 2079 2155
2 2079 2819
2 2080 2156
2 2081 2157
2 2082 2158
2 2083 2159
2 2084 2156
2 2085 2157
2 2086 2158
2 2087 2159
2 2088 2090
2 2088 2092
2 2088 2140
2 2089 2091
2 2089 2093
2 2089 2141
2 2092 2094
2 2092 2154
2 2093 2095
2 2093 2155
2 2094 2096
2 2094 2144
2 2095 2097
2 2095 2145
2 2098 2100
2 2098 2104
2 2098 2144
2 2099 2102
2 2099 2106
2 2099 2145
2 2104 2108
2 2104 2146
2 2105 2109
2 2105 2147
2 2106 2110
2 2106 2148
2 2107 2111
2 2107 2149
2 2112 2116
2 2112 2120
2 2112 2146
2 2113 2117
2 2113 2121
2 2113 2147
2 2114 2118
2 2114 2122
2 2114 2148
2 2115 2119
2 2115 2123
2 2115 2149
2 2120 2124
2 2120 2156
2 2121 2125
2 2121 2157
2 2122 2126
2 2122 2158
2 2123 2127
2 2123 2159
2 2124 2128
2 2124 2152
2 2125 2129
2 2126 2130
2 2126 2153
2 2127 2131
2 2132 2134
2 2132 2136
2 2132 2152
2 2133 2135
2 2133 2137
2 2133 2153
2 2136 2138
2 2136 2140
2 2137 2139
2 2137 2141
2 2140 2142
2 2141 2143
2 2142 2144
2 2142 2150
2 2143 2145
2 2143 2151
2 2146 2150
2 2148 2151
2 2150 2152
2 2151 2153
2 2160 2175
2 2161 2177
2 2162 2178
2 2163 2179
2 2164 2180
2 2165 2175
2 2165 2181
2 2165 2601
2 2166 2176
2 2166 2182
2 2166 2602
2 2167 2169
2 2167 2184
2 2167 2605
2 2168 2170
2 2168 2185
2 2168 2606
2 2169 2186
2 2169 2607
2 2170 2187
2 2170 2608
2 2171 2177
2 2171 2190
2 2171 2611
2 2172 2178
2 2172 2191
2 2172 2612
2 2173 2179
2 2173 2192
2 2173 2613
2 2174 2180
2 2174 2193
2 2174 2614
2 2175 2595
2 2176 2596
2 2177 2597
2 2178 2598
2 2179 2599
2 2180 2600
2 2181 2183
2 2181 2184
2 2182 2185
2 2184 2198
2 2185 2199
2 2186 2190
2 2186 2201
2 2187 2191
2 2187 2202
2 2188 2192
2 2189 2193
2 2190 2194
2 2191 2195
2 2192 2196
2 2193 2197
2 2198 2200
2 2198 2201
2 2199 2202
2 2201 2203
2 2202 2204
2 2207 2242
2 2207 2595
2 2208 2243
2 2208 2596
2 2209 2211
2 2209 2214
2 2209 2651
2 2209 7554
2 2210 2211
2 2210 2215
2 2210 12524
2 2210 17790
2 2211 12519
2 2211 17786
2 2212 2240
2 2213 2240
2 2213 2664
2 2214 2241
2 2215 2241
2 2216 2217
2 2216 2218
2 2216 2234
2 2218 2219
2 2218 2240
2 2219 2220
2 2219 2236
2 2221 2222
2 2221 2223
2 2221 2236
2 2223 2224
2 2223 2237
2 2225 2226
2 2225 2227
2 2225 2237
2 2227 2228
2 2227 2241
2 2228 2229
2 2228 2239
2 2230 2231
2 2230 2232
2 2230 2239
2 2232 2233
2 2232 2234
2 2234 2235
2 2235 2236
2 2235 2238
2 2237 2238
2 2238 2239
2 2242 2254
2 2243 2255
2 2244 2256
2 2244 7487
2 2245 2257
2 2245 7488
2 2246 2254
2 2246 2258
2 2246 2632
2 2247 2255
2 2247 2259
2 2247 2633
2 2248 2250
2 2248 2262
2 2248 2635
2 2249 2251
2 2249 2263
2 2249 2636
2 2250 2264
2 2250 2637
2 2251 2265
2 2251 2638
2 2252 2256
2 2252 2266
2 2252 2639
2 2253 2257
2 2253 2267
2 2253 2640
2 2254 2629
2 2256 2630
2 2257 2631
2 2258 2260
2 2258 2262
2 2259 2261
2 2259 2263
2 2262 2270
2 2263 2271
2 2264 2266
2 2264 2274
2 2265 2267
2 2265 2275
2 2266 2268
2 2267 2269
2 2270 2272
2 2270 2274
2 2271 2273
2 2271 2275
2 2274 2276
2 2275 2277
2 2278 2286
2 2278 5887
2 2278 11328
2 2279 2287
2 2279 5888
2 2279 11329
2 2280 2319
2 2280 2375
2 2280 13089
2 2281 2320
2 2281 2376
2 2281 13090
2 2282 2321
2 2282 2377
2 2282 13091
2 2283 2322
2 2283 2378
2 2283 13092
2 2284 2288
2 2284 2291
2 2284 2323
2 2284 2529
2 2285 2288
2 2285 2292
2 2285 2383
2 2285 2470
2 2286 2461
2 2286 7571
2 2286 12845
2 2287 2462
2 2287 7572
2 2287 12846
2 2288 2373
2 2288 2463
2 2289 2317
2 2290 2317
2 2291 2318
2 2292 2318
2 2293 2294
2 2293 2295
2 2293 2311
2 2295 2296
2 2295 2317
2 2296 2297
2 2296 2313
2 2298 2299
2 2298 2300
2 2298 2313
2 2300 2301
2 2300 2314
2 2302 2303
2 2302 2304
2 2302 2314
2 2304 2305
2 2304 2318
2 2305 2306
2 2305 2316
2 2307 2308
2 2307 2309
2 2307 2316
2 2309 2310
2 2309 2311
2 2311 2312
2 2312 2313
2 2312 2315
2 2314 2315
2 2315 2316
2 2319 2336
2 2320 2337
2 2321 2338
2 2322 2339
2 2323 2340
2 2324 2336
2 2324 2342
2 2324 2546
2 2325 2337
2 2325 2343
2 2325 2547
2 2326 2338
2 2326 2344
2 2326 2548
2 2327 2339
2 2327 2345
2 2327 2549
2 2328 2332
2 2328 2350
2 2328 2554
2 2329 2333
2 2329 2351
2 2329 2555
2 2330 2352
2 2330 2556
2 2331 2353
2 2331 2557
2 2332 2354
2 2332 2558
2 2333 2355
2 2333 2559
2 2334 2340
2 2334 2356
2 2334 2560
2 2335 2341
2 2335 2357
2 2335 2561
2 2336 2540
2 2337 2541
2 2338 2542
2 2339 2543
2 2340 2544
2 2341 2545
2 2342 2346
2 2342 2350
2 2343 2347
2 2343 2351
2 2344 2348
2 2344 2352
2 2345 2349
2 2345 2353
2 2350 2359
2 2351 2360
2 2354 2356
2 2354 2365
2 2355 2357
2 2355 2366
2 2356 2358
2 2359 2361
2 2359 2365
2 2360 2362
2 2360 2366
2 2365 2367
2 2368 2375
2 2368 5737
2 2368 16409
2 2369 2376
2 2369 5738
2 2369 16410
2 2370 2377
2 2370 5739
2 2370 16411
2 2371 2378
2 2371 5740
2 2371 16412
2 2372 2464
2 2372 2528
2 2372 7680
2 2373 2381
2 2373 2426
2 2373 2544
2 2374 2382
2 2374 2427
2 2374 2545
2 2375 7700
2 2375 18009
2 2376 7701
2 2376 18010
2 2377 7702
2 2377 18011
2 2378 7703
2 2378 18012
2 2379 2421
2 2380 2421
2 2381 2422
2 2382 2423
2 2383 2422
2 2384 2423
2 2385 2386
2 2385 2387
2 2385 2412
2 2387 2388
2 2387 2421
2 2388 2389
2 2388 2414
2 2390 2392
2 2390 2394
2 2390 7672
2 2391 2393
2 2391 2395
2 2391 7673
2 2394 2396
2 2394 2415
2 2395 2397
2 2395 2416
2 2398 2400
2 2398 2402
2 2398 2415
2 2399 2401
2 2399 2403
2 2399 2416
2 2402 2404
2 2402 2422
2 2403 2405
2 2403 2423
2 2404 2406
2 2404 2419
2 2405 2407
2 2405 2420
2 2408 2409
2 2408 2410
2 2408 7676
2 2410 2411
2 2410 2412
2 2412 2413
2 2413 2414
2 2413 7675
2 2414 7651
2 2415 2417
2 2416 2418
2 2417 2419
2 2417 7670
2 2418 2420
2 2418 7671
2 2419 7660
2 2420 7661
2 2424 2436
2 2424 7632
2 2425 2437
2 2425 7633
2 2426 2438
2 2427 2439
2 2428 2436
2 2428 2440
2 2428 2577
2 2429 2437
2 2429 2441
2 2429 2578
2 2430 2432
2 2430 2444
2 2430 2581
2 2431 2433
2 2431 2445
2 2431 2582
2 2432 2446
2 2432 2583
2 2433 2447
2 2433 2584
2 2434 2438
2 2434 2448
2 2434 2585
2 2435 2439
2 2435 2449
2 2435 2586
2 2436 2574
2 2437 2575
2 2438 2576
2 2440 2442
2 2440 2444
2 2441 2443
2 2441 2445
2 2444 2452
2 2445 2453
2 2446 2448
2 2446 2456
2 2447 2449
2 2447 2457
2 2448 2450
2 2449 2451
2 2452 2454
2 2452 2456
2 2453 2455
2 2453 2457
2 2456 2458
2 2457 2459
2 2460 2464
2 2460 11200
2 2460 16357
2 2461 7795
2 2461 13008
2 2462 7796
2 2462 13009
2 2463 2469
2 2463 2511
2 2463 2576
2 2464 12960
2 2464 17957
2 2465 2507
2 2466 2508
2 2467 2507
2 2468 2508
2 2469 2509
2 2470 2509
2 2471 2473
2 2471 2475
2 2471 2498
2 2472 2474
2 2472 2476
2 2472 2499
2 2475 2477
2 2475 2507
2 2476 2478
2 2476 2508
2 2477 2479
2 2477 2502
2 2478 2480
2 2478 2503
2 2481 2482
2 2481 2483
2 2481 12998
2 2483 2484
2 2483 2504
2 2485 2486
2 2485 2487
2 2485 2504
2 2487 2488
2 2487 2509
2 2488 2489
2 2488 2506
2 2490 2492
2 2490 2494
2 2490 13003
2 2491 2493
2 2491 2495
2 2491 13004
2 2494 2496
2 2494 2498
2 2495 2497
2 2495 2499
2 2498 2500
2 2499 2501
2 2500 2502
2 2500 13001
2 2501 2503
2 2501 13002
2 2502 12974
2 2503 12975
2 2504 2505
2 2505 2506
2 2505 12997
2 2506 12992
2 2510 2516
2 2510 12960
2 2511 2517
2 2512 2516
2 2512 2518
2 2512 2530
2 2513 2514
2 2513 2520
2 2513 2532
2 2514 2521
2 2514 2533
2 2515 2517
2 2515 2522
2 2515 2534
2 2516 2528
2 2517 2529
2 2518 2519
2 2518 2520
2 2520 2524
2 2521 2522
2 2521 2526
2 2522 2523
2 2524 2525
2 2524 2526
2 2526 2527
2 2530 2531
2 2530 2532
2 2532 2536
2 2533 2534
2 2533 2538
2 2534 2535
2 2536 2537
2 2536 2538
2 2538 2539
2 2540 7700
2 2541 7701
2 2542 7702
2 2543 7703
2 2546 2550
2 2546 2554
2 2547 2551
2 2547 2555
2 2548 2552
2 2548 2556
2 2549 2553
2 2549 2557
2 2554 2564
2 2555 2565
2 2558 2560
2 2558 2570
2 2559 2561
2 2559 2571
2 2560 2562
2 2561 2563
2 2564 2566
2 2564 2570
2 2565 2567
2 2565 2571
2 2570 2572
2 2571 2573
2 2574 12777
2 2575 12778
2 2577 2579
2 2577 2581
2 2578 2580
2 2578 2582
2 2581 2588
2 2582 2589
2 2583 2585
2 2583 2592
2 2584 2586
2 2584 2593
2 2585 2587
2 2588 2590
2 2588 2592
2 2589 2591
2 2589 2593
2 2592 2594
2 2597 7248
2 2598 7249
2 2599 7250
2 2600 7251
2 2601 2603
2 2601 2605
2 2602 2604
2 2602 2606
2 2605 2619
2 2606 2620
2 2607 2611
2 2607 2623
2 2608 2612
2 2608 2624
2 2609 2613
2 2610 2614
2 2611 2615
2 2612 2616
2 2613 2617
2 2614 2618
2 2619 2621
2 2619 2623
2 2620 2622
2 2620 2624
2 2623 2625
2 2624 2626
2 2630 12588
2 2631 12589
2 2632 2634
2 2632 2635
2 2633 2636
2 2635 2643
2 2636 2644
2 2637 2639
2 2637 2646
2 2638 2640
2 2638 2647
2 2639 2641
2 2640 2642
2 2643 2645
2 2643 2646
2 2644 2647
2 2646 2648
2 2647 2649
2 2652 2653
2 2652 2654
2 2654 2658
2 2655 2656
2 2655 2660
2 2656 2657
2 2658 2659
2 2658 2660
2 2660 2661
2 2662 2668
2 2662 4291
2 2662 4471
2 2662 4740
2 2663 2669
2 2663 4292
2 2663 4472
2 2663 4741
2 2664 2731
2 2664 3560
2 2665 2670
2 2665 2675
2 2665 2732
2 2665 3544
2 2666 2676
2 2666 2733
2 2667 2670
2 2667 2677
2 2667 2764
2 2667 2832
2 2670 2760
2 2670 2820
2 2671 2727
2 2671 3590
2 2672 2728
2 2672 3591
2 2673 2727
2 2673 3681
2 2674 2728
2 2674 3682
2 2675 2729
2 2676 2730
2 2677 2729
2 2678 2730
2 2679 2681
2 2679 2683
2 2679 2715
2 2680 2682
2 2680 2684
2 2680 2716
2 2683 2685
2 2683 2727
2 2684 2686
2 2684 2728
2 2685 2687
2 2685 2719
2 2686 2688
2 2686 2720
2 2689 2691
2 2689 2693
2 2689 2719
2 2690 2692
2 2690 2694
2 2690 2720
2 2693 2695
2 2693 2721
2 2694 2696
2 2694 2722
2 2697 2699
2 2697 2701
2 2697 2721
2 2698 2700
2 2698 2702
2 2698 2722
2 2701 2703
2 2701 2729
2 2702 2704
2 2702 2730
2 2703 2705
2 2703 2725
2 2704 2706
2 2704 2726
2 2707 2709
2 2707 2711
2 2707 2725
2 2708 2710
2 2708 2712
2 2708 2726
2 2711 2713
2 2711 2715
2 2712 2714
2 2712 2716
2 2715 2717
2 2716 2718
2 2717 2719
2 2717 2723
2 2718 2720
2 2718 2724
2 2721 2723
2 2722 2724
2 2723 2725
2 2724 2726
2 2731 2740
2 2732 2741
2 2733 2742
2 2734 2740
2 2734 2743
2 2734 3575
2 2735 2745
2 2735 3577
2 2735 7916
2 2736 2746
2 2736 3578
2 2736 7914
2 2737 2747
2 2737 3579
2 2737 7915
2 2738 2741
2 2738 2748
2 2738 3580
2 2739 2742
2 2739 2749
2 2739 3581
2 2740 3572
2 2741 3573
2 2742 3574
2 2743 2744
2 2743 2745
2 2745 2752
2 2746 2748
2 2746 2754
2 2747 2749
2 2747 2755
2 2748 2750
2 2749 2751
2 2752 2753
2 2752 7934
2 2754 2756
2 2754 7930
2 2755 2757
2 2755 7931
2 2758 2791
2 2758 3572
2 2759 2792
2 2760 2763
2 2760 2793
2 2760 3561
2 2761 2789
2 2761 3680
2 2762 2789
2 2762 3752
2 2763 2790
2 2764 2790
2 2765 2766
2 2765 2767
2 2765 2783
2 2767 2768
2 2767 2789
2 2768 2769
2 2768 2785
2 2770 2771
2 2770 2772
2 2770 2785
2 2772 2773
2 2772 2786
2 2774 2775
2 2774 2776
2 2774 2786
2 2776 2777
2 2776 2790
2 2777 2778
2 2777 2788
2 2779 2780
2 2779 2781
2 2779 2788
2 2781 2782
2 2781 2783
2 2783 2784
2 2784 2785
2 2784 2787
2 2786 2787
2 2787 2788
2 2791 2800
2 2792 2801
2 2793 2802
2 2794 2800
2 2794 2803
2 2794 3545
2 2795 2801
2 2795 2804
2 2795 3546
2 2796 2807
2 2796 3549
2 2796 13444
2 2797 2808
2 2797 3550
2 2797 13445
2 2798 2809
2 2798 3551
2 2798 13443
2 2799 2802
2 2799 2810
2 2799 3552
2 2800 3542
2 2801 3543
2 2802 3544
2 2803 2805
2 2803 2807
2 2804 2806
2 2804 2808
2 2807 2812
2 2808 2813
2 2809 2810
2 2809 2816
2 2810 2811
2 2812 2814
2 2812 13462
2 2813 2815
2 2813 13463
2 2816 2817
2 2816 13460
2 2818 2912
2 2818 3542
2 2819 3543
2 2820 2830
2 2820 2913
2 2820 3573
2 2821 2831
2 2821 3574
2 2822 2906
2 2822 3748
2 2823 2907
2 2823 3749
2 2824 2908
2 2824 3750
2 2825 2909
2 2825 3751
2 2826 2906
2 2826 3592
2 2827 2907
2 2827 3593
2 2828 2908
2 2828 3594
2 2829 2909
2 2829 3595
2 2830 2910
2 2831 2911
2 2832 2910
2 2833 2911
2 2834 2838
2 2834 2842
2 2834 2888
2 2835 2839
2 2835 2843
2 2835 2889
2 2836 2840
2 2836 2844
2 2836 2890
2 2837 2841
2 2837 2845
2 2837 2891
2 2842 2846
2 2842 2906
2 2843 2847
2 2843 2907
2 2844 2848
2 2844 2908
2 2845 2849
2 2845 2909
2 2846 2850
2 2846 2896
2 2847 2851
2 2847 2897
2 2848 2852
2 2848 2898
2 2849 2853
2 2849 2899
2 2854 2856
2 2854 2858
2 2854 2896
2 2855 2857
2 2855 2859
2 2855 2897
2 2858 2860
2 2858 2900
2 2859 2861
2 2859 2901
2 2862 2864
2 2862 2866
2 2862 2900
2 2863 2865
2 2863 2867
2 2863 2901
2 2866 2868
2 2866 2910
2 2867 2869
2 2867 2911
2 2868 2870
2 2868 2904
2 2869 2871
2 2869 2905
2 2872 2876
2 2872 2880
2 2872 2904
2 2873 2877
2 2873 2881
2 2873 2905
2 2874 2878
2 2874 2882
2 2875 2879
2 2875 2883
2 2880 2884
2 2880 2888
2 2881 2885
2 2881 2889
2 2882 2886
2 2882 2890
2 2883 2887
2 2883 2891
2 2888 2892
2 2889 2893
2 2890 2894
2 2891 2895
2 2892 2896
2 2892 2902
2 2893 2897
2 2893 2903
2 2894 2898
2 2895 2899
2 2900 2902
2 2901 2903
2 2902 2904
2 2903 2905
2 2912 2918
2 2913 2919
2 2914 2918
2 2914 2920
2 2914 3562
2 2915 2916
2 2915 2922
2 2915 3564
2 2916 2923
2 2916 3565
2 2917 2919
2 2917 2924
2 2917 3566
2 2918 3560
2 2919 3561
2 2920 2921
2 2920 2922
2 2922 2926
2 2923 2924
2 2923 2928
2 2924 2925
2 2926 2927
2 2926 2928
2 2928 2929
2 2930 2939
2 2930 3849
2 2930 3932
2 2930 4011
2 2931 3058
2 2931 3518
2 2932 3059
2 2932 3519
2 2933 2940
2 2933 2948
2 2933 3060
2 2933 3450
2 2934 2941
2 2934 2949
2 2934 3061
2 2934 3451
2 2935 2950
2 2935 3062
2 2936 2951
2 2936 3063
2 2937 2940
2 2937 2952
2 2937 3136
2 2937 3339
2 2938 2941
2 2938 2953
2 2938 3137
2 2938 3340
2 2940 3116
2 2940 3332
2 2941 3117
2 2941 3333
2 2942 3050
2 2942 4870
2 2943 3051
2 2943 4871
2 2944 3052
2 2944 4872
2 2945 3053
2 2945 4873
2 2946 3051
2 2946 5060
2 2947 3053
2 2947 5061
2 2948 3054
2 2949 3055
2 2950 3056
2 2951 3057
2 2952 3054
2 2953 3055
2 2954 3056
2 2955 3057
2 2956 2960
2 2956 2964
2 2956 3026
2 2957 2961
2 2957 2965
2 2957 3027
2 2958 2962
2 2958 2966
2 2958 3028
2 2959 2963
2 2959 2967
2 2959 3029
2 2964 2968
2 2964 3050
2 2965 2969
2 2965 3051
2 2966 2970
2 2966 3052
2 2967 2971
2 2967 3053
2 2968 3034
2 2969 2972
2 2969 3035
2 2970 3036
2 2971 2973
2 2971 3037
2 2974 2978
2 2974 2982
2 2974 3034
2 2975 2979
2 2975 2983
2 2975 3035
2 2976 2980
2 2976 2984
2 2976 3036
2 2977 2981
2 2977 2985
2 2977 3037
2 2982 2986
2 2982 3038
2 2983 2987
2 2983 3039
2 2984 2988
2 2984 3040
2 2985 2989
2 2985 3041
2 2990 2994
2 2990 2998
2 2990 3038
2 2991 2995
2 2991 2999
2 2991 3039
2 2992 2996
2 2992 3000
2 2992 3040
2 2993 2997
2 2993 3001
2 2993 3041
2 2998 3002
2 2998 3054
2 2999 3003
2 2999 3055
2 3000 3004
2 3000 3056
2 3001 3005
2 3001 3057
2 3002 3006
2 3002 3046
2 3003 3007
2 3003 3047
2 3004 3008
2 3004 3048
2 3005 3009
2 3005 3049
2 3010 3014
2 3010 3018
2 3010 3046
2 3011 3015
2 3011 3019
2 3011 3047
2 3012 3016
2 3012 3020
2 3012 3048
2 3013 3017
2 3013 3021
2 3013 3049
2 3018 3022
2 3018 3026
2 3019 3023
2 3019 3027
2 3020 3024
2 3020 3028
2 3021 3025
2 3021 3029
2 3026 3030
2 3027 3031
2 3028 3032
2 3029 3033
2 3030 3034
2 3030 3042
2 3031 3035
2 3031 3043
2 3032 3036
2 3032 3044
2 3033 3037
2 3033 3045
2 3038 3042
2 3039 3043
2 3040 3044
2 3041 3045
2 3042 3046
2 3043 3047
2 3044 3048
2 3045 3049
2 3058 3076
2 3059 3077
2 3060 3078
2 3061 3079
2 3062 3080
2 3063 3081
2 3064 3076
2 3064 3082
2 3064 3488
2 3065 3077
2 3065 3083
2 3065 3489
2 3066 3086
2 3066 3492
2 3066 13631
2 3067 3087
2 3067 3493
2 3067 13632
2 3068 3088
2 3068 3494
2 3068 13627
2 3069 3089
2 3069 3495
2 3069 13628
2 3070 3090
2 3070 3496
2 3070 13629
2 3071 3091
2 3071 3497
2 3071 13630
2 3072 3078
2 3072 3092
2 3072 3498
2 3073 3079
2 3073 3093
2 3073 3499
2 3074 3080
2 3074 3094
2 3074 3500
2 3075 3081
2 3075 3095
2 3075 3501
2 3076 3482
2 3077 3483
2 3078 3484
2 3079 3485
2 3080 3486
2 3081 3487
2 3082 3084
2 3082 3086
2 3083 3085
2 3083 3087
2 3086 3100
2 3087 3101
2 3088 3092
2 3088 3104
2 3089 3093
2 3089 3105
2 3090 3094
2 3090 3106
2 3091 3095
2 3091 3107
2 3092 3096
2 3093 3097
2 3094 3098
2 3095 3099
2 3100 3102
2 3100 13667
2 3101 3103
2 3101 13668
2 3104 3108
2 3104 13659
2 3105 3109
2 3105 13660
2 3106 3110
2 3106 13661
2 3107 3111
2 3107 13662
2 3112 3292
2 3112 3446
2 3113 3293
2 3113 3447
2 3114 3448
2 3115 3449
2 3116 3132
2 3116 3294
2 3116 3484
2 3117 3133
2 3117 3295
2 3117 3485
2 3118 3134
2 3118 3486
2 3119 3135
2 3119 3487
2 3120 3280
2 3120 4962
2 3121 3281
2 3121 4963
2 3122 3282
2 3122 4964
2 3123 3283
2 3123 4965
2 3124 3284
2 3124 4966
2 3125 3285
2 3125 4967
2 3126 3286
2 3126 4968
2 3127 3287
2 3127 4969
2 3128 3281
2 3128 4874
2 3129 3283
2 3129 4875
2 3130 3285
2 3130 4876
2 3131 3287
2 3131 4877
2 3132 3288
2 3133 3289
2 3134 3290
2 3135 3291
2 3136 3288
2 3137 3289
2 3138 3290
2 3139 3291
2 3140 3148
2 3140 3156
2 3140 3244
2 3141 3149
2 3141 3157
2 3141 3245
2 3142 3150
2 3142 3158
2 3142 3246
2 3143 3151
2 3143 3159
2 3143 3247
2 3144 3152
2 3144 3160
2 3144 3248
2 3145 3153
2 3145 3161
2 3145 3249
2 3146 3154
2 3146 3162
2 3146 3250
2 3147 3155
2 3147 3163
2 3147 3251
2 3156 3164
2 3156 3280
2 3157 3165
2 3157 3281
2 3158 3166
2 3158 3282
2 3159 3167
2 3159 3283
2 3160 3168
2 3160 3284
2 3161 3169
2 3161 3285
2 3162 3170
2 3162 3286
2 3163 3171
2 3163 3287
2 3164 3260
2 3165 3172
2 3165 3261
2 3166 3262
2 3167 3173
2 3167 3263
2 3168 3264
2 3169 3174
2 3169 3265
2 3170 3266
2 3171 3175
2 3171 3267
2 3176 3180
2 3176 3184
2 3176 3260
2 3177 3181
2 3177 3185
2 3177 3261
2 3178 3182
2 3178 3186
2 3178 3264
2 3179 3183
2 3179 3187
2 3179 3265
2 3184 3188
2 3184 3268
2 3185 3189
2 3185 3269
2 3186 3190
2 3186 3270
2 3187 3191
2 3187 3271
2 3192 3196
2 3192 3200
2 3192 3268
2 3193 3197
2 3193 3201
2 3193 3269
2 3194 3198
2 3194 3202
2 3194 3270
2 3195 3199
2 3195 3203
2 3195 3271
2 3200 3204
2 3200 3288
2 3201 3205
2 3201 3289
2 3202 3206
2 3202 3290
2 3203 3207
2 3203 3291
2 3204 3208
2 3204 3276
2 3205 3209
2 3205 3277
2 3206 3210
2 3206 3278
2 3207 3211
2 3207 3279
2 3212 3220
2 3212 3228
2 3212 3276
2 3213 3221
2 3213 3229
2 3213 3277
2 3214 3222
2 3214 3230
2 3215 3223
2 3215 3231
2 3216 3224
2 3216 3232
2 3216 3278
2 3217 3225
2 3217 3233
2 3217 3279
2 3218 3226
2 3218 3234
2 3219 3227
2 3219 3235
2 3228 3236
2 3228 3244
2 3229 3237
2 3229 3245
2 3230 3238
2 3230 3246
2 3231 3239
2 3231 3247
2 3232 3240
2 3232 3248
2 3233 3241
2 3233 3249
2 3234 3242
2 3234 3250
2 3235 3243
2 3235 3251
2 3244 3252
2 3245 3253
2 3246 3254
2 3247 3255
2 3248 3256
2 3249 3257
2 3250 3258
2 3251 3259
2 3252 3260
2 3252 3272
2 3253 3261
2 3253 3273
2 3254 3262
2 3255 3263
2 3256 3264
2 3256 3274
2 3257 3265
2 3257 3275
2 3258 3266
2 3259 3267
2 3268 3272
2 3269 3273
2 3270 3274
2 3271 3275
2 3272 3276
2 3273 3277
2 3274 3278
2 3275 3279
2 3292 3304
2 3293 3305
2 3294 3306
2 3295 3307
2 3296 3304
2 3296 3308
2 3296 3522
2 3297 3305
2 3297 3309
2 3297 3523
2 3298 3300
2 3298 3312
2 3298 3526
2 3299 3301
2 3299 3313
2 3299 3527
2 3300 3314
2 3300 3528
2 3301 3315
2 3301 3529
2 3302 3306
2 3302 3316
2 3302 3530
2 3303 3307
2 3303 3317
2 3303 3531
2 3304 3518
2 3305 3519
2 3306 3520
2 3307 3521
2 3308 3310
2 3308 3312
2 3309 3311
2 3309 3313
2 3312 3320
2 3313 3321
2 3314 3316
2 3314 3324
2 3315 3317
2 3315 3325
2 3316 3318
2 3317 3319
2 3320 3322
2 3320 3324
2 3321 3323
2 3321 3325
2 3324 3326
2 3325 3327
2 3328 3392
2 3328 3482
2 3329 3393
2 3329 3483
2 3330 3394
2 3331 3395
2 3332 3337
2 3332 3396
2 3332 3520
2 3333 3338
2 3333 3397
2 3333 3521
2 3334 3388
2 3334 5058
2 3335 3389
2 3335 5059
2 3336 3389
2 3336 4970
2 3337 3390
2 3338 3391
2 3339 3390
2 3340 3391
2 3341 3343
2 3341 3345
2 3341 3376
2 3342 3344
2 3342 3346
2 3342 3377
2 3345 3347
2 3345 3388
2 3346 3348
2 3346 3389
2 3347 3380
2 3348 3349
2 3348 3381
2 3350 3352
2 3350 3354
2 3350 3380
2 3351 3353
2 3351 3355
2 3351 3381
2 3354 3356
2 3354 3382
2 3355 3357
2 3355 3383
2 3358 3360
2 3358 3362
2 3358 3382
2 3359 3361
2 3359 3363
2 3359 3383
2 3362 3364
2 3362 3390
2 3363 3365
2 3363 3391
2 3364 3366
2 3364 3386
2 3365 3367
2 3365 3387
2 3368 3370
2 3368 3372
2 3368 3386
2 3369 3371
2 3369 3373
2 3369 3387
2 3372 3374
2 3372 3376
2 3373 3375
2 3373 3377
2 3376 3378
2 3377 3379
2 3378 3380
2 3378 3384
2 3379 3381
2 3379 3385
2 3382 3384
2 3383 3385
2 3384 3386
2 3385 3387
2 3392 3410
2 3393 3411
2 3394 3412
2 3395 3413
2 3396 3414
2 3397 3415
2 3398 3410
2 3398 3416
2 3398 3452
2 3399 3411
2 3399 3417
2 3399 3453
2 3400 3412
2 3400 3418
2 3400 3454
2 3401 3413
2 3401 3419
2 3401 3455
2 3402 3424
2 3402 3460
2 3402 8671
2 3403 3425
2 3403 3461
2 3403 8672
2 3404 3426
2 3404 3462
2 3404 8673
2 3405 3427
2 3405 3463
2 3405 8674
2 3406 3428
2 3406 3464
2 3406 8669
2 3407 3429
2 3407 3465
2 3407 8670
2 3408 3414
2 3408 3430
2 3408 3466
2 3409 3415
2 3409 3431
2 3409 3467
2 3410 3446
2 3411 3447
2 3412 3448
2 3413 3449
2 3414 3450
2 3415 3451
2 3416 3420
2 3416 3424
2 3417 3421
2 3417 3425
2 3418 3422
2 3418 3426
2 3419 3423
2 3419 3427
2 3424 3434
2 3425 3435
2 3426 3436
2 3427 3437
2 3428 3430
2 3428 3442
2 3429 3431
2 3429 3443
2 3430 3432
2 3431 3433
2 3434 3438
2 3434 8707
2 3435 3439
2 3435 8708
2 3436 3440
2 3436 8709
2 3437 3441
2 3437 8710
2 3442 3444
2 3442 8703
2 3443 3445
2 3443 8704
2 3452 3456
2 3452 3460
2 3453 3457
2 3453 3461
2 3454 3458
2 3454 3462
2 3455 3459
2 3455 3463
2 3460 3470
2 3461 3471
2 3462 3472
2 3463 3473
2 3464 3466
2 3464 3478
2 3465 3467
2 3465 3479
2 3466 3468
2 3467 3469
2 3470 3474
2 3470 8743
2 3471 3475
2 3471 8744
2 3472 3476
2 3472 8745
2 3473 3477
2 3473 8746
2 3478 3480
2 3478 8739
2 3479 3481
2 3479 8740
2 3488 3490
2 3488 3492
2 3489 3491
2 3489 3493
2 3492 3506
2 3493 3507
2 3494 3498
2 3494 3510
2 3495 3499
2 3495 3511
2 3496 3500
2 3496 3512
2 3497 3501
2 3497 3513
2 3498 3502
2 3499 3503
2 3500 3504
2 3501 3505
2 3506 3508
2 3506 14017
2 3507 3509
2 3507 14018
2 3510 3514
2 3510 14009
2 3511 3515
2 3511 14010
2 3512 3516
2 3512 14011
2 3513 3517
2 3513 14012
2 3522 3524
2 3522 3526
2 3523 3525
2 3523 3527
2 3526 3534
2 3527 3535
2 3528 3530
2 3528 3538
2 3529 3531
2 3529 3539
2 3530 3532
2 3531 3533
2 3534 3536
2 3534 3538
2 3535 3537
2 3535 3539
2 3538 3540
2 3539 3541
2 3545 3547
2 3545 3549
2 3546 3548
2 3546 3550
2 3549 3554
2 3550 3555
2 3551 3552
2 3551 3558
2 3552 3553
2 3554 3556
2 3554 14059
2 3555 3557
2 3555 14060
2 3558 3559
2 3558 14057
2 3562 3563
2 3562 3564
2 3564 3568
2 3565 3566
2 3565 3570
2 3566 3567
2 3568 3569
2 3568 3570
2 3570 3571
2 3575 3576
2 3575 3577
2 3577 3584
2 3578 3580
2 3578 3586
2 3579 3581
2 3579 3587
2 3580 3582
2 3581 3583
2 3584 3585
2 3584 8857
2 3586 3588
2 3586 8853
2 3587 3589
2 3587 8854
2 3590 3598
2 3590 7941
2 3590 13469
2 3591 3599
2 3591 7942
2 3591 13470
2 3592 3631
2 3592 3755
2 3592 9503
2 3593 3632
2 3593 3756
2 3593 9504
2 3594 3633
2 3594 3757
2 3594 9505
2 3595 3634
2 3595 3758
2 3595 9506
2 3596 3600
2 3596 3603
2 3596 3635
2 3596 4210
2 3597 3600
2 3597 3604
2 3597 3690
2 3597 3763
2 3598 3681
2 3598 9013
2 3598 14093
2 3599 3682
2 3599 9014
2 3599 14094
2 3600 3683
2 3600 3753
2 3601 3629
2 3601 4276
2 3602 3629
2 3602 4446
2 3603 3630
2 3604 3630
2 3605 3606
2 3605 3607
2 3605 3623
2 3607 3608
2 3607 3629
2 3608 3609
2 3608 3625
2 3610 3611
2 3610 3612
2 3610 3625
2 3612 3613
2 3612 3626
2 3614 3615
2 3614 3616
2 3614 3626
2 3616 3617
2 3616 3630
2 3617 3618
2 3617 3628
2 3619 3620
2 3619 3621
2 3619 3628
2 3621 3622
2 3621 3623
2 3623 3624
2 3624 3625
2 3624 3627
2 3626 3627
2 3627 3628
2 3631 3648
2 3632 3649
2 3633 3650
2 3634 3651
2 3635 3652
2 3636 3648
2 3636 3654
2 3636 4248
2 3637 3649
2 3637 3655
2 3637 4249
2 3638 3650
2 3638 3656
2 3638 4250
2 3639 3651
2 3639 3657
2 3639 4251
2 3640 3644
2 3640 3662
2 3640 4256
2 3641 3663
2 3641 4257
2 3642 3645
2 3642 3664
2 3642 4258
2 3643 3665
2 3643 4259
2 3644 3666
2 3644 4260
2 3645 3667
2 3645 4261
2 3646 3652
2 3646 3668
2 3646 4262
2 3647 3653
2 3647 3669
2 3647 4263
2 3648 4242
2 3649 4243
2 3650 4244
2 3651 4245
2 3652 4246
2 3653 4247
2 3654 3658
2 3654 3662
2 3655 3659
2 3655 3663
2 3656 3660
2 3656 3664
2 3657 3661
2 3657 3665
2 3662 3671
2 3664 3672
2 3666 3668
2 3666 3677
2 3667 3669
2 3667 3678
2 3668 3670
2 3671 3673
2 3671 3677
2 3672 3675
2 3672 3678
2 3677 3679
2 3680 3684
2 3680 7879
2 3680 18547
2 3681 8975
2 3681 14692
2 3682 8976
2 3682 14693
2 3683 3689
2 3683 3731
2 3683 4223
2 3684 3752
2 3684 8927
2 3684 19255
2 3685 3727
2 3685 4276
2 3686 3728
2 3687 3727
2 3687 4732
2 3688 3728
2 3688 4733
2 3689 3729
2 3690 3729
2 3691 3693
2 3691 3695
2 3691 3718
2 3692 3694
2 3692 3696
2 3692 3719
2 3695 3697
2 3695 3727
2 3696 3698
2 3696 3728
2 3697 3699
2 3697 3722
2 3698 3700
2 3698 3723
2 3701 3702
2 3701 3703
2 3701 8965
2 3703 3704
2 3703 3724
2 3705 3706
2 3705 3707
2 3705 3724
2 3707 3708
2 3707 3729
2 3708 3709
2 3708 3726
2 3710 3712
2 3710 3714
2 3710 8970
2 3711 3713
2 3711 3715
2 3711 8971
2 3714 3716
2 3714 3718
2 3715 3717
2 3715 3719
2 3718 3720
2 3719 3721
2 3720 3722
2 3720 8968
2 3721 3723
2 3721 8969
2 3722 8941
2 3723 8942
2 3724 3725
2 3725 3726
2 3725 8964
2 3726 8959
2 3730 3736
2 3730 8927
2 3731 3737
2 3732 3736
2 3732 3738
2 3732 4211
2 3733 3734
2 3733 3740
2 3733 4213
2 3734 3741
2 3734 4214
2 3735 3737
2 3735 3742
2 3735 4215
2 3736 4209
2 3737 4210
2 3738 3739
2 3738 3740
2 3740 3744
2 3741 3742
2 3741 3746
2 3742 3743
2 3744 3745
2 3744 3746
2 3746 3747
2 3748 3755
2 3748 13229
2 3748 18428
2 3749 3756
2 3749 13230
2 3749 18429
2 3750 3757
2 3750 13231
2 3750 18430
2 3751 3758
2 3751 13232
2 3751 18431
2 3752 4209
2 3752 14278
2 3753 3761
2 3753 3806
2 3753 4246
2 3754 3762
2 3754 3807
2 3754 4247
2 3755 14154
2 3755 19408
2 3756 14155
2 3756 19409
2 3757 14156
2 3757 19410
2 3758 14157
2 3758 19411
2 3759 3801
2 3759 4276
2 3760 3801
2 3760 4277
2 3761 3802
2 3762 3803
2 3763 3802
2 3764 3803
2 3765 3766
2 3765 3767
2 3765 3792
2 3767 3768
2 3767 3801
2 3768 3769
2 3768 3794
2 3770 3772
2 3770 3774
2 3770 14270
2 3771 3773
2 3771 3775
2 3771 14271
2 3774 3776
2 3774 3795
2 3775 3777
2 3775 3796
2 3778 3780
2 3778 3782
2 3778 3795
2 3779 3781
2 3779 3783
2 3779 3796
2 3782 3784
2 3782 3802
2 3783 3785
2 3783 3803
2 3784 3786
2 3784 3799
2 3785 3787
2 3785 3800
2 3788 3789
2 3788 3790
2 3788 14274
2 3790 3791
2 3790 3792
2 3792 3793
2 3793 3794
2 3793 14273
2 3794 14249
2 3795 3797
2 3796 3798
2 3797 3799
2 3797 14268
2 3798 3800
2 3798 14269
2 3799 14258
2 3800 14259
2 3804 3816
2 3804 14230
2 3805 3817
2 3805 14231
2 3806 3818
2 3807 3819
2 3808 3816
2 3808 3820
2 3808 4224
2 3809 3817
2 3809 3821
2 3809 4225
2 3810 3812
2 3810 3824
2 3810 4228
2 3811 3813
2 3811 3825
2 3811 4229
2 3812 3826
2 3812 4230
2 3813 3827
2 3813 4231
2 3814 3818
2 3814 3828
2 3814 4232
2 3815 3819
2 3815 3829
2 3815 4233
2 3816 4221
2 3817 4222
2 3818 4223
2 3820 3822
2 3820 3824
2 3821 3823
2 3821 3825
2 3824 3832
2 3825 3833
2 3826 3828
2 3826 3836
2 3827 3829
2 3827 3837
2 3828 3830
2 3829 3831
2 3832 3834
2 3832 3836
2 3833 3835
2 3833 3837
2 3836 3838
2 3837 3839
2 3840 3846
2 3840 4883
2 3840 4977
2 3840 5064
2 3841 3846
2 3841 3909
2 3841 4188
2 3841 4978
2 3842 3847
2 3842 3853
2 3842 9167
2 3842 14618
2 3843 3848
2 3843 3854
2 3843 9168
2 3843 14619
2 3844 3847
2 3844 3855
2 3844 9209
2 3844 14538
2 3845 3848
2 3845 3856
2 3845 9210
2 3845 14539
2 3846 3927
2 3846 3998
2 3847 9203
2 3847 14530
2 3848 9204
2 3848 14531
2 3849 3905
2 3850 3906
2 3851 3905
2 3852 3906
2 3853 3907
2 3854 3908
2 3855 3907
2 3856 3908
2 3857 3859
2 3857 3861
2 3857 3893
2 3858 3860
2 3858 3862
2 3858 3894
2 3861 3863
2 3861 3905
2 3862 3864
2 3862 3906
2 3863 3865
2 3863 3897
2 3864 3866
2 3864 3898
2 3867 3869
2 3867 3871
2 3867 3897
2 3868 3870
2 3868 3872
2 3868 3898
2 3871 3873
2 3871 3899
2 3872 3874
2 3872 3900
2 3875 3877
2 3875 3879
2 3875 3899
2 3876 3878
2 3876 3880
2 3876 3900
2 3879 3881
2 3879 3907
2 3880 3882
2 3880 3908
2 3881 3883
2 3881 3903
2 3882 3884
2 3882 3904
2 3885 3887
2 3885 3889
2 3885 3903
2 3886 3888
2 3886 3890
2 3886 3904
2 3889 3891
2 3889 3893
2 3890 3892
2 3890 3894
2 3893 3895
2 3894 3896
2 3895 3897
2 3895 3901
2 3896 3898
2 3896 3902
2 3899 3901
2 3900 3902
2 3901 3903
2 3902 3904
2 3909 3915
2 3910 3916
2 3910 9133
2 3911 3915
2 3911 3917
2 3911 4178
2 3912 3913
2 3912 3919
2 3912 4180
2 3913 3920
2 3913 4181
2 3914 3916
2 3914 3921
2 3914 4182
2 3915 4176
2 3916 4177
2 3917 3918
2 3917 3919
2 3919 3923
2 3920 3921
2 3920 3925
2 3921 3922
2 3923 3924
2 3923 3925
2 3925 3926
2 3927 3962
2 3927 4142
2 3927 5066
2 3928 3963
2 3928 4143
2 3928 5067
2 3929 3931
2 3929 3934
2 3929 4177
2 3929 14512
2 3930 3931
2 3930 3935
2 3930 9138
2 3930 19734
2 3931 9133
2 3931 19730
2 3932 3960
2 3933 3960
2 3934 3961
2 3935 3961
2 3936 3937
2 3936 3938
2 3936 3954
2 3938 3939
2 3938 3960
2 3939 3940
2 3939 3956
2 3941 3942
2 3941 3943
2 3941 3956
2 3943 3944
2 3943 3957
2 3945 3946
2 3945 3947
2 3945 3957
2 3947 3948
2 3947 3961
2 3948 3949
2 3948 3959
2 3950 3951
2 3950 3952
2 3950 3959
2 3952 3953
2 3952 3954
2 3954 3955
2 3955 3956
2 3955 3958
2 3957 3958
2 3958 3959
2 3962 3974
2 3963 3975
2 3964 3976
2 3964 14449
2 3965 3977
2 3965 14450
2 3966 3974
2 3966 3978
2 3966 4191
2 3967 3975
2 3967 3979
2 3967 4192
2 3968 3970
2 3968 3982
2 3968 4194
2 3969 3971
2 3969 3983
2 3969 4195
2 3970 3984
2 3970 4196
2 3971 3985
2 3971 4197
2 3972 3976
2 3972 3986
2 3972 4198
2 3973 3977
2 3973 3987
2 3973 4199
2 3974 4188
2 3976 4189
2 3977 4190
2 3978 3980
2 3978 3982
2 3979 3981
2 3979 3983
2 3982 3990
2 3983 3991
2 3984 3986
2 3984 3994
2 3985 3987
2 3985 3995
2 3986 3988
2 3987 3989
2 3990 3992
2 3990 3994
2 3991 3993
2 3991 3995
2 3994 3996
2 3995 3997
2 3998 4095
2 3998 4176
2 3998 4884
2 3999 4007
2 3999 4015
2 3999 4096
2 3999 9442
2 4000 4008
2 4000 4016
2 4000 4097
2 4000 9443
2 4001 4009
2 4001 4017
2 4001 4098
2 4001 9444
2 4002 4010
2 4002 4018
2 4002 4099
2 4002 9445
2 4003 4007
2 4003 4019
2 4003 14315
2 4003 19620
2 4004 4008
2 4004 4020
2 4004 14316
2 4004 19621
2 4005 4009
2 4005 4021
2 4005 14317
2 4005 19622
2 4006 4010
2 4006 4022
2 4006 14318
2 4006 19623
2 4007 14298
2 4007 19608
2 4008 14299
2 4008 19609
2 4009 14300
2 4009 19610
2 4010 14301
2 4010 19611
2 4011 4089
2 4012 4090
2 4013 4089
2 4014 4090
2 4015 4091
2 4016 4092
2 4017 4093
2 4018 4094
2 4019 4091
2 4020 4092
2 4021 4093
2 4022 4094
2 4023 4025
2 4023 4027
2 4023 4075
2 4024 4026
2 4024 4028
2 4024 4076
2 4027 4029
2 4027 4089
2 4028 4030
2 4028 4090
2 4029 4031
2 4029 4079
2 4030 4032
2 4030 4080
2 4033 4035
2 4033 4039
2 4033 4079
2 4034 4036
2 4034 4040
2 4034 4080
2 4039 4043
2 4039 4081
2 4040 4044
2 4040 4082
2 4041 4045
2 4041 4083
2 4042 4046
2 4042 4084
2 4047 4051
2 4047 4055
2 4047 4081
2 4048 4052
2 4048 4056
2 4048 4082
2 4049 4053
2 4049 4057
2 4049 4083
2 4050 4054
2 4050 4058
2 4050 4084
2 4055 4059
2 4055 4091
2 4056 4060
2 4056 4092
2 4057 4061
2 4057 4093
2 4058 4062
2 4058 4094
2 4059 4063
2 4059 4087
2 4060 4064
2 4060 4088
2 4061 4065
2 4062 4066
2 4067 4069
2 4067 4071
2 4067 4087
2 4068 4070
2 4068 4072
2 4068 4088
2 4071 4073
2 4071 4075
2 4072 4074
2 4072 4076
2 4075 4077
2 4076 4078
2 4077 4079
2 4077 4085
2 4078 4080
2 4078 4086
2 4081 4085
2 4082 4086
2 4085 4087
2 4086 4088
2 4095 4110
2 4096 4112
2 4097 4113
2 4098 4114
2 4099 4115
2 4100 4110
2 4100 4116
2 4100 4148
2 4101 4111
2 4101 4117
2 4101 4149
2 4102 4104
2 4102 4119
2 4102 4152
2 4103 4105
2 4103 4120
2 4103 4153
2 4104 4121
2 4104 4154
2 4105 4123
2 4105 4156
2 4106 4112
2 4106 4125
2 4106 4158
2 4107 4113
2 4107 4126
2 4107 4159
2 4108 4114
2 4108 4127
2 4108 4160
2 4109 4115
2 4109 4128
2 4109 4161
2 4110 4142
2 4111 4143
2 4112 4144
2 4113 4145
2 4114 4146
2 4115 4147
2 4116 4118
2 4116 4119
2 4117 4120
2 4119 4133
2 4120 4134
2 4121 4125
2 4121 4136
2 4122 4126
2 4123 4127
2 4123 4137
2 4124 4128
2 4125 4129
2 4126 4130
2 4127 4131
2 4128 4132
2 4133 4135
2 4133 4136
2 4134 4137
2 4136 4138
2 4137 4140
2 4144 14298
2 4145 14299
2 4146 14300
2 4147 14301
2 4148 4150
2 4148 4152
2 4149 4151
2 4149 4153
2 4152 4166
2 4153 4167
2 4154 4158
2 4154 4170
2 4155 4159
2 4156 4160
2 4156 4171
2 4157 4161
2 4158 4162
2 4159 4163
2 4160 4164
2 4161 4165
2 4166 4168
2 4166 4170
2 4167 4169
2 4167 4171
2 4170 4172
2 4171 4174
2 4178 4179
2 4178 4180
2 4180 4184
2 4181 4182
2 4181 4186
2 4182 4183
2 4184 4185
2 4184 4186
2 4186 4187
2 4189 9314
2 4190 9315
2 4191 4193
2 4191 4194
2 4192 4195
2 4194 4202
2 4195 4203
2 4196 4198
2 4196 4205
2 4197 4199
2 4197 4206
2 4198 4200
2 4199 4201
2 4202 4204
2 4202 4205
2 4203 4206
2 4205 4207
2 4206 4208
2 4211 4212
2 4211 4213
2 4213 4217
2 4214 4215
2 4214 4219
2 4215 4216
2 4217 4218
2 4217 4219
2 4219 4220
2 4221 8859
2 4222 8860
2 4224 4226
2 4224 4228
2 4225 4227
2 4225 4229
2 4228 4235
2 4229 4236
2 4230 4232
2 4230 4239
2 4231 4233
2 4231 4240
2 4232 4234
2 4235 4237
2 4235 4239
2 4236 4238
2 4236 4240
2 4239 4241
2 4242 14154
2 4243 14155
2 4244 14156
2 4245 14157
2 4248 4252
2 4248 4256
2 4249 4253
2 4249 4257
2 4250 4254
2 4250 4258
2 4251 4255
2 4251 4259
2 4256 4266
2 4258 4267
2 4260 4262
2 4260 4272
2 4261 4263
2 4261 4273
2 4262 4264
2 4263 4265
2 4266 4268
2 4266 4272
2 4267 4270
2 4267 4273
2 4272 4274
2 4273 4275
2 4276 4286
2 4277 4286
2 4277 4411
2 4277 5260
2 4278 4287
2 4278 4299
2 4278 10467
2 4278 14777
2 4279 4288
2 4279 4300
2 4279 10468
2 4279 14778
2 4280 4289
2 4280 4301
2 4280 10469
2 4280 14779
2 4281 4290
2 4281 4302
2 4281 10470
2 4281 14780
2 4282 4287
2 4282 4303
2 4282 9886
2 4282 15013
2 4283 4288
2 4283 4304
2 4283 9887
2 4283 15014
2 4284 4289
2 4284 4305
2 4284 9888
2 4284 15015
2 4285 4290
2 4285 4306
2 4285 9889
2 4285 15016
2 4286 4446
2 4286 4732
2 4287 9870
2 4287 15001
2 4288 9871
2 4288 15002
2 4289 9872
2 4289 15003
2 4290 9873
2 4290 15004
2 4291 4403
2 4292 4404
2 4293 4405
2 4294 4406
2 4295 4403
2 4296 4404
2 4297 4405
2 4298 4406
2 4299 4407
2 4300 4408
2 4301 4409
2 4302 4410
2 4303 4407
2 4304 4408
2 4305 4409
2 4306 4410
2 4307 4311
2 4307 4315
2 4307 4379
2 4308 4312
2 4308 4316
2 4308 4380
2 4309 4313
2 4309 4317
2 4309 4381
2 4310 4314
2 4310 4318
2 4310 4382
2 4315 4319
2 4315 4403
2 4316 4320
2 4316 4404
2 4317 4321
2 4317 4405
2 4318 4322
2 4318 4406
2 4319 4323
2 4319 4387
2 4320 4324
2 4320 4388
2 4321 4325
2 4321 4389
2 4322 4326
2 4322 4390
2 4327 4331
2 4327 4335
2 4327 4387
2 4328 4332
2 4328 4336
2 4328 4388
2 4329 4333
2 4329 4337
2 4329 4389
2 4330 4334
2 4330 4338
2 4330 4390
2 4335 4339
2 4335 4391
2 4336 4340
2 4336 4392
2 4337 4341
2 4337 4393
2 4338 4342
2 4338 4394
2 4343 4347
2 4343 4351
2 4343 4391
2 4344 4348
2 4344 4352
2 4344 4392
2 4345 4349
2 4345 4353
2 4345 4393
2 4346 4350
2 4346 4354
2 4346 4394
2 4351 4355
2 4351 4407
2 4352 4356
2 4352 4408
2 4353 4357
2 4353 4409
2 4354 4358
2 4354 4410
2 4355 4359
2 4355 4399
2 4356 4360
2 4356 4400
2 4357 4361
2 4357 4401
2 4358 4362
2 4358 4402
2 4363 4367
2 4363 4371
2 4363 4399
2 4364 4368
2 4364 4372
2 4364 4400
2 4365 4369
2 4365 4373
2 4365 4401
2 4366 4370
2 4366 4374
2 4366 4402
2 4371 4375
2 4371 4379
2 4372 4376
2 4372 4380
2 4373 4377
2 4373 4381
2 4374 4378
2 4374 4382
2 4379 4383
2 4380 4384
2 4381 4385
2 4382 4386
2 4383 4387
2 4383 4395
2 4384 4388
2 4384 4396
2 4385 4389
2 4385 4397
2 4386 4390
2 4386 4398
2 4391 4395
2 4392 4396
2 4393 4397
2 4394 4398
2 4395 4399
2 4396 4400
2 4397 4401
2 4398 4402
2 4411 4423
2 4412 4424
2 4412 14712
2 4413 4425
2 4413 14713
2 4414 4422
2 4414 4426
2 4414 5304
2 4415 4423
2 4415 4427
2 4415 5305
2 4416 4418
2 4416 4430
2 4416 5308
2 4417 4419
2 4417 4431
2 4417 5309
2 4418 4432
2 4418 5310
2 4419 4433
2 4419 5311
2 4420 4424
2 4420 4434
2 4420 5312
2 4421 4425
2 4421 4435
2 4421 5313
2 4423 5301
2 4424 5302
2 4425 5303
2 4426 4428
2 4426 4430
2 4427 4429
2 4427 4431
2 4430 4438
2 4431 4439
2 4432 4434
2 4432 4442
2 4433 4435
2 4433 4443
2 4434 4436
2 4435 4437
2 4438 4440
2 4438 4442
2 4439 4441
2 4439 4443
2 4442 4444
2 4443 4445
2 4446 4639
2 4446 5301
2 4447 4463
2 4447 4479
2 4447 4640
2 4447 15621
2 4448 4464
2 4448 4480
2 4448 4641
2 4448 15622
2 4449 4465
2 4449 4481
2 4449 4642
2 4449 15623
2 4450 4466
2 4450 4482
2 4450 4643
2 4450 15624
2 4451 4467
2 4451 4483
2 4451 4644
2 4451 15625
2 4452 4468
2 4452 4484
2 4452 4645
2 4452 15626
2 4453 4469
2 4453 4485
2 4453 4646
2 4453 15627
2 4454 4470
2 4454 4486
2 4454 4647
2 4454 15628
2 4455 4463
2 4455 4487
2 4455 9604
2 4455 20262
2 4456 4464
2 4456 4488
2 4456 9605
2 4456 20263
2 4457 4465
2 4457 4489
2 4457 9606
2 4457 20264
2 4458 4466
2 4458 4490
2 4458 9607
2 4458 20265
2 4459 4467
2 4459 4491
2 4459 9608
2 4459 20266
2 4460 4468
2 4460 4492
2 4460 9609
2 4460 20267
2 4461 4469
2 4461 4493
2 4461 9610
2 4461 20268
2 4462 4470
2 4462 4494
2 4462 9611
2 4462 20269
2 4463 9571
2 4463 20238
2 4464 9572
2 4464 20239
2 4465 9573
2 4465 20240
2 4466 9574
2 4466 20241
2 4467 9575
2 4467 20242
2 4468 9576
2 4468 20243
2 4469 9577
2 4469 20244
2 4470 9578
2 4470 20245
2 4471 4627
2 4472 4628
2 4473 4629
2 4474 4630
2 4475 4627
2 4476 4628
2 4477 4629
2 4478 4630
2 4479 4631
2 4480 4632
2 4481 4633
2 4482 4634
2 4483 4635
2 4484 4636
2 4485 4637
2 4486 4638
2 4487 4631
2 4488 4632
2 4489 4633
2 4490 4634
2 4491 4635
2 4492 4636
2 4493 4637
2 4494 4638
2 4495 4499
2 4495 4503
2 4495 4599
2 4496 4500
2 4496 4504
2 4496 4600
2 4497 4501
2 4497 4505
2 4497 4601
2 4498 4502
2 4498 4506
2 4498 4602
2 4503 4507
2 4503 4627
2 4504 4508
2 4504 4628
2 4505 4509
2 4505 4629
2 4506 4510
2 4506 4630
2 4507 4511
2 4507 4607
2 4508 4512
2 4508 4608
2 4509 4513
2 4509 4609
2 4510 4514
2 4510 4610
2 4515 4519
2 4515 4527
2 4515 4607
2 4516 4520
2 4516 4528
2 4516 4608
2 4517 4523
2 4517 4531
2 4517 4609
2 4518 4524
2 4518 4532
2 4518 4610
2 4527 4535
2 4527 4611
2 4528 4536
2 4528 4612
2 4529 4537
2 4529 4613
2 4530 4538
2 4530 4614
2 4531 4539
2 4531 4615
2 4532 4540
2 4532 4616
2 4533 4541
2 4533 4617
2 4534 4542
2 4534 4618
2 4543 4551
2 4543 4559
2 4543 4611
2 4544 4552
2 4544 4560
2 4544 4612
2 4545 4553
2 4545 4561
2 4545 4613
2 4546 4554
2 4546 4562
2 4546 4614
2 4547 4555
2 4547 4563
2 4547 4615
2 4548 4556
2 4548 4564
2 4548 4616
2 4549 4557
2 4549 4565
2 4549 4617
2 4550 4558
2 4550 4566
2 4550 4618
2 4559 4567
2 4559 4631
2 4560 4568
2 4560 4632
2 4561 4569
2 4561 4633
2 4562 4570
2 4562 4634
2 4563 4571
2 4563 4635
2 4564 4572
2 4564 4636
2 4565 4573
2 4565 4637
2 4566 4574
2 4566 4638
2 4567 4575
2 4567 4623
2 4568 4576
2 4568 4624
2 4569 4577
2 4570 4578
2 4571 4579
2 4571 4625
2 4572 4580
2 4572 4626
2 4573 4581
2 4574 4582
2 4583 4587
2 4583 4591
2 4583 4623
2 4584 4588
2 4584 4592
2 4584 4624
2 4585 4589
2 4585 4593
2 4585 4625
2 4586 4590
2 4586 4594
2 4586 4626
2 4591 4595
2 4591 4599
2 4592 4596
2 4592 4600
2 4593 4597
2 4593 4601
2 4594 4598
2 4594 4602
2 4599 4603
2 4600 4604
2 4601 4605
2 4602 4606
2 4603 4607
2 4603 4619
2 4604 4608
2 4604 4620
2 4605 4609
2 4605 4621
2 4606 4610
2 4606 4622
2 4611 4619
2 4612 4620
2 4615 4621
2 4616 4622
2 4619 4623
2 4620 4624
2 4621 4625
2 4622 4626
2 4639 4669
2 4640 4672
2 4641 4673
2 4642 4674
2 4643 4675
2 4644 4676
2 4645 4677
2 4646 4678
2 4647 4679
2 4648 4668
2 4648 4680
2 4648 5204
2 4649 4669
2 4649 4681
2 4649 5205
2 4650 4670
2 4650 4682
2 4650 5206
2 4651 4671
2 4651 4683
2 4651 5207
2 4652 4656
2 4652 4686
2 4652 5212
2 4653 4657
2 4653 4687
2 4653 5213
2 4654 4658
2 4654 4688
2 4654 5214
2 4655 4659
2 4655 4689
2 4655 5215
2 4656 4690
2 4656 5216
2 4657 4691
2 4657 5217
2 4658 4692
2 4658 5218
2 4659 4693
2 4659 5219
2 4660 4672
2 4660 4698
2 4660 5224
2 4661 4673
2 4661 4699
2 4661 5225
2 4662 4674
2 4662 4700
2 4662 5226
2 4663 4675
2 4663 4701
2 4663 5227
2 4664 4676
2 4664 4702
2 4664 5228
2 4665 4677
2 4665 4703
2 4665 5229
2 4666 4678
2 4666 4704
2 4666 5230
2 4667 4679
2 4667 4705
2 4667 5231
2 4669 5194
2 4671 5195
2 4672 5196
2 4673 5197
2 4674 5198
2 4675 5199
2 4676 5200
2 4677 5201
2 4678 5202
2 4679 5203
2 4680 4684
2 4680 4686
2 4681 4685
2 4681 4687
2 4682 4688
2 4683 4689
2 4686 4714
2 4687 4715
2 4688 4716
2 4689 4717
2 4690 4698
2 4690 4720
2 4691 4699
2 4691 4721
2 4692 4700
2 4692 4722
2 4693 4701
2 4693 4723
2 4694 4702
2 4695 4703
2 4696 4704
2 4697 4705
2 4698 4706
2 4699 4707
2 4700 4708
2 4701 4709
2 4702 4710
2 4703 4711
2 4704 4712
2 4705 4713
2 4714 4718
2 4714 4720
2 4715 4719
2 4715 4721
2 4716 4722
2 4717 4723
2 4720 4724
2 4721 4725
2 4722 4726
2 4723 4727
2 4732 4800
2 4732 5194
2 4733 4801
2 4733 5195
2 4734 4738
2 4734 4744
2 4734 5302
2 4734 10177
2 4735 4739
2 4735 4745
2 4735 5303
2 4735 10178
2 4736 4738
2 4736 4746
2 4736 14721
2 4736 20148
2 4737 4739
2 4737 4747
2 4737 14722
2 4737 20149
2 4738 14712
2 4738 20140
2 4739 14713
2 4739 20141
2 4740 4796
2 4741 4797
2 4742 4796
2 4743 4797
2 4744 4798
2 4745 4799
2 4746 4798
2 4747 4799
2 4748 4750
2 4748 4752
2 4748 4784
2 4749 4751
2 4749 4753
2 4749 4785
2 4752 4754
2 4752 4796
2 4753 4755
2 4753 4797
2 4754 4756
2 4754 4788
2 4755 4757
2 4755 4789
2 4758 4760
2 4758 4762
2 4758 4788
2 4759 4761
2 4759 4763
2 4759 4789
2 4762 4764
2 4762 4790
2 4763 4765
2 4763 4791
2 4766 4768
2 4766 4770
2 4766 4790
2 4767 4769
2 4767 4771
2 4767 4791
2 4770 4772
2 4770 4798
2 4771 4773
2 4771 4799
2 4772 4774
2 4772 4794
2 4773 4775
2 4773 4795
2 4776 4778
2 4776 4780
2 4776 4794
2 4777 4779
2 4777 4781
2 4777 4795
2 4780 4782
2 4780 4784
2 4781 4783
2 4781 4785
2 4784 4786
2 4785 4787
2 4786 4788
2 4786 4792
2 4787 4789
2 4787 4793
2 4790 4792
2 4791 4793
2 4792 4794
2 4793 4795
2 4800 4823
2 4801 4825
2 4802 4826
2 4802 10044
2 4803 4827
2 4803 10045
2 4804 4828
2 4804 10046
2 4805 4829
2 4805 10047
2 4806 4822
2 4806 4830
2 4806 5265
2 4807 4823
2 4807 4831
2 4807 5266
2 4808 4824
2 4808 4832
2 4808 5267
2 4809 4825
2 4809 4833
2 4809 5268
2 4810 4814
2 4810 4838
2 4810 5271
2 4811 4815
2 4811 4839
2 4811 5272
2 4812 4816
2 4812 4840
2 4812 5273
2 4813 4817
2 4813 4841
2 4813 5274
2 4814 4842
2 4814 5275
2 4815 4843
2 4815 5276
2 4816 4844
2 4816 5277
2 4817 4845
2 4817 5278
2 4818 4826
2 4818 4846
2 4818 5279
2 4819 4827
2 4819 4847
2 4819 5280
2 4820 4828
2 4820 4848
2 4820 5281
2 4821 4829
2 4821 4849
2 4821 5282
2 4823 5260
2 4826 5261
2 4827 5262
2 4828 5263
2 4829 5264
2 4830 4834
2 4830 4838
2 4831 4835
2 4831 4839
2 4832 4836
2 4832 4840
2 4833 4837
2 4833 4841
2 4838 4854
2 4839 4855
2 4840 4856
2 4841 4857
2 4842 4846
2 4842 4862
2 4843 4847
2 4843 4863
2 4844 4848
2 4844 4864
2 4845 4849
2 4845 4865
2 4846 4850
2 4847 4851
2 4848 4852
2 4849 4853
2 4854 4858
2 4854 4862
2 4855 4859
2 4855 4863
2 4856 4860
2 4856 4864
2 4857 4861
2 4857 4865
2 4862 4866
2 4863 4867
2 4864 4868
2 4865 4869
2 4870 8387
2 4870 13809
2 4871 4880
2 4871 8388
2 4871 13810
2 4872 8389
2 4872 13811
2 4873 4881
2 4873 8390
2 4873 13812
2 4874 4913
2 4874 4973
2 4874 15531
2 4875 4914
2 4875 4974
2 4875 15532
2 4876 4915
2 4876 4975
2 4876 15533
2 4877 4916
2 4877 4976
2 4877 15534
2 4878 4882
2 4878 4885
2 4878 4917
2 4878 5128
2 4879 4882
2 4879 4886
2 4879 4981
2 4879 5069
2 4880 5060
2 4880 10211
2 4880 15287
2 4881 5061
2 4881 10212
2 4881 15288
2 4882 4971
2 4882 5062
2 4883 4911
2 4884 4911
2 4885 4912
2 4886 4912
2 4887 4888
2 4887 4889
2 4887 4905
2 4889 4890
2 4889 4911
2 4890 4891
2 4890 4907
2 4892 4893
2 4892 4894
2 4892 4907
2 4894 4895
2 4894 4908
2 4896 4897
2 4896 4898
2 4896 4908
2 4898 4899
2 4898 4912
2 4899 4900
2 4899 4910
2 4901 4902
2 4901 4903
2 4901 4910
2 4903 4904
2 4903 4905
2 4905 4906
2 4906 4907
2 4906 4909
2 4908 4909
2 4909 4910
2 4913 4930
2 4914 4931
2 4915 4932
2 4916 4933
2 4917 4934
2 4918 4930
2 4918 4936
2 4918 5145
2 4919 4931
2 4919 4937
2 4919 5146
2 4920 4932
2 4920 4938
2 4920 5147
2 4921 4933
2 4921 4939
2 4921 5148
2 4922 4926
2 4922 4944
2 4922 5153
2 4923 4927
2 4923 4945
2 4923 5154
2 4924 4946
2 4924 5155
2 4925 4947
2 4925 5156
2 4926 4948
2 4926 5157
2 4927 4949
2 4927 5158
2 4928 4934
2 4928 4950
2 4928 5159
2 4929 4935
2 4929 4951
2 4929 5160
2 4930 5139
2 4931 5140
2 4932 5141
2 4933 5142
2 4934 5143
2 4935 5144
2 4936 4940
2 4936 4944
2 4937 4941
2 4937 4945
2 4938 4942
2 4938 4946
2 4939 4943
2 4939 4947
2 4944 4953
2 4945 4954
2 4948 4950
2 4948 4959
2 4949 4951
2 4949 4960
2 4950 4952
2 4953 4955
2 4953 4959
2 4954 4956
2 4954 4960
2 4959 4961
2 4962 8095
2 4962 18885
2 4963 4973
2 4963 8096
2 4963 18886
2 4964 8097
2 4964 18887
2 4965 4974
2 4965 8098
2 4965 18888
2 4966 8099
2 4966 18889
2 4967 4975
2 4967 8100
2 4967 18890
2 4968 8101
2 4968 18891
2 4969 4976
2 4969 8102
2 4969 18892
2 4970 5063
2 4970 5127
2 4970 10320
2 4971 4979
2 4971 5024
2 4971 5143
2 4972 4980
2 4972 5025
2 4972 5144
2 4973 10342
2 4973 20531
2 4974 10343
2 4974 20532
2 4975 10344
2 4975 20533
2 4976 10345
2 4976 20534
2 4977 5019
2 4978 5019
2 4979 5020
2 4980 5021
2 4981 5020
2 4982 5021
2 4983 4984
2 4983 4985
2 4983 5010
2 4985 4986
2 4985 5019
2 4986 4987
2 4986 5012
2 4988 4990
2 4988 4992
2 4988 10312
2 4989 4991
2 4989 4993
2 4989 10313
2 4992 4994
2 4992 5013
2 4993 4995
2 4993 5014
2 4996 4998
2 4996 5000
2 4996 5013
2 4997 4999
2 4997 5001
2 4997 5014
2 5000 5002
2 5000 5020
2 5001 5003
2 5001 5021
2 5002 5004
2 5002 5017
2 5003 5005
2 5003 5018
2 5006 5007
2 5006 5008
2 5006 10316
2 5008 5009
2 5008 5010
2 5010 5011
2 5011 5012
2 5011 10315
2 5012 10291
2 5013 5015
2 5014 5016
2 5015 5017
2 5015 10310
2 5016 5018
2 5016 10311
2 5017 10300
2 5018 10301
2 5022 5034
2 5022 10272
2 5023 5035
2 5023 10273
2 5024 5036
2 5025 5037
2 5026 5034
2 5026 5038
2 5026 5176
2 5027 5035
2 5027 5039
2 5027 5177
2 5028 5030
2 5028 5042
2 5028 5180
2 5029 5031
2 5029 5043
2 5029 5181
2 5030 5044
2 5030 5182
2 5031 5045
2 5031 5183
2 5032 5036
2 5032 5046
2 5032 5184
2 5033 5037
2 5033 5047
2 5033 5185
2 5034 5173
2 5035 5174
2 5036 5175
2 5038 5040
2 5038 5042
2 5039 5041
2 5039 5043
2 5042 5050
2 5043 5051
2 5044 5046
2 5044 5054
2 5045 5047
2 5045 5055
2 5046 5048
2 5047 5049
2 5050 5052
2 5050 5054
2 5051 5053
2 5051 5055
2 5054 5056
2 5055 5057
2 5058 13559
2 5058 18783
2 5059 5063
2 5059 13560
2 5059 18784
2 5060 10437
2 5060 15450
2 5061 10438
2 5061 15451
2 5062 5068
2 5062 5110
2 5062 5175
2 5063 15402
2 5063 20479
2 5064 5106
2 5065 5107
2 5066 5106
2 5067 5107
2 5068 5108
2 5069 5108
2 5070 5072
2 5070 5074
2 5070 5097
2 5071 5073
2 5071 5075
2 5071 5098
2 5074 5076
2 5074 5106
2 5075 5077
2 5075 5107
2 5076 5078
2 5076 5101
2 5077 5079
2 5077 5102
2 5080 5081
2 5080 5082
2 5080 15440
2 5082 5083
2 5082 5103
2 5084 5085
2 5084 5086
2 5084 5103
2 5086 5087
2 5086 5108
2 5087 5088
2 5087 5105
2 5089 5091
2 5089 5093
2 5089 15445
2 5090 5092
2 5090 5094
2 5090 15446
2 5093 5095
2 5093 5097
2 5094 5096
2 5094 5098
2 5097 5099
2 5098 5100
2 5099 5101
2 5099 15443
2 5100 5102
2 5100 15444
2 5101 15416
2 5102 15417
2 5103 5104
2 5104 5105
2 5104 15439
2 5105 15434
2 5109 5115
2 5109 15402
2 5110 5116
2 5111 5115
2 5111 5117
2 5111 5129
2 5112 5113
2 5112 5119
2 5112 5131
2 5113 5120
2 5113 5132
2 5114 5116
2 5114 5121
2 5114 5133
2 5115 5127
2 5116 5128
2 5117 5118
2 5117 5119
2 5119 5123
2 5120 5121
2 5120 5125
2 5121 5122
2 5123 5124
2 5123 5125
2 5125 5126
2 5129 5130
2 5129 5131
2 5131 5135
2 5132 5133
2 5132 5137
2 5133 5134
2 5135 5136
2 5135 5137
2 5137 5138
2 5139 10342
2 5140 10343
2 5141 10344
2 5142 10345
2 5145 5149
2 5145 5153
2 5146 5150
2 5146 5154
2 5147 5151
2 5147 5155
2 5148 5152
2 5148 5156
2 5153 5163
2 5154 5164
2 5157 5159
2 5157 5169
2 5158 5160
2 5158 5170
2 5159 5161
2 5160 5162
2 5163 5165
2 5163 5169
2 5164 5166
2 5164 5170
2 5169 5171
2 5170 5172
2 5173 15219
2 5174 15220
2 5176 5178
2 5176 5180
2 5177 5179
2 5177 5181
2 5180 5187
2 5181 5188
2 5182 5184
2 5182 5191
2 5183 5185
2 5183 5192
2 5184 5186
2 5187 5189
2 5187 5191
2 5188 5190
2 5188 5192
2 5191 5193
2 5196 9571
2 5197 9572
2 5198 9573
2 5199 9574
2 5200 9575
2 5201 9576
2 5202 9577
2 5203 9578
2 5204 5208
2 5204 5212
2 5205 5209
2 5205 5213
2 5206 5210
2 5206 5214
2 5207 5211
2 5207 5215
2 5212 5240
2 5213 5241
2 5214 5242
2 5215 5243
2 5216 5224
2 5216 5248
2 5217 5225
2 5217 5249
2 5218 5226
2 5218 5250
2 5219 5227
2 5219 5251
2 5220 5228
2 5221 5229
2 5222 5230
2 5223 5231
2 5224 5232
2 5225 5233
2 5226 5234
2 5227 5235
2 5228 5236
2 5229 5237
2 5230 5238
2 5231 5239
2 5240 5244
2 5240 5248
2 5241 5245
2 5241 5249
2 5242 5246
2 5242 5250
2 5243 5247
2 5243 5251
2 5248 5252
2 5249 5253
2 5250 5254
2 5251 5255
2 5261 14846
2 5262 14847
2 5263 14848
2 5264 14849
2 5265 5269
2 5265 5271
2 5266 5270
2 5266 5272
2 5267 5273
2 5268 5274
2 5271 5287
2 5272 5288
2 5273 5289
2 5274 5290
2 5275 5279
2 5275 5293
2 5276 5280
2 5276 5294
2 5277 5281
2 5277 5295
2 5278 5282
2 5278 5296
2 5279 5283
2 5280 5284
2 5281 5285
2 5282 5286
2 5287 5291
2 5287 5293
2 5288 5292
2 5288 5294
2 5289 5295
2 5290 5296
2 5293 5297
2 5294 5298
2 5295 5299
2 5296 5300
2 5304 5306
2 5304 5308
2 5305 5307
2 5305 5309
2 5308 5316
2 5309 5317
2 5310 5312
2 5310 5320
2 5311 5313
2 5311 5321
2 5312 5314
2 5313 5315
2 5316 5318
2 5316 5320
2 5317 5319
2 5317 5321
2 5320 5322
2 5321 5323
2 5324 5333
2 5324 7254
2 5324 7401
2 5324 7494
2 5325 5394
2 5325 10060
2 5326 5395
2 5326 10061
2 5327 5396
2 5327 6139
2 5327 7876
2 5327 10062
2 5328 5397
2 5328 6140
2 5328 7877
2 5328 10063
2 5329 5334
2 5329 5339
2 5329 5398
2 5329 6107
2 5330 5335
2 5330 5340
2 5330 5399
2 5330 6108
2 5331 5334
2 5331 5341
2 5331 5466
2 5331 5612
2 5332 5335
2 5332 5342
2 5332 5467
2 5332 5613
2 5333 7873
2 5333 7937
2 5333 8013
2 5334 5456
2 5334 5602
2 5335 5457
2 5335 5603
2 5336 5390
2 5337 5391
2 5338 5390
2 5338 6267
2 5339 5392
2 5340 5393
2 5341 5392
2 5342 5393
2 5343 5345
2 5343 5347
2 5343 5378
2 5344 5346
2 5344 5348
2 5344 5379
2 5347 5349
2 5347 5390
2 5348 5350
2 5348 5391
2 5349 5351
2 5349 5382
2 5350 5383
2 5352 5354
2 5352 5356
2 5352 5382
2 5353 5355
2 5353 5357
2 5353 5383
2 5356 5358
2 5356 5384
2 5357 5359
2 5357 5385
2 5360 5362
2 5360 5364
2 5360 5384
2 5361 5363
2 5361 5365
2 5361 5385
2 5364 5366
2 5364 5392
2 5365 5367
2 5365 5393
2 5366 5368
2 5366 5388
2 5367 5369
2 5367 5389
2 5370 5372
2 5370 5374
2 5370 5388
2 5371 5373
2 5371 5375
2 5371 5389
2 5374 5376
2 5374 5378
2 5375 5377
2 5375 5379
2 5378 5380
2 5379 5381
2 5380 5382
2 5380 5386
2 5381 5383
2 5381 5387
2 5384 5386
2 5385 5387
2 5386 5388
2 5387 5389
2 5394 5412
2 5395 5413
2 5396 5414
2 5397 5415
2 5398 5416
2 5399 5417
2 5400 5412
2 5400 5418
2 5400 6169
2 5401 5413
2 5401 5419
2 5401 6170
2 5402 5414
2 5402 5420
2 5402 6171
2 5403 5415
2 5403 5421
2 5403 6172
2 5404 5426
2 5404 6177
2 5405 5427
2 5405 6178
2 5406 5428
2 5406 6179
2 5407 5429
2 5407 6180
2 5408 5430
2 5408 6181
2 5409 5431
2 5409 6182
2 5410 5416
2 5410 5432
2 5410 6183
2 5411 5417
2 5411 5433
2 5411 6184
2 5412 6163
2 5413 6164
2 5414 6165
2 5415 6166
2 5416 6167
2 5417 6168
2 5418 5422
2 5418 5426
2 5419 5423
2 5419 5427
2 5420 5424
2 5420 5428
2 5421 5425
2 5421 5429
2 5426 5436
2 5427 5437
2 5428 5438
2 5429 5439
2 5430 5432
2 5430 5444
2 5431 5433
2 5431 5445
2 5432 5434
2 5433 5435
2 5436 5440
2 5437 5441
2 5438 5442
2 5439 5443
2 5444 5446
2 5445 5447
2 5448 6163
2 5448 9588
2 5449 6164
2 5449 9589
2 5450 5544
2 5450 6165
2 5450 7876
2 5450 9590
2 5451 5545
2 5451 6166
2 5451 7877
2 5451 9591
2 5452 9592
2 5453 9593
2 5454 5546
2 5454 9594
2 5455 5547
2 5455 9595
2 5456 5464
2 5456 5548
2 5456 6141
2 5457 5465
2 5457 5549
2 5457 6142
2 5458 5538
2 5459 5539
2 5460 5540
2 5461 5541
2 5462 5538
2 5462 6355
2 5463 5540
2 5463 6356
2 5464 5542
2 5465 5543
2 5466 5542
2 5467 5543
2 5468 5472
2 5468 5476
2 5468 5520
2 5469 5473
2 5469 5477
2 5469 5521
2 5470 5474
2 5470 5478
2 5470 5522
2 5471 5475
2 5471 5479
2 5471 5523
2 5476 5480
2 5476 5538
2 5477 5481
2 5477 5539
2 5478 5482
2 5478 5540
2 5479 5483
2 5479 5541
2 5480 5484
2 5480 5528
2 5481 5529
2 5482 5485
2 5482 5530
2 5483 5531
2 5486 5488
2 5486 5490
2 5486 5530
2 5487 5489
2 5487 5491
2 5487 5531
2 5490 5492
2 5490 5532
2 5491 5493
2 5491 5533
2 5494 5496
2 5494 5498
2 5494 5532
2 5495 5497
2 5495 5499
2 5495 5533
2 5498 5500
2 5498 5542
2 5499 5501
2 5499 5543
2 5500 5502
2 5500 5536
2 5501 5503
2 5501 5537
2 5504 5508
2 5504 5512
2 5505 5509
2 5505 5513
2 5506 5510
2 5506 5514
2 5506 5536
2 5507 5511
2 5507 5515
2 5507 5537
2 5512 5516
2 5512 5520
2 5513 5517
2 5513 5521
2 5514 5518
2 5514 5522
2 5515 5519
2 5515 5523
2 5520 5524
2 5521 5525
2 5522 5526
2 5523 5527
2 5524 5528
2 5525 5529
2 5526 5530
2 5526 5534
2 5527 5531
2 5527 5535
2 5532 5534
2 5533 5535
2 5534 5536
2 5535 5537
2 5544 5562
2 5545 5563
2 5546 5564
2 5547 5565
2 5548 5566
2 5549 5567
2 5550 5562
2 5550 5568
2 5550 6109
2 5551 5563
2 5551 5569
2 5551 6110
2 5552 5564
2 5552 5570
2 5552 6111
2 5553 5565
2 5553 5571
2 5553 6112
2 5554 5576
2 5554 6117
2 5554 16116
2 5555 5577
2 5555 6118
2 5555 16117
2 5556 5578
2 5556 6119
2 5556 16118
2 5557 5579
2 5557 6120
2 5557 16119
2 5558 5580
2 5558 6121
2 5558 16114
2 5559 5581
2 5559 6122
2 5559 16115
2 5560 5566
2 5560 5582
2 5560 6123
2 5561 5567
2 5561 5583
2 5561 6124
2 5562 6103
2 5563 6104
2 5564 6105
2 5565 6106
2 5566 6107
2 5567 6108
2 5568 5572
2 5568 5576
2 5569 5573
2 5569 5577
2 5570 5574
2 5570 5578
2 5571 5575
2 5571 5579
2 5576 5586
2 5577 5587
2 5578 5588
2 5579 5589
2 5580 5582
2 5580 5594
2 5581 5583
2 5581 5595
2 5582 5584
2 5583 5585
2 5586 5590
2 5586 16152
2 5587 5591
2 5587 16153
2 5588 5592
2 5588 16154
2 5589 5593
2 5589 16155
2 5594 5596
2 5594 16148
2 5595 5597
2 5595 16149
2 5598 5690
2 5598 6103
2 5598 7876
2 5598 9878
2 5599 5691
2 5599 6104
2 5599 7877
2 5599 9879
2 5600 6105
2 5600 9880
2 5601 6106
2 5601 9881
2 5602 5610
2 5602 5692
2 5602 6167
2 5603 5611
2 5603 5693
2 5603 6168
2 5604 5684
2 5604 6351
2 5605 5685
2 5605 6352
2 5606 5686
2 5606 6353
2 5607 5687
2 5607 6354
2 5608 5684
2 5608 6199
2 5609 5686
2 5609 6200
2 5610 5688
2 5611 5689
2 5612 5688
2 5613 5689
2 5614 5618
2 5614 5622
2 5614 5666
2 5615 5619
2 5615 5623
2 5615 5667
2 5616 5620
2 5616 5624
2 5616 5668
2 5617 5621
2 5617 5625
2 5617 5669
2 5622 5626
2 5622 5684
2 5623 5627
2 5623 5685
2 5624 5628
2 5624 5686
2 5625 5629
2 5625 5687
2 5626 5630
2 5626 5674
2 5627 5675
2 5628 5631
2 5628 5676
2 5629 5677
2 5632 5634
2 5632 5636
2 5632 5674
2 5633 5635
2 5633 5637
2 5633 5675
2 5636 5638
2 5636 5678
2 5637 5639
2 5637 5679
2 5640 5642
2 5640 5644
2 5640 5678
2 5641 5643
2 5641 5645
2 5641 5679
2 5644 5646
2 5644 5688
2 5645 5647
2 5645 5689
2 5646 5648
2 5646 5682
2 5647 5649
2 5647 5683
2 5650 5654
2 5650 5658
2 5650 5682
2 5651 5655
2 5651 5659
2 5651 5683
2 5652 5656
2 5652 5660
2 5653 5657
2 5653 5661
2 5658 5662
2 5658 5666
2 5659 5663
2 5659 5667
2 5660 5664
2 5660 5668
2 5661 5665
2 5661 5669
2 5666 5670
2 5667 5671
2 5668 5672
2 5669 5673
2 5670 5674
2 5670 5680
2 5671 5675
2 5671 5681
2 5672 5676
2 5673 5677
2 5678 5680
2 5679 5681
2 5680 5682
2 5681 5683
2 5690 5702
2 5691 5703
2 5692 5704
2 5693 5705
2 5694 5702
2 5694 5706
2 5694 6143
2 5695 5703
2 5695 5707
2 5695 6144
2 5696 5698
2 5696 5710
2 5696 6147
2 5697 5699
2 5697 5711
2 5697 6148
2 5698 5712
2 5698 6149
2 5699 5713
2 5699 6150
2 5700 5704
2 5700 5714
2 5700 6151
2 5701 5705
2 5701 5715
2 5701 6152
2 5702 6139
2 5703 6140
2 5704 6141
2 5705 6142
2 5706 5708
2 5706 5710
2 5707 5709
2 5707 5711
2 5710 5718
2 5711 5719
2 5712 5714
2 5712 5722
2 5713 5715
2 5713 5723
2 5714 5716
2 5715 5717
2 5718 5720
2 5718 5722
2 5719 5721
2 5719 5723
2 5722 5724
2 5723 5725
2 5726 5734
2 5726 6478
2 5726 6614
2 5726 6841
2 5727 5735
2 5727 6479
2 5727 6615
2 5727 6842
2 5728 5857
2 5728 6091
2 5728 8092
2 5728 9206
2 5729 5745
2 5729 6056
2 5730 5736
2 5730 5746
2 5730 5858
2 5730 6057
2 5731 5747
2 5732 5748
2 5732 5859
2 5733 5736
2 5733 5750
2 5733 5893
2 5733 5975
2 5734 8080
2 5734 8381
2 5734 8539
2 5735 8081
2 5735 8382
2 5735 8540
2 5736 5885
2 5736 5967
2 5737 5849
2 5738 5850
2 5739 5851
2 5740 5852
2 5741 5849
2 5741 7700
2 5742 5850
2 5742 7701
2 5743 5851
2 5743 7702
2 5744 5852
2 5744 7703
2 5745 5853
2 5746 5854
2 5747 5855
2 5748 5856
2 5749 5853
2 5750 5854
2 5751 5855
2 5752 5856
2 5753 5757
2 5753 5761
2 5753 5825
2 5754 5758
2 5754 5762
2 5754 5826
2 5755 5759
2 5755 5763
2 5755 5827
2 5756 5760
2 5756 5764
2 5756 5828
2 5761 5765
2 5761 5849
2 5762 5766
2 5762 5850
2 5763 5767
2 5763 5851
2 5764 5768
2 5764 5852
2 5765 5769
2 5765 5833
2 5766 5770
2 5766 5834
2 5767 5771
2 5767 5835
2 5768 5772
2 5768 5836
2 5773 5777
2 5773 5781
2 5773 5833
2 5774 5778
2 5774 5782
2 5774 5834
2 5775 5779
2 5775 5783
2 5775 5835
2 5776 5780
2 5776 5784
2 5776 5836
2 5781 5785
2 5781 5837
2 5782 5786
2 5782 5838
2 5783 5787
2 5783 5839
2 5784 5788
2 5784 5840
2 5789 5793
2 5789 5797
2 5789 5837
2 5790 5794
2 5790 5798
2 5790 5838
2 5791 5795
2 5791 5799
2 5791 5839
2 5792 5796
2 5792 5800
2 5792 5840
2 5797 5801
2 5797 5853
2 5798 5802
2 5798 5854
2 5799 5803
2 5799 5855
2 5800 5804
2 5800 5856
2 5801 5805
2 5801 5845
2 5802 5806
2 5802 5846
2 5803 5807
2 5803 5847
2 5804 5808
2 5804 5848
2 5809 5813
2 5809 5817
2 5809 5845
2 5810 5814
2 5810 5818
2 5810 5846
2 5811 5815
2 5811 5819
2 5811 5847
2 5812 5816
2 5812 5820
2 5812 5848
2 5817 5821
2 5817 5825
2 5818 5822
2 5818 5826
2 5819 5823
2 5819 5827
2 5820 5824
2 5820 5828
2 5825 5829
2 5826 5830
2 5827 5831
2 5828 5832
2 5829 5833
2 5829 5841
2 5830 5834
2 5830 5842
2 5831 5835
2 5831 5843
2 5832 5836
2 5832 5844
2 5837 5841
2 5838 5842
2 5839 5843
2 5840 5844
2 5841 5845
2 5842 5846
2 5843 5847
2 5844 5848
2 5857 5866
2 5858 5867
2 5859 5868
2 5860 5866
2 5860 5869
2 5860 6076
2 5861 5871
2 5861 6078
2 5861 16335
2 5862 5872
2 5862 6079
2 5862 16333
2 5863 5873
2 5863 6080
2 5863 16334
2 5864 5867
2 5864 5874
2 5864 6081
2 5865 5868
2 5865 5875
2 5865 6082
2 5866 6073
2 5867 6074
2 5868 6075
2 5869 5870
2 5869 5871
2 5871 5878
2 5872 5874
2 5872 5880
2 5873 5875
2 5873 5881
2 5874 5876
2 5875 5877
2 5878 5879
2 5878 16353
2 5880 5882
2 5880 16349
2 5881 5883
2 5881 16350
2 5884 5947
2 5884 6055
2 5884 8092
2 5884 9321
2 5885 5891
2 5885 5948
2 5885 6074
2 5886 5892
2 5886 6075
2 5887 5943
2 5888 5944
2 5889 5943
2 5889 7571
2 5890 5944
2 5890 7572
2 5891 5945
2 5892 5946
2 5893 5945
2 5894 5946
2 5895 5897
2 5895 5899
2 5895 5931
2 5896 5898
2 5896 5900
2 5896 5932
2 5899 5901
2 5899 5943
2 5900 5902
2 5900 5944
2 5901 5903
2 5901 5935
2 5902 5904
2 5902 5936
2 5905 5907
2 5905 5909
2 5905 5935
2 5906 5908
2 5906 5910
2 5906 5936
2 5909 5911
2 5909 5937
2 5910 5912
2 5910 5938
2 5913 5915
2 5913 5917
2 5913 5937
2 5914 5916
2 5914 5918
2 5914 5938
2 5917 5919
2 5917 5945
2 5918 5920
2 5918 5946
2 5919 5921
2 5919 5941
2 5920 5922
2 5920 5942
2 5923 5925
2 5923 5927
2 5923 5941
2 5924 5926
2 5924 5928
2 5924 5942
2 5927 5929
2 5927 5931
2 5928 5930
2 5928 5932
2 5931 5933
2 5932 5934
2 5933 5935
2 5933 5939
2 5934 5936
2 5934 5940
2 5937 5939
2 5938 5940
2 5939 5941
2 5940 5942
2 5947 5953
2 5948 5954
2 5949 5953
2 5949 5955
2 5949 6093
2 5950 5951
2 5950 5957
2 5950 6095
2 5951 5958
2 5951 6096
2 5952 5954
2 5952 5959
2 5952 6097
2 5953 6091
2 5954 6092
2 5955 5956
2 5955 5957
2 5957 5961
2 5958 5959
2 5958 5963
2 5959 5960
2 5961 5962
2 5961 5963
2 5963 5964
2 5965 6028
2 5965 6073
2 5965 8092
2 5965 9136
2 5966 5972
2 5966 6029
2 5967 5973
2 5967 6030
2 5967 6092
2 5968 6024
2 5968 7698
2 5969 6025
2 5969 7699
2 5970 6024
2 5970 7632
2 5971 6025
2 5971 7633
2 5972 6026
2 5973 6027
2 5974 6026
2 5975 6027
2 5976 5978
2 5976 5980
2 5976 6012
2 5977 5979
2 5977 5981
2 5977 6013
2 5980 5982
2 5980 6024
2 5981 5983
2 5981 6025
2 5982 5984
2 5982 6016
2 5983 5985
2 5983 6017
2 5986 5988
2 5986 5990
2 5986 6016
2 5987 5989
2 5987 5991
2 5987 6017
2 5990 5992
2 5990 6018
2 5991 5993
2 5991 6019
2 5994 5996
2 5994 5998
2 5994 6018
2 5995 5997
2 5995 5999
2 5995 6019
2 5998 6000
2 5998 6026
2 5999 6001
2 5999 6027
2 6000 6002
2 6000 6022
2 6001 6003
2 6001 6023
2 6004 6006
2 6004 6008
2 6004 6022
2 6005 6007
2 6005 6009
2 6005 6023
2 6008 6010
2 6008 6012
2 6009 6011
2 6009 6013
2 6012 6014
2 6013 6015
2 6014 6016
2 6014 6020
2 6015 6017
2 6015 6021
2 6018 6020
2 6019 6021
2 6020 6022
2 6021 6023
2 6028 6037
2 6029 6038
2 6030 6039
2 6031 6037
2 6031 6040
2 6031 6058
2 6032 6042
2 6032 6060
2 6033 6043
2 6033 6061
2 6034 6044
2 6034 6062
2 6035 6038
2 6035 6045
2 6035 6063
2 6036 6039
2 6036 6046
2 6036 6064
2 6037 6055
2 6038 6056
2 6039 6057
2 6040 6041
2 6040 6042
2 6042 6049
2 6043 6045
2 6043 6051
2 6044 6046
2 6044 6052
2 6045 6047
2 6046 6048
2 6049 6050
2 6051 6053
2 6052 6054
2 6058 6059
2 6058 6060
2 6060 6067
2 6061 6063
2 6061 6069
2 6062 6064
2 6062 6070
2 6063 6065
2 6064 6066
2 6067 6068
2 6069 6071
2 6070 6072
2 6076 6077
2 6076 6078
2 6078 6085
2 6079 6081
2 6079 6087
2 6080 6082
2 6080 6088
2 6081 6083
2 6082 6084
2 6085 6086
2 6085 16560
2 6087 6089
2 6087 16556
2 6088 6090
2 6088 16557
2 6093 6094
2 6093 6095
2 6095 6099
2 6096 6097
2 6096 6101
2 6097 6098
2 6099 6100
2 6099 6101
2 6101 6102
2 6109 6113
2 6109 6117
2 6110 6114
2 6110 6118
2 6111 6115
2 6111 6119
2 6112 6116
2 6112 6120
2 6117 6127
2 6118 6128
2 6119 6129
2 6120 6130
2 6121 6123
2 6121 6135
2 6122 6124
2 6122 6136
2 6123 6125
2 6124 6126
2 6127 6131
2 6127 16602
2 6128 6132
2 6128 16603
2 6129 6133
2 6129 16604
2 6130 6134
2 6130 16605
2 6135 6137
2 6135 16598
2 6136 6138
2 6136 16599
2 6143 6145
2 6143 6147
2 6144 6146
2 6144 6148
2 6147 6155
2 6148 6156
2 6149 6151
2 6149 6159
2 6150 6152
2 6150 6160
2 6151 6153
2 6152 6154
2 6155 6157
2 6155 6159
2 6156 6158
2 6156 6160
2 6159 6161
2 6160 6162
2 6169 6173
2 6169 6177
2 6170 6174
2 6170 6178
2 6171 6175
2 6171 6179
2 6172 6176
2 6172 6180
2 6177 6187
2 6178 6188
2 6179 6189
2 6180 6190
2 6181 6183
2 6181 6195
2 6182 6184
2 6182 6196
2 6183 6185
2 6184 6186
2 6187 6191
2 6188 6192
2 6189 6193
2 6190 6194
2 6195 6197
2 6196 6198
2 6199 6234
2 6199 6359
2 6200 6235
2 6200 6360
2 6201 6203
2 6201 6206
2 6201 6236
2 6201 7161
2 6202 6203
2 6202 6207
2 6202 6275
2 6202 6365
2 6203 6269
2 6203 6357
2 6204 6232
2 6204 7246
2 6205 6232
2 6205 7398
2 6206 6233
2 6207 6233
2 6208 6209
2 6208 6210
2 6208 6226
2 6210 6211
2 6210 6232
2 6211 6212
2 6211 6228
2 6213 6214
2 6213 6215
2 6213 6228
2 6215 6216
2 6215 6229
2 6217 6218
2 6217 6219
2 6217 6229
2 6219 6220
2 6219 6233
2 6220 6221
2 6220 6231
2 6222 6223
2 6222 6224
2 6222 6231
2 6224 6225
2 6224 6226
2 6226 6227
2 6227 6228
2 6227 6230
2 6229 6230
2 6230 6231
2 6234 6245
2 6235 6246
2 6236 6247
2 6237 6245
2 6237 6249
2 6237 7226
2 6238 6246
2 6238 6250
2 6238 7227
2 6239 6241
2 6239 6253
2 6239 7230
2 6240 6242
2 6240 6254
2 6240 7231
2 6241 6255
2 6241 7232
2 6242 6256
2 6242 7233
2 6243 6247
2 6243 6257
2 6243 7234
2 6244 6248
2 6244 6258
2 6244 7235
2 6245 7222
2 6246 7223
2 6247 7224
2 6248 7225
2 6249 6251
2 6249 6253
2 6250 6252
2 6250 6254
2 6253 6260
2 6254 6261
2 6255 6257
2 6255 6264
2 6256 6258
2 6256 6265
2 6257 6259
2 6260 6262
2 6260 6264
2 6261 6263
2 6261 6265
2 6264 6266
2 6267 17657
2 6268 6272
2 6268 6317
2 6268 7184
2 6269 6273
2 6269 6318
2 6269 7185
2 6270 6312
2 6270 7246
2 6271 6312
2 6271 7486
2 6272 6313
2 6273 6314
2 6274 6313
2 6275 6314
2 6276 6277
2 6276 6278
2 6276 6303
2 6278 6279
2 6278 6312
2 6279 6280
2 6279 6305
2 6281 6283
2 6281 6285
2 6282 6284
2 6282 6286
2 6285 6287
2 6285 6306
2 6286 6288
2 6286 6307
2 6289 6291
2 6289 6293
2 6289 6306
2 6290 6292
2 6290 6294
2 6290 6307
2 6293 6295
2 6293 6313
2 6294 6296
2 6294 6314
2 6295 6297
2 6295 6310
2 6296 6298
2 6296 6311
2 6299 6300
2 6299 6301
2 6301 6302
2 6301 6303
2 6303 6304
2 6304 6305
2 6306 6308
2 6307 6309
2 6308 6310
2 6309 6311
2 6315 6327
2 6316 6328
2 6317 6329
2 6318 6330
2 6319 6327
2 6319 6331
2 6319 7162
2 6320 6328
2 6320 6332
2 6320 7163
2 6321 6323
2 6321 6335
2 6321 7166
2 6322 6324
2 6322 6336
2 6322 7167
2 6323 6337
2 6323 7168
2 6324 6338
2 6324 7169
2 6325 6329
2 6325 6339
2 6325 7170
2 6326 6330
2 6326 6340
2 6326 7171
2 6327 7159
2 6328 7160
2 6330 7161
2 6331 6333
2 6331 6335
2 6332 6334
2 6332 6336
2 6335 6343
2 6336 6344
2 6337 6339
2 6337 6347
2 6338 6340
2 6338 6348
2 6339 6341
2 6340 6342
2 6343 6345
2 6343 6347
2 6344 6346
2 6344 6348
2 6347 6349
2 6348 6350
2 6351 6359
2 6351 10863
2 6351 15756
2 6352 10864
2 6352 15757
2 6353 6360
2 6353 10865
2 6353 15758
2 6354 10866
2 6354 15759
2 6355 7159
2 6355 16873
2 6356 7160
2 6356 16874
2 6357 6363
2 6357 6410
2 6357 7224
2 6358 6364
2 6358 6411
2 6358 7225
2 6359 11681
2 6359 16722
2 6360 11682
2 6360 16723
2 6361 6403
2 6361 7246
2 6362 6403
2 6362 7247
2 6363 6404
2 6364 6405
2 6365 6404
2 6366 6405
2 6367 6368
2 6367 6369
2 6367 6394
2 6369 6370
2 6369 6403
2 6370 6371
2 6370 6396
2 6372 6374
2 6372 6376
2 6372 16865
2 6373 6375
2 6373 6377
2 6373 16866
2 6376 6378
2 6376 6397
2 6377 6379
2 6377 6398
2 6380 6382
2 6380 6384
2 6380 6397
2 6381 6383
2 6381 6385
2 6381 6398
2 6384 6386
2 6384 6404
2 6385 6387
2 6385 6405
2 6386 6388
2 6386 6401
2 6387 6389
2 6387 6402
2 6390 6391
2 6390 6392
2 6390 16869
2 6392 6393
2 6392 6394
2 6394 6395
2 6395 6396
2 6395 16868
2 6396 16844
2 6397 6399
2 6398 6400
2 6399 6401
2 6399 16863
2 6400 6402
2 6400 16864
2 6401 16853
2 6402 16854
2 6406 6428
2 6406 16823
2 6407 6429
2 6407 16824
2 6408 6430
2 6408 16825
2 6409 6431
2 6409 16826
2 6410 6433
2 6411 6435
2 6412 6428
2 6412 6436
2 6412 7186
2 6413 6429
2 6413 6437
2 6413 7187
2 6414 6430
2 6414 6438
2 6414 7188
2 6415 6431
2 6415 6439
2 6415 7189
2 6416 6420
2 6416 6444
2 6416 7194
2 6417 6421
2 6417 6445
2 6417 7195
2 6418 6422
2 6418 6446
2 6418 7196
2 6419 6423
2 6419 6447
2 6419 7197
2 6420 6448
2 6420 7198
2 6421 6449
2 6421 7199
2 6422 6450
2 6422 7200
2 6423 6451
2 6423 7201
2 6424 6432
2 6424 6452
2 6424 7202
2 6425 6433
2 6425 6453
2 6425 7203
2 6426 6434
2 6426 6454
2 6426 7204
2 6427 6435
2 6427 6455
2 6427 7205
2 6428 7180
2 6429 7181
2 6430 7182
2 6431 7183
2 6432 7184
2 6433 7185
2 6436 6440
2 6436 6444
2 6437 6441
2 6437 6445
2 6438 6442
2 6438 6446
2 6439 6443
2 6439 6447
2 6444 6458
2 6445 6459
2 6446 6460
2 6447 6461
2 6448 6452
2 6448 6466
2 6449 6453
2 6449 6467
2 6450 6454
2 6450 6468
2 6451 6455
2 6451 6469
2 6453 6456
2 6455 6457
2 6458 6462
2 6458 6466
2 6459 6463
2 6459 6467
2 6460 6464
2 6460 6468
2 6461 6465
2 6461 6469
2 6467 6470
2 6469 6471
2 6472 6477
2 6472 7576
2 6472 7636
2 6472 7707
2 6473 6538
2 6473 7077
2 6473 7637
2 6474 6477
2 6474 6539
2 6474 7078
2 6474 7638
2 6475 6482
2 6475 17473
2 6476 6483
2 6476 17474
2 6477 6608
2 6477 6828
2 6478 6534
2 6479 6535
2 6480 6534
2 6480 8539
2 6481 6535
2 6481 8540
2 6482 6536
2 6483 6537
2 6484 6536
2 6485 6537
2 6486 6488
2 6486 6490
2 6486 6522
2 6487 6489
2 6487 6491
2 6487 6523
2 6490 6492
2 6490 6534
2 6491 6493
2 6491 6535
2 6492 6494
2 6492 6526
2 6493 6495
2 6493 6527
2 6496 6498
2 6496 6500
2 6496 6526
2 6497 6499
2 6497 6501
2 6497 6527
2 6500 6502
2 6500 6528
2 6501 6503
2 6501 6529
2 6504 6506
2 6504 6508
2 6504 6528
2 6505 6507
2 6505 6509
2 6505 6529
2 6508 6510
2 6508 6536
2 6509 6511
2 6509 6537
2 6510 6512
2 6510 6532
2 6511 6513
2 6511 6533
2 6514 6516
2 6514 6518
2 6514 6532
2 6515 6517
2 6515 6519
2 6515 6533
2 6518 6520
2 6518 6522
2 6519 6521
2 6519 6523
2 6522 6524
2 6523 6525
2 6524 6526
2 6524 6530
2 6525 6527
2 6525 6531
2 6528 6530
2 6529 6531
2 6530 6532
2 6531 6533
2 6538 6560
2 6539 6562
2 6540 6564
2 6541 6565
2 6542 6566
2 6543 6567
2 6544 6560
2 6544 6568
2 6544 7041
2 6545 6561
2 6545 6569
2 6545 7042
2 6546 6562
2 6546 6570
2 6546 7043
2 6547 6563
2 6547 6571
2 6547 7044
2 6548 6552
2 6548 6576
2 6548 7047
2 6549 6553
2 6549 6577
2 6549 7048
2 6550 6554
2 6550 6578
2 6550 7049
2 6551 6555
2 6551 6579
2 6551 7050
2 6552 6580
2 6552 7051
2 6553 6581
2 6553 7052
2 6554 6582
2 6554 7053
2 6555 6583
2 6555 7054
2 6556 6564
2 6556 6584
2 6556 7055
2 6557 6565
2 6557 6585
2 6557 7056
2 6558 6566
2 6558 6586
2 6558 7057
2 6559 6567
2 6559 6587
2 6559 7058
2 6562 7036
2 6564 7037
2 6565 7038
2 6566 7039
2 6567 7040
2 6568 6572
2 6568 6576
2 6569 6573
2 6569 6577
2 6570 6574
2 6570 6578
2 6571 6575
2 6571 6579
2 6576 6592
2 6577 6593
2 6578 6594
2 6579 6595
2 6580 6584
2 6580 6600
2 6581 6585
2 6581 6601
2 6582 6586
2 6582 6602
2 6583 6587
2 6583 6603
2 6584 6588
2 6585 6589
2 6586 6590
2 6587 6591
2 6592 6596
2 6592 6600
2 6593 6597
2 6593 6601
2 6594 6598
2 6594 6602
2 6595 6599
2 6595 6603
2 6600 6604
2 6601 6605
2 6602 6606
2 6603 6607
2 6608 6698
2 6608 6990
2 6608 7709
2 6609 6699
2 6609 6991
2 6609 7710
2 6610 6618
2 6610 7037
2 6610 17310
2 6611 6619
2 6611 7038
2 6611 17311
2 6612 6620
2 6612 7039
2 6612 17312
2 6613 6621
2 6613 7040
2 6613 17313
2 6614 6692
2 6615 6693
2 6616 6692
2 6616 8080
2 6617 6693
2 6617 8081
2 6618 6694
2 6619 6695
2 6620 6696
2 6621 6697
2 6622 6694
2 6623 6695
2 6624 6696
2 6625 6697
2 6626 6628
2 6626 6630
2 6626 6678
2 6627 6629
2 6627 6631
2 6627 6679
2 6630 6632
2 6630 6692
2 6631 6633
2 6631 6693
2 6632 6634
2 6632 6682
2 6633 6635
2 6633 6683
2 6636 6640
2 6636 6644
2 6636 6682
2 6637 6641
2 6637 6645
2 6637 6683
2 6642 6646
2 6642 6684
2 6643 6647
2 6643 6685
2 6644 6648
2 6644 6686
2 6645 6649
2 6645 6687
2 6650 6654
2 6650 6658
2 6650 6684
2 6651 6655
2 6651 6659
2 6651 6685
2 6652 6656
2 6652 6660
2 6652 6686
2 6653 6657
2 6653 6661
2 6653 6687
2 6658 6662
2 6658 6694
2 6659 6663
2 6659 6695
2 6660 6664
2 6660 6696
2 6661 6665
2 6661 6697
2 6662 6666
2 6663 6667
2 6664 6668
2 6664 6690
2 6665 6669
2 6665 6691
2 6670 6672
2 6670 6674
2 6670 6690
2 6671 6673
2 6671 6675
2 6671 6691
2 6674 6676
2 6674 6678
2 6675 6677
2 6675 6679
2 6678 6680
2 6679 6681
2 6680 6682
2 6680 6688
2 6681 6683
2 6681 6689
2 6686 6688
2 6687 6689
2 6688 6690
2 6689 6691
2 6698 6742
2 6699 6746
2 6700 6748
2 6700 17133
2 6701 6749
2 6701 17134
2 6702 6750
2 6702 17135
2 6703 6751
2 6703 17136
2 6704 6752
2 6704 17137
2 6705 6753
2 6705 17138
2 6706 6754
2 6706 17139
2 6707 6755
2 6707 17140
2 6708 6740
2 6708 6756
2 6708 7087
2 6709 6741
2 6709 6757
2 6709 7088
2 6710 6742
2 6710 6758
2 6710 7089
2 6711 6743
2 6711 6759
2 6711 7090
2 6712 6744
2 6712 6760
2 6712 7091
2 6713 6745
2 6713 6761
2 6713 7092
2 6714 6746
2 6714 6762
2 6714 7093
2 6715 6747
2 6715 6763
2 6715 7094
2 6716 6724
2 6716 6768
2 6716 7099
2 6717 6725
2 6717 6769
2 6717 7100
2 6718 6726
2 6718 6770
2 6718 7101
2 6719 6727
2 6719 6771
2 6719 7102
2 6720 6728
2 6720 6772
2 6720 7103
2 6721 6729
2 6721 6773
2 6721 7104
2 6722 6730
2 6722 6774
2 6722 7105
2 6723 6731
2 6723 6775
2 6723 7106
2 6724 6776
2 6724 7107
2 6725 6777
2 6725 7108
2 6726 6778
2 6726 7109
2 6727 6779
2 6727 7110
2 6728 6780
2 6728 7111
2 6729 6781
2 6729 7112
2 6730 6782
2 6730 7113
2 6731 6783
2 6731 7114
2 6732 6748
2 6732 6784
2 6732 7115
2 6733 6749
2 6733 6785
2 6733 7116
2 6734 6750
2 6734 6786
2 6734 7117
2 6735 6751
2 6735 6787
2 6735 7118
2 6736 6752
2 6736 6788
2 6736 7119
2 6737 6753
2 6737 6789
2 6737 7120
2 6738 6754
2 6738 6790
2 6738 7121
2 6739 6755
2 6739 6791
2 6739 7122
2 6740 7077
2 6742 7078
2 6748 7079
2 6749 7080
2 6750 7081
2 6751 7082
2 6752 7083
2 6753 7084
2 6754 7085
2 6755 7086
2 6756 6768
2 6757 6769
2 6758 6764
2 6758 6770
2 6759 6765
2 6759 6771
2 6760 6772
2 6761 6773
2 6762 6766
2 6762 6774
2 6763 6767
2 6763 6775
2 6768 6800
2 6769 6801
2 6770 6802
2 6771 6803
2 6772 6804
2 6773 6805
2 6774 6806
2 6775 6807
2 6776 6784
2 6776 6812
2 6777 6785
2 6777 6813
2 6778 6786
2 6778 6814
2 6779 6787
2 6779 6815
2 6780 6788
2 6780 6816
2 6781 6789
2 6781 6817
2 6782 6790
2 6782 6818
2 6783 6791
2 6783 6819
2 6784 6792
2 6785 6793
2 6786 6794
2 6787 6795
2 6788 6796
2 6789 6797
2 6790 6798
2 6791 6799
2 6800 6812
2 6801 6813
2 6802 6808
2 6802 6814
2 6803 6809
2 6803 6815
2 6804 6816
2 6805 6817
2 6806 6810
2 6806 6818
2 6807 6811
2 6807 6819
2 6812 6820
2 6813 6821
2 6814 6822
2 6815 6823
2 6816 6824
2 6817 6825
2 6818 6826
2 6819 6827
2 6828 6925
2 6828 7036
2 6828 7577
2 6829 6837
2 6829 6845
2 6829 6926
2 6830 6838
2 6830 6846
2 6830 6927
2 6831 6839
2 6831 6847
2 6831 6928
2 6832 6840
2 6832 6848
2 6832 6929
2 6833 6837
2 6833 6849
2 6833 12064
2 6833 16926
2 6834 6838
2 6834 6850
2 6834 12065
2 6834 16927
2 6835 6839
2 6835 6851
2 6835 12066
2 6835 16928
2 6836 6840
2 6836 6852
2 6836 12067
2 6836 16929
2 6837 12048
2 6837 16909
2 6838 12049
2 6838 16910
2 6839 12050
2 6839 16911
2 6840 12051
2 6840 16912
2 6841 6919
2 6842 6920
2 6843 6919
2 6843 8381
2 6844 6920
2 6844 8382
2 6845 6921
2 6846 6922
2 6847 6923
2 6848 6924
2 6849 6921
2 6850 6922
2 6851 6923
2 6852 6924
2 6853 6855
2 6853 6857
2 6853 6905
2 6854 6856
2 6854 6858
2 6854 6906
2 6857 6859
2 6857 6919
2 6858 6860
2 6858 6920
2 6859 6861
2 6859 6909
2 6860 6862
2 6860 6910
2 6863 6865
2 6863 6869
2 6863 6909
2 6864 6866
2 6864 6870
2 6864 6910
2 6869 6873
2 6869 6911
2 6870 6874
2 6870 6912
2 6871 6875
2 6871 6913
2 6872 6876
2 6872 6914
2 6877 6881
2 6877 6885
2 6877 6911
2 6878 6882
2 6878 6886
2 6878 6912
2 6879 6883
2 6879 6887
2 6879 6913
2 6880 6884
2 6880 6888
2 6880 6914
2 6885 6889
2 6885 6921
2 6886 6890
2 6886 6922
2 6887 6891
2 6887 6923
2 6888 6892
2 6888 6924
2 6889 6893
2 6889 6917
2 6890 6894
2 6890 6918
2 6891 6895
2 6892 6896
2 6897 6899
2 6897 6901
2 6897 6917
2 6898 6900
2 6898 6902
2 6898 6918
2 6901 6903
2 6901 6905
2 6902 6904
2 6902 6906
2 6905 6907
2 6906 6908
2 6907 6909
2 6907 6915
2 6908 6910
2 6908 6916
2 6911 6915
2 6912 6916
2 6915 6917
2 6916 6918
2 6925 6946
2 6926 6950
2 6927 6951
2 6928 6952
2 6929 6953
2 6930 6946
2 6930 6954
2 6930 6996
2 6931 6947
2 6931 6955
2 6931 6997
2 6932 6948
2 6932 6956
2 6932 6998
2 6933 6949
2 6933 6957
2 6933 6999
2 6934 6938
2 6934 6960
2 6934 7004
2 6935 6939
2 6935 6961
2 6935 7005
2 6936 6940
2 6936 6962
2 6936 7006
2 6937 6941
2 6937 6963
2 6937 7007
2 6938 6964
2 6938 7008
2 6939 6965
2 6939 7009
2 6940 6966
2 6940 7010
2 6941 6967
2 6941 7011
2 6942 6950
2 6942 6968
2 6942 7012
2 6943 6951
2 6943 6969
2 6943 7013
2 6944 6952
2 6944 6970
2 6944 7014
2 6945 6953
2 6945 6971
2 6945 7015
2 6946 6990
2 6948 6991
2 6950 6992
2 6951 6993
2 6952 6994
2 6953 6995
2 6954 6958
2 6954 6960
2 6955 6959
2 6955 6961
2 6956 6962
2 6957 6963
2 6960 6976
2 6961 6977
2 6962 6978
2 6963 6979
2 6964 6968
2 6964 6982
2 6965 6969
2 6965 6983
2 6966 6970
2 6966 6984
2 6967 6971
2 6967 6985
2 6968 6972
2 6969 6973
2 6970 6974
2 6971 6975
2 6976 6980
2 6976 6982
2 6977 6981
2 6977 6983
2 6978 6984
2 6979 6985
2 6982 6986
2 6983 6987
2 6984 6988
2 6985 6989
2 6992 16909
2 6993 16910
2 6994 16911
2 6995 16912
2 6996 7000
2 6996 7004
2 6997 7001
2 6997 7005
2 6998 7002
2 6998 7006
2 6999 7003
2 6999 7007
2 7004 7020
2 7005 7021
2 7006 7022
2 7007 7023
2 7008 7012
2 7008 7028
2 7009 7013
2 7009 7029
2 7010 7014
2 7010 7030
2 7011 7015
2 7011 7031
2 7012 7016
2 7013 7017
2 7014 7018
2 7015 7019
2 7020 7024
2 7020 7028
2 7021 7025
2 7021 7029
2 7022 7026
2 7022 7030
2 7023 7027
2 7023 7031
2 7028 7032
2 7029 7033
2 7030 7034
2 7031 7035
2 7041 7047
2 7042 7048
2 7043 7045
2 7043 7049
2 7044 7046
2 7044 7050
2 7047 7063
2 7048 7064
2 7049 7065
2 7050 7066
2 7051 7055
2 7051 7069
2 7052 7056
2 7052 7070
2 7053 7057
2 7053 7071
2 7054 7058
2 7054 7072
2 7055 7059
2 7056 7060
2 7057 7061
2 7058 7062
2 7063 7069
2 7064 7070
2 7065 7067
2 7065 7071
2 7066 7068
2 7066 7072
2 7069 7073
2 7070 7074
2 7071 7075
2 7072 7076
2 7087 7095
2 7087 7099
2 7088 7096
2 7088 7100
2 7089 7097
2 7089 7101
2 7090 7098
2 7090 7102
2 7091 7103
2 7092 7104
2 7093 7105
2 7094 7106
2 7099 7131
2 7100 7132
2 7101 7133
2 7102 7134
2 7103 7135
2 7104 7136
2 7105 7137
2 7106 7138
2 7107 7115
2 7107 7143
2 7108 7116
2 7108 7144
2 7109 7117
2 7109 7145
2 7110 7118
2 7110 7146
2 7111 7119
2 7111 7147
2 7112 7120
2 7112 7148
2 7113 7121
2 7113 7149
2 7114 7122
2 7114 7150
2 7115 7123
2 7116 7124
2 7117 7125
2 7118 7126
2 7119 7127
2 7120 7128
2 7121 7129
2 7122 7130
2 7131 7139
2 7131 7143
2 7132 7140
2 7132 7144
2 7133 7141
2 7133 7145
2 7134 7142
2 7134 7146
2 7135 7147
2 7136 7148
2 7137 7149
2 7138 7150
2 7143 7151
2 7144 7152
2 7145 7153
2 7146 7154
2 7147 7155
2 7148 7156
2 7149 7157
2 7150 7158
2 7162 7164
2 7162 7166
2 7163 7165
2 7163 7167
2 7166 7173
2 7167 7174
2 7168 7170
2 7168 7177
2 7169 7171
2 7169 7178
2 7171 7172
2 7173 7175
2 7173 7177
2 7174 7176
2 7174 7178
2 7178 7179
2 7186 7190
2 7186 7194
2 7187 7191
2 7187 7195
2 7188 7192
2 7188 7196
2 7189 7193
2 7189 7197
2 7194 7208
2 7195 7209
2 7196 7210
2 7197 7211
2 7198 7202
2 7198 7216
2 7199 7203
2 7199 7217
2 7200 7204
2 7200 7218
2 7201 7205
2 7201 7219
2 7202 7206
2 7203 7207
2 7208 7212
2 7208 7216
2 7209 7213
2 7209 7217
2 7210 7214
2 7210 7218
2 7211 7215
2 7211 7219
2 7216 7220
2 7217 7221
2 7222 16722
2 7223 16723
2 7226 7228
2 7226 7230
2 7227 7229
2 7227 7231
2 7230 7238
2 7231 7239
2 7232 7234
2 7232 7242
2 7233 7235
2 7233 7243
2 7234 7236
2 7235 7237
2 7238 7240
2 7238 7242
2 7239 7241
2 7239 7243
2 7242 7244
2 7243 7245
2 7246 7252
2 7247 7252
2 7247 7373
2 7247 7841
2 7248 7261
2 7248 17737
2 7249 7262
2 7249 17738
2 7250 7263
2 7250 17739
2 7251 7264
2 7251 17740
2 7252 7398
2 7252 7486
2 7253 7365
2 7254 7366
2 7255 7367
2 7256 7368
2 7257 7365
2 7257 7936
2 7258 7366
2 7258 7937
2 7259 7367
2 7259 7938
2 7260 7368
2 7260 7939
2 7261 7369
2 7262 7370
2 7263 7371
2 7264 7372
2 7265 7369
2 7266 7370
2 7267 7371
2 7268 7372
2 7269 7273
2 7269 7277
2 7269 7341
2 7270 7274
2 7270 7278
2 7270 7342
2 7271 7275
2 7271 7279
2 7271 7343
2 7272 7276
2 7272 7280
2 7272 7344
2 7277 7281
2 7277 7365
2 7278 7282
2 7278 7366
2 7279 7283
2 7279 7367
2 7280 7284
2 7280 7368
2 7281 7285
2 7281 7349
2 7282 7286
2 7282 7350
2 7283 7287
2 7283 7351
2 7284 7288
2 7284 7352
2 7289 7293
2 7289 7297
2 7289 7349
2 7290 7294
2 7290 7298
2 7290 7350
2 7291 7295
2 7291 7299
2 7291 7351
2 7292 7296
2 7292 7300
2 7292 7352
2 7297 7301
2 7297 7353
2 7298 7302
2 7298 7354
2 7299 7303
2 7299 7355
2 7300 7304
2 7300 7356
2 7305 7309
2 7305 7313
2 7305 7353
2 7306 7310
2 7306 7314
2 7306 7354
2 7307 7311
2 7307 7315
2 7307 7355
2 7308 7312
2 7308 7316
2 7308 7356
2 7313 7317
2 7313 7369
2 7314 7318
2 7314 7370
2 7315 7319
2 7315 7371
2 7316 7320
2 7316 7372
2 7317 7321
2 7317 7361
2 7318 7322
2 7318 7362
2 7319 7323
2 7319 7363
2 7320 7324
2 7320 7364
2 7325 7329
2 7325 7333
2 7325 7361
2 7326 7330
2 7326 7334
2 7326 7362
2 7327 7331
2 7327 7335
2 7327 7363
2 7328 7332
2 7328 7336
2 7328 7364
2 7333 7337
2 7333 7341
2 7334 7338
2 7334 7342
2 7335 7339
2 7335 7343
2 7336 7340
2 7336 7344
2 7341 7345
2 7342 7346
2 7343 7347
2 7344 7348
2 7345 7349
2 7345 7357
2 7346 7350
2 7346 7358
2 7347 7351
2 7347 7359
2 7348 7352
2 7348 7360
2 7353 7357
2 7354 7358
2 7355 7359
2 7356 7360
2 7357 7361
2 7358 7362
2 7359 7363
2 7360 7364
2 7373 7381
2 7374 7382
2 7374 17672
2 7375 7383
2 7375 17673
2 7376 7381
2 7376 7384
2 7376 7856
2 7377 7378
2 7377 7386
2 7377 7858
2 7378 7388
2 7378 7860
2 7379 7382
2 7379 7389
2 7379 7861
2 7380 7383
2 7380 7390
2 7380 7862
2 7381 7853
2 7382 7854
2 7383 7855
2 7384 7385
2 7384 7386
2 7386 7393
2 7387 7389
2 7388 7390
2 7388 7395
2 7389 7391
2 7390 7392
2 7393 7394
2 7393 7395
2 7395 7397
2 7398 7461
2 7398 7853
2 7399 7405
2 7399 7462
2 7399 18274
2 7400 7406
2 7400 7463
2 7400 18275
2 7401 7457
2 7402 7458
2 7403 7457
2 7403 8013
2 7404 7458
2 7404 8014
2 7405 7459
2 7406 7460
2 7407 7459
2 7408 7460
2 7409 7411
2 7409 7413
2 7409 7445
2 7410 7412
2 7410 7414
2 7410 7446
2 7413 7415
2 7413 7457
2 7414 7416
2 7414 7458
2 7415 7417
2 7415 7449
2 7416 7418
2 7416 7450
2 7419 7421
2 7419 7423
2 7419 7449
2 7420 7422
2 7420 7424
2 7420 7450
2 7423 7425
2 7423 7451
2 7424 7426
2 7424 7452
2 7427 7429
2 7427 7431
2 7427 7451
2 7428 7430
2 7428 7432
2 7428 7452
2 7431 7433
2 7431 7459
2 7432 7434
2 7432 7460
2 7433 7435
2 7433 7455
2 7434 7436
2 7434 7456
2 7437 7439
2 7437 7441
2 7437 7455
2 7438 7440
2 7438 7442
2 7438 7456
2 7441 7443
2 7441 7445
2 7442 7444
2 7442 7446
2 7445 7447
2 7446 7448
2 7447 7449
2 7447 7453
2 7448 7450
2 7448 7454
2 7451 7453
2 7452 7454
2 7453 7455
2 7454 7456
2 7461 7469
2 7462 7470
2 7463 7471
2 7464 7469
2 7464 7472
2 7464 7827
2 7465 7466
2 7465 7474
2 7465 7829
2 7466 7475
2 7466 7830
2 7467 7470
2 7467 7477
2 7467 7832
2 7468 7471
2 7468 7478
2 7468 7833
2 7469 7824
2 7470 7825
2 7471 7826
2 7472 7473
2 7472 7474
2 7474 7481
2 7475 7477
2 7475 7483
2 7476 7478
2 7477 7479
2 7478 7480
2 7481 7482
2 7481 7483
2 7483 7484
2 7486 7553
2 7486 7824
2 7487 7491
2 7487 7497
2 7487 7854
2 7488 7492
2 7488 7498
2 7488 7855
2 7489 7491
2 7489 7499
2 7489 12594
2 7489 17681
2 7490 7492
2 7490 7500
2 7490 12595
2 7490 17682
2 7491 12588
2 7491 17672
2 7492 12589
2 7492 17673
2 7493 7549
2 7494 7550
2 7495 7549
2 7495 7872
2 7496 7550
2 7496 7873
2 7497 7551
2 7498 7552
2 7499 7551
2 7500 7552
2 7501 7503
2 7501 7505
2 7501 7537
2 7502 7504
2 7502 7506
2 7502 7538
2 7505 7507
2 7505 7549
2 7506 7508
2 7506 7550
2 7507 7509
2 7507 7541
2 7508 7510
2 7508 7542
2 7511 7513
2 7511 7515
2 7511 7541
2 7512 7514
2 7512 7516
2 7512 7542
2 7515 7517
2 7515 7543
2 7516 7518
2 7516 7544
2 7519 7521
2 7519 7523
2 7519 7543
2 7520 7522
2 7520 7524
2 7520 7544
2 7523 7525
2 7523 7551
2 7524 7526
2 7524 7552
2 7525 7527
2 7525 7547
2 7526 7528
2 7526 7548
2 7529 7531
2 7529 7533
2 7529 7547
2 7530 7532
2 7530 7534
2 7530 7548
2 7533 7535
2 7533 7537
2 7534 7536
2 7534 7538
2 7537 7539
2 7538 7540
2 7539 7541
2 7539 7545
2 7540 7542
2 7540 7546
2 7543 7545
2 7544 7546
2 7545 7547
2 7546 7548
2 7553 7559
2 7554 7560
2 7555 7559
2 7555 7561
2 7555 7843
2 7556 7557
2 7556 7563
2 7556 7845
2 7557 7564
2 7557 7846
2 7558 7560
2 7558 7565
2 7558 7847
2 7559 7841
2 7560 7842
2 7561 7562
2 7561 7563
2 7563 7567
2 7564 7565
2 7564 7569
2 7565 7566
2 7567 7568
2 7567 7569
2 7569 7570
2 7571 7606
2 7571 18236
2 7572 7607
2 7572 18237
2 7573 7575
2 7573 7578
2 7573 7608
2 7573 7780
2 7574 7575
2 7574 7579
2 7574 7640
2 7574 7712
2 7575 7634
2 7575 7704
2 7576 7604
2 7577 7604
2 7578 7605
2 7579 7605
2 7580 7581
2 7580 7582
2 7580 7598
2 7582 7583
2 7582 7604
2 7583 7584
2 7583 7600
2 7585 7586
2 7585 7587
2 7585 7600
2 7587 7588
2 7587 7601
2 7589 7590
2 7589 7591
2 7589 7601
2 7591 7592
2 7591 7605
2 7592 7593
2 7592 7603
2 7594 7595
2 7594 7596
2 7594 7603
2 7596 7597
2 7596 7598
2 7598 7599
2 7599 7600
2 7599 7602
2 7601 7602
2 7602 7603
2 7606 7615
2 7607 7616
2 7608 7617
2 7609 7615
2 7609 7618
2 7609 7798
2 7610 7616
2 7610 7619
2 7610 7799
2 7611 7613
2 7611 7622
2 7611 7802
2 7612 7623
2 7612 7803
2 7613 7624
2 7613 7804
2 7614 7617
2 7614 7625
2 7614 7805
2 7615 7795
2 7616 7796
2 7617 7797
2 7618 7620
2 7618 7622
2 7619 7621
2 7619 7623
2 7622 7627
2 7624 7625
2 7624 7630
2 7625 7626
2 7627 7628
2 7627 7630
2 7630 7631
2 7632 7705
2 7632 7778
2 7633 7706
2 7633 7779
2 7634 7639
2 7634 7681
2 7634 7797
2 7635 7677
2 7636 7678
2 7637 7677
2 7638 7678
2 7639 7679
2 7640 7679
2 7641 7643
2 7641 7645
2 7641 7668
2 7642 7644
2 7642 7646
2 7642 7669
2 7645 7647
2 7645 7677
2 7646 7648
2 7646 7678
2 7647 7649
2 7647 7672
2 7648 7650
2 7648 7673
2 7651 7652
2 7651 7653
2 7653 7654
2 7653 7674
2 7655 7656
2 7655 7657
2 7655 7674
2 7657 7658
2 7657 7679
2 7658 7659
2 7658 7676
2 7660 7662
2 7660 7664
2 7661 7663
2 7661 7665
2 7664 7666
2 7664 7668
2 7665 7667
2 7665 7669
2 7668 7670
2 7669 7671
2 7670 7672
2 7671 7673
2 7674 7675
2 7675 7676
2 7680 7686
2 7681 7687
2 7682 7686
2 7682 7688
2 7682 7814
2 7683 7684
2 7683 7690
2 7683 7816
2 7684 7691
2 7684 7817
2 7685 7687
2 7685 7692
2 7685 7818
2 7686 7812
2 7687 7813
2 7688 7689
2 7688 7690
2 7690 7694
2 7691 7692
2 7691 7696
2 7692 7693
2 7694 7695
2 7694 7696
2 7696 7697
2 7698 7705
2 7698 11260
2 7698 16268
2 7699 7706
2 7699 11261
2 7699 16269
2 7700 18141
2 7701 18142
2 7702 18143
2 7703 18144
2 7704 7711
2 7704 7754
2 7704 7813
2 7705 12777
2 7705 18092
2 7706 12778
2 7706 18093
2 7707 7749
2 7708 7750
2 7709 7749
2 7710 7750
2 7711 7751
2 7712 7751
2 7713 7715
2 7713 7717
2 7713 7740
2 7714 7716
2 7714 7718
2 7714 7741
2 7717 7719
2 7717 7749
2 7718 7720
2 7718 7750
2 7719 7721
2 7719 7744
2 7720 7722
2 7720 7745
2 7723 7724
2 7723 7725
2 7723 18131
2 7725 7726
2 7725 7746
2 7727 7728
2 7727 7729
2 7727 7746
2 7729 7730
2 7729 7751
2 7730 7731
2 7730 7748
2 7732 7734
2 7732 7736
2 7732 18136
2 7733 7735
2 7733 7737
2 7733 18137
2 7736 7738
2 7736 7740
2 7737 7739
2 7737 7741
2 7740 7742
2 7741 7743
2 7742 7744
2 7742 18134
2 7743 7745
2 7743 18135
2 7744 18107
2 7745 18108
2 7746 7747
2 7747 7748
2 7747 18130
2 7748 18125
2 7752 7761
2 7752 18092
2 7753 7762
2 7753 18093
2 7754 7763
2 7755 7761
2 7755 7764
2 7755 7781
2 7756 7762
2 7756 7765
2 7756 7782
2 7757 7768
2 7757 7785
2 7758 7759
2 7758 7769
2 7758 7786
2 7759 7770
2 7759 7787
2 7760 7763
2 7760 7771
2 7760 7788
2 7761 7778
2 7762 7779
2 7763 7780
2 7764 7766
2 7764 7768
2 7765 7767
2 7765 7769
2 7769 7773
2 7770 7771
2 7770 7776
2 7771 7772
2 7773 7775
2 7773 7776
2 7776 7777
2 7781 7783
2 7781 7785
2 7782 7784
2 7782 7786
2 7786 7790
2 7787 7788
2 7787 7793
2 7788 7789
2 7790 7792
2 7790 7793
2 7793 7794
2 7798 7800
2 7798 7802
2 7799 7801
2 7799 7803
2 7802 7807
2 7804 7805
2 7804 7810
2 7805 7806
2 7807 7808
2 7807 7810
2 7810 7811
2 7812 17957
2 7814 7815
2 7814 7816
2 7816 7820
2 7817 7818
2 7817 7822
2 7818 7819
2 7820 7821
2 7820 7822
2 7822 7823
2 7827 7828
2 7827 7829
2 7829 7836
2 7830 7832
2 7830 7838
2 7831 7833
2 7832 7834
2 7833 7835
2 7836 7837
2 7836 7838
2 7838 7839
2 7842 17786
2 7843 7844
2 7843 7845
2 7845 7849
2 7846 7847
2 7846 7851
2 7847 7848
2 7849 7850
2 7849 7851
2 7851 7852
2 7856 7857
2 7856 7858
2 7858 7865
2 7859 7861
2 7860 7862
2 7860 7867
2 7861 7863
2 7862 7864
2 7865 7866
2 7865 7867
2 7867 7869
2 7870 7876
2 7870 9582
2 7870 9874
2 7870 10058
2 7871 7877
2 7871 9583
2 7871 9875
2 7871 10059
2 7872 7909
2 7873 7910
2 7873 8829
2 7874 7878
2 7874 7881
2 7874 7911
2 7874 8813
2 7875 7878
2 7875 7882
2 7875 7946
2 7875 8021
2 7878 7940
2 7878 8015
2 7879 7907
2 7880 7907
2 7880 8927
2 7881 7908
2 7882 7908
2 7883 7884
2 7883 7885
2 7883 7901
2 7885 7886
2 7885 7907
2 7886 7887
2 7886 7903
2 7888 7889
2 7888 7890
2 7888 7903
2 7890 7891
2 7890 7904
2 7892 7893
2 7892 7894
2 7892 7904
2 7894 7895
2 7894 7908
2 7895 7896
2 7895 7906
2 7897 7898
2 7897 7899
2 7897 7906
2 7899 7900
2 7899 7901
2 7901 7902
2 7902 7903
2 7902 7905
2 7904 7905
2 7905 7906
2 7909 7918
2 7910 7919
2 7911 7920
2 7912 7918
2 7912 7921
2 7912 8844
2 7913 7919
2 7913 7922
2 7913 8845
2 7914 7925
2 7914 8848
2 7915 7926
2 7915 8849
2 7916 7927
2 7916 8850
2 7917 7920
2 7917 7928
2 7917 8851
2 7918 8841
2 7919 8842
2 7920 8843
2 7921 7923
2 7921 7925
2 7922 7924
2 7922 7926
2 7925 7930
2 7926 7931
2 7927 7928
2 7927 7934
2 7928 7929
2 7930 7932
2 7931 7933
2 7934 7935
2 7936 8841
2 7937 7986
2 7937 8842
2 7939 7987
2 7940 7945
2 7940 7988
2 7940 8830
2 7941 7983
2 7942 7984
2 7943 7983
2 7943 9013
2 7944 7984
2 7944 9014
2 7945 7985
2 7946 7985
2 7947 7949
2 7947 7951
2 7947 7974
2 7948 7950
2 7948 7952
2 7948 7975
2 7951 7953
2 7951 7983
2 7952 7954
2 7952 7984
2 7953 7955
2 7953 7978
2 7954 7956
2 7954 7979
2 7957 7958
2 7957 7959
2 7957 7979
2 7959 7960
2 7959 7980
2 7961 7962
2 7961 7963
2 7961 7980
2 7963 7964
2 7963 7985
2 7964 7965
2 7964 7982
2 7966 7968
2 7966 7970
2 7967 7969
2 7967 7971
2 7967 7982
2 7970 7972
2 7970 7974
2 7971 7973
2 7971 7975
2 7974 7976
2 7975 7977
2 7976 7978
2 7977 7979
2 7977 7981
2 7980 7981
2 7981 7982
2 7986 7995
2 7987 7996
2 7988 7997
2 7989 7995
2 7989 7998
2 7989 8814
2 7990 7996
2 7990 7999
2 7990 8815
2 7991 8002
2 7991 8818
2 7991 18523
2 7992 8003
2 7992 8819
2 7992 18524
2 7993 8004
2 7993 8820
2 7993 18522
2 7994 7997
2 7994 8005
2 7994 8821
2 7995 8811
2 7996 8812
2 7997 8813
2 7998 8000
2 7998 8002
2 7999 8001
2 7999 8003
2 8002 8007
2 8003 8008
2 8004 8005
2 8004 8011
2 8005 8006
2 8007 8009
2 8007 18541
2 8008 8010
2 8008 18542
2 8011 8012
2 8011 18539
2 8013 8061
2 8013 8811
2 8014 8812
2 8015 8020
2 8015 8062
2 8015 8843
2 8016 8058
2 8016 9011
2 8017 8059
2 8017 9012
2 8018 8058
2 8018 8859
2 8019 8059
2 8019 8860
2 8020 8060
2 8021 8060
2 8022 8024
2 8022 8026
2 8022 8049
2 8023 8025
2 8023 8027
2 8023 8050
2 8026 8028
2 8026 8058
2 8027 8029
2 8027 8059
2 8028 8030
2 8028 8053
2 8029 8031
2 8029 8054
2 8032 8033
2 8032 8034
2 8032 8053
2 8034 8035
2 8034 8055
2 8036 8037
2 8036 8038
2 8036 8055
2 8038 8039
2 8038 8060
2 8039 8040
2 8039 8057
2 8041 8043
2 8041 8045
2 8041 8057
2 8042 8044
2 8042 8046
2 8045 8047
2 8045 8049
2 8046 8048
2 8046 8050
2 8049 8051
2 8050 8052
2 8051 8053
2 8051 8056
2 8052 8054
2 8055 8056
2 8056 8057
2 8061 8067
2 8062 8068
2 8063 8067
2 8063 8069
2 8063 8831
2 8064 8065
2 8064 8071
2 8064 8833
2 8065 8072
2 8065 8834
2 8066 8068
2 8066 8073
2 8066 8835
2 8067 8829
2 8068 8830
2 8069 8070
2 8069 8071
2 8071 8075
2 8072 8073
2 8072 8077
2 8073 8074
2 8075 8076
2 8075 8077
2 8077 8078
2 8079 8092
2 8079 9135
2 8079 9205
2 8079 9320
2 8080 8327
2 8080 8787
2 8081 8328
2 8081 8788
2 8082 8107
2 8082 8717
2 8083 8108
2 8083 8718
2 8084 8093
2 8084 8109
2 8084 8329
2 8084 8719
2 8085 8094
2 8085 8110
2 8085 8330
2 8085 8720
2 8086 8111
2 8087 8112
2 8088 8113
2 8088 8331
2 8089 8114
2 8089 8332
2 8090 8093
2 8090 8117
2 8090 8397
2 8090 8557
2 8091 8094
2 8091 8118
2 8091 8398
2 8091 8558
2 8093 8383
2 8093 8543
2 8094 8384
2 8094 8544
2 8095 8311
2 8096 8312
2 8097 8313
2 8098 8314
2 8099 8315
2 8100 8316
2 8101 8317
2 8102 8318
2 8103 8312
2 8103 10342
2 8104 8314
2 8104 10343
2 8105 8316
2 8105 10344
2 8106 8318
2 8106 10345
2 8107 8319
2 8108 8320
2 8109 8321
2 8110 8322
2 8111 8323
2 8112 8324
2 8113 8325
2 8114 8326
2 8115 8319
2 8116 8320
2 8117 8321
2 8118 8322
2 8119 8323
2 8120 8324
2 8121 8325
2 8122 8326
2 8123 8131
2 8123 8139
2 8123 8263
2 8124 8132
2 8124 8140
2 8124 8264
2 8125 8133
2 8125 8141
2 8125 8265
2 8126 8134
2 8126 8142
2 8126 8266
2 8127 8135
2 8127 8143
2 8127 8267
2 8128 8136
2 8128 8144
2 8128 8268
2 8129 8137
2 8129 8145
2 8129 8269
2 8130 8138
2 8130 8146
2 8130 8270
2 8139 8147
2 8139 8311
2 8140 8148
2 8140 8312
2 8141 8149
2 8141 8313
2 8142 8150
2 8142 8314
2 8143 8151
2 8143 8315
2 8144 8152
2 8144 8316
2 8145 8153
2 8145 8317
2 8146 8154
2 8146 8318
2 8147 8279
2 8148 8155
2 8148 8280
2 8149 8281
2 8150 8156
2 8150 8282
2 8151 8283
2 8152 8157
2 8152 8284
2 8153 8285
2 8154 8158
2 8154 8286
2 8159 8167
2 8159 8175
2 8159 8279
2 8160 8168
2 8160 8176
2 8160 8280
2 8161 8169
2 8161 8177
2 8161 8281
2 8162 8170
2 8162 8178
2 8162 8282
2 8163 8171
2 8163 8179
2 8163 8283
2 8164 8172
2 8164 8180
2 8164 8284
2 8165 8173
2 8165 8181
2 8165 8285
2 8166 8174
2 8166 8182
2 8166 8286
2 8175 8183
2 8175 8287
2 8176 8184
2 8176 8288
2 8177 8185
2 8177 8289
2 8178 8186
2 8178 8290
2 8179 8187
2 8179 8291
2 8180 8188
2 8180 8292
2 8181 8189
2 8181 8293
2 8182 8190
2 8182 8294
2 8191 8199
2 8191 8207
2 8191 8287
2 8192 8200
2 8192 8208
2 8192 8288
2 8193 8201
2 8193 8209
2 8193 8289
2 8194 8202
2 8194 8210
2 8194 8290
2 8195 8203
2 8195 8211
2 8195 8291
2 8196 8204
2 8196 8212
2 8196 8292
2 8197 8205
2 8197 8213
2 8197 8293
2 8198 8206
2 8198 8214
2 8198 8294
2 8207 8215
2 8207 8319
2 8208 8216
2 8208 8320
2 8209 8217
2 8209 8321
2 8210 8218
2 8210 8322
2 8211 8219
2 8211 8323
2 8212 8220
2 8212 8324
2 8213 8221
2 8213 8325
2 8214 8222
2 8214 8326
2 8215 8223
2 8215 8303
2 8216 8224
2 8216 8304
2 8217 8225
2 8217 8305
2 8218 8226
2 8218 8306
2 8219 8227
2 8219 8307
2 8220 8228
2 8220 8308
2 8221 8229
2 8221 8309
2 8222 8230
2 8222 8310
2 8231 8239
2 8231 8247
2 8231 8303
2 8232 8240
2 8232 8248
2 8232 8304
2 8233 8241
2 8233 8249
2 8233 8305
2 8234 8242
2 8234 8250
2 8234 8306
2 8235 8243
2 8235 8251
2 8235 8307
2 8236 8244
2 8236 8252
2 8236 8308
2 8237 8245
2 8237 8253
2 8237 8309
2 8238 8246
2 8238 8254
2 8238 8310
2 8247 8255
2 8247 8263
2 8248 8256
2 8248 8264
2 8249 8257
2 8249 8265
2 8250 8258
2 8250 8266
2 8251 8259
2 8251 8267
2 8252 8260
2 8252 8268
2 8253 8261
2 8253 8269
2 8254 8262
2 8254 8270
2 8263 8271
2 8264 8272
2 8265 8273
2 8266 8274
2 8267 8275
2 8268 8276
2 8269 8277
2 8270 8278
2 8271 8279
2 8271 8295
2 8272 8280
2 8272 8296
2 8273 8281
2 8273 8297
2 8274 8282
2 8274 8298
2 8275 8283
2 8275 8299
2 8276 8284
2 8276 8300
2 8277 8285
2 8277 8301
2 8278 8286
2 8278 8302
2 8287 8295
2 8288 8296
2 8289 8297
2 8290 8298
2 8291 8299
2 8292 8300
2 8293 8301
2 8294 8302
2 8295 8303
2 8296 8304
2 8297 8305
2 8298 8306
2 8299 8307
2 8300 8308
2 8301 8309
2 8302 8310
2 8327 8345
2 8328 8346
2 8329 8347
2 8330 8348
2 8331 8349
2 8332 8350
2 8333 8345
2 8333 8351
2 8333 8757
2 8334 8346
2 8334 8352
2 8334 8758
2 8335 8355
2 8335 8761
2 8335 18739
2 8336 8356
2 8336 8762
2 8336 18740
2 8337 8357
2 8337 8763
2 8337 18735
2 8338 8358
2 8338 8764
2 8338 18736
2 8339 8359
2 8339 8765
2 8339 18737
2 8340 8360
2 8340 8766
2 8340 18738
2 8341 8347
2 8341 8361
2 8341 8767
2 8342 8348
2 8342 8362
2 8342 8768
2 8343 8349
2 8343 8363
2 8343 8769
2 8344 8350
2 8344 8364
2 8344 8770
2 8345 8751
2 8346 8752
2 8347 8753
2 8348 8754
2 8349 8755
2 8350 8756
2 8351 8353
2 8351 8355
2 8352 8354
2 8352 8356
2 8355 8369
2 8356 8370
2 8357 8361
2 8357 8373
2 8358 8362
2 8358 8374
2 8359 8363
2 8359 8375
2 8360 8364
2 8360 8376
2 8361 8365
2 8362 8366
2 8363 8367
2 8364 8368
2 8369 8371
2 8369 18775
2 8370 8372
2 8370 18776
2 8373 8377
2 8373 18767
2 8374 8378
2 8374 18768
2 8375 8379
2 8375 18769
2 8376 8380
2 8376 18770
2 8381 8503
2 8381 8715
2 8382 8504
2 8382 8716
2 8383 8393
2 8383 8505
2 8383 8753
2 8384 8394
2 8384 8506
2 8384 8754
2 8385 8395
2 8385 8755
2 8386 8396
2 8386 8756
2 8387 8495
2 8388 8496
2 8389 8497
2 8390 8498
2 8391 8496
2 8391 10211
2 8392 8498
2 8392 10212
2 8393 8499
2 8394 8500
2 8395 8501
2 8396 8502
2 8397 8499
2 8398 8500
2 8399 8501
2 8400 8502
2 8401 8405
2 8401 8409
2 8401 8471
2 8402 8406
2 8402 8410
2 8402 8472
2 8403 8407
2 8403 8411
2 8403 8473
2 8404 8408
2 8404 8412
2 8404 8474
2 8409 8413
2 8409 8495
2 8410 8414
2 8410 8496
2 8411 8415
2 8411 8497
2 8412 8416
2 8412 8498
2 8413 8479
2 8414 8417
2 8414 8480
2 8415 8481
2 8416 8418
2 8416 8482
2 8419 8423
2 8419 8427
2 8419 8479
2 8420 8424
2 8420 8428
2 8420 8480
2 8421 8425
2 8421 8429
2 8421 8481
2 8422 8426
2 8422 8430
2 8422 8482
2 8427 8431
2 8427 8483
2 8428 8432
2 8428 8484
2 8429 8433
2 8429 8485
2 8430 8434
2 8430 8486
2 8435 8439
2 8435 8443
2 8435 8483
2 8436 8440
2 8436 8444
2 8436 8484
2 8437 8441
2 8437 8445
2 8437 8485
2 8438 8442
2 8438 8446
2 8438 8486
2 8443 8447
2 8443 8499
2 8444 8448
2 8444 8500
2 8445 8449
2 8445 8501
2 8446 8450
2 8446 8502
2 8447 8451
2 8447 8491
2 8448 8452
2 8448 8492
2 8449 8453
2 8449 8493
2 8450 8454
2 8450 8494
2 8455 8459
2 8455 8463
2 8455 8491
2 8456 8460
2 8456 8464
2 8456 8492
2 8457 8461
2 8457 8465
2 8457 8493
2 8458 8462
2 8458 8466
2 8458 8494
2 8463 8467
2 8463 8471
2 8464 8468
2 8464 8472
2 8465 8469
2 8465 8473
2 8466 8470
2 8466 8474
2 8471 8475
2 8472 8476
2 8473 8477
2 8474 8478
2 8475 8479
2 8475 8487
2 8476 8480
2 8476 8488
2 8477 8481
2 8477 8489
2 8478 8482
2 8478 8490
2 8483 8487
2 8484 8488
2 8485 8489
2 8486 8490
2 8487 8491
2 8488 8492
2 8489 8493
2 8490 8494
2 8503 8515
2 8504 8516
2 8505 8517
2 8506 8518
2 8507 8515
2 8507 8519
2 8507 8791
2 8508 8516
2 8508 8520
2 8508 8792
2 8509 8511
2 8509 8523
2 8509 8795
2 8510 8512
2 8510 8524
2 8510 8796
2 8511 8525
2 8511 8797
2 8512 8526
2 8512 8798
2 8513 8517
2 8513 8527
2 8513 8799
2 8514 8518
2 8514 8528
2 8514 8800
2 8515 8787
2 8516 8788
2 8517 8789
2 8518 8790
2 8519 8521
2 8519 8523
2 8520 8522
2 8520 8524
2 8523 8531
2 8524 8532
2 8525 8527
2 8525 8535
2 8526 8528
2 8526 8536
2 8527 8529
2 8528 8530
2 8531 8533
2 8531 8535
2 8532 8534
2 8532 8536
2 8535 8537
2 8536 8538
2 8539 8661
2 8539 8751
2 8540 8662
2 8540 8752
2 8541 8551
2 8541 8663
2 8542 8552
2 8542 8664
2 8543 8553
2 8543 8665
2 8543 8789
2 8544 8554
2 8544 8666
2 8544 8790
2 8545 8653
2 8545 10338
2 8546 8654
2 8546 10339
2 8547 8655
2 8547 10340
2 8548 8656
2 8548 10341
2 8549 8654
2 8549 10272
2 8550 8656
2 8550 10273
2 8551 8657
2 8552 8658
2 8553 8659
2 8554 8660
2 8555 8657
2 8556 8658
2 8557 8659
2 8558 8660
2 8559 8563
2 8559 8567
2 8559 8629
2 8560 8564
2 8560 8568
2 8560 8630
2 8561 8565
2 8561 8569
2 8561 8631
2 8562 8566
2 8562 8570
2 8562 8632
2 8567 8571
2 8567 8653
2 8568 8572
2 8568 8654
2 8569 8573
2 8569 8655
2 8570 8574
2 8570 8656
2 8571 8637
2 8572 8575
2 8572 8638
2 8573 8639
2 8574 8576
2 8574 8640
2 8577 8581
2 8577 8585
2 8577 8637
2 8578 8582
2 8578 8586
2 8578 8638
2 8579 8583
2 8579 8587
2 8579 8639
2 8580 8584
2 8580 8588
2 8580 8640
2 8585 8589
2 8585 8641
2 8586 8590
2 8586 8642
2 8587 8591
2 8587 8643
2 8588 8592
2 8588 8644
2 8593 8597
2 8593 8601
2 8593 8641
2 8594 8598
2 8594 8602
2 8594 8642
2 8595 8599
2 8595 8603
2 8595 8643
2 8596 8600
2 8596 8604
2 8596 8644
2 8601 8605
2 8601 8657
2 8602 8606
2 8602 8658
2 8603 8607
2 8603 8659
2 8604 8608
2 8604 8660
2 8605 8609
2 8605 8649
2 8606 8610
2 8606 8650
2 8607 8611
2 8607 8651
2 8608 8612
2 8608 8652
2 8613 8617
2 8613 8621
2 8613 8649
2 8614 8618
2 8614 8622
2 8614 8650
2 8615 8619
2 8615 8623
2 8615 8651
2 8616 8620
2 8616 8624
2 8616 8652
2 8621 8625
2 8621 8629
2 8622 8626
2 8622 8630
2 8623 8627
2 8623 8631
2 8624 8628
2 8624 8632
2 8629 8633
2 8630 8634
2 8631 8635
2 8632 8636
2 8633 8637
2 8633 8645
2 8634 8638
2 8634 8646
2 8635 8639
2 8635 8647
2 8636 8640
2 8636 8648
2 8641 8645
2 8642 8646
2 8643 8647
2 8644 8648
2 8645 8649
2 8646 8650
2 8647 8651
2 8648 8652
2 8661 8679
2 8662 8680
2 8663 8681
2 8664 8682
2 8665 8683
2 8666 8684
2 8667 8679
2 8667 8685
2 8667 8721
2 8668 8680
2 8668 8686
2 8668 8722
2 8669 8689
2 8669 8725
2 8670 8690
2 8670 8726
2 8671 8691
2 8671 8727
2 8672 8692
2 8672 8728
2 8673 8693
2 8673 8729
2 8674 8694
2 8674 8730
2 8675 8681
2 8675 8695
2 8675 8731
2 8676 8682
2 8676 8696
2 8676 8732
2 8677 8683
2 8677 8697
2 8677 8733
2 8678 8684
2 8678 8698
2 8678 8734
2 8679 8715
2 8680 8716
2 8681 8717
2 8682 8718
2 8683 8719
2 8684 8720
2 8685 8687
2 8685 8689
2 8686 8688
2 8686 8690
2 8689 8703
2 8690 8704
2 8691 8695
2 8691 8707
2 8692 8696
2 8692 8708
2 8693 8697
2 8693 8709
2 8694 8698
2 8694 8710
2 8695 8699
2 8696 8700
2 8697 8701
2 8698 8702
2 8703 8705
2 8704 8706
2 8707 8711
2 8708 8712
2 8709 8713
2 8710 8714
2 8721 8723
2 8721 8725
2 8722 8724
2 8722 8726
2 8725 8739
2 8726 8740
2 8727 8731
2 8727 8743
2 8728 8732
2 8728 8744
2 8729 8733
2 8729 8745
2 8730 8734
2 8730 8746
2 8731 8735
2 8732 8736
2 8733 8737
2 8734 8738
2 8739 8741
2 8740 8742
2 8743 8747
2 8744 8748
2 8745 8749
2 8746 8750
2 8757 8759
2 8757 8761
2 8758 8760
2 8758 8762
2 8761 8775
2 8762 8776
2 8763 8767
2 8763 8779
2 8764 8768
2 8764 8780
2 8765 8769
2 8765 8781
2 8766 8770
2 8766 8782
2 8767 8771
2 8768 8772
2 8769 8773
2 8770 8774
2 8775 8777
2 8775 19179
2 8776 8778
2 8776 19180
2 8779 8783
2 8779 19171
2 8780 8784
2 8780 19172
2 8781 8785
2 8781 19173
2 8782 8786
2 8782 19174
2 8791 8793
2 8791 8795
2 8792 8794
2 8792 8796
2 8795 8803
2 8796 8804
2 8797 8799
2 8797 8807
2 8798 8800
2 8798 8808
2 8799 8801
2 8800 8802
2 8803 8805
2 8803 8807
2 8804 8806
2 8804 8808
2 8807 8809
2 8808 8810
2 8814 8816
2 8814 8818
2 8815 8817
2 8815 8819
2 8818 8823
2 8819 8824
2 8820 8821
2 8820 8827
2 8821 8822
2 8823 8825
2 8823 19221
2 8824 8826
2 8824 19222
2 8827 8828
2 8827 19219
2 8831 8832
2 8831 8833
2 8833 8837
2 8834 8835
2 8834 8839
2 8835 8836
2 8837 8838
2 8837 8839
2 8839 8840
2 8844 8846
2 8844 8848
2 8845 8847
2 8845 8849
2 8848 8853
2 8849 8854
2 8850 8851
2 8850 8857
2 8851 8852
2 8853 8855
2 8854 8856
2 8857 8858
2 8859 8894
2 8859 9017
2 8860 8895
2 8860 9018
2 8861 8863
2 8861 8866
2 8861 8896
2 8861 9484
2 8862 8863
2 8862 8867
2 8862 8935
2 8862 9023
2 8863 8929
2 8863 9015
2 8864 8892
2 8864 9569
2 8865 8892
2 8865 9869
2 8866 8893
2 8867 8893
2 8868 8869
2 8868 8870
2 8868 8886
2 8870 8871
2 8870 8892
2 8871 8872
2 8871 8888
2 8873 8874
2 8873 8875
2 8873 8888
2 8875 8876
2 8875 8889
2 8877 8878
2 8877 8879
2 8877 8889
2 8879 8880
2 8879 8893
2 8880 8881
2 8880 8891
2 8882 8883
2 8882 8884
2 8882 8891
2 8884 8885
2 8884 8886
2 8886 8887
2 8887 8888
2 8887 8890
2 8889 8890
2 8890 8891
2 8894 8905
2 8895 8906
2 8896 8907
2 8897 8905
2 8897 8909
2 8897 9549
2 8898 8906
2 8898 8910
2 8898 9550
2 8899 8901
2 8899 8913
2 8899 9553
2 8900 8902
2 8900 8914
2 8900 9554
2 8901 8915
2 8901 9555
2 8902 8916
2 8902 9556
2 8903 8907
2 8903 8917
2 8903 9557
2 8904 8908
2 8904 8918
2 8904 9558
2 8905 9545
2 8906 9546
2 8907 9547
2 8908 9548
2 8909 8911
2 8909 8913
2 8910 8912
2 8910 8914
2 8913 8920
2 8914 8921
2 8915 8917
2 8915 8924
2 8916 8918
2 8916 8925
2 8917 8919
2 8920 8922
2 8920 8924
2 8921 8923
2 8921 8925
2 8924 8926
2 8927 19901
2 8928 8932
2 8928 8977
2 8928 9507
2 8929 8933
2 8929 8978
2 8929 9508
2 8930 8972
2 8930 9569
2 8931 8972
2 8931 10043
2 8932 8973
2 8933 8974
2 8934 8973
2 8935 8974
2 8936 8937
2 8936 8938
2 8936 8963
2 8938 8939
2 8938 8972
2 8939 8940
2 8939 8965
2 8941 8943
2 8941 8945
2 8942 8944
2 8942 8946
2 8945 8947
2 8945 8966
2 8946 8948
2 8946 8967
2 8949 8951
2 8949 8953
2 8949 8966
2 8950 8952
2 8950 8954
2 8950 8967
2 8953 8955
2 8953 8973
2 8954 8956
2 8954 8974
2 8955 8957
2 8955 8970
2 8956 8958
2 8956 8971
2 8959 8960
2 8959 8961
2 8961 8962
2 8961 8963
2 8963 8964
2 8964 8965
2 8966 8968
2 8967 8969
2 8968 8970
2 8969 8971
2 8975 8987
2 8976 8988
2 8977 8989
2 8978 8990
2 8979 8987
2 8979 8991
2 8979 9485
2 8980 8988
2 8980 8992
2 8980 9486
2 8981 8983
2 8981 8995
2 8981 9489
2 8982 8984
2 8982 8996
2 8982 9490
2 8983 8997
2 8983 9491
2 8984 8998
2 8984 9492
2 8985 8989
2 8985 8999
2 8985 9493
2 8986 8990
2 8986 9000
2 8986 9494
2 8987 9482
2 8988 9483
2 8990 9484
2 8991 8993
2 8991 8995
2 8992 8994
2 8992 8996
2 8995 9003
2 8996 9004
2 8997 8999
2 8997 9007
2 8998 9000
2 8998 9008
2 8999 9001
2 9000 9002
2 9003 9005
2 9003 9007
2 9004 9006
2 9004 9008
2 9007 9009
2 9008 9010
2 9011 9017
2 9011 13379
2 9011 18337
2 9012 9018
2 9012 13380
2 9012 18338
2 9013 9482
2 9013 19458
2 9014 9483
2 9014 19459
2 9015 9021
2 9015 9068
2 9015 9547
2 9016 9022
2 9016 9069
2 9016 9548
2 9017 14230
2 9017 19307
2 9018 14231
2 9018 19308
2 9019 9061
2 9019 9569
2 9020 9061
2 9020 9570
2 9021 9062
2 9022 9063
2 9023 9062
2 9024 9063
2 9025 9026
2 9025 9027
2 9025 9052
2 9027 9028
2 9027 9061
2 9028 9029
2 9028 9054
2 9030 9032
2 9030 9034
2 9030 19450
2 9031 9033
2 9031 9035
2 9031 19451
2 9034 9036
2 9034 9055
2 9035 9037
2 9035 9056
2 9038 9040
2 9038 9042
2 9038 9055
2 9039 9041
2 9039 9043
2 9039 9056
2 9042 9044
2 9042 9062
2 9043 9045
2 9043 9063
2 9044 9046
2 9044 9059
2 9045 9047
2 9045 9060
2 9048 9049
2 9048 9050
2 9048 19454
2 9050 9051
2 9050 9052
2 9052 9053
2 9053 9054
2 9053 19453
2 9054 19429
2 9055 9057
2 9056 9058
2 9057 9059
2 9057 19448
2 9058 9060
2 9058 19449
2 9059 19438
2 9060 19439
2 9064 9086
2 9064 19408
2 9065 9087
2 9065 19409
2 9066 9088
2 9066 19410
2 9067 9089
2 9067 19411
2 9068 9091
2 9069 9093
2 9070 9086
2 9070 9094
2 9070 9509
2 9071 9087
2 9071 9095
2 9071 9510
2 9072 9088
2 9072 9096
2 9072 9511
2 9073 9089
2 9073 9097
2 9073 9512
2 9074 9078
2 9074 9102
2 9074 9517
2 9075 9079
2 9075 9103
2 9075 9518
2 9076 9080
2 9076 9104
2 9076 9519
2 9077 9081
2 9077 9105
2 9077 9520
2 9078 9106
2 9078 9521
2 9079 9107
2 9079 9522
2 9080 9108
2 9080 9523
2 9081 9109
2 9081 9524
2 9082 9090
2 9082 9110
2 9082 9525
2 9083 9091
2 9083 9111
2 9083 9526
2 9084 9092
2 9084 9112
2 9084 9527
2 9085 9093
2 9085 9113
2 9085 9528
2 9086 9503
2 9087 9504
2 9088 9505
2 9089 9506
2 9090 9507
2 9091 9508
2 9094 9098
2 9094 9102
2 9095 9099
2 9095 9103
2 9096 9100
2 9096 9104
2 9097 9101
2 9097 9105
2 9102 9116
2 9103 9117
2 9104 9118
2 9105 9119
2 9106 9110
2 9106 9124
2 9107 9111
2 9107 9125
2 9108 9112
2 9108 9126
2 9109 9113
2 9109 9127
2 9111 9114
2 9113 9115
2 9116 9120
2 9116 9124
2 9117 9121
2 9117 9125
2 9118 9122
2 9118 9126
2 9119 9123
2 9119 9127
2 9125 9128
2 9127 9129
2 9130 9134
2 9130 10216
2 9130 10276
2 9130 10349
2 9131 9165
2 9131 9440
2 9131 10277
2 9132 9134
2 9132 9166
2 9132 9441
2 9132 10278
2 9133 9137
2 9133 19780
2 9134 9201
2 9134 9313
2 9135 9163
2 9136 9163
2 9137 9164
2 9138 9164
2 9139 9140
2 9139 9141
2 9139 9157
2 9141 9142
2 9141 9163
2 9142 9143
2 9142 9159
2 9144 9145
2 9144 9146
2 9144 9159
2 9146 9147
2 9146 9160
2 9148 9149
2 9148 9150
2 9148 9160
2 9150 9151
2 9150 9164
2 9151 9152
2 9151 9162
2 9153 9154
2 9153 9155
2 9153 9162
2 9155 9156
2 9155 9157
2 9157 9158
2 9158 9159
2 9158 9161
2 9160 9161
2 9161 9162
2 9165 9177
2 9166 9178
2 9167 9179
2 9168 9180
2 9169 9177
2 9169 9181
2 9169 9422
2 9170 9178
2 9170 9182
2 9170 9423
2 9171 9173
2 9171 9185
2 9171 9425
2 9172 9174
2 9172 9186
2 9172 9426
2 9173 9187
2 9173 9427
2 9174 9188
2 9174 9428
2 9175 9179
2 9175 9189
2 9175 9429
2 9176 9180
2 9176 9190
2 9176 9430
2 9178 9419
2 9179 9420
2 9180 9421
2 9181 9183
2 9181 9185
2 9182 9184
2 9182 9186
2 9185 9193
2 9186 9194
2 9187 9189
2 9187 9197
2 9188 9190
2 9188 9198
2 9189 9191
2 9190 9192
2 9193 9195
2 9193 9197
2 9194 9196
2 9194 9198
2 9197 9199
2 9198 9200
2 9201 9247
2 9201 9395
2 9201 10351
2 9202 9248
2 9202 9396
2 9202 10352
2 9203 9207
2 9203 9420
2 9203 19697
2 9204 9208
2 9204 9421
2 9204 19698
2 9205 9244
2 9206 9244
2 9207 9245
2 9208 9246
2 9209 9245
2 9210 9246
2 9211 9212
2 9211 9213
2 9211 9237
2 9213 9214
2 9213 9244
2 9214 9215
2 9214 9239
2 9216 9218
2 9216 9220
2 9216 9239
2 9219 9221
2 9219 9240
2 9220 9222
2 9220 9241
2 9223 9225
2 9223 9227
2 9223 9240
2 9224 9226
2 9224 9228
2 9224 9241
2 9227 9229
2 9227 9245
2 9228 9230
2 9228 9246
2 9229 9231
2 9230 9232
2 9230 9243
2 9233 9234
2 9233 9235
2 9233 9243
2 9235 9236
2 9235 9237
2 9237 9238
2 9238 9239
2 9238 9242
2 9241 9242
2 9242 9243
2 9247 9270
2 9248 9272
2 9249 9273
2 9249 19608
2 9250 9274
2 9250 19609
2 9251 9275
2 9251 19610
2 9252 9276
2 9252 19611
2 9253 9269
2 9253 9277
2 9253 9446
2 9254 9270
2 9254 9278
2 9254 9447
2 9255 9271
2 9255 9279
2 9255 9448
2 9256 9272
2 9256 9280
2 9256 9449
2 9257 9261
2 9257 9283
2 9257 9452
2 9258 9262
2 9258 9284
2 9258 9453
2 9259 9263
2 9259 9285
2 9259 9454
2 9260 9264
2 9260 9286
2 9260 9455
2 9261 9287
2 9261 9456
2 9262 9288
2 9262 9457
2 9263 9289
2 9263 9458
2 9264 9290
2 9264 9459
2 9265 9273
2 9265 9291
2 9265 9460
2 9266 9274
2 9266 9292
2 9266 9461
2 9267 9275
2 9267 9293
2 9267 9462
2 9268 9276
2 9268 9294
2 9268 9463
2 9269 9440
2 9270 9441
2 9273 9442
2 9274 9443
2 9275 9444
2 9276 9445
2 9277 9283
2 9278 9281
2 9278 9284
2 9279 9285
2 9280 9282
2 9280 9286
2 9283 9299
2 9284 9300
2 9285 9301
2 9286 9302
2 9287 9291
2 9287 9305
2 9288 9292
2 9288 9306
2 9289 9293
2 9289 9307
2 9290 9294
2 9290 9308
2 9291 9295
2 9292 9296
2 9293 9297
2 9294 9298
2 9299 9305
2 9300 9303
2 9300 9306
2 9301 9307
2 9302 9304
2 9302 9308
2 9305 9309
2 9306 9310
2 9307 9311
2 9308 9312
2 9313 9362
2 9313 9419
2 9313 10217
2 9314 9318
2 9314 9322
2 9314 9363
2 9315 9319
2 9315 9323
2 9315 9364
2 9316 9318
2 9316 9324
2 9316 14457
2 9316 19503
2 9317 9319
2 9317 9325
2 9317 14458
2 9317 19504
2 9318 14449
2 9318 19494
2 9319 14450
2 9319 19495
2 9320 9359
2 9321 9359
2 9322 9360
2 9323 9361
2 9324 9360
2 9325 9361
2 9326 9327
2 9326 9328
2 9326 9352
2 9328 9329
2 9328 9359
2 9329 9330
2 9329 9354
2 9331 9332
2 9331 9334
2 9331 9354
2 9334 9336
2 9334 9355
2 9335 9337
2 9335 9356
2 9338 9340
2 9338 9342
2 9338 9355
2 9339 9341
2 9339 9343
2 9339 9356
2 9342 9344
2 9342 9360
2 9343 9345
2 9343 9361
2 9344 9346
2 9344 9358
2 9345 9347
2 9348 9349
2 9348 9350
2 9348 9358
2 9350 9351
2 9350 9352
2 9352 9353
2 9353 9354
2 9353 9357
2 9355 9357
2 9357 9358
2 9362 9373
2 9363 9375
2 9364 9376
2 9365 9373
2 9365 9377
2 9365 9399
2 9366 9374
2 9366 9378
2 9366 9400
2 9367 9369
2 9367 9380
2 9367 9403
2 9368 9370
2 9368 9381
2 9368 9404
2 9369 9382
2 9369 9405
2 9370 9383
2 9370 9406
2 9371 9375
2 9371 9384
2 9371 9407
2 9372 9376
2 9372 9385
2 9372 9408
2 9373 9395
2 9374 9396
2 9375 9397
2 9376 9398
2 9377 9379
2 9377 9380
2 9378 9381
2 9380 9388
2 9381 9389
2 9382 9384
2 9382 9391
2 9383 9385
2 9383 9392
2 9384 9386
2 9385 9387
2 9388 9390
2 9388 9391
2 9389 9392
2 9391 9393
2 9392 9394
2 9397 19494
2 9398 19495
2 9399 9401
2 9399 9403
2 9400 9402
2 9400 9404
2 9403 9411
2 9404 9412
2 9405 9407
2 9405 9415
2 9406 9408
2 9406 9416
2 9407 9409
2 9408 9410
2 9411 9413
2 9411 9415
2 9412 9414
2 9412 9416
2 9415 9417
2 9416 9418
2 9422 9425
2 9423 9424
2 9423 9426
2 9425 9433
2 9426 9434
2 9427 9429
2 9427 9436
2 9428 9430
2 9428 9437
2 9429 9431
2 9430 9432
2 9433 9436
2 9434 9435
2 9434 9437
2 9436 9438
2 9437 9439
2 9446 9450
2 9446 9452
2 9447 9451
2 9447 9453
2 9448 9454
2 9449 9455
2 9452 9468
2 9453 9469
2 9454 9470
2 9455 9471
2 9456 9460
2 9456 9474
2 9457 9461
2 9457 9475
2 9458 9462
2 9458 9476
2 9459 9463
2 9459 9477
2 9460 9464
2 9461 9465
2 9462 9466
2 9463 9467
2 9468 9472
2 9468 9474
2 9469 9473
2 9469 9475
2 9470 9476
2 9471 9477
2 9474 9478
2 9475 9479
2 9476 9480
2 9477 9481
2 9485 9487
2 9485 9489
2 9486 9488
2 9486 9490
2 9489 9496
2 9490 9497
2 9491 9493
2 9491 9500
2 9492 9494
2 9492 9501
2 9494 9495
2 9496 9498
2 9496 9500
2 9497 9499
2 9497 9501
2 9501 9502
2 9509 9513
2 9509 9517
2 9510 9514
2 9510 9518
2 9511 9515
2 9511 9519
2 9512 9516
2 9512 9520
2 9517 9531
2 9518 9532
2 9519 9533
2 9520 9534
2 9521 9525
2 9521 9539
2 9522 9526
2 9522 9540
2 9523 9527
2 9523 9541
2 9524 9528
2 9524 9542
2 9525 9529
2 9526 9530
2 9531 9535
2 9531 9539
2 9532 9536
2 9532 9540
2 9533 9537
2 9533 9541
2 9534 9538
2 9534 9542
2 9539 9543
2 9540 9544
2 9545 19307
2 9546 19308
2 9549 9551
2 9549 9553
2 9550 9552
2 9550 9554
2 9553 9561
2 9554 9562
2 9555 9557
2 9555 9565
2 9556 9558
2 9556 9566
2 9557 9559
2 9558 9560
2 9561 9563
2 9561 9565
2 9562 9564
2 9562 9566
2 9565 9567
2 9566 9568
2 9569 9579
2 9570 9579
2 9570 9820
2 9570 10499
2 9571 9596
2 9571 20043
2 9572 9597
2 9572 20044
2 9573 9598
2 9573 20045
2 9574 9599
2 9574 20046
2 9575 9600
2 9575 20047
2 9576 9601
2 9576 20048
2 9577 9602
2 9577 20049
2 9578 9603
2 9578 20050
2 9579 9869
2 9579 10043
2 9580 9804
2 9581 9805
2 9582 9806
2 9583 9807
2 9584 9808
2 9585 9809
2 9586 9810
2 9587 9811
2 9588 9804
2 9589 9805
2 9590 9806
2 9591 9807
2 9592 9808
2 9593 9809
2 9594 9810
2 9595 9811
2 9596 9812
2 9597 9813
2 9598 9814
2 9599 9815
2 9600 9816
2 9601 9817
2 9602 9818
2 9603 9819
2 9604 9812
2 9605 9813
2 9606 9814
2 9607 9815
2 9608 9816
2 9609 9817
2 9610 9818
2 9611 9819
2 9612 9620
2 9612 9628
2 9612 9756
2 9613 9621
2 9613 9629
2 9613 9757
2 9614 9622
2 9614 9630
2 9614 9758
2 9615 9623
2 9615 9631
2 9615 9759
2 9616 9624
2 9616 9632
2 9616 9760
2 9617 9625
2 9617 9633
2 9617 9761
2 9618 9626
2 9618 9634
2 9618 9762
2 9619 9627
2 9619 9635
2 9619 9763
2 9628 9636
2 9628 9804
2 9629 9637
2 9629 9805
2 9630 9638
2 9630 9806
2 9631 9639
2 9631 9807
2 9632 9640
2 9632 9808
2 9633 9641
2 9633 9809
2 9634 9642
2 9634 9810
2 9635 9643
2 9635 9811
2 9636 9644
2 9636 9772
2 9637 9645
2 9637 9773
2 9638 9646
2 9638 9774
2 9639 9647
2 9639 9775
2 9640 9648
2 9640 9776
2 9641 9649
2 9641 9777
2 9642 9650
2 9642 9778
2 9643 9651
2 9643 9779
2 9652 9660
2 9652 9668
2 9652 9772
2 9653 9661
2 9653 9669
2 9653 9773
2 9654 9662
2 9654 9670
2 9654 9774
2 9655 9663
2 9655 9671
2 9655 9775
2 9656 9664
2 9656 9672
2 9656 9776
2 9657 9665
2 9657 9673
2 9657 9777
2 9658 9666
2 9658 9674
2 9658 9778
2 9659 9667
2 9659 9675
2 9659 9779
2 9668 9676
2 9668 9780
2 9669 9677
2 9669 9781
2 9670 9678
2 9670 9782
2 9671 9679
2 9671 9783
2 9672 9680
2 9672 9784
2 9673 9681
2 9673 9785
2 9674 9682
2 9674 9786
2 9675 9683
2 9675 9787
2 9684 9692
2 9684 9700
2 9684 9780
2 9685 9693
2 9685 9701
2 9685 9781
2 9686 9694
2 9686 9702
2 9686 9782
2 9687 9695
2 9687 9703
2 9687 9783
2 9688 9696
2 9688 9704
2 9688 9784
2 9689 9697
2 9689 9705
2 9689 9785
2 9690 9698
2 9690 9706
2 9690 9786
2 9691 9699
2 9691 9707
2 9691 9787
2 9700 9708
2 9700 9812
2 9701 9709
2 9701 9813
2 9702 9710
2 9702 9814
2 9703 9711
2 9703 9815
2 9704 9712
2 9704 9816
2 9705 9713
2 9705 9817
2 9706 9714
2 9706 9818
2 9707 9715
2 9707 9819
2 9708 9716
2 9708 9796
2 9709 9717
2 9709 9797
2 9710 9718
2 9710 9798
2 9711 9719
2 9711 9799
2 9712 9720
2 9712 9800
2 9713 9721
2 9713 9801
2 9714 9722
2 9714 9802
2 9715 9723
2 9715 9803
2 9724 9732
2 9724 9740
2 9724 9796
2 9725 9733
2 9725 9741
2 9725 9797
2 9726 9734
2 9726 9742
2 9726 9798
2 9727 9735
2 9727 9743
2 9727 9799
2 9728 9736
2 9728 9744
2 9728 9800
2 9729 9737
2 9729 9745
2 9729 9801
2 9730 9738
2 9730 9746
2 9730 9802
2 9731 9739
2 9731 9747
2 9731 9803
2 9740 9748
2 9740 9756
2 9741 9749
2 9741 9757
2 9742 9750
2 9742 9758
2 9743 9751
2 9743 9759
2 9744 9752
2 9744 9760
2 9745 9753
2 9745 9761
2 9746 9754
2 9746 9762
2 9747 9755
2 9747 9763
2 9756 9764
2 9757 9765
2 9758 9766
2 9759 9767
2 9760 9768
2 9761 9769
2 9762 9770
2 9763 9771
2 9764 9772
2 9764 9788
2 9765 9773
2 9765 9789
2 9766 9774
2 9766 9790
2 9767 9775
2 9767 9791
2 9768 9776
2 9768 9792
2 9769 9777
2 9769 9793
2 9770 9778
2 9770 9794
2 9771 9779
2 9771 9795
2 9780 9788
2 9781 9789
2 9782 9790
2 9783 9791
2 9784 9792
2 9785 9793
2 9786 9794
2 9787 9795
2 9788 9796
2 9789 9797
2 9790 9798
2 9791 9799
2 9792 9800
2 9793 9801
2 9794 9802
2 9795 9803
2 9820 9836
2 9821 9837
2 9821 19916
2 9822 9838
2 9822 19917
2 9823 9839
2 9823 19918
2 9824 9840
2 9824 19919
2 9825 9835
2 9825 9841
2 9825 10527
2 9826 9836
2 9826 9842
2 9826 10528
2 9827 9829
2 9827 9845
2 9827 10531
2 9828 9830
2 9828 9846
2 9828 10532
2 9829 9849
2 9829 10535
2 9830 9850
2 9830 10536
2 9831 9837
2 9831 9851
2 9831 10537
2 9832 9838
2 9832 9852
2 9832 10538
2 9833 9839
2 9833 9853
2 9833 10539
2 9834 9840
2 9834 9854
2 9834 10540
2 9836 10522
2 9837 10523
2 9838 10524
2 9839 10525
2 9840 10526
2 9841 9843
2 9841 9845
2 9842 9844
2 9842 9846
2 9845 9859
2 9846 9860
2 9847 9851
2 9848 9852
2 9849 9853
2 9849 9863
2 9850 9854
2 9850 9864
2 9851 9855
2 9852 9856
2 9853 9857
2 9854 9858
2 9859 9861
2 9859 9863
2 9860 9862
2 9860 9864
2 9863 9867
2 9864 9868
2 9869 9994
2 9869 10522
2 9870 9882
2 9870 9995
2 9870 20807
2 9871 9883
2 9871 9996
2 9871 20808
2 9872 9884
2 9872 9997
2 9872 20809
2 9873 9885
2 9873 9998
2 9873 20810
2 9874 9986
2 9875 9987
2 9876 9988
2 9877 9989
2 9878 9986
2 9879 9987
2 9880 9988
2 9881 9989
2 9882 9990
2 9883 9991
2 9884 9992
2 9885 9993
2 9886 9990
2 9887 9991
2 9888 9992
2 9889 9993
2 9890 9894
2 9890 9898
2 9890 9962
2 9891 9895
2 9891 9899
2 9891 9963
2 9892 9896
2 9892 9900
2 9892 9964
2 9893 9897
2 9893 9901
2 9893 9965
2 9898 9902
2 9898 9986
2 9899 9903
2 9899 9987
2 9900 9904
2 9900 9988
2 9901 9905
2 9901 9989
2 9902 9906
2 9902 9970
2 9903 9907
2 9903 9971
2 9904 9908
2 9904 9972
2 9905 9909
2 9905 9973
2 9910 9914
2 9910 9918
2 9910 9970
2 9911 9915
2 9911 9919
2 9911 9971
2 9912 9916
2 9912 9920
2 9912 9972
2 9913 9917
2 9913 9921
2 9913 9973
2 9918 9922
2 9918 9974
2 9919 9923
2 9919 9975
2 9920 9924
2 9920 9976
2 9921 9925
2 9921 9977
2 9926 9930
2 9926 9934
2 9926 9974
2 9927 9931
2 9927 9935
2 9927 9975
2 9928 9932
2 9928 9936
2 9928 9976
2 9929 9933
2 9929 9937
2 9929 9977
2 9934 9938
2 9934 9990
2 9935 9939
2 9935 9991
2 9936 9940
2 9936 9992
2 9937 9941
2 9937 9993
2 9938 9942
2 9938 9982
2 9939 9943
2 9939 9983
2 9940 9944
2 9940 9984
2 9941 9945
2 9941 9985
2 9946 9950
2 9946 9954
2 9946 9982
2 9947 9951
2 9947 9955
2 9947 9983
2 9948 9952
2 9948 9956
2 9948 9984
2 9949 9953
2 9949 9957
2 9949 9985
2 9954 9958
2 9954 9962
2 9955 9959
2 9955 9963
2 9956 9960
2 9956 9964
2 9957 9961
2 9957 9965
2 9962 9966
2 9963 9967
2 9964 9968
2 9965 9969
2 9966 9970
2 9966 9978
2 9967 9971
2 9967 9979
2 9968 9972
2 9968 9980
2 9969 9973
2 9969 9981
2 9974 9978
2 9975 9979
2 9976 9980
2 9977 9981
2 9978 9982
2 9979 9983
2 9980 9984
2 9981 9985
2 9994 10010
2 9995 10011
2 9996 10012
2 9997 10013
2 9998 10014
2 9999 10009
2 9999 10015
2 9999 10471
2 10000 10010
2 10000 10016
2 10000 10472
2 10001 10003
2 10001 10019
2 10001 10475
2 10002 10004
2 10002 10020
2 10002 10476
2 10003 10021
2 10003 10477
2 10004 10022
2 10004 10478
2 10005 10011
2 10005 10025
2 10005 10481
2 10006 10012
2 10006 10026
2 10006 10482
2 10007 10013
2 10007 10027
2 10007 10483
2 10008 10014
2 10008 10028
2 10008 10484
2 10010 10466
2 10011 10467
2 10012 10468
2 10013 10469
2 10014 10470
2 10015 10017
2 10015 10019
2 10016 10018
2 10016 10020
2 10019 10033
2 10020 10034
2 10021 10025
2 10021 10037
2 10022 10026
2 10022 10038
2 10023 10027
2 10024 10028
2 10025 10029
2 10026 10030
2 10027 10031
2 10028 10032
2 10033 10035
2 10033 10037
2 10034 10036
2 10034 10038
2 10037 10039
2 10038 10040
2 10043 10176
2 10043 10466
2 10044 10052
2 10044 10064
2 10044 10523
2 10045 10053
2 10045 10065
2 10045 10524
2 10046 10054
2 10046 10066
2 10046 10525
2 10047 10055
2 10047 10067
2 10047 10526
2 10048 10052
2 10048 10068
2 10048 14858
2 10048 19933
2 10049 10053
2 10049 10069
2 10049 14859
2 10049 19934
2 10050 10054
2 10050 10070
2 10050 14860
2 10050 19935
2 10051 10055
2 10051 10071
2 10051 14861
2 10051 19936
2 10052 14846
2 10052 19916
2 10053 14847
2 10053 19917
2 10054 14848
2 10054 19918
2 10055 14849
2 10055 19919
2 10056 10168
2 10057 10169
2 10058 10170
2 10059 10171
2 10060 10168
2 10061 10169
2 10062 10170
2 10063 10171
2 10064 10172
2 10065 10173
2 10066 10174
2 10067 10175
2 10068 10172
2 10069 10173
2 10070 10174
2 10071 10175
2 10072 10076
2 10072 10080
2 10072 10144
2 10073 10077
2 10073 10081
2 10073 10145
2 10074 10078
2 10074 10082
2 10074 10146
2 10075 10079
2 10075 10083
2 10075 10147
2 10080 10084
2 10080 10168
2 10081 10085
2 10081 10169
2 10082 10086
2 10082 10170
2 10083 10087
2 10083 10171
2 10084 10088
2 10084 10152
2 10085 10089
2 10085 10153
2 10086 10090
2 10086 10154
2 10087 10091
2 10087 10155
2 10092 10096
2 10092 10100
2 10092 10152
2 10093 10097
2 10093 10101
2 10093 10153
2 10094 10098
2 10094 10102
2 10094 10154
2 10095 10099
2 10095 10103
2 10095 10155
2 10100 10104
2 10100 10156
2 10101 10105
2 10101 10157
2 10102 10106
2 10102 10158
2 10103 10107
2 10103 10159
2 10108 10112
2 10108 10116
2 10108 10156
2 10109 10113
2 10109 10117
2 10109 10157
2 10110 10114
2 10110 10118
2 10110 10158
2 10111 10115
2 10111 10119
2 10111 10159
2 10116 10120
2 10116 10172
2 10117 10121
2 10117 10173
2 10118 10122
2 10118 10174
2 10119 10123
2 10119 10175
2 10120 10124
2 10120 10164
2 10121 10125
2 10121 10165
2 10122 10126
2 10122 10166
2 10123 10127
2 10123 10167
2 10128 10132
2 10128 10136
2 10128 10164
2 10129 10133
2 10129 10137
2 10129 10165
2 10130 10134
2 10130 10138
2 10130 10166
2 10131 10135
2 10131 10139
2 10131 10167
2 10136 10140
2 10136 10144
2 10137 10141
2 10137 10145
2 10138 10142
2 10138 10146
2 10139 10143
2 10139 10147
2 10144 10148
2 10145 10149
2 10146 10150
2 10147 10151
2 10148 10152
2 10148 10160
2 10149 10153
2 10149 10161
2 10150 10154
2 10150 10162
2 10151 10155
2 10151 10163
2 10156 10160
2 10157 10161
2 10158 10162
2 10159 10163
2 10160 10164
2 10161 10165
2 10162 10166
2 10163 10167
2 10176 10188
2 10177 10189
2 10178 10190
2 10179 10187
2 10179 10191
2 10179 10502
2 10180 10188
2 10180 10192
2 10180 10503
2 10181 10183
2 10181 10195
2 10181 10506
2 10182 10184
2 10182 10196
2 10182 10507
2 10183 10197
2 10183 10508
2 10184 10198
2 10184 10509
2 10185 10189
2 10185 10199
2 10185 10510
2 10186 10190
2 10186 10200
2 10186 10511
2 10188 10499
2 10189 10500
2 10190 10501
2 10191 10193
2 10191 10195
2 10192 10194
2 10192 10196
2 10195 10203
2 10196 10204
2 10197 10199
2 10197 10207
2 10198 10200
2 10198 10208
2 10199 10201
2 10200 10202
2 10203 10205
2 10203 10207
2 10204 10206
2 10204 10208
2 10207 10209
2 10208 10210
2 10211 10246
2 10211 20758
2 10212 10247
2 10212 20759
2 10213 10215
2 10213 10218
2 10213 10248
2 10213 10422
2 10214 10215
2 10214 10219
2 10214 10280
2 10214 10354
2 10215 10274
2 10215 10346
2 10216 10244
2 10217 10244
2 10218 10245
2 10219 10245
2 10220 10221
2 10220 10222
2 10220 10238
2 10222 10223
2 10222 10244
2 10223 10224
2 10223 10240
2 10225 10226
2 10225 10227
2 10225 10240
2 10227 10228
2 10227 10241
2 10229 10230
2 10229 10231
2 10229 10241
2 10231 10232
2 10231 10245
2 10232 10233
2 10232 10243
2 10234 10235
2 10234 10236
2 10234 10243
2 10236 10237
2 10236 10238
2 10238 10239
2 10239 10240
2 10239 10242
2 10241 10242
2 10242 10243
2 10246 10255
2 10247 10256
2 10248 10257
2 10249 10255
2 10249 10258
2 10249 10440
2 10250 10256
2 10250 10259
2 10250 10441
2 10251 10253
2 10251 10262
2 10251 10444
2 10252 10263
2 10252 10445
2 10253 10264
2 10253 10446
2 10254 10257
2 10254 10265
2 10254 10447
2 10255 10437
2 10256 10438
2 10257 10439
2 10258 10260
2 10258 10262
2 10259 10261
2 10259 10263
2 10262 10267
2 10264 10265
2 10264 10270
2 10265 10266
2 10267 10268
2 10267 10270
2 10270 10271
2 10272 10347
2 10272 10420
2 10273 10348
2 10273 10421
2 10274 10279
2 10274 10321
2 10274 10439
2 10275 10317
2 10276 10318
2 10277 10317
2 10278 10318
2 10279 10319
2 10280 10319
2 10281 10283
2 10281 10285
2 10281 10308
2 10282 10284
2 10282 10286
2 10282 10309
2 10285 10287
2 10285 10317
2 10286 10288
2 10286 10318
2 10287 10289
2 10287 10312
2 10288 10290
2 10288 10313
2 10291 10292
2 10291 10293
2 10293 10294
2 10293 10314
2 10295 10296
2 10295 10297
2 10295 10314
2 10297 10298
2 10297 10319
2 10298 10299
2 10298 10316
2 10300 10302
2 10300 10304
2 10301 10303
2 10301 10305
2 10304 10306
2 10304 10308
2 10305 10307
2 10305 10309
2 10308 10310
2 10309 10311
2 10310 10312
2 10311 10313
2 10314 10315
2 10315 10316
2 10320 10326
2 10321 10327
2 10322 10326
2 10322 10328
2 10322 10456
2 10323 10324
2 10323 10330
2 10323 10458
2 10324 10331
2 10324 10459
2 10325 10327
2 10325 10332
2 10325 10460
2 10326 10454
2 10327 10455
2 10328 10329
2 10328 10330
2 10330 10334
2 10331 10332
2 10331 10336
2 10332 10333
2 10334 10335
2 10334 10336
2 10336 10337
2 10338 13677
2 10338 18609
2 10339 10347
2 10339 13678
2 10339 18610
2 10340 13679
2 10340 18611
2 10341 10348
2 10341 13680
2 10341 18612
2 10342 20663
2 10343 20664
2 10344 20665
2 10345 20666
2 10346 10353
2 10346 10396
2 10346 10455
2 10347 15219
2 10347 20614
2 10348 15220
2 10348 20615
2 10349 10391
2 10350 10392
2 10351 10391
2 10352 10392
2 10353 10393
2 10354 10393
2 10355 10357
2 10355 10359
2 10355 10382
2 10356 10358
2 10356 10360
2 10356 10383
2 10359 10361
2 10359 10391
2 10360 10362
2 10360 10392
2 10361 10363
2 10361 10386
2 10362 10364
2 10362 10387
2 10365 10366
2 10365 10367
2 10365 20653
2 10367 10368
2 10367 10388
2 10369 10370
2 10369 10371
2 10369 10388
2 10371 10372
2 10371 10393
2 10372 10373
2 10372 10390
2 10374 10376
2 10374 10378
2 10374 20658
2 10375 10377
2 10375 10379
2 10375 20659
2 10378 10380
2 10378 10382
2 10379 10381
2 10379 10383
2 10382 10384
2 10383 10385
2 10384 10386
2 10384 20656
2 10385 10387
2 10385 20657
2 10386 20629
2 10387 20630
2 10388 10389
2 10389 10390
2 10389 20652
2 10390 20647
2 10394 10403
2 10394 20614
2 10395 10404
2 10395 20615
2 10396 10405
2 10397 10403
2 10397 10406
2 10397 10423
2 10398 10404
2 10398 10407
2 10398 10424
2 10399 10410
2 10399 10427
2 10400 10401
2 10400 10411
2 10400 10428
2 10401 10412
2 10401 10429
2 10402 10405
2 10402 10413
2 10402 10430
2 10403 10420
2 10404 10421
2 10405 10422
2 10406 10408
2 10406 10410
2 10407 10409
2 10407 10411
2 10411 10415
2 10412 10413
2 10412 10418
2 10413 10414
2 10415 10417
2 10415 10418
2 10418 10419
2 10423 10425
2 10423 10427
2 10424 10426
2 10424 10428
2 10428 10432
2 10429 10430
2 10429 10435
2 10430 10431
2 10432 10434
2 10432 10435
2 10435 10436
2 10440 10442
2 10440 10444
2 10441 10443
2 10441 10445
2 10444 10449
2 10446 10447
2 10446 10452
2 10447 10448
2 10449 10450
2 10449 10452
2 10452 10453
2 10454 20479
2 10456 10457
2 10456 10458
2 10458 10462
2 10459 10460
2 10459 10464
2 10460 10461
2 10462 10463
2 10462 10464
2 10464 10465
2 10471 10473
2 10471 10475
2 10472 10474
2 10472 10476
2 10475 10489
2 10476 10490
2 10477 10481
2 10477 10493
2 10478 10482
2 10478 10494
2 10479 10483
2 10480 10484
2 10481 10485
2 10482 10486
2 10483 10487
2 10484 10488
2 10489 10491
2 10489 10493
2 10490 10492
2 10490 10494
2 10493 10495
2 10494 10496
2 10500 20140
2 10501 20141
2 10502 10504
2 10502 10506
2 10503 10505
2 10503 10507
2 10506 10514
2 10507 10515
2 10508 10510
2 10508 10518
2 10509 10511
2 10509 10519
2 10510 10512
2 10511 10513
2 10514 10516
2 10514 10518
2 10515 10517
2 10515 10519
2 10518 10520
2 10519 10521
2 10527 10529
2 10527 10531
2 10528 10530
2 10528 10532
2 10531 10545
2 10532 10546
2 10533 10537
2 10534 10538
2 10535 10539
2 10535 10549
2 10536 10540
2 10536 10550
2 10537 10541
2 10538 10542
2 10539 10543
2 10540 10544
2 10545 10547
2 10545 10549
2 10546 10548
2 10546 10550
2 10549 10553
2 10550 10554
2 10555 10568
2 10555 12521
2 10555 12590
2 10555 12669
2 10556 10803
2 10556 11484
2 10556 13226
2 10556 15007
2 10557 10804
2 10557 11485
2 10557 13227
2 10557 15008
2 10558 10583
2 10558 11450
2 10559 10584
2 10559 11451
2 10560 10585
2 10561 10586
2 10562 10569
2 10562 10587
2 10562 10805
2 10562 11452
2 10563 10570
2 10563 10588
2 10563 10806
2 10563 11453
2 10564 10589
2 10564 10807
2 10565 10590
2 10565 10808
2 10566 10569
2 10566 10595
2 10566 10875
2 10566 11049
2 10567 10570
2 10567 10596
2 10567 10876
2 10567 11050
2 10568 13220
2 10568 13376
2 10568 13466
2 10569 10861
2 10569 11035
2 10570 10862
2 10570 11036
2 10571 10787
2 10572 10788
2 10573 10789
2 10574 10790
2 10575 10791
2 10576 10792
2 10577 10793
2 10578 10794
2 10579 10787
2 10579 11605
2 10580 10789
2 10580 11606
2 10581 10791
2 10581 11607
2 10582 10793
2 10582 11608
2 10583 10795
2 10584 10796
2 10585 10797
2 10586 10798
2 10587 10799
2 10588 10800
2 10589 10801
2 10590 10802
2 10591 10795
2 10592 10796
2 10593 10797
2 10594 10798
2 10595 10799
2 10596 10800
2 10597 10801
2 10598 10802
2 10599 10607
2 10599 10615
2 10599 10739
2 10600 10608
2 10600 10616
2 10600 10740
2 10601 10609
2 10601 10617
2 10601 10741
2 10602 10610
2 10602 10618
2 10602 10742
2 10603 10611
2 10603 10619
2 10603 10743
2 10604 10612
2 10604 10620
2 10604 10744
2 10605 10613
2 10605 10621
2 10605 10745
2 10606 10614
2 10606 10622
2 10606 10746
2 10615 10623
2 10615 10787
2 10616 10624
2 10616 10788
2 10617 10625
2 10617 10789
2 10618 10626
2 10618 10790
2 10619 10627
2 10619 10791
2 10620 10628
2 10620 10792
2 10621 10629
2 10621 10793
2 10622 10630
2 10622 10794
2 10623 10631
2 10623 10755
2 10624 10756
2 10625 10632
2 10625 10757
2 10626 10758
2 10627 10633
2 10627 10759
2 10628 10760
2 10629 10634
2 10629 10761
2 10630 10762
2 10635 10643
2 10635 10651
2 10635 10755
2 10636 10644
2 10636 10652
2 10636 10756
2 10637 10645
2 10637 10653
2 10637 10757
2 10638 10646
2 10638 10654
2 10638 10758
2 10639 10647
2 10639 10655
2 10639 10759
2 10640 10648
2 10640 10656
2 10640 10760
2 10641 10649
2 10641 10657
2 10641 10761
2 10642 10650
2 10642 10658
2 10642 10762
2 10651 10659
2 10651 10763
2 10652 10660
2 10652 10764
2 10653 10661
2 10653 10765
2 10654 10662
2 10654 10766
2 10655 10663
2 10655 10767
2 10656 10664
2 10656 10768
2 10657 10665
2 10657 10769
2 10658 10666
2 10658 10770
2 10667 10675
2 10667 10683
2 10667 10763
2 10668 10676
2 10668 10684
2 10668 10764
2 10669 10677
2 10669 10685
2 10669 10765
2 10670 10678
2 10670 10686
2 10670 10766
2 10671 10679
2 10671 10687
2 10671 10767
2 10672 10680
2 10672 10688
2 10672 10768
2 10673 10681
2 10673 10689
2 10673 10769
2 10674 10682
2 10674 10690
2 10674 10770
2 10683 10691
2 10683 10795
2 10684 10692
2 10684 10796
2 10685 10693
2 10685 10797
2 10686 10694
2 10686 10798
2 10687 10695
2 10687 10799
2 10688 10696
2 10688 10800
2 10689 10697
2 10689 10801
2 10690 10698
2 10690 10802
2 10691 10699
2 10691 10779
2 10692 10700
2 10692 10780
2 10693 10701
2 10693 10781
2 10694 10702
2 10694 10782
2 10695 10703
2 10695 10783
2 10696 10704
2 10696 10784
2 10697 10705
2 10697 10785
2 10698 10706
2 10698 10786
2 10707 10715
2 10707 10723
2 10707 10779
2 10708 10716
2 10708 10724
2 10708 10780
2 10709 10717
2 10709 10725
2 10709 10781
2 10710 10718
2 10710 10726
2 10710 10782
2 10711 10719
2 10711 10727
2 10711 10783
2 10712 10720
2 10712 10728
2 10712 10784
2 10713 10721
2 10713 10729
2 10713 10785
2 10714 10722
2 10714 10730
2 10714 10786
2 10723 10731
2 10723 10739
2 10724 10732
2 10724 10740
2 10725 10733
2 10725 10741
2 10726 10734
2 10726 10742
2 10727 10735
2 10727 10743
2 10728 10736
2 10728 10744
2 10729 10737
2 10729 10745
2 10730 10738
2 10730 10746
2 10739 10747
2 10740 10748
2 10741 10749
2 10742 10750
2 10743 10751
2 10744 10752
2 10745 10753
2 10746 10754
2 10747 10755
2 10747 10771
2 10748 10756
2 10748 10772
2 10749 10757
2 10749 10773
2 10750 10758
2 10750 10774
2 10751 10759
2 10751 10775
2 10752 10760
2 10752 10776
2 10753 10761
2 10753 10777
2 10754 10762
2 10754 10778
2 10763 10771
2 10764 10772
2 10765 10773
2 10766 10774
2 10767 10775
2 10768 10776
2 10769 10777
2 10770 10778
2 10771 10779
2 10772 10780
2 10773 10781
2 10774 10782
2 10775 10783
2 10776 10784
2 10777 10785
2 10778 10786
2 10803 10821
2 10804 10822
2 10805 10823
2 10806 10824
2 10807 10825
2 10808 10826
2 10809 10821
2 10809 10827
2 10809 11514
2 10810 10822
2 10810 10828
2 10810 11515
2 10811 10831
2 10811 11518
2 10811 15886
2 10812 10832
2 10812 11519
2 10812 15887
2 10813 10833
2 10813 11520
2 10813 15882
2 10814 10834
2 10814 11521
2 10814 15883
2 10815 10835
2 10815 11522
2 10815 15884
2 10816 10836
2 10816 11523
2 10816 15885
2 10817 10823
2 10817 10837
2 10817 11524
2 10818 10824
2 10818 10838
2 10818 11525
2 10819 10825
2 10819 10839
2 10819 11526
2 10820 10826
2 10820 10840
2 10820 11527
2 10821 11508
2 10822 11509
2 10823 11510
2 10824 11511
2 10825 11512
2 10826 11513
2 10827 10829
2 10827 10831
2 10828 10830
2 10828 10832
2 10831 10845
2 10832 10846
2 10833 10837
2 10833 10849
2 10834 10838
2 10834 10850
2 10835 10839
2 10835 10851
2 10836 10840
2 10836 10852
2 10837 10841
2 10838 10842
2 10839 10843
2 10840 10844
2 10845 10847
2 10845 15922
2 10846 10848
2 10846 15923
2 10849 10853
2 10849 15914
2 10850 10854
2 10850 15915
2 10851 10855
2 10851 15916
2 10852 10856
2 10852 15917
2 10857 10979
2 10857 11508
2 10857 13226
2 10857 14717
2 10858 10980
2 10858 11509
2 10858 13227
2 10858 14718
2 10859 10869
2 10859 10981
2 10860 10870
2 10860 10982
2 10861 10871
2 10861 10983
2 10861 11486
2 10862 10872
2 10862 10984
2 10862 11487
2 10863 10971
2 10864 10972
2 10865 10973
2 10866 10974
2 10867 10971
2 10867 11681
2 10868 10973
2 10868 11682
2 10869 10975
2 10870 10976
2 10871 10977
2 10872 10978
2 10873 10975
2 10874 10976
2 10875 10977
2 10876 10978
2 10877 10881
2 10877 10885
2 10877 10947
2 10878 10882
2 10878 10886
2 10878 10948
2 10879 10883
2 10879 10887
2 10879 10949
2 10880 10884
2 10880 10888
2 10880 10950
2 10885 10889
2 10885 10971
2 10886 10890
2 10886 10972
2 10887 10891
2 10887 10973
2 10888 10892
2 10888 10974
2 10889 10893
2 10889 10955
2 10890 10956
2 10891 10894
2 10891 10957
2 10892 10958
2 10895 10899
2 10895 10903
2 10895 10955
2 10896 10900
2 10896 10904
2 10896 10956
2 10897 10901
2 10897 10905
2 10897 10957
2 10898 10902
2 10898 10906
2 10898 10958
2 10903 10907
2 10903 10959
2 10904 10908
2 10904 10960
2 10905 10909
2 10905 10961
2 10906 10910
2 10906 10962
2 10911 10915
2 10911 10919
2 10911 10959
2 10912 10916
2 10912 10920
2 10912 10960
2 10913 10917
2 10913 10921
2 10913 10961
2 10914 10918
2 10914 10922
2 10914 10962
2 10919 10923
2 10919 10975
2 10920 10924
2 10920 10976
2 10921 10925
2 10921 10977
2 10922 10926
2 10922 10978
2 10923 10927
2 10923 10967
2 10924 10928
2 10924 10968
2 10925 10929
2 10925 10969
2 10926 10930
2 10926 10970
2 10931 10935
2 10931 10939
2 10931 10967
2 10932 10936
2 10932 10940
2 10932 10968
2 10933 10937
2 10933 10941
2 10933 10969
2 10934 10938
2 10934 10942
2 10934 10970
2 10939 10943
2 10939 10947
2 10940 10944
2 10940 10948
2 10941 10945
2 10941 10949
2 10942 10946
2 10942 10950
2 10947 10951
2 10948 10952
2 10949 10953
2 10950 10954
2 10951 10955
2 10951 10963
2 10952 10956
2 10952 10964
2 10953 10957
2 10953 10965
2 10954 10958
2 10954 10966
2 10959 10963
2 10960 10964
2 10961 10965
2 10962 10966
2 10963 10967
2 10964 10968
2 10965 10969
2 10966 10970
2 10979 10997
2 10980 10998
2 10981 10999
2 10982 11000
2 10983 11001
2 10984 11002
2 10985 10997
2 10985 11003
2 10985 11454
2 10986 10998
2 10986 11004
2 10986 11455
2 10987 11007
2 10987 11458
2 10988 11008
2 10988 11459
2 10989 11009
2 10989 11460
2 10990 11010
2 10990 11461
2 10991 11011
2 10991 11462
2 10992 11012
2 10992 11463
2 10993 10999
2 10993 11013
2 10993 11464
2 10994 11000
2 10994 11014
2 10994 11465
2 10995 11001
2 10995 11015
2 10995 11466
2 10996 11002
2 10996 11016
2 10996 11467
2 10997 11448
2 10998 11449
2 10999 11450
2 11000 11451
2 11001 11452
2 11002 11453
2 11003 11005
2 11003 11007
2 11004 11006
2 11004 11008
2 11007 11021
2 11008 11022
2 11009 11013
2 11009 11025
2 11010 11014
2 11010 11026
2 11011 11015
2 11011 11027
2 11012 11016
2 11012 11028
2 11013 11017
2 11014 11018
2 11015 11019
2 11016 11020
2 11021 11023
2 11022 11024
2 11025 11029
2 11026 11030
2 11027 11031
2 11028 11032
2 11033 11155
2 11033 11448
2 11033 13226
2 11033 14852
2 11034 11156
2 11034 11449
2 11034 13227
2 11034 14853
2 11035 11045
2 11035 11157
2 11035 11510
2 11036 11046
2 11036 11158
2 11036 11511
2 11037 11047
2 11037 11512
2 11038 11048
2 11038 11513
2 11039 11147
2 11040 11148
2 11041 11149
2 11042 11150
2 11043 11147
2 11043 11544
2 11044 11149
2 11044 11545
2 11045 11151
2 11046 11152
2 11047 11153
2 11048 11154
2 11049 11151
2 11050 11152
2 11051 11153
2 11052 11154
2 11053 11057
2 11053 11061
2 11053 11123
2 11054 11058
2 11054 11062
2 11054 11124
2 11055 11059
2 11055 11063
2 11055 11125
2 11056 11060
2 11056 11064
2 11056 11126
2 11061 11065
2 11061 11147
2 11062 11066
2 11062 11148
2 11063 11067
2 11063 11149
2 11064 11068
2 11064 11150
2 11065 11069
2 11065 11131
2 11066 11132
2 11067 11070
2 11067 11133
2 11068 11134
2 11071 11075
2 11071 11079
2 11071 11131
2 11072 11076
2 11072 11080
2 11072 11132
2 11073 11077
2 11073 11081
2 11073 11133
2 11074 11078
2 11074 11082
2 11074 11134
2 11079 11083
2 11079 11135
2 11080 11084
2 11080 11136
2 11081 11085
2 11081 11137
2 11082 11086
2 11082 11138
2 11087 11091
2 11087 11095
2 11087 11135
2 11088 11092
2 11088 11096
2 11088 11136
2 11089 11093
2 11089 11097
2 11089 11137
2 11090 11094
2 11090 11098
2 11090 11138
2 11095 11099
2 11095 11151
2 11096 11100
2 11096 11152
2 11097 11101
2 11097 11153
2 11098 11102
2 11098 11154
2 11099 11103
2 11099 11143
2 11100 11104
2 11100 11144
2 11101 11105
2 11101 11145
2 11102 11106
2 11102 11146
2 11107 11111
2 11107 11115
2 11107 11143
2 11108 11112
2 11108 11116
2 11108 11144
2 11109 11113
2 11109 11117
2 11109 11145
2 11110 11114
2 11110 11118
2 11110 11146
2 11115 11119
2 11115 11123
2 11116 11120
2 11116 11124
2 11117 11121
2 11117 11125
2 11118 11122
2 11118 11126
2 11123 11127
2 11124 11128
2 11125 11129
2 11126 11130
2 11127 11131
2 11127 11139
2 11128 11132
2 11128 11140
2 11129 11133
2 11129 11141
2 11130 11134
2 11130 11142
2 11135 11139
2 11136 11140
2 11137 11141
2 11138 11142
2 11139 11143
2 11140 11144
2 11141 11145
2 11142 11146
2 11155 11167
2 11156 11168
2 11157 11169
2 11158 11170
2 11159 11167
2 11159 11171
2 11159 11488
2 11160 11168
2 11160 11172
2 11160 11489
2 11161 11163
2 11161 11175
2 11161 11492
2 11162 11164
2 11162 11176
2 11162 11493
2 11163 11177
2 11163 11494
2 11164 11178
2 11164 11495
2 11165 11169
2 11165 11179
2 11165 11496
2 11166 11170
2 11166 11180
2 11166 11497
2 11167 11484
2 11168 11485
2 11169 11486
2 11170 11487
2 11171 11173
2 11171 11175
2 11172 11174
2 11172 11176
2 11175 11183
2 11176 11184
2 11177 11179
2 11177 11187
2 11178 11180
2 11178 11188
2 11179 11181
2 11180 11182
2 11183 11185
2 11183 11187
2 11184 11186
2 11184 11188
2 11187 11189
2 11188 11190
2 11191 11197
2 11191 11762
2 11191 12054
2 11191 12212
2 11192 11198
2 11192 11763
2 11192 12055
2 11192 12213
2 11193 11230
2 11193 14453
2 11194 11231
2 11194 11436
2 11194 13556
2 11194 14454
2 11195 11199
2 11195 11202
2 11195 11232
2 11195 11402
2 11196 11199
2 11196 11203
2 11196 11265
2 11196 11333
2 11197 13550
2 11197 13671
2 11197 13803
2 11198 13551
2 11198 13672
2 11198 13804
2 11199 11259
2 11199 11327
2 11200 11228
2 11201 11228
2 11201 12960
2 11202 11229
2 11203 11229
2 11204 11205
2 11204 11206
2 11204 11222
2 11206 11207
2 11206 11228
2 11207 11208
2 11207 11224
2 11209 11210
2 11209 11211
2 11209 11224
2 11211 11212
2 11211 11225
2 11213 11214
2 11213 11215
2 11213 11225
2 11215 11216
2 11215 11229
2 11216 11217
2 11216 11227
2 11218 11219
2 11218 11220
2 11218 11227
2 11220 11221
2 11220 11222
2 11222 11223
2 11223 11224
2 11223 11226
2 11225 11226
2 11226 11227
2 11230 11239
2 11231 11240
2 11232 11241
2 11233 11239
2 11233 11242
2 11233 11421
2 11234 11240
2 11234 11243
2 11234 11422
2 11235 11246
2 11235 11425
2 11236 11247
2 11236 11426
2 11237 11248
2 11237 11427
2 11238 11241
2 11238 11249
2 11238 11428
2 11239 11418
2 11240 11419
2 11241 11420
2 11242 11244
2 11242 11246
2 11243 11245
2 11243 11247
2 11246 11251
2 11247 11252
2 11248 11249
2 11248 11255
2 11249 11250
2 11251 11253
2 11252 11254
2 11255 11256
2 11257 11305
2 11257 11400
2 11257 13556
2 11257 14534
2 11258 11401
2 11258 14535
2 11259 11264
2 11259 11306
2 11259 11420
2 11260 11302
2 11261 11303
2 11262 11302
2 11262 12777
2 11263 11303
2 11263 12778
2 11264 11304
2 11265 11304
2 11266 11268
2 11266 11270
2 11266 11293
2 11267 11269
2 11267 11271
2 11267 11294
2 11270 11272
2 11270 11302
2 11271 11273
2 11271 11303
2 11272 11274
2 11272 11297
2 11273 11275
2 11273 11298
2 11276 11277
2 11276 11278
2 11276 11297
2 11278 11279
2 11278 11299
2 11280 11281
2 11280 11282
2 11280 11299
2 11282 11283
2 11282 11304
2 11283 11284
2 11283 11301
2 11285 11287
2 11285 11289
2 11285 11301
2 11286 11288
2 11286 11290
2 11289 11291
2 11289 11293
2 11290 11292
2 11290 11294
2 11293 11295
2 11294 11296
2 11295 11297
2 11295 11300
2 11296 11298
2 11299 11300
2 11300 11301
2 11305 11311
2 11306 11312
2 11307 11311
2 11307 11313
2 11307 11438
2 11308 11309
2 11308 11315
2 11308 11440
2 11309 11316
2 11309 11441
2 11310 11312
2 11310 11317
2 11310 11442
2 11311 11436
2 11312 11437
2 11313 11314
2 11313 11315
2 11315 11319
2 11316 11317
2 11316 11321
2 11317 11318
2 11319 11320
2 11319 11321
2 11321 11322
2 11323 11418
2 11323 14307
2 11324 14308
2 11325 11373
2 11325 11419
2 11325 13556
2 11325 14309
2 11326 11374
2 11326 14310
2 11327 11332
2 11327 11375
2 11327 11437
2 11328 11370
2 11329 11371
2 11330 11370
2 11330 12845
2 11331 11371
2 11331 12846
2 11332 11372
2 11333 11372
2 11334 11336
2 11334 11338
2 11334 11361
2 11335 11337
2 11335 11339
2 11335 11362
2 11338 11340
2 11338 11370
2 11339 11341
2 11339 11371
2 11340 11342
2 11340 11365
2 11341 11343
2 11341 11366
2 11344 11345
2 11344 11346
2 11344 11366
2 11346 11347
2 11346 11367
2 11348 11349
2 11348 11350
2 11348 11367
2 11350 11351
2 11350 11372
2 11351 11352
2 11351 11369
2 11353 11355
2 11353 11357
2 11354 11356
2 11354 11358
2 11354 11369
2 11357 11359
2 11357 11361
2 11358 11360
2 11358 11362
2 11361 11363
2 11362 11364
2 11363 11365
2 11364 11366
2 11364 11368
2 11367 11368
2 11368 11369
2 11373 11382
2 11374 11383
2 11375 11384
2 11376 11382
2 11376 11385
2 11376 11403
2 11377 11383
2 11377 11386
2 11377 11404
2 11378 11389
2 11378 11407
2 11378 16504
2 11379 11390
2 11379 11408
2 11379 16505
2 11380 11391
2 11380 11409
2 11380 16503
2 11381 11384
2 11381 11392
2 11381 11410
2 11382 11400
2 11383 11401
2 11384 11402
2 11385 11387
2 11385 11389
2 11386 11388
2 11386 11390
2 11389 11394
2 11390 11395
2 11391 11392
2 11391 11398
2 11392 11393
2 11394 11396
2 11394 16522
2 11395 11397
2 11395 16523
2 11398 11399
2 11398 16520
2 11403 11405
2 11403 11407
2 11404 11406
2 11404 11408
2 11407 11412
2 11408 11413
2 11409 11410
2 11409 11416
2 11410 11411
2 11412 11414
2 11412 16540
2 11413 11415
2 11413 16541
2 11416 11417
2 11416 16538
2 11421 11423
2 11421 11425
2 11422 11424
2 11422 11426
2 11425 11430
2 11426 11431
2 11427 11428
2 11427 11434
2 11428 11429
2 11430 11432
2 11431 11433
2 11434 11435
2 11438 11439
2 11438 11440
2 11440 11444
2 11441 11442
2 11441 11446
2 11442 11443
2 11444 11445
2 11444 11446
2 11446 11447
2 11454 11456
2 11454 11458
2 11455 11457
2 11455 11459
2 11458 11472
2 11459 11473
2 11460 11464
2 11460 11476
2 11461 11465
2 11461 11477
2 11462 11466
2 11462 11478
2 11463 11467
2 11463 11479
2 11464 11468
2 11465 11469
2 11466 11470
2 11467 11471
2 11472 11474
2 11473 11475
2 11476 11480
2 11477 11481
2 11478 11482
2 11479 11483
2 11488 11490
2 11488 11492
2 11489 11491
2 11489 11493
2 11492 11500
2 11493 11501
2 11494 11496
2 11494 11504
2 11495 11497
2 11495 11505
2 11496 11498
2 11497 11499
2 11500 11502
2 11500 11504
2 11501 11503
2 11501 11505
2 11504 11506
2 11505 11507
2 11514 11516
2 11514 11518
2 11515 11517
2 11515 11519
2 11518 11532
2 11519 11533
2 11520 11524
2 11520 11536
2 11521 11525
2 11521 11537
2 11522 11526
2 11522 11538
2 11523 11527
2 11523 11539
2 11524 11528
2 11525 11529
2 11526 11530
2 11527 11531
2 11532 11534
2 11532 16666
2 11533 11535
2 11533 16667
2 11536 11540
2 11536 16658
2 11537 11541
2 11537 16659
2 11538 11542
2 11538 16660
2 11539 11543
2 11539 16661
2 11544 11579
2 11544 17633
2 11545 11580
2 11545 17634
2 11546 11548
2 11546 11551
2 11546 11581
2 11546 12472
2 11547 11548
2 11547 11552
2 11547 11615
2 11547 11689
2 11548 11609
2 11548 11683
2 11549 11577
2 11549 12516
2 11550 11577
2 11550 12587
2 11551 11578
2 11552 11578
2 11553 11554
2 11553 11555
2 11553 11571
2 11555 11556
2 11555 11577
2 11556 11557
2 11556 11573
2 11558 11559
2 11558 11560
2 11558 11573
2 11560 11561
2 11560 11574
2 11562 11563
2 11562 11564
2 11562 11574
2 11564 11565
2 11564 11578
2 11565 11566
2 11565 11576
2 11567 11568
2 11567 11569
2 11567 11576
2 11569 11570
2 11569 11571
2 11571 11572
2 11572 11573
2 11572 11575
2 11574 11575
2 11575 11576
2 11579 11588
2 11580 11589
2 11581 11590
2 11582 11588
2 11582 11591
2 11582 12502
2 11583 11589
2 11583 11592
2 11583 12503
2 11584 11586
2 11584 11595
2 11584 12506
2 11585 11596
2 11585 12507
2 11586 11597
2 11586 12508
2 11587 11590
2 11587 11598
2 11587 12509
2 11588 12499
2 11589 12500
2 11590 12501
2 11591 11593
2 11591 11595
2 11592 11594
2 11592 11596
2 11595 11600
2 11597 11598
2 11597 11603
2 11598 11599
2 11600 11601
2 11600 11603
2 11603 11604
2 11605 16771
2 11606 16772
2 11607 16773
2 11608 16774
2 11609 11614
2 11609 11657
2 11609 12488
2 11610 11652
2 11610 12516
2 11611 11653
2 11612 11652
2 11612 12665
2 11613 11653
2 11613 12666
2 11614 11654
2 11615 11654
2 11616 11618
2 11616 11620
2 11616 11643
2 11617 11619
2 11617 11621
2 11617 11644
2 11620 11622
2 11620 11652
2 11621 11623
2 11621 11653
2 11622 11624
2 11622 11647
2 11623 11625
2 11623 11648
2 11626 11627
2 11626 11628
2 11626 16761
2 11628 11629
2 11628 11649
2 11630 11631
2 11630 11632
2 11630 11649
2 11632 11633
2 11632 11654
2 11633 11634
2 11633 11651
2 11635 11637
2 11635 11639
2 11635 16766
2 11636 11638
2 11636 11640
2 11636 16767
2 11639 11641
2 11639 11643
2 11640 11642
2 11640 11644
2 11643 11645
2 11644 11646
2 11645 11647
2 11645 16764
2 11646 11648
2 11646 16765
2 11647 16737
2 11648 16738
2 11649 11650
2 11650 11651
2 11650 16760
2 11651 16755
2 11655 11664
2 11655 16722
2 11656 11665
2 11656 16723
2 11657 11666
2 11658 11664
2 11658 11667
2 11658 12473
2 11659 11665
2 11659 11668
2 11659 12474
2 11660 11671
2 11660 12477
2 11661 11662
2 11661 11672
2 11661 12478
2 11662 11673
2 11662 12479
2 11663 11666
2 11663 11674
2 11663 12480
2 11664 12470
2 11665 12471
2 11666 12472
2 11667 11669
2 11667 11671
2 11668 11670
2 11668 11672
2 11672 11676
2 11673 11674
2 11673 11679
2 11674 11675
2 11676 11678
2 11676 11679
2 11679 11680
2 11681 12470
2 11682 12471
2 11683 11688
2 11683 11730
2 11683 12501
2 11684 11726
2 11685 11727
2 11685 12516
2 11686 11726
2 11686 12517
2 11687 11727
2 11687 12518
2 11688 11728
2 11689 11728
2 11690 11692
2 11690 11694
2 11690 11717
2 11691 11693
2 11691 11695
2 11691 11718
2 11694 11696
2 11694 11726
2 11695 11697
2 11695 11727
2 11696 11698
2 11696 11721
2 11697 11699
2 11697 11722
2 11700 11701
2 11700 11702
2 11702 11703
2 11702 11723
2 11704 11705
2 11704 11706
2 11704 11723
2 11706 11707
2 11706 11728
2 11707 11708
2 11707 11725
2 11709 11711
2 11709 11713
2 11710 11712
2 11710 11714
2 11713 11715
2 11713 11717
2 11714 11716
2 11714 11718
2 11717 11719
2 11718 11720
2 11719 11721
2 11720 11722
2 11723 11724
2 11724 11725
2 11729 11735
2 11730 11736
2 11731 11735
2 11731 11737
2 11731 12489
2 11732 11733
2 11732 11739
2 11732 12491
2 11733 11740
2 11733 12492
2 11734 11736
2 11734 11741
2 11734 12493
2 11735 12487
2 11736 12488
2 11737 11738
2 11737 11739
2 11739 11743
2 11740 11741
2 11740 11745
2 11741 11742
2 11743 11744
2 11743 11745
2 11745 11746
2 11747 11757
2 11747 12782
2 11747 12849
2 11747 12963
2 11748 11757
2 11748 11998
2 11748 12447
2 11748 12850
2 11749 11774
2 11749 17036
2 11750 11775
2 11750 17037
2 11751 11776
2 11751 17038
2 11752 11777
2 11752 17039
2 11753 11778
2 11753 17040
2 11754 11779
2 11754 17041
2 11755 11780
2 11755 17042
2 11756 11781
2 11756 17043
2 11757 12047
2 11757 12207
2 11758 11982
2 11759 11983
2 11760 11984
2 11761 11985
2 11762 11986
2 11763 11987
2 11764 11988
2 11765 11989
2 11766 11982
2 11766 13799
2 11767 11983
2 11767 13800
2 11768 11984
2 11768 13801
2 11769 11985
2 11769 13802
2 11770 11986
2 11770 13803
2 11771 11987
2 11771 13804
2 11772 11988
2 11772 13805
2 11773 11989
2 11773 13806
2 11774 11990
2 11775 11991
2 11776 11992
2 11777 11993
2 11778 11994
2 11779 11995
2 11780 11996
2 11781 11997
2 11782 11990
2 11783 11991
2 11784 11992
2 11785 11993
2 11786 11994
2 11787 11995
2 11788 11996
2 11789 11997
2 11790 11798
2 11790 11806
2 11790 11934
2 11791 11799
2 11791 11807
2 11791 11935
2 11792 11800
2 11792 11808
2 11792 11936
2 11793 11801
2 11793 11809
2 11793 11937
2 11794 11802
2 11794 11810
2 11794 11938
2 11795 11803
2 11795 11811
2 11795 11939
2 11796 11804
2 11796 11812
2 11796 11940
2 11797 11805
2 11797 11813
2 11797 11941
2 11806 11814
2 11806 11982
2 11807 11815
2 11807 11983
2 11808 11816
2 11808 11984
2 11809 11817
2 11809 11985
2 11810 11818
2 11810 11986
2 11811 11819
2 11811 11987
2 11812 11820
2 11812 11988
2 11813 11821
2 11813 11989
2 11814 11822
2 11814 11950
2 11815 11823
2 11815 11951
2 11816 11824
2 11816 11952
2 11817 11825
2 11817 11953
2 11818 11826
2 11818 11954
2 11819 11827
2 11819 11955
2 11820 11828
2 11820 11956
2 11821 11829
2 11821 11957
2 11830 11838
2 11830 11846
2 11830 11950
2 11831 11839
2 11831 11847
2 11831 11951
2 11832 11840
2 11832 11848
2 11832 11952
2 11833 11841
2 11833 11849
2 11833 11953
2 11834 11842
2 11834 11850
2 11834 11954
2 11835 11843
2 11835 11851
2 11835 11955
2 11836 11844
2 11836 11852
2 11836 11956
2 11837 11845
2 11837 11853
2 11837 11957
2 11846 11854
2 11846 11958
2 11847 11855
2 11847 11959
2 11848 11856
2 11848 11960
2 11849 11857
2 11849 11961
2 11850 11858
2 11850 11962
2 11851 11859
2 11851 11963
2 11852 11860
2 11852 11964
2 11853 11861
2 11853 11965
2 11862 11870
2 11862 11878
2 11862 11958
2 11863 11871
2 11863 11879
2 11863 11959
2 11864 11872
2 11864 11880
2 11864 11960
2 11865 11873
2 11865 11881
2 11865 11961
2 11866 11874
2 11866 11882
2 11866 11962
2 11867 11875
2 11867 11883
2 11867 11963
2 11868 11876
2 11868 11884
2 11868 11964
2 11869 11877
2 11869 11885
2 11869 11965
2 11878 11886
2 11878 11990
2 11879 11887
2 11879 11991
2 11880 11888
2 11880 11992
2 11881 11889
2 11881 11993
2 11882 11890
2 11882 11994
2 11883 11891
2 11883 11995
2 11884 11892
2 11884 11996
2 11885 11893
2 11885 11997
2 11886 11894
2 11886 11974
2 11887 11895
2 11887 11975
2 11888 11896
2 11888 11976
2 11889 11897
2 11889 11977
2 11890 11898
2 11890 11978
2 11891 11899
2 11891 11979
2 11892 11900
2 11892 11980
2 11893 11901
2 11893 11981
2 11902 11910
2 11902 11918
2 11902 11974
2 11903 11911
2 11903 11919
2 11903 11975
2 11904 11912
2 11904 11920
2 11904 11976
2 11905 11913
2 11905 11921
2 11905 11977
2 11906 11914
2 11906 11922
2 11906 11978
2 11907 11915
2 11907 11923
2 11907 11979
2 11908 11916
2 11908 11924
2 11908 11980
2 11909 11917
2 11909 11925
2 11909 11981
2 11918 11926
2 11918 11934
2 11919 11927
2 11919 11935
2 11920 11928
2 11920 11936
2 11921 11929
2 11921 11937
2 11922 11930
2 11922 11938
2 11923 11931
2 11923 11939
2 11924 11932
2 11924 11940
2 11925 11933
2 11925 11941
2 11934 11942
2 11935 11943
2 11936 11944
2 11937 11945
2 11938 11946
2 11939 11947
2 11940 11948
2 11941 11949
2 11942 11950
2 11942 11966
2 11943 11951
2 11943 11967
2 11944 11952
2 11944 11968
2 11945 11953
2 11945 11969
2 11946 11954
2 11946 11970
2 11947 11955
2 11947 11971
2 11948 11956
2 11948 11972
2 11949 11957
2 11949 11973
2 11958 11966
2 11959 11967
2 11960 11968
2 11961 11969
2 11962 11970
2 11963 11971
2 11964 11972
2 11965 11973
2 11966 11974
2 11967 11975
2 11968 11976
2 11969 11977
2 11970 11978
2 11971 11979
2 11972 11980
2 11973 11981
2 11998 12013
2 11999 12015
2 11999 16909
2 12000 12016
2 12000 16910
2 12001 12017
2 12001 16911
2 12002 12018
2 12002 16912
2 12003 12013
2 12003 12019
2 12003 12419
2 12004 12014
2 12004 12020
2 12004 12420
2 12005 12007
2 12005 12023
2 12005 12423
2 12006 12008
2 12006 12024
2 12006 12424
2 12007 12027
2 12007 12427
2 12008 12028
2 12008 12428
2 12009 12015
2 12009 12029
2 12009 12429
2 12010 12016
2 12010 12030
2 12010 12430
2 12011 12017
2 12011 12031
2 12011 12431
2 12012 12018
2 12012 12032
2 12012 12432
2 12013 12414
2 12015 12415
2 12016 12416
2 12017 12417
2 12018 12418
2 12019 12021
2 12019 12023
2 12020 12022
2 12020 12024
2 12023 12037
2 12024 12038
2 12025 12029
2 12026 12030
2 12027 12031
2 12027 12041
2 12028 12032
2 12028 12042
2 12029 12033
2 12030 12034
2 12031 12035
2 12032 12036
2 12037 12039
2 12037 12041
2 12038 12040
2 12038 12042
2 12041 12045
2 12042 12046
2 12047 12172
2 12047 12381
2 12047 12964
2 12048 12060
2 12048 12415
2 12049 12061
2 12049 12416
2 12050 12062
2 12050 12417
2 12051 12063
2 12051 12418
2 12052 12164
2 12053 12165
2 12054 12166
2 12055 12167
2 12056 12164
2 12056 13548
2 12057 12165
2 12057 13549
2 12058 12166
2 12058 13550
2 12059 12167
2 12059 13551
2 12060 12168
2 12061 12169
2 12062 12170
2 12063 12171
2 12064 12168
2 12065 12169
2 12066 12170
2 12067 12171
2 12068 12072
2 12068 12076
2 12068 12140
2 12069 12073
2 12069 12077
2 12069 12141
2 12070 12074
2 12070 12078
2 12070 12142
2 12071 12075
2 12071 12079
2 12071 12143
2 12076 12080
2 12076 12164
2 12077 12081
2 12077 12165
2 12078 12082
2 12078 12166
2 12079 12083
2 12079 12167
2 12080 12084
2 12080 12148
2 12081 12085
2 12081 12149
2 12082 12086
2 12082 12150
2 12083 12087
2 12083 12151
2 12088 12092
2 12088 12096
2 12088 12148
2 12089 12093
2 12089 12097
2 12089 12149
2 12090 12094
2 12090 12098
2 12090 12150
2 12091 12095
2 12091 12099
2 12091 12151
2 12096 12100
2 12096 12152
2 12097 12101
2 12097 12153
2 12098 12102
2 12098 12154
2 12099 12103
2 12099 12155
2 12104 12108
2 12104 12112
2 12104 12152
2 12105 12109
2 12105 12113
2 12105 12153
2 12106 12110
2 12106 12114
2 12106 12154
2 12107 12111
2 12107 12115
2 12107 12155
2 12112 12116
2 12112 12168
2 12113 12117
2 12113 12169
2 12114 12118
2 12114 12170
2 12115 12119
2 12115 12171
2 12116 12120
2 12116 12160
2 12117 12121
2 12117 12161
2 12118 12122
2 12118 12162
2 12119 12123
2 12119 12163
2 12124 12128
2 12124 12132
2 12124 12160
2 12125 12129
2 12125 12133
2 12125 12161
2 12126 12130
2 12126 12134
2 12126 12162
2 12127 12131
2 12127 12135
2 12127 12163
2 12132 12136
2 12132 12140
2 12133 12137
2 12133 12141
2 12134 12138
2 12134 12142
2 12135 12139
2 12135 12143
2 12140 12144
2 12141 12145
2 12142 12146
2 12143 12147
2 12144 12148
2 12144 12156
2 12145 12149
2 12145 12157
2 12146 12150
2 12146 12158
2 12147 12151
2 12147 12159
2 12152 12156
2 12153 12157
2 12154 12158
2 12155 12159
2 12156 12160
2 12157 12161
2 12158 12162
2 12159 12163
2 12172 12183
2 12173 12185
2 12174 12186
2 12175 12183
2 12175 12187
2 12175 12450
2 12176 12184
2 12176 12188
2 12176 12451
2 12177 12179
2 12177 12191
2 12177 12454
2 12178 12180
2 12178 12192
2 12178 12455
2 12179 12193
2 12179 12456
2 12180 12194
2 12180 12457
2 12181 12185
2 12181 12195
2 12181 12458
2 12182 12186
2 12182 12196
2 12182 12459
2 12183 12447
2 12185 12448
2 12186 12449
2 12187 12189
2 12187 12191
2 12188 12190
2 12188 12192
2 12191 12199
2 12192 12200
2 12193 12195
2 12193 12203
2 12194 12196
2 12194 12204
2 12195 12197
2 12196 12198
2 12199 12201
2 12199 12203
2 12200 12202
2 12200 12204
2 12203 12205
2 12204 12206
2 12207 12332
2 12207 12414
2 12207 12783
2 12208 12220
2 12208 12333
2 12208 17558
2 12209 12221
2 12209 12334
2 12209 17559
2 12210 12222
2 12210 12335
2 12210 17560
2 12211 12223
2 12211 12336
2 12211 17561
2 12212 12324
2 12213 12325
2 12214 12326
2 12215 12327
2 12216 12324
2 12216 13671
2 12217 12325
2 12217 13672
2 12218 12326
2 12218 13673
2 12219 12327
2 12219 13674
2 12220 12328
2 12221 12329
2 12222 12330
2 12223 12331
2 12224 12328
2 12225 12329
2 12226 12330
2 12227 12331
2 12228 12232
2 12228 12236
2 12228 12300
2 12229 12233
2 12229 12237
2 12229 12301
2 12230 12234
2 12230 12238
2 12230 12302
2 12231 12235
2 12231 12239
2 12231 12303
2 12236 12240
2 12236 12324
2 12237 12241
2 12237 12325
2 12238 12242
2 12238 12326
2 12239 12243
2 12239 12327
2 12240 12244
2 12240 12308
2 12241 12245
2 12241 12309
2 12242 12246
2 12242 12310
2 12243 12247
2 12243 12311
2 12248 12252
2 12248 12256
2 12248 12308
2 12249 12253
2 12249 12257
2 12249 12309
2 12250 12254
2 12250 12258
2 12250 12310
2 12251 12255
2 12251 12259
2 12251 12311
2 12256 12260
2 12256 12312
2 12257 12261
2 12257 12313
2 12258 12262
2 12258 12314
2 12259 12263
2 12259 12315
2 12264 12268
2 12264 12272
2 12264 12312
2 12265 12269
2 12265 12273
2 12265 12313
2 12266 12270
2 12266 12274
2 12266 12314
2 12267 12271
2 12267 12275
2 12267 12315
2 12272 12276
2 12272 12328
2 12273 12277
2 12273 12329
2 12274 12278
2 12274 12330
2 12275 12279
2 12275 12331
2 12276 12280
2 12276 12320
2 12277 12281
2 12277 12321
2 12278 12282
2 12278 12322
2 12279 12283
2 12279 12323
2 12284 12288
2 12284 12292
2 12284 12320
2 12285 12289
2 12285 12293
2 12285 12321
2 12286 12290
2 12286 12294
2 12286 12322
2 12287 12291
2 12287 12295
2 12287 12323
2 12292 12296
2 12292 12300
2 12293 12297
2 12293 12301
2 12294 12298
2 12294 12302
2 12295 12299
2 12295 12303
2 12300 12304
2 12301 12305
2 12302 12306
2 12303 12307
2 12304 12308
2 12304 12316
2 12305 12309
2 12305 12317
2 12306 12310
2 12306 12318
2 12307 12311
2 12307 12319
2 12312 12316
2 12313 12317
2 12314 12318
2 12315 12319
2 12316 12320
2 12317 12321
2 12318 12322
2 12319 12323
2 12332 12347
2 12333 12349
2 12334 12350
2 12335 12351
2 12336 12352
2 12337 12347
2 12337 12353
2 12337 12386
2 12338 12348
2 12338 12354
2 12338 12387
2 12339 12341
2 12339 12357
2 12339 12390
2 12340 12342
2 12340 12358
2 12340 12391
2 12341 12359
2 12341 12392
2 12342 12360
2 12342 12393
2 12343 12349
2 12343 12363
2 12343 12396
2 12344 12350
2 12344 12364
2 12344 12397
2 12345 12351
2 12345 12365
2 12345 12398
2 12346 12352
2 12346 12366
2 12346 12399
2 12347 12381
2 12349 12382
2 12350 12383
2 12351 12384
2 12352 12385
2 12353 12355
2 12353 12357
2 12354 12356
2 12354 12358
2 12357 12371
2 12358 12372
2 12359 12363
2 12359 12375
2 12360 12364
2 12360 12376
2 12361 12365
2 12362 12366
2 12363 12367
2 12364 12368
2 12365 12369
2 12366 12370
2 12371 12373
2 12371 12375
2 12372 12374
2 12372 12376
2 12375 12377
2 12376 12378
2 12386 12388
2 12386 12390
2 12387 12389
2 12387 12391
2 12390 12404
2 12391 12405
2 12392 12396
2 12392 12408
2 12393 12397
2 12393 12409
2 12394 12398
2 12395 12399
2 12396 12400
2 12397 12401
2 12398 12402
2 12399 12403
2 12404 12406
2 12404 12408
2 12405 12407
2 12405 12409
2 12408 12410
2 12409 12411
2 12419 12421
2 12419 12423
2 12420 12422
2 12420 12424
2 12423 12437
2 12424 12438
2 12425 12429
2 12426 12430
2 12427 12431
2 12427 12441
2 12428 12432
2 12428 12442
2 12429 12433
2 12430 12434
2 12431 12435
2 12432 12436
2 12437 12439
2 12437 12441
2 12438 12440
2 12438 12442
2 12441 12445
2 12442 12446
2 12448 17375
2 12449 17376
2 12450 12452
2 12450 12454
2 12451 12453
2 12451 12455
2 12454 12462
2 12455 12463
2 12456 12458
2 12456 12466
2 12457 12459
2 12457 12467
2 12458 12460
2 12459 12461
2 12462 12464
2 12462 12466
2 12463 12465
2 12463 12467
2 12466 12468
2 12467 12469
2 12473 12475
2 12473 12477
2 12474 12476
2 12474 12478
2 12478 12482
2 12479 12480
2 12479 12485
2 12480 12481
2 12482 12484
2 12482 12485
2 12485 12486
2 12487 16670
2 12489 12490
2 12489 12491
2 12491 12495
2 12492 12493
2 12492 12497
2 12493 12494
2 12495 12496
2 12495 12497
2 12497 12498
2 12502 12504
2 12502 12506
2 12503 12505
2 12503 12507
2 12506 12511
2 12508 12509
2 12508 12514
2 12509 12510
2 12511 12512
2 12511 12514
2 12514 12515
2 12516 12520
2 12517 12551
2 12517 13155
2 12518 12520
2 12518 12552
2 12518 13156
2 12519 12523
2 12519 18261
2 12520 12587
2 12520 12665
2 12521 12549
2 12522 12549
2 12522 13376
2 12523 12550
2 12524 12550
2 12525 12526
2 12525 12527
2 12525 12543
2 12527 12528
2 12527 12549
2 12528 12529
2 12528 12545
2 12530 12531
2 12530 12532
2 12530 12545
2 12532 12533
2 12532 12546
2 12534 12535
2 12534 12536
2 12534 12546
2 12536 12537
2 12536 12550
2 12537 12538
2 12537 12548
2 12539 12540
2 12539 12541
2 12539 12548
2 12541 12542
2 12541 12543
2 12543 12544
2 12544 12545
2 12544 12547
2 12546 12547
2 12547 12548
2 12551 12563
2 12552 12564
2 12553 12565
2 12554 12566
2 12555 12563
2 12555 12567
2 12555 13200
2 12556 12564
2 12556 12568
2 12556 13201
2 12557 12559
2 12557 12571
2 12557 13203
2 12558 12560
2 12558 12572
2 12558 13204
2 12559 12573
2 12559 13205
2 12560 12574
2 12560 13206
2 12561 12565
2 12561 12575
2 12561 13207
2 12562 12566
2 12562 12576
2 12562 13208
2 12564 13197
2 12565 13198
2 12566 13199
2 12567 12569
2 12567 12571
2 12568 12570
2 12568 12572
2 12571 12579
2 12572 12580
2 12573 12575
2 12573 12583
2 12574 12576
2 12574 12584
2 12575 12577
2 12576 12578
2 12579 12581
2 12579 12583
2 12580 12582
2 12580 12584
2 12583 12585
2 12584 12586
2 12587 12632
2 12587 13197
2 12588 12592
2 12588 12633
2 12589 12593
2 12589 12634
2 12590 12629
2 12591 12629
2 12591 13466
2 12592 12630
2 12593 12631
2 12594 12630
2 12595 12631
2 12596 12597
2 12596 12598
2 12596 12622
2 12598 12599
2 12598 12629
2 12599 12600
2 12599 12624
2 12601 12602
2 12601 12604
2 12601 12624
2 12604 12606
2 12604 12625
2 12605 12607
2 12605 12626
2 12608 12610
2 12608 12612
2 12608 12625
2 12609 12611
2 12609 12613
2 12609 12626
2 12612 12614
2 12612 12630
2 12613 12615
2 12613 12631
2 12614 12616
2 12614 12628
2 12615 12617
2 12618 12619
2 12618 12620
2 12618 12628
2 12620 12621
2 12620 12622
2 12622 12623
2 12623 12624
2 12623 12627
2 12625 12627
2 12627 12628
2 12632 12643
2 12633 12645
2 12634 12646
2 12635 12643
2 12635 12647
2 12635 13135
2 12636 12644
2 12636 12648
2 12636 13136
2 12637 12639
2 12637 12650
2 12637 13139
2 12638 12640
2 12638 12651
2 12638 13140
2 12639 12652
2 12639 13141
2 12640 12653
2 12640 13142
2 12641 12645
2 12641 12654
2 12641 13143
2 12642 12646
2 12642 12655
2 12642 13144
2 12643 13131
2 12644 13132
2 12645 13133
2 12646 13134
2 12647 12649
2 12647 12650
2 12648 12651
2 12650 12658
2 12651 12659
2 12652 12654
2 12652 12661
2 12653 12655
2 12653 12662
2 12654 12656
2 12655 12657
2 12658 12660
2 12658 12661
2 12659 12662
2 12661 12663
2 12662 12664
2 12665 12711
2 12665 13131
2 12666 12712
2 12666 13132
2 12667 12671
2 12667 13198
2 12667 17925
2 12668 12672
2 12668 13199
2 12668 17926
2 12669 12708
2 12670 12708
2 12670 13220
2 12671 12709
2 12672 12710
2 12673 12709
2 12674 12710
2 12675 12676
2 12675 12677
2 12675 12701
2 12677 12678
2 12677 12708
2 12678 12679
2 12678 12703
2 12680 12682
2 12680 12684
2 12680 12703
2 12683 12685
2 12683 12704
2 12684 12686
2 12684 12705
2 12687 12689
2 12687 12691
2 12687 12704
2 12688 12690
2 12688 12692
2 12688 12705
2 12691 12693
2 12691 12709
2 12692 12694
2 12692 12710
2 12693 12695
2 12694 12696
2 12694 12707
2 12697 12698
2 12697 12699
2 12697 12707
2 12699 12700
2 12699 12701
2 12701 12702
2 12702 12703
2 12702 12706
2 12705 12706
2 12706 12707
2 12711 12735
2 12712 12736
2 12713 12737
2 12713 17836
2 12714 12738
2 12714 17837
2 12715 12739
2 12715 17838
2 12716 12740
2 12716 17839
2 12717 12733
2 12717 12741
2 12717 13161
2 12718 12734
2 12718 12742
2 12718 13162
2 12719 12735
2 12719 12743
2 12719 13163
2 12720 12736
2 12720 12744
2 12720 13164
2 12721 12725
2 12721 12747
2 12721 13167
2 12722 12726
2 12722 12748
2 12722 13168
2 12723 12727
2 12723 12749
2 12723 13169
2 12724 12728
2 12724 12750
2 12724 13170
2 12725 12751
2 12725 13171
2 12726 12752
2 12726 13172
2 12727 12753
2 12727 13173
2 12728 12754
2 12728 13174
2 12729 12737
2 12729 12755
2 12729 13175
2 12730 12738
2 12730 12756
2 12730 13176
2 12731 12739
2 12731 12757
2 12731 13177
2 12732 12740
2 12732 12758
2 12732 13178
2 12733 13155
2 12735 13156
2 12737 13157
2 12738 13158
2 12739 13159
2 12740 13160
2 12741 12747
2 12742 12748
2 12743 12745
2 12743 12749
2 12744 12746
2 12744 12750
2 12747 12763
2 12748 12764
2 12749 12765
2 12750 12766
2 12751 12755
2 12751 12769
2 12752 12756
2 12752 12770
2 12753 12757
2 12753 12771
2 12754 12758
2 12754 12772
2 12755 12759
2 12756 12760
2 12757 12761
2 12758 12762
2 12763 12769
2 12764 12770
2 12765 12767
2 12765 12771
2 12766 12768
2 12766 12772
2 12769 12773
2 12770 12774
2 12771 12775
2 12772 12776
2 12777 12812
2 12778 12813
2 12779 12781
2 12779 12784
2 12779 12814
2 12779 13046
2 12780 12781
2 12780 12785
2 12780 12853
2 12780 12968
2 12781 12847
2 12781 12962
2 12782 12810
2 12783 12810
2 12784 12811
2 12785 12811
2 12786 12787
2 12786 12788
2 12786 12804
2 12788 12789
2 12788 12810
2 12789 12790
2 12789 12806
2 12791 12792
2 12791 12793
2 12791 12806
2 12793 12794
2 12793 12807
2 12795 12796
2 12795 12797
2 12795 12807
2 12797 12798
2 12797 12811
2 12798 12799
2 12798 12809
2 12800 12801
2 12800 12802
2 12800 12809
2 12802 12803
2 12802 12804
2 12804 12805
2 12805 12806
2 12805 12808
2 12807 12808
2 12808 12809
2 12812 12823
2 12813 12824
2 12814 12825
2 12815 12823
2 12815 12827
2 12815 13069
2 12816 12824
2 12816 12828
2 12816 13070
2 12817 12819
2 12817 12831
2 12817 13073
2 12818 12820
2 12818 12832
2 12818 13074
2 12819 12833
2 12819 13075
2 12820 12834
2 12820 13076
2 12821 12825
2 12821 12835
2 12821 13077
2 12822 12826
2 12822 12836
2 12822 13078
2 12823 13065
2 12824 13066
2 12825 13067
2 12826 13068
2 12827 12829
2 12827 12831
2 12828 12830
2 12828 12832
2 12831 12838
2 12832 12839
2 12833 12835
2 12833 12842
2 12834 12836
2 12834 12843
2 12835 12837
2 12838 12840
2 12838 12842
2 12839 12841
2 12839 12843
2 12842 12844
2 12845 13044
2 12845 18059
2 12846 13045
2 12846 18060
2 12847 12851
2 12847 12898
2 12847 13067
2 12848 12852
2 12848 12899
2 12848 13068
2 12849 12891
2 12850 12891
2 12851 12892
2 12852 12893
2 12853 12892
2 12854 12893
2 12855 12856
2 12855 12857
2 12855 12882
2 12857 12858
2 12857 12891
2 12858 12859
2 12858 12884
2 12860 12862
2 12860 12864
2 12860 18051
2 12861 12863
2 12861 12865
2 12861 18052
2 12864 12866
2 12864 12885
2 12865 12867
2 12865 12886
2 12868 12870
2 12868 12872
2 12868 12885
2 12869 12871
2 12869 12873
2 12869 12886
2 12872 12874
2 12872 12892
2 12873 12875
2 12873 12893
2 12874 12876
2 12874 12889
2 12875 12877
2 12875 12890
2 12878 12879
2 12878 12880
2 12878 18055
2 12880 12881
2 12880 12882
2 12882 12883
2 12883 12884
2 12883 18054
2 12884 18030
2 12885 12887
2 12886 12888
2 12887 12889
2 12887 18049
2 12888 12890
2 12888 18050
2 12889 18039
2 12890 18040
2 12894 12916
2 12894 18009
2 12895 12917
2 12895 18010
2 12896 12918
2 12896 18011
2 12897 12919
2 12897 18012
2 12898 12922
2 12899 12923
2 12900 12916
2 12900 12924
2 12900 13095
2 12901 12917
2 12901 12925
2 12901 13096
2 12902 12918
2 12902 12926
2 12902 13097
2 12903 12919
2 12903 12927
2 12903 13098
2 12904 12908
2 12904 12932
2 12904 13103
2 12905 12909
2 12905 12933
2 12905 13104
2 12906 12910
2 12906 12934
2 12906 13105
2 12907 12911
2 12907 12935
2 12907 13106
2 12908 12936
2 12908 13107
2 12909 12937
2 12909 13108
2 12910 12938
2 12910 13109
2 12911 12939
2 12911 13110
2 12912 12920
2 12912 12940
2 12912 13111
2 12913 12921
2 12913 12941
2 12913 13112
2 12914 12922
2 12914 12942
2 12914 13113
2 12915 12923
2 12915 12943
2 12915 13114
2 12916 13089
2 12917 13090
2 12918 13091
2 12919 13092
2 12920 13093
2 12922 13094
2 12924 12928
2 12924 12932
2 12925 12929
2 12925 12933
2 12926 12930
2 12926 12934
2 12927 12931
2 12927 12935
2 12932 12946
2 12933 12947
2 12934 12948
2 12935 12949
2 12936 12940
2 12936 12954
2 12937 12941
2 12937 12955
2 12938 12942
2 12938 12956
2 12939 12943
2 12939 12957
2 12942 12944
2 12943 12945
2 12946 12950
2 12946 12954
2 12947 12951
2 12947 12955
2 12948 12952
2 12948 12956
2 12949 12953
2 12949 12957
2 12956 12958
2 12957 12959
2 12960 18224
2 12961 12965
2 12961 13010
2 12961 13093
2 12962 12966
2 12962 13011
2 12962 13094
2 12963 13005
2 12964 13005
2 12965 13006
2 12966 13007
2 12967 13006
2 12968 13007
2 12969 12970
2 12969 12971
2 12969 12996
2 12971 12972
2 12971 13005
2 12972 12973
2 12972 12998
2 12974 12976
2 12974 12978
2 12975 12977
2 12975 12979
2 12978 12980
2 12978 12999
2 12979 12981
2 12979 13000
2 12982 12984
2 12982 12986
2 12982 12999
2 12983 12985
2 12983 12987
2 12983 13000
2 12986 12988
2 12986 13006
2 12987 12989
2 12987 13007
2 12988 12990
2 12988 13003
2 12989 12991
2 12989 13004
2 12992 12993
2 12992 12994
2 12994 12995
2 12994 12996
2 12996 12997
2 12997 12998
2 12999 13001
2 13000 13002
2 13001 13003
2 13002 13004
2 13008 13020
2 13009 13021
2 13010 13022
2 13011 13023
2 13012 13020
2 13012 13024
2 13012 13047
2 13013 13021
2 13013 13025
2 13013 13048
2 13014 13016
2 13014 13028
2 13014 13051
2 13015 13017
2 13015 13029
2 13015 13052
2 13016 13030
2 13016 13053
2 13017 13031
2 13017 13054
2 13018 13022
2 13018 13032
2 13018 13055
2 13019 13023
2 13019 13033
2 13019 13056
2 13020 13044
2 13021 13045
2 13023 13046
2 13024 13026
2 13024 13028
2 13025 13027
2 13025 13029
2 13028 13036
2 13029 13037
2 13030 13032
2 13030 13040
2 13031 13033
2 13031 13041
2 13032 13034
2 13033 13035
2 13036 13038
2 13036 13040
2 13037 13039
2 13037 13041
2 13040 13042
2 13041 13043
2 13047 13049
2 13047 13051
2 13048 13050
2 13048 13052
2 13051 13058
2 13052 13059
2 13053 13055
2 13053 13062
2 13054 13056
2 13054 13063
2 13056 13057
2 13058 13060
2 13058 13062
2 13059 13061
2 13059 13063
2 13063 13064
2 13065 18092
2 13066 18093
2 13069 13071
2 13069 13073
2 13070 13072
2 13070 13074
2 13073 13081
2 13074 13082
2 13075 13077
2 13075 13085
2 13076 13078
2 13076 13086
2 13077 13079
2 13078 13080
2 13081 13083
2 13081 13085
2 13082 13084
2 13082 13086
2 13085 13087
2 13086 13088
2 13095 13099
2 13095 13103
2 13096 13100
2 13096 13104
2 13097 13101
2 13097 13105
2 13098 13102
2 13098 13106
2 13103 13117
2 13104 13118
2 13105 13119
2 13106 13120
2 13107 13111
2 13107 13125
2 13108 13112
2 13108 13126
2 13109 13113
2 13109 13127
2 13110 13114
2 13110 13128
2 13111 13115
2 13113 13116
2 13117 13121
2 13117 13125
2 13118 13122
2 13118 13126
2 13119 13123
2 13119 13127
2 13120 13124
2 13120 13128
2 13125 13129
2 13127 13130
2 13133 17672
2 13134 17673
2 13135 13137
2 13135 13139
2 13136 13138
2 13136 13140
2 13139 13147
2 13140 13148
2 13141 13143
2 13141 13151
2 13142 13144
2 13142 13152
2 13143 13145
2 13144 13146
2 13147 13149
2 13147 13151
2 13148 13150
2 13148 13152
2 13151 13153
2 13152 13154
2 13161 13165
2 13161 13167
2 13162 13168
2 13163 13166
2 13163 13169
2 13164 13170
2 13167 13183
2 13168 13184
2 13169 13185
2 13170 13186
2 13171 13175
2 13171 13189
2 13172 13176
2 13172 13190
2 13173 13177
2 13173 13191
2 13174 13178
2 13174 13192
2 13175 13179
2 13176 13180
2 13177 13181
2 13178 13182
2 13183 13187
2 13183 13189
2 13184 13190
2 13185 13188
2 13185 13191
2 13186 13192
2 13189 13193
2 13190 13194
2 13191 13195
2 13192 13196
2 13200 13203
2 13201 13202
2 13201 13204
2 13203 13211
2 13204 13212
2 13205 13207
2 13205 13214
2 13206 13208
2 13206 13215
2 13207 13209
2 13208 13210
2 13211 13214
2 13212 13213
2 13212 13215
2 13214 13216
2 13215 13217
2 13218 13226
2 13218 14715
2 13218 14850
2 13218 15005
2 13219 13227
2 13219 14716
2 13219 14851
2 13219 15006
2 13220 13349
2 13220 14063
2 13221 13237
2 13221 14046
2 13222 13238
2 13223 13228
2 13223 13239
2 13223 13350
2 13223 14047
2 13224 13240
2 13224 13351
2 13225 13228
2 13225 13243
2 13225 13386
2 13225 13475
2 13228 13378
2 13228 13467
2 13229 13341
2 13230 13342
2 13231 13343
2 13232 13344
2 13233 13341
2 13233 14154
2 13234 13342
2 13234 14155
2 13235 13343
2 13235 14156
2 13236 13344
2 13236 14157
2 13237 13345
2 13238 13346
2 13239 13347
2 13240 13348
2 13241 13345
2 13242 13346
2 13243 13347
2 13244 13348
2 13245 13249
2 13245 13253
2 13245 13317
2 13246 13250
2 13246 13254
2 13246 13318
2 13247 13251
2 13247 13255
2 13247 13319
2 13248 13252
2 13248 13256
2 13248 13320
2 13253 13257
2 13253 13341
2 13254 13258
2 13254 13342
2 13255 13259
2 13255 13343
2 13256 13260
2 13256 13344
2 13257 13261
2 13257 13325
2 13258 13262
2 13258 13326
2 13259 13263
2 13259 13327
2 13260 13264
2 13260 13328
2 13265 13269
2 13265 13273
2 13265 13325
2 13266 13270
2 13266 13274
2 13266 13326
2 13267 13271
2 13267 13275
2 13267 13327
2 13268 13272
2 13268 13276
2 13268 13328
2 13273 13277
2 13273 13329
2 13274 13278
2 13274 13330
2 13275 13279
2 13275 13331
2 13276 13280
2 13276 13332
2 13281 13285
2 13281 13289
2 13281 13329
2 13282 13286
2 13282 13290
2 13282 13330
2 13283 13287
2 13283 13291
2 13283 13331
2 13284 13288
2 13284 13292
2 13284 13332
2 13289 13293
2 13289 13345
2 13290 13294
2 13290 13346
2 13291 13295
2 13291 13347
2 13292 13296
2 13292 13348
2 13293 13297
2 13293 13337
2 13294 13298
2 13294 13338
2 13295 13299
2 13295 13339
2 13296 13300
2 13296 13340
2 13301 13305
2 13301 13309
2 13301 13337
2 13302 13306
2 13302 13310
2 13302 13338
2 13303 13307
2 13303 13311
2 13303 13339
2 13304 13308
2 13304 13312
2 13304 13340
2 13309 13313
2 13309 13317
2 13310 13314
2 13310 13318
2 13311 13315
2 13311 13319
2 13312 13316
2 13312 13320
2 13317 13321
2 13318 13322
2 13319 13323
2 13320 13324
2 13321 13325
2 13321 13333
2 13322 13326
2 13322 13334
2 13323 13327
2 13323 13335
2 13324 13328
2 13324 13336
2 13329 13333
2 13330 13334
2 13331 13335
2 13332 13336
2 13333 13337
2 13334 13338
2 13335 13339
2 13336 13340
2 13349 13358
2 13350 13359
2 13351 13360
2 13352 13358
2 13352 13361
2 13352 14078
2 13353 13363
2 13353 14080
2 13353 18404
2 13354 13364
2 13354 14081
2 13354 18402
2 13355 13365
2 13355 14082
2 13355 18403
2 13356 13359
2 13356 13366
2 13356 14083
2 13357 13360
2 13357 13367
2 13357 14084
2 13358 14075
2 13359 14076
2 13360 14077
2 13361 13362
2 13361 13363
2 13363 13370
2 13364 13366
2 13364 13372
2 13365 13367
2 13365 13373
2 13366 13368
2 13367 13369
2 13370 13371
2 13370 18422
2 13372 13374
2 13372 18418
2 13373 13375
2 13373 18419
2 13376 13439
2 13376 14075
2 13377 13383
2 13377 13440
2 13378 13384
2 13378 13441
2 13378 14064
2 13379 13435
2 13380 13436
2 13381 13435
2 13381 14230
2 13382 13436
2 13382 14231
2 13383 13437
2 13384 13438
2 13385 13437
2 13386 13438
2 13387 13389
2 13387 13391
2 13387 13423
2 13388 13390
2 13388 13392
2 13388 13424
2 13391 13393
2 13391 13435
2 13392 13394
2 13392 13436
2 13393 13395
2 13393 13427
2 13394 13396
2 13394 13428
2 13397 13399
2 13397 13401
2 13397 13427
2 13398 13400
2 13398 13402
2 13398 13428
2 13401 13403
2 13401 13429
2 13402 13404
2 13402 13430
2 13405 13407
2 13405 13409
2 13405 13429
2 13406 13408
2 13406 13410
2 13406 13430
2 13409 13411
2 13409 13437
2 13410 13412
2 13410 13438
2 13411 13413
2 13411 13433
2 13412 13414
2 13412 13434
2 13415 13417
2 13415 13419
2 13415 13433
2 13416 13418
2 13416 13420
2 13416 13434
2 13419 13421
2 13419 13423
2 13420 13422
2 13420 13424
2 13423 13425
2 13424 13426
2 13425 13427
2 13425 13431
2 13426 13428
2 13426 13432
2 13429 13431
2 13430 13432
2 13431 13433
2 13432 13434
2 13439 13448
2 13440 13449
2 13441 13450
2 13442 13448
2 13442 13451
2 13442 14048
2 13443 13453
2 13443 14050
2 13444 13454
2 13444 14051
2 13445 13455
2 13445 14052
2 13446 13449
2 13446 13456
2 13446 14053
2 13447 13450
2 13447 13457
2 13447 14054
2 13448 14045
2 13449 14046
2 13450 14047
2 13451 13452
2 13451 13453
2 13453 13460
2 13454 13456
2 13454 13462
2 13455 13457
2 13455 13463
2 13456 13458
2 13457 13459
2 13460 13461
2 13462 13464
2 13463 13465
2 13466 13529
2 13466 14045
2 13467 13473
2 13467 13530
2 13467 14076
2 13468 13474
2 13468 14077
2 13469 13525
2 13470 13526
2 13471 13525
2 13471 14093
2 13472 13526
2 13472 14094
2 13473 13527
2 13474 13528
2 13475 13527
2 13476 13528
2 13477 13479
2 13477 13481
2 13477 13513
2 13478 13480
2 13478 13482
2 13478 13514
2 13481 13483
2 13481 13525
2 13482 13484
2 13482 13526
2 13483 13485
2 13483 13517
2 13484 13486
2 13484 13518
2 13487 13489
2 13487 13491
2 13487 13517
2 13488 13490
2 13488 13492
2 13488 13518
2 13491 13493
2 13491 13519
2 13492 13494
2 13492 13520
2 13495 13497
2 13495 13499
2 13495 13519
2 13496 13498
2 13496 13500
2 13496 13520
2 13499 13501
2 13499 13527
2 13500 13502
2 13500 13528
2 13501 13503
2 13501 13523
2 13502 13504
2 13502 13524
2 13505 13507
2 13505 13509
2 13505 13523
2 13506 13508
2 13506 13510
2 13506 13524
2 13509 13511
2 13509 13513
2 13510 13512
2 13510 13514
2 13513 13515
2 13514 13516
2 13515 13517
2 13515 13521
2 13516 13518
2 13516 13522
2 13519 13521
2 13520 13522
2 13521 13523
2 13522 13524
2 13529 13535
2 13530 13536
2 13531 13535
2 13531 13537
2 13531 14065
2 13532 13533
2 13532 13539
2 13532 14067
2 13533 13540
2 13533 14068
2 13534 13536
2 13534 13541
2 13534 14069
2 13535 14063
2 13536 14064
2 13537 13538
2 13537 13539
2 13539 13543
2 13540 13541
2 13540 13545
2 13541 13542
2 13543 13544
2 13543 13545
2 13545 13546
2 13547 13556
2 13547 14305
2 13547 14452
2 13547 14532
2 13548 13617
2 13549 13618
2 13550 13619
2 13550 14021
2 13551 13620
2 13551 14022
2 13552 13557
2 13552 13562
2 13552 13621
2 13552 13953
2 13553 13558
2 13553 13563
2 13553 13622
2 13553 13954
2 13554 13557
2 13554 13564
2 13554 13685
2 13554 13817
2 13555 13558
2 13555 13565
2 13555 13686
2 13555 13818
2 13557 13675
2 13557 13807
2 13558 13676
2 13558 13808
2 13559 13613
2 13560 13614
2 13561 13614
2 13561 15402
2 13562 13615
2 13563 13616
2 13564 13615
2 13565 13616
2 13566 13568
2 13566 13570
2 13566 13601
2 13567 13569
2 13567 13571
2 13567 13602
2 13570 13572
2 13570 13613
2 13571 13573
2 13571 13614
2 13572 13605
2 13573 13574
2 13573 13606
2 13575 13577
2 13575 13579
2 13575 13605
2 13576 13578
2 13576 13580
2 13576 13606
2 13579 13581
2 13579 13607
2 13580 13582
2 13580 13608
2 13583 13585
2 13583 13587
2 13583 13607
2 13584 13586
2 13584 13588
2 13584 13608
2 13587 13589
2 13587 13615
2 13588 13590
2 13588 13616
2 13589 13591
2 13589 13611
2 13590 13592
2 13590 13612
2 13593 13595
2 13593 13597
2 13593 13611
2 13594 13596
2 13594 13598
2 13594 13612
2 13597 13599
2 13597 13601
2 13598 13600
2 13598 13602
2 13601 13603
2 13602 13604
2 13603 13605
2 13603 13609
2 13604 13606
2 13604 13610
2 13607 13609
2 13608 13610
2 13609 13611
2 13610 13612
2 13617 13635
2 13618 13636
2 13619 13637
2 13620 13638
2 13621 13639
2 13622 13640
2 13623 13635
2 13623 13641
2 13623 13991
2 13624 13636
2 13624 13642
2 13624 13992
2 13625 13637
2 13625 13643
2 13625 13993
2 13626 13638
2 13626 13644
2 13626 13994
2 13627 13649
2 13627 13999
2 13628 13650
2 13628 14000
2 13629 13651
2 13629 14001
2 13630 13652
2 13630 14002
2 13631 13653
2 13631 14003
2 13632 13654
2 13632 14004
2 13633 13639
2 13633 13655
2 13633 14005
2 13634 13640
2 13634 13656
2 13634 14006
2 13635 13985
2 13636 13986
2 13637 13987
2 13638 13988
2 13639 13989
2 13640 13990
2 13641 13645
2 13641 13649
2 13642 13646
2 13642 13650
2 13643 13647
2 13643 13651
2 13644 13648
2 13644 13652
2 13649 13659
2 13650 13660
2 13651 13661
2 13652 13662
2 13653 13655
2 13653 13667
2 13654 13656
2 13654 13668
2 13655 13657
2 13656 13658
2 13659 13663
2 13660 13664
2 13661 13665
2 13662 13666
2 13667 13669
2 13668 13670
2 13671 13763
2 13671 13949
2 13672 13764
2 13672 13950
2 13673 13951
2 13674 13952
2 13675 13683
2 13675 13765
2 13675 13989
2 13676 13684
2 13676 13766
2 13676 13990
2 13677 13757
2 13678 13758
2 13679 13759
2 13680 13760
2 13681 13758
2 13681 15219
2 13682 13760
2 13682 15220
2 13683 13761
2 13684 13762
2 13685 13761
2 13686 13762
2 13687 13691
2 13687 13695
2 13687 13739
2 13688 13692
2 13688 13696
2 13688 13740
2 13689 13693
2 13689 13697
2 13689 13741
2 13690 13694
2 13690 13698
2 13690 13742
2 13695 13699
2 13695 13757
2 13696 13700
2 13696 13758
2 13697 13701
2 13697 13759
2 13698 13702
2 13698 13760
2 13699 13747
2 13700 13703
2 13700 13748
2 13701 13749
2 13702 13704
2 13702 13750
2 13705 13707
2 13705 13709
2 13705 13747
2 13706 13708
2 13706 13710
2 13706 13748
2 13709 13711
2 13709 13751
2 13710 13712
2 13710 13752
2 13713 13715
2 13713 13717
2 13713 13751
2 13714 13716
2 13714 13718
2 13714 13752
2 13717 13719
2 13717 13761
2 13718 13720
2 13718 13762
2 13719 13721
2 13719 13755
2 13720 13722
2 13720 13756
2 13723 13727
2 13723 13731
2 13723 13755
2 13724 13728
2 13724 13732
2 13724 13756
2 13725 13729
2 13725 13733
2 13726 13730
2 13726 13734
2 13731 13735
2 13731 13739
2 13732 13736
2 13732 13740
2 13733 13737
2 13733 13741
2 13734 13738
2 13734 13742
2 13739 13743
2 13740 13744
2 13741 13745
2 13742 13746
2 13743 13747
2 13743 13753
2 13744 13748
2 13744 13754
2 13745 13749
2 13746 13750
2 13751 13753
2 13752 13754
2 13753 13755
2 13754 13756
2 13763 13775
2 13764 13776
2 13765 13777
2 13766 13778
2 13767 13775
2 13767 13779
2 13767 14025
2 13768 13776
2 13768 13780
2 13768 14026
2 13769 13771
2 13769 13783
2 13769 14029
2 13770 13772
2 13770 13784
2 13770 14030
2 13771 13785
2 13771 14031
2 13772 13786
2 13772 14032
2 13773 13777
2 13773 13787
2 13773 14033
2 13774 13778
2 13774 13788
2 13774 14034
2 13775 14021
2 13776 14022
2 13777 14023
2 13778 14024
2 13779 13781
2 13779 13783
2 13780 13782
2 13780 13784
2 13783 13791
2 13784 13792
2 13785 13787
2 13785 13795
2 13786 13788
2 13786 13796
2 13787 13789
2 13788 13790
2 13791 13793
2 13791 13795
2 13792 13794
2 13792 13796
2 13795 13797
2 13796 13798
2 13799 13985
2 13800 13986
2 13803 13895
2 13803 13987
2 13804 13896
2 13804 13988
2 13805 13897
2 13806 13898
2 13807 13815
2 13807 13899
2 13807 14023
2 13808 13816
2 13808 13900
2 13808 14024
2 13809 13889
2 13810 13890
2 13811 13891
2 13812 13892
2 13813 13890
2 13813 15287
2 13814 13892
2 13814 15288
2 13815 13893
2 13816 13894
2 13817 13893
2 13818 13894
2 13819 13823
2 13819 13827
2 13819 13871
2 13820 13824
2 13820 13828
2 13820 13872
2 13821 13825
2 13821 13829
2 13821 13873
2 13822 13826
2 13822 13830
2 13822 13874
2 13827 13831
2 13827 13889
2 13828 13832
2 13828 13890
2 13829 13833
2 13829 13891
2 13830 13834
2 13830 13892
2 13831 13879
2 13832 13835
2 13832 13880
2 13833 13881
2 13834 13836
2 13834 13882
2 13837 13839
2 13837 13841
2 13837 13881
2 13838 13840
2 13838 13842
2 13838 13882
2 13841 13843
2 13841 13883
2 13842 13844
2 13842 13884
2 13845 13847
2 13845 13849
2 13845 13883
2 13846 13848
2 13846 13850
2 13846 13884
2 13849 13851
2 13849 13893
2 13850 13852
2 13850 13894
2 13851 13853
2 13851 13887
2 13852 13854
2 13852 13888
2 13855 13859
2 13855 13863
2 13856 13860
2 13856 13864
2 13857 13861
2 13857 13865
2 13857 13887
2 13858 13862
2 13858 13866
2 13858 13888
2 13863 13867
2 13863 13871
2 13864 13868
2 13864 13872
2 13865 13869
2 13865 13873
2 13866 13870
2 13866 13874
2 13871 13875
2 13872 13876
2 13873 13877
2 13874 13878
2 13875 13879
2 13876 13880
2 13877 13881
2 13877 13885
2 13878 13882
2 13878 13886
2 13883 13885
2 13884 13886
2 13885 13887
2 13886 13888
2 13895 13913
2 13896 13914
2 13897 13915
2 13898 13916
2 13899 13917
2 13900 13918
2 13901 13913
2 13901 13919
2 13901 13955
2 13902 13914
2 13902 13920
2 13902 13956
2 13903 13915
2 13903 13921
2 13903 13957
2 13904 13916
2 13904 13922
2 13904 13958
2 13905 13927
2 13905 13963
2 13905 19067
2 13906 13928
2 13906 13964
2 13906 19068
2 13907 13929
2 13907 13965
2 13907 19069
2 13908 13930
2 13908 13966
2 13908 19070
2 13909 13931
2 13909 13967
2 13909 19065
2 13910 13932
2 13910 13968
2 13910 19066
2 13911 13917
2 13911 13933
2 13911 13969
2 13912 13918
2 13912 13934
2 13912 13970
2 13913 13949
2 13914 13950
2 13915 13951
2 13916 13952
2 13917 13953
2 13918 13954
2 13919 13923
2 13919 13927
2 13920 13924
2 13920 13928
2 13921 13925
2 13921 13929
2 13922 13926
2 13922 13930
2 13927 13937
2 13928 13938
2 13929 13939
2 13930 13940
2 13931 13933
2 13931 13945
2 13932 13934
2 13932 13946
2 13933 13935
2 13934 13936
2 13937 13941
2 13937 19103
2 13938 13942
2 13938 19104
2 13939 13943
2 13939 19105
2 13940 13944
2 13940 19106
2 13945 13947
2 13945 19099
2 13946 13948
2 13946 19100
2 13955 13959
2 13955 13963
2 13956 13960
2 13956 13964
2 13957 13961
2 13957 13965
2 13958 13962
2 13958 13966
2 13963 13973
2 13964 13974
2 13965 13975
2 13966 13976
2 13967 13969
2 13967 13981
2 13968 13970
2 13968 13982
2 13969 13971
2 13970 13972
2 13973 13977
2 13973 19139
2 13974 13978
2 13974 19140
2 13975 13979
2 13975 19141
2 13976 13980
2 13976 19142
2 13981 13983
2 13981 19135
2 13982 13984
2 13982 19136
2 13991 13995
2 13991 13999
2 13992 13996
2 13992 14000
2 13993 13997
2 13993 14001
2 13994 13998
2 13994 14002
2 13999 14009
2 14000 14010
2 14001 14011
2 14002 14012
2 14003 14005
2 14003 14017
2 14004 14006
2 14004 14018
2 14005 14007
2 14006 14008
2 14009 14013
2 14010 14014
2 14011 14015
2 14012 14016
2 14017 14019
2 14018 14020
2 14025 14027
2 14025 14029
2 14026 14028
2 14026 14030
2 14029 14037
2 14030 14038
2 14031 14033
2 14031 14041
2 14032 14034
2 14032 14042
2 14033 14035
2 14034 14036
2 14037 14039
2 14037 14041
2 14038 14040
2 14038 14042
2 14041 14043
2 14042 14044
2 14048 14049
2 14048 14050
2 14050 14057
2 14051 14053
2 14051 14059
2 14052 14054
2 14052 14060
2 14053 14055
2 14054 14056
2 14057 14058
2 14059 14061
2 14060 14062
2 14065 14066
2 14065 14067
2 14067 14071
2 14068 14069
2 14068 14073
2 14069 14070
2 14071 14072
2 14071 14073
2 14073 14074
2 14078 14079
2 14078 14080
2 14080 14087
2 14081 14083
2 14081 14089
2 14082 14084
2 14082 14090
2 14083 14085
2 14084 14086
2 14087 14088
2 14087 19253
2 14089 14091
2 14089 19249
2 14090 14092
2 14090 19250
2 14093 14128
2 14093 19877
2 14094 14129
2 14094 19878
2 14095 14097
2 14095 14100
2 14095 14130
2 14095 14665
2 14096 14097
2 14096 14101
2 14096 14164
2 14096 14238
2 14097 14158
2 14097 14232
2 14098 14126
2 14098 14709
2 14099 14126
2 14099 14845
2 14100 14127
2 14101 14127
2 14102 14103
2 14102 14104
2 14102 14120
2 14104 14105
2 14104 14126
2 14105 14106
2 14105 14122
2 14107 14108
2 14107 14109
2 14107 14122
2 14109 14110
2 14109 14123
2 14111 14112
2 14111 14113
2 14111 14123
2 14113 14114
2 14113 14127
2 14114 14115
2 14114 14125
2 14116 14117
2 14116 14118
2 14116 14125
2 14118 14119
2 14118 14120
2 14120 14121
2 14121 14122
2 14121 14124
2 14123 14124
2 14124 14125
2 14128 14137
2 14129 14138
2 14130 14139
2 14131 14137
2 14131 14140
2 14131 14695
2 14132 14138
2 14132 14141
2 14132 14696
2 14133 14135
2 14133 14144
2 14133 14699
2 14134 14145
2 14134 14700
2 14135 14146
2 14135 14701
2 14136 14139
2 14136 14147
2 14136 14702
2 14137 14692
2 14138 14693
2 14139 14694
2 14140 14142
2 14140 14144
2 14141 14143
2 14141 14145
2 14144 14149
2 14146 14147
2 14146 14152
2 14147 14148
2 14149 14150
2 14149 14152
2 14152 14153
2 14154 19356
2 14155 19357
2 14156 19358
2 14157 19359
2 14158 14163
2 14158 14206
2 14158 14681
2 14159 14201
2 14159 14709
2 14160 14202
2 14161 14201
2 14161 14999
2 14162 14202
2 14162 15000
2 14163 14203
2 14164 14203
2 14165 14167
2 14165 14169
2 14165 14192
2 14166 14168
2 14166 14170
2 14166 14193
2 14169 14171
2 14169 14201
2 14170 14172
2 14170 14202
2 14171 14173
2 14171 14196
2 14172 14174
2 14172 14197
2 14175 14176
2 14175 14177
2 14175 19346
2 14177 14178
2 14177 14198
2 14179 14180
2 14179 14181
2 14179 14198
2 14181 14182
2 14181 14203
2 14182 14183
2 14182 14200
2 14184 14186
2 14184 14188
2 14184 19351
2 14185 14187
2 14185 14189
2 14185 19352
2 14188 14190
2 14188 14192
2 14189 14191
2 14189 14193
2 14192 14194
2 14193 14195
2 14194 14196
2 14194 19349
2 14195 14197
2 14195 19350
2 14196 19322
2 14197 19323
2 14198 14199
2 14199 14200
2 14199 19345
2 14200 19340
2 14204 14213
2 14204 19307
2 14205 14214
2 14205 19308
2 14206 14215
2 14207 14213
2 14207 14216
2 14207 14666
2 14208 14214
2 14208 14217
2 14208 14667
2 14209 14220
2 14209 14670
2 14210 14211
2 14210 14221
2 14210 14671
2 14211 14222
2 14211 14672
2 14212 14215
2 14212 14223
2 14212 14673
2 14213 14663
2 14214 14664
2 14215 14665
2 14216 14218
2 14216 14220
2 14217 14219
2 14217 14221
2 14221 14225
2 14222 14223
2 14222 14228
2 14223 14224
2 14225 14227
2 14225 14228
2 14228 14229
2 14230 14663
2 14231 14664
2 14232 14237
2 14232 14279
2 14232 14694
2 14233 14275
2 14234 14276
2 14234 14709
2 14235 14275
2 14235 14710
2 14236 14276
2 14236 14711
2 14237 14277
2 14238 14277
2 14239 14241
2 14239 14243
2 14239 14266
2 14240 14242
2 14240 14244
2 14240 14267
2 14243 14245
2 14243 14275
2 14244 14246
2 14244 14276
2 14245 14247
2 14245 14270
2 14246 14248
2 14246 14271
2 14249 14250
2 14249 14251
2 14251 14252
2 14251 14272
2 14253 14254
2 14253 14255
2 14253 14272
2 14255 14256
2 14255 14277
2 14256 14257
2 14256 14274
2 14258 14260
2 14258 14262
2 14259 14261
2 14259 14263
2 14262 14264
2 14262 14266
2 14263 14265
2 14263 14267
2 14266 14268
2 14267 14269
2 14268 14270
2 14269 14271
2 14272 14273
2 14273 14274
2 14278 14284
2 14279 14285
2 14280 14284
2 14280 14286
2 14280 14682
2 14281 14282
2 14281 14288
2 14281 14684
2 14282 14289
2 14282 14685
2 14283 14285
2 14283 14290
2 14283 14686
2 14284 14680
2 14285 14681
2 14286 14287
2 14286 14288
2 14288 14292
2 14289 14290
2 14289 14294
2 14290 14291
2 14292 14293
2 14292 14294
2 14294 14295
2 14296 14302
2 14296 15224
2 14296 15291
2 14296 15405
2 14297 14302
2 14297 14423
2 14297 14651
2 14297 15292
2 14298 14311
2 14298 19559
2 14299 14312
2 14299 19560
2 14300 14313
2 14300 19561
2 14301 14314
2 14301 19562
2 14302 14448
2 14302 14529
2 14303 14415
2 14304 14416
2 14305 14417
2 14306 14418
2 14307 14415
2 14308 14416
2 14309 14417
2 14310 14418
2 14311 14419
2 14312 14420
2 14313 14421
2 14314 14422
2 14315 14419
2 14316 14420
2 14317 14421
2 14318 14422
2 14319 14323
2 14319 14327
2 14319 14391
2 14320 14324
2 14320 14328
2 14320 14392
2 14321 14325
2 14321 14329
2 14321 14393
2 14322 14326
2 14322 14330
2 14322 14394
2 14327 14331
2 14327 14415
2 14328 14332
2 14328 14416
2 14329 14333
2 14329 14417
2 14330 14334
2 14330 14418
2 14331 14335
2 14331 14399
2 14332 14336
2 14332 14400
2 14333 14337
2 14333 14401
2 14334 14338
2 14334 14402
2 14339 14343
2 14339 14347
2 14339 14399
2 14340 14344
2 14340 14348
2 14340 14400
2 14341 14345
2 14341 14349
2 14341 14401
2 14342 14346
2 14342 14350
2 14342 14402
2 14347 14351
2 14347 14403
2 14348 14352
2 14348 14404
2 14349 14353
2 14349 14405
2 14350 14354
2 14350 14406
2 14355 14359
2 14355 14363
2 14355 14403
2 14356 14360
2 14356 14364
2 14356 14404
2 14357 14361
2 14357 14365
2 14357 14405
2 14358 14362
2 14358 14366
2 14358 14406
2 14363 14367
2 14363 14419
2 14364 14368
2 14364 14420
2 14365 14369
2 14365 14421
2 14366 14370
2 14366 14422
2 14367 14371
2 14367 14411
2 14368 14372
2 14368 14412
2 14369 14373
2 14369 14413
2 14370 14374
2 14370 14414
2 14375 14379
2 14375 14383
2 14375 14411
2 14376 14380
2 14376 14384
2 14376 14412
2 14377 14381
2 14377 14385
2 14377 14413
2 14378 14382
2 14378 14386
2 14378 14414
2 14383 14387
2 14383 14391
2 14384 14388
2 14384 14392
2 14385 14389
2 14385 14393
2 14386 14390
2 14386 14394
2 14391 14395
2 14392 14396
2 14393 14397
2 14394 14398
2 14395 14399
2 14395 14407
2 14396 14400
2 14396 14408
2 14397 14401
2 14397 14409
2 14398 14402
2 14398 14410
2 14403 14407
2 14404 14408
2 14405 14409
2 14406 14410
2 14407 14411
2 14408 14412
2 14409 14413
2 14410 14414
2 14423 14431
2 14424 14432
2 14424 19494
2 14425 14433
2 14425 19495
2 14426 14431
2 14426 14434
2 14426 14637
2 14427 14428
2 14427 14436
2 14427 14639
2 14428 14438
2 14428 14641
2 14429 14432
2 14429 14439
2 14429 14642
2 14430 14433
2 14430 14440
2 14430 14643
2 14431 14634
2 14432 14635
2 14433 14636
2 14434 14435
2 14434 14436
2 14436 14443
2 14437 14439
2 14438 14440
2 14438 14445
2 14439 14441
2 14440 14442
2 14443 14444
2 14443 14445
2 14445 14447
2 14448 14511
2 14448 14617
2 14448 15406
2 14449 14455
2 14449 14635
2 14450 14456
2 14450 14636
2 14451 14507
2 14452 14508
2 14453 14507
2 14454 14508
2 14455 14509
2 14456 14510
2 14457 14509
2 14458 14510
2 14459 14461
2 14459 14463
2 14459 14495
2 14460 14462
2 14460 14464
2 14460 14496
2 14463 14465
2 14463 14507
2 14464 14466
2 14464 14508
2 14465 14467
2 14465 14499
2 14466 14468
2 14466 14500
2 14469 14471
2 14469 14473
2 14469 14499
2 14470 14472
2 14470 14474
2 14470 14500
2 14473 14475
2 14473 14501
2 14474 14476
2 14474 14502
2 14477 14479
2 14477 14481
2 14477 14501
2 14478 14480
2 14478 14482
2 14478 14502
2 14481 14483
2 14481 14509
2 14482 14484
2 14482 14510
2 14483 14485
2 14483 14505
2 14484 14486
2 14484 14506
2 14487 14489
2 14487 14491
2 14487 14505
2 14488 14490
2 14488 14492
2 14488 14506
2 14491 14493
2 14491 14495
2 14492 14494
2 14492 14496
2 14495 14497
2 14496 14498
2 14497 14499
2 14497 14503
2 14498 14500
2 14498 14504
2 14501 14503
2 14502 14504
2 14503 14505
2 14504 14506
2 14511 14517
2 14512 14518
2 14513 14517
2 14513 14519
2 14513 14653
2 14514 14515
2 14514 14521
2 14514 14655
2 14515 14522
2 14515 14656
2 14516 14518
2 14516 14523
2 14516 14657
2 14517 14651
2 14518 14652
2 14519 14520
2 14519 14521
2 14521 14525
2 14522 14523
2 14522 14527
2 14523 14524
2 14525 14526
2 14525 14527
2 14527 14528
2 14529 14592
2 14529 14634
2 14529 15225
2 14530 14536
2 14530 14593
2 14530 19824
2 14531 14537
2 14531 14594
2 14531 19825
2 14532 14588
2 14533 14589
2 14534 14588
2 14535 14589
2 14536 14590
2 14537 14591
2 14538 14590
2 14539 14591
2 14540 14542
2 14540 14544
2 14540 14576
2 14541 14543
2 14541 14545
2 14541 14577
2 14544 14546
2 14544 14588
2 14545 14547
2 14545 14589
2 14546 14548
2 14546 14580
2 14547 14549
2 14547 14581
2 14550 14552
2 14550 14554
2 14550 14580
2 14551 14553
2 14551 14555
2 14551 14581
2 14554 14556
2 14554 14582
2 14555 14557
2 14555 14583
2 14558 14560
2 14558 14562
2 14558 14582
2 14559 14561
2 14559 14563
2 14559 14583
2 14562 14564
2 14562 14590
2 14563 14565
2 14563 14591
2 14564 14566
2 14564 14586
2 14565 14567
2 14565 14587
2 14568 14570
2 14568 14572
2 14568 14586
2 14569 14571
2 14569 14573
2 14569 14587
2 14572 14574
2 14572 14576
2 14573 14575
2 14573 14577
2 14576 14578
2 14577 14579
2 14578 14580
2 14578 14584
2 14579 14581
2 14579 14585
2 14582 14584
2 14583 14585
2 14584 14586
2 14585 14587
2 14592 14600
2 14593 14601
2 14594 14602
2 14595 14600
2 14595 14603
2 14595 14620
2 14596 14597
2 14596 14605
2 14596 14622
2 14597 14606
2 14597 14623
2 14598 14601
2 14598 14608
2 14598 14625
2 14599 14602
2 14599 14609
2 14599 14626
2 14600 14617
2 14601 14618
2 14602 14619
2 14603 14604
2 14603 14605
2 14605 14612
2 14606 14608
2 14606 14614
2 14607 14609
2 14608 14610
2 14609 14611
2 14612 14613
2 14612 14614
2 14614 14615
2 14620 14621
2 14620 14622
2 14622 14629
2 14623 14625
2 14623 14631
2 14624 14626
2 14625 14627
2 14626 14628
2 14629 14630
2 14629 14631
2 14631 14632
2 14637 14638
2 14637 14639
2 14639 14646
2 14640 14642
2 14641 14643
2 14641 14648
2 14642 14644
2 14643 14645
2 14646 14647
2 14646 14648
2 14648 14650
2 14652 19730
2 14653 14654
2 14653 14655
2 14655 14659
2 14656 14657
2 14656 14661
2 14657 14658
2 14659 14660
2 14659 14661
2 14661 14662
2 14666 14668
2 14666 14670
2 14667 14669
2 14667 14671
2 14671 14675
2 14672 14673
2 14672 14678
2 14673 14674
2 14675 14677
2 14675 14678
2 14678 14679
2 14680 19255
2 14682 14683
2 14682 14684
2 14684 14688
2 14685 14686
2 14685 14690
2 14686 14687
2 14688 14689
2 14688 14690
2 14690 14691
2 14695 14697
2 14695 14699
2 14696 14698
2 14696 14700
2 14699 14704
2 14701 14702
2 14701 14707
2 14702 14703
2 14704 14705
2 14704 14707
2 14707 14708
2 14709 14714
2 14710 14775
2 14710 15619
2 14711 14714
2 14711 14776
2 14711 15620
2 14712 14719
2 14712 20783
2 14713 14720
2 14713 20784
2 14714 14845
2 14714 14999
2 14715 14771
2 14716 14772
2 14717 14771
2 14718 14772
2 14719 14773
2 14720 14774
2 14721 14773
2 14722 14774
2 14723 14725
2 14723 14727
2 14723 14759
2 14724 14726
2 14724 14728
2 14724 14760
2 14727 14729
2 14727 14771
2 14728 14730
2 14728 14772
2 14729 14731
2 14729 14763
2 14730 14732
2 14730 14764
2 14733 14735
2 14733 14737
2 14733 14763
2 14734 14736
2 14734 14738
2 14734 14764
2 14737 14739
2 14737 14765
2 14738 14740
2 14738 14766
2 14741 14743
2 14741 14745
2 14741 14765
2 14742 14744
2 14742 14746
2 14742 14766
2 14745 14747
2 14745 14773
2 14746 14748
2 14746 14774
2 14747 14749
2 14747 14769
2 14748 14750
2 14748 14770
2 14751 14753
2 14751 14755
2 14751 14769
2 14752 14754
2 14752 14756
2 14752 14770
2 14755 14757
2 14755 14759
2 14756 14758
2 14756 14760
2 14759 14761
2 14760 14762
2 14761 14763
2 14761 14767
2 14762 14764
2 14762 14768
2 14765 14767
2 14766 14768
2 14767 14769
2 14768 14770
2 14775 14798
2 14776 14800
2 14777 14801
2 14778 14802
2 14779 14803
2 14780 14804
2 14781 14797
2 14781 14805
2 14781 15706
2 14782 14798
2 14782 14806
2 14782 15707
2 14783 14799
2 14783 14807
2 14783 15708
2 14784 14800
2 14784 14808
2 14784 15709
2 14785 14789
2 14785 14813
2 14785 15712
2 14786 14790
2 14786 14814
2 14786 15713
2 14787 14791
2 14787 14815
2 14787 15714
2 14788 14792
2 14788 14816
2 14788 15715
2 14789 14817
2 14789 15716
2 14790 14818
2 14790 15717
2 14791 14819
2 14791 15718
2 14792 14820
2 14792 15719
2 14793 14801
2 14793 14821
2 14793 15720
2 14794 14802
2 14794 14822
2 14794 15721
2 14795 14803
2 14795 14823
2 14795 15722
2 14796 14804
2 14796 14824
2 14796 15723
2 14800 15701
2 14801 15702
2 14802 15703
2 14803 15704
2 14804 15705
2 14805 14809
2 14805 14813
2 14806 14810
2 14806 14814
2 14807 14811
2 14807 14815
2 14808 14812
2 14808 14816
2 14813 14829
2 14814 14830
2 14815 14831
2 14816 14832
2 14817 14821
2 14817 14837
2 14818 14822
2 14818 14838
2 14819 14823
2 14819 14839
2 14820 14824
2 14820 14840
2 14821 14825
2 14822 14826
2 14823 14827
2 14824 14828
2 14829 14833
2 14829 14837
2 14830 14834
2 14830 14838
2 14831 14835
2 14831 14839
2 14832 14836
2 14832 14840
2 14837 14841
2 14838 14842
2 14839 14843
2 14840 14844
2 14845 14934
2 14845 15701
2 14846 14854
2 14846 14935
2 14847 14855
2 14847 14936
2 14848 14856
2 14848 14937
2 14849 14857
2 14849 14938
2 14850 14928
2 14851 14929
2 14852 14928
2 14853 14929
2 14854 14930
2 14855 14931
2 14856 14932
2 14857 14933
2 14858 14930
2 14859 14931
2 14860 14932
2 14861 14933
2 14862 14864
2 14862 14866
2 14862 14914
2 14863 14865
2 14863 14867
2 14863 14915
2 14866 14868
2 14866 14928
2 14867 14869
2 14867 14929
2 14868 14870
2 14868 14918
2 14869 14871
2 14869 14919
2 14872 14874
2 14872 14878
2 14872 14918
2 14873 14875
2 14873 14879
2 14873 14919
2 14878 14882
2 14878 14920
2 14879 14883
2 14879 14921
2 14880 14884
2 14880 14922
2 14881 14885
2 14881 14923
2 14886 14890
2 14886 14894
2 14886 14920
2 14887 14891
2 14887 14895
2 14887 14921
2 14888 14892
2 14888 14896
2 14888 14922
2 14889 14893
2 14889 14897
2 14889 14923
2 14894 14898
2 14894 14930
2 14895 14899
2 14895 14931
2 14896 14900
2 14896 14932
2 14897 14901
2 14897 14933
2 14898 14902
2 14898 14926
2 14899 14903
2 14899 14927
2 14900 14904
2 14901 14905
2 14906 14908
2 14906 14910
2 14906 14926
2 14907 14909
2 14907 14911
2 14907 14927
2 14910 14912
2 14910 14914
2 14911 14913
2 14911 14915
2 14914 14916
2 14915 14917
2 14916 14918
2 14916 14924
2 14917 14919
2 14917 14925
2 14920 14924
2 14921 14925
2 14924 14926
2 14925 14927
2 14934 14956
2 14935 14959
2 14936 14960
2 14937 14961
2 14938 14962
2 14939 14955
2 14939 14963
2 14939 15579
2 14940 14956
2 14940 14964
2 14940 15580
2 14941 14957
2 14941 14965
2 14941 15581
2 14942 14958
2 14942 14966
2 14942 15582
2 14943 14947
2 14943 14969
2 14943 15587
2 14944 14948
2 14944 14970
2 14944 15588
2 14945 14949
2 14945 14971
2 14945 15589
2 14946 14950
2 14946 14972
2 14946 15590
2 14947 14973
2 14947 15591
2 14948 14974
2 14948 15592
2 14949 14975
2 14949 15593
2 14950 14976
2 14950 15594
2 14951 14959
2 14951 14977
2 14951 15595
2 14952 14960
2 14952 14978
2 14952 15596
2 14953 14961
2 14953 14979
2 14953 15597
2 14954 14962
2 14954 14980
2 14954 15598
2 14956 15573
2 14958 15574
2 14959 15575
2 14960 15576
2 14961 15577
2 14962 15578
2 14963 14967
2 14963 14969
2 14964 14968
2 14964 14970
2 14965 14971
2 14966 14972
2 14969 14985
2 14970 14986
2 14971 14987
2 14972 14988
2 14973 14977
2 14973 14991
2 14974 14978
2 14974 14992
2 14975 14979
2 14975 14993
2 14976 14980
2 14976 14994
2 14977 14981
2 14978 14982
2 14979 14983
2 14980 14984
2 14985 14989
2 14985 14991
2 14986 14990
2 14986 14992
2 14987 14993
2 14988 14994
2 14991 14995
2 14992 14996
2 14993 14997
2 14994 14998
2 14999 15089
2 14999 15573
2 15000 15090
2 15000 15574
2 15001 15009
2 15001 15702
2 15001 20415
2 15002 15010
2 15002 15703
2 15002 20416
2 15003 15011
2 15003 15704
2 15003 20417
2 15004 15012
2 15004 15705
2 15004 20418
2 15005 15083
2 15006 15084
2 15007 15083
2 15008 15084
2 15009 15085
2 15010 15086
2 15011 15087
2 15012 15088
2 15013 15085
2 15014 15086
2 15015 15087
2 15016 15088
2 15017 15019
2 15017 15021
2 15017 15069
2 15018 15020
2 15018 15022
2 15018 15070
2 15021 15023
2 15021 15083
2 15022 15024
2 15022 15084
2 15023 15025
2 15023 15073
2 15024 15026
2 15024 15074
2 15027 15031
2 15027 15035
2 15027 15073
2 15028 15032
2 15028 15036
2 15028 15074
2 15033 15037
2 15033 15075
2 15034 15038
2 15034 15076
2 15035 15039
2 15035 15077
2 15036 15040
2 15036 15078
2 15041 15045
2 15041 15049
2 15041 15075
2 15042 15046
2 15042 15050
2 15042 15076
2 15043 15047
2 15043 15051
2 15043 15077
2 15044 15048
2 15044 15052
2 15044 15078
2 15049 15053
2 15049 15085
2 15050 15054
2 15050 15086
2 15051 15055
2 15051 15087
2 15052 15056
2 15052 15088
2 15053 15057
2 15054 15058
2 15055 15059
2 15055 15081
2 15056 15060
2 15056 15082
2 15061 15063
2 15061 15065
2 15061 15081
2 15062 15064
2 15062 15066
2 15062 15082
2 15065 15067
2 15065 15069
2 15066 15068
2 15066 15070
2 15069 15071
2 15070 15072
2 15071 15073
2 15071 15079
2 15072 15074
2 15072 15080
2 15077 15079
2 15078 15080
2 15079 15081
2 15080 15082
2 15089 15136
2 15090 15138
2 15091 15139
2 15091 20238
2 15092 15140
2 15092 20239
2 15093 15141
2 15093 20240
2 15094 15142
2 15094 20241
2 15095 15143
2 15095 20242
2 15096 15144
2 15096 20243
2 15097 15145
2 15097 20244
2 15098 15146
2 15098 20245
2 15099 15131
2 15099 15147
2 15099 15629
2 15100 15132
2 15100 15148
2 15100 15630
2 15101 15133
2 15101 15149
2 15101 15631
2 15102 15134
2 15102 15150
2 15102 15632
2 15103 15135
2 15103 15151
2 15103 15633
2 15104 15136
2 15104 15152
2 15104 15634
2 15105 15137
2 15105 15153
2 15105 15635
2 15106 15138
2 15106 15154
2 15106 15636
2 15107 15115
2 15107 15159
2 15107 15641
2 15108 15116
2 15108 15160
2 15108 15642
2 15109 15117
2 15109 15161
2 15109 15643
2 15110 15118
2 15110 15162
2 15110 15644
2 15111 15119
2 15111 15163
2 15111 15645
2 15112 15120
2 15112 15164
2 15112 15646
2 15113 15121
2 15113 15165
2 15113 15647
2 15114 15122
2 15114 15166
2 15114 15648
2 15115 15167
2 15115 15649
2 15116 15168
2 15116 15650
2 15117 15169
2 15117 15651
2 15118 15170
2 15118 15652
2 15119 15171
2 15119 15653
2 15120 15172
2 15120 15654
2 15121 15173
2 15121 15655
2 15122 15174
2 15122 15656
2 15123 15139
2 15123 15175
2 15123 15657
2 15124 15140
2 15124 15176
2 15124 15658
2 15125 15141
2 15125 15177
2 15125 15659
2 15126 15142
2 15126 15178
2 15126 15660
2 15127 15143
2 15127 15179
2 15127 15661
2 15128 15144
2 15128 15180
2 15128 15662
2 15129 15145
2 15129 15181
2 15129 15663
2 15130 15146
2 15130 15182
2 15130 15664
2 15132 15619
2 15136 15620
2 15139 15621
2 15140 15622
2 15141 15623
2 15142 15624
2 15143 15625
2 15144 15626
2 15145 15627
2 15146 15628
2 15147 15159
2 15148 15160
2 15149 15161
2 15150 15162
2 15151 15155
2 15151 15163
2 15152 15156
2 15152 15164
2 15153 15157
2 15153 15165
2 15154 15158
2 15154 15166
2 15159 15191
2 15160 15192
2 15161 15193
2 15162 15194
2 15163 15195
2 15164 15196
2 15165 15197
2 15166 15198
2 15167 15175
2 15167 15203
2 15168 15176
2 15168 15204
2 15169 15177
2 15169 15205
2 15170 15178
2 15170 15206
2 15171 15179
2 15171 15207
2 15172 15180
2 15172 15208
2 15173 15181
2 15173 15209
2 15174 15182
2 15174 15210
2 15175 15183
2 15176 15184
2 15177 15185
2 15178 15186
2 15179 15187
2 15180 15188
2 15181 15189
2 15182 15190
2 15191 15203
2 15192 15204
2 15193 15205
2 15194 15206
2 15195 15199
2 15195 15207
2 15196 15200
2 15196 15208
2 15197 15201
2 15197 15209
2 15198 15202
2 15198 15210
2 15203 15211
2 15204 15212
2 15205 15213
2 15206 15214
2 15207 15215
2 15208 15216
2 15209 15217
2 15210 15218
2 15219 15254
2 15220 15255
2 15221 15223
2 15221 15226
2 15221 15256
2 15221 15488
2 15222 15223
2 15222 15227
2 15222 15295
2 15222 15410
2 15223 15289
2 15223 15404
2 15224 15252
2 15225 15252
2 15226 15253
2 15227 15253
2 15228 15229
2 15228 15230
2 15228 15246
2 15230 15231
2 15230 15252
2 15231 15232
2 15231 15248
2 15233 15234
2 15233 15235
2 15233 15248
2 15235 15236
2 15235 15249
2 15237 15238
2 15237 15239
2 15237 15249
2 15239 15240
2 15239 15253
2 15240 15241
2 15240 15251
2 15242 15243
2 15242 15244
2 15242 15251
2 15244 15245
2 15244 15246
2 15246 15247
2 15247 15248
2 15247 15250
2 15249 15250
2 15250 15251
2 15254 15265
2 15255 15266
2 15256 15267
2 15257 15265
2 15257 15269
2 15257 15511
2 15258 15266
2 15258 15270
2 15258 15512
2 15259 15261
2 15259 15273
2 15259 15515
2 15260 15262
2 15260 15274
2 15260 15516
2 15261 15275
2 15261 15517
2 15262 15276
2 15262 15518
2 15263 15267
2 15263 15277
2 15263 15519
2 15264 15268
2 15264 15278
2 15264 15520
2 15265 15507
2 15266 15508
2 15267 15509
2 15268 15510
2 15269 15271
2 15269 15273
2 15270 15272
2 15270 15274
2 15273 15280
2 15274 15281
2 15275 15277
2 15275 15284
2 15276 15278
2 15276 15285
2 15277 15279
2 15280 15282
2 15280 15284
2 15281 15283
2 15281 15285
2 15284 15286
2 15287 15486
2 15287 20581
2 15288 15487
2 15288 20582
2 15289 15293
2 15289 15340
2 15289 15509
2 15290 15294
2 15290 15341
2 15290 15510
2 15291 15333
2 15292 15333
2 15293 15334
2 15294 15335
2 15295 15334
2 15296 15335
2 15297 15298
2 15297 15299
2 15297 15324
2 15299 15300
2 15299 15333
2 15300 15301
2 15300 15326
2 15302 15304
2 15302 15306
2 15302 20573
2 15303 15305
2 15303 15307
2 15303 20574
2 15306 15308
2 15306 15327
2 15307 15309
2 15307 15328
2 15310 15312
2 15310 15314
2 15310 15327
2 15311 15313
2 15311 15315
2 15311 15328
2 15314 15316
2 15314 15334
2 15315 15317
2 15315 15335
2 15316 15318
2 15316 15331
2 15317 15319
2 15317 15332
2 15320 15321
2 15320 15322
2 15320 20577
2 15322 15323
2 15322 15324
2 15324 15325
2 15325 15326
2 15325 20576
2 15326 20552
2 15327 15329
2 15328 15330
2 15329 15331
2 15329 20571
2 15330 15332
2 15330 20572
2 15331 20561
2 15332 20562
2 15336 15358
2 15336 20531
2 15337 15359
2 15337 20532
2 15338 15360
2 15338 20533
2 15339 15361
2 15339 20534
2 15340 15364
2 15341 15365
2 15342 15358
2 15342 15366
2 15342 15537
2 15343 15359
2 15343 15367
2 15343 15538
2 15344 15360
2 15344 15368
2 15344 15539
2 15345 15361
2 15345 15369
2 15345 15540
2 15346 15350
2 15346 15374
2 15346 15545
2 15347 15351
2 15347 15375
2 15347 15546
2 15348 15352
2 15348 15376
2 15348 15547
2 15349 15353
2 15349 15377
2 15349 15548
2 15350 15378
2 15350 15549
2 15351 15379
2 15351 15550
2 15352 15380
2 15352 15551
2 15353 15381
2 15353 15552
2 15354 15362
2 15354 15382
2 15354 15553
2 15355 15363
2 15355 15383
2 15355 15554
2 15356 15364
2 15356 15384
2 15356 15555
2 15357 15365
2 15357 15385
2 15357 15556
2 15358 15531
2 15359 15532
2 15360 15533
2 15361 15534
2 15362 15535
2 15364 15536
2 15366 15370
2 15366 15374
2 15367 15371
2 15367 15375
2 15368 15372
2 15368 15376
2 15369 15373
2 15369 15377
2 15374 15388
2 15375 15389
2 15376 15390
2 15377 15391
2 15378 15382
2 15378 15396
2 15379 15383
2 15379 15397
2 15380 15384
2 15380 15398
2 15381 15385
2 15381 15399
2 15384 15386
2 15385 15387
2 15388 15392
2 15388 15396
2 15389 15393
2 15389 15397
2 15390 15394
2 15390 15398
2 15391 15395
2 15391 15399
2 15398 15400
2 15399 15401
2 15402 20746
2 15403 15407
2 15403 15452
2 15403 15535
2 15404 15408
2 15404 15453
2 15404 15536
2 15405 15447
2 15406 15447
2 15407 15448
2 15408 15449
2 15409 15448
2 15410 15449
2 15411 15412
2 15411 15413
2 15411 15438
2 15413 15414
2 15413 15447
2 15414 15415
2 15414 15440
2 15416 15418
2 15416 15420
2 15417 15419
2 15417 15421
2 15420 15422
2 15420 15441
2 15421 15423
2 15421 15442
2 15424 15426
2 15424 15428
2 15424 15441
2 15425 15427
2 15425 15429
2 15425 15442
2 15428 15430
2 15428 15448
2 15429 15431
2 15429 15449
2 15430 15432
2 15430 15445
2 15431 15433
2 15431 15446
2 15434 15435
2 15434 15436
2 15436 15437
2 15436 15438
2 15438 15439
2 15439 15440
2 15441 15443
2 15442 15444
2 15443 15445
2 15444 15446
2 15450 15462
2 15451 15463
2 15452 15464
2 15453 15465
2 15454 15462
2 15454 15466
2 15454 15489
2 15455 15463
2 15455 15467
2 15455 15490
2 15456 15458
2 15456 15470
2 15456 15493
2 15457 15459
2 15457 15471
2 15457 15494
2 15458 15472
2 15458 15495
2 15459 15473
2 15459 15496
2 15460 15464
2 15460 15474
2 15460 15497
2 15461 15465
2 15461 15475
2 15461 15498
2 15462 15486
2 15463 15487
2 15465 15488
2 15466 15468
2 15466 15470
2 15467 15469
2 15467 15471
2 15470 15478
2 15471 15479
2 15472 15474
2 15472 15482
2 15473 15475
2 15473 15483
2 15474 15476
2 15475 15477
2 15478 15480
2 15478 15482
2 15479 15481
2 15479 15483
2 15482 15484
2 15483 15485
2 15489 15491
2 15489 15493
2 15490 15492
2 15490 15494
2 15493 15500
2 15494 15501
2 15495 15497
2 15495 15504
2 15496 15498
2 15496 15505
2 15498 15499
2 15500 15502
2 15500 15504
2 15501 15503
2 15501 15505
2 15505 15506
2 15507 20614
2 15508 20615
2 15511 15513
2 15511 15515
2 15512 15514
2 15512 15516
2 15515 15523
2 15516 15524
2 15517 15519
2 15517 15527
2 15518 15520
2 15518 15528
2 15519 15521
2 15520 15522
2 15523 15525
2 15523 15527
2 15524 15526
2 15524 15528
2 15527 15529
2 15528 15530
2 15537 15541
2 15537 15545
2 15538 15542
2 15538 15546
2 15539 15543
2 15539 15547
2 15540 15544
2 15540 15548
2 15545 15559
2 15546 15560
2 15547 15561
2 15548 15562
2 15549 15553
2 15549 15567
2 15550 15554
2 15550 15568
2 15551 15555
2 15551 15569
2 15552 15556
2 15552 15570
2 15553 15557
2 15555 15558
2 15559 15563
2 15559 15567
2 15560 15564
2 15560 15568
2 15561 15565
2 15561 15569
2 15562 15566
2 15562 15570
2 15567 15571
2 15569 15572
2 15575 19916
2 15576 19917
2 15577 19918
2 15578 19919
2 15579 15583
2 15579 15587
2 15580 15584
2 15580 15588
2 15581 15585
2 15581 15589
2 15582 15586
2 15582 15590
2 15587 15603
2 15588 15604
2 15589 15605
2 15590 15606
2 15591 15595
2 15591 15611
2 15592 15596
2 15592 15612
2 15593 15597
2 15593 15613
2 15594 15598
2 15594 15614
2 15595 15599
2 15596 15600
2 15597 15601
2 15598 15602
2 15603 15607
2 15603 15611
2 15604 15608
2 15604 15612
2 15605 15609
2 15605 15613
2 15606 15610
2 15606 15614
2 15611 15615
2 15612 15616
2 15613 15617
2 15614 15618
2 15629 15637
2 15629 15641
2 15630 15638
2 15630 15642
2 15631 15643
2 15632 15644
2 15633 15639
2 15633 15645
2 15634 15640
2 15634 15646
2 15635 15647
2 15636 15648
2 15641 15673
2 15642 15674
2 15643 15675
2 15644 15676
2 15645 15677
2 15646 15678
2 15647 15679
2 15648 15680
2 15649 15657
2 15649 15685
2 15650 15658
2 15650 15686
2 15651 15659
2 15651 15687
2 15652 15660
2 15652 15688
2 15653 15661
2 15653 15689
2 15654 15662
2 15654 15690
2 15655 15663
2 15655 15691
2 15656 15664
2 15656 15692
2 15657 15665
2 15658 15666
2 15659 15667
2 15660 15668
2 15661 15669
2 15662 15670
2 15663 15671
2 15664 15672
2 15673 15681
2 15673 15685
2 15674 15682
2 15674 15686
2 15675 15687
2 15676 15688
2 15677 15683
2 15677 15689
2 15678 15684
2 15678 15690
2 15679 15691
2 15680 15692
2 15685 15693
2 15686 15694
2 15687 15695
2 15688 15696
2 15689 15697
2 15690 15698
2 15691 15699
2 15692 15700
2 15706 15712
2 15707 15713
2 15708 15710
2 15708 15714
2 15709 15711
2 15709 15715
2 15712 15728
2 15713 15729
2 15714 15730
2 15715 15731
2 15716 15720
2 15716 15734
2 15717 15721
2 15717 15735
2 15718 15722
2 15718 15736
2 15719 15723
2 15719 15737
2 15720 15724
2 15721 15725
2 15722 15726
2 15723 15727
2 15728 15734
2 15729 15735
2 15730 15732
2 15730 15736
2 15731 15733
2 15731 15737
2 15734 15738
2 15735 15739
2 15736 15740
2 15737 15741
2 15742 15753
2 15742 17676
2 15742 17787
2 15742 17841
2 15743 15872
2 15743 20250
2 15744 15873
2 15744 20251
2 15745 15874
2 15745 16610
2 15745 18334
2 15745 20252
2 15746 15875
2 15746 16611
2 15746 18335
2 15746 20253
2 15747 15762
2 15747 16576
2 15748 15763
2 15748 16577
2 15749 15754
2 15749 15764
2 15749 15876
2 15749 16578
2 15750 15755
2 15750 15765
2 15750 15877
2 15750 16579
2 15751 15754
2 15751 15768
2 15751 15952
2 15751 16169
2 15752 15755
2 15752 15769
2 15752 15953
2 15752 16170
2 15753 18330
2 15753 18425
2 15753 18545
2 15754 15932
2 15754 16162
2 15755 15933
2 15755 16163
2 15756 15864
2 15757 15865
2 15758 15866
2 15759 15867
2 15760 15864
2 15760 16722
2 15761 15866
2 15761 16723
2 15762 15868
2 15763 15869
2 15764 15870
2 15765 15871
2 15766 15868
2 15767 15869
2 15768 15870
2 15769 15871
2 15770 15774
2 15770 15778
2 15770 15840
2 15771 15775
2 15771 15779
2 15771 15841
2 15772 15776
2 15772 15780
2 15772 15842
2 15773 15777
2 15773 15781
2 15773 15843
2 15778 15782
2 15778 15864
2 15779 15783
2 15779 15865
2 15780 15784
2 15780 15866
2 15781 15785
2 15781 15867
2 15782 15786
2 15782 15848
2 15783 15849
2 15784 15787
2 15784 15850
2 15785 15851
2 15788 15792
2 15788 15796
2 15788 15848
2 15789 15793
2 15789 15797
2 15789 15849
2 15790 15794
2 15790 15798
2 15790 15850
2 15791 15795
2 15791 15799
2 15791 15851
2 15796 15800
2 15796 15852
2 15797 15801
2 15797 15853
2 15798 15802
2 15798 15854
2 15799 15803
2 15799 15855
2 15804 15808
2 15804 15812
2 15804 15852
2 15805 15809
2 15805 15813
2 15805 15853
2 15806 15810
2 15806 15814
2 15806 15854
2 15807 15811
2 15807 15815
2 15807 15855
2 15812 15816
2 15812 15868
2 15813 15817
2 15813 15869
2 15814 15818
2 15814 15870
2 15815 15819
2 15815 15871
2 15816 15820
2 15816 15860
2 15817 15821
2 15817 15861
2 15818 15822
2 15818 15862
2 15819 15823
2 15819 15863
2 15824 15828
2 15824 15832
2 15824 15860
2 15825 15829
2 15825 15833
2 15825 15861
2 15826 15830
2 15826 15834
2 15826 15862
2 15827 15831
2 15827 15835
2 15827 15863
2 15832 15836
2 15832 15840
2 15833 15837
2 15833 15841
2 15834 15838
2 15834 15842
2 15835 15839
2 15835 15843
2 15840 15844
2 15841 15845
2 15842 15846
2 15843 15847
2 15844 15848
2 15844 15856
2 15845 15849
2 15845 15857
2 15846 15850
2 15846 15858
2 15847 15851
2 15847 15859
2 15852 15856
2 15853 15857
2 15854 15858
2 15855 15859
2 15856 15860
2 15857 15861
2 15858 15862
2 15859 15863
2 15872 15890
2 15873 15891
2 15874 15892
2 15875 15893
2 15876 15894
2 15877 15895
2 15878 15890
2 15878 15896
2 15878 16640
2 15879 15891
2 15879 15897
2 15879 16641
2 15880 15892
2 15880 15898
2 15880 16642
2 15881 15893
2 15881 15899
2 15881 16643
2 15882 15904
2 15882 16648
2 15883 15905
2 15883 16649
2 15884 15906
2 15884 16650
2 15885 15907
2 15885 16651
2 15886 15908
2 15886 16652
2 15887 15909
2 15887 16653
2 15888 15894
2 15888 15910
2 15888 16654
2 15889 15895
2 15889 15911
2 15889 16655
2 15890 16634
2 15891 16635
2 15892 16636
2 15893 16637
2 15894 16638
2 15895 16639
2 15896 15900
2 15896 15904
2 15897 15901
2 15897 15905
2 15898 15902
2 15898 15906
2 15899 15903
2 15899 15907
2 15904 15914
2 15905 15915
2 15906 15916
2 15907 15917
2 15908 15910
2 15908 15922
2 15909 15911
2 15909 15923
2 15910 15912
2 15911 15913
2 15914 15918
2 15915 15919
2 15916 15920
2 15917 15921
2 15922 15924
2 15923 15925
2 15926 16634
2 15926 19925
2 15927 16635
2 15927 19926
2 15928 16106
2 15928 16636
2 15928 18334
2 15928 19927
2 15929 16107
2 15929 16637
2 15929 18335
2 15929 19928
2 15930 15946
2 15930 16108
2 15931 15947
2 15931 16109
2 15932 15948
2 15932 16110
2 15932 16612
2 15933 15949
2 15933 16111
2 15933 16613
2 15934 16094
2 15935 16095
2 15936 16096
2 15937 16097
2 15938 16098
2 15939 16099
2 15940 16100
2 15941 16101
2 15942 16094
2 15942 16823
2 15943 16096
2 15943 16824
2 15944 16098
2 15944 16825
2 15945 16100
2 15945 16826
2 15946 16102
2 15947 16103
2 15948 16104
2 15949 16105
2 15950 16102
2 15951 16103
2 15952 16104
2 15953 16105
2 15954 15962
2 15954 15970
2 15954 16058
2 15955 15963
2 15955 15971
2 15955 16059
2 15956 15964
2 15956 15972
2 15956 16060
2 15957 15965
2 15957 15973
2 15957 16061
2 15958 15966
2 15958 15974
2 15958 16062
2 15959 15967
2 15959 15975
2 15959 16063
2 15960 15968
2 15960 15976
2 15960 16064
2 15961 15969
2 15961 15977
2 15961 16065
2 15970 15978
2 15970 16094
2 15971 15979
2 15971 16095
2 15972 15980
2 15972 16096
2 15973 15981
2 15973 16097
2 15974 15982
2 15974 16098
2 15975 15983
2 15975 16099
2 15976 15984
2 15976 16100
2 15977 15985
2 15977 16101
2 15978 15986
2 15978 16074
2 15979 16075
2 15980 15987
2 15980 16076
2 15981 16077
2 15982 15988
2 15982 16078
2 15983 16079
2 15984 15989
2 15984 16080
2 15985 16081
2 15990 15994
2 15990 15998
2 15990 16076
2 15991 15995
2 15991 15999
2 15991 16077
2 15992 15996
2 15992 16000
2 15992 16080
2 15993 15997
2 15993 16001
2 15993 16081
2 15998 16002
2 15998 16082
2 15999 16003
2 15999 16083
2 16000 16004
2 16000 16084
2 16001 16005
2 16001 16085
2 16006 16010
2 16006 16014
2 16006 16082
2 16007 16011
2 16007 16015
2 16007 16083
2 16008 16012
2 16008 16016
2 16008 16084
2 16009 16013
2 16009 16017
2 16009 16085
2 16014 16018
2 16014 16102
2 16015 16019
2 16015 16103
2 16016 16020
2 16016 16104
2 16017 16021
2 16017 16105
2 16018 16022
2 16018 16090
2 16019 16023
2 16019 16091
2 16020 16024
2 16020 16092
2 16021 16025
2 16021 16093
2 16026 16034
2 16026 16042
2 16027 16035
2 16027 16043
2 16028 16036
2 16028 16044
2 16028 16090
2 16029 16037
2 16029 16045
2 16029 16091
2 16030 16038
2 16030 16046
2 16031 16039
2 16031 16047
2 16032 16040
2 16032 16048
2 16032 16092
2 16033 16041
2 16033 16049
2 16033 16093
2 16042 16050
2 16042 16058
2 16043 16051
2 16043 16059
2 16044 16052
2 16044 16060
2 16045 16053
2 16045 16061
2 16046 16054
2 16046 16062
2 16047 16055
2 16047 16063
2 16048 16056
2 16048 16064
2 16049 16057
2 16049 16065
2 16058 16066
2 16059 16067
2 16060 16068
2 16061 16069
2 16062 16070
2 16063 16071
2 16064 16072
2 16065 16073
2 16066 16074
2 16067 16075
2 16068 16076
2 16068 16086
2 16069 16077
2 16069 16087
2 16070 16078
2 16071 16079
2 16072 16080
2 16072 16088
2 16073 16081
2 16073 16089
2 16082 16086
2 16083 16087
2 16084 16088
2 16085 16089
2 16086 16090
2 16087 16091
2 16088 16092
2 16089 16093
2 16106 16124
2 16107 16125
2 16108 16126
2 16109 16127
2 16110 16128
2 16111 16129
2 16112 16124
2 16112 16130
2 16112 16580
2 16113 16125
2 16113 16131
2 16113 16581
2 16114 16134
2 16114 16584
2 16115 16135
2 16115 16585
2 16116 16136
2 16116 16586
2 16117 16137
2 16117 16587
2 16118 16138
2 16118 16588
2 16119 16139
2 16119 16589
2 16120 16126
2 16120 16140
2 16120 16590
2 16121 16127
2 16121 16141
2 16121 16591
2 16122 16128
2 16122 16142
2 16122 16592
2 16123 16129
2 16123 16143
2 16123 16593
2 16124 16574
2 16125 16575
2 16126 16576
2 16127 16577
2 16128 16578
2 16129 16579
2 16130 16132
2 16130 16134
2 16131 16133
2 16131 16135
2 16134 16148
2 16135 16149
2 16136 16140
2 16136 16152
2 16137 16141
2 16137 16153
2 16138 16142
2 16138 16154
2 16139 16143
2 16139 16155
2 16140 16144
2 16141 16145
2 16142 16146
2 16143 16147
2 16148 16150
2 16149 16151
2 16152 16156
2 16153 16157
2 16154 16158
2 16155 16159
2 16160 16222
2 16160 16574
2 16160 18334
2 16160 20144
2 16161 16223
2 16161 16575
2 16161 18335
2 16161 20145
2 16162 16167
2 16162 16224
2 16162 16638
2 16163 16168
2 16163 16225
2 16163 16639
2 16164 16218
2 16165 16219
2 16166 16218
2 16166 16670
2 16167 16220
2 16168 16221
2 16169 16220
2 16170 16221
2 16171 16173
2 16171 16175
2 16171 16206
2 16172 16174
2 16172 16176
2 16172 16207
2 16175 16177
2 16175 16218
2 16176 16178
2 16176 16219
2 16177 16179
2 16177 16210
2 16178 16211
2 16180 16182
2 16180 16184
2 16180 16210
2 16181 16183
2 16181 16185
2 16181 16211
2 16184 16186
2 16184 16212
2 16185 16187
2 16185 16213
2 16188 16190
2 16188 16192
2 16188 16212
2 16189 16191
2 16189 16193
2 16189 16213
2 16192 16194
2 16192 16220
2 16193 16195
2 16193 16221
2 16194 16196
2 16194 16216
2 16195 16197
2 16195 16217
2 16198 16200
2 16198 16202
2 16198 16216
2 16199 16201
2 16199 16203
2 16199 16217
2 16202 16204
2 16202 16206
2 16203 16205
2 16203 16207
2 16206 16208
2 16207 16209
2 16208 16210
2 16208 16214
2 16209 16211
2 16209 16215
2 16212 16214
2 16213 16215
2 16214 16216
2 16215 16217
2 16222 16234
2 16223 16235
2 16224 16236
2 16225 16237
2 16226 16234
2 16226 16238
2 16226 16614
2 16227 16235
2 16227 16239
2 16227 16615
2 16228 16230
2 16228 16242
2 16228 16618
2 16229 16231
2 16229 16243
2 16229 16619
2 16230 16244
2 16230 16620
2 16231 16245
2 16231 16621
2 16232 16236
2 16232 16246
2 16232 16622
2 16233 16237
2 16233 16247
2 16233 16623
2 16234 16610
2 16235 16611
2 16236 16612
2 16237 16613
2 16238 16240
2 16238 16242
2 16239 16241
2 16239 16243
2 16242 16250
2 16243 16251
2 16244 16246
2 16244 16254
2 16245 16247
2 16245 16255
2 16246 16248
2 16247 16249
2 16250 16252
2 16250 16254
2 16251 16253
2 16251 16255
2 16254 16256
2 16255 16257
2 16258 16265
2 16258 16916
2 16258 17143
2 16258 17377
2 16259 16266
2 16259 16917
2 16259 17144
2 16259 17378
2 16260 16328
2 16260 19614
2 16261 16329
2 16261 16562
2 16261 18606
2 16261 19615
2 16262 16272
2 16262 16527
2 16263 16267
2 16263 16273
2 16263 16330
2 16263 16528
2 16264 16267
2 16264 16275
2 16264 16360
2 16264 16420
2 16265 18598
2 16265 18779
2 16265 18879
2 16266 18599
2 16266 18780
2 16266 18880
2 16267 16356
2 16267 16408
2 16268 16324
2 16269 16325
2 16270 16324
2 16270 18092
2 16271 16325
2 16271 18093
2 16272 16326
2 16273 16327
2 16274 16326
2 16275 16327
2 16276 16278
2 16276 16280
2 16276 16312
2 16277 16279
2 16277 16281
2 16277 16313
2 16280 16282
2 16280 16324
2 16281 16283
2 16281 16325
2 16282 16284
2 16282 16316
2 16283 16285
2 16283 16317
2 16286 16288
2 16286 16290
2 16286 16316
2 16287 16289
2 16287 16291
2 16287 16317
2 16290 16292
2 16290 16318
2 16291 16293
2 16291 16319
2 16294 16296
2 16294 16298
2 16294 16318
2 16295 16297
2 16295 16299
2 16295 16319
2 16298 16300
2 16298 16326
2 16299 16301
2 16299 16327
2 16300 16302
2 16300 16322
2 16301 16303
2 16301 16323
2 16304 16306
2 16304 16308
2 16304 16322
2 16305 16307
2 16305 16309
2 16305 16323
2 16308 16310
2 16308 16312
2 16309 16311
2 16309 16313
2 16312 16314
2 16313 16315
2 16314 16316
2 16314 16320
2 16315 16317
2 16315 16321
2 16318 16320
2 16319 16321
2 16320 16322
2 16321 16323
2 16328 16337
2 16329 16338
2 16330 16339
2 16331 16337
2 16331 16340
2 16331 16547
2 16332 16338
2 16332 16341
2 16332 16548
2 16333 16344
2 16333 16551
2 16334 16345
2 16334 16552
2 16335 16346
2 16335 16553
2 16336 16339
2 16336 16347
2 16336 16554
2 16337 16544
2 16338 16545
2 16339 16546
2 16340 16342
2 16340 16344
2 16341 16343
2 16341 16345
2 16344 16349
2 16345 16350
2 16346 16347
2 16346 16353
2 16347 16348
2 16349 16351
2 16350 16352
2 16353 16354
2 16355 16387
2 16355 16526
2 16355 18606
2 16355 19732
2 16356 16359
2 16356 16388
2 16356 16546
2 16357 16385
2 16358 16385
2 16358 17957
2 16359 16386
2 16360 16386
2 16361 16362
2 16361 16363
2 16361 16379
2 16363 16364
2 16363 16385
2 16364 16365
2 16364 16381
2 16366 16367
2 16366 16368
2 16366 16381
2 16368 16369
2 16368 16382
2 16370 16371
2 16370 16372
2 16370 16382
2 16372 16373
2 16372 16386
2 16373 16374
2 16373 16384
2 16375 16376
2 16375 16377
2 16375 16384
2 16377 16378
2 16377 16379
2 16379 16380
2 16380 16381
2 16380 16383
2 16382 16383
2 16383 16384
2 16387 16393
2 16388 16394
2 16389 16393
2 16389 16395
2 16389 16564
2 16390 16391
2 16390 16397
2 16390 16566
2 16391 16398
2 16391 16567
2 16392 16394
2 16392 16399
2 16392 16568
2 16393 16562
2 16394 16563
2 16395 16396
2 16395 16397
2 16397 16401
2 16398 16399
2 16398 16403
2 16399 16400
2 16401 16402
2 16401 16403
2 16403 16404
2 16405 16544
2 16405 19499
2 16406 16499
2 16406 16545
2 16406 18606
2 16406 19500
2 16407 16417
2 16407 16500
2 16408 16418
2 16408 16501
2 16408 16563
2 16409 16493
2 16410 16494
2 16411 16495
2 16412 16496
2 16413 16493
2 16413 18009
2 16414 16494
2 16414 18010
2 16415 16495
2 16415 18011
2 16416 16496
2 16416 18012
2 16417 16497
2 16418 16498
2 16419 16497
2 16420 16498
2 16421 16425
2 16421 16429
2 16421 16475
2 16422 16426
2 16422 16430
2 16422 16476
2 16423 16427
2 16423 16431
2 16423 16477
2 16424 16428
2 16424 16432
2 16424 16478
2 16429 16433
2 16429 16493
2 16430 16434
2 16430 16494
2 16431 16435
2 16431 16495
2 16432 16436
2 16432 16496
2 16433 16437
2 16433 16483
2 16434 16438
2 16434 16484
2 16435 16439
2 16435 16485
2 16436 16440
2 16436 16486
2 16441 16443
2 16441 16445
2 16441 16485
2 16442 16444
2 16442 16446
2 16442 16486
2 16445 16447
2 16445 16487
2 16446 16448
2 16446 16488
2 16449 16451
2 16449 16453
2 16449 16487
2 16450 16452
2 16450 16454
2 16450 16488
2 16453 16455
2 16453 16497
2 16454 16456
2 16454 16498
2 16455 16457
2 16455 16491
2 16456 16458
2 16456 16492
2 16459 16463
2 16459 16467
2 16460 16464
2 16460 16468
2 16461 16465
2 16461 16469
2 16461 16491
2 16462 16466
2 16462 16470
2 16462 16492
2 16467 16471
2 16467 16475
2 16468 16472
2 16468 16476
2 16469 16473
2 16469 16477
2 16470 16474
2 16470 16478
2 16475 16479
2 16476 16480
2 16477 16481
2 16478 16482
2 16479 16483
2 16480 16484
2 16481 16485
2 16481 16489
2 16482 16486
2 16482 16490
2 16487 16489
2 16488 16490
2 16489 16491
2 16490 16492
2 16499 16508
2 16500 16509
2 16501 16510
2 16502 16508
2 16502 16511
2 16502 16529
2 16503 16513
2 16503 16531
2 16504 16514
2 16504 16532
2 16505 16515
2 16505 16533
2 16506 16509
2 16506 16516
2 16506 16534
2 16507 16510
2 16507 16517
2 16507 16535
2 16508 16526
2 16509 16527
2 16510 16528
2 16511 16512
2 16511 16513
2 16513 16520
2 16514 16516
2 16514 16522
2 16515 16517
2 16515 16523
2 16516 16518
2 16517 16519
2 16520 16521
2 16522 16524
2 16523 16525
2 16529 16530
2 16529 16531
2 16531 16538
2 16532 16534
2 16532 16540
2 16533 16535
2 16533 16541
2 16534 16536
2 16535 16537
2 16538 16539
2 16540 16542
2 16541 16543
2 16547 16549
2 16547 16551
2 16548 16550
2 16548 16552
2 16551 16556
2 16552 16557
2 16553 16554
2 16553 16560
2 16554 16555
2 16556 16558
2 16557 16559
2 16560 16561
2 16564 16565
2 16564 16566
2 16566 16570
2 16567 16568
2 16567 16572
2 16568 16569
2 16570 16571
2 16570 16572
2 16572 16573
2 16580 16582
2 16580 16584
2 16581 16583
2 16581 16585
2 16584 16598
2 16585 16599
2 16586 16590
2 16586 16602
2 16587 16591
2 16587 16603
2 16588 16592
2 16588 16604
2 16589 16593
2 16589 16605
2 16590 16594
2 16591 16595
2 16592 16596
2 16593 16597
2 16598 16600
2 16599 16601
2 16602 16606
2 16603 16607
2 16604 16608
2 16605 16609
2 16614 16616
2 16614 16618
2 16615 16617
2 16615 16619
2 16618 16626
2 16619 16627
2 16620 16622
2 16620 16630
2 16621 16623
2 16621 16631
2 16622 16624
2 16623 16625
2 16626 16628
2 16626 16630
2 16627 16629
2 16627 16631
2 16630 16632
2 16631 16633
2 16640 16644
2 16640 16648
2 16641 16645
2 16641 16649
2 16642 16646
2 16642 16650
2 16643 16647
2 16643 16651
2 16648 16658
2 16649 16659
2 16650 16660
2 16651 16661
2 16652 16654
2 16652 16666
2 16653 16655
2 16653 16667
2 16654 16656
2 16655 16657
2 16658 16662
2 16659 16663
2 16660 16664
2 16661 16665
2 16666 16668
2 16667 16669
2 16670 16704
2 16671 16673
2 16671 16676
2 16671 16705
2 16671 17606
2 16672 16673
2 16672 16677
2 16672 16731
2 16672 16833
2 16673 16725
2 16673 16827
2 16674 16702
2 16674 17669
2 16675 16702
2 16675 17785
2 16676 16703
2 16677 16703
2 16678 16679
2 16678 16680
2 16678 16696
2 16680 16681
2 16680 16702
2 16681 16682
2 16681 16698
2 16683 16684
2 16683 16685
2 16683 16698
2 16685 16686
2 16685 16699
2 16687 16688
2 16687 16689
2 16687 16699
2 16689 16690
2 16689 16703
2 16690 16691
2 16690 16701
2 16692 16693
2 16692 16694
2 16692 16701
2 16694 16695
2 16694 16696
2 16696 16697
2 16697 16698
2 16697 16700
2 16699 16700
2 16700 16701
2 16704 16710
2 16705 16711
2 16706 16710
2 16706 16712
2 16706 17659
2 16707 16708
2 16707 16714
2 16707 17661
2 16708 16715
2 16708 17662
2 16709 16711
2 16709 16716
2 16709 17663
2 16710 17657
2 16711 17658
2 16712 16713
2 16712 16714
2 16714 16718
2 16715 16716
2 16715 16720
2 16716 16717
2 16718 16719
2 16718 16720
2 16720 16721
2 16724 16728
2 16724 16775
2 16724 17635
2 16725 16729
2 16725 16776
2 16725 17636
2 16726 16768
2 16726 17669
2 16727 16768
2 16727 17835
2 16728 16769
2 16729 16770
2 16730 16769
2 16731 16770
2 16732 16733
2 16732 16734
2 16732 16759
2 16734 16735
2 16734 16768
2 16735 16736
2 16735 16761
2 16737 16739
2 16737 16741
2 16738 16740
2 16738 16742
2 16741 16743
2 16741 16762
2 16742 16744
2 16742 16763
2 16745 16747
2 16745 16749
2 16745 16762
2 16746 16748
2 16746 16750
2 16746 16763
2 16749 16751
2 16749 16769
2 16750 16752
2 16750 16770
2 16751 16753
2 16751 16766
2 16752 16754
2 16752 16767
2 16755 16756
2 16755 16757
2 16757 16758
2 16757 16759
2 16759 16760
2 16760 16761
2 16762 16764
2 16763 16765
2 16764 16766
2 16765 16767
2 16771 16789
2 16772 16790
2 16773 16791
2 16774 16792
2 16775 16793
2 16776 16794
2 16777 16789
2 16777 16795
2 16777 17607
2 16778 16790
2 16778 16796
2 16778 17608
2 16779 16791
2 16779 16797
2 16779 17609
2 16780 16792
2 16780 16798
2 16780 17610
2 16781 16803
2 16781 17615
2 16782 16804
2 16782 17616
2 16783 16785
2 16783 16805
2 16783 17617
2 16784 16786
2 16784 16806
2 16784 17618
2 16785 16807
2 16785 17619
2 16786 16808
2 16786 17620
2 16787 16793
2 16787 16809
2 16787 17621
2 16788 16794
2 16788 16810
2 16788 17622
2 16789 17602
2 16790 17603
2 16791 17604
2 16792 17605
2 16794 17606
2 16795 16799
2 16795 16803
2 16796 16800
2 16796 16804
2 16797 16801
2 16797 16805
2 16798 16802
2 16798 16806
2 16805 16813
2 16806 16814
2 16807 16809
2 16807 16819
2 16808 16810
2 16808 16820
2 16809 16811
2 16810 16812
2 16813 16817
2 16813 16819
2 16814 16818
2 16814 16820
2 16819 16821
2 16820 16822
2 16823 17602
2 16824 17603
2 16825 17604
2 16826 17605
2 16827 16832
2 16827 16875
2 16827 17658
2 16828 16870
2 16829 16871
2 16829 17669
2 16830 16870
2 16830 17670
2 16831 16871
2 16831 17671
2 16832 16872
2 16833 16872
2 16834 16836
2 16834 16838
2 16834 16861
2 16835 16837
2 16835 16839
2 16835 16862
2 16838 16840
2 16838 16870
2 16839 16841
2 16839 16871
2 16840 16842
2 16840 16865
2 16841 16843
2 16841 16866
2 16844 16845
2 16844 16846
2 16846 16847
2 16846 16867
2 16848 16849
2 16848 16850
2 16848 16867
2 16850 16851
2 16850 16872
2 16851 16852
2 16851 16869
2 16853 16855
2 16853 16857
2 16854 16856
2 16854 16858
2 16857 16859
2 16857 16861
2 16858 16860
2 16858 16862
2 16861 16863
2 16862 16864
2 16863 16865
2 16864 16866
2 16867 16868
2 16868 16869
2 16873 16884
2 16874 16885
2 16875 16887
2 16876 16884
2 16876 16888
2 16876 17637
2 16877 16885
2 16877 16889
2 16877 17638
2 16878 16880
2 16878 16892
2 16878 17641
2 16879 16881
2 16879 16893
2 16879 17642
2 16880 16894
2 16880 17643
2 16881 16895
2 16881 17644
2 16882 16886
2 16882 16896
2 16882 17645
2 16883 16887
2 16883 16897
2 16883 17646
2 16884 17633
2 16885 17634
2 16886 17635
2 16887 17636
2 16888 16890
2 16888 16892
2 16889 16891
2 16889 16893
2 16892 16899
2 16893 16900
2 16894 16896
2 16894 16903
2 16895 16897
2 16895 16904
2 16897 16898
2 16899 16901
2 16899 16903
2 16900 16902
2 16900 16904
2 16904 16905
2 16906 16913
2 16906 17961
2 16906 18015
2 16906 18096
2 16907 17034
2 16907 17556
2 16907 18016
2 16908 16913
2 16908 17035
2 16908 17557
2 16908 18017
2 16909 16922
2 16910 16923
2 16911 16924
2 16912 16925
2 16913 17132
2 16913 17374
2 16914 17026
2 16915 17027
2 16916 17028
2 16917 17029
2 16918 17026
2 16918 18877
2 16919 17027
2 16919 18878
2 16920 17028
2 16920 18879
2 16921 17029
2 16921 18880
2 16922 17030
2 16923 17031
2 16924 17032
2 16925 17033
2 16926 17030
2 16927 17031
2 16928 17032
2 16929 17033
2 16930 16934
2 16930 16938
2 16930 17002
2 16931 16935
2 16931 16939
2 16931 17003
2 16932 16936
2 16932 16940
2 16932 17004
2 16933 16937
2 16933 16941
2 16933 17005
2 16938 16942
2 16938 17026
2 16939 16943
2 16939 17027
2 16940 16944
2 16940 17028
2 16941 16945
2 16941 17029
2 16942 16946
2 16942 17010
2 16943 16947
2 16943 17011
2 16944 16948
2 16944 17012
2 16945 16949
2 16945 17013
2 16950 16954
2 16950 16958
2 16950 17010
2 16951 16955
2 16951 16959
2 16951 17011
2 16952 16956
2 16952 16960
2 16952 17012
2 16953 16957
2 16953 16961
2 16953 17013
2 16958 16962
2 16958 17014
2 16959 16963
2 16959 17015
2 16960 16964
2 16960 17016
2 16961 16965
2 16961 17017
2 16966 16970
2 16966 16974
2 16966 17014
2 16967 16971
2 16967 16975
2 16967 17015
2 16968 16972
2 16968 16976
2 16968 17016
2 16969 16973
2 16969 16977
2 16969 17017
2 16974 16978
2 16974 17030
2 16975 16979
2 16975 17031
2 16976 16980
2 16976 17032
2 16977 16981
2 16977 17033
2 16978 16982
2 16978 17022
2 16979 16983
2 16979 17023
2 16980 16984
2 16980 17024
2 16981 16985
2 16981 17025
2 16986 16990
2 16986 16994
2 16986 17022
2 16987 16991
2 16987 16995
2 16987 17023
2 16988 16992
2 16988 16996
2 16988 17024
2 16989 16993
2 16989 16997
2 16989 17025
2 16994 16998
2 16994 17002
2 16995 16999
2 16995 17003
2 16996 17000
2 16996 17004
2 16997 17001
2 16997 17005
2 17002 17006
2 17003 17007
2 17004 17008
2 17005 17009
2 17006 17010
2 17006 17018
2 17007 17011
2 17007 17019
2 17008 17012
2 17008 17020
2 17009 17013
2 17009 17021
2 17014 17018
2 17015 17019
2 17016 17020
2 17017 17021
2 17018 17022
2 17019 17023
2 17020 17024
2 17021 17025
2 17034 17064
2 17035 17066
2 17036 17068
2 17037 17069
2 17038 17070
2 17039 17071
2 17040 17072
2 17041 17073
2 17042 17074
2 17043 17075
2 17044 17064
2 17044 17076
2 17044 17504
2 17045 17065
2 17045 17077
2 17045 17505
2 17046 17066
2 17046 17078
2 17046 17506
2 17047 17067
2 17047 17079
2 17047 17507
2 17048 17052
2 17048 17084
2 17048 17510
2 17049 17053
2 17049 17085
2 17049 17511
2 17050 17054
2 17050 17086
2 17050 17512
2 17051 17055
2 17051 17087
2 17051 17513
2 17052 17092
2 17052 17518
2 17053 17093
2 17053 17519
2 17054 17094
2 17054 17520
2 17055 17095
2 17055 17521
2 17056 17068
2 17056 17096
2 17056 17522
2 17057 17069
2 17057 17097
2 17057 17523
2 17058 17070
2 17058 17098
2 17058 17524
2 17059 17071
2 17059 17099
2 17059 17525
2 17060 17072
2 17060 17100
2 17060 17526
2 17061 17073
2 17061 17101
2 17061 17527
2 17062 17074
2 17062 17102
2 17062 17528
2 17063 17075
2 17063 17103
2 17063 17529
2 17066 17495
2 17068 17496
2 17069 17497
2 17070 17498
2 17071 17499
2 17072 17500
2 17073 17501
2 17074 17502
2 17075 17503
2 17076 17080
2 17076 17084
2 17077 17081
2 17077 17085
2 17078 17082
2 17078 17086
2 17079 17083
2 17079 17087
2 17084 17112
2 17085 17113
2 17086 17114
2 17087 17115
2 17088 17096
2 17089 17097
2 17090 17098
2 17091 17099
2 17092 17100
2 17092 17120
2 17093 17101
2 17093 17121
2 17094 17102
2 17094 17122
2 17095 17103
2 17095 17123
2 17096 17104
2 17097 17105
2 17098 17106
2 17099 17107
2 17100 17108
2 17101 17109
2 17102 17110
2 17103 17111
2 17112 17116
2 17112 17120
2 17113 17117
2 17113 17121
2 17114 17118
2 17114 17122
2 17115 17119
2 17115 17123
2 17120 17128
2 17121 17129
2 17122 17130
2 17123 17131
2 17132 17309
2 17132 17472
2 17132 18097
2 17133 17149
2 17133 17496
2 17134 17150
2 17134 17497
2 17135 17151
2 17135 17498
2 17136 17152
2 17136 17499
2 17137 17153
2 17137 17500
2 17138 17154
2 17138 17501
2 17139 17155
2 17139 17502
2 17140 17156
2 17140 17503
2 17141 17297
2 17142 17298
2 17143 17299
2 17144 17300
2 17145 17297
2 17145 18596
2 17146 17298
2 17146 18597
2 17147 17299
2 17147 18598
2 17148 17300
2 17148 18599
2 17149 17301
2 17150 17302
2 17151 17303
2 17152 17304
2 17153 17305
2 17154 17306
2 17155 17307
2 17156 17308
2 17157 17301
2 17158 17302
2 17159 17303
2 17160 17304
2 17161 17305
2 17162 17306
2 17163 17307
2 17164 17308
2 17165 17169
2 17165 17173
2 17165 17269
2 17166 17170
2 17166 17174
2 17166 17270
2 17167 17171
2 17167 17175
2 17167 17271
2 17168 17172
2 17168 17176
2 17168 17272
2 17173 17177
2 17173 17297
2 17174 17178
2 17174 17298
2 17175 17179
2 17175 17299
2 17176 17180
2 17176 17300
2 17177 17181
2 17177 17277
2 17178 17182
2 17178 17278
2 17179 17183
2 17179 17279
2 17180 17184
2 17180 17280
2 17185 17191
2 17185 17199
2 17185 17277
2 17186 17192
2 17186 17200
2 17186 17278
2 17187 17195
2 17187 17203
2 17187 17279
2 17188 17196
2 17188 17204
2 17188 17280
2 17197 17205
2 17197 17281
2 17198 17206
2 17198 17282
2 17199 17207
2 17199 17283
2 17200 17208
2 17200 17284
2 17201 17209
2 17201 17285
2 17202 17210
2 17202 17286
2 17203 17211
2 17203 17287
2 17204 17212
2 17204 17288
2 17213 17221
2 17213 17229
2 17213 17281
2 17214 17222
2 17214 17230
2 17214 17282
2 17215 17223
2 17215 17231
2 17215 17283
2 17216 17224
2 17216 17232
2 17216 17284
2 17217 17225
2 17217 17233
2 17217 17285
2 17218 17226
2 17218 17234
2 17218 17286
2 17219 17227
2 17219 17235
2 17219 17287
2 17220 17228
2 17220 17236
2 17220 17288
2 17229 17237
2 17229 17301
2 17230 17238
2 17230 17302
2 17231 17239
2 17231 17303
2 17232 17240
2 17232 17304
2 17233 17241
2 17233 17305
2 17234 17242
2 17234 17306
2 17235 17243
2 17235 17307
2 17236 17244
2 17236 17308
2 17237 17245
2 17238 17246
2 17239 17247
2 17239 17293
2 17240 17248
2 17240 17294
2 17241 17249
2 17242 17250
2 17243 17251
2 17243 17295
2 17244 17252
2 17244 17296
2 17253 17257
2 17253 17261
2 17253 17293
2 17254 17258
2 17254 17262
2 17254 17294
2 17255 17259
2 17255 17263
2 17255 17295
2 17256 17260
2 17256 17264
2 17256 17296
2 17261 17265
2 17261 17269
2 17262 17266
2 17262 17270
2 17263 17267
2 17263 17271
2 17264 17268
2 17264 17272
2 17269 17273
2 17270 17274
2 17271 17275
2 17272 17276
2 17273 17277
2 17273 17289
2 17274 17278
2 17274 17290
2 17275 17279
2 17275 17291
2 17276 17280
2 17276 17292
2 17283 17289
2 17284 17290
2 17287 17291
2 17288 17292
2 17289 17293
2 17290 17294
2 17291 17295
2 17292 17296
2 17309 17332
2 17310 17334
2 17311 17335
2 17312 17336
2 17313 17337
2 17314 17330
2 17314 17338
2 17314 17562
2 17315 17331
2 17315 17339
2 17315 17563
2 17316 17332
2 17316 17340
2 17316 17564
2 17317 17333
2 17317 17341
2 17317 17565
2 17318 17322
2 17318 17344
2 17318 17570
2 17319 17323
2 17319 17345
2 17319 17571
2 17320 17324
2 17320 17346
2 17320 17572
2 17321 17325
2 17321 17347
2 17321 17573
2 17322 17348
2 17322 17574
2 17323 17349
2 17323 17575
2 17324 17350
2 17324 17576
2 17325 17351
2 17325 17577
2 17326 17334
2 17326 17352
2 17326 17578
2 17327 17335
2 17327 17353
2 17327 17579
2 17328 17336
2 17328 17354
2 17328 17580
2 17329 17337
2 17329 17355
2 17329 17581
2 17330 17556
2 17332 17557
2 17334 17558
2 17335 17559
2 17336 17560
2 17337 17561
2 17338 17344
2 17339 17345
2 17340 17342
2 17340 17346
2 17341 17343
2 17341 17347
2 17344 17360
2 17345 17361
2 17346 17362
2 17347 17363
2 17348 17352
2 17348 17366
2 17349 17353
2 17349 17367
2 17350 17354
2 17350 17368
2 17351 17355
2 17351 17369
2 17352 17356
2 17353 17357
2 17354 17358
2 17355 17359
2 17360 17366
2 17361 17367
2 17362 17364
2 17362 17368
2 17363 17365
2 17363 17369
2 17366 17370
2 17367 17371
2 17368 17372
2 17369 17373
2 17374 17437
2 17374 17495
2 17374 17962
2 17375 17381
2 17375 17438
2 17376 17382
2 17376 17439
2 17377 17433
2 17378 17434
2 17379 17433
2 17379 18779
2 17380 17434
2 17380 18780
2 17381 17435
2 17382 17436
2 17383 17435
2 17384 17436
2 17385 17387
2 17385 17389
2 17385 17421
2 17386 17388
2 17386 17390
2 17386 17422
2 17389 17391
2 17389 17433
2 17390 17392
2 17390 17434
2 17391 17393
2 17391 17425
2 17392 17394
2 17392 17426
2 17395 17397
2 17395 17399
2 17395 17425
2 17396 17398
2 17396 17400
2 17396 17426
2 17399 17401
2 17399 17427
2 17400 17402
2 17400 17428
2 17403 17405
2 17403 17407
2 17403 17427
2 17404 17406
2 17404 17408
2 17404 17428
2 17407 17409
2 17407 17435
2 17408 17410
2 17408 17436
2 17409 17411
2 17409 17431
2 17410 17412
2 17410 17432
2 17413 17415
2 17413 17417
2 17413 17431
2 17414 17416
2 17414 17418
2 17414 17432
2 17417 17419
2 17417 17421
2 17418 17420
2 17418 17422
2 17421 17423
2 17422 17424
2 17423 17425
2 17423 17429
2 17424 17426
2 17424 17430
2 17427 17429
2 17428 17430
2 17429 17431
2 17430 17432
2 17437 17448
2 17438 17450
2 17439 17451
2 17440 17448
2 17440 17452
2 17440 17475
2 17441 17449
2 17441 17453
2 17441 17476
2 17442 17444
2 17442 17456
2 17442 17479
2 17443 17445
2 17443 17457
2 17443 17480
2 17444 17458
2 17444 17481
2 17445 17459
2 17445 17482
2 17446 17450
2 17446 17460
2 17446 17483
2 17447 17451
2 17447 17461
2 17447 17484
2 17448 17472
2 17450 17473
2 17451 17474
2 17452 17454
2 17452 17456
2 17453 17455
2 17453 17457
2 17456 17464
2 17457 17465
2 17458 17460
2 17458 17468
2 17459 17461
2 17459 17469
2 17460 17462
2 17461 17463
2 17464 17466
2 17464 17468
2 17465 17467
2 17465 17469
2 17468 17470
2 17469 17471
2 17475 17477
2 17475 17479
2 17476 17478
2 17476 17480
2 17479 17487
2 17480 17488
2 17481 17483
2 17481 17491
2 17482 17484
2 17482 17492
2 17483 17485
2 17484 17486
2 17487 17489
2 17487 17491
2 17488 17490
2 17488 17492
2 17491 17493
2 17492 17494
2 17504 17510
2 17505 17511
2 17506 17508
2 17506 17512
2 17507 17509
2 17507 17513
2 17510 17538
2 17511 17539
2 17512 17540
2 17513 17541
2 17514 17522
2 17515 17523
2 17516 17524
2 17517 17525
2 17518 17526
2 17518 17544
2 17519 17527
2 17519 17545
2 17520 17528
2 17520 17546
2 17521 17529
2 17521 17547
2 17522 17530
2 17523 17531
2 17524 17532
2 17525 17533
2 17526 17534
2 17527 17535
2 17528 17536
2 17529 17537
2 17538 17544
2 17539 17545
2 17540 17542
2 17540 17546
2 17541 17543
2 17541 17547
2 17544 17552
2 17545 17553
2 17546 17554
2 17547 17555
2 17562 17566
2 17562 17570
2 17563 17567
2 17563 17571
2 17564 17568
2 17564 17572
2 17565 17569
2 17565 17573
2 17570 17586
2 17571 17587
2 17572 17588
2 17573 17589
2 17574 17578
2 17574 17594
2 17575 17579
2 17575 17595
2 17576 17580
2 17576 17596
2 17577 17581
2 17577 17597
2 17578 17582
2 17579 17583
2 17580 17584
2 17581 17585
2 17586 17590
2 17586 17594
2 17587 17591
2 17587 17595
2 17588 17592
2 17588 17596
2 17589 17593
2 17589 17597
2 17594 17598
2 17595 17599
2 17596 17600
2 17597 17601
2 17607 17611
2 17607 17615
2 17608 17612
2 17608 17616
2 17609 17613
2 17609 17617
2 17610 17614
2 17610 17618
2 17617 17624
2 17618 17625
2 17619 17621
2 17619 17630
2 17620 17622
2 17620 17631
2 17622 17623
2 17624 17628
2 17624 17630
2 17625 17629
2 17625 17631
2 17631 17632
2 17637 17639
2 17637 17641
2 17638 17640
2 17638 17642
2 17641 17649
2 17642 17650
2 17643 17645
2 17643 17653
2 17644 17646
2 17644 17654
2 17645 17647
2 17646 17648
2 17649 17651
2 17649 17653
2 17650 17652
2 17650 17654
2 17653 17655
2 17654 17656
2 17659 17660
2 17659 17661
2 17661 17665
2 17662 17663
2 17662 17667
2 17663 17664
2 17665 17666
2 17665 17667
2 17667 17668
2 17669 17674
2 17670 17735
2 17670 18272
2 17671 17674
2 17671 17736
2 17671 18273
2 17672 17679
2 17673 17680
2 17674 17785
2 17674 17835
2 17675 17731
2 17676 17732
2 17677 17731
2 17677 18424
2 17678 17732
2 17678 18425
2 17679 17733
2 17680 17734
2 17681 17733
2 17682 17734
2 17683 17685
2 17683 17687
2 17683 17719
2 17684 17686
2 17684 17688
2 17684 17720
2 17687 17689
2 17687 17731
2 17688 17690
2 17688 17732
2 17689 17691
2 17689 17723
2 17690 17692
2 17690 17724
2 17693 17695
2 17693 17697
2 17693 17723
2 17694 17696
2 17694 17698
2 17694 17724
2 17697 17699
2 17697 17725
2 17698 17700
2 17698 17726
2 17701 17703
2 17701 17705
2 17701 17725
2 17702 17704
2 17702 17706
2 17702 17726
2 17705 17707
2 17705 17733
2 17706 17708
2 17706 17734
2 17707 17709
2 17707 17729
2 17708 17710
2 17708 17730
2 17711 17713
2 17711 17715
2 17711 17729
2 17712 17714
2 17712 17716
2 17712 17730
2 17715 17717
2 17715 17719
2 17716 17718
2 17716 17720
2 17719 17721
2 17720 17722
2 17721 17723
2 17721 17727
2 17722 17724
2 17722 17728
2 17725 17727
2 17726 17728
2 17727 17729
2 17728 17730
2 17735 17751
2 17736 17752
2 17737 17753
2 17738 17754
2 17739 17755
2 17740 17756
2 17741 17751
2 17741 17757
2 17741 18301
2 17742 17752
2 17742 17758
2 17742 18302
2 17743 17745
2 17743 17761
2 17743 18304
2 17744 17746
2 17744 17762
2 17744 18305
2 17745 17764
2 17745 18307
2 17746 17766
2 17746 18309
2 17747 17753
2 17747 17767
2 17747 18310
2 17748 17754
2 17748 17768
2 17748 18311
2 17749 17755
2 17749 17769
2 17749 18312
2 17750 17756
2 17750 17770
2 17750 18313
2 17752 18296
2 17753 18297
2 17754 18298
2 17755 18299
2 17756 18300
2 17757 17759
2 17757 17761
2 17758 17760
2 17758 17762
2 17761 17775
2 17762 17776
2 17763 17767
2 17764 17768
2 17764 17779
2 17765 17769
2 17766 17770
2 17766 17780
2 17767 17771
2 17768 17772
2 17769 17773
2 17770 17774
2 17775 17777
2 17775 17779
2 17776 17778
2 17776 17780
2 17779 17782
2 17780 17784
2 17785 17817
2 17785 18296
2 17786 17789
2 17786 17818
2 17787 17815
2 17788 17815
2 17788 18545
2 17789 17816
2 17790 17816
2 17791 17792
2 17791 17793
2 17791 17809
2 17793 17794
2 17793 17815
2 17794 17795
2 17794 17811
2 17796 17797
2 17796 17798
2 17796 17811
2 17798 17799
2 17798 17812
2 17800 17801
2 17800 17802
2 17800 17812
2 17802 17803
2 17802 17816
2 17803 17804
2 17803 17814
2 17805 17806
2 17805 17807
2 17805 17814
2 17807 17808
2 17807 17809
2 17809 17810
2 17810 17811
2 17810 17813
2 17812 17813
2 17813 17814
2 17817 17823
2 17818 17824
2 17819 17823
2 17819 17825
2 17819 18262
2 17820 17821
2 17820 17827
2 17820 18264
2 17821 17828
2 17821 18265
2 17822 17824
2 17822 17829
2 17822 18266
2 17823 18260
2 17824 18261
2 17825 17826
2 17825 17827
2 17827 17831
2 17828 17829
2 17828 17833
2 17829 17830
2 17831 17832
2 17831 17833
2 17833 17834
2 17835 17924
2 17835 18260
2 17836 17844
2 17836 18297
2 17837 17845
2 17837 18298
2 17838 17846
2 17838 18299
2 17839 17847
2 17839 18300
2 17840 17918
2 17841 17919
2 17842 17918
2 17842 18329
2 17843 17919
2 17843 18330
2 17844 17920
2 17845 17921
2 17846 17922
2 17847 17923
2 17848 17920
2 17849 17921
2 17850 17922
2 17851 17923
2 17852 17854
2 17852 17856
2 17852 17904
2 17853 17855
2 17853 17857
2 17853 17905
2 17856 17858
2 17856 17918
2 17857 17859
2 17857 17919
2 17858 17860
2 17858 17908
2 17859 17861
2 17859 17909
2 17862 17866
2 17862 17870
2 17862 17908
2 17863 17867
2 17863 17871
2 17863 17909
2 17868 17872
2 17868 17910
2 17869 17873
2 17869 17911
2 17870 17874
2 17870 17912
2 17871 17875
2 17871 17913
2 17876 17880
2 17876 17884
2 17876 17910
2 17877 17881
2 17877 17885
2 17877 17911
2 17878 17882
2 17878 17886
2 17878 17912
2 17879 17883
2 17879 17887
2 17879 17913
2 17884 17888
2 17884 17920
2 17885 17889
2 17885 17921
2 17886 17890
2 17886 17922
2 17887 17891
2 17887 17923
2 17888 17892
2 17889 17893
2 17890 17894
2 17890 17916
2 17891 17895
2 17891 17917
2 17896 17898
2 17896 17900
2 17896 17916
2 17897 17899
2 17897 17901
2 17897 17917
2 17900 17902
2 17900 17904
2 17901 17903
2 17901 17905
2 17904 17906
2 17905 17907
2 17906 17908
2 17906 17914
2 17907 17909
2 17907 17915
2 17912 17914
2 17913 17915
2 17914 17916
2 17915 17917
2 17924 17936
2 17925 17937
2 17926 17938
2 17927 17935
2 17927 17939
2 17927 18276
2 17928 17936
2 17928 17940
2 17928 18277
2 17929 17931
2 17929 17942
2 17929 18280
2 17930 17932
2 17930 17943
2 17930 18281
2 17931 17944
2 17931 18282
2 17932 17945
2 17932 18283
2 17933 17937
2 17933 17946
2 17933 18284
2 17934 17938
2 17934 17947
2 17934 18285
2 17935 18272
2 17936 18273
2 17937 18274
2 17938 18275
2 17939 17942
2 17940 17941
2 17940 17943
2 17942 17950
2 17943 17951
2 17944 17946
2 17944 17953
2 17945 17947
2 17945 17954
2 17946 17948
2 17947 17949
2 17950 17953
2 17951 17952
2 17951 17954
2 17953 17955
2 17954 17956
2 17957 17991
2 17958 17960
2 17958 17963
2 17958 17992
2 17958 18197
2 17959 17960
2 17959 17964
2 17959 18019
2 17959 18101
2 17960 18013
2 17960 18095
2 17961 17989
2 17962 17989
2 17963 17990
2 17964 17990
2 17965 17966
2 17965 17967
2 17965 17983
2 17967 17968
2 17967 17989
2 17968 17969
2 17968 17985
2 17970 17971
2 17970 17972
2 17970 17985
2 17972 17973
2 17972 17986
2 17974 17975
2 17974 17976
2 17974 17986
2 17976 17977
2 17976 17990
2 17977 17978
2 17977 17988
2 17979 17980
2 17979 17981
2 17979 17988
2 17981 17982
2 17981 17983
2 17983 17984
2 17984 17985
2 17984 17987
2 17986 17987
2 17987 17988
2 17991 17997
2 17992 17998
2 17993 17997
2 17993 17999
2 17993 18226
2 17994 17995
2 17994 18001
2 17994 18228
2 17995 18002
2 17995 18229
2 17996 17998
2 17996 18003
2 17996 18230
2 17997 18224
2 17998 18225
2 17999 18000
2 17999 18001
2 18001 18005
2 18002 18003
2 18002 18007
2 18003 18004
2 18005 18006
2 18005 18007
2 18007 18008
2 18009 18193
2 18010 18194
2 18011 18195
2 18012 18196
2 18013 18018
2 18013 18061
2 18013 18225
2 18014 18056
2 18015 18057
2 18016 18056
2 18017 18057
2 18018 18058
2 18019 18058
2 18020 18022
2 18020 18024
2 18020 18047
2 18021 18023
2 18021 18025
2 18021 18048
2 18024 18026
2 18024 18056
2 18025 18027
2 18025 18057
2 18026 18028
2 18026 18051
2 18027 18029
2 18027 18052
2 18030 18031
2 18030 18032
2 18032 18033
2 18032 18053
2 18034 18035
2 18034 18036
2 18034 18053
2 18036 18037
2 18036 18058
2 18037 18038
2 18037 18055
2 18039 18041
2 18039 18043
2 18040 18042
2 18040 18044
2 18043 18045
2 18043 18047
2 18044 18046
2 18044 18048
2 18047 18049
2 18048 18050
2 18049 18051
2 18050 18052
2 18053 18054
2 18054 18055
2 18059 18070
2 18060 18071
2 18061 18073
2 18062 18070
2 18062 18074
2 18062 18240
2 18063 18071
2 18063 18075
2 18063 18241
2 18064 18066
2 18064 18078
2 18064 18244
2 18065 18067
2 18065 18079
2 18065 18245
2 18066 18080
2 18066 18246
2 18067 18081
2 18067 18247
2 18068 18072
2 18068 18082
2 18068 18248
2 18069 18073
2 18069 18083
2 18069 18249
2 18070 18236
2 18071 18237
2 18072 18238
2 18073 18239
2 18074 18076
2 18074 18078
2 18075 18077
2 18075 18079
2 18078 18085
2 18079 18086
2 18080 18082
2 18080 18089
2 18081 18083
2 18081 18090
2 18083 18084
2 18085 18087
2 18085 18089
2 18086 18088
2 18086 18090
2 18090 18091
2 18094 18098
2 18094 18145
2 18094 18238
2 18095 18099
2 18095 18146
2 18095 18239
2 18096 18138
2 18097 18138
2 18098 18139
2 18099 18140
2 18100 18139
2 18101 18140
2 18102 18103
2 18102 18104
2 18102 18129
2 18104 18105
2 18104 18138
2 18105 18106
2 18105 18131
2 18107 18109
2 18107 18111
2 18108 18110
2 18108 18112
2 18111 18113
2 18111 18132
2 18112 18114
2 18112 18133
2 18115 18117
2 18115 18119
2 18115 18132
2 18116 18118
2 18116 18120
2 18116 18133
2 18119 18121
2 18119 18139
2 18120 18122
2 18120 18140
2 18121 18123
2 18121 18136
2 18122 18124
2 18122 18137
2 18125 18126
2 18125 18127
2 18127 18128
2 18127 18129
2 18129 18130
2 18130 18131
2 18132 18134
2 18133 18135
2 18134 18136
2 18135 18137
2 18141 18159
2 18142 18160
2 18143 18161
2 18144 18162
2 18145 18163
2 18146 18164
2 18147 18159
2 18147 18165
2 18147 18198
2 18148 18160
2 18148 18166
2 18148 18199
2 18149 18161
2 18149 18167
2 18149 18200
2 18150 18162
2 18150 18168
2 18150 18201
2 18151 18173
2 18151 18206
2 18152 18155
2 18152 18174
2 18152 18207
2 18153 18175
2 18153 18208
2 18154 18156
2 18154 18176
2 18154 18209
2 18155 18177
2 18155 18210
2 18156 18178
2 18156 18211
2 18157 18163
2 18157 18179
2 18157 18212
2 18158 18164
2 18158 18180
2 18158 18213
2 18159 18193
2 18160 18194
2 18161 18195
2 18162 18196
2 18164 18197
2 18165 18169
2 18165 18173
2 18166 18170
2 18166 18174
2 18167 18171
2 18167 18175
2 18168 18172
2 18168 18176
2 18174 18183
2 18176 18184
2 18177 18179
2 18177 18189
2 18178 18180
2 18178 18190
2 18179 18181
2 18180 18182
2 18183 18186
2 18183 18189
2 18184 18188
2 18184 18190
2 18189 18191
2 18190 18192
2 18198 18202
2 18198 18206
2 18199 18203
2 18199 18207
2 18200 18204
2 18200 18208
2 18201 18205
2 18201 18209
2 18207 18215
2 18209 18216
2 18210 18212
2 18210 18221
2 18211 18213
2 18211 18222
2 18213 18214
2 18215 18218
2 18215 18221
2 18216 18220
2 18216 18222
2 18222 18223
2 18226 18227
2 18226 18228
2 18228 18232
2 18229 18230
2 18229 18234
2 18230 18231
2 18232 18233
2 18232 18234
2 18234 18235
2 18240 18242
2 18240 18244
2 18241 18243
2 18241 18245
2 18244 18252
2 18245 18253
2 18246 18248
2 18246 18256
2 18247 18249
2 18247 18257
2 18248 18250
2 18249 18251
2 18252 18254
2 18252 18256
2 18253 18255
2 18253 18257
2 18256 18258
2 18257 18259
2 18262 18263
2 18262 18264
2 18264 18268
2 18265 18266
2 18265 18270
2 18266 18267
2 18268 18269
2 18268 18270
2 18270 18271
2 18276 18278
2 18276 18280
2 18277 18279
2 18277 18281
2 18280 18288
2 18281 18289
2 18282 18284
2 18282 18292
2 18283 18285
2 18283 18293
2 18284 18286
2 18285 18287
2 18288 18290
2 18288 18292
2 18289 18291
2 18289 18293
2 18292 18294
2 18293 18295
2 18301 18304
2 18302 18303
2 18302 18305
2 18304 18318
2 18305 18319
2 18306 18310
2 18307 18311
2 18307 18321
2 18308 18312
2 18309 18313
2 18309 18322
2 18310 18314
2 18311 18315
2 18312 18316
2 18313 18317
2 18318 18321
2 18319 18320
2 18319 18322
2 18321 18324
2 18322 18326
2 18327 18334
2 18327 19923
2 18327 20142
2 18327 20248
2 18328 18335
2 18328 19924
2 18328 20143
2 18328 20249
2 18329 18397
2 18330 18398
2 18330 19225
2 18331 18341
2 18331 19208
2 18332 18336
2 18332 18342
2 18332 18399
2 18332 19209
2 18333 18336
2 18333 18344
2 18333 18439
2 18333 18550
2 18336 18427
2 18336 18546
2 18337 18393
2 18338 18394
2 18339 18393
2 18339 19307
2 18340 18394
2 18340 19308
2 18341 18395
2 18342 18396
2 18343 18395
2 18344 18396
2 18345 18347
2 18345 18349
2 18345 18381
2 18346 18348
2 18346 18350
2 18346 18382
2 18349 18351
2 18349 18393
2 18350 18352
2 18350 18394
2 18351 18353
2 18351 18385
2 18352 18354
2 18352 18386
2 18355 18357
2 18355 18359
2 18355 18385
2 18356 18358
2 18356 18360
2 18356 18386
2 18359 18361
2 18359 18387
2 18360 18362
2 18360 18388
2 18363 18365
2 18363 18367
2 18363 18387
2 18364 18366
2 18364 18368
2 18364 18388
2 18367 18369
2 18367 18395
2 18368 18370
2 18368 18396
2 18369 18371
2 18369 18391
2 18370 18372
2 18370 18392
2 18373 18375
2 18373 18377
2 18373 18391
2 18374 18376
2 18374 18378
2 18374 18392
2 18377 18379
2 18377 18381
2 18378 18380
2 18378 18382
2 18381 18383
2 18382 18384
2 18383 18385
2 18383 18389
2 18384 18386
2 18384 18390
2 18387 18389
2 18388 18390
2 18389 18391
2 18390 18392
2 18397 18406
2 18398 18407
2 18399 18408
2 18400 18406
2 18400 18409
2 18400 19240
2 18401 18407
2 18401 18410
2 18401 19241
2 18402 18413
2 18402 19244
2 18403 18414
2 18403 19245
2 18404 18415
2 18404 19246
2 18405 18408
2 18405 18416
2 18405 19247
2 18406 19237
2 18407 19238
2 18408 19239
2 18409 18411
2 18409 18413
2 18410 18412
2 18410 18414
2 18413 18418
2 18414 18419
2 18415 18416
2 18415 18422
2 18416 18417
2 18418 18420
2 18419 18421
2 18422 18423
2 18424 19237
2 18425 18518
2 18425 19238
2 18426 18436
2 18426 18519
2 18427 18437
2 18427 18520
2 18427 19226
2 18428 18512
2 18429 18513
2 18430 18514
2 18431 18515
2 18432 18512
2 18432 19408
2 18433 18513
2 18433 19409
2 18434 18514
2 18434 19410
2 18435 18515
2 18435 19411
2 18436 18516
2 18437 18517
2 18438 18516
2 18439 18517
2 18440 18444
2 18440 18448
2 18440 18494
2 18441 18445
2 18441 18449
2 18441 18495
2 18442 18446
2 18442 18450
2 18442 18496
2 18443 18447
2 18443 18451
2 18443 18497
2 18448 18452
2 18448 18512
2 18449 18453
2 18449 18513
2 18450 18454
2 18450 18514
2 18451 18455
2 18451 18515
2 18452 18456
2 18452 18502
2 18453 18457
2 18453 18503
2 18454 18458
2 18454 18504
2 18455 18459
2 18455 18505
2 18460 18462
2 18460 18464
2 18460 18503
2 18461 18463
2 18461 18465
2 18461 18505
2 18464 18466
2 18464 18506
2 18465 18467
2 18465 18507
2 18468 18470
2 18468 18472
2 18468 18506
2 18469 18471
2 18469 18473
2 18469 18507
2 18472 18474
2 18472 18516
2 18473 18475
2 18473 18517
2 18474 18476
2 18474 18510
2 18475 18477
2 18475 18511
2 18478 18482
2 18478 18486
2 18479 18483
2 18479 18487
2 18479 18510
2 18480 18484
2 18480 18488
2 18481 18485
2 18481 18489
2 18481 18511
2 18486 18490
2 18486 18494
2 18487 18491
2 18487 18495
2 18488 18492
2 18488 18496
2 18489 18493
2 18489 18497
2 18494 18498
2 18495 18499
2 18496 18500
2 18497 18501
2 18498 18502
2 18499 18503
2 18499 18508
2 18500 18504
2 18501 18505
2 18501 18509
2 18506 18508
2 18507 18509
2 18508 18510
2 18509 18511
2 18518 18527
2 18519 18528
2 18520 18529
2 18521 18527
2 18521 18530
2 18521 19210
2 18522 18532
2 18522 19212
2 18523 18533
2 18523 19213
2 18524 18534
2 18524 19214
2 18525 18528
2 18525 18535
2 18525 19215
2 18526 18529
2 18526 18536
2 18526 19216
2 18527 19207
2 18528 19208
2 18529 19209
2 18530 18531
2 18530 18532
2 18532 18539
2 18533 18535
2 18533 18541
2 18534 18536
2 18534 18542
2 18535 18537
2 18536 18538
2 18539 18540
2 18541 18543
2 18542 18544
2 18545 18577
2 18545 19207
2 18546 18549
2 18546 18578
2 18546 19239
2 18547 18575
2 18548 18575
2 18548 19255
2 18549 18576
2 18550 18576
2 18551 18552
2 18551 18553
2 18551 18569
2 18553 18554
2 18553 18575
2 18554 18555
2 18554 18571
2 18556 18557
2 18556 18558
2 18556 18571
2 18558 18559
2 18558 18572
2 18560 18561
2 18560 18562
2 18560 18572
2 18562 18563
2 18562 18576
2 18563 18564
2 18563 18574
2 18565 18566
2 18565 18567
2 18565 18574
2 18567 18568
2 18567 18569
2 18569 18570
2 18570 18571
2 18570 18573
2 18572 18573
2 18573 18574
2 18577 18583
2 18578 18584
2 18579 18583
2 18579 18585
2 18579 19227
2 18580 18581
2 18580 18587
2 18580 19229
2 18581 18588
2 18581 19230
2 18582 18584
2 18582 18589
2 18582 19231
2 18583 19225
2 18584 19226
2 18585 18586
2 18585 18587
2 18587 18591
2 18588 18589
2 18588 18593
2 18589 18590
2 18591 18592
2 18591 18593
2 18593 18594
2 18595 18606
2 18595 19498
2 18595 19613
2 18595 19731
2 18596 18725
2 18597 18726
2 18598 18727
2 18598 19183
2 18599 18728
2 18599 19184
2 18600 18615
2 18600 19113
2 18601 18616
2 18601 19114
2 18602 18607
2 18602 18617
2 18602 18729
2 18602 19115
2 18603 18608
2 18603 18618
2 18603 18730
2 18603 19116
2 18604 18607
2 18604 18621
2 18604 18788
2 18604 18903
2 18605 18608
2 18605 18622
2 18605 18789
2 18605 18904
2 18607 18781
2 18607 18883
2 18608 18782
2 18608 18884
2 18609 18717
2 18610 18718
2 18611 18719
2 18612 18720
2 18613 18718
2 18613 20614
2 18614 18720
2 18614 20615
2 18615 18721
2 18616 18722
2 18617 18723
2 18618 18724
2 18619 18721
2 18620 18722
2 18621 18723
2 18622 18724
2 18623 18627
2 18623 18631
2 18623 18693
2 18624 18628
2 18624 18632
2 18624 18694
2 18625 18629
2 18625 18633
2 18625 18695
2 18626 18630
2 18626 18634
2 18626 18696
2 18631 18635
2 18631 18717
2 18632 18636
2 18632 18718
2 18633 18637
2 18633 18719
2 18634 18638
2 18634 18720
2 18635 18701
2 18636 18639
2 18636 18702
2 18637 18703
2 18638 18640
2 18638 18704
2 18641 18645
2 18641 18649
2 18641 18701
2 18642 18646
2 18642 18650
2 18642 18702
2 18643 18647
2 18643 18651
2 18643 18703
2 18644 18648
2 18644 18652
2 18644 18704
2 18649 18653
2 18649 18705
2 18650 18654
2 18650 18706
2 18651 18655
2 18651 18707
2 18652 18656
2 18652 18708
2 18657 18661
2 18657 18665
2 18657 18705
2 18658 18662
2 18658 18666
2 18658 18706
2 18659 18663
2 18659 18667
2 18659 18707
2 18660 18664
2 18660 18668
2 18660 18708
2 18665 18669
2 18665 18721
2 18666 18670
2 18666 18722
2 18667 18671
2 18667 18723
2 18668 18672
2 18668 18724
2 18669 18673
2 18669 18713
2 18670 18674
2 18670 18714
2 18671 18675
2 18671 18715
2 18672 18676
2 18672 18716
2 18677 18681
2 18677 18685
2 18677 18713
2 18678 18682
2 18678 18686
2 18678 18714
2 18679 18683
2 18679 18687
2 18679 18715
2 18680 18684
2 18680 18688
2 18680 18716
2 18685 18689
2 18685 18693
2 18686 18690
2 18686 18694
2 18687 18691
2 18687 18695
2 18688 18692
2 18688 18696
2 18693 18697
2 18694 18698
2 18695 18699
2 18696 18700
2 18697 18701
2 18697 18709
2 18698 18702
2 18698 18710
2 18699 18703
2 18699 18711
2 18700 18704
2 18700 18712
2 18705 18709
2 18706 18710
2 18707 18711
2 18708 18712
2 18709 18713
2 18710 18714
2 18711 18715
2 18712 18716
2 18725 18743
2 18726 18744
2 18727 18745
2 18728 18746
2 18729 18747
2 18730 18748
2 18731 18743
2 18731 18749
2 18731 19153
2 18732 18744
2 18732 18750
2 18732 19154
2 18733 18745
2 18733 18751
2 18733 19155
2 18734 18746
2 18734 18752
2 18734 19156
2 18735 18757
2 18735 19161
2 18736 18758
2 18736 19162
2 18737 18759
2 18737 19163
2 18738 18760
2 18738 19164
2 18739 18761
2 18739 19165
2 18740 18762
2 18740 19166
2 18741 18747
2 18741 18763
2 18741 19167
2 18742 18748
2 18742 18764
2 18742 19168
2 18743 19147
2 18744 19148
2 18745 19149
2 18746 19150
2 18747 19151
2 18748 19152
2 18749 18753
2 18749 18757
2 18750 18754
2 18750 18758
2 18751 18755
2 18751 18759
2 18752 18756
2 18752 18760
2 18757 18767
2 18758 18768
2 18759 18769
2 18760 18770
2 18761 18763
2 18761 18775
2 18762 18764
2 18762 18776
2 18763 18765
2 18764 18766
2 18767 18771
2 18768 18772
2 18769 18773
2 18770 18774
2 18775 18777
2 18776 18778
2 18779 18841
2 18779 19111
2 18780 18842
2 18780 19112
2 18781 18786
2 18781 18843
2 18781 19151
2 18782 18787
2 18782 18844
2 18782 19152
2 18783 18837
2 18784 18838
2 18785 18838
2 18785 20479
2 18786 18839
2 18787 18840
2 18788 18839
2 18789 18840
2 18790 18792
2 18790 18794
2 18790 18825
2 18791 18793
2 18791 18795
2 18791 18826
2 18794 18796
2 18794 18837
2 18795 18797
2 18795 18838
2 18796 18829
2 18797 18798
2 18797 18830
2 18799 18801
2 18799 18803
2 18799 18829
2 18800 18802
2 18800 18804
2 18800 18830
2 18803 18805
2 18803 18831
2 18804 18806
2 18804 18832
2 18807 18809
2 18807 18811
2 18807 18831
2 18808 18810
2 18808 18812
2 18808 18832
2 18811 18813
2 18811 18839
2 18812 18814
2 18812 18840
2 18813 18815
2 18813 18835
2 18814 18816
2 18814 18836
2 18817 18819
2 18817 18821
2 18817 18835
2 18818 18820
2 18818 18822
2 18818 18836
2 18821 18823
2 18821 18825
2 18822 18824
2 18822 18826
2 18825 18827
2 18826 18828
2 18827 18829
2 18827 18833
2 18828 18830
2 18828 18834
2 18831 18833
2 18832 18834
2 18833 18835
2 18834 18836
2 18841 18853
2 18842 18854
2 18843 18855
2 18844 18856
2 18845 18853
2 18845 18857
2 18845 19187
2 18846 18854
2 18846 18858
2 18846 19188
2 18847 18849
2 18847 18861
2 18847 19191
2 18848 18850
2 18848 18862
2 18848 19192
2 18849 18863
2 18849 19193
2 18850 18864
2 18850 19194
2 18851 18855
2 18851 18865
2 18851 19195
2 18852 18856
2 18852 18866
2 18852 19196
2 18853 19183
2 18854 19184
2 18855 19185
2 18856 19186
2 18857 18859
2 18857 18861
2 18858 18860
2 18858 18862
2 18861 18869
2 18862 18870
2 18863 18865
2 18863 18873
2 18864 18866
2 18864 18874
2 18865 18867
2 18866 18868
2 18869 18871
2 18869 18873
2 18870 18872
2 18870 18874
2 18873 18875
2 18874 18876
2 18877 19147
2 18878 19148
2 18879 19057
2 18879 19149
2 18880 19058
2 18880 19150
2 18881 18897
2 18881 19059
2 18882 18898
2 18882 19060
2 18883 18899
2 18883 19061
2 18883 19185
2 18884 18900
2 18884 19062
2 18884 19186
2 18885 19045
2 18886 19046
2 18887 19047
2 18888 19048
2 18889 19049
2 18890 19050
2 18891 19051
2 18892 19052
2 18893 19046
2 18893 20531
2 18894 19048
2 18894 20532
2 18895 19050
2 18895 20533
2 18896 19052
2 18896 20534
2 18897 19053
2 18898 19054
2 18899 19055
2 18900 19056
2 18901 19053
2 18902 19054
2 18903 19055
2 18904 19056
2 18905 18913
2 18905 18921
2 18905 19009
2 18906 18914
2 18906 18922
2 18906 19010
2 18907 18915
2 18907 18923
2 18907 19011
2 18908 18916
2 18908 18924
2 18908 19012
2 18909 18917
2 18909 18925
2 18909 19013
2 18910 18918
2 18910 18926
2 18910 19014
2 18911 18919
2 18911 18927
2 18911 19015
2 18912 18920
2 18912 18928
2 18912 19016
2 18921 18929
2 18921 19045
2 18922 18930
2 18922 19046
2 18923 18931
2 18923 19047
2 18924 18932
2 18924 19048
2 18925 18933
2 18925 19049
2 18926 18934
2 18926 19050
2 18927 18935
2 18927 19051
2 18928 18936
2 18928 19052
2 18929 19025
2 18930 18937
2 18930 19026
2 18931 19027
2 18932 18938
2 18932 19028
2 18933 19029
2 18934 18939
2 18934 19030
2 18935 19031
2 18936 18940
2 18936 19032
2 18941 18945
2 18941 18949
2 18941 19029
2 18942 18946
2 18942 18950
2 18942 19030
2 18943 18947
2 18943 18951
2 18943 19031
2 18944 18948
2 18944 18952
2 18944 19032
2 18949 18953
2 18949 19033
2 18950 18954
2 18950 19034
2 18951 18955
2 18951 19035
2 18952 18956
2 18952 19036
2 18957 18961
2 18957 18965
2 18957 19033
2 18958 18962
2 18958 18966
2 18958 19034
2 18959 18963
2 18959 18967
2 18959 19035
2 18960 18964
2 18960 18968
2 18960 19036
2 18965 18969
2 18965 19053
2 18966 18970
2 18966 19054
2 18967 18971
2 18967 19055
2 18968 18972
2 18968 19056
2 18969 18973
2 18969 19041
2 18970 18974
2 18970 19042
2 18971 18975
2 18971 19043
2 18972 18976
2 18972 19044
2 18977 18985
2 18977 18993
2 18978 18986
2 18978 18994
2 18979 18987
2 18979 18995
2 18980 18988
2 18980 18996
2 18981 18989
2 18981 18997
2 18981 19041
2 18982 18990
2 18982 18998
2 18982 19042
2 18983 18991
2 18983 18999
2 18983 19043
2 18984 18992
2 18984 19000
2 18984 19044
2 18993 19001
2 18993 19009
2 18994 19002
2 18994 19010
2 18995 19003
2 18995 19011
2 18996 19004
2 18996 19012
2 18997 19005
2 18997 19013
2 18998 19006
2 18998 19014
2 18999 19007
2 18999 19015
2 19000 19008
2 19000 19016
2 19009 19017
2 19010 19018
2 19011 19019
2 19012 19020
2 19013 19021
2 19014 19022
2 19015 19023
2 19016 19024
2 19017 19025
2 19018 19026
2 19019 19027
2 19020 19028
2 19021 19029
2 19021 19037
2 19022 19030
2 19022 19038
2 19023 19031
2 19023 19039
2 19024 19032
2 19024 19040
2 19033 19037
2 19034 19038
2 19035 19039
2 19036 19040
2 19037 19041
2 19038 19042
2 19039 19043
2 19040 19044
2 19057 19075
2 19058 19076
2 19059 19077
2 19060 19078
2 19061 19079
2 19062 19080
2 19063 19075
2 19063 19081
2 19063 19117
2 19064 19076
2 19064 19082
2 19064 19118
2 19065 19085
2 19065 19121
2 19066 19086
2 19066 19122
2 19067 19087
2 19067 19123
2 19068 19088
2 19068 19124
2 19069 19089
2 19069 19125
2 19070 19090
2 19070 19126
2 19071 19077
2 19071 19091
2 19071 19127
2 19072 19078
2 19072 19092
2 19072 19128
2 19073 19079
2 19073 19093
2 19073 19129
2 19074 19080
2 19074 19094
2 19074 19130
2 19075 19111
2 19076 19112
2 19077 19113
2 19078 19114
2 19079 19115
2 19080 19116
2 19081 19083
2 19081 19085
2 19082 19084
2 19082 19086
2 19085 19099
2 19086 19100
2 19087 19091
2 19087 19103
2 19088 19092
2 19088 19104
2 19089 19093
2 19089 19105
2 19090 19094
2 19090 19106
2 19091 19095
2 19092 19096
2 19093 19097
2 19094 19098
2 19099 19101
2 19100 19102
2 19103 19107
2 19104 19108
2 19105 19109
2 19106 19110
2 19117 19119
2 19117 19121
2 19118 19120
2 19118 19122
2 19121 19135
2 19122 19136
2 19123 19127
2 19123 19139
2 19124 19128
2 19124 19140
2 19125 19129
2 19125 19141
2 19126 19130
2 19126 19142
2 19127 19131
2 19128 19132
2 19129 19133
2 19130 19134
2 19135 19137
2 19136 19138
2 19139 19143
2 19140 19144
2 19141 19145
2 19142 19146
2 19153 19157
2 19153 19161
2 19154 19158
2 19154 19162
2 19155 19159
2 19155 19163
2 19156 19160
2 19156 19164
2 19161 19171
2 19162 19172
2 19163 19173
2 19164 19174
2 19165 19167
2 19165 19179
2 19166 19168
2 19166 19180
2 19167 19169
2 19168 19170
2 19171 19175
2 19172 19176
2 19173 19177
2 19174 19178
2 19179 19181
2 19180 19182
2 19187 19189
2 19187 19191
2 19188 19190
2 19188 19192
2 19191 19199
2 19192 19200
2 19193 19195
2 19193 19203
2 19194 19196
2 19194 19204
2 19195 19197
2 19196 19198
2 19199 19201
2 19199 19203
2 19200 19202
2 19200 19204
2 19203 19205
2 19204 19206
2 19210 19211
2 19210 19212
2 19212 19219
2 19213 19215
2 19213 19221
2 19214 19216
2 19214 19222
2 19215 19217
2 19216 19218
2 19219 19220
2 19221 19223
2 19222 19224
2 19227 19228
2 19227 19229
2 19229 19233
2 19230 19231
2 19230 19235
2 19231 19232
2 19233 19234
2 19233 19235
2 19235 19236
2 19240 19242
2 19240 19244
2 19241 19243
2 19241 19245
2 19244 19249
2 19245 19250
2 19246 19247
2 19246 19253
2 19247 19248
2 19249 19251
2 19250 19252
2 19253 19254
2 19255 19289
2 19256 19258
2 19256 19261
2 19256 19290
2 19256 19850
2 19257 19258
2 19257 19262
2 19257 19316
2 19257 19418
2 19258 19310
2 19258 19412
2 19259 19287
2 19259 19913
2 19260 19287
2 19260 20139
2 19261 19288
2 19262 19288
2 19263 19264
2 19263 19265
2 19263 19281
2 19265 19266
2 19265 19287
2 19266 19267
2 19266 19283
2 19268 19269
2 19268 19270
2 19268 19283
2 19270 19271
2 19270 19284
2 19272 19273
2 19272 19274
2 19272 19284
2 19274 19275
2 19274 19288
2 19275 19276
2 19275 19286
2 19277 19278
2 19277 19279
2 19277 19286
2 19279 19280
2 19279 19281
2 19281 19282
2 19282 19283
2 19282 19285
2 19284 19285
2 19285 19286
2 19289 19295
2 19290 19296
2 19291 19295
2 19291 19297
2 19291 19903
2 19292 19293
2 19292 19299
2 19292 19905
2 19293 19300
2 19293 19906
2 19294 19296
2 19294 19301
2 19294 19907
2 19295 19901
2 19296 19902
2 19297 19298
2 19297 19299
2 19299 19303
2 19300 19301
2 19300 19305
2 19301 19302
2 19303 19304
2 19303 19305
2 19305 19306
2 19309 19313
2 19309 19360
2 19309 19879
2 19310 19314
2 19310 19361
2 19310 19880
2 19311 19353
2 19311 19913
2 19312 19353
2 19312 20237
2 19313 19354
2 19314 19355
2 19315 19354
2 19316 19355
2 19317 19318
2 19317 19319
2 19317 19344
2 19319 19320
2 19319 19353
2 19320 19321
2 19320 19346
2 19322 19324
2 19322 19326
2 19323 19325
2 19323 19327
2 19326 19328
2 19326 19347
2 19327 19329
2 19327 19348
2 19330 19332
2 19330 19334
2 19330 19347
2 19331 19333
2 19331 19335
2 19331 19348
2 19334 19336
2 19334 19354
2 19335 19337
2 19335 19355
2 19336 19338
2 19336 19351
2 19337 19339
2 19337 19352
2 19340 19341
2 19340 19342
2 19342 19343
2 19342 19344
2 19344 19345
2 19345 19346
2 19347 19349
2 19348 19350
2 19349 19351
2 19350 19352
2 19356 19374
2 19357 19375
2 19358 19376
2 19359 19377
2 19360 19378
2 19361 19379
2 19362 19374
2 19362 19380
2 19362 19851
2 19363 19375
2 19363 19381
2 19363 19852
2 19364 19376
2 19364 19382
2 19364 19853
2 19365 19377
2 19365 19383
2 19365 19854
2 19366 19388
2 19366 19859
2 19367 19389
2 19367 19860
2 19368 19370
2 19368 19390
2 19368 19861
2 19369 19371
2 19369 19391
2 19369 19862
2 19370 19392
2 19370 19863
2 19371 19393
2 19371 19864
2 19372 19378
2 19372 19394
2 19372 19865
2 19373 19379
2 19373 19395
2 19373 19866
2 19374 19846
2 19375 19847
2 19376 19848
2 19377 19849
2 19379 19850
2 19380 19384
2 19380 19388
2 19381 19385
2 19381 19389
2 19382 19386
2 19382 19390
2 19383 19387
2 19383 19391
2 19390 19398
2 19391 19399
2 19392 19394
2 19392 19404
2 19393 19395
2 19393 19405
2 19394 19396
2 19395 19397
2 19398 19402
2 19398 19404
2 19399 19403
2 19399 19405
2 19404 19406
2 19405 19407
2 19408 19846
2 19409 19847
2 19410 19848
2 19411 19849
2 19412 19417
2 19412 19460
2 19412 19902
2 19413 19455
2 19414 19456
2 19414 19913
2 19415 19455
2 19415 19914
2 19416 19456
2 19416 19915
2 19417 19457
2 19418 19457
2 19419 19421
2 19419 19423
2 19419 19446
2 19420 19422
2 19420 19424
2 19420 19447
2 19423 19425
2 19423 19455
2 19424 19426
2 19424 19456
2 19425 19427
2 19425 19450
2 19426 19428
2 19426 19451
2 19429 19430
2 19429 19431
2 19431 19432
2 19431 19452
2 19433 19434
2 19433 19435
2 19433 19452
2 19435 19436
2 19435 19457
2 19436 19437
2 19436 19454
2 19438 19440
2 19438 19442
2 19439 19441
2 19439 19443
2 19442 19444
2 19442 19446
2 19443 19445
2 19443 19447
2 19446 19448
2 19447 19449
2 19448 19450
2 19449 19451
2 19452 19453
2 19453 19454
2 19458 19469
2 19459 19470
2 19460 19472
2 19461 19469
2 19461 19473
2 19461 19881
2 19462 19470
2 19462 19474
2 19462 19882
2 19463 19465
2 19463 19477
2 19463 19885
2 19464 19466
2 19464 19478
2 19464 19886
2 19465 19479
2 19465 19887
2 19466 19480
2 19466 19888
2 19467 19471
2 19467 19481
2 19467 19889
2 19468 19472
2 19468 19482
2 19468 19890
2 19469 19877
2 19470 19878
2 19471 19879
2 19472 19880
2 19473 19475
2 19473 19477
2 19474 19476
2 19474 19478
2 19477 19484
2 19478 19485
2 19479 19481
2 19479 19488
2 19480 19482
2 19480 19489
2 19482 19483
2 19484 19486
2 19484 19488
2 19485 19487
2 19485 19489
2 19489 19490
2 19491 19496
2 19491 20483
2 19491 20537
2 19491 20618
2 19492 19557
2 19492 19822
2 19492 20538
2 19493 19496
2 19493 19558
2 19493 19823
2 19493 20539
2 19494 19501
2 19495 19502
2 19496 19607
2 19496 19729
2 19497 19553
2 19498 19554
2 19499 19553
2 19500 19554
2 19501 19555
2 19502 19556
2 19503 19555
2 19504 19556
2 19505 19507
2 19505 19509
2 19505 19541
2 19506 19508
2 19506 19510
2 19506 19542
2 19509 19511
2 19509 19553
2 19510 19512
2 19510 19554
2 19511 19513
2 19511 19545
2 19512 19514
2 19512 19546
2 19515 19517
2 19515 19519
2 19515 19545
2 19516 19518
2 19516 19520
2 19516 19546
2 19519 19521
2 19519 19547
2 19520 19522
2 19520 19548
2 19523 19525
2 19523 19527
2 19523 19547
2 19524 19526
2 19524 19528
2 19524 19548
2 19527 19529
2 19527 19555
2 19528 19530
2 19528 19556
2 19529 19531
2 19529 19551
2 19530 19532
2 19530 19552
2 19533 19535
2 19533 19537
2 19533 19551
2 19534 19536
2 19534 19538
2 19534 19552
2 19537 19539
2 19537 19541
2 19538 19540
2 19538 19542
2 19541 19543
2 19542 19544
2 19543 19545
2 19543 19549
2 19544 19546
2 19544 19550
2 19547 19549
2 19548 19550
2 19549 19551
2 19550 19552
2 19557 19573
2 19558 19574
2 19559 19575
2 19560 19576
2 19561 19577
2 19562 19578
2 19563 19573
2 19563 19579
2 19563 19796
2 19564 19574
2 19564 19580
2 19564 19797
2 19565 19567
2 19565 19583
2 19565 19799
2 19566 19568
2 19566 19584
2 19566 19800
2 19567 19587
2 19567 19803
2 19568 19588
2 19568 19804
2 19569 19575
2 19569 19589
2 19569 19805
2 19570 19576
2 19570 19590
2 19570 19806
2 19571 19577
2 19571 19591
2 19571 19807
2 19572 19578
2 19572 19592
2 19572 19808
2 19574 19791
2 19575 19792
2 19576 19793
2 19577 19794
2 19578 19795
2 19579 19581
2 19579 19583
2 19580 19582
2 19580 19584
2 19583 19597
2 19584 19598
2 19585 19589
2 19586 19590
2 19587 19591
2 19587 19601
2 19588 19592
2 19588 19602
2 19589 19593
2 19590 19594
2 19591 19595
2 19592 19596
2 19597 19599
2 19597 19601
2 19598 19600
2 19598 19602
2 19601 19605
2 19602 19606
2 19607 19696
2 19607 19779
2 19607 20619
2 19608 19616
2 19608 19792
2 19609 19617
2 19609 19793
2 19610 19618
2 19610 19794
2 19611 19619
2 19611 19795
2 19612 19690
2 19613 19691
2 19614 19690
2 19615 19691
2 19616 19692
2 19617 19693
2 19618 19694
2 19619 19695
2 19620 19692
2 19621 19693
2 19622 19694
2 19623 19695
2 19624 19626
2 19624 19628
2 19624 19676
2 19625 19627
2 19625 19629
2 19625 19677
2 19628 19630
2 19628 19690
2 19629 19631
2 19629 19691
2 19630 19632
2 19630 19680
2 19631 19633
2 19631 19681
2 19634 19637
2 19634 19641
2 19634 19680
2 19635 19639
2 19635 19643
2 19635 19681
2 19640 19644
2 19640 19682
2 19641 19645
2 19641 19683
2 19642 19646
2 19642 19684
2 19643 19647
2 19643 19685
2 19648 19652
2 19648 19656
2 19648 19682
2 19649 19653
2 19649 19657
2 19649 19683
2 19650 19654
2 19650 19658
2 19650 19684
2 19651 19655
2 19651 19659
2 19651 19685
2 19656 19660
2 19656 19692
2 19657 19661
2 19657 19693
2 19658 19662
2 19658 19694
2 19659 19663
2 19659 19695
2 19660 19664
2 19661 19665
2 19661 19688
2 19662 19666
2 19663 19667
2 19663 19689
2 19668 19670
2 19668 19672
2 19668 19688
2 19669 19671
2 19669 19673
2 19669 19689
2 19672 19674
2 19672 19676
2 19673 19675
2 19673 19677
2 19676 19678
2 19677 19679
2 19678 19680
2 19678 19686
2 19679 19681
2 19679 19687
2 19683 19686
2 19685 19687
2 19686 19688
2 19687 19689
2 19696 19708
2 19697 19709
2 19698 19710
2 19699 19707
2 19699 19711
2 19699 19826
2 19700 19708
2 19700 19712
2 19700 19827
2 19701 19703
2 19701 19714
2 19701 19830
2 19702 19704
2 19702 19715
2 19702 19831
2 19703 19716
2 19703 19832
2 19704 19717
2 19704 19833
2 19705 19709
2 19705 19718
2 19705 19834
2 19706 19710
2 19706 19719
2 19706 19835
2 19707 19822
2 19708 19823
2 19709 19824
2 19710 19825
2 19711 19714
2 19712 19713
2 19712 19715
2 19714 19722
2 19715 19723
2 19716 19718
2 19716 19725
2 19717 19719
2 19717 19726
2 19718 19720
2 19719 19721
2 19722 19725
2 19723 19724
2 19723 19726
2 19725 19727
2 19726 19728
2 19729 19761
2 19729 19791
2 19729 20484
2 19730 19733
2 19730 19762
2 19731 19759
2 19732 19759
2 19733 19760
2 19734 19760
2 19735 19736
2 19735 19737
2 19735 19753
2 19737 19738
2 19737 19759
2 19738 19739
2 19738 19755
2 19740 19741
2 19740 19742
2 19740 19755
2 19742 19743
2 19742 19756
2 19744 19745
2 19744 19746
2 19744 19756
2 19746 19747
2 19746 19760
2 19747 19748
2 19747 19758
2 19749 19750
2 19749 19751
2 19749 19758
2 19751 19752
2 19751 19753
2 19753 19754
2 19754 19755
2 19754 19757
2 19756 19757
2 19757 19758
2 19761 19767
2 19762 19768
2 19763 19767
2 19763 19769
2 19763 19781
2 19764 19765
2 19764 19771
2 19764 19783
2 19765 19772
2 19765 19784
2 19766 19768
2 19766 19773
2 19766 19785
2 19767 19779
2 19768 19780
2 19769 19770
2 19769 19771
2 19771 19775
2 19772 19773
2 19772 19777
2 19773 19774
2 19775 19776
2 19775 19777
2 19777 19778
2 19781 19782
2 19781 19783
2 19783 19787
2 19784 19785
2 19784 19789
2 19785 19786
2 19787 19788
2 19787 19789
2 19789 19790
2 19796 19799
2 19797 19798
2 19797 19800
2 19799 19813
2 19800 19814
2 19801 19805
2 19802 19806
2 19803 19807
2 19803 19816
2 19804 19808
2 19804 19817
2 19805 19809
2 19806 19810
2 19807 19811
2 19808 19812
2 19813 19816
2 19814 19815
2 19814 19817
2 19816 19820
2 19817 19821
2 19826 19828
2 19826 19830
2 19827 19829
2 19827 19831
2 19830 19838
2 19831 19839
2 19832 19834
2 19832 19842
2 19833 19835
2 19833 19843
2 19834 19836
2 19835 19837
2 19838 19840
2 19838 19842
2 19839 19841
2 19839 19843
2 19842 19844
2 19843 19845
2 19851 19855
2 19851 19859
2 19852 19856
2 19852 19860
2 19853 19857
2 19853 19861
2 19854 19858
2 19854 19862
2 19861 19868
2 19862 19869
2 19863 19865
2 19863 19874
2 19864 19866
2 19864 19875
2 19866 19867
2 19868 19872
2 19868 19874
2 19869 19873
2 19869 19875
2 19875 19876
2 19881 19883
2 19881 19885
2 19882 19884
2 19882 19886
2 19885 19893
2 19886 19894
2 19887 19889
2 19887 19897
2 19888 19890
2 19888 19898
2 19889 19891
2 19890 19892
2 19893 19895
2 19893 19897
2 19894 19896
2 19894 19898
2 19897 19899
2 19898 19900
2 19903 19904
2 19903 19905
2 19905 19909
2 19906 19907
2 19906 19911
2 19907 19908
2 19909 19910
2 19909 19911
2 19911 19912
2 19913 19920
2 19914 20041
2 19914 20805
2 19915 19920
2 19915 20042
2 19915 20806
2 19916 19929
2 19917 19930
2 19918 19931
2 19919 19932
2 19920 20139
2 19920 20237
2 19921 20033
2 19922 20034
2 19923 20035
2 19924 20036
2 19925 20033
2 19926 20034
2 19927 20035
2 19928 20036
2 19929 20037
2 19930 20038
2 19931 20039
2 19932 20040
2 19933 20037
2 19934 20038
2 19935 20039
2 19936 20040
2 19937 19941
2 19937 19945
2 19937 20009
2 19938 19942
2 19938 19946
2 19938 20010
2 19939 19943
2 19939 19947
2 19939 20011
2 19940 19944
2 19940 19948
2 19940 20012
2 19945 19949
2 19945 20033
2 19946 19950
2 19946 20034
2 19947 19951
2 19947 20035
2 19948 19952
2 19948 20036
2 19949 19953
2 19949 20017
2 19950 19954
2 19950 20018
2 19951 19955
2 19951 20019
2 19952 19956
2 19952 20020
2 19957 19961
2 19957 19965
2 19957 20017
2 19958 19962
2 19958 19966
2 19958 20018
2 19959 19963
2 19959 19967
2 19959 20019
2 19960 19964
2 19960 19968
2 19960 20020
2 19965 19969
2 19965 20021
2 19966 19970
2 19966 20022
2 19967 19971
2 19967 20023
2 19968 19972
2 19968 20024
2 19973 19977
2 19973 19981
2 19973 20021
2 19974 19978
2 19974 19982
2 19974 20022
2 19975 19979
2 19975 19983
2 19975 20023
2 19976 19980
2 19976 19984
2 19976 20024
2 19981 19985
2 19981 20037
2 19982 19986
2 19982 20038
2 19983 19987
2 19983 20039
2 19984 19988
2 19984 20040
2 19985 19989
2 19985 20029
2 19986 19990
2 19986 20030
2 19987 19991
2 19987 20031
2 19988 19992
2 19988 20032
2 19993 19997
2 19993 20001
2 19993 20029
2 19994 19998
2 19994 20002
2 19994 20030
2 19995 19999
2 19995 20003
2 19995 20031
2 19996 20000
2 19996 20004
2 19996 20032
2 20001 20005
2 20001 20009
2 20002 20006
2 20002 20010
2 20003 20007
2 20003 20011
2 20004 20008
2 20004 20012
2 20009 20013
2 20010 20014
2 20011 20015
2 20012 20016
2 20013 20017
2 20013 20025
2 20014 20018
2 20014 20026
2 20015 20019
2 20015 20027
2 20016 20020
2 20016 20028
2 20021 20025
2 20022 20026
2 20023 20027
2 20024 20028
2 20025 20029
2 20026 20030
2 20027 20031
2 20028 20032
2 20041 20072
2 20042 20074
2 20043 20075
2 20044 20076
2 20045 20077
2 20046 20078
2 20047 20079
2 20048 20080
2 20049 20081
2 20050 20082
2 20051 20071
2 20051 20083
2 20051 20860
2 20052 20072
2 20052 20084
2 20052 20861
2 20053 20073
2 20053 20085
2 20053 20862
2 20054 20074
2 20054 20086
2 20054 20863
2 20055 20059
2 20055 20091
2 20055 20866
2 20056 20060
2 20056 20092
2 20056 20867
2 20057 20061
2 20057 20093
2 20057 20868
2 20058 20062
2 20058 20094
2 20058 20869
2 20059 20097
2 20059 20872
2 20060 20098
2 20060 20873
2 20061 20101
2 20061 20876
2 20062 20102
2 20062 20877
2 20063 20075
2 20063 20103
2 20063 20878
2 20064 20076
2 20064 20104
2 20064 20879
2 20065 20077
2 20065 20105
2 20065 20880
2 20066 20078
2 20066 20106
2 20066 20881
2 20067 20079
2 20067 20107
2 20067 20882
2 20068 20080
2 20068 20108
2 20068 20883
2 20069 20081
2 20069 20109
2 20069 20884
2 20070 20082
2 20070 20110
2 20070 20885
2 20074 20851
2 20075 20852
2 20076 20853
2 20077 20854
2 20078 20855
2 20079 20856
2 20080 20857
2 20081 20858
2 20082 20859
2 20083 20087
2 20083 20091
2 20084 20088
2 20084 20092
2 20085 20089
2 20085 20093
2 20086 20090
2 20086 20094
2 20091 20119
2 20092 20120
2 20093 20121
2 20094 20122
2 20095 20103
2 20096 20104
2 20097 20105
2 20097 20127
2 20098 20106
2 20098 20128
2 20099 20107
2 20100 20108
2 20101 20109
2 20101 20129
2 20102 20110
2 20102 20130
2 20103 20111
2 20104 20112
2 20105 20113
2 20106 20114
2 20107 20115
2 20108 20116
2 20109 20117
2 20110 20118
2 20119 20123
2 20119 20127
2 20120 20124
2 20120 20128
2 20121 20125
2 20121 20129
2 20122 20126
2 20122 20130
2 20127 20133
2 20128 20134
2 20129 20137
2 20130 20138
2 20139 20202
2 20139 20851
2 20140 20146
2 20140 20203
2 20141 20147
2 20141 20204
2 20142 20198
2 20143 20199
2 20144 20198
2 20145 20199
2 20146 20200
2 20147 20201
2 20148 20200
2 20149 20201
2 20150 20152
2 20150 20154
2 20150 20186
2 20151 20153
2 20151 20155
2 20151 20187
2 20154 20156
2 20154 20198
2 20155 20157
2 20155 20199
2 20156 20158
2 20156 20190
2 20157 20159
2 20157 20191
2 20160 20162
2 20160 20164
2 20160 20190
2 20161 20163
2 20161 20165
2 20161 20191
2 20164 20166
2 20164 20192
2 20165 20167
2 20165 20193
2 20168 20170
2 20168 20172
2 20168 20192
2 20169 20171
2 20169 20173
2 20169 20193
2 20172 20174
2 20172 20200
2 20173 20175
2 20173 20201
2 20174 20176
2 20174 20196
2 20175 20177
2 20175 20197
2 20178 20180
2 20178 20182
2 20178 20196
2 20179 20181
2 20179 20183
2 20179 20197
2 20182 20184
2 20182 20186
2 20183 20185
2 20183 20187
2 20186 20188
2 20187 20189
2 20188 20190
2 20188 20194
2 20189 20191
2 20189 20195
2 20192 20194
2 20193 20195
2 20194 20196
2 20195 20197
2 20202 20214
2 20203 20215
2 20204 20216
2 20205 20213
2 20205 20217
2 20205 20785
2 20206 20214
2 20206 20218
2 20206 20786
2 20207 20209
2 20207 20221
2 20207 20789
2 20208 20210
2 20208 20222
2 20208 20790
2 20209 20223
2 20209 20791
2 20210 20224
2 20210 20792
2 20211 20215
2 20211 20225
2 20211 20793
2 20212 20216
2 20212 20226
2 20212 20794
2 20214 20782
2 20215 20783
2 20216 20784
2 20217 20219
2 20217 20221
2 20218 20220
2 20218 20222
2 20221 20229
2 20222 20230
2 20223 20225
2 20223 20233
2 20224 20226
2 20224 20234
2 20225 20227
2 20226 20228
2 20229 20231
2 20229 20233
2 20230 20232
2 20230 20234
2 20233 20235
2 20234 20236
2 20237 20414
2 20237 20782
2 20238 20254
2 20238 20852
2 20239 20255
2 20239 20853
2 20240 20256
2 20240 20854
2 20241 20257
2 20241 20855
2 20242 20258
2 20242 20856
2 20243 20259
2 20243 20857
2 20244 20260
2 20244 20858
2 20245 20261
2 20245 20859
2 20246 20402
2 20247 20403
2 20248 20404
2 20249 20405
2 20250 20402
2 20251 20403
2 20252 20404
2 20253 20405
2 20254 20406
2 20255 20407
2 20256 20408
2 20257 20409
2 20258 20410
2 20259 20411
2 20260 20412
2 20261 20413
2 20262 20406
2 20263 20407
2 20264 20408
2 20265 20409
2 20266 20410
2 20267 20411
2 20268 20412
2 20269 20413
2 20270 20274
2 20270 20278
2 20270 20374
2 20271 20275
2 20271 20279
2 20271 20375
2 20272 20276
2 20272 20280
2 20272 20376
2 20273 20277
2 20273 20281
2 20273 20377
2 20278 20282
2 20278 20402
2 20279 20283
2 20279 20403
2 20280 20284
2 20280 20404
2 20281 20285
2 20281 20405
2 20282 20286
2 20282 20382
2 20283 20287
2 20283 20383
2 20284 20288
2 20284 20384
2 20285 20289
2 20285 20385
2 20290 20298
2 20290 20306
2 20290 20382
2 20291 20299
2 20291 20307
2 20291 20383
2 20292 20300
2 20292 20308
2 20292 20384
2 20293 20301
2 20293 20309
2 20293 20385
2 20302 20310
2 20302 20386
2 20303 20311
2 20303 20387
2 20304 20312
2 20304 20388
2 20305 20313
2 20305 20389
2 20306 20314
2 20306 20390
2 20307 20315
2 20307 20391
2 20308 20316
2 20308 20392
2 20309 20317
2 20309 20393
2 20318 20326
2 20318 20334
2 20318 20386
2 20319 20327
2 20319 20335
2 20319 20387
2 20320 20328
2 20320 20336
2 20320 20388
2 20321 20329
2 20321 20337
2 20321 20389
2 20322 20330
2 20322 20338
2 20322 20390
2 20323 20331
2 20323 20339
2 20323 20391
2 20324 20332
2 20324 20340
2 20324 20392
2 20325 20333
2 20325 20341
2 20325 20393
2 20334 20342
2 20334 20406
2 20335 20343
2 20335 20407
2 20336 20344
2 20336 20408
2 20337 20345
2 20337 20409
2 20338 20346
2 20338 20410
2 20339 20347
2 20339 20411
2 20340 20348
2 20340 20412
2 20341 20349
2 20341 20413
2 20342 20350
2 20343 20351
2 20344 20352
2 20345 20353
2 20346 20354
2 20346 20398
2 20347 20355
2 20347 20399
2 20348 20356
2 20348 20400
2 20349 20357
2 20349 20401
2 20358 20362
2 20358 20366
2 20358 20398
2 20359 20363
2 20359 20367
2 20359 20399
2 20360 20364
2 20360 20368
2 20360 20400
2 20361 20365
2 20361 20369
2 20361 20401
2 20366 20370
2 20366 20374
2 20367 20371
2 20367 20375
2 20368 20372
2 20368 20376
2 20369 20373
2 20369 20377
2 20374 20378
2 20375 20379
2 20376 20380
2 20377 20381
2 20378 20382
2 20378 20394
2 20379 20383
2 20379 20395
2 20380 20384
2 20380 20396
2 20381 20385
2 20381 20397
2 20390 20394
2 20391 20395
2 20392 20396
2 20393 20397
2 20394 20398
2 20395 20399
2 20396 20400
2 20397 20401
2 20414 20438
2 20415 20439
2 20416 20440
2 20417 20441
2 20418 20442
2 20419 20435
2 20419 20443
2 20419 20811
2 20420 20436
2 20420 20444
2 20420 20812
2 20421 20437
2 20421 20445
2 20421 20813
2 20422 20438
2 20422 20446
2 20422 20814
2 20423 20427
2 20423 20449
2 20423 20819
2 20424 20428
2 20424 20450
2 20424 20820
2 20425 20429
2 20425 20451
2 20425 20821
2 20426 20430
2 20426 20452
2 20426 20822
2 20427 20453
2 20427 20823
2 20428 20454
2 20428 20824
2 20429 20455
2 20429 20825
2 20430 20456
2 20430 20826
2 20431 20439
2 20431 20457
2 20431 20827
2 20432 20440
2 20432 20458
2 20432 20828
2 20433 20441
2 20433 20459
2 20433 20829
2 20434 20442
2 20434 20460
2 20434 20830
2 20436 20805
2 20438 20806
2 20439 20807
2 20440 20808
2 20441 20809
2 20442 20810
2 20443 20449
2 20444 20450
2 20445 20447
2 20445 20451
2 20446 20448
2 20446 20452
2 20449 20465
2 20450 20466
2 20451 20467
2 20452 20468
2 20453 20457
2 20453 20471
2 20454 20458
2 20454 20472
2 20455 20459
2 20455 20473
2 20456 20460
2 20456 20474
2 20457 20461
2 20458 20462
2 20459 20463
2 20460 20464
2 20465 20471
2 20466 20472
2 20467 20469
2 20467 20473
2 20468 20470
2 20468 20474
2 20471 20475
2 20472 20476
2 20473 20477
2 20474 20478
2 20479 20513
2 20480 20482
2 20480 20485
2 20480 20514
2 20480 20719
2 20481 20482
2 20481 20486
2 20481 20541
2 20481 20623
2 20482 20535
2 20482 20617
2 20483 20511
2 20484 20511
2 20485 20512
2 20486 20512
2 20487 20488
2 20487 20489
2 20487 20505
2 20489 20490
2 20489 20511
2 20490 20491
2 20490 20507
2 20492 20493
2 20492 20494
2 20492 20507
2 20494 20495
2 20494 20508
2 20496 20497
2 20496 20498
2 20496 20508
2 20498 20499
2 20498 20512
2 20499 20500
2 20499 20510
2 20501 20502
2 20501 20503
2 20501 20510
2 20503 20504
2 20503 20505
2 20505 20506
2 20506 20507
2 20506 20509
2 20508 20509
2 20509 20510
2 20513 20519
2 20514 20520
2 20515 20519
2 20515 20521
2 20515 20748
2 20516 20517
2 20516 20523
2 20516 20750
2 20517 20524
2 20517 20751
2 20518 20520
2 20518 20525
2 20518 20752
2 20519 20746
2 20520 20747
2 20521 20522
2 20521 20523
2 20523 20527
2 20524 20525
2 20524 20529
2 20525 20526
2 20527 20528
2 20527 20529
2 20529 20530
2 20531 20715
2 20532 20716
2 20533 20717
2 20534 20718
2 20535 20540
2 20535 20583
2 20535 20747
2 20536 20578
2 20537 20579
2 20538 20578
2 20539 20579
2 20540 20580
2 20541 20580
2 20542 20544
2 20542 20546
2 20542 20569
2 20543 20545
2 20543 20547
2 20543 20570
2 20546 20548
2 20546 20578
2 20547 20549
2 20547 20579
2 20548 20550
2 20548 20573
2 20549 20551
2 20549 20574
2 20552 20553
2 20552 20554
2 20554 20555
2 20554 20575
2 20556 20557
2 20556 20558
2 20556 20575
2 20558 20559
2 20558 20580
2 20559 20560
2 20559 20577
2 20561 20563
2 20561 20565
2 20562 20564
2 20562 20566
2 20565 20567
2 20565 20569
2 20566 20568
2 20566 20570
2 20569 20571
2 20570 20572
2 20571 20573
2 20572 20574
2 20575 20576
2 20576 20577
2 20581 20592
2 20582 20593
2 20583 20595
2 20584 20592
2 20584 20596
2 20584 20762
2 20585 20593
2 20585 20597
2 20585 20763
2 20586 20588
2 20586 20600
2 20586 20766
2 20587 20589
2 20587 20601
2 20587 20767
2 20588 20602
2 20588 20768
2 20589 20603
2 20589 20769
2 20590 20594
2 20590 20604
2 20590 20770
2 20591 20595
2 20591 20605
2 20591 20771
2 20592 20758
2 20593 20759
2 20594 20760
2 20595 20761
2 20596 20598
2 20596 20600
2 20597 20599
2 20597 20601
2 20600 20607
2 20601 20608
2 20602 20604
2 20602 20611
2 20603 20605
2 20603 20612
2 20605 20606
2 20607 20609
2 20607 20611
2 20608 20610
2 20608 20612
2 20612 20613
2 20616 20620
2 20616 20667
2 20616 20760
2 20617 20621
2 20617 20668
2 20617 20761
2 20618 20660
2 20619 20660
2 20620 20661
2 20621 20662
2 20622 20661
2 20623 20662
2 20624 20625
2 20624 20626
2 20624 20651
2 20626 20627
2 20626 20660
2 20627 20628
2 20627 20653
2 20629 20631
2 20629 20633
2 20630 20632
2 20630 20634
2 20633 20635
2 20633 20654
2 20634 20636
2 20634 20655
2 20637 20639
2 20637 20641
2 20637 20654
2 20638 20640
2 20638 20642
2 20638 20655
2 20641 20643
2 20641 20661
2 20642 20644
2 20642 20662
2 20643 20645
2 20643 20658
2 20644 20646
2 20644 20659
2 20647 20648
2 20647 20649
2 20649 20650
2 20649 20651
2 20651 20652
2 20652 20653
2 20654 20656
2 20655 20657
2 20656 20658
2 20657 20659
2 20663 20681
2 20664 20682
2 20665 20683
2 20666 20684
2 20667 20685
2 20668 20686
2 20669 20681
2 20669 20687
2 20669 20720
2 20670 20682
2 20670 20688
2 20670 20721
2 20671 20683
2 20671 20689
2 20671 20722
2 20672 20684
2 20672 20690
2 20672 20723
2 20673 20695
2 20673 20728
2 20674 20677
2 20674 20696
2 20674 20729
2 20675 20697
2 20675 20730
2 20676 20678
2 20676 20698
2 20676 20731
2 20677 20699
2 20677 20732
2 20678 20700
2 20678 20733
2 20679 20685
2 20679 20701
2 20679 20734
2 20680 20686
2 20680 20702
2 20680 20735
2 20681 20715
2 20682 20716
2 20683 20717
2 20684 20718
2 20686 20719
2 20687 20691
2 20687 20695
2 20688 20692
2 20688 20696
2 20689 20693
2 20689 20697
2 20690 20694
2 20690 20698
2 20696 20705
2 20698 20706
2 20699 20701
2 20699 20711
2 20700 20702
2 20700 20712
2 20701 20703
2 20702 20704
2 20705 20708
2 20705 20711
2 20706 20710
2 20706 20712
2 20711 20713
2 20712 20714
2 20720 20724
2 20720 20728
2 20721 20725
2 20721 20729
2 20722 20726
2 20722 20730
2 20723 20727
2 20723 20731
2 20729 20737
2 20731 20738
2 20732 20734
2 20732 20743
2 20733 20735
2 20733 20744
2 20735 20736
2 20737 20740
2 20737 20743
2 20738 20742
2 20738 20744
2 20744 20745
2 20748 20749
2 20748 20750
2 20750 20754
2 20751 20752
2 20751 20756
2 20752 20753
2 20754 20755
2 20754 20756
2 20756 20757
2 20762 20764
2 20762 20766
2 20763 20765
2 20763 20767
2 20766 20774
2 20767 20775
2 20768 20770
2 20768 20778
2 20769 20771
2 20769 20779
2 20770 20772
2 20771 20773
2 20774 20776
2 20774 20778
2 20775 20777
2 20775 20779
2 20778 20780
2 20779 20781
2 20785 20787
2 20785 20789
2 20786 20788
2 20786 20790
2 20789 20797
2 20790 20798
2 20791 20793
2 20791 20801
2 20792 20794
2 20792 20802
2 20793 20795
2 20794 20796
2 20797 20799
2 20797 20801
2 20798 20800
2 20798 20802
2 20801 20803
2 20802 20804
2 20811 20815
2 20811 20819
2 20812 20816
2 20812 20820
2 20813 20817
2 20813 20821
2 20814 20818
2 20814 20822
2 20819 20835
2 20820 20836
2 20821 20837
2 20822 20838
2 20823 20827
2 20823 20843
2 20824 20828
2 20824 20844
2 20825 20829
2 20825 20845
2 20826 20830
2 20826 20846
2 20827 20831
2 20828 20832
2 20829 20833
2 20830 20834
2 20835 20839
2 20835 20843
2 20836 20840
2 20836 20844
2 20837 20841
2 20837 20845
2 20838 20842
2 20838 20846
2 20843 20847
2 20844 20848
2 20845 20849
2 20846 20850
2 20860 20866
2 20861 20867
2 20862 20864
2 20862 20868
2 20863 20865
2 20863 20869
2 20866 20894
2 20867 20895
2 20868 20896
2 20869 20897
2 20870 20878
2 20871 20879
2 20872 20880
2 20872 20900
2 20873 20881
2 20873 20901
2 20874 20882
2 20875 20883
2 20876 20884
2 20876 20902
2 20877 20885
2 20877 20903
2 20878 20886
2 20879 20887
2 20880 20888
2 20881 20889
2 20882 20890
2 20883 20891
2 20884 20892
2 20885 20893
2 20894 20900
2 20895 20901
2 20896 20898
2 20896 20902
2 20897 20899
2 20897 20903
2 20900 20906
2 20901 20907
2 20902 20910
2 20903 20911
