# vtk DataFile Version 1.0
Cube
ASCII

DATASET POLYDATA
POINTS 7232 float
7.582117 7.582117 5.342533
6.462325 6.462325 6.462325
7.269857 7.269857 3.464065
6.462325 6.462325 2.891761
6.462325 6.462325 1.408011
6.552281 7.570484 0.687074
18.267183 18.267183 5.342533
19.386975 19.386975 6.462325
18.579443 18.579443 3.464065
19.386975 19.386975 2.891761
19.386975 19.386975 1.408011
19.297019 18.278816 0.687074
18.267183 7.582117 20.506767
19.386975 6.462325 19.386975
18.579443 7.269857 22.385235
19.386975 6.462325 22.957539
19.386975 6.462325 24.441289
19.297019 7.570484 25.162226
7.582117 18.267183 20.506767
6.462325 19.386975 19.386975
7.269857 18.579443 22.385235
6.462325 19.386975 22.957539
6.462325 19.386975 24.441289
6.552281 18.278816 25.162226
5.342533 7.582117 7.582117
3.464065 7.269857 7.269857
2.891761 6.462325 6.462325
1.408011 6.462325 6.462325
0.687074 6.552281 7.570484
5.342533 18.267183 18.267183
3.464065 18.579443 18.579443
2.891761 19.386975 19.386975
1.408011 19.386975 19.386975
0.687074 19.297019 18.278816
20.506767 18.267183 7.582117
22.385235 18.579443 7.269857
22.957539 19.386975 6.462325
24.441289 19.386975 6.462325
25.162226 19.297019 7.570484
20.506767 7.582117 18.267183
22.385235 7.269857 18.579443
22.957539 6.462325 19.386975
24.441289 6.462325 19.386975
25.162226 6.552281 18.278816
7.582117 5.342533 7.582117
7.269857 3.464065 7.269857
6.462325 2.891761 6.462325
6.462325 1.408011 6.462325
7.570484 0.687074 6.552281
18.267183 5.342533 18.267183
18.579443 3.464065 18.579443
19.386975 2.891761 19.386975
19.386975 1.408011 19.386975
18.278816 0.687074 19.297019
7.582117 20.506767 18.267183
7.269857 22.385235 18.579443
6.462325 22.957539 19.386975
6.462325 24.441289 19.386975
7.570484 25.162226 19.297019
18.267183 20.506767 7.582117
18.579443 22.385235 7.269857
19.386975 22.957539 6.462325
19.386975 24.441289 6.462325
18.278816 25.162226 6.552281
7.582117 7.582117 20.506767
6.462325 6.462325 19.386975
7.269857 7.269857 22.385235
6.462325 6.462325 22.957539
6.462325 6.462325 24.441289
10.332224 6.441129 24.803179
11.023434 7.485699 23.948084
18.267183 18.267183 20.506767
19.386975 19.386975 19.386975
18.579443 18.579443 22.385235
19.386975 19.386975 22.957539
19.386975 19.386975 24.441289
15.517076 19.408171 24.803179
14.825866 18.363601 23.948084
7.582117 18.267183 5.342533
6.462325 19.386975 6.462325
7.269857 18.579443 3.464065
6.462325 19.386975 2.891761
6.462325 19.386975 1.408011
10.332224 19.408171 1.046121
11.023434 18.363601 1.901216
18.267183 7.582117 5.342533
19.386975 6.462325 6.462325
18.579443 7.269857 3.464065
19.386975 6.462325 2.891761
19.386975 6.462325 1.408011
15.517076 6.441129 1.046121
14.825866 7.485699 1.901216
7.582117 5.342533 18.267183
7.269857 3.464065 18.579443
6.462325 2.891761 19.386975
6.462325 1.408011 19.386975
6.441129 1.046121 15.517076
7.485699 1.901216 14.825866
18.267183 5.342533 7.582117
18.579443 3.464065 7.269857
19.386975 2.891761 6.462325
19.386975 1.408011 6.462325
19.408171 1.046121 10.332224
18.363601 1.901216 11.023434
18.267183 20.506767 18.267183
18.579443 22.385235 18.579443
19.386975 22.957539 19.386975
19.386975 24.441289 19.386975
19.408171 24.803179 15.517076
18.363601 23.948084 14.825866
7.582117 20.506767 7.582117
7.269857 22.385235 7.269857
6.462325 22.957539 6.462325
6.462325 24.441289 6.462325
6.441129 24.803179 10.332224
7.485699 23.948084 11.023434
5.342533 7.582117 18.267183
3.464065 7.269857 18.579443
2.891761 6.462325 19.386975
1.408011 6.462325 19.386975
1.046121 10.332224 19.408171
1.901216 11.023434 18.363601
5.342533 18.267183 7.582117
3.464065 18.579443 7.269857
2.891761 19.386975 6.462325
1.408011 19.386975 6.462325
1.046121 15.517076 6.441129
1.901216 14.825866 7.485699
20.506767 7.582117 7.582117
22.385235 7.269857 7.269857
22.957539 6.462325 6.462325
24.441289 6.462325 6.462325
24.538224 8.818489 6.706859
24.803179 10.332224 6.441129
23.948084 11.023434 7.485699
20.506767 18.267183 18.267183
22.385235 18.579443 18.579443
22.957539 19.386975 19.386975
24.441289 19.386975 19.386975
24.803179 15.517076 19.408171
23.948084 14.825866 18.363601
19.297019 18.278816 25.162226
19.142441 17.030811 24.538224
19.408171 15.517076 24.803179
18.363601 14.825866 23.948084
6.552281 7.570484 25.162226
6.706859 8.818489 24.538224
6.441129 10.332224 24.803179
7.485699 11.023434 23.948084
6.552281 18.278816 0.687074
6.706859 17.030811 1.311076
6.441129 15.517076 1.046121
7.485699 14.825866 1.901216
19.297019 7.570484 0.687074
19.142441 8.818489 1.311076
19.408171 10.332224 1.046121
18.363601 11.023434 1.901216
25.162226 19.297019 18.278816
24.538224 19.142441 17.030811
24.803179 19.408171 15.517076
23.948084 18.363601 14.825866
25.162226 6.552281 7.570484
24.538224 6.706859 8.818489
24.803179 6.441129 10.332224
23.948084 7.485699 11.023434
0.687074 6.552281 18.278816
1.311076 6.706859 17.030811
1.046121 6.441129 15.517076
1.901216 7.485699 14.825866
0.687074 19.297019 7.570484
1.311076 19.142441 8.818489
1.046121 19.408171 10.332224
1.901216 18.363601 11.023434
18.278816 25.162226 19.297019
17.030811 24.538224 19.142441
15.517076 24.803179 19.408171
14.825866 23.948084 18.363601
7.570484 25.162226 6.552281
8.818489 24.538224 6.706859
10.332224 24.803179 6.441129
11.023434 23.948084 7.485699
18.278816 0.687074 6.552281
17.030811 1.311076 6.706859
15.517076 1.046121 6.441129
14.825866 1.901216 7.485699
7.570484 0.687074 19.297019
8.818489 1.311076 19.142441
10.332224 1.046121 19.408171
11.023434 1.901216 18.363601
7.269857 20.194507 16.388715
6.462325 19.386975 15.816411
6.462325 19.386975 14.332661
6.552281 20.495134 13.611724
18.579443 5.654793 16.388715
19.386975 6.462325 15.816411
19.386975 6.462325 14.332661
19.297019 5.354166 13.611724
18.579443 20.194507 9.460585
19.386975 19.386975 10.032889
19.386975 19.386975 11.516639
19.297019 20.495134 12.237576
7.269857 5.654793 9.460585
6.462325 6.462325 10.032889
6.462325 6.462325 11.516639
6.552281 5.354166 12.237576
5.342533 20.506767 20.506767
3.464065 20.194507 20.194507
0.687074 19.476931 20.495134
1.311076 19.631509 21.743139
1.046121 19.365779 23.256874
1.901216 20.410349 23.948084
5.342533 5.342533 5.342533
3.464065 5.654793 5.654793
0.687074 6.372369 5.354166
1.311076 6.217791 4.106161
1.046121 6.483521 2.592426
1.901216 5.438951 1.901216
20.506767 5.342533 20.506767
22.385235 5.654793 20.194507
25.162226 6.372369 20.495134
24.538224 6.217791 21.743139
24.803179 6.483521 23.256874
23.948084 5.438951 23.948084
20.506767 20.506767 5.342533
22.385235 20.194507 5.654793
25.162226 19.476931 5.354166
24.538224 19.631509 4.106161
24.803179 19.365779 2.592426
23.948084 20.410349 1.901216
7.269857 16.388715 20.194507
6.462325 15.816411 19.386975
6.462325 14.332661 19.386975
7.570484 13.611724 19.476931
8.818489 14.235726 19.631509
10.332224 13.970771 19.365779
11.023434 14.825866 20.410349
18.579443 16.388715 5.654793
19.386975 15.816411 6.462325
19.386975 14.332661 6.462325
18.278816 13.611724 6.372369
17.030811 14.235726 6.217791
15.517076 13.970771 6.483521
14.825866 14.825866 5.438951
7.269857 9.460585 5.654793
6.462325 10.032889 6.462325
6.462325 11.516639 6.462325
7.570484 12.237576 6.372369
8.818489 11.613574 6.217791
10.332224 11.878529 6.483521
11.023434 11.023434 5.438951
18.579443 9.460585 20.194507
19.386975 10.032889 19.386975
19.386975 11.516639 19.386975
18.278816 12.237576 19.476931
17.030811 11.613574 19.631509
15.517076 11.878529 19.365779
14.825866 11.023434 20.410349
7.269857 20.194507 9.460585
6.462325 19.386975 10.032889
6.462325 19.386975 11.516639
18.579443 5.654793 9.460585
19.386975 6.462325 10.032889
19.386975 6.462325 11.516639
7.269857 5.654793 16.388715
6.462325 6.462325 15.816411
6.462325 6.462325 14.332661
18.579443 20.194507 16.388715
19.386975 19.386975 15.816411
19.386975 19.386975 14.332661
7.269857 16.388715 5.654793
6.462325 15.816411 6.462325
6.462325 14.332661 6.462325
6.441129 13.970771 2.592426
18.579443 16.388715 20.194507
19.386975 15.816411 19.386975
19.386975 14.332661 19.386975
19.408171 13.970771 23.256874
18.579443 9.460585 5.654793
19.386975 10.032889 6.462325
19.386975 11.516639 6.462325
19.408171 11.878529 2.592426
7.269857 9.460585 20.194507
6.462325 10.032889 19.386975
6.462325 11.516639 19.386975
6.441129 11.878529 23.256874
5.342533 20.506767 5.342533
3.464065 20.194507 5.654793
5.342533 5.342533 20.506767
3.464065 5.654793 20.194507
20.506767 20.506767 20.506767
22.385235 20.194507 20.194507
20.506767 5.342533 5.342533
22.385235 5.654793 5.654793
19.297019 5.354166 12.237576
19.142441 4.106161 11.613574
19.408171 2.592426 11.878529
6.552281 20.495134 12.237576
6.706859 21.743139 11.613574
6.441129 23.256874 11.878529
6.552281 5.354166 13.611724
6.706859 4.106161 14.235726
6.441129 2.592426 13.970771
19.297019 20.495134 13.611724
19.142441 21.743139 14.235726
19.408171 23.256874 13.970771
25.162226 6.372369 5.354166
25.162226 19.476931 20.495134
0.687074 19.476931 5.354166
0.687074 6.372369 20.495134
18.278816 12.237576 6.372369
7.570484 12.237576 19.476931
18.278816 13.611724 19.476931
7.570484 13.611724 6.372369
15.517076 6.483521 13.970771
14.825866 5.438951 14.825866
10.332224 19.365779 13.970771
11.023434 20.410349 14.825866
15.517076 19.365779 11.878529
14.825866 20.410349 11.023434
10.332224 6.483521 11.878529
11.023434 5.438951 11.023434
24.803179 2.592426 19.365779
23.948084 1.901216 20.410349
24.803179 23.256874 6.483521
23.948084 23.948084 5.438951
1.046121 2.592426 6.483521
1.901216 1.901216 5.438951
1.046121 23.256874 19.365779
1.901216 23.948084 20.410349
20.194507 7.269857 16.388715
19.476931 7.570484 13.611724
19.631509 8.818489 14.235726
19.365779 10.332224 13.970771
20.410349 11.023434 14.825866
5.654793 18.579443 16.388715
6.372369 18.278816 13.611724
6.217791 17.030811 14.235726
6.483521 15.517076 13.970771
5.438951 14.825866 14.825866
5.654793 7.269857 9.460585
6.372369 7.570484 12.237576
6.217791 8.818489 11.613574
6.483521 10.332224 11.878529
5.438951 11.023434 11.023434
20.194507 18.579443 9.460585
19.476931 18.278816 12.237576
19.631509 17.030811 11.613574
19.365779 15.517076 11.878529
20.410349 14.825866 11.023434
16.388715 7.269857 20.194507
15.816411 6.462325 19.386975
14.332661 6.462325 19.386975
13.611724 6.552281 20.495134
16.388715 18.579443 5.654793
15.816411 19.386975 6.462325
14.332661 19.386975 6.462325
13.611724 19.297019 5.354166
9.460585 18.579443 20.194507
10.032889 19.386975 19.386975
11.516639 19.386975 19.386975
12.237576 19.297019 20.495134
9.460585 7.269857 5.654793
10.032889 6.462325 6.462325
11.516639 6.462325 6.462325
12.237576 6.552281 5.354166
20.194507 3.464065 20.194507
20.495134 0.687074 19.476931
21.743139 1.311076 19.631509
23.256874 1.046121 19.365779
5.654793 3.464065 5.654793
5.354166 0.687074 6.372369
4.106161 1.311076 6.217791
2.592426 1.046121 6.483521
20.194507 22.385235 5.654793
20.495134 25.162226 6.372369
21.743139 24.538224 6.217791
23.256874 24.803179 6.483521
5.654793 22.385235 20.194507
5.354166 25.162226 19.476931
4.106161 24.538224 19.631509
2.592426 24.803179 19.365779
20.194507 7.269857 9.460585
23.256874 6.441129 11.878529
5.654793 18.579443 9.460585
2.592426 19.408171 11.878529
20.194507 18.579443 16.388715
23.256874 19.408171 13.970771
5.654793 7.269857 16.388715
2.592426 6.441129 13.970771
20.194507 3.464065 5.654793
5.654793 3.464065 20.194507
5.654793 22.385235 5.654793
20.194507 22.385235 20.194507
16.388715 7.269857 5.654793
15.816411 6.462325 6.462325
14.332661 6.462325 6.462325
16.388715 18.579443 20.194507
15.816411 19.386975 19.386975
14.332661 19.386975 19.386975
9.460585 7.269857 20.194507
10.032889 6.462325 19.386975
11.516639 6.462325 19.386975
9.460585 18.579443 5.654793
10.032889 19.386975 6.462325
11.516639 19.386975 6.462325
6.372369 18.278816 12.237576
19.476931 7.570484 12.237576
19.476931 18.278816 13.611724
6.372369 7.570484 13.611724
12.237576 19.297019 5.354166
11.613574 19.142441 4.106161
11.878529 19.408171 2.592426
12.237576 6.552281 20.495134
11.613574 6.706859 21.743139
11.878529 6.441129 23.256874
13.611724 6.552281 5.354166
14.235726 6.706859 4.106161
13.970771 6.441129 2.592426
13.611724 19.297019 20.495134
14.235726 19.142441 21.743139
13.970771 19.408171 23.256874
5.354166 25.162226 6.372369
20.495134 25.162226 19.476931
5.354166 0.687074 19.476931
20.495134 0.687074 6.372369
6.483521 24.803179 23.256874
5.438951 23.948084 23.948084
19.365779 24.803179 2.592426
20.410349 23.948084 1.901216
19.365779 1.046121 23.256874
20.410349 1.901216 23.948084
6.483521 1.046121 2.592426
5.438951 1.901216 1.901216
11.878529 15.517076 19.365779
11.878529 10.332224 6.483521
13.970771 15.517076 6.483521
13.970771 10.332224 19.365779
20.194507 20.194507 3.464065
19.476931 20.495134 0.687074
19.631509 21.743139 1.311076
19.365779 23.256874 1.046121
5.654793 5.654793 3.464065
6.372369 5.354166 0.687074
6.217791 4.106161 1.311076
6.483521 2.592426 1.046121
5.654793 20.194507 22.385235
6.372369 20.495134 25.162226
6.217791 21.743139 24.538224
6.483521 23.256874 24.803179
20.194507 5.654793 22.385235
19.476931 5.354166 25.162226
19.631509 4.106161 24.538224
19.365779 2.592426 24.803179
16.388715 20.194507 7.269857
13.611724 19.476931 7.570484
14.235726 19.631509 8.818489
13.970771 19.365779 10.332224
16.388715 5.654793 18.579443
13.611724 6.372369 18.278816
14.235726 6.217791 17.030811
13.970771 6.483521 15.517076
9.460585 5.654793 7.269857
12.237576 6.372369 7.570484
11.613574 6.217791 8.818489
11.878529 6.483521 10.332224
9.460585 20.194507 18.579443
12.237576 19.476931 18.278816
11.613574 19.631509 17.030811
11.878529 19.365779 15.517076
20.194507 16.388715 7.269857
20.495134 13.611724 6.552281
5.654793 16.388715 18.579443
5.354166 13.611724 19.297019
20.194507 9.460585 18.579443
20.495134 12.237576 19.297019
5.654793 9.460585 7.269857
5.354166 12.237576 6.552281
20.194507 20.194507 22.385235
5.654793 5.654793 22.385235
20.194507 5.654793 3.464065
5.654793 20.194507 3.464065
20.194507 16.388715 18.579443
5.654793 16.388715 7.269857
5.654793 9.460585 18.579443
20.194507 9.460585 7.269857
16.388715 20.194507 18.579443
13.970771 23.256874 19.408171
16.388715 5.654793 7.269857
13.970771 2.592426 6.441129
9.460585 20.194507 7.269857
11.878529 23.256874 6.441129
9.460585 5.654793 18.579443
11.878529 2.592426 19.408171
6.372369 5.354166 25.162226
19.476931 20.495134 25.162226
19.476931 5.354166 0.687074
6.372369 20.495134 0.687074
12.237576 6.372369 18.278816
12.237576 19.476931 7.570484
13.611724 19.476931 18.278816
13.611724 6.372369 7.570484
5.354166 12.237576 19.297019
4.106161 11.613574 19.142441
2.592426 11.878529 19.408171
20.495134 12.237576 6.552281
21.743139 11.613574 6.706859
23.256874 11.878529 6.441129
5.354166 13.611724 6.552281
4.106161 14.235726 6.706859
2.592426 13.970771 6.441129
20.495134 13.611724 19.297019
21.743139 14.235726 19.142441
23.256874 13.970771 19.408171
2.592426 6.483521 1.046121
23.256874 19.365779 1.046121
2.592426 19.365779 24.803179
23.256874 6.483521 24.803179
6.483521 11.878529 10.332224
19.365779 11.878529 15.517076
19.365779 13.970771 10.332224
6.483521 13.970771 15.517076
14.043666 19.228519 4.510703
11.805634 19.545431 8.413947
14.043666 6.303869 8.413947
11.805634 6.620781 4.510703
14.043666 19.545431 17.435353
11.805634 19.228519 21.338597
11.805634 6.303869 17.435353
14.043666 6.620781 21.338597
10.466382 6.644046 25.721346
9.401649 6.440612 24.611636
10.695406 5.584483 24.611636
10.377977 7.939354 23.418690
11.544039 8.085920 24.468689
12.789200 6.569858 23.494170
11.593153 5.567164 23.495721
15.382918 19.205254 25.721346
16.447651 19.408688 24.611636
15.153894 20.264817 24.611636
15.471323 17.909946 23.418690
14.305261 17.763380 24.468689
13.060100 19.279442 23.494170
14.256147 20.282136 23.495721
14.249427 7.350507 15.246434
13.052863 6.350139 15.312091
14.381000 4.814432 14.264936
15.426862 5.014506 15.426862
15.940229 7.122775 14.532218
16.168996 6.062953 13.422508
14.875238 6.919082 13.422508
11.599873 18.498793 15.246434
12.796437 19.499161 15.312091
11.468300 21.034868 14.264936
10.422438 20.834794 15.426862
9.909071 18.726525 14.532218
9.680304 19.786347 13.422508
10.974062 18.930218 13.422508
10.466382 6.280604 12.796696
10.695406 7.340167 11.686986
9.401649 6.484038 11.686986
11.468300 4.814432 11.584364
10.422438 5.014506 10.422438
11.599873 7.350507 10.602866
12.796437 6.350139 10.537209
14.249427 18.498793 10.602866
13.052863 19.499161 10.537209
14.381000 21.034868 11.584364
15.426862 20.834794 10.422438
15.382918 19.568696 12.796696
15.153894 18.509133 11.686986
16.447651 19.365262 11.686986
23.391032 6.644046 12.796696
22.326299 6.440612 11.686986
23.620056 5.584483 11.686986
24.509014 8.110218 11.468300
23.347088 7.910144 10.422438
24.539516 5.554498 10.548841
25.721087 6.574511 10.537209
22.833721 20.047425 14.532218
23.898712 19.843732 13.422508
22.604954 18.987603 13.422508
24.509014 17.739082 14.381000
23.347088 17.939156 15.426862
24.539516 20.294802 15.300459
25.721087 19.274789 15.312091
22.833721 18.726525 1.607568
22.604954 19.786347 0.497858
23.898712 18.930218 0.497858
23.418690 20.864004 2.546673
24.468689 21.010570 1.380611
25.728842 19.474863 2.409155
24.517803 18.491814 2.353579
24.730284 19.228519 8.413947
24.730284 6.303869 4.510703
24.730284 6.620781 17.435353
24.730284 19.545431 21.338597
25.728842 6.374437 23.440145
24.517803 7.357486 23.495721
23.418690 4.985296 23.302627
24.468689 4.838730 24.468689
23.391032 6.280604 25.721346
23.620056 7.340167 24.611636
22.326299 6.484038 24.611636
2.458268 19.568696 25.721346
2.229244 18.509133 24.611636
3.523001 19.365262 24.611636
2.430610 20.864004 23.302627
1.380611 21.010570 24.468689
0.120458 19.474863 23.440145
1.331497 18.491814 23.495721
1.119016 6.303869 21.338597
1.119016 19.228519 17.435353
1.309784 5.554498 15.300459
0.128213 6.574511 15.312091
1.340286 8.110218 14.381000
2.502212 7.910144 15.426862
3.015579 5.801875 14.532218
1.950588 6.005568 13.422508
3.244346 6.861697 13.422508
2.458268 19.205254 12.796696
3.523001 19.408688 11.686986
2.229244 20.264817 11.686986
1.340286 17.739082 11.468300
2.502212 17.939156 10.422438
1.309784 20.294802 10.548841
0.128213 19.274789 10.537209
1.119016 19.545431 4.510703
1.119016 6.620781 8.413947
0.120458 6.374437 2.409155
1.331497 7.357486 2.353579
2.430610 4.985296 2.546673
1.380611 4.838730 1.380611
3.015579 7.122775 1.607568
3.244346 6.062953 0.497858
1.950588 6.919082 0.497858
12.789200 19.279442 2.355130
11.593153 20.282136 2.353579
10.377977 17.909946 2.430610
11.544039 17.763380 1.380611
9.909071 20.047425 1.607568
10.974062 19.843732 0.497858
9.680304 18.987603 0.497858
15.940229 5.801875 1.607568
14.875238 6.005568 0.497858
16.168996 6.861697 0.497858
15.471323 7.939354 2.430610
14.305261 8.085920 1.380611
13.060100 6.569858 2.355130
14.256147 5.567164 2.353579
7.122775 1.607568 3.015579
6.062953 0.497858 3.244346
6.919082 0.497858 1.950588
4.814432 1.340286 1.456350
5.014506 2.502212 2.502212
7.350507 2.321784 1.324777
6.350139 2.387441 0.128213
20.294802 10.548841 1.309784
19.274789 10.537209 0.128213
17.739082 11.468300 1.340286
17.939156 10.422438 2.502212
19.205254 12.796696 2.458268
19.408688 11.686986 3.523001
20.264817 11.686986 2.229244
5.801875 14.532218 3.015579
6.005568 13.422508 1.950588
6.861697 13.422508 3.244346
8.110218 14.381000 1.340286
7.910144 15.426862 2.502212
5.554498 15.300459 1.309784
6.574511 15.312091 0.128213
6.303869 21.338597 1.119016
6.620781 8.413947 1.119016
19.545431 4.510703 1.119016
19.228519 17.435353 1.119016
18.498793 23.527516 1.324777
19.499161 23.461859 0.128213
21.034868 24.509014 1.456350
20.834794 23.347088 2.502212
19.568696 25.721346 2.458268
18.509133 24.611636 2.229244
19.365262 24.611636 3.523001
6.644046 25.721346 10.466382
6.440612 24.611636 9.401649
5.584483 24.611636 10.695406
7.939354 23.418690 10.377977
8.085920 24.468689 11.544039
6.569858 23.494170 12.789200
5.567164 23.495721 11.593153
6.620781 21.338597 14.043666
19.545431 17.435353 14.043666
6.303869 17.435353 11.805634
19.279442 23.494170 13.060100
20.282136 23.495721 14.256147
17.909946 23.418690 15.471323
17.763380 24.468689 14.305261
19.205254 25.721346 15.382918
19.408688 24.611636 16.447651
20.264817 24.611636 15.153894
6.280604 25.721346 23.391032
7.340167 24.611636 23.620056
6.484038 24.611636 22.326299
4.814432 24.509014 24.392950
5.014506 23.347088 23.347088
7.350507 23.527516 24.524523
6.350139 23.461859 25.721087
19.545431 21.338597 24.730284
20.294802 15.300459 24.539516
19.274789 15.312091 25.721087
17.739082 14.381000 24.509014
17.939156 15.426862 23.347088
20.047425 14.532218 22.833721
19.843732 13.422508 23.898712
18.987603 13.422508 22.604954
6.644046 12.796696 23.391032
6.440612 11.686986 22.326299
5.584483 11.686986 23.620056
8.110218 11.468300 24.509014
7.910144 10.422438 23.347088
5.554498 10.548841 24.539516
6.574511 10.537209 25.721087
19.228519 8.413947 24.730284
6.303869 4.510703 24.730284
4.510703 14.043666 19.228519
8.390424 11.762465 19.543622
6.374437 15.333805 13.045108
7.357486 15.278229 14.256147
4.985296 15.471323 15.355260
4.838730 14.305261 14.305261
7.122775 14.532218 15.940229
6.062953 13.422508 16.168996
6.919082 13.422508 14.875238
19.474863 15.333805 12.804192
18.491814 15.278229 11.593153
20.864004 15.471323 10.494040
21.010570 14.305261 11.544039
18.726525 14.532218 9.909071
19.786347 13.422508 9.680304
18.930218 13.422508 10.974062
6.280604 12.796696 10.466382
7.340167 11.686986 10.695406
6.484038 11.686986 9.401649
4.985296 10.377977 10.494040
4.838730 11.544039 11.544039
6.374437 10.515495 12.804192
7.357486 10.571071 11.593153
19.474863 10.515495 13.045108
18.491814 10.571071 14.256147
20.864004 10.377977 15.355260
21.010570 11.544039 14.305261
19.568696 12.796696 15.382918
18.509133 11.686986 15.153894
19.365262 11.686986 16.447651
6.569858 2.355130 13.060100
5.567164 2.353579 14.256147
7.939354 2.430610 15.471323
8.085920 1.380611 14.305261
5.801875 1.607568 15.940229
6.005568 0.497858 14.875238
6.861697 0.497858 16.168996
19.279442 2.355130 12.789200
20.282136 2.353579 11.593153
17.909946 2.430610 10.377977
17.763380 1.380611 11.544039
20.047425 1.607568 9.909071
19.843732 0.497858 10.974062
18.987603 0.497858 9.680304
6.620781 17.435353 24.730284
11.798396 3.534116 19.310203
11.585915 2.338328 20.275415
12.786356 2.338328 19.292884
11.468300 1.340286 17.739082
10.422438 2.502212 17.939156
10.548841 1.309784 20.294802
10.537209 0.128213 19.274789
2.321784 1.324777 7.350507
2.387441 0.128213 6.350139
1.340286 1.456350 4.814432
2.502212 2.502212 5.014506
1.126254 3.534116 6.385553
0.138294 2.338328 6.368234
1.338735 2.338328 7.350765
0.609010 10.984919 19.942218
0.396787 9.789130 18.977005
1.597228 9.789130 19.959537
2.430610 10.377977 17.909946
1.380611 11.544039 17.763380
2.355130 12.789200 19.279442
2.353579 11.593153 20.282136
2.355130 13.060100 6.569858
2.353579 14.256147 5.567164
2.430610 15.471323 7.939354
1.380611 14.305261 8.085920
1.126254 16.458766 6.539097
1.338735 15.262978 5.573885
0.138294 15.262978 6.556416
0.609010 23.909569 18.831732
1.597228 22.713780 18.814413
0.396787 22.713780 19.796945
1.340286 24.392950 21.034868
2.502212 23.347088 20.834794
2.321784 24.524523 18.498793
2.387441 25.721087 19.499161
10.548841 24.539516 5.554498
10.537209 25.721087 6.574511
11.468300 24.509014 8.110218
10.422438 23.347088 7.910144
12.315640 23.909569 5.907082
12.527863 22.713780 6.872295
11.327422 22.713780 5.889763
13.533660 23.909569 19.942218
13.321437 22.713780 18.977005
14.521878 22.713780 19.959537
14.381000 24.509014 17.739082
15.426862 23.347088 17.939156
15.300459 24.539516 20.294802
15.312091 25.721087 19.274789
23.527516 24.524523 7.350507
23.461859 25.721087 6.350139
24.509014 24.392950 4.814432
23.347088 23.347088 5.014506
25.240290 23.909569 7.017568
24.252072 22.713780 7.034887
25.452513 22.713780 6.052355
24.723046 16.458766 19.310203
24.510565 15.262978 20.275415
25.711006 15.262978 19.292884
23.418690 15.471323 17.909946
24.468689 14.305261 17.763380
23.494170 13.060100 19.279442
23.495721 14.256147 20.282136
23.494170 12.789200 6.569858
23.495721 11.593153 5.567164
23.418690 10.377977 7.939354
24.468689 11.544039 8.085920
25.728842 10.515495 6.550213
24.517803 10.571071 5.567164
24.723046 3.534116 19.463747
25.711006 2.338328 19.481066
24.510565 2.338328 18.498535
24.509014 1.456350 21.034868
23.347088 2.502212 20.834794
23.527516 1.324777 18.498793
23.461859 0.128213 19.499161
15.300459 1.309784 5.554498
15.312091 0.128213 6.574511
14.381000 1.340286 8.110218
15.426862 2.502212 7.910144
14.050904 3.534116 6.539097
14.263385 2.338328 5.573885
13.062944 2.338328 6.556416
13.533660 10.984919 18.831732
14.521878 9.789130 18.814413
13.321437 9.789130 19.796945
15.471323 10.494040 20.864004
14.305261 11.544039 21.010570
15.333805 12.804192 19.474863
15.278229 11.593153 18.491814
15.333805 13.045108 6.374437
15.278229 14.256147 7.357486
15.471323 15.355260 4.985296
14.305261 14.305261 4.838730
14.050904 16.458766 6.385553
13.062944 15.262978 6.368234
14.263385 15.262978 7.350765
11.798396 16.458766 19.463747
12.786356 15.262978 19.481066
11.585915 15.262978 18.498535
10.377977 15.355260 20.864004
11.544039 14.305261 21.010570
10.515495 13.045108 19.474863
10.571071 14.256147 18.491814
10.515495 12.804192 6.374437
10.571071 11.593153 7.357486
10.377977 10.494040 4.985296
11.544039 11.544039 4.838730
12.315640 10.984919 7.017568
11.327422 9.789130 7.034887
12.527863 9.789130 6.052355
4.510703 1.119016 19.545431
8.413947 1.119016 6.620781
21.338597 1.119016 6.303869
17.435353 1.119016 19.228519
21.338597 24.730284 19.545431
17.435353 24.730284 6.620781
8.413947 24.730284 19.228519
4.510703 24.730284 6.303869
21.338597 14.043666 6.620781
17.458876 11.762465 6.305678
17.458876 14.086835 19.543622
21.338597 11.805634 19.228519
4.510703 11.805634 6.620781
8.390424 14.086835 6.305678
19.545431 8.413947 11.805634
19.228519 4.510703 14.043666
19.228519 21.338597 11.805634
6.303869 8.413947 14.043666
6.620781 4.510703 11.805634
18.498793 2.321784 24.524523
19.499161 2.387441 25.721087
21.034868 1.340286 24.392950
20.834794 2.502212 23.347088
18.726525 1.607568 22.833721
19.786347 0.497858 22.604954
18.930218 0.497858 23.898712
7.582117 7.582117 31.191833
6.462325 6.462325 32.311625
7.269857 7.269857 29.313365
6.462325 6.462325 28.741061
6.462325 6.462325 27.257311
6.552281 7.570484 26.536374
18.267183 18.267183 31.191833
19.386975 19.386975 32.311625
18.579443 18.579443 29.313365
19.386975 19.386975 28.741061
19.386975 19.386975 27.257311
19.297019 18.278816 26.536374
18.267183 7.582117 46.356067
19.386975 6.462325 45.236275
18.579443 7.269857 48.234535
19.386975 6.462325 48.806839
19.386975 6.462325 50.290589
19.297019 7.570484 51.011526
7.582117 18.267183 46.356067
6.462325 19.386975 45.236275
7.269857 18.579443 48.234535
6.462325 19.386975 48.806839
6.462325 19.386975 50.290589
6.552281 18.278816 51.011526
5.342533 7.582117 33.431417
3.464065 7.269857 33.119157
2.891761 6.462325 32.311625
1.408011 6.462325 32.311625
0.687074 6.552281 33.419784
5.342533 18.267183 44.116483
3.464065 18.579443 44.428743
2.891761 19.386975 45.236275
1.408011 19.386975 45.236275
0.687074 19.297019 44.128116
20.506767 18.267183 33.431417
22.385235 18.579443 33.119157
22.957539 19.386975 32.311625
24.441289 19.386975 32.311625
25.162226 19.297019 33.419784
20.506767 7.582117 44.116483
22.385235 7.269857 44.428743
22.957539 6.462325 45.236275
24.441289 6.462325 45.236275
25.162226 6.552281 44.128116
7.582117 5.342533 33.431417
7.269857 3.464065 33.119157
6.462325 2.891761 32.311625
6.462325 1.408011 32.311625
7.570484 0.687074 32.401581
18.267183 5.342533 44.116483
18.579443 3.464065 44.428743
19.386975 2.891761 45.236275
19.386975 1.408011 45.236275
18.278816 0.687074 45.146319
7.582117 20.506767 44.116483
7.269857 22.385235 44.428743
6.462325 22.957539 45.236275
6.462325 24.441289 45.236275
7.570484 25.162226 45.146319
18.267183 20.506767 33.431417
18.579443 22.385235 33.119157
19.386975 22.957539 32.311625
19.386975 24.441289 32.311625
18.278816 25.162226 32.401581
7.582117 7.582117 46.356067
6.462325 6.462325 45.236275
7.269857 7.269857 48.234535
6.462325 6.462325 48.806839
6.462325 6.462325 50.290589
10.332224 6.441129 50.652479
11.023434 7.485699 49.797384
18.267183 18.267183 46.356067
19.386975 19.386975 45.236275
18.579443 18.579443 48.234535
19.386975 19.386975 48.806839
19.386975 19.386975 50.290589
15.517076 19.408171 50.652479
14.825866 18.363601 49.797384
7.582117 18.267183 31.191833
6.462325 19.386975 32.311625
7.269857 18.579443 29.313365
6.462325 19.386975 28.741061
6.462325 19.386975 27.257311
10.332224 19.408171 26.895421
11.023434 18.363601 27.750516
18.267183 7.582117 31.191833
19.386975 6.462325 32.311625
18.579443 7.269857 29.313365
19.386975 6.462325 28.741061
19.386975 6.462325 27.257311
15.517076 6.441129 26.895421
14.825866 7.485699 27.750516
7.582117 5.342533 44.116483
7.269857 3.464065 44.428743
6.462325 2.891761 45.236275
6.462325 1.408011 45.236275
6.441129 1.046121 41.366376
7.485699 1.901216 40.675166
18.267183 5.342533 33.431417
18.579443 3.464065 33.119157
19.386975 2.891761 32.311625
19.386975 1.408011 32.311625
19.408171 1.046121 36.181524
18.363601 1.901216 36.872734
18.267183 20.506767 44.116483
18.579443 22.385235 44.428743
19.386975 22.957539 45.236275
19.386975 24.441289 45.236275
19.408171 24.803179 41.366376
18.363601 23.948084 40.675166
7.582117 20.506767 33.431417
7.269857 22.385235 33.119157
6.462325 22.957539 32.311625
6.462325 24.441289 32.311625
6.441129 24.803179 36.181524
7.485699 23.948084 36.872734
5.342533 7.582117 44.116483
3.464065 7.269857 44.428743
2.891761 6.462325 45.236275
1.408011 6.462325 45.236275
1.046121 10.332224 45.257471
1.901216 11.023434 44.212901
5.342533 18.267183 33.431417
3.464065 18.579443 33.119157
2.891761 19.386975 32.311625
1.408011 19.386975 32.311625
1.046121 15.517076 32.290429
1.901216 14.825866 33.334999
20.506767 7.582117 33.431417
22.385235 7.269857 33.119157
22.957539 6.462325 32.311625
24.441289 6.462325 32.311625
24.538224 8.818489 32.556159
24.803179 10.332224 32.290429
23.948084 11.023434 33.334999
20.506767 18.267183 44.116483
22.385235 18.579443 44.428743
22.957539 19.386975 45.236275
24.441289 19.386975 45.236275
24.803179 15.517076 45.257471
23.948084 14.825866 44.212901
19.297019 18.278816 51.011526
19.142441 17.030811 50.387524
19.408171 15.517076 50.652479
18.363601 14.825866 49.797384
6.552281 7.570484 51.011526
6.706859 8.818489 50.387524
6.441129 10.332224 50.652479
7.485699 11.023434 49.797384
6.552281 18.278816 26.536374
6.706859 17.030811 27.160376
6.441129 15.517076 26.895421
7.485699 14.825866 27.750516
19.297019 7.570484 26.536374
19.142441 8.818489 27.160376
19.408171 10.332224 26.895421
18.363601 11.023434 27.750516
25.162226 19.297019 44.128116
24.538224 19.142441 42.880111
24.803179 19.408171 41.366376
23.948084 18.363601 40.675166
25.162226 6.552281 33.419784
24.538224 6.706859 34.667789
24.803179 6.441129 36.181524
23.948084 7.485699 36.872734
0.687074 6.552281 44.128116
1.311076 6.706859 42.880111
1.046121 6.441129 41.366376
1.901216 7.485699 40.675166
0.687074 19.297019 33.419784
1.311076 19.142441 34.667789
1.046121 19.408171 36.181524
1.901216 18.363601 36.872734
18.278816 25.162226 45.146319
17.030811 24.538224 44.991741
15.517076 24.803179 45.257471
14.825866 23.948084 44.212901
7.570484 25.162226 32.401581
8.818489 24.538224 32.556159
10.332224 24.803179 32.290429
11.023434 23.948084 33.334999
18.278816 0.687074 32.401581
17.030811 1.311076 32.556159
15.517076 1.046121 32.290429
14.825866 1.901216 33.334999
7.570484 0.687074 45.146319
8.818489 1.311076 44.991741
10.332224 1.046121 45.257471
11.023434 1.901216 44.212901
7.269857 20.194507 42.238015
6.462325 19.386975 41.665711
6.462325 19.386975 40.181961
6.552281 20.495134 39.461024
18.579443 5.654793 42.238015
19.386975 6.462325 41.665711
19.386975 6.462325 40.181961
19.297019 5.354166 39.461024
18.579443 20.194507 35.309885
19.386975 19.386975 35.882189
19.386975 19.386975 37.365939
19.297019 20.495134 38.086876
7.269857 5.654793 35.309885
6.462325 6.462325 35.882189
6.462325 6.462325 37.365939
6.552281 5.354166 38.086876
5.342533 20.506767 46.356067
3.464065 20.194507 46.043807
0.687074 19.476931 46.344434
1.311076 19.631509 47.592439
1.046121 19.365779 49.106174
1.901216 20.410349 49.797384
5.342533 5.342533 31.191833
3.464065 5.654793 31.504093
0.687074 6.372369 31.203466
1.311076 6.217791 29.955461
1.046121 6.483521 28.441726
1.901216 5.438951 27.750516
20.506767 5.342533 46.356067
22.385235 5.654793 46.043807
25.162226 6.372369 46.344434
24.538224 6.217791 47.592439
24.803179 6.483521 49.106174
23.948084 5.438951 49.797384
20.506767 20.506767 31.191833
22.385235 20.194507 31.504093
25.162226 19.476931 31.203466
24.538224 19.631509 29.955461
24.803179 19.365779 28.441726
23.948084 20.410349 27.750516
7.269857 16.388715 46.043807
6.462325 15.816411 45.236275
6.462325 14.332661 45.236275
7.570484 13.611724 45.326231
8.818489 14.235726 45.480809
10.332224 13.970771 45.215079
11.023434 14.825866 46.259649
18.579443 16.388715 31.504093
19.386975 15.816411 32.311625
19.386975 14.332661 32.311625
18.278816 13.611724 32.221669
17.030811 14.235726 32.067091
15.517076 13.970771 32.332821
14.825866 14.825866 31.288251
7.269857 9.460585 31.504093
6.462325 10.032889 32.311625
6.462325 11.516639 32.311625
7.570484 12.237576 32.221669
8.818489 11.613574 32.067091
10.332224 11.878529 32.332821
11.023434 11.023434 31.288251
18.579443 9.460585 46.043807
19.386975 10.032889 45.236275
19.386975 11.516639 45.236275
18.278816 12.237576 45.326231
17.030811 11.613574 45.480809
15.517076 11.878529 45.215079
14.825866 11.023434 46.259649
7.269857 20.194507 35.309885
6.462325 19.386975 35.882189
6.462325 19.386975 37.365939
18.579443 5.654793 35.309885
19.386975 6.462325 35.882189
19.386975 6.462325 37.365939
7.269857 5.654793 42.238015
6.462325 6.462325 41.665711
6.462325 6.462325 40.181961
18.579443 20.194507 42.238015
19.386975 19.386975 41.665711
19.386975 19.386975 40.181961
7.269857 16.388715 31.504093
6.462325 15.816411 32.311625
6.462325 14.332661 32.311625
6.441129 13.970771 28.441726
18.579443 16.388715 46.043807
19.386975 15.816411 45.236275
19.386975 14.332661 45.236275
19.408171 13.970771 49.106174
18.579443 9.460585 31.504093
19.386975 10.032889 32.311625
19.386975 11.516639 32.311625
19.408171 11.878529 28.441726
7.269857 9.460585 46.043807
6.462325 10.032889 45.236275
6.462325 11.516639 45.236275
6.441129 11.878529 49.106174
5.342533 20.506767 31.191833
3.464065 20.194507 31.504093
5.342533 5.342533 46.356067
3.464065 5.654793 46.043807
20.506767 20.506767 46.356067
22.385235 20.194507 46.043807
20.506767 5.342533 31.191833
22.385235 5.654793 31.504093
19.297019 5.354166 38.086876
19.142441 4.106161 37.462874
19.408171 2.592426 37.727829
6.552281 20.495134 38.086876
6.706859 21.743139 37.462874
6.441129 23.256874 37.727829
6.552281 5.354166 39.461024
6.706859 4.106161 40.085026
6.441129 2.592426 39.820071
19.297019 20.495134 39.461024
19.142441 21.743139 40.085026
19.408171 23.256874 39.820071
25.162226 6.372369 31.203466
25.162226 19.476931 46.344434
0.687074 19.476931 31.203466
0.687074 6.372369 46.344434
18.278816 12.237576 32.221669
7.570484 12.237576 45.326231
18.278816 13.611724 45.326231
7.570484 13.611724 32.221669
15.517076 6.483521 39.820071
14.825866 5.438951 40.675166
10.332224 19.365779 39.820071
11.023434 20.410349 40.675166
15.517076 19.365779 37.727829
14.825866 20.410349 36.872734
10.332224 6.483521 37.727829
11.023434 5.438951 36.872734
24.803179 2.592426 45.215079
23.948084 1.901216 46.259649
24.803179 23.256874 32.332821
23.948084 23.948084 31.288251
1.046121 2.592426 32.332821
1.901216 1.901216 31.288251
1.046121 23.256874 45.215079
1.901216 23.948084 46.259649
20.194507 7.269857 42.238015
19.476931 7.570484 39.461024
19.631509 8.818489 40.085026
19.365779 10.332224 39.820071
20.410349 11.023434 40.675166
5.654793 18.579443 42.238015
6.372369 18.278816 39.461024
6.217791 17.030811 40.085026
6.483521 15.517076 39.820071
5.438951 14.825866 40.675166
5.654793 7.269857 35.309885
6.372369 7.570484 38.086876
6.217791 8.818489 37.462874
6.483521 10.332224 37.727829
5.438951 11.023434 36.872734
20.194507 18.579443 35.309885
19.476931 18.278816 38.086876
19.631509 17.030811 37.462874
19.365779 15.517076 37.727829
20.410349 14.825866 36.872734
16.388715 7.269857 46.043807
15.816411 6.462325 45.236275
14.332661 6.462325 45.236275
13.611724 6.552281 46.344434
16.388715 18.579443 31.504093
15.816411 19.386975 32.311625
14.332661 19.386975 32.311625
13.611724 19.297019 31.203466
9.460585 18.579443 46.043807
10.032889 19.386975 45.236275
11.516639 19.386975 45.236275
12.237576 19.297019 46.344434
9.460585 7.269857 31.504093
10.032889 6.462325 32.311625
11.516639 6.462325 32.311625
12.237576 6.552281 31.203466
20.194507 3.464065 46.043807
20.495134 0.687074 45.326231
21.743139 1.311076 45.480809
23.256874 1.046121 45.215079
5.654793 3.464065 31.504093
5.354166 0.687074 32.221669
4.106161 1.311076 32.067091
2.592426 1.046121 32.332821
20.194507 22.385235 31.504093
20.495134 25.162226 32.221669
21.743139 24.538224 32.067091
23.256874 24.803179 32.332821
5.654793 22.385235 46.043807
5.354166 25.162226 45.326231
4.106161 24.538224 45.480809
2.592426 24.803179 45.215079
20.194507 7.269857 35.309885
23.256874 6.441129 37.727829
5.654793 18.579443 35.309885
2.592426 19.408171 37.727829
20.194507 18.579443 42.238015
23.256874 19.408171 39.820071
5.654793 7.269857 42.238015
2.592426 6.441129 39.820071
20.194507 3.464065 31.504093
5.654793 3.464065 46.043807
5.654793 22.385235 31.504093
20.194507 22.385235 46.043807
16.388715 7.269857 31.504093
15.816411 6.462325 32.311625
14.332661 6.462325 32.311625
16.388715 18.579443 46.043807
15.816411 19.386975 45.236275
14.332661 19.386975 45.236275
9.460585 7.269857 46.043807
10.032889 6.462325 45.236275
11.516639 6.462325 45.236275
9.460585 18.579443 31.504093
10.032889 19.386975 32.311625
11.516639 19.386975 32.311625
6.372369 18.278816 38.086876
19.476931 7.570484 38.086876
19.476931 18.278816 39.461024
6.372369 7.570484 39.461024
12.237576 19.297019 31.203466
11.613574 19.142441 29.955461
11.878529 19.408171 28.441726
12.237576 6.552281 46.344434
11.613574 6.706859 47.592439
11.878529 6.441129 49.106174
13.611724 6.552281 31.203466
14.235726 6.706859 29.955461
13.970771 6.441129 28.441726
13.611724 19.297019 46.344434
14.235726 19.142441 47.592439
13.970771 19.408171 49.106174
5.354166 25.162226 32.221669
20.495134 25.162226 45.326231
5.354166 0.687074 45.326231
20.495134 0.687074 32.221669
6.483521 24.803179 49.106174
5.438951 23.948084 49.797384
19.365779 24.803179 28.441726
20.410349 23.948084 27.750516
19.365779 1.046121 49.106174
20.410349 1.901216 49.797384
6.483521 1.046121 28.441726
5.438951 1.901216 27.750516
11.878529 15.517076 45.215079
11.878529 10.332224 32.332821
13.970771 15.517076 32.332821
13.970771 10.332224 45.215079
20.194507 20.194507 29.313365
19.476931 20.495134 26.536374
19.631509 21.743139 27.160376
19.365779 23.256874 26.895421
5.654793 5.654793 29.313365
6.372369 5.354166 26.536374
6.217791 4.106161 27.160376
6.483521 2.592426 26.895421
5.654793 20.194507 48.234535
6.372369 20.495134 51.011526
6.217791 21.743139 50.387524
6.483521 23.256874 50.652479
20.194507 5.654793 48.234535
19.476931 5.354166 51.011526
19.631509 4.106161 50.387524
19.365779 2.592426 50.652479
16.388715 20.194507 33.119157
13.611724 19.476931 33.419784
14.235726 19.631509 34.667789
13.970771 19.365779 36.181524
16.388715 5.654793 44.428743
13.611724 6.372369 44.128116
14.235726 6.217791 42.880111
13.970771 6.483521 41.366376
9.460585 5.654793 33.119157
12.237576 6.372369 33.419784
11.613574 6.217791 34.667789
11.878529 6.483521 36.181524
9.460585 20.194507 44.428743
12.237576 19.476931 44.128116
11.613574 19.631509 42.880111
11.878529 19.365779 41.366376
20.194507 16.388715 33.119157
20.495134 13.611724 32.401581
5.654793 16.388715 44.428743
5.354166 13.611724 45.146319
20.194507 9.460585 44.428743
20.495134 12.237576 45.146319
5.654793 9.460585 33.119157
5.354166 12.237576 32.401581
20.194507 20.194507 48.234535
5.654793 5.654793 48.234535
20.194507 5.654793 29.313365
5.654793 20.194507 29.313365
20.194507 16.388715 44.428743
5.654793 16.388715 33.119157
5.654793 9.460585 44.428743
20.194507 9.460585 33.119157
16.388715 20.194507 44.428743
13.970771 23.256874 45.257471
16.388715 5.654793 33.119157
13.970771 2.592426 32.290429
9.460585 20.194507 33.119157
11.878529 23.256874 32.290429
9.460585 5.654793 44.428743
11.878529 2.592426 45.257471
6.372369 5.354166 51.011526
19.476931 20.495134 51.011526
19.476931 5.354166 26.536374
6.372369 20.495134 26.536374
12.237576 6.372369 44.128116
12.237576 19.476931 33.419784
13.611724 19.476931 44.128116
13.611724 6.372369 33.419784
5.354166 12.237576 45.146319
4.106161 11.613574 44.991741
2.592426 11.878529 45.257471
20.495134 12.237576 32.401581
21.743139 11.613574 32.556159
23.256874 11.878529 32.290429
5.354166 13.611724 32.401581
4.106161 14.235726 32.556159
2.592426 13.970771 32.290429
20.495134 13.611724 45.146319
21.743139 14.235726 44.991741
23.256874 13.970771 45.257471
2.592426 6.483521 26.895421
23.256874 19.365779 26.895421
2.592426 19.365779 50.652479
23.256874 6.483521 50.652479
6.483521 11.878529 36.181524
19.365779 11.878529 41.366376
19.365779 13.970771 36.181524
6.483521 13.970771 41.366376
14.043666 19.228519 30.360003
11.805634 19.545431 34.263247
14.043666 6.303869 34.263247
11.805634 6.620781 30.360003
14.043666 19.545431 43.284653
11.805634 19.228519 47.187897
11.805634 6.303869 43.284653
14.043666 6.620781 47.187897
10.466382 6.644046 51.570646
9.401649 6.440612 50.460936
10.695406 5.584483 50.460936
10.377977 7.939354 49.267990
11.544039 8.085920 50.317989
12.789200 6.569858 49.343470
11.593153 5.567164 49.345021
15.382918 19.205254 51.570646
16.447651 19.408688 50.460936
15.153894 20.264817 50.460936
15.471323 17.909946 49.267990
14.305261 17.763380 50.317989
13.060100 19.279442 49.343470
14.256147 20.282136 49.345021
14.249427 7.350507 41.095734
13.052863 6.350139 41.161391
14.381000 4.814432 40.114236
15.426862 5.014506 41.276162
15.940229 7.122775 40.381518
16.168996 6.062953 39.271808
14.875238 6.919082 39.271808
11.599873 18.498793 41.095734
12.796437 19.499161 41.161391
11.468300 21.034868 40.114236
10.422438 20.834794 41.276162
9.909071 18.726525 40.381518
9.680304 19.786347 39.271808
10.974062 18.930218 39.271808
10.466382 6.280604 38.645996
10.695406 7.340167 37.536286
9.401649 6.484038 37.536286
11.468300 4.814432 37.433664
10.422438 5.014506 36.271738
11.599873 7.350507 36.452166
12.796437 6.350139 36.386509
14.249427 18.498793 36.452166
13.052863 19.499161 36.386509
14.381000 21.034868 37.433664
15.426862 20.834794 36.271738
15.382918 19.568696 38.645996
15.153894 18.509133 37.536286
16.447651 19.365262 37.536286
23.391032 6.644046 38.645996
22.326299 6.440612 37.536286
23.620056 5.584483 37.536286
24.509014 8.110218 37.317600
23.347088 7.910144 36.271738
24.539516 5.554498 36.398141
25.721087 6.574511 36.386509
22.833721 20.047425 40.381518
23.898712 19.843732 39.271808
22.604954 18.987603 39.271808
24.509014 17.739082 40.230300
23.347088 17.939156 41.276162
24.539516 20.294802 41.149759
25.721087 19.274789 41.161391
22.833721 18.726525 27.456868
22.604954 19.786347 26.347158
23.898712 18.930218 26.347158
23.418690 20.864004 28.395973
24.468689 21.010570 27.229911
25.728842 19.474863 28.258455
24.517803 18.491814 28.202879
24.730284 19.228519 34.263247
24.730284 6.303869 30.360003
24.730284 6.620781 43.284653
24.730284 19.545431 47.187897
25.728842 6.374437 49.289445
24.517803 7.357486 49.345021
23.418690 4.985296 49.151927
24.468689 4.838730 50.317989
23.391032 6.280604 51.570646
23.620056 7.340167 50.460936
22.326299 6.484038 50.460936
2.458268 19.568696 51.570646
2.229244 18.509133 50.460936
3.523001 19.365262 50.460936
2.430610 20.864004 49.151927
1.380611 21.010570 50.317989
0.120458 19.474863 49.289445
1.331497 18.491814 49.345021
1.119016 6.303869 47.187897
1.119016 19.228519 43.284653
1.309784 5.554498 41.149759
0.128213 6.574511 41.161391
1.340286 8.110218 40.230300
2.502212 7.910144 41.276162
3.015579 5.801875 40.381518
1.950588 6.005568 39.271808
3.244346 6.861697 39.271808
2.458268 19.205254 38.645996
3.523001 19.408688 37.536286
2.229244 20.264817 37.536286
1.340286 17.739082 37.317600
2.502212 17.939156 36.271738
1.309784 20.294802 36.398141
0.128213 19.274789 36.386509
1.119016 19.545431 30.360003
1.119016 6.620781 34.263247
0.120458 6.374437 28.258455
1.331497 7.357486 28.202879
2.430610 4.985296 28.395973
1.380611 4.838730 27.229911
3.015579 7.122775 27.456868
3.244346 6.062953 26.347158
1.950588 6.919082 26.347158
12.789200 19.279442 28.204430
11.593153 20.282136 28.202879
10.377977 17.909946 28.279910
11.544039 17.763380 27.229911
9.909071 20.047425 27.456868
10.974062 19.843732 26.347158
9.680304 18.987603 26.347158
15.940229 5.801875 27.456868
14.875238 6.005568 26.347158
16.168996 6.861697 26.347158
15.471323 7.939354 28.279910
14.305261 8.085920 27.229911
13.060100 6.569858 28.204430
14.256147 5.567164 28.202879
7.122775 1.607568 28.864879
6.062953 0.497858 29.093646
6.919082 0.497858 27.799888
4.814432 1.340286 27.305650
5.014506 2.502212 28.351512
7.350507 2.321784 27.174077
6.350139 2.387441 25.977513
20.294802 10.548841 27.159084
19.274789 10.537209 25.977513
17.739082 11.468300 27.189586
17.939156 10.422438 28.351512
19.205254 12.796696 28.307568
19.408688 11.686986 29.372301
20.264817 11.686986 28.078544
5.801875 14.532218 28.864879
6.005568 13.422508 27.799888
6.861697 13.422508 29.093646
8.110218 14.381000 27.189586
7.910144 15.426862 28.351512
5.554498 15.300459 27.159084
6.574511 15.312091 25.977513
6.303869 21.338597 26.968316
6.620781 8.413947 26.968316
19.545431 4.510703 26.968316
19.228519 17.435353 26.968316
18.498793 23.527516 27.174077
19.499161 23.461859 25.977513
21.034868 24.509014 27.305650
20.834794 23.347088 28.351512
19.568696 25.721346 28.307568
18.509133 24.611636 28.078544
19.365262 24.611636 29.372301
6.644046 25.721346 36.315682
6.440612 24.611636 35.250949
5.584483 24.611636 36.544706
7.939354 23.418690 36.227277
8.085920 24.468689 37.393339
6.569858 23.494170 38.638500
5.567164 23.495721 37.442453
6.620781 21.338597 39.892966
19.545431 17.435353 39.892966
6.303869 17.435353 37.654934
19.279442 23.494170 38.909400
20.282136 23.495721 40.105447
17.909946 23.418690 41.320623
17.763380 24.468689 40.154561
19.205254 25.721346 41.232218
19.408688 24.611636 42.296951
20.264817 24.611636 41.003194
6.280604 25.721346 49.240332
7.340167 24.611636 49.469356
6.484038 24.611636 48.175599
4.814432 24.509014 50.242250
5.014506 23.347088 49.196388
7.350507 23.527516 50.373823
6.350139 23.461859 51.570387
19.545431 21.338597 50.579584
20.294802 15.300459 50.388816
19.274789 15.312091 51.570387
17.739082 14.381000 50.358314
17.939156 15.426862 49.196388
20.047425 14.532218 48.683021
19.843732 13.422508 49.748012
18.987603 13.422508 48.454254
6.644046 12.796696 49.240332
6.440612 11.686986 48.175599
5.584483 11.686986 49.469356
8.110218 11.468300 50.358314
7.910144 10.422438 49.196388
5.554498 10.548841 50.388816
6.574511 10.537209 51.570387
19.228519 8.413947 50.579584
6.303869 4.510703 50.579584
4.510703 14.043666 45.077819
8.390424 11.762465 45.392922
6.374437 15.333805 38.894408
7.357486 15.278229 40.105447
4.985296 15.471323 41.204560
4.838730 14.305261 40.154561
7.122775 14.532218 41.789529
6.062953 13.422508 42.018296
6.919082 13.422508 40.724538
19.474863 15.333805 38.653492
18.491814 15.278229 37.442453
20.864004 15.471323 36.343340
21.010570 14.305261 37.393339
18.726525 14.532218 35.758371
19.786347 13.422508 35.529604
18.930218 13.422508 36.823362
6.280604 12.796696 36.315682
7.340167 11.686986 36.544706
6.484038 11.686986 35.250949
4.985296 10.377977 36.343340
4.838730 11.544039 37.393339
6.374437 10.515495 38.653492
7.357486 10.571071 37.442453
19.474863 10.515495 38.894408
18.491814 10.571071 40.105447
20.864004 10.377977 41.204560
21.010570 11.544039 40.154561
19.568696 12.796696 41.232218
18.509133 11.686986 41.003194
19.365262 11.686986 42.296951
6.569858 2.355130 38.909400
5.567164 2.353579 40.105447
7.939354 2.430610 41.320623
8.085920 1.380611 40.154561
5.801875 1.607568 41.789529
6.005568 0.497858 40.724538
6.861697 0.497858 42.018296
19.279442 2.355130 38.638500
20.282136 2.353579 37.442453
17.909946 2.430610 36.227277
17.763380 1.380611 37.393339
20.047425 1.607568 35.758371
19.843732 0.497858 36.823362
18.987603 0.497858 35.529604
6.620781 17.435353 50.579584
11.798396 3.534116 45.159503
11.585915 2.338328 46.124715
12.786356 2.338328 45.142184
11.468300 1.340286 43.588382
10.422438 2.502212 43.788456
10.548841 1.309784 46.144102
10.537209 0.128213 45.124089
2.321784 1.324777 33.199807
2.387441 0.128213 32.199439
1.340286 1.456350 30.663732
2.502212 2.502212 30.863806
1.126254 3.534116 32.234853
0.138294 2.338328 32.217534
1.338735 2.338328 33.200065
0.609010 10.984919 45.791518
0.396787 9.789130 44.826305
1.597228 9.789130 45.808837
2.430610 10.377977 43.759246
1.380611 11.544039 43.612680
2.355130 12.789200 45.128742
2.353579 11.593153 46.131436
2.355130 13.060100 32.419158
2.353579 14.256147 31.416464
2.430610 15.471323 33.788654
1.380611 14.305261 33.935220
1.126254 16.458766 32.388397
1.338735 15.262978 31.423185
0.138294 15.262978 32.405716
0.609010 23.909569 44.681032
1.597228 22.713780 44.663713
0.396787 22.713780 45.646245
1.340286 24.392950 46.884168
2.502212 23.347088 46.684094
2.321784 24.524523 44.348093
2.387441 25.721087 45.348461
10.548841 24.539516 31.403798
10.537209 25.721087 32.423811
11.468300 24.509014 33.959518
10.422438 23.347088 33.759444
12.315640 23.909569 31.756382
12.527863 22.713780 32.721595
11.327422 22.713780 31.739063
13.533660 23.909569 45.791518
13.321437 22.713780 44.826305
14.521878 22.713780 45.808837
14.381000 24.509014 43.588382
15.426862 23.347088 43.788456
15.300459 24.539516 46.144102
15.312091 25.721087 45.124089
23.527516 24.524523 33.199807
23.461859 25.721087 32.199439
24.509014 24.392950 30.663732
23.347088 23.347088 30.863806
25.240290 23.909569 32.866868
24.252072 22.713780 32.884187
25.452513 22.713780 31.901655
24.723046 16.458766 45.159503
24.510565 15.262978 46.124715
25.711006 15.262978 45.142184
23.418690 15.471323 43.759246
24.468689 14.305261 43.612680
23.494170 13.060100 45.128742
23.495721 14.256147 46.131436
23.494170 12.789200 32.419158
23.495721 11.593153 31.416464
23.418690 10.377977 33.788654
24.468689 11.544039 33.935220
25.728842 10.515495 32.399513
24.517803 10.571071 31.416464
24.723046 3.534116 45.313047
25.711006 2.338328 45.330366
24.510565 2.338328 44.347835
24.509014 1.456350 46.884168
23.347088 2.502212 46.684094
23.527516 1.324777 44.348093
23.461859 0.128213 45.348461
15.300459 1.309784 31.403798
15.312091 0.128213 32.423811
14.381000 1.340286 33.959518
15.426862 2.502212 33.759444
14.050904 3.534116 32.388397
14.263385 2.338328 31.423185
13.062944 2.338328 32.405716
13.533660 10.984919 44.681032
14.521878 9.789130 44.663713
13.321437 9.789130 45.646245
15.471323 10.494040 46.713304
14.305261 11.544039 46.859870
15.333805 12.804192 45.324163
15.278229 11.593153 44.341114
15.333805 13.045108 32.223737
15.278229 14.256147 33.206786
15.471323 15.355260 30.834596
14.305261 14.305261 30.688030
14.050904 16.458766 32.234853
13.062944 15.262978 32.217534
14.263385 15.262978 33.200065
11.798396 16.458766 45.313047
12.786356 15.262978 45.330366
11.585915 15.262978 44.347835
10.377977 15.355260 46.713304
11.544039 14.305261 46.859870
10.515495 13.045108 45.324163
10.571071 14.256147 44.341114
10.515495 12.804192 32.223737
10.571071 11.593153 33.206786
10.377977 10.494040 30.834596
11.544039 11.544039 30.688030
12.315640 10.984919 32.866868
11.327422 9.789130 32.884187
12.527863 9.789130 31.901655
4.510703 1.119016 45.394731
8.413947 1.119016 32.470081
21.338597 1.119016 32.153169
17.435353 1.119016 45.077819
21.338597 24.730284 45.394731
17.435353 24.730284 32.470081
8.413947 24.730284 45.077819
4.510703 24.730284 32.153169
21.338597 14.043666 32.470081
17.458876 11.762465 32.154978
17.458876 14.086835 45.392922
21.338597 11.805634 45.077819
4.510703 11.805634 32.470081
8.390424 14.086835 32.154978
19.545431 8.413947 37.654934
19.228519 4.510703 39.892966
19.228519 21.338597 37.654934
6.303869 8.413947 39.892966
6.620781 4.510703 37.654934
18.498793 2.321784 50.373823
19.499161 2.387441 51.570387
21.034868 1.340286 50.242250
20.834794 2.502212 49.196388
18.726525 1.607568 48.683021
19.786347 0.497858 48.454254
18.930218 0.497858 49.748012
7.582117 33.431417 5.342533
6.462325 32.311625 6.462325
7.269857 33.119157 3.464065
6.462325 32.311625 2.891761
6.462325 32.311625 1.408011
6.552281 33.419784 0.687074
18.267183 44.116483 5.342533
19.386975 45.236275 6.462325
18.579443 44.428743 3.464065
19.386975 45.236275 2.891761
19.386975 45.236275 1.408011
19.297019 44.128116 0.687074
18.267183 33.431417 20.506767
19.386975 32.311625 19.386975
18.579443 33.119157 22.385235
19.386975 32.311625 22.957539
19.386975 32.311625 24.441289
19.297019 33.419784 25.162226
7.582117 44.116483 20.506767
6.462325 45.236275 19.386975
7.269857 44.428743 22.385235
6.462325 45.236275 22.957539
6.462325 45.236275 24.441289
6.552281 44.128116 25.162226
5.342533 33.431417 7.582117
3.464065 33.119157 7.269857
2.891761 32.311625 6.462325
1.408011 32.311625 6.462325
0.687074 32.401581 7.570484
5.342533 44.116483 18.267183
3.464065 44.428743 18.579443
2.891761 45.236275 19.386975
1.408011 45.236275 19.386975
0.687074 45.146319 18.278816
20.506767 44.116483 7.582117
22.385235 44.428743 7.269857
22.957539 45.236275 6.462325
24.441289 45.236275 6.462325
25.162226 45.146319 7.570484
20.506767 33.431417 18.267183
22.385235 33.119157 18.579443
22.957539 32.311625 19.386975
24.441289 32.311625 19.386975
25.162226 32.401581 18.278816
7.582117 31.191833 7.582117
7.269857 29.313365 7.269857
6.462325 28.741061 6.462325
6.462325 27.257311 6.462325
7.570484 26.536374 6.552281
18.267183 31.191833 18.267183
18.579443 29.313365 18.579443
19.386975 28.741061 19.386975
19.386975 27.257311 19.386975
18.278816 26.536374 19.297019
7.582117 46.356067 18.267183
7.269857 48.234535 18.579443
6.462325 48.806839 19.386975
6.462325 50.290589 19.386975
7.570484 51.011526 19.297019
18.267183 46.356067 7.582117
18.579443 48.234535 7.269857
19.386975 48.806839 6.462325
19.386975 50.290589 6.462325
18.278816 51.011526 6.552281
7.582117 33.431417 20.506767
6.462325 32.311625 19.386975
7.269857 33.119157 22.385235
6.462325 32.311625 22.957539
6.462325 32.311625 24.441289
10.332224 32.290429 24.803179
11.023434 33.334999 23.948084
18.267183 44.116483 20.506767
19.386975 45.236275 19.386975
18.579443 44.428743 22.385235
19.386975 45.236275 22.957539
19.386975 45.236275 24.441289
15.517076 45.257471 24.803179
14.825866 44.212901 23.948084
7.582117 44.116483 5.342533
6.462325 45.236275 6.462325
7.269857 44.428743 3.464065
6.462325 45.236275 2.891761
6.462325 45.236275 1.408011
10.332224 45.257471 1.046121
11.023434 44.212901 1.901216
18.267183 33.431417 5.342533
19.386975 32.311625 6.462325
18.579443 33.119157 3.464065
19.386975 32.311625 2.891761
19.386975 32.311625 1.408011
15.517076 32.290429 1.046121
14.825866 33.334999 1.901216
7.582117 31.191833 18.267183
7.269857 29.313365 18.579443
6.462325 28.741061 19.386975
6.462325 27.257311 19.386975
6.441129 26.895421 15.517076
7.485699 27.750516 14.825866
18.267183 31.191833 7.582117
18.579443 29.313365 7.269857
19.386975 28.741061 6.462325
19.386975 27.257311 6.462325
19.408171 26.895421 10.332224
18.363601 27.750516 11.023434
18.267183 46.356067 18.267183
18.579443 48.234535 18.579443
19.386975 48.806839 19.386975
19.386975 50.290589 19.386975
19.408171 50.652479 15.517076
18.363601 49.797384 14.825866
7.582117 46.356067 7.582117
7.269857 48.234535 7.269857
6.462325 48.806839 6.462325
6.462325 50.290589 6.462325
6.441129 50.652479 10.332224
7.485699 49.797384 11.023434
5.342533 33.431417 18.267183
3.464065 33.119157 18.579443
2.891761 32.311625 19.386975
1.408011 32.311625 19.386975
1.046121 36.181524 19.408171
1.901216 36.872734 18.363601
5.342533 44.116483 7.582117
3.464065 44.428743 7.269857
2.891761 45.236275 6.462325
1.408011 45.236275 6.462325
1.046121 41.366376 6.441129
1.901216 40.675166 7.485699
20.506767 33.431417 7.582117
22.385235 33.119157 7.269857
22.957539 32.311625 6.462325
24.441289 32.311625 6.462325
24.538224 34.667789 6.706859
24.803179 36.181524 6.441129
23.948084 36.872734 7.485699
20.506767 44.116483 18.267183
22.385235 44.428743 18.579443
22.957539 45.236275 19.386975
24.441289 45.236275 19.386975
24.803179 41.366376 19.408171
23.948084 40.675166 18.363601
19.297019 44.128116 25.162226
19.142441 42.880111 24.538224
19.408171 41.366376 24.803179
18.363601 40.675166 23.948084
6.552281 33.419784 25.162226
6.706859 34.667789 24.538224
6.441129 36.181524 24.803179
7.485699 36.872734 23.948084
6.552281 44.128116 0.687074
6.706859 42.880111 1.311076
6.441129 41.366376 1.046121
7.485699 40.675166 1.901216
19.297019 33.419784 0.687074
19.142441 34.667789 1.311076
19.408171 36.181524 1.046121
18.363601 36.872734 1.901216
25.162226 45.146319 18.278816
24.538224 44.991741 17.030811
24.803179 45.257471 15.517076
23.948084 44.212901 14.825866
25.162226 32.401581 7.570484
24.538224 32.556159 8.818489
24.803179 32.290429 10.332224
23.948084 33.334999 11.023434
0.687074 32.401581 18.278816
1.311076 32.556159 17.030811
1.046121 32.290429 15.517076
1.901216 33.334999 14.825866
0.687074 45.146319 7.570484
1.311076 44.991741 8.818489
1.046121 45.257471 10.332224
1.901216 44.212901 11.023434
18.278816 51.011526 19.297019
17.030811 50.387524 19.142441
15.517076 50.652479 19.408171
14.825866 49.797384 18.363601
7.570484 51.011526 6.552281
8.818489 50.387524 6.706859
10.332224 50.652479 6.441129
11.023434 49.797384 7.485699
18.278816 26.536374 6.552281
17.030811 27.160376 6.706859
15.517076 26.895421 6.441129
14.825866 27.750516 7.485699
7.570484 26.536374 19.297019
8.818489 27.160376 19.142441
10.332224 26.895421 19.408171
11.023434 27.750516 18.363601
7.269857 46.043807 16.388715
6.462325 45.236275 15.816411
6.462325 45.236275 14.332661
6.552281 46.344434 13.611724
18.579443 31.504093 16.388715
19.386975 32.311625 15.816411
19.386975 32.311625 14.332661
19.297019 31.203466 13.611724
18.579443 46.043807 9.460585
19.386975 45.236275 10.032889
19.386975 45.236275 11.516639
19.297019 46.344434 12.237576
7.269857 31.504093 9.460585
6.462325 32.311625 10.032889
6.462325 32.311625 11.516639
6.552281 31.203466 12.237576
5.342533 46.356067 20.506767
3.464065 46.043807 20.194507
0.687074 45.326231 20.495134
1.311076 45.480809 21.743139
1.046121 45.215079 23.256874
1.901216 46.259649 23.948084
5.342533 31.191833 5.342533
3.464065 31.504093 5.654793
0.687074 32.221669 5.354166
1.311076 32.067091 4.106161
1.046121 32.332821 2.592426
1.901216 31.288251 1.901216
20.506767 31.191833 20.506767
22.385235 31.504093 20.194507
25.162226 32.221669 20.495134
24.538224 32.067091 21.743139
24.803179 32.332821 23.256874
23.948084 31.288251 23.948084
20.506767 46.356067 5.342533
22.385235 46.043807 5.654793
25.162226 45.326231 5.354166
24.538224 45.480809 4.106161
24.803179 45.215079 2.592426
23.948084 46.259649 1.901216
7.269857 42.238015 20.194507
6.462325 41.665711 19.386975
6.462325 40.181961 19.386975
7.570484 39.461024 19.476931
8.818489 40.085026 19.631509
10.332224 39.820071 19.365779
11.023434 40.675166 20.410349
18.579443 42.238015 5.654793
19.386975 41.665711 6.462325
19.386975 40.181961 6.462325
18.278816 39.461024 6.372369
17.030811 40.085026 6.217791
15.517076 39.820071 6.483521
14.825866 40.675166 5.438951
7.269857 35.309885 5.654793
6.462325 35.882189 6.462325
6.462325 37.365939 6.462325
7.570484 38.086876 6.372369
8.818489 37.462874 6.217791
10.332224 37.727829 6.483521
11.023434 36.872734 5.438951
18.579443 35.309885 20.194507
19.386975 35.882189 19.386975
19.386975 37.365939 19.386975
18.278816 38.086876 19.476931
17.030811 37.462874 19.631509
15.517076 37.727829 19.365779
14.825866 36.872734 20.410349
7.269857 46.043807 9.460585
6.462325 45.236275 10.032889
6.462325 45.236275 11.516639
18.579443 31.504093 9.460585
19.386975 32.311625 10.032889
19.386975 32.311625 11.516639
7.269857 31.504093 16.388715
6.462325 32.311625 15.816411
6.462325 32.311625 14.332661
18.579443 46.043807 16.388715
19.386975 45.236275 15.816411
19.386975 45.236275 14.332661
7.269857 42.238015 5.654793
6.462325 41.665711 6.462325
6.462325 40.181961 6.462325
6.441129 39.820071 2.592426
18.579443 42.238015 20.194507
19.386975 41.665711 19.386975
19.386975 40.181961 19.386975
19.408171 39.820071 23.256874
18.579443 35.309885 5.654793
19.386975 35.882189 6.462325
19.386975 37.365939 6.462325
19.408171 37.727829 2.592426
7.269857 35.309885 20.194507
6.462325 35.882189 19.386975
6.462325 37.365939 19.386975
6.441129 37.727829 23.256874
5.342533 46.356067 5.342533
3.464065 46.043807 5.654793
5.342533 31.191833 20.506767
3.464065 31.504093 20.194507
20.506767 46.356067 20.506767
22.385235 46.043807 20.194507
20.506767 31.191833 5.342533
22.385235 31.504093 5.654793
19.297019 31.203466 12.237576
19.142441 29.955461 11.613574
19.408171 28.441726 11.878529
6.552281 46.344434 12.237576
6.706859 47.592439 11.613574
6.441129 49.106174 11.878529
6.552281 31.203466 13.611724
6.706859 29.955461 14.235726
6.441129 28.441726 13.970771
19.297019 46.344434 13.611724
19.142441 47.592439 14.235726
19.408171 49.106174 13.970771
25.162226 32.221669 5.354166
25.162226 45.326231 20.495134
0.687074 45.326231 5.354166
0.687074 32.221669 20.495134
18.278816 38.086876 6.372369
7.570484 38.086876 19.476931
18.278816 39.461024 19.476931
7.570484 39.461024 6.372369
15.517076 32.332821 13.970771
14.825866 31.288251 14.825866
10.332224 45.215079 13.970771
11.023434 46.259649 14.825866
15.517076 45.215079 11.878529
14.825866 46.259649 11.023434
10.332224 32.332821 11.878529
11.023434 31.288251 11.023434
24.803179 28.441726 19.365779
23.948084 27.750516 20.410349
24.803179 49.106174 6.483521
23.948084 49.797384 5.438951
1.046121 28.441726 6.483521
1.901216 27.750516 5.438951
1.046121 49.106174 19.365779
1.901216 49.797384 20.410349
20.194507 33.119157 16.388715
19.476931 33.419784 13.611724
19.631509 34.667789 14.235726
19.365779 36.181524 13.970771
20.410349 36.872734 14.825866
5.654793 44.428743 16.388715
6.372369 44.128116 13.611724
6.217791 42.880111 14.235726
6.483521 41.366376 13.970771
5.438951 40.675166 14.825866
5.654793 33.119157 9.460585
6.372369 33.419784 12.237576
6.217791 34.667789 11.613574
6.483521 36.181524 11.878529
5.438951 36.872734 11.023434
20.194507 44.428743 9.460585
19.476931 44.128116 12.237576
19.631509 42.880111 11.613574
19.365779 41.366376 11.878529
20.410349 40.675166 11.023434
16.388715 33.119157 20.194507
15.816411 32.311625 19.386975
14.332661 32.311625 19.386975
13.611724 32.401581 20.495134
16.388715 44.428743 5.654793
15.816411 45.236275 6.462325
14.332661 45.236275 6.462325
13.611724 45.146319 5.354166
9.460585 44.428743 20.194507
10.032889 45.236275 19.386975
11.516639 45.236275 19.386975
12.237576 45.146319 20.495134
9.460585 33.119157 5.654793
10.032889 32.311625 6.462325
11.516639 32.311625 6.462325
12.237576 32.401581 5.354166
20.194507 29.313365 20.194507
20.495134 26.536374 19.476931
21.743139 27.160376 19.631509
23.256874 26.895421 19.365779
5.654793 29.313365 5.654793
5.354166 26.536374 6.372369
4.106161 27.160376 6.217791
2.592426 26.895421 6.483521
20.194507 48.234535 5.654793
20.495134 51.011526 6.372369
21.743139 50.387524 6.217791
23.256874 50.652479 6.483521
5.654793 48.234535 20.194507
5.354166 51.011526 19.476931
4.106161 50.387524 19.631509
2.592426 50.652479 19.365779
20.194507 33.119157 9.460585
23.256874 32.290429 11.878529
5.654793 44.428743 9.460585
2.592426 45.257471 11.878529
20.194507 44.428743 16.388715
23.256874 45.257471 13.970771
5.654793 33.119157 16.388715
2.592426 32.290429 13.970771
20.194507 29.313365 5.654793
5.654793 29.313365 20.194507
5.654793 48.234535 5.654793
20.194507 48.234535 20.194507
16.388715 33.119157 5.654793
15.816411 32.311625 6.462325
14.332661 32.311625 6.462325
16.388715 44.428743 20.194507
15.816411 45.236275 19.386975
14.332661 45.236275 19.386975
9.460585 33.119157 20.194507
10.032889 32.311625 19.386975
11.516639 32.311625 19.386975
9.460585 44.428743 5.654793
10.032889 45.236275 6.462325
11.516639 45.236275 6.462325
6.372369 44.128116 12.237576
19.476931 33.419784 12.237576
19.476931 44.128116 13.611724
6.372369 33.419784 13.611724
12.237576 45.146319 5.354166
11.613574 44.991741 4.106161
11.878529 45.257471 2.592426
12.237576 32.401581 20.495134
11.613574 32.556159 21.743139
11.878529 32.290429 23.256874
13.611724 32.401581 5.354166
14.235726 32.556159 4.106161
13.970771 32.290429 2.592426
13.611724 45.146319 20.495134
14.235726 44.991741 21.743139
13.970771 45.257471 23.256874
5.354166 51.011526 6.372369
20.495134 51.011526 19.476931
5.354166 26.536374 19.476931
20.495134 26.536374 6.372369
6.483521 50.652479 23.256874
5.438951 49.797384 23.948084
19.365779 50.652479 2.592426
20.410349 49.797384 1.901216
19.365779 26.895421 23.256874
20.410349 27.750516 23.948084
6.483521 26.895421 2.592426
5.438951 27.750516 1.901216
11.878529 41.366376 19.365779
11.878529 36.181524 6.483521
13.970771 41.366376 6.483521
13.970771 36.181524 19.365779
20.194507 46.043807 3.464065
19.476931 46.344434 0.687074
19.631509 47.592439 1.311076
19.365779 49.106174 1.046121
5.654793 31.504093 3.464065
6.372369 31.203466 0.687074
6.217791 29.955461 1.311076
6.483521 28.441726 1.046121
5.654793 46.043807 22.385235
6.372369 46.344434 25.162226
6.217791 47.592439 24.538224
6.483521 49.106174 24.803179
20.194507 31.504093 22.385235
19.476931 31.203466 25.162226
19.631509 29.955461 24.538224
19.365779 28.441726 24.803179
16.388715 46.043807 7.269857
13.611724 45.326231 7.570484
14.235726 45.480809 8.818489
13.970771 45.215079 10.332224
16.388715 31.504093 18.579443
13.611724 32.221669 18.278816
14.235726 32.067091 17.030811
13.970771 32.332821 15.517076
9.460585 31.504093 7.269857
12.237576 32.221669 7.570484
11.613574 32.067091 8.818489
11.878529 32.332821 10.332224
9.460585 46.043807 18.579443
12.237576 45.326231 18.278816
11.613574 45.480809 17.030811
11.878529 45.215079 15.517076
20.194507 42.238015 7.269857
20.495134 39.461024 6.552281
5.654793 42.238015 18.579443
5.354166 39.461024 19.297019
20.194507 35.309885 18.579443
20.495134 38.086876 19.297019
5.654793 35.309885 7.269857
5.354166 38.086876 6.552281
20.194507 46.043807 22.385235
5.654793 31.504093 22.385235
20.194507 31.504093 3.464065
5.654793 46.043807 3.464065
20.194507 42.238015 18.579443
5.654793 42.238015 7.269857
5.654793 35.309885 18.579443
20.194507 35.309885 7.269857
16.388715 46.043807 18.579443
13.970771 49.106174 19.408171
16.388715 31.504093 7.269857
13.970771 28.441726 6.441129
9.460585 46.043807 7.269857
11.878529 49.106174 6.441129
9.460585 31.504093 18.579443
11.878529 28.441726 19.408171
6.372369 31.203466 25.162226
19.476931 46.344434 25.162226
19.476931 31.203466 0.687074
6.372369 46.344434 0.687074
12.237576 32.221669 18.278816
12.237576 45.326231 7.570484
13.611724 45.326231 18.278816
13.611724 32.221669 7.570484
5.354166 38.086876 19.297019
4.106161 37.462874 19.142441
2.592426 37.727829 19.408171
20.495134 38.086876 6.552281
21.743139 37.462874 6.706859
23.256874 37.727829 6.441129
5.354166 39.461024 6.552281
4.106161 40.085026 6.706859
2.592426 39.820071 6.441129
20.495134 39.461024 19.297019
21.743139 40.085026 19.142441
23.256874 39.820071 19.408171
2.592426 32.332821 1.046121
23.256874 45.215079 1.046121
2.592426 45.215079 24.803179
23.256874 32.332821 24.803179
6.483521 37.727829 10.332224
19.365779 37.727829 15.517076
19.365779 39.820071 10.332224
6.483521 39.820071 15.517076
14.043666 45.077819 4.510703
11.805634 45.394731 8.413947
14.043666 32.153169 8.413947
11.805634 32.470081 4.510703
14.043666 45.394731 17.435353
11.805634 45.077819 21.338597
11.805634 32.153169 17.435353
14.043666 32.470081 21.338597
10.466382 32.493346 25.721346
9.401649 32.289912 24.611636
10.695406 31.433783 24.611636
10.377977 33.788654 23.418690
11.544039 33.935220 24.468689
12.789200 32.419158 23.494170
11.593153 31.416464 23.495721
15.382918 45.054554 25.721346
16.447651 45.257988 24.611636
15.153894 46.114117 24.611636
15.471323 43.759246 23.418690
14.305261 43.612680 24.468689
13.060100 45.128742 23.494170
14.256147 46.131436 23.495721
14.249427 33.199807 15.246434
13.052863 32.199439 15.312091
14.381000 30.663732 14.264936
15.426862 30.863806 15.426862
15.940229 32.972075 14.532218
16.168996 31.912253 13.422508
14.875238 32.768382 13.422508
11.599873 44.348093 15.246434
12.796437 45.348461 15.312091
11.468300 46.884168 14.264936
10.422438 46.684094 15.426862
9.909071 44.575825 14.532218
9.680304 45.635647 13.422508
10.974062 44.779518 13.422508
10.466382 32.129904 12.796696
10.695406 33.189467 11.686986
9.401649 32.333338 11.686986
11.468300 30.663732 11.584364
10.422438 30.863806 10.422438
11.599873 33.199807 10.602866
12.796437 32.199439 10.537209
14.249427 44.348093 10.602866
13.052863 45.348461 10.537209
14.381000 46.884168 11.584364
15.426862 46.684094 10.422438
15.382918 45.417996 12.796696
15.153894 44.358433 11.686986
16.447651 45.214562 11.686986
23.391032 32.493346 12.796696
22.326299 32.289912 11.686986
23.620056 31.433783 11.686986
24.509014 33.959518 11.468300
23.347088 33.759444 10.422438
24.539516 31.403798 10.548841
25.721087 32.423811 10.537209
22.833721 45.896725 14.532218
23.898712 45.693032 13.422508
22.604954 44.836903 13.422508
24.509014 43.588382 14.381000
23.347088 43.788456 15.426862
24.539516 46.144102 15.300459
25.721087 45.124089 15.312091
22.833721 44.575825 1.607568
22.604954 45.635647 0.497858
23.898712 44.779518 0.497858
23.418690 46.713304 2.546673
24.468689 46.859870 1.380611
25.728842 45.324163 2.409155
24.517803 44.341114 2.353579
24.730284 45.077819 8.413947
24.730284 32.153169 4.510703
24.730284 32.470081 17.435353
24.730284 45.394731 21.338597
25.728842 32.223737 23.440145
24.517803 33.206786 23.495721
23.418690 30.834596 23.302627
24.468689 30.688030 24.468689
23.391032 32.129904 25.721346
23.620056 33.189467 24.611636
22.326299 32.333338 24.611636
2.458268 45.417996 25.721346
2.229244 44.358433 24.611636
3.523001 45.214562 24.611636
2.430610 46.713304 23.302627
1.380611 46.859870 24.468689
0.120458 45.324163 23.440145
1.331497 44.341114 23.495721
1.119016 32.153169 21.338597
1.119016 45.077819 17.435353
1.309784 31.403798 15.300459
0.128213 32.423811 15.312091
1.340286 33.959518 14.381000
2.502212 33.759444 15.426862
3.015579 31.651175 14.532218
1.950588 31.854868 13.422508
3.244346 32.710997 13.422508
2.458268 45.054554 12.796696
3.523001 45.257988 11.686986
2.229244 46.114117 11.686986
1.340286 43.588382 11.468300
2.502212 43.788456 10.422438
1.309784 46.144102 10.548841
0.128213 45.124089 10.537209
1.119016 45.394731 4.510703
1.119016 32.470081 8.413947
0.120458 32.223737 2.409155
1.331497 33.206786 2.353579
2.430610 30.834596 2.546673
1.380611 30.688030 1.380611
3.015579 32.972075 1.607568
3.244346 31.912253 0.497858
1.950588 32.768382 0.497858
12.789200 45.128742 2.355130
11.593153 46.131436 2.353579
10.377977 43.759246 2.430610
11.544039 43.612680 1.380611
9.909071 45.896725 1.607568
10.974062 45.693032 0.497858
9.680304 44.836903 0.497858
15.940229 31.651175 1.607568
14.875238 31.854868 0.497858
16.168996 32.710997 0.497858
15.471323 33.788654 2.430610
14.305261 33.935220 1.380611
13.060100 32.419158 2.355130
14.256147 31.416464 2.353579
7.122775 27.456868 3.015579
6.062953 26.347158 3.244346
6.919082 26.347158 1.950588
4.814432 27.189586 1.456350
5.014506 28.351512 2.502212
7.350507 28.171084 1.324777
6.350139 28.236741 0.128213
20.294802 36.398141 1.309784
19.274789 36.386509 0.128213
17.739082 37.317600 1.340286
17.939156 36.271738 2.502212
19.205254 38.645996 2.458268
19.408688 37.536286 3.523001
20.264817 37.536286 2.229244
5.801875 40.381518 3.015579
6.005568 39.271808 1.950588
6.861697 39.271808 3.244346
8.110218 40.230300 1.340286
7.910144 41.276162 2.502212
5.554498 41.149759 1.309784
6.574511 41.161391 0.128213
6.303869 47.187897 1.119016
6.620781 34.263247 1.119016
19.545431 30.360003 1.119016
19.228519 43.284653 1.119016
18.498793 49.376816 1.324777
19.499161 49.311159 0.128213
21.034868 50.358314 1.456350
20.834794 49.196388 2.502212
19.568696 51.570646 2.458268
18.509133 50.460936 2.229244
19.365262 50.460936 3.523001
6.644046 51.570646 10.466382
6.440612 50.460936 9.401649
5.584483 50.460936 10.695406
7.939354 49.267990 10.377977
8.085920 50.317989 11.544039
6.569858 49.343470 12.789200
5.567164 49.345021 11.593153
6.620781 47.187897 14.043666
19.545431 43.284653 14.043666
6.303869 43.284653 11.805634
19.279442 49.343470 13.060100
20.282136 49.345021 14.256147
17.909946 49.267990 15.471323
17.763380 50.317989 14.305261
19.205254 51.570646 15.382918
19.408688 50.460936 16.447651
20.264817 50.460936 15.153894
6.280604 51.570646 23.391032
7.340167 50.460936 23.620056
6.484038 50.460936 22.326299
4.814432 50.358314 24.392950
5.014506 49.196388 23.347088
7.350507 49.376816 24.524523
6.350139 49.311159 25.721087
19.545431 47.187897 24.730284
20.294802 41.149759 24.539516
19.274789 41.161391 25.721087
17.739082 40.230300 24.509014
17.939156 41.276162 23.347088
20.047425 40.381518 22.833721
19.843732 39.271808 23.898712
18.987603 39.271808 22.604954
6.644046 38.645996 23.391032
6.440612 37.536286 22.326299
5.584483 37.536286 23.620056
8.110218 37.317600 24.509014
7.910144 36.271738 23.347088
5.554498 36.398141 24.539516
6.574511 36.386509 25.721087
19.228519 34.263247 24.730284
6.303869 30.360003 24.730284
4.510703 39.892966 19.228519
8.390424 37.611765 19.543622
6.374437 41.183105 13.045108
7.357486 41.127529 14.256147
4.985296 41.320623 15.355260
4.838730 40.154561 14.305261
7.122775 40.381518 15.940229
6.062953 39.271808 16.168996
6.919082 39.271808 14.875238
19.474863 41.183105 12.804192
18.491814 41.127529 11.593153
20.864004 41.320623 10.494040
21.010570 40.154561 11.544039
18.726525 40.381518 9.909071
19.786347 39.271808 9.680304
18.930218 39.271808 10.974062
6.280604 38.645996 10.466382
7.340167 37.536286 10.695406
6.484038 37.536286 9.401649
4.985296 36.227277 10.494040
4.838730 37.393339 11.544039
6.374437 36.364795 12.804192
7.357486 36.420371 11.593153
19.474863 36.364795 13.045108
18.491814 36.420371 14.256147
20.864004 36.227277 15.355260
21.010570 37.393339 14.305261
19.568696 38.645996 15.382918
18.509133 37.536286 15.153894
19.365262 37.536286 16.447651
6.569858 28.204430 13.060100
5.567164 28.202879 14.256147
7.939354 28.279910 15.471323
8.085920 27.229911 14.305261
5.801875 27.456868 15.940229
6.005568 26.347158 14.875238
6.861697 26.347158 16.168996
19.279442 28.204430 12.789200
20.282136 28.202879 11.593153
17.909946 28.279910 10.377977
17.763380 27.229911 11.544039
20.047425 27.456868 9.909071
19.843732 26.347158 10.974062
18.987603 26.347158 9.680304
6.620781 43.284653 24.730284
11.798396 29.383416 19.310203
11.585915 28.187628 20.275415
12.786356 28.187628 19.292884
11.468300 27.189586 17.739082
10.422438 28.351512 17.939156
10.548841 27.159084 20.294802
10.537209 25.977513 19.274789
2.321784 27.174077 7.350507
2.387441 25.977513 6.350139
1.340286 27.305650 4.814432
2.502212 28.351512 5.014506
1.126254 29.383416 6.385553
0.138294 28.187628 6.368234
1.338735 28.187628 7.350765
0.609010 36.834219 19.942218
0.396787 35.638430 18.977005
1.597228 35.638430 19.959537
2.430610 36.227277 17.909946
1.380611 37.393339 17.763380
2.355130 38.638500 19.279442
2.353579 37.442453 20.282136
2.355130 38.909400 6.569858
2.353579 40.105447 5.567164
2.430610 41.320623 7.939354
1.380611 40.154561 8.085920
1.126254 42.308066 6.539097
1.338735 41.112278 5.573885
0.138294 41.112278 6.556416
0.609010 49.758869 18.831732
1.597228 48.563080 18.814413
0.396787 48.563080 19.796945
1.340286 50.242250 21.034868
2.502212 49.196388 20.834794
2.321784 50.373823 18.498793
2.387441 51.570387 19.499161
10.548841 50.388816 5.554498
10.537209 51.570387 6.574511
11.468300 50.358314 8.110218
10.422438 49.196388 7.910144
12.315640 49.758869 5.907082
12.527863 48.563080 6.872295
11.327422 48.563080 5.889763
13.533660 49.758869 19.942218
13.321437 48.563080 18.977005
14.521878 48.563080 19.959537
14.381000 50.358314 17.739082
15.426862 49.196388 17.939156
15.300459 50.388816 20.294802
15.312091 51.570387 19.274789
23.527516 50.373823 7.350507
23.461859 51.570387 6.350139
24.509014 50.242250 4.814432
23.347088 49.196388 5.014506
25.240290 49.758869 7.017568
24.252072 48.563080 7.034887
25.452513 48.563080 6.052355
24.723046 42.308066 19.310203
24.510565 41.112278 20.275415
25.711006 41.112278 19.292884
23.418690 41.320623 17.909946
24.468689 40.154561 17.763380
23.494170 38.909400 19.279442
23.495721 40.105447 20.282136
23.494170 38.638500 6.569858
23.495721 37.442453 5.567164
23.418690 36.227277 7.939354
24.468689 37.393339 8.085920
25.728842 36.364795 6.550213
24.517803 36.420371 5.567164
24.723046 29.383416 19.463747
25.711006 28.187628 19.481066
24.510565 28.187628 18.498535
24.509014 27.305650 21.034868
23.347088 28.351512 20.834794
23.527516 27.174077 18.498793
23.461859 25.977513 19.499161
15.300459 27.159084 5.554498
15.312091 25.977513 6.574511
14.381000 27.189586 8.110218
15.426862 28.351512 7.910144
14.050904 29.383416 6.539097
14.263385 28.187628 5.573885
13.062944 28.187628 6.556416
13.533660 36.834219 18.831732
14.521878 35.638430 18.814413
13.321437 35.638430 19.796945
15.471323 36.343340 20.864004
14.305261 37.393339 21.010570
15.333805 38.653492 19.474863
15.278229 37.442453 18.491814
15.333805 38.894408 6.374437
15.278229 40.105447 7.357486
15.471323 41.204560 4.985296
14.305261 40.154561 4.838730
14.050904 42.308066 6.385553
13.062944 41.112278 6.368234
14.263385 41.112278 7.350765
11.798396 42.308066 19.463747
12.786356 41.112278 19.481066
11.585915 41.112278 18.498535
10.377977 41.204560 20.864004
11.544039 40.154561 21.010570
10.515495 38.894408 19.474863
10.571071 40.105447 18.491814
10.515495 38.653492 6.374437
10.571071 37.442453 7.357486
10.377977 36.343340 4.985296
11.544039 37.393339 4.838730
12.315640 36.834219 7.017568
11.327422 35.638430 7.034887
12.527863 35.638430 6.052355
4.510703 26.968316 19.545431
8.413947 26.968316 6.620781
21.338597 26.968316 6.303869
17.435353 26.968316 19.228519
21.338597 50.579584 19.545431
17.435353 50.579584 6.620781
8.413947 50.579584 19.228519
4.510703 50.579584 6.303869
21.338597 39.892966 6.620781
17.458876 37.611765 6.305678
17.458876 39.936135 19.543622
21.338597 37.654934 19.228519
4.510703 37.654934 6.620781
8.390424 39.936135 6.305678
19.545431 34.263247 11.805634
19.228519 30.360003 14.043666
19.228519 47.187897 11.805634
6.303869 34.263247 14.043666
6.620781 30.360003 11.805634
18.498793 28.171084 24.524523
19.499161 28.236741 25.721087
21.034868 27.189586 24.392950
20.834794 28.351512 23.347088
18.726525 27.456868 22.833721
19.786347 26.347158 22.604954
18.930218 26.347158 23.898712
7.582117 33.431417 31.191833
6.462325 32.311625 32.311625
7.269857 33.119157 29.313365
6.462325 32.311625 28.741061
6.462325 32.311625 27.257311
6.552281 33.419784 26.536374
18.267183 44.116483 31.191833
19.386975 45.236275 32.311625
18.579443 44.428743 29.313365
19.386975 45.236275 28.741061
19.386975 45.236275 27.257311
19.297019 44.128116 26.536374
18.267183 33.431417 46.356067
19.386975 32.311625 45.236275
18.579443 33.119157 48.234535
19.386975 32.311625 48.806839
19.386975 32.311625 50.290589
19.297019 33.419784 51.011526
7.582117 44.116483 46.356067
6.462325 45.236275 45.236275
7.269857 44.428743 48.234535
6.462325 45.236275 48.806839
6.462325 45.236275 50.290589
6.552281 44.128116 51.011526
5.342533 33.431417 33.431417
3.464065 33.119157 33.119157
2.891761 32.311625 32.311625
1.408011 32.311625 32.311625
0.687074 32.401581 33.419784
5.342533 44.116483 44.116483
3.464065 44.428743 44.428743
2.891761 45.236275 45.236275
1.408011 45.236275 45.236275
0.687074 45.146319 44.128116
20.506767 44.116483 33.431417
22.385235 44.428743 33.119157
22.957539 45.236275 32.311625
24.441289 45.236275 32.311625
25.162226 45.146319 33.419784
20.506767 33.431417 44.116483
22.385235 33.119157 44.428743
22.957539 32.311625 45.236275
24.441289 32.311625 45.236275
25.162226 32.401581 44.128116
7.582117 31.191833 33.431417
7.269857 29.313365 33.119157
6.462325 28.741061 32.311625
6.462325 27.257311 32.311625
7.570484 26.536374 32.401581
18.267183 31.191833 44.116483
18.579443 29.313365 44.428743
19.386975 28.741061 45.236275
19.386975 27.257311 45.236275
18.278816 26.536374 45.146319
7.582117 46.356067 44.116483
7.269857 48.234535 44.428743
6.462325 48.806839 45.236275
6.462325 50.290589 45.236275
7.570484 51.011526 45.146319
18.267183 46.356067 33.431417
18.579443 48.234535 33.119157
19.386975 48.806839 32.311625
19.386975 50.290589 32.311625
18.278816 51.011526 32.401581
7.582117 33.431417 46.356067
6.462325 32.311625 45.236275
7.269857 33.119157 48.234535
6.462325 32.311625 48.806839
6.462325 32.311625 50.290589
10.332224 32.290429 50.652479
11.023434 33.334999 49.797384
18.267183 44.116483 46.356067
19.386975 45.236275 45.236275
18.579443 44.428743 48.234535
19.386975 45.236275 48.806839
19.386975 45.236275 50.290589
15.517076 45.257471 50.652479
14.825866 44.212901 49.797384
7.582117 44.116483 31.191833
6.462325 45.236275 32.311625
7.269857 44.428743 29.313365
6.462325 45.236275 28.741061
6.462325 45.236275 27.257311
10.332224 45.257471 26.895421
11.023434 44.212901 27.750516
18.267183 33.431417 31.191833
19.386975 32.311625 32.311625
18.579443 33.119157 29.313365
19.386975 32.311625 28.741061
19.386975 32.311625 27.257311
15.517076 32.290429 26.895421
14.825866 33.334999 27.750516
7.582117 31.191833 44.116483
7.269857 29.313365 44.428743
6.462325 28.741061 45.236275
6.462325 27.257311 45.236275
6.441129 26.895421 41.366376
7.485699 27.750516 40.675166
18.267183 31.191833 33.431417
18.579443 29.313365 33.119157
19.386975 28.741061 32.311625
19.386975 27.257311 32.311625
19.408171 26.895421 36.181524
18.363601 27.750516 36.872734
18.267183 46.356067 44.116483
18.579443 48.234535 44.428743
19.386975 48.806839 45.236275
19.386975 50.290589 45.236275
19.408171 50.652479 41.366376
18.363601 49.797384 40.675166
7.582117 46.356067 33.431417
7.269857 48.234535 33.119157
6.462325 48.806839 32.311625
6.462325 50.290589 32.311625
6.441129 50.652479 36.181524
7.485699 49.797384 36.872734
5.342533 33.431417 44.116483
3.464065 33.119157 44.428743
2.891761 32.311625 45.236275
1.408011 32.311625 45.236275
1.046121 36.181524 45.257471
1.901216 36.872734 44.212901
5.342533 44.116483 33.431417
3.464065 44.428743 33.119157
2.891761 45.236275 32.311625
1.408011 45.236275 32.311625
1.046121 41.366376 32.290429
1.901216 40.675166 33.334999
20.506767 33.431417 33.431417
22.385235 33.119157 33.119157
22.957539 32.311625 32.311625
24.441289 32.311625 32.311625
24.538224 34.667789 32.556159
24.803179 36.181524 32.290429
23.948084 36.872734 33.334999
20.506767 44.116483 44.116483
22.385235 44.428743 44.428743
22.957539 45.236275 45.236275
24.441289 45.236275 45.236275
24.803179 41.366376 45.257471
23.948084 40.675166 44.212901
19.297019 44.128116 51.011526
19.142441 42.880111 50.387524
19.408171 41.366376 50.652479
18.363601 40.675166 49.797384
6.552281 33.419784 51.011526
6.706859 34.667789 50.387524
6.441129 36.181524 50.652479
7.485699 36.872734 49.797384
6.552281 44.128116 26.536374
6.706859 42.880111 27.160376
6.441129 41.366376 26.895421
7.485699 40.675166 27.750516
19.297019 33.419784 26.536374
19.142441 34.667789 27.160376
19.408171 36.181524 26.895421
18.363601 36.872734 27.750516
25.162226 45.146319 44.128116
24.538224 44.991741 42.880111
24.803179 45.257471 41.366376
23.948084 44.212901 40.675166
25.162226 32.401581 33.419784
24.538224 32.556159 34.667789
24.803179 32.290429 36.181524
23.948084 33.334999 36.872734
0.687074 32.401581 44.128116
1.311076 32.556159 42.880111
1.046121 32.290429 41.366376
1.901216 33.334999 40.675166
0.687074 45.146319 33.419784
1.311076 44.991741 34.667789
1.046121 45.257471 36.181524
1.901216 44.212901 36.872734
18.278816 51.011526 45.146319
17.030811 50.387524 44.991741
15.517076 50.652479 45.257471
14.825866 49.797384 44.212901
7.570484 51.011526 32.401581
8.818489 50.387524 32.556159
10.332224 50.652479 32.290429
11.023434 49.797384 33.334999
18.278816 26.536374 32.401581
17.030811 27.160376 32.556159
15.517076 26.895421 32.290429
14.825866 27.750516 33.334999
7.570484 26.536374 45.146319
8.818489 27.160376 44.991741
10.332224 26.895421 45.257471
11.023434 27.750516 44.212901
7.269857 46.043807 42.238015
6.462325 45.236275 41.665711
6.462325 45.236275 40.181961
6.552281 46.344434 39.461024
18.579443 31.504093 42.238015
19.386975 32.311625 41.665711
19.386975 32.311625 40.181961
19.297019 31.203466 39.461024
18.579443 46.043807 35.309885
19.386975 45.236275 35.882189
19.386975 45.236275 37.365939
19.297019 46.344434 38.086876
7.269857 31.504093 35.309885
6.462325 32.311625 35.882189
6.462325 32.311625 37.365939
6.552281 31.203466 38.086876
5.342533 46.356067 46.356067
3.464065 46.043807 46.043807
0.687074 45.326231 46.344434
1.311076 45.480809 47.592439
1.046121 45.215079 49.106174
1.901216 46.259649 49.797384
5.342533 31.191833 31.191833
3.464065 31.504093 31.504093
0.687074 32.221669 31.203466
1.311076 32.067091 29.955461
1.046121 32.332821 28.441726
1.901216 31.288251 27.750516
20.506767 31.191833 46.356067
22.385235 31.504093 46.043807
25.162226 32.221669 46.344434
24.538224 32.067091 47.592439
24.803179 32.332821 49.106174
23.948084 31.288251 49.797384
20.506767 46.356067 31.191833
22.385235 46.043807 31.504093
25.162226 45.326231 31.203466
24.538224 45.480809 29.955461
24.803179 45.215079 28.441726
23.948084 46.259649 27.750516
7.269857 42.238015 46.043807
6.462325 41.665711 45.236275
6.462325 40.181961 45.236275
7.570484 39.461024 45.326231
8.818489 40.085026 45.480809
10.332224 39.820071 45.215079
11.023434 40.675166 46.259649
18.579443 42.238015 31.504093
19.386975 41.665711 32.311625
19.386975 40.181961 32.311625
18.278816 39.461024 32.221669
17.030811 40.085026 32.067091
15.517076 39.820071 32.332821
14.825866 40.675166 31.288251
7.269857 35.309885 31.504093
6.462325 35.882189 32.311625
6.462325 37.365939 32.311625
7.570484 38.086876 32.221669
8.818489 37.462874 32.067091
10.332224 37.727829 32.332821
11.023434 36.872734 31.288251
18.579443 35.309885 46.043807
19.386975 35.882189 45.236275
19.386975 37.365939 45.236275
18.278816 38.086876 45.326231
17.030811 37.462874 45.480809
15.517076 37.727829 45.215079
14.825866 36.872734 46.259649
7.269857 46.043807 35.309885
6.462325 45.236275 35.882189
6.462325 45.236275 37.365939
18.579443 31.504093 35.309885
19.386975 32.311625 35.882189
19.386975 32.311625 37.365939
7.269857 31.504093 42.238015
6.462325 32.311625 41.665711
6.462325 32.311625 40.181961
18.579443 46.043807 42.238015
19.386975 45.236275 41.665711
19.386975 45.236275 40.181961
7.269857 42.238015 31.504093
6.462325 41.665711 32.311625
6.462325 40.181961 32.311625
6.441129 39.820071 28.441726
18.579443 42.238015 46.043807
19.386975 41.665711 45.236275
19.386975 40.181961 45.236275
19.408171 39.820071 49.106174
18.579443 35.309885 31.504093
19.386975 35.882189 32.311625
19.386975 37.365939 32.311625
19.408171 37.727829 28.441726
7.269857 35.309885 46.043807
6.462325 35.882189 45.236275
6.462325 37.365939 45.236275
6.441129 37.727829 49.106174
5.342533 46.356067 31.191833
3.464065 46.043807 31.504093
5.342533 31.191833 46.356067
3.464065 31.504093 46.043807
20.506767 46.356067 46.356067
22.385235 46.043807 46.043807
20.506767 31.191833 31.191833
22.385235 31.504093 31.504093
19.297019 31.203466 38.086876
19.142441 29.955461 37.462874
19.408171 28.441726 37.727829
6.552281 46.344434 38.086876
6.706859 47.592439 37.462874
6.441129 49.106174 37.727829
6.552281 31.203466 39.461024
6.706859 29.955461 40.085026
6.441129 28.441726 39.820071
19.297019 46.344434 39.461024
19.142441 47.592439 40.085026
19.408171 49.106174 39.820071
25.162226 32.221669 31.203466
25.162226 45.326231 46.344434
0.687074 45.326231 31.203466
0.687074 32.221669 46.344434
18.278816 38.086876 32.221669
7.570484 38.086876 45.326231
18.278816 39.461024 45.326231
7.570484 39.461024 32.221669
15.517076 32.332821 39.820071
14.825866 31.288251 40.675166
10.332224 45.215079 39.820071
11.023434 46.259649 40.675166
15.517076 45.215079 37.727829
14.825866 46.259649 36.872734
10.332224 32.332821 37.727829
11.023434 31.288251 36.872734
24.803179 28.441726 45.215079
23.948084 27.750516 46.259649
24.803179 49.106174 32.332821
23.948084 49.797384 31.288251
1.046121 28.441726 32.332821
1.901216 27.750516 31.288251
1.046121 49.106174 45.215079
1.901216 49.797384 46.259649
20.194507 33.119157 42.238015
19.476931 33.419784 39.461024
19.631509 34.667789 40.085026
19.365779 36.181524 39.820071
20.410349 36.872734 40.675166
5.654793 44.428743 42.238015
6.372369 44.128116 39.461024
6.217791 42.880111 40.085026
6.483521 41.366376 39.820071
5.438951 40.675166 40.675166
5.654793 33.119157 35.309885
6.372369 33.419784 38.086876
6.217791 34.667789 37.462874
6.483521 36.181524 37.727829
5.438951 36.872734 36.872734
20.194507 44.428743 35.309885
19.476931 44.128116 38.086876
19.631509 42.880111 37.462874
19.365779 41.366376 37.727829
20.410349 40.675166 36.872734
16.388715 33.119157 46.043807
15.816411 32.311625 45.236275
14.332661 32.311625 45.236275
13.611724 32.401581 46.344434
16.388715 44.428743 31.504093
15.816411 45.236275 32.311625
14.332661 45.236275 32.311625
13.611724 45.146319 31.203466
9.460585 44.428743 46.043807
10.032889 45.236275 45.236275
11.516639 45.236275 45.236275
12.237576 45.146319 46.344434
9.460585 33.119157 31.504093
10.032889 32.311625 32.311625
11.516639 32.311625 32.311625
12.237576 32.401581 31.203466
20.194507 29.313365 46.043807
20.495134 26.536374 45.326231
21.743139 27.160376 45.480809
23.256874 26.895421 45.215079
5.654793 29.313365 31.504093
5.354166 26.536374 32.221669
4.106161 27.160376 32.067091
2.592426 26.895421 32.332821
20.194507 48.234535 31.504093
20.495134 51.011526 32.221669
21.743139 50.387524 32.067091
23.256874 50.652479 32.332821
5.654793 48.234535 46.043807
5.354166 51.011526 45.326231
4.106161 50.387524 45.480809
2.592426 50.652479 45.215079
20.194507 33.119157 35.309885
23.256874 32.290429 37.727829
5.654793 44.428743 35.309885
2.592426 45.257471 37.727829
20.194507 44.428743 42.238015
23.256874 45.257471 39.820071
5.654793 33.119157 42.238015
2.592426 32.290429 39.820071
20.194507 29.313365 31.504093
5.654793 29.313365 46.043807
5.654793 48.234535 31.504093
20.194507 48.234535 46.043807
16.388715 33.119157 31.504093
15.816411 32.311625 32.311625
14.332661 32.311625 32.311625
16.388715 44.428743 46.043807
15.816411 45.236275 45.236275
14.332661 45.236275 45.236275
9.460585 33.119157 46.043807
10.032889 32.311625 45.236275
11.516639 32.311625 45.236275
9.460585 44.428743 31.504093
10.032889 45.236275 32.311625
11.516639 45.236275 32.311625
6.372369 44.128116 38.086876
19.476931 33.419784 38.086876
19.476931 44.128116 39.461024
6.372369 33.419784 39.461024
12.237576 45.146319 31.203466
11.613574 44.991741 29.955461
11.878529 45.257471 28.441726
12.237576 32.401581 46.344434
11.613574 32.556159 47.592439
11.878529 32.290429 49.106174
13.611724 32.401581 31.203466
14.235726 32.556159 29.955461
13.970771 32.290429 28.441726
13.611724 45.146319 46.344434
14.235726 44.991741 47.592439
13.970771 45.257471 49.106174
5.354166 51.011526 32.221669
20.495134 51.011526 45.326231
5.354166 26.536374 45.326231
20.495134 26.536374 32.221669
6.483521 50.652479 49.106174
5.438951 49.797384 49.797384
19.365779 50.652479 28.441726
20.410349 49.797384 27.750516
19.365779 26.895421 49.106174
20.410349 27.750516 49.797384
6.483521 26.895421 28.441726
5.438951 27.750516 27.750516
11.878529 41.366376 45.215079
11.878529 36.181524 32.332821
13.970771 41.366376 32.332821
13.970771 36.181524 45.215079
20.194507 46.043807 29.313365
19.476931 46.344434 26.536374
19.631509 47.592439 27.160376
19.365779 49.106174 26.895421
5.654793 31.504093 29.313365
6.372369 31.203466 26.536374
6.217791 29.955461 27.160376
6.483521 28.441726 26.895421
5.654793 46.043807 48.234535
6.372369 46.344434 51.011526
6.217791 47.592439 50.387524
6.483521 49.106174 50.652479
20.194507 31.504093 48.234535
19.476931 31.203466 51.011526
19.631509 29.955461 50.387524
19.365779 28.441726 50.652479
16.388715 46.043807 33.119157
13.611724 45.326231 33.419784
14.235726 45.480809 34.667789
13.970771 45.215079 36.181524
16.388715 31.504093 44.428743
13.611724 32.221669 44.128116
14.235726 32.067091 42.880111
13.970771 32.332821 41.366376
9.460585 31.504093 33.119157
12.237576 32.221669 33.419784
11.613574 32.067091 34.667789
11.878529 32.332821 36.181524
9.460585 46.043807 44.428743
12.237576 45.326231 44.128116
11.613574 45.480809 42.880111
11.878529 45.215079 41.366376
20.194507 42.238015 33.119157
20.495134 39.461024 32.401581
5.654793 42.238015 44.428743
5.354166 39.461024 45.146319
20.194507 35.309885 44.428743
20.495134 38.086876 45.146319
5.654793 35.309885 33.119157
5.354166 38.086876 32.401581
20.194507 46.043807 48.234535
5.654793 31.504093 48.234535
20.194507 31.504093 29.313365
5.654793 46.043807 29.313365
20.194507 42.238015 44.428743
5.654793 42.238015 33.119157
5.654793 35.309885 44.428743
20.194507 35.309885 33.119157
16.388715 46.043807 44.428743
13.970771 49.106174 45.257471
16.388715 31.504093 33.119157
13.970771 28.441726 32.290429
9.460585 46.043807 33.119157
11.878529 49.106174 32.290429
9.460585 31.504093 44.428743
11.878529 28.441726 45.257471
6.372369 31.203466 51.011526
19.476931 46.344434 51.011526
19.476931 31.203466 26.536374
6.372369 46.344434 26.536374
12.237576 32.221669 44.128116
12.237576 45.326231 33.419784
13.611724 45.326231 44.128116
13.611724 32.221669 33.419784
5.354166 38.086876 45.146319
4.106161 37.462874 44.991741
2.592426 37.727829 45.257471
20.495134 38.086876 32.401581
21.743139 37.462874 32.556159
23.256874 37.727829 32.290429
5.354166 39.461024 32.401581
4.106161 40.085026 32.556159
2.592426 39.820071 32.290429
20.495134 39.461024 45.146319
21.743139 40.085026 44.991741
23.256874 39.820071 45.257471
2.592426 32.332821 26.895421
23.256874 45.215079 26.895421
2.592426 45.215079 50.652479
23.256874 32.332821 50.652479
6.483521 37.727829 36.181524
19.365779 37.727829 41.366376
19.365779 39.820071 36.181524
6.483521 39.820071 41.366376
14.043666 45.077819 30.360003
11.805634 45.394731 34.263247
14.043666 32.153169 34.263247
11.805634 32.470081 30.360003
14.043666 45.394731 43.284653
11.805634 45.077819 47.187897
11.805634 32.153169 43.284653
14.043666 32.470081 47.187897
10.466382 32.493346 51.570646
9.401649 32.289912 50.460936
10.695406 31.433783 50.460936
10.377977 33.788654 49.267990
11.544039 33.935220 50.317989
12.789200 32.419158 49.343470
11.593153 31.416464 49.345021
15.382918 45.054554 51.570646
16.447651 45.257988 50.460936
15.153894 46.114117 50.460936
15.471323 43.759246 49.267990
14.305261 43.612680 50.317989
13.060100 45.128742 49.343470
14.256147 46.131436 49.345021
14.249427 33.199807 41.095734
13.052863 32.199439 41.161391
14.381000 30.663732 40.114236
15.426862 30.863806 41.276162
15.940229 32.972075 40.381518
16.168996 31.912253 39.271808
14.875238 32.768382 39.271808
11.599873 44.348093 41.095734
12.796437 45.348461 41.161391
11.468300 46.884168 40.114236
10.422438 46.684094 41.276162
9.909071 44.575825 40.381518
9.680304 45.635647 39.271808
10.974062 44.779518 39.271808
10.466382 32.129904 38.645996
10.695406 33.189467 37.536286
9.401649 32.333338 37.536286
11.468300 30.663732 37.433664
10.422438 30.863806 36.271738
11.599873 33.199807 36.452166
12.796437 32.199439 36.386509
14.249427 44.348093 36.452166
13.052863 45.348461 36.386509
14.381000 46.884168 37.433664
15.426862 46.684094 36.271738
15.382918 45.417996 38.645996
15.153894 44.358433 37.536286
16.447651 45.214562 37.536286
23.391032 32.493346 38.645996
22.326299 32.289912 37.536286
23.620056 31.433783 37.536286
24.509014 33.959518 37.317600
23.347088 33.759444 36.271738
24.539516 31.403798 36.398141
25.721087 32.423811 36.386509
22.833721 45.896725 40.381518
23.898712 45.693032 39.271808
22.604954 44.836903 39.271808
24.509014 43.588382 40.230300
23.347088 43.788456 41.276162
24.539516 46.144102 41.149759
25.721087 45.124089 41.161391
22.833721 44.575825 27.456868
22.604954 45.635647 26.347158
23.898712 44.779518 26.347158
23.418690 46.713304 28.395973
24.468689 46.859870 27.229911
25.728842 45.324163 28.258455
24.517803 44.341114 28.202879
24.730284 45.077819 34.263247
24.730284 32.153169 30.360003
24.730284 32.470081 43.284653
24.730284 45.394731 47.187897
25.728842 32.223737 49.289445
24.517803 33.206786 49.345021
23.418690 30.834596 49.151927
24.468689 30.688030 50.317989
23.391032 32.129904 51.570646
23.620056 33.189467 50.460936
22.326299 32.333338 50.460936
2.458268 45.417996 51.570646
2.229244 44.358433 50.460936
3.523001 45.214562 50.460936
2.430610 46.713304 49.151927
1.380611 46.859870 50.317989
0.120458 45.324163 49.289445
1.331497 44.341114 49.345021
1.119016 32.153169 47.187897
1.119016 45.077819 43.284653
1.309784 31.403798 41.149759
0.128213 32.423811 41.161391
1.340286 33.959518 40.230300
2.502212 33.759444 41.276162
3.015579 31.651175 40.381518
1.950588 31.854868 39.271808
3.244346 32.710997 39.271808
2.458268 45.054554 38.645996
3.523001 45.257988 37.536286
2.229244 46.114117 37.536286
1.340286 43.588382 37.317600
2.502212 43.788456 36.271738
1.309784 46.144102 36.398141
0.128213 45.124089 36.386509
1.119016 45.394731 30.360003
1.119016 32.470081 34.263247
0.120458 32.223737 28.258455
1.331497 33.206786 28.202879
2.430610 30.834596 28.395973
1.380611 30.688030 27.229911
3.015579 32.972075 27.456868
3.244346 31.912253 26.347158
1.950588 32.768382 26.347158
12.789200 45.128742 28.204430
11.593153 46.131436 28.202879
10.377977 43.759246 28.279910
11.544039 43.612680 27.229911
9.909071 45.896725 27.456868
10.974062 45.693032 26.347158
9.680304 44.836903 26.347158
15.940229 31.651175 27.456868
14.875238 31.854868 26.347158
16.168996 32.710997 26.347158
15.471323 33.788654 28.279910
14.305261 33.935220 27.229911
13.060100 32.419158 28.204430
14.256147 31.416464 28.202879
7.122775 27.456868 28.864879
6.062953 26.347158 29.093646
6.919082 26.347158 27.799888
4.814432 27.189586 27.305650
5.014506 28.351512 28.351512
7.350507 28.171084 27.174077
6.350139 28.236741 25.977513
20.294802 36.398141 27.159084
19.274789 36.386509 25.977513
17.739082 37.317600 27.189586
17.939156 36.271738 28.351512
19.205254 38.645996 28.307568
19.408688 37.536286 29.372301
20.264817 37.536286 28.078544
5.801875 40.381518 28.864879
6.005568 39.271808 27.799888
6.861697 39.271808 29.093646
8.110218 40.230300 27.189586
7.910144 41.276162 28.351512
5.554498 41.149759 27.159084
6.574511 41.161391 25.977513
6.303869 47.187897 26.968316
6.620781 34.263247 26.968316
19.545431 30.360003 26.968316
19.228519 43.284653 26.968316
18.498793 49.376816 27.174077
19.499161 49.311159 25.977513
21.034868 50.358314 27.305650
20.834794 49.196388 28.351512
19.568696 51.570646 28.307568
18.509133 50.460936 28.078544
19.365262 50.460936 29.372301
6.644046 51.570646 36.315682
6.440612 50.460936 35.250949
5.584483 50.460936 36.544706
7.939354 49.267990 36.227277
8.085920 50.317989 37.393339
6.569858 49.343470 38.638500
5.567164 49.345021 37.442453
6.620781 47.187897 39.892966
19.545431 43.284653 39.892966
6.303869 43.284653 37.654934
19.279442 49.343470 38.909400
20.282136 49.345021 40.105447
17.909946 49.267990 41.320623
17.763380 50.317989 40.154561
19.205254 51.570646 41.232218
19.408688 50.460936 42.296951
20.264817 50.460936 41.003194
6.280604 51.570646 49.240332
7.340167 50.460936 49.469356
6.484038 50.460936 48.175599
4.814432 50.358314 50.242250
5.014506 49.196388 49.196388
7.350507 49.376816 50.373823
6.350139 49.311159 51.570387
19.545431 47.187897 50.579584
20.294802 41.149759 50.388816
19.274789 41.161391 51.570387
17.739082 40.230300 50.358314
17.939156 41.276162 49.196388
20.047425 40.381518 48.683021
19.843732 39.271808 49.748012
18.987603 39.271808 48.454254
6.644046 38.645996 49.240332
6.440612 37.536286 48.175599
5.584483 37.536286 49.469356
8.110218 37.317600 50.358314
7.910144 36.271738 49.196388
5.554498 36.398141 50.388816
6.574511 36.386509 51.570387
19.228519 34.263247 50.579584
6.303869 30.360003 50.579584
4.510703 39.892966 45.077819
8.390424 37.611765 45.392922
6.374437 41.183105 38.894408
7.357486 41.127529 40.105447
4.985296 41.320623 41.204560
4.838730 40.154561 40.154561
7.122775 40.381518 41.789529
6.062953 39.271808 42.018296
6.919082 39.271808 40.724538
19.474863 41.183105 38.653492
18.491814 41.127529 37.442453
20.864004 41.320623 36.343340
21.010570 40.154561 37.393339
18.726525 40.381518 35.758371
19.786347 39.271808 35.529604
18.930218 39.271808 36.823362
6.280604 38.645996 36.315682
7.340167 37.536286 36.544706
6.484038 37.536286 35.250949
4.985296 36.227277 36.343340
4.838730 37.393339 37.393339
6.374437 36.364795 38.653492
7.357486 36.420371 37.442453
19.474863 36.364795 38.894408
18.491814 36.420371 40.105447
20.864004 36.227277 41.204560
21.010570 37.393339 40.154561
19.568696 38.645996 41.232218
18.509133 37.536286 41.003194
19.365262 37.536286 42.296951
6.569858 28.204430 38.909400
5.567164 28.202879 40.105447
7.939354 28.279910 41.320623
8.085920 27.229911 40.154561
5.801875 27.456868 41.789529
6.005568 26.347158 40.724538
6.861697 26.347158 42.018296
19.279442 28.204430 38.638500
20.282136 28.202879 37.442453
17.909946 28.279910 36.227277
17.763380 27.229911 37.393339
20.047425 27.456868 35.758371
19.843732 26.347158 36.823362
18.987603 26.347158 35.529604
6.620781 43.284653 50.579584
11.798396 29.383416 45.159503
11.585915 28.187628 46.124715
12.786356 28.187628 45.142184
11.468300 27.189586 43.588382
10.422438 28.351512 43.788456
10.548841 27.159084 46.144102
10.537209 25.977513 45.124089
2.321784 27.174077 33.199807
2.387441 25.977513 32.199439
1.340286 27.305650 30.663732
2.502212 28.351512 30.863806
1.126254 29.383416 32.234853
0.138294 28.187628 32.217534
1.338735 28.187628 33.200065
0.609010 36.834219 45.791518
0.396787 35.638430 44.826305
1.597228 35.638430 45.808837
2.430610 36.227277 43.759246
1.380611 37.393339 43.612680
2.355130 38.638500 45.128742
2.353579 37.442453 46.131436
2.355130 38.909400 32.419158
2.353579 40.105447 31.416464
2.430610 41.320623 33.788654
1.380611 40.154561 33.935220
1.126254 42.308066 32.388397
1.338735 41.112278 31.423185
0.138294 41.112278 32.405716
0.609010 49.758869 44.681032
1.597228 48.563080 44.663713
0.396787 48.563080 45.646245
1.340286 50.242250 46.884168
2.502212 49.196388 46.684094
2.321784 50.373823 44.348093
2.387441 51.570387 45.348461
10.548841 50.388816 31.403798
10.537209 51.570387 32.423811
11.468300 50.358314 33.959518
10.422438 49.196388 33.759444
12.315640 49.758869 31.756382
12.527863 48.563080 32.721595
11.327422 48.563080 31.739063
13.533660 49.758869 45.791518
13.321437 48.563080 44.826305
14.521878 48.563080 45.808837
14.381000 50.358314 43.588382
15.426862 49.196388 43.788456
15.300459 50.388816 46.144102
15.312091 51.570387 45.124089
23.527516 50.373823 33.199807
23.461859 51.570387 32.199439
24.509014 50.242250 30.663732
23.347088 49.196388 30.863806
25.240290 49.758869 32.866868
24.252072 48.563080 32.884187
25.452513 48.563080 31.901655
24.723046 42.308066 45.159503
24.510565 41.112278 46.124715
25.711006 41.112278 45.142184
23.418690 41.320623 43.759246
24.468689 40.154561 43.612680
23.494170 38.909400 45.128742
23.495721 40.105447 46.131436
23.494170 38.638500 32.419158
23.495721 37.442453 31.416464
23.418690 36.227277 33.788654
24.468689 37.393339 33.935220
25.728842 36.364795 32.399513
24.517803 36.420371 31.416464
24.723046 29.383416 45.313047
25.711006 28.187628 45.330366
24.510565 28.187628 44.347835
24.509014 27.305650 46.884168
23.347088 28.351512 46.684094
23.527516 27.174077 44.348093
23.461859 25.977513 45.348461
15.300459 27.159084 31.403798
15.312091 25.977513 32.423811
14.381000 27.189586 33.959518
15.426862 28.351512 33.759444
14.050904 29.383416 32.388397
14.263385 28.187628 31.423185
13.062944 28.187628 32.405716
13.533660 36.834219 44.681032
14.521878 35.638430 44.663713
13.321437 35.638430 45.646245
15.471323 36.343340 46.713304
14.305261 37.393339 46.859870
15.333805 38.653492 45.324163
15.278229 37.442453 44.341114
15.333805 38.894408 32.223737
15.278229 40.105447 33.206786
15.471323 41.204560 30.834596
14.305261 40.154561 30.688030
14.050904 42.308066 32.234853
13.062944 41.112278 32.217534
14.263385 41.112278 33.200065
11.798396 42.308066 45.313047
12.786356 41.112278 45.330366
11.585915 41.112278 44.347835
10.377977 41.204560 46.713304
11.544039 40.154561 46.859870
10.515495 38.894408 45.324163
10.571071 40.105447 44.341114
10.515495 38.653492 32.223737
10.571071 37.442453 33.206786
10.377977 36.343340 30.834596
11.544039 37.393339 30.688030
12.315640 36.834219 32.866868
11.327422 35.638430 32.884187
12.527863 35.638430 31.901655
4.510703 26.968316 45.394731
8.413947 26.968316 32.470081
21.338597 26.968316 32.153169
17.435353 26.968316 45.077819
21.338597 50.579584 45.394731
17.435353 50.579584 32.470081
8.413947 50.579584 45.077819
4.510703 50.579584 32.153169
21.338597 39.892966 32.470081
17.458876 37.611765 32.154978
17.458876 39.936135 45.392922
21.338597 37.654934 45.077819
4.510703 37.654934 32.470081
8.390424 39.936135 32.154978
19.545431 34.263247 37.654934
19.228519 30.360003 39.892966
19.228519 47.187897 37.654934
6.303869 34.263247 39.892966
6.620781 30.360003 37.654934
18.498793 28.171084 50.373823
19.499161 28.236741 51.570387
21.034868 27.189586 50.242250
20.834794 28.351512 49.196388
18.726525 27.456868 48.683021
19.786347 26.347158 48.454254
18.930218 26.347158 49.748012
33.431417 7.582117 5.342533
32.311625 6.462325 6.462325
33.119157 7.269857 3.464065
32.311625 6.462325 2.891761
32.311625 6.462325 1.408011
32.401581 7.570484 0.687074
44.116483 18.267183 5.342533
45.236275 19.386975 6.462325
44.428743 18.579443 3.464065
45.236275 19.386975 2.891761
45.236275 19.386975 1.408011
45.146319 18.278816 0.687074
44.116483 7.582117 20.506767
45.236275 6.462325 19.386975
44.428743 7.269857 22.385235
45.236275 6.462325 22.957539
45.236275 6.462325 24.441289
45.146319 7.570484 25.162226
33.431417 18.267183 20.506767
32.311625 19.386975 19.386975
33.119157 18.579443 22.385235
32.311625 19.386975 22.957539
32.311625 19.386975 24.441289
32.401581 18.278816 25.162226
31.191833 7.582117 7.582117
29.313365 7.269857 7.269857
28.741061 6.462325 6.462325
27.257311 6.462325 6.462325
26.536374 6.552281 7.570484
31.191833 18.267183 18.267183
29.313365 18.579443 18.579443
28.741061 19.386975 19.386975
27.257311 19.386975 19.386975
26.536374 19.297019 18.278816
46.356067 18.267183 7.582117
48.234535 18.579443 7.269857
48.806839 19.386975 6.462325
50.290589 19.386975 6.462325
51.011526 19.297019 7.570484
46.356067 7.582117 18.267183
48.234535 7.269857 18.579443
48.806839 6.462325 19.386975
50.290589 6.462325 19.386975
51.011526 6.552281 18.278816
33.431417 5.342533 7.582117
33.119157 3.464065 7.269857
32.311625 2.891761 6.462325
32.311625 1.408011 6.462325
33.419784 0.687074 6.552281
44.116483 5.342533 18.267183
44.428743 3.464065 18.579443
45.236275 2.891761 19.386975
45.236275 1.408011 19.386975
44.128116 0.687074 19.297019
33.431417 20.506767 18.267183
33.119157 22.385235 18.579443
32.311625 22.957539 19.386975
32.311625 24.441289 19.386975
33.419784 25.162226 19.297019
44.116483 20.506767 7.582117
44.428743 22.385235 7.269857
45.236275 22.957539 6.462325
45.236275 24.441289 6.462325
44.128116 25.162226 6.552281
33.431417 7.582117 20.506767
32.311625 6.462325 19.386975
33.119157 7.269857 22.385235
32.311625 6.462325 22.957539
32.311625 6.462325 24.441289
36.181524 6.441129 24.803179
36.872734 7.485699 23.948084
44.116483 18.267183 20.506767
45.236275 19.386975 19.386975
44.428743 18.579443 22.385235
45.236275 19.386975 22.957539
45.236275 19.386975 24.441289
41.366376 19.408171 24.803179
40.675166 18.363601 23.948084
33.431417 18.267183 5.342533
32.311625 19.386975 6.462325
33.119157 18.579443 3.464065
32.311625 19.386975 2.891761
32.311625 19.386975 1.408011
36.181524 19.408171 1.046121
36.872734 18.363601 1.901216
44.116483 7.582117 5.342533
45.236275 6.462325 6.462325
44.428743 7.269857 3.464065
45.236275 6.462325 2.891761
45.236275 6.462325 1.408011
41.366376 6.441129 1.046121
40.675166 7.485699 1.901216
33.431417 5.342533 18.267183
33.119157 3.464065 18.579443
32.311625 2.891761 19.386975
32.311625 1.408011 19.386975
32.290429 1.046121 15.517076
33.334999 1.901216 14.825866
44.116483 5.342533 7.582117
44.428743 3.464065 7.269857
45.236275 2.891761 6.462325
45.236275 1.408011 6.462325
45.257471 1.046121 10.332224
44.212901 1.901216 11.023434
44.116483 20.506767 18.267183
44.428743 22.385235 18.579443
45.236275 22.957539 19.386975
45.236275 24.441289 19.386975
45.257471 24.803179 15.517076
44.212901 23.948084 14.825866
33.431417 20.506767 7.582117
33.119157 22.385235 7.269857
32.311625 22.957539 6.462325
32.311625 24.441289 6.462325
32.290429 24.803179 10.332224
33.334999 23.948084 11.023434
31.191833 7.582117 18.267183
29.313365 7.269857 18.579443
28.741061 6.462325 19.386975
27.257311 6.462325 19.386975
26.895421 10.332224 19.408171
27.750516 11.023434 18.363601
31.191833 18.267183 7.582117
29.313365 18.579443 7.269857
28.741061 19.386975 6.462325
27.257311 19.386975 6.462325
26.895421 15.517076 6.441129
27.750516 14.825866 7.485699
46.356067 7.582117 7.582117
48.234535 7.269857 7.269857
48.806839 6.462325 6.462325
50.290589 6.462325 6.462325
50.387524 8.818489 6.706859
50.652479 10.332224 6.441129
49.797384 11.023434 7.485699
46.356067 18.267183 18.267183
48.234535 18.579443 18.579443
48.806839 19.386975 19.386975
50.290589 19.386975 19.386975
50.652479 15.517076 19.408171
49.797384 14.825866 18.363601
45.146319 18.278816 25.162226
44.991741 17.030811 24.538224
45.257471 15.517076 24.803179
44.212901 14.825866 23.948084
32.401581 7.570484 25.162226
32.556159 8.818489 24.538224
32.290429 10.332224 24.803179
33.334999 11.023434 23.948084
32.401581 18.278816 0.687074
32.556159 17.030811 1.311076
32.290429 15.517076 1.046121
33.334999 14.825866 1.901216
45.146319 7.570484 0.687074
44.991741 8.818489 1.311076
45.257471 10.332224 1.046121
44.212901 11.023434 1.901216
51.011526 19.297019 18.278816
50.387524 19.142441 17.030811
50.652479 19.408171 15.517076
49.797384 18.363601 14.825866
51.011526 6.552281 7.570484
50.387524 6.706859 8.818489
50.652479 6.441129 10.332224
49.797384 7.485699 11.023434
26.536374 6.552281 18.278816
27.160376 6.706859 17.030811
26.895421 6.441129 15.517076
27.750516 7.485699 14.825866
26.536374 19.297019 7.570484
27.160376 19.142441 8.818489
26.895421 19.408171 10.332224
27.750516 18.363601 11.023434
44.128116 25.162226 19.297019
42.880111 24.538224 19.142441
41.366376 24.803179 19.408171
40.675166 23.948084 18.363601
33.419784 25.162226 6.552281
34.667789 24.538224 6.706859
36.181524 24.803179 6.441129
36.872734 23.948084 7.485699
44.128116 0.687074 6.552281
42.880111 1.311076 6.706859
41.366376 1.046121 6.441129
40.675166 1.901216 7.485699
33.419784 0.687074 19.297019
34.667789 1.311076 19.142441
36.181524 1.046121 19.408171
36.872734 1.901216 18.363601
33.119157 20.194507 16.388715
32.311625 19.386975 15.816411
32.311625 19.386975 14.332661
32.401581 20.495134 13.611724
44.428743 5.654793 16.388715
45.236275 6.462325 15.816411
45.236275 6.462325 14.332661
45.146319 5.354166 13.611724
44.428743 20.194507 9.460585
45.236275 19.386975 10.032889
45.236275 19.386975 11.516639
45.146319 20.495134 12.237576
33.119157 5.654793 9.460585
32.311625 6.462325 10.032889
32.311625 6.462325 11.516639
32.401581 5.354166 12.237576
31.191833 20.506767 20.506767
29.313365 20.194507 20.194507
26.536374 19.476931 20.495134
27.160376 19.631509 21.743139
26.895421 19.365779 23.256874
27.750516 20.410349 23.948084
31.191833 5.342533 5.342533
29.313365 5.654793 5.654793
26.536374 6.372369 5.354166
27.160376 6.217791 4.106161
26.895421 6.483521 2.592426
27.750516 5.438951 1.901216
46.356067 5.342533 20.506767
48.234535 5.654793 20.194507
51.011526 6.372369 20.495134
50.387524 6.217791 21.743139
50.652479 6.483521 23.256874
49.797384 5.438951 23.948084
46.356067 20.506767 5.342533
48.234535 20.194507 5.654793
51.011526 19.476931 5.354166
50.387524 19.631509 4.106161
50.652479 19.365779 2.592426
49.797384 20.410349 1.901216
33.119157 16.388715 20.194507
32.311625 15.816411 19.386975
32.311625 14.332661 19.386975
33.419784 13.611724 19.476931
34.667789 14.235726 19.631509
36.181524 13.970771 19.365779
36.872734 14.825866 20.410349
44.428743 16.388715 5.654793
45.236275 15.816411 6.462325
45.236275 14.332661 6.462325
44.128116 13.611724 6.372369
42.880111 14.235726 6.217791
41.366376 13.970771 6.483521
40.675166 14.825866 5.438951
33.119157 9.460585 5.654793
32.311625 10.032889 6.462325
32.311625 11.516639 6.462325
33.419784 12.237576 6.372369
34.667789 11.613574 6.217791
36.181524 11.878529 6.483521
36.872734 11.023434 5.438951
44.428743 9.460585 20.194507
45.236275 10.032889 19.386975
45.236275 11.516639 19.386975
44.128116 12.237576 19.476931
42.880111 11.613574 19.631509
41.366376 11.878529 19.365779
40.675166 11.023434 20.410349
33.119157 20.194507 9.460585
32.311625 19.386975 10.032889
32.311625 19.386975 11.516639
44.428743 5.654793 9.460585
45.236275 6.462325 10.032889
45.236275 6.462325 11.516639
33.119157 5.654793 16.388715
32.311625 6.462325 15.816411
32.311625 6.462325 14.332661
44.428743 20.194507 16.388715
45.236275 19.386975 15.816411
45.236275 19.386975 14.332661
33.119157 16.388715 5.654793
32.311625 15.816411 6.462325
32.311625 14.332661 6.462325
32.290429 13.970771 2.592426
44.428743 16.388715 20.194507
45.236275 15.816411 19.386975
45.236275 14.332661 19.386975
45.257471 13.970771 23.256874
44.428743 9.460585 5.654793
45.236275 10.032889 6.462325
45.236275 11.516639 6.462325
45.257471 11.878529 2.592426
33.119157 9.460585 20.194507
32.311625 10.032889 19.386975
32.311625 11.516639 19.386975
32.290429 11.878529 23.256874
31.191833 20.506767 5.342533
29.313365 20.194507 5.654793
31.191833 5.342533 20.506767
29.313365 5.654793 20.194507
46.356067 20.506767 20.506767
48.234535 20.194507 20.194507
46.356067 5.342533 5.342533
48.234535 5.654793 5.654793
45.146319 5.354166 12.237576
44.991741 4.106161 11.613574
45.257471 2.592426 11.878529
32.401581 20.495134 12.237576
32.556159 21.743139 11.613574
32.290429 23.256874 11.878529
32.401581 5.354166 13.611724
32.556159 4.106161 14.235726
32.290429 2.592426 13.970771
45.146319 20.495134 13.611724
44.991741 21.743139 14.235726
45.257471 23.256874 13.970771
51.011526 6.372369 5.354166
51.011526 19.476931 20.495134
26.536374 19.476931 5.354166
26.536374 6.372369 20.495134
44.128116 12.237576 6.372369
33.419784 12.237576 19.476931
44.128116 13.611724 19.476931
33.419784 13.611724 6.372369
41.366376 6.483521 13.970771
40.675166 5.438951 14.825866
36.181524 19.365779 13.970771
36.872734 20.410349 14.825866
41.366376 19.365779 11.878529
40.675166 20.410349 11.023434
36.181524 6.483521 11.878529
36.872734 5.438951 11.023434
50.652479 2.592426 19.365779
49.797384 1.901216 20.410349
50.652479 23.256874 6.483521
49.797384 23.948084 5.438951
26.895421 2.592426 6.483521
27.750516 1.901216 5.438951
26.895421 23.256874 19.365779
27.750516 23.948084 20.410349
46.043807 7.269857 16.388715
45.326231 7.570484 13.611724
45.480809 8.818489 14.235726
45.215079 10.332224 13.970771
46.259649 11.023434 14.825866
31.504093 18.579443 16.388715
32.221669 18.278816 13.611724
32.067091 17.030811 14.235726
32.332821 15.517076 13.970771
31.288251 14.825866 14.825866
31.504093 7.269857 9.460585
32.221669 7.570484 12.237576
32.067091 8.818489 11.613574
32.332821 10.332224 11.878529
31.288251 11.023434 11.023434
46.043807 18.579443 9.460585
45.326231 18.278816 12.237576
45.480809 17.030811 11.613574
45.215079 15.517076 11.878529
46.259649 14.825866 11.023434
42.238015 7.269857 20.194507
41.665711 6.462325 19.386975
40.181961 6.462325 19.386975
39.461024 6.552281 20.495134
42.238015 18.579443 5.654793
41.665711 19.386975 6.462325
40.181961 19.386975 6.462325
39.461024 19.297019 5.354166
35.309885 18.579443 20.194507
35.882189 19.386975 19.386975
37.365939 19.386975 19.386975
38.086876 19.297019 20.495134
35.309885 7.269857 5.654793
35.882189 6.462325 6.462325
37.365939 6.462325 6.462325
38.086876 6.552281 5.354166
46.043807 3.464065 20.194507
46.344434 0.687074 19.476931
47.592439 1.311076 19.631509
49.106174 1.046121 19.365779
31.504093 3.464065 5.654793
31.203466 0.687074 6.372369
29.955461 1.311076 6.217791
28.441726 1.046121 6.483521
46.043807 22.385235 5.654793
46.344434 25.162226 6.372369
47.592439 24.538224 6.217791
49.106174 24.803179 6.483521
31.504093 22.385235 20.194507
31.203466 25.162226 19.476931
29.955461 24.538224 19.631509
28.441726 24.803179 19.365779
46.043807 7.269857 9.460585
49.106174 6.441129 11.878529
31.504093 18.579443 9.460585
28.441726 19.408171 11.878529
46.043807 18.579443 16.388715
49.106174 19.408171 13.970771
31.504093 7.269857 16.388715
28.441726 6.441129 13.970771
46.043807 3.464065 5.654793
31.504093 3.464065 20.194507
31.504093 22.385235 5.654793
46.043807 22.385235 20.194507
42.238015 7.269857 5.654793
41.665711 6.462325 6.462325
40.181961 6.462325 6.462325
42.238015 18.579443 20.194507
41.665711 19.386975 19.386975
40.181961 19.386975 19.386975
35.309885 7.269857 20.194507
35.882189 6.462325 19.386975
37.365939 6.462325 19.386975
35.309885 18.579443 5.654793
35.882189 19.386975 6.462325
37.365939 19.386975 6.462325
32.221669 18.278816 12.237576
45.326231 7.570484 12.237576
45.326231 18.278816 13.611724
32.221669 7.570484 13.611724
38.086876 19.297019 5.354166
37.462874 19.142441 4.106161
37.727829 19.408171 2.592426
38.086876 6.552281 20.495134
37.462874 6.706859 21.743139
37.727829 6.441129 23.256874
39.461024 6.552281 5.354166
40.085026 6.706859 4.106161
39.820071 6.441129 2.592426
39.461024 19.297019 20.495134
40.085026 19.142441 21.743139
39.820071 19.408171 23.256874
31.203466 25.162226 6.372369
46.344434 25.162226 19.476931
31.203466 0.687074 19.476931
46.344434 0.687074 6.372369
32.332821 24.803179 23.256874
31.288251 23.948084 23.948084
45.215079 24.803179 2.592426
46.259649 23.948084 1.901216
45.215079 1.046121 23.256874
46.259649 1.901216 23.948084
32.332821 1.046121 2.592426
31.288251 1.901216 1.901216
37.727829 15.517076 19.365779
37.727829 10.332224 6.483521
39.820071 15.517076 6.483521
39.820071 10.332224 19.365779
46.043807 20.194507 3.464065
45.326231 20.495134 0.687074
45.480809 21.743139 1.311076
45.215079 23.256874 1.046121
31.504093 5.654793 3.464065
32.221669 5.354166 0.687074
32.067091 4.106161 1.311076
32.332821 2.592426 1.046121
31.504093 20.194507 22.385235
32.221669 20.495134 25.162226
32.067091 21.743139 24.538224
32.332821 23.256874 24.803179
46.043807 5.654793 22.385235
45.326231 5.354166 25.162226
45.480809 4.106161 24.538224
45.215079 2.592426 24.803179
42.238015 20.194507 7.269857
39.461024 19.476931 7.570484
40.085026 19.631509 8.818489
39.820071 19.365779 10.332224
42.238015 5.654793 18.579443
39.461024 6.372369 18.278816
40.085026 6.217791 17.030811
39.820071 6.483521 15.517076
35.309885 5.654793 7.269857
38.086876 6.372369 7.570484
37.462874 6.217791 8.818489
37.727829 6.483521 10.332224
35.309885 20.194507 18.579443
38.086876 19.476931 18.278816
37.462874 19.631509 17.030811
37.727829 19.365779 15.517076
46.043807 16.388715 7.269857
46.344434 13.611724 6.552281
31.504093 16.388715 18.579443
31.203466 13.611724 19.297019
46.043807 9.460585 18.579443
46.344434 12.237576 19.297019
31.504093 9.460585 7.269857
31.203466 12.237576 6.552281
46.043807 20.194507 22.385235
31.504093 5.654793 22.385235
46.043807 5.654793 3.464065
31.504093 20.194507 3.464065
46.043807 16.388715 18.579443
31.504093 16.388715 7.269857
31.504093 9.460585 18.579443
46.043807 9.460585 7.269857
42.238015 20.194507 18.579443
39.820071 23.256874 19.408171
42.238015 5.654793 7.269857
39.820071 2.592426 6.441129
35.309885 20.194507 7.269857
37.727829 23.256874 6.441129
35.309885 5.654793 18.579443
37.727829 2.592426 19.408171
32.221669 5.354166 25.162226
45.326231 20.495134 25.162226
45.326231 5.354166 0.687074
32.221669 20.495134 0.687074
38.086876 6.372369 18.278816
38.086876 19.476931 7.570484
39.461024 19.476931 18.278816
39.461024 6.372369 7.570484
31.203466 12.237576 19.297019
29.955461 11.613574 19.142441
28.441726 11.878529 19.408171
46.344434 12.237576 6.552281
47.592439 11.613574 6.706859
49.106174 11.878529 6.441129
31.203466 13.611724 6.552281
29.955461 14.235726 6.706859
28.441726 13.970771 6.441129
46.344434 13.611724 19.297019
47.592439 14.235726 19.142441
49.106174 13.970771 19.408171
28.441726 6.483521 1.046121
49.106174 19.365779 1.046121
28.441726 19.365779 24.803179
49.106174 6.483521 24.803179
32.332821 11.878529 10.332224
45.215079 11.878529 15.517076
45.215079 13.970771 10.332224
32.332821 13.970771 15.517076
39.892966 19.228519 4.510703
37.654934 19.545431 8.413947
39.892966 6.303869 8.413947
37.654934 6.620781 4.510703
39.892966 19.545431 17.435353
37.654934 19.228519 21.338597
37.654934 6.303869 17.435353
39.892966 6.620781 21.338597
36.315682 6.644046 25.721346
35.250949 6.440612 24.611636
36.544706 5.584483 24.611636
36.227277 7.939354 23.418690
37.393339 8.085920 24.468689
38.638500 6.569858 23.494170
37.442453 5.567164 23.495721
41.232218 19.205254 25.721346
42.296951 19.408688 24.611636
41.003194 20.264817 24.611636
41.320623 17.909946 23.418690
40.154561 17.763380 24.468689
38.909400 19.279442 23.494170
40.105447 20.282136 23.495721
40.098727 7.350507 15.246434
38.902163 6.350139 15.312091
40.230300 4.814432 14.264936
41.276162 5.014506 15.426862
41.789529 7.122775 14.532218
42.018296 6.062953 13.422508
40.724538 6.919082 13.422508
37.449173 18.498793 15.246434
38.645737 19.499161 15.312091
37.317600 21.034868 14.264936
36.271738 20.834794 15.426862
35.758371 18.726525 14.532218
35.529604 19.786347 13.422508
36.823362 18.930218 13.422508
36.315682 6.280604 12.796696
36.544706 7.340167 11.686986
35.250949 6.484038 11.686986
37.317600 4.814432 11.584364
36.271738 5.014506 10.422438
37.449173 7.350507 10.602866
38.645737 6.350139 10.537209
40.098727 18.498793 10.602866
38.902163 19.499161 10.537209
40.230300 21.034868 11.584364
41.276162 20.834794 10.422438
41.232218 19.568696 12.796696
41.003194 18.509133 11.686986
42.296951 19.365262 11.686986
49.240332 6.644046 12.796696
48.175599 6.440612 11.686986
49.469356 5.584483 11.686986
50.358314 8.110218 11.468300
49.196388 7.910144 10.422438
50.388816 5.554498 10.548841
51.570387 6.574511 10.537209
48.683021 20.047425 14.532218
49.748012 19.843732 13.422508
48.454254 18.987603 13.422508
50.358314 17.739082 14.381000
49.196388 17.939156 15.426862
50.388816 20.294802 15.300459
51.570387 19.274789 15.312091
48.683021 18.726525 1.607568
48.454254 19.786347 0.497858
49.748012 18.930218 0.497858
49.267990 20.864004 2.546673
50.317989 21.010570 1.380611
51.578142 19.474863 2.409155
50.367103 18.491814 2.353579
50.579584 19.228519 8.413947
50.579584 6.303869 4.510703
50.579584 6.620781 17.435353
50.579584 19.545431 21.338597
51.578142 6.374437 23.440145
50.367103 7.357486 23.495721
49.267990 4.985296 23.302627
50.317989 4.838730 24.468689
49.240332 6.280604 25.721346
49.469356 7.340167 24.611636
48.175599 6.484038 24.611636
28.307568 19.568696 25.721346
28.078544 18.509133 24.611636
29.372301 19.365262 24.611636
28.279910 20.864004 23.302627
27.229911 21.010570 24.468689
25.969758 19.474863 23.440145
27.180797 18.491814 23.495721
26.968316 6.303869 21.338597
26.968316 19.228519 17.435353
27.159084 5.554498 15.300459
25.977513 6.574511 15.312091
27.189586 8.110218 14.381000
28.351512 7.910144 15.426862
28.864879 5.801875 14.532218
27.799888 6.005568 13.422508
29.093646 6.861697 13.422508
28.307568 19.205254 12.796696
29.372301 19.408688 11.686986
28.078544 20.264817 11.686986
27.189586 17.739082 11.468300
28.351512 17.939156 10.422438
27.159084 20.294802 10.548841
25.977513 19.274789 10.537209
26.968316 19.545431 4.510703
26.968316 6.620781 8.413947
25.969758 6.374437 2.409155
27.180797 7.357486 2.353579
28.279910 4.985296 2.546673
27.229911 4.838730 1.380611
28.864879 7.122775 1.607568
29.093646 6.062953 0.497858
27.799888 6.919082 0.497858
38.638500 19.279442 2.355130
37.442453 20.282136 2.353579
36.227277 17.909946 2.430610
37.393339 17.763380 1.380611
35.758371 20.047425 1.607568
36.823362 19.843732 0.497858
35.529604 18.987603 0.497858
41.789529 5.801875 1.607568
40.724538 6.005568 0.497858
42.018296 6.861697 0.497858
41.320623 7.939354 2.430610
40.154561 8.085920 1.380611
38.909400 6.569858 2.355130
40.105447 5.567164 2.353579
32.972075 1.607568 3.015579
31.912253 0.497858 3.244346
32.768382 0.497858 1.950588
30.663732 1.340286 1.456350
30.863806 2.502212 2.502212
33.199807 2.321784 1.324777
32.199439 2.387441 0.128213
46.144102 10.548841 1.309784
45.124089 10.537209 0.128213
43.588382 11.468300 1.340286
43.788456 10.422438 2.502212
45.054554 12.796696 2.458268
45.257988 11.686986 3.523001
46.114117 11.686986 2.229244
31.651175 14.532218 3.015579
31.854868 13.422508 1.950588
32.710997 13.422508 3.244346
33.959518 14.381000 1.340286
33.759444 15.426862 2.502212
31.403798 15.300459 1.309784
32.423811 15.312091 0.128213
32.153169 21.338597 1.119016
32.470081 8.413947 1.119016
45.394731 4.510703 1.119016
45.077819 17.435353 1.119016
44.348093 23.527516 1.324777
45.348461 23.461859 0.128213
46.884168 24.509014 1.456350
46.684094 23.347088 2.502212
45.417996 25.721346 2.458268
44.358433 24.611636 2.229244
45.214562 24.611636 3.523001
32.493346 25.721346 10.466382
32.289912 24.611636 9.401649
31.433783 24.611636 10.695406
33.788654 23.418690 10.377977
33.935220 24.468689 11.544039
32.419158 23.494170 12.789200
31.416464 23.495721 11.593153
32.470081 21.338597 14.043666
45.394731 17.435353 14.043666
32.153169 17.435353 11.805634
45.128742 23.494170 13.060100
46.131436 23.495721 14.256147
43.759246 23.418690 15.471323
43.612680 24.468689 14.305261
45.054554 25.721346 15.382918
45.257988 24.611636 16.447651
46.114117 24.611636 15.153894
32.129904 25.721346 23.391032
33.189467 24.611636 23.620056
32.333338 24.611636 22.326299
30.663732 24.509014 24.392950
30.863806 23.347088 23.347088
33.199807 23.527516 24.524523
32.199439 23.461859 25.721087
45.394731 21.338597 24.730284
46.144102 15.300459 24.539516
45.124089 15.312091 25.721087
43.588382 14.381000 24.509014
43.788456 15.426862 23.347088
45.896725 14.532218 22.833721
45.693032 13.422508 23.898712
44.836903 13.422508 22.604954
32.493346 12.796696 23.391032
32.289912 11.686986 22.326299
31.433783 11.686986 23.620056
33.959518 11.468300 24.509014
33.759444 10.422438 23.347088
31.403798 10.548841 24.539516
32.423811 10.537209 25.721087
45.077819 8.413947 24.730284
32.153169 4.510703 24.730284
30.360003 14.043666 19.228519
34.239724 11.762465 19.543622
32.223737 15.333805 13.045108
33.206786 15.278229 14.256147
30.834596 15.471323 15.355260
30.688030 14.305261 14.305261
32.972075 14.532218 15.940229
31.912253 13.422508 16.168996
32.768382 13.422508 14.875238
45.324163 15.333805 12.804192
44.341114 15.278229 11.593153
46.713304 15.471323 10.494040
46.859870 14.305261 11.544039
44.575825 14.532218 9.909071
45.635647 13.422508 9.680304
44.779518 13.422508 10.974062
32.129904 12.796696 10.466382
33.189467 11.686986 10.695406
32.333338 11.686986 9.401649
30.834596 10.377977 10.494040
30.688030 11.544039 11.544039
32.223737 10.515495 12.804192
33.206786 10.571071 11.593153
45.324163 10.515495 13.045108
44.341114 10.571071 14.256147
46.713304 10.377977 15.355260
46.859870 11.544039 14.305261
45.417996 12.796696 15.382918
44.358433 11.686986 15.153894
45.214562 11.686986 16.447651
32.419158 2.355130 13.060100
31.416464 2.353579 14.256147
33.788654 2.430610 15.471323
33.935220 1.380611 14.305261
31.651175 1.607568 15.940229
31.854868 0.497858 14.875238
32.710997 0.497858 16.168996
45.128742 2.355130 12.789200
46.131436 2.353579 11.593153
43.759246 2.430610 10.377977
43.612680 1.380611 11.544039
45.896725 1.607568 9.909071
45.693032 0.497858 10.974062
44.836903 0.497858 9.680304
32.470081 17.435353 24.730284
37.647696 3.534116 19.310203
37.435215 2.338328 20.275415
38.635656 2.338328 19.292884
37.317600 1.340286 17.739082
36.271738 2.502212 17.939156
36.398141 1.309784 20.294802
36.386509 0.128213 19.274789
28.171084 1.324777 7.350507
28.236741 0.128213 6.350139
27.189586 1.456350 4.814432
28.351512 2.502212 5.014506
26.975554 3.534116 6.385553
25.987594 2.338328 6.368234
27.188035 2.338328 7.350765
26.458310 10.984919 19.942218
26.246087 9.789130 18.977005
27.446528 9.789130 19.959537
28.279910 10.377977 17.909946
27.229911 11.544039 17.763380
28.204430 12.789200 19.279442
28.202879 11.593153 20.282136
28.204430 13.060100 6.569858
28.202879 14.256147 5.567164
28.279910 15.471323 7.939354
27.229911 14.305261 8.085920
26.975554 16.458766 6.539097
27.188035 15.262978 5.573885
25.987594 15.262978 6.556416
26.458310 23.909569 18.831732
27.446528 22.713780 18.814413
26.246087 22.713780 19.796945
27.189586 24.392950 21.034868
28.351512 23.347088 20.834794
28.171084 24.524523 18.498793
28.236741 25.721087 19.499161
36.398141 24.539516 5.554498
36.386509 25.721087 6.574511
37.317600 24.509014 8.110218
36.271738 23.347088 7.910144
38.164940 23.909569 5.907082
38.377163 22.713780 6.872295
37.176722 22.713780 5.889763
39.382960 23.909569 19.942218
39.170737 22.713780 18.977005
40.371178 22.713780 19.959537
40.230300 24.509014 17.739082
41.276162 23.347088 17.939156
41.149759 24.539516 20.294802
41.161391 25.721087 19.274789
49.376816 24.524523 7.350507
49.311159 25.721087 6.350139
50.358314 24.392950 4.814432
49.196388 23.347088 5.014506
51.089590 23.909569 7.017568
50.101372 22.713780 7.034887
51.301813 22.713780 6.052355
50.572346 16.458766 19.310203
50.359865 15.262978 20.275415
51.560306 15.262978 19.292884
49.267990 15.471323 17.909946
50.317989 14.305261 17.763380
49.343470 13.060100 19.279442
49.345021 14.256147 20.282136
49.343470 12.789200 6.569858
49.345021 11.593153 5.567164
49.267990 10.377977 7.939354
50.317989 11.544039 8.085920
51.578142 10.515495 6.550213
50.367103 10.571071 5.567164
50.572346 3.534116 19.463747
51.560306 2.338328 19.481066
50.359865 2.338328 18.498535
50.358314 1.456350 21.034868
49.196388 2.502212 20.834794
49.376816 1.324777 18.498793
49.311159 0.128213 19.499161
41.149759 1.309784 5.554498
41.161391 0.128213 6.574511
40.230300 1.340286 8.110218
41.276162 2.502212 7.910144
39.900204 3.534116 6.539097
40.112685 2.338328 5.573885
38.912244 2.338328 6.556416
39.382960 10.984919 18.831732
40.371178 9.789130 18.814413
39.170737 9.789130 19.796945
41.320623 10.494040 20.864004
40.154561 11.544039 21.010570
41.183105 12.804192 19.474863
41.127529 11.593153 18.491814
41.183105 13.045108 6.374437
41.127529 14.256147 7.357486
41.320623 15.355260 4.985296
40.154561 14.305261 4.838730
39.900204 16.458766 6.385553
38.912244 15.262978 6.368234
40.112685 15.262978 7.350765
37.647696 16.458766 19.463747
38.635656 15.262978 19.481066
37.435215 15.262978 18.498535
36.227277 15.355260 20.864004
37.393339 14.305261 21.010570
36.364795 13.045108 19.474863
36.420371 14.256147 18.491814
36.364795 12.804192 6.374437
36.420371 11.593153 7.357486
36.227277 10.494040 4.985296
37.393339 11.544039 4.838730
38.164940 10.984919 7.017568
37.176722 9.789130 7.034887
38.377163 9.789130 6.052355
30.360003 1.119016 19.545431
34.263247 1.119016 6.620781
47.187897 1.119016 6.303869
43.284653 1.119016 19.228519
47.187897 24.730284 19.545431
43.284653 24.730284 6.620781
34.263247 24.730284 19.228519
30.360003 24.730284 6.303869
47.187897 14.043666 6.620781
43.308176 11.762465 6.305678
43.308176 14.086835 19.543622
47.187897 11.805634 19.228519
30.360003 11.805634 6.620781
34.239724 14.086835 6.305678
45.394731 8.413947 11.805634
45.077819 4.510703 14.043666
45.077819 21.338597 11.805634
32.153169 8.413947 14.043666
32.470081 4.510703 11.805634
44.348093 2.321784 24.524523
45.348461 2.387441 25.721087
46.884168 1.340286 24.392950
46.684094 2.502212 23.347088
44.575825 1.607568 22.833721
45.635647 0.497858 22.604954
44.779518 0.497858 23.898712
33.431417 7.582117 31.191833
32.311625 6.462325 32.311625
33.119157 7.269857 29.313365
32.311625 6.462325 28.741061
32.311625 6.462325 27.257311
32.401581 7.570484 26.536374
44.116483 18.267183 31.191833
45.236275 19.386975 32.311625
44.428743 18.579443 29.313365
45.236275 19.386975 28.741061
45.236275 19.386975 27.257311
45.146319 18.278816 26.536374
44.116483 7.582117 46.356067
45.236275 6.462325 45.236275
44.428743 7.269857 48.234535
45.236275 6.462325 48.806839
45.236275 6.462325 50.290589
45.146319 7.570484 51.011526
33.431417 18.267183 46.356067
32.311625 19.386975 45.236275
33.119157 18.579443 48.234535
32.311625 19.386975 48.806839
32.311625 19.386975 50.290589
32.401581 18.278816 51.011526
31.191833 7.582117 33.431417
29.313365 7.269857 33.119157
28.741061 6.462325 32.311625
27.257311 6.462325 32.311625
26.536374 6.552281 33.419784
31.191833 18.267183 44.116483
29.313365 18.579443 44.428743
28.741061 19.386975 45.236275
27.257311 19.386975 45.236275
26.536374 19.297019 44.128116
46.356067 18.267183 33.431417
48.234535 18.579443 33.119157
48.806839 19.386975 32.311625
50.290589 19.386975 32.311625
51.011526 19.297019 33.419784
46.356067 7.582117 44.116483
48.234535 7.269857 44.428743
48.806839 6.462325 45.236275
50.290589 6.462325 45.236275
51.011526 6.552281 44.128116
33.431417 5.342533 33.431417
33.119157 3.464065 33.119157
32.311625 2.891761 32.311625
32.311625 1.408011 32.311625
33.419784 0.687074 32.401581
44.116483 5.342533 44.116483
44.428743 3.464065 44.428743
45.236275 2.891761 45.236275
45.236275 1.408011 45.236275
44.128116 0.687074 45.146319
33.431417 20.506767 44.116483
33.119157 22.385235 44.428743
32.311625 22.957539 45.236275
32.311625 24.441289 45.236275
33.419784 25.162226 45.146319
44.116483 20.506767 33.431417
44.428743 22.385235 33.119157
45.236275 22.957539 32.311625
45.236275 24.441289 32.311625
44.128116 25.162226 32.401581
33.431417 7.582117 46.356067
32.311625 6.462325 45.236275
33.119157 7.269857 48.234535
32.311625 6.462325 48.806839
32.311625 6.462325 50.290589
36.181524 6.441129 50.652479
36.872734 7.485699 49.797384
44.116483 18.267183 46.356067
45.236275 19.386975 45.236275
44.428743 18.579443 48.234535
45.236275 19.386975 48.806839
45.236275 19.386975 50.290589
41.366376 19.408171 50.652479
40.675166 18.363601 49.797384
33.431417 18.267183 31.191833
32.311625 19.386975 32.311625
33.119157 18.579443 29.313365
32.311625 19.386975 28.741061
32.311625 19.386975 27.257311
36.181524 19.408171 26.895421
36.872734 18.363601 27.750516
44.116483 7.582117 31.191833
45.236275 6.462325 32.311625
44.428743 7.269857 29.313365
45.236275 6.462325 28.741061
45.236275 6.462325 27.257311
41.366376 6.441129 26.895421
40.675166 7.485699 27.750516
33.431417 5.342533 44.116483
33.119157 3.464065 44.428743
32.311625 2.891761 45.236275
32.311625 1.408011 45.236275
32.290429 1.046121 41.366376
33.334999 1.901216 40.675166
44.116483 5.342533 33.431417
44.428743 3.464065 33.119157
45.236275 2.891761 32.311625
45.236275 1.408011 32.311625
45.257471 1.046121 36.181524
44.212901 1.901216 36.872734
44.116483 20.506767 44.116483
44.428743 22.385235 44.428743
45.236275 22.957539 45.236275
45.236275 24.441289 45.236275
45.257471 24.803179 41.366376
44.212901 23.948084 40.675166
33.431417 20.506767 33.431417
33.119157 22.385235 33.119157
32.311625 22.957539 32.311625
32.311625 24.441289 32.311625
32.290429 24.803179 36.181524
33.334999 23.948084 36.872734
31.191833 7.582117 44.116483
29.313365 7.269857 44.428743
28.741061 6.462325 45.236275
27.257311 6.462325 45.236275
26.895421 10.332224 45.257471
27.750516 11.023434 44.212901
31.191833 18.267183 33.431417
29.313365 18.579443 33.119157
28.741061 19.386975 32.311625
27.257311 19.386975 32.311625
26.895421 15.517076 32.290429
27.750516 14.825866 33.334999
46.356067 7.582117 33.431417
48.234535 7.269857 33.119157
48.806839 6.462325 32.311625
50.290589 6.462325 32.311625
50.387524 8.818489 32.556159
50.652479 10.332224 32.290429
49.797384 11.023434 33.334999
46.356067 18.267183 44.116483
48.234535 18.579443 44.428743
48.806839 19.386975 45.236275
50.290589 19.386975 45.236275
50.652479 15.517076 45.257471
49.797384 14.825866 44.212901
45.146319 18.278816 51.011526
44.991741 17.030811 50.387524
45.257471 15.517076 50.652479
44.212901 14.825866 49.797384
32.401581 7.570484 51.011526
32.556159 8.818489 50.387524
32.290429 10.332224 50.652479
33.334999 11.023434 49.797384
32.401581 18.278816 26.536374
32.556159 17.030811 27.160376
32.290429 15.517076 26.895421
33.334999 14.825866 27.750516
45.146319 7.570484 26.536374
44.991741 8.818489 27.160376
45.257471 10.332224 26.895421
44.212901 11.023434 27.750516
51.011526 19.297019 44.128116
50.387524 19.142441 42.880111
50.652479 19.408171 41.366376
49.797384 18.363601 40.675166
51.011526 6.552281 33.419784
50.387524 6.706859 34.667789
50.652479 6.441129 36.181524
49.797384 7.485699 36.872734
26.536374 6.552281 44.128116
27.160376 6.706859 42.880111
26.895421 6.441129 41.366376
27.750516 7.485699 40.675166
26.536374 19.297019 33.419784
27.160376 19.142441 34.667789
26.895421 19.408171 36.181524
27.750516 18.363601 36.872734
44.128116 25.162226 45.146319
42.880111 24.538224 44.991741
41.366376 24.803179 45.257471
40.675166 23.948084 44.212901
33.419784 25.162226 32.401581
34.667789 24.538224 32.556159
36.181524 24.803179 32.290429
36.872734 23.948084 33.334999
44.128116 0.687074 32.401581
42.880111 1.311076 32.556159
41.366376 1.046121 32.290429
40.675166 1.901216 33.334999
33.419784 0.687074 45.146319
34.667789 1.311076 44.991741
36.181524 1.046121 45.257471
36.872734 1.901216 44.212901
33.119157 20.194507 42.238015
32.311625 19.386975 41.665711
32.311625 19.386975 40.181961
32.401581 20.495134 39.461024
44.428743 5.654793 42.238015
45.236275 6.462325 41.665711
45.236275 6.462325 40.181961
45.146319 5.354166 39.461024
44.428743 20.194507 35.309885
45.236275 19.386975 35.882189
45.236275 19.386975 37.365939
45.146319 20.495134 38.086876
33.119157 5.654793 35.309885
32.311625 6.462325 35.882189
32.311625 6.462325 37.365939
32.401581 5.354166 38.086876
31.191833 20.506767 46.356067
29.313365 20.194507 46.043807
26.536374 19.476931 46.344434
27.160376 19.631509 47.592439
26.895421 19.365779 49.106174
27.750516 20.410349 49.797384
31.191833 5.342533 31.191833
29.313365 5.654793 31.504093
26.536374 6.372369 31.203466
27.160376 6.217791 29.955461
26.895421 6.483521 28.441726
27.750516 5.438951 27.750516
46.356067 5.342533 46.356067
48.234535 5.654793 46.043807
51.011526 6.372369 46.344434
50.387524 6.217791 47.592439
50.652479 6.483521 49.106174
49.797384 5.438951 49.797384
46.356067 20.506767 31.191833
48.234535 20.194507 31.504093
51.011526 19.476931 31.203466
50.387524 19.631509 29.955461
50.652479 19.365779 28.441726
49.797384 20.410349 27.750516
33.119157 16.388715 46.043807
32.311625 15.816411 45.236275
32.311625 14.332661 45.236275
33.419784 13.611724 45.326231
34.667789 14.235726 45.480809
36.181524 13.970771 45.215079
36.872734 14.825866 46.259649
44.428743 16.388715 31.504093
45.236275 15.816411 32.311625
45.236275 14.332661 32.311625
44.128116 13.611724 32.221669
42.880111 14.235726 32.067091
41.366376 13.970771 32.332821
40.675166 14.825866 31.288251
33.119157 9.460585 31.504093
32.311625 10.032889 32.311625
32.311625 11.516639 32.311625
33.419784 12.237576 32.221669
34.667789 11.613574 32.067091
36.181524 11.878529 32.332821
36.872734 11.023434 31.288251
44.428743 9.460585 46.043807
45.236275 10.032889 45.236275
45.236275 11.516639 45.236275
44.128116 12.237576 45.326231
42.880111 11.613574 45.480809
41.366376 11.878529 45.215079
40.675166 11.023434 46.259649
33.119157 20.194507 35.309885
32.311625 19.386975 35.882189
32.311625 19.386975 37.365939
44.428743 5.654793 35.309885
45.236275 6.462325 35.882189
45.236275 6.462325 37.365939
33.119157 5.654793 42.238015
32.311625 6.462325 41.665711
32.311625 6.462325 40.181961
44.428743 20.194507 42.238015
45.236275 19.386975 41.665711
45.236275 19.386975 40.181961
33.119157 16.388715 31.504093
32.311625 15.816411 32.311625
32.311625 14.332661 32.311625
32.290429 13.970771 28.441726
44.428743 16.388715 46.043807
45.236275 15.816411 45.236275
45.236275 14.332661 45.236275
45.257471 13.970771 49.106174
44.428743 9.460585 31.504093
45.236275 10.032889 32.311625
45.236275 11.516639 32.311625
45.257471 11.878529 28.441726
33.119157 9.460585 46.043807
32.311625 10.032889 45.236275
32.311625 11.516639 45.236275
32.290429 11.878529 49.106174
31.191833 20.506767 31.191833
29.313365 20.194507 31.504093
31.191833 5.342533 46.356067
29.313365 5.654793 46.043807
46.356067 20.506767 46.356067
48.234535 20.194507 46.043807
46.356067 5.342533 31.191833
48.234535 5.654793 31.504093
45.146319 5.354166 38.086876
44.991741 4.106161 37.462874
45.257471 2.592426 37.727829
32.401581 20.495134 38.086876
32.556159 21.743139 37.462874
32.290429 23.256874 37.727829
32.401581 5.354166 39.461024
32.556159 4.106161 40.085026
32.290429 2.592426 39.820071
45.146319 20.495134 39.461024
44.991741 21.743139 40.085026
45.257471 23.256874 39.820071
51.011526 6.372369 31.203466
51.011526 19.476931 46.344434
26.536374 19.476931 31.203466
26.536374 6.372369 46.344434
44.128116 12.237576 32.221669
33.419784 12.237576 45.326231
44.128116 13.611724 45.326231
33.419784 13.611724 32.221669
41.366376 6.483521 39.820071
40.675166 5.438951 40.675166
36.181524 19.365779 39.820071
36.872734 20.410349 40.675166
41.366376 19.365779 37.727829
40.675166 20.410349 36.872734
36.181524 6.483521 37.727829
36.872734 5.438951 36.872734
50.652479 2.592426 45.215079
49.797384 1.901216 46.259649
50.652479 23.256874 32.332821
49.797384 23.948084 31.288251
26.895421 2.592426 32.332821
27.750516 1.901216 31.288251
26.895421 23.256874 45.215079
27.750516 23.948084 46.259649
46.043807 7.269857 42.238015
45.326231 7.570484 39.461024
45.480809 8.818489 40.085026
45.215079 10.332224 39.820071
46.259649 11.023434 40.675166
31.504093 18.579443 42.238015
32.221669 18.278816 39.461024
32.067091 17.030811 40.085026
32.332821 15.517076 39.820071
31.288251 14.825866 40.675166
31.504093 7.269857 35.309885
32.221669 7.570484 38.086876
32.067091 8.818489 37.462874
32.332821 10.332224 37.727829
31.288251 11.023434 36.872734
46.043807 18.579443 35.309885
45.326231 18.278816 38.086876
45.480809 17.030811 37.462874
45.215079 15.517076 37.727829
46.259649 14.825866 36.872734
42.238015 7.269857 46.043807
41.665711 6.462325 45.236275
40.181961 6.462325 45.236275
39.461024 6.552281 46.344434
42.238015 18.579443 31.504093
41.665711 19.386975 32.311625
40.181961 19.386975 32.311625
39.461024 19.297019 31.203466
35.309885 18.579443 46.043807
35.882189 19.386975 45.236275
37.365939 19.386975 45.236275
38.086876 19.297019 46.344434
35.309885 7.269857 31.504093
35.882189 6.462325 32.311625
37.365939 6.462325 32.311625
38.086876 6.552281 31.203466
46.043807 3.464065 46.043807
46.344434 0.687074 45.326231
47.592439 1.311076 45.480809
49.106174 1.046121 45.215079
31.504093 3.464065 31.504093
31.203466 0.687074 32.221669
29.955461 1.311076 32.067091
28.441726 1.046121 32.332821
46.043807 22.385235 31.504093
46.344434 25.162226 32.221669
47.592439 24.538224 32.067091
49.106174 24.803179 32.332821
31.504093 22.385235 46.043807
31.203466 25.162226 45.326231
29.955461 24.538224 45.480809
28.441726 24.803179 45.215079
46.043807 7.269857 35.309885
49.106174 6.441129 37.727829
31.504093 18.579443 35.309885
28.441726 19.408171 37.727829
46.043807 18.579443 42.238015
49.106174 19.408171 39.820071
31.504093 7.269857 42.238015
28.441726 6.441129 39.820071
46.043807 3.464065 31.504093
31.504093 3.464065 46.043807
31.504093 22.385235 31.504093
46.043807 22.385235 46.043807
42.238015 7.269857 31.504093
41.665711 6.462325 32.311625
40.181961 6.462325 32.311625
42.238015 18.579443 46.043807
41.665711 19.386975 45.236275
40.181961 19.386975 45.236275
35.309885 7.269857 46.043807
35.882189 6.462325 45.236275
37.365939 6.462325 45.236275
35.309885 18.579443 31.504093
35.882189 19.386975 32.311625
37.365939 19.386975 32.311625
32.221669 18.278816 38.086876
45.326231 7.570484 38.086876
45.326231 18.278816 39.461024
32.221669 7.570484 39.461024
38.086876 19.297019 31.203466
37.462874 19.142441 29.955461
37.727829 19.408171 28.441726
38.086876 6.552281 46.344434
37.462874 6.706859 47.592439
37.727829 6.441129 49.106174
39.461024 6.552281 31.203466
40.085026 6.706859 29.955461
39.820071 6.441129 28.441726
39.461024 19.297019 46.344434
40.085026 19.142441 47.592439
39.820071 19.408171 49.106174
31.203466 25.162226 32.221669
46.344434 25.162226 45.326231
31.203466 0.687074 45.326231
46.344434 0.687074 32.221669
32.332821 24.803179 49.106174
31.288251 23.948084 49.797384
45.215079 24.803179 28.441726
46.259649 23.948084 27.750516
45.215079 1.046121 49.106174
46.259649 1.901216 49.797384
32.332821 1.046121 28.441726
31.288251 1.901216 27.750516
37.727829 15.517076 45.215079
37.727829 10.332224 32.332821
39.820071 15.517076 32.332821
39.820071 10.332224 45.215079
46.043807 20.194507 29.313365
45.326231 20.495134 26.536374
45.480809 21.743139 27.160376
45.215079 23.256874 26.895421
31.504093 5.654793 29.313365
32.221669 5.354166 26.536374
32.067091 4.106161 27.160376
32.332821 2.592426 26.895421
31.504093 20.194507 48.234535
32.221669 20.495134 51.011526
32.067091 21.743139 50.387524
32.332821 23.256874 50.652479
46.043807 5.654793 48.234535
45.326231 5.354166 51.011526
45.480809 4.106161 50.387524
45.215079 2.592426 50.652479
42.238015 20.194507 33.119157
39.461024 19.476931 33.419784
40.085026 19.631509 34.667789
39.820071 19.365779 36.181524
42.238015 5.654793 44.428743
39.461024 6.372369 44.128116
40.085026 6.217791 42.880111
39.820071 6.483521 41.366376
35.309885 5.654793 33.119157
38.086876 6.372369 33.419784
37.462874 6.217791 34.667789
37.727829 6.483521 36.181524
35.309885 20.194507 44.428743
38.086876 19.476931 44.128116
37.462874 19.631509 42.880111
37.727829 19.365779 41.366376
46.043807 16.388715 33.119157
46.344434 13.611724 32.401581
31.504093 16.388715 44.428743
31.203466 13.611724 45.146319
46.043807 9.460585 44.428743
46.344434 12.237576 45.146319
31.504093 9.460585 33.119157
31.203466 12.237576 32.401581
46.043807 20.194507 48.234535
31.504093 5.654793 48.234535
46.043807 5.654793 29.313365
31.504093 20.194507 29.313365
46.043807 16.388715 44.428743
31.504093 16.388715 33.119157
31.504093 9.460585 44.428743
46.043807 9.460585 33.119157
42.238015 20.194507 44.428743
39.820071 23.256874 45.257471
42.238015 5.654793 33.119157
39.820071 2.592426 32.290429
35.309885 20.194507 33.119157
37.727829 23.256874 32.290429
35.309885 5.654793 44.428743
37.727829 2.592426 45.257471
32.221669 5.354166 51.011526
45.326231 20.495134 51.011526
45.326231 5.354166 26.536374
32.221669 20.495134 26.536374
38.086876 6.372369 44.128116
38.086876 19.476931 33.419784
39.461024 19.476931 44.128116
39.461024 6.372369 33.419784
31.203466 12.237576 45.146319
29.955461 11.613574 44.991741
28.441726 11.878529 45.257471
46.344434 12.237576 32.401581
47.592439 11.613574 32.556159
49.106174 11.878529 32.290429
31.203466 13.611724 32.401581
29.955461 14.235726 32.556159
28.441726 13.970771 32.290429
46.344434 13.611724 45.146319
47.592439 14.235726 44.991741
49.106174 13.970771 45.257471
28.441726 6.483521 26.895421
49.106174 19.365779 26.895421
28.441726 19.365779 50.652479
49.106174 6.483521 50.652479
32.332821 11.878529 36.181524
45.215079 11.878529 41.366376
45.215079 13.970771 36.181524
32.332821 13.970771 41.366376
39.892966 19.228519 30.360003
37.654934 19.545431 34.263247
39.892966 6.303869 34.263247
37.654934 6.620781 30.360003
39.892966 19.545431 43.284653
37.654934 19.228519 47.187897
37.654934 6.303869 43.284653
39.892966 6.620781 47.187897
36.315682 6.644046 51.570646
35.250949 6.440612 50.460936
36.544706 5.584483 50.460936
36.227277 7.939354 49.267990
37.393339 8.085920 50.317989
38.638500 6.569858 49.343470
37.442453 5.567164 49.345021
41.232218 19.205254 51.570646
42.296951 19.408688 50.460936
41.003194 20.264817 50.460936
41.320623 17.909946 49.267990
40.154561 17.763380 50.317989
38.909400 19.279442 49.343470
40.105447 20.282136 49.345021
40.098727 7.350507 41.095734
38.902163 6.350139 41.161391
40.230300 4.814432 40.114236
41.276162 5.014506 41.276162
41.789529 7.122775 40.381518
42.018296 6.062953 39.271808
40.724538 6.919082 39.271808
37.449173 18.498793 41.095734
38.645737 19.499161 41.161391
37.317600 21.034868 40.114236
36.271738 20.834794 41.276162
35.758371 18.726525 40.381518
35.529604 19.786347 39.271808
36.823362 18.930218 39.271808
36.315682 6.280604 38.645996
36.544706 7.340167 37.536286
35.250949 6.484038 37.536286
37.317600 4.814432 37.433664
36.271738 5.014506 36.271738
37.449173 7.350507 36.452166
38.645737 6.350139 36.386509
40.098727 18.498793 36.452166
38.902163 19.499161 36.386509
40.230300 21.034868 37.433664
41.276162 20.834794 36.271738
41.232218 19.568696 38.645996
41.003194 18.509133 37.536286
42.296951 19.365262 37.536286
49.240332 6.644046 38.645996
48.175599 6.440612 37.536286
49.469356 5.584483 37.536286
50.358314 8.110218 37.317600
49.196388 7.910144 36.271738
50.388816 5.554498 36.398141
51.570387 6.574511 36.386509
48.683021 20.047425 40.381518
49.748012 19.843732 39.271808
48.454254 18.987603 39.271808
50.358314 17.739082 40.230300
49.196388 17.939156 41.276162
50.388816 20.294802 41.149759
51.570387 19.274789 41.161391
48.683021 18.726525 27.456868
48.454254 19.786347 26.347158
49.748012 18.930218 26.347158
49.267990 20.864004 28.395973
50.317989 21.010570 27.229911
51.578142 19.474863 28.258455
50.367103 18.491814 28.202879
50.579584 19.228519 34.263247
50.579584 6.303869 30.360003
50.579584 6.620781 43.284653
50.579584 19.545431 47.187897
51.578142 6.374437 49.289445
50.367103 7.357486 49.345021
49.267990 4.985296 49.151927
50.317989 4.838730 50.317989
49.240332 6.280604 51.570646
49.469356 7.340167 50.460936
48.175599 6.484038 50.460936
28.307568 19.568696 51.570646
28.078544 18.509133 50.460936
29.372301 19.365262 50.460936
28.279910 20.864004 49.151927
27.229911 21.010570 50.317989
25.969758 19.474863 49.289445
27.180797 18.491814 49.345021
26.968316 6.303869 47.187897
26.968316 19.228519 43.284653
27.159084 5.554498 41.149759
25.977513 6.574511 41.161391
27.189586 8.110218 40.230300
28.351512 7.910144 41.276162
28.864879 5.801875 40.381518
27.799888 6.005568 39.271808
29.093646 6.861697 39.271808
28.307568 19.205254 38.645996
29.372301 19.408688 37.536286
28.078544 20.264817 37.536286
27.189586 17.739082 37.317600
28.351512 17.939156 36.271738
27.159084 20.294802 36.398141
25.977513 19.274789 36.386509
26.968316 19.545431 30.360003
26.968316 6.620781 34.263247
25.969758 6.374437 28.258455
27.180797 7.357486 28.202879
28.279910 4.985296 28.395973
27.229911 4.838730 27.229911
28.864879 7.122775 27.456868
29.093646 6.062953 26.347158
27.799888 6.919082 26.347158
38.638500 19.279442 28.204430
37.442453 20.282136 28.202879
36.227277 17.909946 28.279910
37.393339 17.763380 27.229911
35.758371 20.047425 27.456868
36.823362 19.843732 26.347158
35.529604 18.987603 26.347158
41.789529 5.801875 27.456868
40.724538 6.005568 26.347158
42.018296 6.861697 26.347158
41.320623 7.939354 28.279910
40.154561 8.085920 27.229911
38.909400 6.569858 28.204430
40.105447 5.567164 28.202879
32.972075 1.607568 28.864879
31.912253 0.497858 29.093646
32.768382 0.497858 27.799888
30.663732 1.340286 27.305650
30.863806 2.502212 28.351512
33.199807 2.321784 27.174077
32.199439 2.387441 25.977513
46.144102 10.548841 27.159084
45.124089 10.537209 25.977513
43.588382 11.468300 27.189586
43.788456 10.422438 28.351512
45.054554 12.796696 28.307568
45.257988 11.686986 29.372301
46.114117 11.686986 28.078544
31.651175 14.532218 28.864879
31.854868 13.422508 27.799888
32.710997 13.422508 29.093646
33.959518 14.381000 27.189586
33.759444 15.426862 28.351512
31.403798 15.300459 27.159084
32.423811 15.312091 25.977513
32.153169 21.338597 26.968316
32.470081 8.413947 26.968316
45.394731 4.510703 26.968316
45.077819 17.435353 26.968316
44.348093 23.527516 27.174077
45.348461 23.461859 25.977513
46.884168 24.509014 27.305650
46.684094 23.347088 28.351512
45.417996 25.721346 28.307568
44.358433 24.611636 28.078544
45.214562 24.611636 29.372301
32.493346 25.721346 36.315682
32.289912 24.611636 35.250949
31.433783 24.611636 36.544706
33.788654 23.418690 36.227277
33.935220 24.468689 37.393339
32.419158 23.494170 38.638500
31.416464 23.495721 37.442453
32.470081 21.338597 39.892966
45.394731 17.435353 39.892966
32.153169 17.435353 37.654934
45.128742 23.494170 38.909400
46.131436 23.495721 40.105447
43.759246 23.418690 41.320623
43.612680 24.468689 40.154561
45.054554 25.721346 41.232218
45.257988 24.611636 42.296951
46.114117 24.611636 41.003194
32.129904 25.721346 49.240332
33.189467 24.611636 49.469356
32.333338 24.611636 48.175599
30.663732 24.509014 50.242250
30.863806 23.347088 49.196388
33.199807 23.527516 50.373823
32.199439 23.461859 51.570387
45.394731 21.338597 50.579584
46.144102 15.300459 50.388816
45.124089 15.312091 51.570387
43.588382 14.381000 50.358314
43.788456 15.426862 49.196388
45.896725 14.532218 48.683021
45.693032 13.422508 49.748012
44.836903 13.422508 48.454254
32.493346 12.796696 49.240332
32.289912 11.686986 48.175599
31.433783 11.686986 49.469356
33.959518 11.468300 50.358314
33.759444 10.422438 49.196388
31.403798 10.548841 50.388816
32.423811 10.537209 51.570387
45.077819 8.413947 50.579584
32.153169 4.510703 50.579584
30.360003 14.043666 45.077819
34.239724 11.762465 45.392922
32.223737 15.333805 38.894408
33.206786 15.278229 40.105447
30.834596 15.471323 41.204560
30.688030 14.305261 40.154561
32.972075 14.532218 41.789529
31.912253 13.422508 42.018296
32.768382 13.422508 40.724538
45.324163 15.333805 38.653492
44.341114 15.278229 37.442453
46.713304 15.471323 36.343340
46.859870 14.305261 37.393339
44.575825 14.532218 35.758371
45.635647 13.422508 35.529604
44.779518 13.422508 36.823362
32.129904 12.796696 36.315682
33.189467 11.686986 36.544706
32.333338 11.686986 35.250949
30.834596 10.377977 36.343340
30.688030 11.544039 37.393339
32.223737 10.515495 38.653492
33.206786 10.571071 37.442453
45.324163 10.515495 38.894408
44.341114 10.571071 40.105447
46.713304 10.377977 41.204560
46.859870 11.544039 40.154561
45.417996 12.796696 41.232218
44.358433 11.686986 41.003194
45.214562 11.686986 42.296951
32.419158 2.355130 38.909400
31.416464 2.353579 40.105447
33.788654 2.430610 41.320623
33.935220 1.380611 40.154561
31.651175 1.607568 41.789529
31.854868 0.497858 40.724538
32.710997 0.497858 42.018296
45.128742 2.355130 38.638500
46.131436 2.353579 37.442453
43.759246 2.430610 36.227277
43.612680 1.380611 37.393339
45.896725 1.607568 35.758371
45.693032 0.497858 36.823362
44.836903 0.497858 35.529604
32.470081 17.435353 50.579584
37.647696 3.534116 45.159503
37.435215 2.338328 46.124715
38.635656 2.338328 45.142184
37.317600 1.340286 43.588382
36.271738 2.502212 43.788456
36.398141 1.309784 46.144102
36.386509 0.128213 45.124089
28.171084 1.324777 33.199807
28.236741 0.128213 32.199439
27.189586 1.456350 30.663732
28.351512 2.502212 30.863806
26.975554 3.534116 32.234853
25.987594 2.338328 32.217534
27.188035 2.338328 33.200065
26.458310 10.984919 45.791518
26.246087 9.789130 44.826305
27.446528 9.789130 45.808837
28.279910 10.377977 43.759246
27.229911 11.544039 43.612680
28.204430 12.789200 45.128742
28.202879 11.593153 46.131436
28.204430 13.060100 32.419158
28.202879 14.256147 31.416464
28.279910 15.471323 33.788654
27.229911 14.305261 33.935220
26.975554 16.458766 32.388397
27.188035 15.262978 31.423185
25.987594 15.262978 32.405716
26.458310 23.909569 44.681032
27.446528 22.713780 44.663713
26.246087 22.713780 45.646245
27.189586 24.392950 46.884168
28.351512 23.347088 46.684094
28.171084 24.524523 44.348093
28.236741 25.721087 45.348461
36.398141 24.539516 31.403798
36.386509 25.721087 32.423811
37.317600 24.509014 33.959518
36.271738 23.347088 33.759444
38.164940 23.909569 31.756382
38.377163 22.713780 32.721595
37.176722 22.713780 31.739063
39.382960 23.909569 45.791518
39.170737 22.713780 44.826305
40.371178 22.713780 45.808837
40.230300 24.509014 43.588382
41.276162 23.347088 43.788456
41.149759 24.539516 46.144102
41.161391 25.721087 45.124089
49.376816 24.524523 33.199807
49.311159 25.721087 32.199439
50.358314 24.392950 30.663732
49.196388 23.347088 30.863806
51.089590 23.909569 32.866868
50.101372 22.713780 32.884187
51.301813 22.713780 31.901655
50.572346 16.458766 45.159503
50.359865 15.262978 46.124715
51.560306 15.262978 45.142184
49.267990 15.471323 43.759246
50.317989 14.305261 43.612680
49.343470 13.060100 45.128742
49.345021 14.256147 46.131436
49.343470 12.789200 32.419158
49.345021 11.593153 31.416464
49.267990 10.377977 33.788654
50.317989 11.544039 33.935220
51.578142 10.515495 32.399513
50.367103 10.571071 31.416464
50.572346 3.534116 45.313047
51.560306 2.338328 45.330366
50.359865 2.338328 44.347835
50.358314 1.456350 46.884168
49.196388 2.502212 46.684094
49.376816 1.324777 44.348093
49.311159 0.128213 45.348461
41.149759 1.309784 31.403798
41.161391 0.128213 32.423811
40.230300 1.340286 33.959518
41.276162 2.502212 33.759444
39.900204 3.534116 32.388397
40.112685 2.338328 31.423185
38.912244 2.338328 32.405716
39.382960 10.984919 44.681032
40.371178 9.789130 44.663713
39.170737 9.789130 45.646245
41.320623 10.494040 46.713304
40.154561 11.544039 46.859870
41.183105 12.804192 45.324163
41.127529 11.593153 44.341114
41.183105 13.045108 32.223737
41.127529 14.256147 33.206786
41.320623 15.355260 30.834596
40.154561 14.305261 30.688030
39.900204 16.458766 32.234853
38.912244 15.262978 32.217534
40.112685 15.262978 33.200065
37.647696 16.458766 45.313047
38.635656 15.262978 45.330366
37.435215 15.262978 44.347835
36.227277 15.355260 46.713304
37.393339 14.305261 46.859870
36.364795 13.045108 45.324163
36.420371 14.256147 44.341114
36.364795 12.804192 32.223737
36.420371 11.593153 33.206786
36.227277 10.494040 30.834596
37.393339 11.544039 30.688030
38.164940 10.984919 32.866868
37.176722 9.789130 32.884187
38.377163 9.789130 31.901655
30.360003 1.119016 45.394731
34.263247 1.119016 32.470081
47.187897 1.119016 32.153169
43.284653 1.119016 45.077819
47.187897 24.730284 45.394731
43.284653 24.730284 32.470081
34.263247 24.730284 45.077819
30.360003 24.730284 32.153169
47.187897 14.043666 32.470081
43.308176 11.762465 32.154978
43.308176 14.086835 45.392922
47.187897 11.805634 45.077819
30.360003 11.805634 32.470081
34.239724 14.086835 32.154978
45.394731 8.413947 37.654934
45.077819 4.510703 39.892966
45.077819 21.338597 37.654934
32.153169 8.413947 39.892966
32.470081 4.510703 37.654934
44.348093 2.321784 50.373823
45.348461 2.387441 51.570387
46.884168 1.340286 50.242250
46.684094 2.502212 49.196388
44.575825 1.607568 48.683021
45.635647 0.497858 48.454254
44.779518 0.497858 49.748012
33.431417 33.431417 5.342533
32.311625 32.311625 6.462325
33.119157 33.119157 3.464065
32.311625 32.311625 2.891761
32.311625 32.311625 1.408011
32.401581 33.419784 0.687074
44.116483 44.116483 5.342533
45.236275 45.236275 6.462325
44.428743 44.428743 3.464065
45.236275 45.236275 2.891761
45.236275 45.236275 1.408011
45.146319 44.128116 0.687074
44.116483 33.431417 20.506767
45.236275 32.311625 19.386975
44.428743 33.119157 22.385235
45.236275 32.311625 22.957539
45.236275 32.311625 24.441289
45.146319 33.419784 25.162226
33.431417 44.116483 20.506767
32.311625 45.236275 19.386975
33.119157 44.428743 22.385235
32.311625 45.236275 22.957539
32.311625 45.236275 24.441289
32.401581 44.128116 25.162226
31.191833 33.431417 7.582117
29.313365 33.119157 7.269857
28.741061 32.311625 6.462325
27.257311 32.311625 6.462325
26.536374 32.401581 7.570484
31.191833 44.116483 18.267183
29.313365 44.428743 18.579443
28.741061 45.236275 19.386975
27.257311 45.236275 19.386975
26.536374 45.146319 18.278816
46.356067 44.116483 7.582117
48.234535 44.428743 7.269857
48.806839 45.236275 6.462325
50.290589 45.236275 6.462325
51.011526 45.146319 7.570484
46.356067 33.431417 18.267183
48.234535 33.119157 18.579443
48.806839 32.311625 19.386975
50.290589 32.311625 19.386975
51.011526 32.401581 18.278816
33.431417 31.191833 7.582117
33.119157 29.313365 7.269857
32.311625 28.741061 6.462325
32.311625 27.257311 6.462325
33.419784 26.536374 6.552281
44.116483 31.191833 18.267183
44.428743 29.313365 18.579443
45.236275 28.741061 19.386975
45.236275 27.257311 19.386975
44.128116 26.536374 19.297019
33.431417 46.356067 18.267183
33.119157 48.234535 18.579443
32.311625 48.806839 19.386975
32.311625 50.290589 19.386975
33.419784 51.011526 19.297019
44.116483 46.356067 7.582117
44.428743 48.234535 7.269857
45.236275 48.806839 6.462325
45.236275 50.290589 6.462325
44.128116 51.011526 6.552281
33.431417 33.431417 20.506767
32.311625 32.311625 19.386975
33.119157 33.119157 22.385235
32.311625 32.311625 22.957539
32.311625 32.311625 24.441289
36.181524 32.290429 24.803179
36.872734 33.334999 23.948084
44.116483 44.116483 20.506767
45.236275 45.236275 19.386975
44.428743 44.428743 22.385235
45.236275 45.236275 22.957539
45.236275 45.236275 24.441289
41.366376 45.257471 24.803179
40.675166 44.212901 23.948084
33.431417 44.116483 5.342533
32.311625 45.236275 6.462325
33.119157 44.428743 3.464065
32.311625 45.236275 2.891761
32.311625 45.236275 1.408011
36.181524 45.257471 1.046121
36.872734 44.212901 1.901216
44.116483 33.431417 5.342533
45.236275 32.311625 6.462325
44.428743 33.119157 3.464065
45.236275 32.311625 2.891761
45.236275 32.311625 1.408011
41.366376 32.290429 1.046121
40.675166 33.334999 1.901216
33.431417 31.191833 18.267183
33.119157 29.313365 18.579443
32.311625 28.741061 19.386975
32.311625 27.257311 19.386975
32.290429 26.895421 15.517076
33.334999 27.750516 14.825866
44.116483 31.191833 7.582117
44.428743 29.313365 7.269857
45.236275 28.741061 6.462325
45.236275 27.257311 6.462325
45.257471 26.895421 10.332224
44.212901 27.750516 11.023434
44.116483 46.356067 18.267183
44.428743 48.234535 18.579443
45.236275 48.806839 19.386975
45.236275 50.290589 19.386975
45.257471 50.652479 15.517076
44.212901 49.797384 14.825866
33.431417 46.356067 7.582117
33.119157 48.234535 7.269857
32.311625 48.806839 6.462325
32.311625 50.290589 6.462325
32.290429 50.652479 10.332224
33.334999 49.797384 11.023434
31.191833 33.431417 18.267183
29.313365 33.119157 18.579443
28.741061 32.311625 19.386975
27.257311 32.311625 19.386975
26.895421 36.181524 19.408171
27.750516 36.872734 18.363601
31.191833 44.116483 7.582117
29.313365 44.428743 7.269857
28.741061 45.236275 6.462325
27.257311 45.236275 6.462325
26.895421 41.366376 6.441129
27.750516 40.675166 7.485699
46.356067 33.431417 7.582117
48.234535 33.119157 7.269857
48.806839 32.311625 6.462325
50.290589 32.311625 6.462325
50.387524 34.667789 6.706859
50.652479 36.181524 6.441129
49.797384 36.872734 7.485699
46.356067 44.116483 18.267183
48.234535 44.428743 18.579443
48.806839 45.236275 19.386975
50.290589 45.236275 19.386975
50.652479 41.366376 19.408171
49.797384 40.675166 18.363601
45.146319 44.128116 25.162226
44.991741 42.880111 24.538224
45.257471 41.366376 24.803179
44.212901 40.675166 23.948084
32.401581 33.419784 25.162226
32.556159 34.667789 24.538224
32.290429 36.181524 24.803179
33.334999 36.872734 23.948084
32.401581 44.128116 0.687074
32.556159 42.880111 1.311076
32.290429 41.366376 1.046121
33.334999 40.675166 1.901216
45.146319 33.419784 0.687074
44.991741 34.667789 1.311076
45.257471 36.181524 1.046121
44.212901 36.872734 1.901216
51.011526 45.146319 18.278816
50.387524 44.991741 17.030811
50.652479 45.257471 15.517076
49.797384 44.212901 14.825866
51.011526 32.401581 7.570484
50.387524 32.556159 8.818489
50.652479 32.290429 10.332224
49.797384 33.334999 11.023434
26.536374 32.401581 18.278816
27.160376 32.556159 17.030811
26.895421 32.290429 15.517076
27.750516 33.334999 14.825866
26.536374 45.146319 7.570484
27.160376 44.991741 8.818489
26.895421 45.257471 10.332224
27.750516 44.212901 11.023434
44.128116 51.011526 19.297019
42.880111 50.387524 19.142441
41.366376 50.652479 19.408171
40.675166 49.797384 18.363601
33.419784 51.011526 6.552281
34.667789 50.387524 6.706859
36.181524 50.652479 6.441129
36.872734 49.797384 7.485699
44.128116 26.536374 6.552281
42.880111 27.160376 6.706859
41.366376 26.895421 6.441129
40.675166 27.750516 7.485699
33.419784 26.536374 19.297019
34.667789 27.160376 19.142441
36.181524 26.895421 19.408171
36.872734 27.750516 18.363601
33.119157 46.043807 16.388715
32.311625 45.236275 15.816411
32.311625 45.236275 14.332661
32.401581 46.344434 13.611724
44.428743 31.504093 16.388715
45.236275 32.311625 15.816411
45.236275 32.311625 14.332661
45.146319 31.203466 13.611724
44.428743 46.043807 9.460585
45.236275 45.236275 10.032889
45.236275 45.236275 11.516639
45.146319 46.344434 12.237576
33.119157 31.504093 9.460585
32.311625 32.311625 10.032889
32.311625 32.311625 11.516639
32.401581 31.203466 12.237576
31.191833 46.356067 20.506767
29.313365 46.043807 20.194507
26.536374 45.326231 20.495134
27.160376 45.480809 21.743139
26.895421 45.215079 23.256874
27.750516 46.259649 23.948084
31.191833 31.191833 5.342533
29.313365 31.504093 5.654793
26.536374 32.221669 5.354166
27.160376 32.067091 4.106161
26.895421 32.332821 2.592426
27.750516 31.288251 1.901216
46.356067 31.191833 20.506767
48.234535 31.504093 20.194507
51.011526 32.221669 20.495134
50.387524 32.067091 21.743139
50.652479 32.332821 23.256874
49.797384 31.288251 23.948084
46.356067 46.356067 5.342533
48.234535 46.043807 5.654793
51.011526 45.326231 5.354166
50.387524 45.480809 4.106161
50.652479 45.215079 2.592426
49.797384 46.259649 1.901216
33.119157 42.238015 20.194507
32.311625 41.665711 19.386975
32.311625 40.181961 19.386975
33.419784 39.461024 19.476931
34.667789 40.085026 19.631509
36.181524 39.820071 19.365779
36.872734 40.675166 20.410349
44.428743 42.238015 5.654793
45.236275 41.665711 6.462325
45.236275 40.181961 6.462325
44.128116 39.461024 6.372369
42.880111 40.085026 6.217791
41.366376 39.820071 6.483521
40.675166 40.675166 5.438951
33.119157 35.309885 5.654793
32.311625 35.882189 6.462325
32.311625 37.365939 6.462325
33.419784 38.086876 6.372369
34.667789 37.462874 6.217791
36.181524 37.727829 6.483521
36.872734 36.872734 5.438951
44.428743 35.309885 20.194507
45.236275 35.882189 19.386975
45.236275 37.365939 19.386975
44.128116 38.086876 19.476931
42.880111 37.462874 19.631509
41.366376 37.727829 19.365779
40.675166 36.872734 20.410349
33.119157 46.043807 9.460585
32.311625 45.236275 10.032889
32.311625 45.236275 11.516639
44.428743 31.504093 9.460585
45.236275 32.311625 10.032889
45.236275 32.311625 11.516639
33.119157 31.504093 16.388715
32.311625 32.311625 15.816411
32.311625 32.311625 14.332661
44.428743 46.043807 16.388715
45.236275 45.236275 15.816411
45.236275 45.236275 14.332661
33.119157 42.238015 5.654793
32.311625 41.665711 6.462325
32.311625 40.181961 6.462325
32.290429 39.820071 2.592426
44.428743 42.238015 20.194507
45.236275 41.665711 19.386975
45.236275 40.181961 19.386975
45.257471 39.820071 23.256874
44.428743 35.309885 5.654793
45.236275 35.882189 6.462325
45.236275 37.365939 6.462325
45.257471 37.727829 2.592426
33.119157 35.309885 20.194507
32.311625 35.882189 19.386975
32.311625 37.365939 19.386975
32.290429 37.727829 23.256874
31.191833 46.356067 5.342533
29.313365 46.043807 5.654793
31.191833 31.191833 20.506767
29.313365 31.504093 20.194507
46.356067 46.356067 20.506767
48.234535 46.043807 20.194507
46.356067 31.191833 5.342533
48.234535 31.504093 5.654793
45.146319 31.203466 12.237576
44.991741 29.955461 11.613574
45.257471 28.441726 11.878529
32.401581 46.344434 12.237576
32.556159 47.592439 11.613574
32.290429 49.106174 11.878529
32.401581 31.203466 13.611724
32.556159 29.955461 14.235726
32.290429 28.441726 13.970771
45.146319 46.344434 13.611724
44.991741 47.592439 14.235726
45.257471 49.106174 13.970771
51.011526 32.221669 5.354166
51.011526 45.326231 20.495134
26.536374 45.326231 5.354166
26.536374 32.221669 20.495134
44.128116 38.086876 6.372369
33.419784 38.086876 19.476931
44.128116 39.461024 19.476931
33.419784 39.461024 6.372369
41.366376 32.332821 13.970771
40.675166 31.288251 14.825866
36.181524 45.215079 13.970771
36.872734 46.259649 14.825866
41.366376 45.215079 11.878529
40.675166 46.259649 11.023434
36.181524 32.332821 11.878529
36.872734 31.288251 11.023434
50.652479 28.441726 19.365779
49.797384 27.750516 20.410349
50.652479 49.106174 6.483521
49.797384 49.797384 5.438951
26.895421 28.441726 6.483521
27.750516 27.750516 5.438951
26.895421 49.106174 19.365779
27.750516 49.797384 20.410349
46.043807 33.119157 16.388715
45.326231 33.419784 13.611724
45.480809 34.667789 14.235726
45.215079 36.181524 13.970771
46.259649 36.872734 14.825866
31.504093 44.428743 16.388715
32.221669 44.128116 13.611724
32.067091 42.880111 14.235726
32.332821 41.366376 13.970771
31.288251 40.675166 14.825866
31.504093 33.119157 9.460585
32.221669 33.419784 12.237576
32.067091 34.667789 11.613574
32.332821 36.181524 11.878529
31.288251 36.872734 11.023434
46.043807 44.428743 9.460585
45.326231 44.128116 12.237576
45.480809 42.880111 11.613574
45.215079 41.366376 11.878529
46.259649 40.675166 11.023434
42.238015 33.119157 20.194507
41.665711 32.311625 19.386975
40.181961 32.311625 19.386975
39.461024 32.401581 20.495134
42.238015 44.428743 5.654793
41.665711 45.236275 6.462325
40.181961 45.236275 6.462325
39.461024 45.146319 5.354166
35.309885 44.428743 20.194507
35.882189 45.236275 19.386975
37.365939 45.236275 19.386975
38.086876 45.146319 20.495134
35.309885 33.119157 5.654793
35.882189 32.311625 6.462325
37.365939 32.311625 6.462325
38.086876 32.401581 5.354166
46.043807 29.313365 20.194507
46.344434 26.536374 19.476931
47.592439 27.160376 19.631509
49.106174 26.895421 19.365779
31.504093 29.313365 5.654793
31.203466 26.536374 6.372369
29.955461 27.160376 6.217791
28.441726 26.895421 6.483521
46.043807 48.234535 5.654793
46.344434 51.011526 6.372369
47.592439 50.387524 6.217791
49.106174 50.652479 6.483521
31.504093 48.234535 20.194507
31.203466 51.011526 19.476931
29.955461 50.387524 19.631509
28.441726 50.652479 19.365779
46.043807 33.119157 9.460585
49.106174 32.290429 11.878529
31.504093 44.428743 9.460585
28.441726 45.257471 11.878529
46.043807 44.428743 16.388715
49.106174 45.257471 13.970771
31.504093 33.119157 16.388715
28.441726 32.290429 13.970771
46.043807 29.313365 5.654793
31.504093 29.313365 20.194507
31.504093 48.234535 5.654793
46.043807 48.234535 20.194507
42.238015 33.119157 5.654793
41.665711 32.311625 6.462325
40.181961 32.311625 6.462325
42.238015 44.428743 20.194507
41.665711 45.236275 19.386975
40.181961 45.236275 19.386975
35.309885 33.119157 20.194507
35.882189 32.311625 19.386975
37.365939 32.311625 19.386975
35.309885 44.428743 5.654793
35.882189 45.236275 6.462325
37.365939 45.236275 6.462325
32.221669 44.128116 12.237576
45.326231 33.419784 12.237576
45.326231 44.128116 13.611724
32.221669 33.419784 13.611724
38.086876 45.146319 5.354166
37.462874 44.991741 4.106161
37.727829 45.257471 2.592426
38.086876 32.401581 20.495134
37.462874 32.556159 21.743139
37.727829 32.290429 23.256874
39.461024 32.401581 5.354166
40.085026 32.556159 4.106161
39.820071 32.290429 2.592426
39.461024 45.146319 20.495134
40.085026 44.991741 21.743139
39.820071 45.257471 23.256874
31.203466 51.011526 6.372369
46.344434 51.011526 19.476931
31.203466 26.536374 19.476931
46.344434 26.536374 6.372369
32.332821 50.652479 23.256874
31.288251 49.797384 23.948084
45.215079 50.652479 2.592426
46.259649 49.797384 1.901216
45.215079 26.895421 23.256874
46.259649 27.750516 23.948084
32.332821 26.895421 2.592426
31.288251 27.750516 1.901216
37.727829 41.366376 19.365779
37.727829 36.181524 6.483521
39.820071 41.366376 6.483521
39.820071 36.181524 19.365779
46.043807 46.043807 3.464065
45.326231 46.344434 0.687074
45.480809 47.592439 1.311076
45.215079 49.106174 1.046121
31.504093 31.504093 3.464065
32.221669 31.203466 0.687074
32.067091 29.955461 1.311076
32.332821 28.441726 1.046121
31.504093 46.043807 22.385235
32.221669 46.344434 25.162226
32.067091 47.592439 24.538224
32.332821 49.106174 24.803179
46.043807 31.504093 22.385235
45.326231 31.203466 25.162226
45.480809 29.955461 24.538224
45.215079 28.441726 24.803179
42.238015 46.043807 7.269857
39.461024 45.326231 7.570484
40.085026 45.480809 8.818489
39.820071 45.215079 10.332224
42.238015 31.504093 18.579443
39.461024 32.221669 18.278816
40.085026 32.067091 17.030811
39.820071 32.332821 15.517076
35.309885 31.504093 7.269857
38.086876 32.221669 7.570484
37.462874 32.067091 8.818489
37.727829 32.332821 10.332224
35.309885 46.043807 18.579443
38.086876 45.326231 18.278816
37.462874 45.480809 17.030811
37.727829 45.215079 15.517076
46.043807 42.238015 7.269857
46.344434 39.461024 6.552281
31.504093 42.238015 18.579443
31.203466 39.461024 19.297019
46.043807 35.309885 18.579443
46.344434 38.086876 19.297019
31.504093 35.309885 7.269857
31.203466 38.086876 6.552281
46.043807 46.043807 22.385235
31.504093 31.504093 22.385235
46.043807 31.504093 3.464065
31.504093 46.043807 3.464065
46.043807 42.238015 18.579443
31.504093 42.238015 7.269857
31.504093 35.309885 18.579443
46.043807 35.309885 7.269857
42.238015 46.043807 18.579443
39.820071 49.106174 19.408171
42.238015 31.504093 7.269857
39.820071 28.441726 6.441129
35.309885 46.043807 7.269857
37.727829 49.106174 6.441129
35.309885 31.504093 18.579443
37.727829 28.441726 19.408171
32.221669 31.203466 25.162226
45.326231 46.344434 25.162226
45.326231 31.203466 0.687074
32.221669 46.344434 0.687074
38.086876 32.221669 18.278816
38.086876 45.326231 7.570484
39.461024 45.326231 18.278816
39.461024 32.221669 7.570484
31.203466 38.086876 19.297019
29.955461 37.462874 19.142441
28.441726 37.727829 19.408171
46.344434 38.086876 6.552281
47.592439 37.462874 6.706859
49.106174 37.727829 6.441129
31.203466 39.461024 6.552281
29.955461 40.085026 6.706859
28.441726 39.820071 6.441129
46.344434 39.461024 19.297019
47.592439 40.085026 19.142441
49.106174 39.820071 19.408171
28.441726 32.332821 1.046121
49.106174 45.215079 1.046121
28.441726 45.215079 24.803179
49.106174 32.332821 24.803179
32.332821 37.727829 10.332224
45.215079 37.727829 15.517076
45.215079 39.820071 10.332224
32.332821 39.820071 15.517076
39.892966 45.077819 4.510703
37.654934 45.394731 8.413947
39.892966 32.153169 8.413947
37.654934 32.470081 4.510703
39.892966 45.394731 17.435353
37.654934 45.077819 21.338597
37.654934 32.153169 17.435353
39.892966 32.470081 21.338597
36.315682 32.493346 25.721346
35.250949 32.289912 24.611636
36.544706 31.433783 24.611636
36.227277 33.788654 23.418690
37.393339 33.935220 24.468689
38.638500 32.419158 23.494170
37.442453 31.416464 23.495721
41.232218 45.054554 25.721346
42.296951 45.257988 24.611636
41.003194 46.114117 24.611636
41.320623 43.759246 23.418690
40.154561 43.612680 24.468689
38.909400 45.128742 23.494170
40.105447 46.131436 23.495721
40.098727 33.199807 15.246434
38.902163 32.199439 15.312091
40.230300 30.663732 14.264936
41.276162 30.863806 15.426862
41.789529 32.972075 14.532218
42.018296 31.912253 13.422508
40.724538 32.768382 13.422508
37.449173 44.348093 15.246434
38.645737 45.348461 15.312091
37.317600 46.884168 14.264936
36.271738 46.684094 15.426862
35.758371 44.575825 14.532218
35.529604 45.635647 13.422508
36.823362 44.779518 13.422508
36.315682 32.129904 12.796696
36.544706 33.189467 11.686986
35.250949 32.333338 11.686986
37.317600 30.663732 11.584364
36.271738 30.863806 10.422438
37.449173 33.199807 10.602866
38.645737 32.199439 10.537209
40.098727 44.348093 10.602866
38.902163 45.348461 10.537209
40.230300 46.884168 11.584364
41.276162 46.684094 10.422438
41.232218 45.417996 12.796696
41.003194 44.358433 11.686986
42.296951 45.214562 11.686986
49.240332 32.493346 12.796696
48.175599 32.289912 11.686986
49.469356 31.433783 11.686986
50.358314 33.959518 11.468300
49.196388 33.759444 10.422438
50.388816 31.403798 10.548841
51.570387 32.423811 10.537209
48.683021 45.896725 14.532218
49.748012 45.693032 13.422508
48.454254 44.836903 13.422508
50.358314 43.588382 14.381000
49.196388 43.788456 15.426862
50.388816 46.144102 15.300459
51.570387 45.124089 15.312091
48.683021 44.575825 1.607568
48.454254 45.635647 0.497858
49.748012 44.779518 0.497858
49.267990 46.713304 2.546673
50.317989 46.859870 1.380611
51.578142 45.324163 2.409155
50.367103 44.341114 2.353579
50.579584 45.077819 8.413947
50.579584 32.153169 4.510703
50.579584 32.470081 17.435353
50.579584 45.394731 21.338597
51.578142 32.223737 23.440145
50.367103 33.206786 23.495721
49.267990 30.834596 23.302627
50.317989 30.688030 24.468689
49.240332 32.129904 25.721346
49.469356 33.189467 24.611636
48.175599 32.333338 24.611636
28.307568 45.417996 25.721346
28.078544 44.358433 24.611636
29.372301 45.214562 24.611636
28.279910 46.713304 23.302627
27.229911 46.859870 24.468689
25.969758 45.324163 23.440145
27.180797 44.341114 23.495721
26.968316 32.153169 21.338597
26.968316 45.077819 17.435353
27.159084 31.403798 15.300459
25.977513 32.423811 15.312091
27.189586 33.959518 14.381000
28.351512 33.759444 15.426862
28.864879 31.651175 14.532218
27.799888 31.854868 13.422508
29.093646 32.710997 13.422508
28.307568 45.054554 12.796696
29.372301 45.257988 11.686986
28.078544 46.114117 11.686986
27.189586 43.588382 11.468300
28.351512 43.788456 10.422438
27.159084 46.144102 10.548841
25.977513 45.124089 10.537209
26.968316 45.394731 4.510703
26.968316 32.470081 8.413947
25.969758 32.223737 2.409155
27.180797 33.206786 2.353579
28.279910 30.834596 2.546673
27.229911 30.688030 1.380611
28.864879 32.972075 1.607568
29.093646 31.912253 0.497858
27.799888 32.768382 0.497858
38.638500 45.128742 2.355130
37.442453 46.131436 2.353579
36.227277 43.759246 2.430610
37.393339 43.612680 1.380611
35.758371 45.896725 1.607568
36.823362 45.693032 0.497858
35.529604 44.836903 0.497858
41.789529 31.651175 1.607568
40.724538 31.854868 0.497858
42.018296 32.710997 0.497858
41.320623 33.788654 2.430610
40.154561 33.935220 1.380611
38.909400 32.419158 2.355130
40.105447 31.416464 2.353579
32.972075 27.456868 3.015579
31.912253 26.347158 3.244346
32.768382 26.347158 1.950588
30.663732 27.189586 1.456350
30.863806 28.351512 2.502212
33.199807 28.171084 1.324777
32.199439 28.236741 0.128213
46.144102 36.398141 1.309784
45.124089 36.386509 0.128213
43.588382 37.317600 1.340286
43.788456 36.271738 2.502212
45.054554 38.645996 2.458268
45.257988 37.536286 3.523001
46.114117 37.536286 2.229244
31.651175 40.381518 3.015579
31.854868 39.271808 1.950588
32.710997 39.271808 3.244346
33.959518 40.230300 1.340286
33.759444 41.276162 2.502212
31.403798 41.149759 1.309784
32.423811 41.161391 0.128213
32.153169 47.187897 1.119016
32.470081 34.263247 1.119016
45.394731 30.360003 1.119016
45.077819 43.284653 1.119016
44.348093 49.376816 1.324777
45.348461 49.311159 0.128213
46.884168 50.358314 1.456350
46.684094 49.196388 2.502212
45.417996 51.570646 2.458268
44.358433 50.460936 2.229244
45.214562 50.460936 3.523001
32.493346 51.570646 10.466382
32.289912 50.460936 9.401649
31.433783 50.460936 10.695406
33.788654 49.267990 10.377977
33.935220 50.317989 11.544039
32.419158 49.343470 12.789200
31.416464 49.345021 11.593153
32.470081 47.187897 14.043666
45.394731 43.284653 14.043666
32.153169 43.284653 11.805634
45.128742 49.343470 13.060100
46.131436 49.345021 14.256147
43.759246 49.267990 15.471323
43.612680 50.317989 14.305261
45.054554 51.570646 15.382918
45.257988 50.460936 16.447651
46.114117 50.460936 15.153894
32.129904 51.570646 23.391032
33.189467 50.460936 23.620056
32.333338 50.460936 22.326299
30.663732 50.358314 24.392950
30.863806 49.196388 23.347088
33.199807 49.376816 24.524523
32.199439 49.311159 25.721087
45.394731 47.187897 24.730284
46.144102 41.149759 24.539516
45.124089 41.161391 25.721087
43.588382 40.230300 24.509014
43.788456 41.276162 23.347088
45.896725 40.381518 22.833721
45.693032 39.271808 23.898712
44.836903 39.271808 22.604954
32.493346 38.645996 23.391032
32.289912 37.536286 22.326299
31.433783 37.536286 23.620056
33.959518 37.317600 24.509014
33.759444 36.271738 23.347088
31.403798 36.398141 24.539516
32.423811 36.386509 25.721087
45.077819 34.263247 24.730284
32.153169 30.360003 24.730284
30.360003 39.892966 19.228519
34.239724 37.611765 19.543622
32.223737 41.183105 13.045108
33.206786 41.127529 14.256147
30.834596 41.320623 15.355260
30.688030 40.154561 14.305261
32.972075 40.381518 15.940229
31.912253 39.271808 16.168996
32.768382 39.271808 14.875238
45.324163 41.183105 12.804192
44.341114 41.127529 11.593153
46.713304 41.320623 10.494040
46.859870 40.154561 11.544039
44.575825 40.381518 9.909071
45.635647 39.271808 9.680304
44.779518 39.271808 10.974062
32.129904 38.645996 10.466382
33.189467 37.536286 10.695406
32.333338 37.536286 9.401649
30.834596 36.227277 10.494040
30.688030 37.393339 11.544039
32.223737 36.364795 12.804192
33.206786 36.420371 11.593153
45.324163 36.364795 13.045108
44.341114 36.420371 14.256147
46.713304 36.227277 15.355260
46.859870 37.393339 14.305261
45.417996 38.645996 15.382918
44.358433 37.536286 15.153894
45.214562 37.536286 16.447651
32.419158 28.204430 13.060100
31.416464 28.202879 14.256147
33.788654 28.279910 15.471323
33.935220 27.229911 14.305261
31.651175 27.456868 15.940229
31.854868 26.347158 14.875238
32.710997 26.347158 16.168996
45.128742 28.204430 12.789200
46.131436 28.202879 11.593153
43.759246 28.279910 10.377977
43.612680 27.229911 11.544039
45.896725 27.456868 9.909071
45.693032 26.347158 10.974062
44.836903 26.347158 9.680304
32.470081 43.284653 24.730284
37.647696 29.383416 19.310203
37.435215 28.187628 20.275415
38.635656 28.187628 19.292884
37.317600 27.189586 17.739082
36.271738 28.351512 17.939156
36.398141 27.159084 20.294802
36.386509 25.977513 19.274789
28.171084 27.174077 7.350507
28.236741 25.977513 6.350139
27.189586 27.305650 4.814432
28.351512 28.351512 5.014506
26.975554 29.383416 6.385553
25.987594 28.187628 6.368234
27.188035 28.187628 7.350765
26.458310 36.834219 19.942218
26.246087 35.638430 18.977005
27.446528 35.638430 19.959537
28.279910 36.227277 17.909946
27.229911 37.393339 17.763380
28.204430 38.638500 19.279442
28.202879 37.442453 20.282136
28.204430 38.909400 6.569858
28.202879 40.105447 5.567164
28.279910 41.320623 7.939354
27.229911 40.154561 8.085920
26.975554 42.308066 6.539097
27.188035 41.112278 5.573885
25.987594 41.112278 6.556416
26.458310 49.758869 18.831732
27.446528 48.563080 18.814413
26.246087 48.563080 19.796945
27.189586 50.242250 21.034868
28.351512 49.196388 20.834794
28.171084 50.373823 18.498793
28.236741 51.570387 19.499161
36.398141 50.388816 5.554498
36.386509 51.570387 6.574511
37.317600 50.358314 8.110218
36.271738 49.196388 7.910144
38.164940 49.758869 5.907082
38.377163 48.563080 6.872295
37.176722 48.563080 5.889763
39.382960 49.758869 19.942218
39.170737 48.563080 18.977005
40.371178 48.563080 19.959537
40.230300 50.358314 17.739082
41.276162 49.196388 17.939156
41.149759 50.388816 20.294802
41.161391 51.570387 19.274789
49.376816 50.373823 7.350507
49.311159 51.570387 6.350139
50.358314 50.242250 4.814432
49.196388 49.196388 5.014506
51.089590 49.758869 7.017568
50.101372 48.563080 7.034887
51.301813 48.563080 6.052355
50.572346 42.308066 19.310203
50.359865 41.112278 20.275415
51.560306 41.112278 19.292884
49.267990 41.320623 17.909946
50.317989 40.154561 17.763380
49.343470 38.909400 19.279442
49.345021 40.105447 20.282136
49.343470 38.638500 6.569858
49.345021 37.442453 5.567164
49.267990 36.227277 7.939354
50.317989 37.393339 8.085920
51.578142 36.364795 6.550213
50.367103 36.420371 5.567164
50.572346 29.383416 19.463747
51.560306 28.187628 19.481066
50.359865 28.187628 18.498535
50.358314 27.305650 21.034868
49.196388 28.351512 20.834794
49.376816 27.174077 18.498793
49.311159 25.977513 19.499161
41.149759 27.159084 5.554498
41.161391 25.977513 6.574511
40.230300 27.189586 8.110218
41.276162 28.351512 7.910144
39.900204 29.383416 6.539097
40.112685 28.187628 5.573885
38.912244 28.187628 6.556416
39.382960 36.834219 18.831732
40.371178 35.638430 18.814413
39.170737 35.638430 19.796945
41.320623 36.343340 20.864004
40.154561 37.393339 21.010570
41.183105 38.653492 19.474863
41.127529 37.442453 18.491814
41.183105 38.894408 6.374437
41.127529 40.105447 7.357486
41.320623 41.204560 4.985296
40.154561 40.154561 4.838730
39.900204 42.308066 6.385553
38.912244 41.112278 6.368234
40.112685 41.112278 7.350765
37.647696 42.308066 19.463747
38.635656 41.112278 19.481066
37.435215 41.112278 18.498535
36.227277 41.204560 20.864004
37.393339 40.154561 21.010570
36.364795 38.894408 19.474863
36.420371 40.105447 18.491814
36.364795 38.653492 6.374437
36.420371 37.442453 7.357486
36.227277 36.343340 4.985296
37.393339 37.393339 4.838730
38.164940 36.834219 7.017568
37.176722 35.638430 7.034887
38.377163 35.638430 6.052355
30.360003 26.968316 19.545431
34.263247 26.968316 6.620781
47.187897 26.968316 6.303869
43.284653 26.968316 19.228519
47.187897 50.579584 19.545431
43.284653 50.579584 6.620781
34.263247 50.579584 19.228519
30.360003 50.579584 6.303869
47.187897 39.892966 6.620781
43.308176 37.611765 6.305678
43.308176 39.936135 19.543622
47.187897 37.654934 19.228519
30.360003 37.654934 6.620781
34.239724 39.936135 6.305678
45.394731 34.263247 11.805634
45.077819 30.360003 14.043666
45.077819 47.187897 11.805634
32.153169 34.263247 14.043666
32.470081 30.360003 11.805634
44.348093 28.171084 24.524523
45.348461 28.236741 25.721087
46.884168 27.189586 24.392950
46.684094 28.351512 23.347088
44.575825 27.456868 22.833721
45.635647 26.347158 22.604954
44.779518 26.347158 23.898712
33.431417 33.431417 31.191833
32.311625 32.311625 32.311625
33.119157 33.119157 29.313365
32.311625 32.311625 28.741061
32.311625 32.311625 27.257311
32.401581 33.419784 26.536374
44.116483 44.116483 31.191833
45.236275 45.236275 32.311625
44.428743 44.428743 29.313365
45.236275 45.236275 28.741061
45.236275 45.236275 27.257311
45.146319 44.128116 26.536374
44.116483 33.431417 46.356067
45.236275 32.311625 45.236275
44.428743 33.119157 48.234535
45.236275 32.311625 48.806839
45.236275 32.311625 50.290589
45.146319 33.419784 51.011526
33.431417 44.116483 46.356067
32.311625 45.236275 45.236275
33.119157 44.428743 48.234535
32.311625 45.236275 48.806839
32.311625 45.236275 50.290589
32.401581 44.128116 51.011526
31.191833 33.431417 33.431417
29.313365 33.119157 33.119157
28.741061 32.311625 32.311625
27.257311 32.311625 32.311625
26.536374 32.401581 33.419784
31.191833 44.116483 44.116483
29.313365 44.428743 44.428743
28.741061 45.236275 45.236275
27.257311 45.236275 45.236275
26.536374 45.146319 44.128116
46.356067 44.116483 33.431417
48.234535 44.428743 33.119157
48.806839 45.236275 32.311625
50.290589 45.236275 32.311625
51.011526 45.146319 33.419784
46.356067 33.431417 44.116483
48.234535 33.119157 44.428743
48.806839 32.311625 45.236275
50.290589 32.311625 45.236275
51.011526 32.401581 44.128116
33.431417 31.191833 33.431417
33.119157 29.313365 33.119157
32.311625 28.741061 32.311625
32.311625 27.257311 32.311625
33.419784 26.536374 32.401581
44.116483 31.191833 44.116483
44.428743 29.313365 44.428743
45.236275 28.741061 45.236275
45.236275 27.257311 45.236275
44.128116 26.536374 45.146319
33.431417 46.356067 44.116483
33.119157 48.234535 44.428743
32.311625 48.806839 45.236275
32.311625 50.290589 45.236275
33.419784 51.011526 45.146319
44.116483 46.356067 33.431417
44.428743 48.234535 33.119157
45.236275 48.806839 32.311625
45.236275 50.290589 32.311625
44.128116 51.011526 32.401581
33.431417 33.431417 46.356067
32.311625 32.311625 45.236275
33.119157 33.119157 48.234535
32.311625 32.311625 48.806839
32.311625 32.311625 50.290589
36.181524 32.290429 50.652479
36.872734 33.334999 49.797384
44.116483 44.116483 46.356067
45.236275 45.236275 45.236275
44.428743 44.428743 48.234535
45.236275 45.236275 48.806839
45.236275 45.236275 50.290589
41.366376 45.257471 50.652479
40.675166 44.212901 49.797384
33.431417 44.116483 31.191833
32.311625 45.236275 32.311625
33.119157 44.428743 29.313365
32.311625 45.236275 28.741061
32.311625 45.236275 27.257311
36.181524 45.257471 26.895421
36.872734 44.212901 27.750516
44.116483 33.431417 31.191833
45.236275 32.311625 32.311625
44.428743 33.119157 29.313365
45.236275 32.311625 28.741061
45.236275 32.311625 27.257311
41.366376 32.290429 26.895421
40.675166 33.334999 27.750516
33.431417 31.191833 44.116483
33.119157 29.313365 44.428743
32.311625 28.741061 45.236275
32.311625 27.257311 45.236275
32.290429 26.895421 41.366376
33.334999 27.750516 40.675166
44.116483 31.191833 33.431417
44.428743 29.313365 33.119157
45.236275 28.741061 32.311625
45.236275 27.257311 32.311625
45.257471 26.895421 36.181524
44.212901 27.750516 36.872734
44.116483 46.356067 44.116483
44.428743 48.234535 44.428743
45.236275 48.806839 45.236275
45.236275 50.290589 45.236275
45.257471 50.652479 41.366376
44.212901 49.797384 40.675166
33.431417 46.356067 33.431417
33.119157 48.234535 33.119157
32.311625 48.806839 32.311625
32.311625 50.290589 32.311625
32.290429 50.652479 36.181524
33.334999 49.797384 36.872734
31.191833 33.431417 44.116483
29.313365 33.119157 44.428743
28.741061 32.311625 45.236275
27.257311 32.311625 45.236275
26.895421 36.181524 45.257471
27.750516 36.872734 44.212901
31.191833 44.116483 33.431417
29.313365 44.428743 33.119157
28.741061 45.236275 32.311625
27.257311 45.236275 32.311625
26.895421 41.366376 32.290429
27.750516 40.675166 33.334999
46.356067 33.431417 33.431417
48.234535 33.119157 33.119157
48.806839 32.311625 32.311625
50.290589 32.311625 32.311625
50.387524 34.667789 32.556159
50.652479 36.181524 32.290429
49.797384 36.872734 33.334999
46.356067 44.116483 44.116483
48.234535 44.428743 44.428743
48.806839 45.236275 45.236275
50.290589 45.236275 45.236275
50.652479 41.366376 45.257471
49.797384 40.675166 44.212901
45.146319 44.128116 51.011526
44.991741 42.880111 50.387524
45.257471 41.366376 50.652479
44.212901 40.675166 49.797384
32.401581 33.419784 51.011526
32.556159 34.667789 50.387524
32.290429 36.181524 50.652479
33.334999 36.872734 49.797384
32.401581 44.128116 26.536374
32.556159 42.880111 27.160376
32.290429 41.366376 26.895421
33.334999 40.675166 27.750516
45.146319 33.419784 26.536374
44.991741 34.667789 27.160376
45.257471 36.181524 26.895421
44.212901 36.872734 27.750516
51.011526 45.146319 44.128116
50.387524 44.991741 42.880111
50.652479 45.257471 41.366376
49.797384 44.212901 40.675166
51.011526 32.401581 33.419784
50.387524 32.556159 34.667789
50.652479 32.290429 36.181524
49.797384 33.334999 36.872734
26.536374 32.401581 44.128116
27.160376 32.556159 42.880111
26.895421 32.290429 41.366376
27.750516 33.334999 40.675166
26.536374 45.146319 33.419784
27.160376 44.991741 34.667789
26.895421 45.257471 36.181524
27.750516 44.212901 36.872734
44.128116 51.011526 45.146319
42.880111 50.387524 44.991741
41.366376 50.652479 45.257471
40.675166 49.797384 44.212901
33.419784 51.011526 32.401581
34.667789 50.387524 32.556159
36.181524 50.652479 32.290429
36.872734 49.797384 33.334999
44.128116 26.536374 32.401581
42.880111 27.160376 32.556159
41.366376 26.895421 32.290429
40.675166 27.750516 33.334999
33.419784 26.536374 45.146319
34.667789 27.160376 44.991741
36.181524 26.895421 45.257471
36.872734 27.750516 44.212901
33.119157 46.043807 42.238015
32.311625 45.236275 41.665711
32.311625 45.236275 40.181961
32.401581 46.344434 39.461024
44.428743 31.504093 42.238015
45.236275 32.311625 41.665711
45.236275 32.311625 40.181961
45.146319 31.203466 39.461024
44.428743 46.043807 35.309885
45.236275 45.236275 35.882189
45.236275 45.236275 37.365939
45.146319 46.344434 38.086876
33.119157 31.504093 35.309885
32.311625 32.311625 35.882189
32.311625 32.311625 37.365939
32.401581 31.203466 38.086876
31.191833 46.356067 46.356067
29.313365 46.043807 46.043807
26.536374 45.326231 46.344434
27.160376 45.480809 47.592439
26.895421 45.215079 49.106174
27.750516 46.259649 49.797384
31.191833 31.191833 31.191833
29.313365 31.504093 31.504093
26.536374 32.221669 31.203466
27.160376 32.067091 29.955461
26.895421 32.332821 28.441726
27.750516 31.288251 27.750516
46.356067 31.191833 46.356067
48.234535 31.504093 46.043807
51.011526 32.221669 46.344434
50.387524 32.067091 47.592439
50.652479 32.332821 49.106174
49.797384 31.288251 49.797384
46.356067 46.356067 31.191833
48.234535 46.043807 31.504093
51.011526 45.326231 31.203466
50.387524 45.480809 29.955461
50.652479 45.215079 28.441726
49.797384 46.259649 27.750516
33.119157 42.238015 46.043807
32.311625 41.665711 45.236275
32.311625 40.181961 45.236275
33.419784 39.461024 45.326231
34.667789 40.085026 45.480809
36.181524 39.820071 45.215079
36.872734 40.675166 46.259649
44.428743 42.238015 31.504093
45.236275 41.665711 32.311625
45.236275 40.181961 32.311625
44.128116 39.461024 32.221669
42.880111 40.085026 32.067091
41.366376 39.820071 32.332821
40.675166 40.675166 31.288251
33.119157 35.309885 31.504093
32.311625 35.882189 32.311625
32.311625 37.365939 32.311625
33.419784 38.086876 32.221669
34.667789 37.462874 32.067091
36.181524 37.727829 32.332821
36.872734 36.872734 31.288251
44.428743 35.309885 46.043807
45.236275 35.882189 45.236275
45.236275 37.365939 45.236275
44.128116 38.086876 45.326231
42.880111 37.462874 45.480809
41.366376 37.727829 45.215079
40.675166 36.872734 46.259649
33.119157 46.043807 35.309885
32.311625 45.236275 35.882189
32.311625 45.236275 37.365939
44.428743 31.504093 35.309885
45.236275 32.311625 35.882189
45.236275 32.311625 37.365939
33.119157 31.504093 42.238015
32.311625 32.311625 41.665711
32.311625 32.311625 40.181961
44.428743 46.043807 42.238015
45.236275 45.236275 41.665711
45.236275 45.236275 40.181961
33.119157 42.238015 31.504093
32.311625 41.665711 32.311625
32.311625 40.181961 32.311625
32.290429 39.820071 28.441726
44.428743 42.238015 46.043807
45.236275 41.665711 45.236275
45.236275 40.181961 45.236275
45.257471 39.820071 49.106174
44.428743 35.309885 31.504093
45.236275 35.882189 32.311625
45.236275 37.365939 32.311625
45.257471 37.727829 28.441726
33.119157 35.309885 46.043807
32.311625 35.882189 45.236275
32.311625 37.365939 45.236275
32.290429 37.727829 49.106174
31.191833 46.356067 31.191833
29.313365 46.043807 31.504093
31.191833 31.191833 46.356067
29.313365 31.504093 46.043807
46.356067 46.356067 46.356067
48.234535 46.043807 46.043807
46.356067 31.191833 31.191833
48.234535 31.504093 31.504093
45.146319 31.203466 38.086876
44.991741 29.955461 37.462874
45.257471 28.441726 37.727829
32.401581 46.344434 38.086876
32.556159 47.592439 37.462874
32.290429 49.106174 37.727829
32.401581 31.203466 39.461024
32.556159 29.955461 40.085026
32.290429 28.441726 39.820071
45.146319 46.344434 39.461024
44.991741 47.592439 40.085026
45.257471 49.106174 39.820071
51.011526 32.221669 31.203466
51.011526 45.326231 46.344434
26.536374 45.326231 31.203466
26.536374 32.221669 46.344434
44.128116 38.086876 32.221669
33.419784 38.086876 45.326231
44.128116 39.461024 45.326231
33.419784 39.461024 32.221669
41.366376 32.332821 39.820071
40.675166 31.288251 40.675166
36.181524 45.215079 39.820071
36.872734 46.259649 40.675166
41.366376 45.215079 37.727829
40.675166 46.259649 36.872734
36.181524 32.332821 37.727829
36.872734 31.288251 36.872734
50.652479 28.441726 45.215079
49.797384 27.750516 46.259649
50.652479 49.106174 32.332821
49.797384 49.797384 31.288251
26.895421 28.441726 32.332821
27.750516 27.750516 31.288251
26.895421 49.106174 45.215079
27.750516 49.797384 46.259649
46.043807 33.119157 42.238015
45.326231 33.419784 39.461024
45.480809 34.667789 40.085026
45.215079 36.181524 39.820071
46.259649 36.872734 40.675166
31.504093 44.428743 42.238015
32.221669 44.128116 39.461024
32.067091 42.880111 40.085026
32.332821 41.366376 39.820071
31.288251 40.675166 40.675166
31.504093 33.119157 35.309885
32.221669 33.419784 38.086876
32.067091 34.667789 37.462874
32.332821 36.181524 37.727829
31.288251 36.872734 36.872734
46.043807 44.428743 35.309885
45.326231 44.128116 38.086876
45.480809 42.880111 37.462874
45.215079 41.366376 37.727829
46.259649 40.675166 36.872734
42.238015 33.119157 46.043807
41.665711 32.311625 45.236275
40.181961 32.311625 45.236275
39.461024 32.401581 46.344434
42.238015 44.428743 31.504093
41.665711 45.236275 32.311625
40.181961 45.236275 32.311625
39.461024 45.146319 31.203466
35.309885 44.428743 46.043807
35.882189 45.236275 45.236275
37.365939 45.236275 45.236275
38.086876 45.146319 46.344434
35.309885 33.119157 31.504093
35.882189 32.311625 32.311625
37.365939 32.311625 32.311625
38.086876 32.401581 31.203466
46.043807 29.313365 46.043807
46.344434 26.536374 45.326231
47.592439 27.160376 45.480809
49.106174 26.895421 45.215079
31.504093 29.313365 31.504093
31.203466 26.536374 32.221669
29.955461 27.160376 32.067091
28.441726 26.895421 32.332821
46.043807 48.234535 31.504093
46.344434 51.011526 32.221669
47.592439 50.387524 32.067091
49.106174 50.652479 32.332821
31.504093 48.234535 46.043807
31.203466 51.011526 45.326231
29.955461 50.387524 45.480809
28.441726 50.652479 45.215079
46.043807 33.119157 35.309885
49.106174 32.290429 37.727829
31.504093 44.428743 35.309885
28.441726 45.257471 37.727829
46.043807 44.428743 42.238015
49.106174 45.257471 39.820071
31.504093 33.119157 42.238015
28.441726 32.290429 39.820071
46.043807 29.313365 31.504093
31.504093 29.313365 46.043807
31.504093 48.234535 31.504093
46.043807 48.234535 46.043807
42.238015 33.119157 31.504093
41.665711 32.311625 32.311625
40.181961 32.311625 32.311625
42.238015 44.428743 46.043807
41.665711 45.236275 45.236275
40.181961 45.236275 45.236275
35.309885 33.119157 46.043807
35.882189 32.311625 45.236275
37.365939 32.311625 45.236275
35.309885 44.428743 31.504093
35.882189 45.236275 32.311625
37.365939 45.236275 32.311625
32.221669 44.128116 38.086876
45.326231 33.419784 38.086876
45.326231 44.128116 39.461024
32.221669 33.419784 39.461024
38.086876 45.146319 31.203466
37.462874 44.991741 29.955461
37.727829 45.257471 28.441726
38.086876 32.401581 46.344434
37.462874 32.556159 47.592439
37.727829 32.290429 49.106174
39.461024 32.401581 31.203466
40.085026 32.556159 29.955461
39.820071 32.290429 28.441726
39.461024 45.146319 46.344434
40.085026 44.991741 47.592439
39.820071 45.257471 49.106174
31.203466 51.011526 32.221669
46.344434 51.011526 45.326231
31.203466 26.536374 45.326231
46.344434 26.536374 32.221669
32.332821 50.652479 49.106174
31.288251 49.797384 49.797384
45.215079 50.652479 28.441726
46.259649 49.797384 27.750516
45.215079 26.895421 49.106174
46.259649 27.750516 49.797384
32.332821 26.895421 28.441726
31.288251 27.750516 27.750516
37.727829 41.366376 45.215079
37.727829 36.181524 32.332821
39.820071 41.366376 32.332821
39.820071 36.181524 45.215079
46.043807 46.043807 29.313365
45.326231 46.344434 26.536374
45.480809 47.592439 27.160376
45.215079 49.106174 26.895421
31.504093 31.504093 29.313365
32.221669 31.203466 26.536374
32.067091 29.955461 27.160376
32.332821 28.441726 26.895421
31.504093 46.043807 48.234535
32.221669 46.344434 51.011526
32.067091 47.592439 50.387524
32.332821 49.106174 50.652479
46.043807 31.504093 48.234535
45.326231 31.203466 51.011526
45.480809 29.955461 50.387524
45.215079 28.441726 50.652479
42.238015 46.043807 33.119157
39.461024 45.326231 33.419784
40.085026 45.480809 34.667789
39.820071 45.215079 36.181524
42.238015 31.504093 44.428743
39.461024 32.221669 44.128116
40.085026 32.067091 42.880111
39.820071 32.332821 41.366376
35.309885 31.504093 33.119157
38.086876 32.221669 33.419784
37.462874 32.067091 34.667789
37.727829 32.332821 36.181524
35.309885 46.043807 44.428743
38.086876 45.326231 44.128116
37.462874 45.480809 42.880111
37.727829 45.215079 41.366376
46.043807 42.238015 33.119157
46.344434 39.461024 32.401581
31.504093 42.238015 44.428743
31.203466 39.461024 45.146319
46.043807 35.309885 44.428743
46.344434 38.086876 45.146319
31.504093 35.309885 33.119157
31.203466 38.086876 32.401581
46.043807 46.043807 48.234535
31.504093 31.504093 48.234535
46.043807 31.504093 29.313365
31.504093 46.043807 29.313365
46.043807 42.238015 44.428743
31.504093 42.238015 33.119157
31.504093 35.309885 44.428743
46.043807 35.309885 33.119157
42.238015 46.043807 44.428743
39.820071 49.106174 45.257471
42.238015 31.504093 33.119157
39.820071 28.441726 32.290429
35.309885 46.043807 33.119157
37.727829 49.106174 32.290429
35.309885 31.504093 44.428743
37.727829 28.441726 45.257471
32.221669 31.203466 51.011526
45.326231 46.344434 51.011526
45.326231 31.203466 26.536374
32.221669 46.344434 26.536374
38.086876 32.221669 44.128116
38.086876 45.326231 33.419784
39.461024 45.326231 44.128116
39.461024 32.221669 33.419784
31.203466 38.086876 45.146319
29.955461 37.462874 44.991741
28.441726 37.727829 45.257471
46.344434 38.086876 32.401581
47.592439 37.462874 32.556159
49.106174 37.727829 32.290429
31.203466 39.461024 32.401581
29.955461 40.085026 32.556159
28.441726 39.820071 32.290429
46.344434 39.461024 45.146319
47.592439 40.085026 44.991741
49.106174 39.820071 45.257471
28.441726 32.332821 26.895421
49.106174 45.215079 26.895421
28.441726 45.215079 50.652479
49.106174 32.332821 50.652479
32.332821 37.727829 36.181524
45.215079 37.727829 41.366376
45.215079 39.820071 36.181524
32.332821 39.820071 41.366376
39.892966 45.077819 30.360003
37.654934 45.394731 34.263247
39.892966 32.153169 34.263247
37.654934 32.470081 30.360003
39.892966 45.394731 43.284653
37.654934 45.077819 47.187897
37.654934 32.153169 43.284653
39.892966 32.470081 47.187897
36.315682 32.493346 51.570646
35.250949 32.289912 50.460936
36.544706 31.433783 50.460936
36.227277 33.788654 49.267990
37.393339 33.935220 50.317989
38.638500 32.419158 49.343470
37.442453 31.416464 49.345021
41.232218 45.054554 51.570646
42.296951 45.257988 50.460936
41.003194 46.114117 50.460936
41.320623 43.759246 49.267990
40.154561 43.612680 50.317989
38.909400 45.128742 49.343470
40.105447 46.131436 49.345021
40.098727 33.199807 41.095734
38.902163 32.199439 41.161391
40.230300 30.663732 40.114236
41.276162 30.863806 41.276162
41.789529 32.972075 40.381518
42.018296 31.912253 39.271808
40.724538 32.768382 39.271808
37.449173 44.348093 41.095734
38.645737 45.348461 41.161391
37.317600 46.884168 40.114236
36.271738 46.684094 41.276162
35.758371 44.575825 40.381518
35.529604 45.635647 39.271808
36.823362 44.779518 39.271808
36.315682 32.129904 38.645996
36.544706 33.189467 37.536286
35.250949 32.333338 37.536286
37.317600 30.663732 37.433664
36.271738 30.863806 36.271738
37.449173 33.199807 36.452166
38.645737 32.199439 36.386509
40.098727 44.348093 36.452166
38.902163 45.348461 36.386509
40.230300 46.884168 37.433664
41.276162 46.684094 36.271738
41.232218 45.417996 38.645996
41.003194 44.358433 37.536286
42.296951 45.214562 37.536286
49.240332 32.493346 38.645996
48.175599 32.289912 37.536286
49.469356 31.433783 37.536286
50.358314 33.959518 37.317600
49.196388 33.759444 36.271738
50.388816 31.403798 36.398141
51.570387 32.423811 36.386509
48.683021 45.896725 40.381518
49.748012 45.693032 39.271808
48.454254 44.836903 39.271808
50.358314 43.588382 40.230300
49.196388 43.788456 41.276162
50.388816 46.144102 41.149759
51.570387 45.124089 41.161391
48.683021 44.575825 27.456868
48.454254 45.635647 26.347158
49.748012 44.779518 26.347158
49.267990 46.713304 28.395973
50.317989 46.859870 27.229911
51.578142 45.324163 28.258455
50.367103 44.341114 28.202879
50.579584 45.077819 34.263247
50.579584 32.153169 30.360003
50.579584 32.470081 43.284653
50.579584 45.394731 47.187897
51.578142 32.223737 49.289445
50.367103 33.206786 49.345021
49.267990 30.834596 49.151927
50.317989 30.688030 50.317989
49.240332 32.129904 51.570646
49.469356 33.189467 50.460936
48.175599 32.333338 50.460936
28.307568 45.417996 51.570646
28.078544 44.358433 50.460936
29.372301 45.214562 50.460936
28.279910 46.713304 49.151927
27.229911 46.859870 50.317989
25.969758 45.324163 49.289445
27.180797 44.341114 49.345021
26.968316 32.153169 47.187897
26.968316 45.077819 43.284653
27.159084 31.403798 41.149759
25.977513 32.423811 41.161391
27.189586 33.959518 40.230300
28.351512 33.759444 41.276162
28.864879 31.651175 40.381518
27.799888 31.854868 39.271808
29.093646 32.710997 39.271808
28.307568 45.054554 38.645996
29.372301 45.257988 37.536286
28.078544 46.114117 37.536286
27.189586 43.588382 37.317600
28.351512 43.788456 36.271738
27.159084 46.144102 36.398141
25.977513 45.124089 36.386509
26.968316 45.394731 30.360003
26.968316 32.470081 34.263247
25.969758 32.223737 28.258455
27.180797 33.206786 28.202879
28.279910 30.834596 28.395973
27.229911 30.688030 27.229911
28.864879 32.972075 27.456868
29.093646 31.912253 26.347158
27.799888 32.768382 26.347158
38.638500 45.128742 28.204430
37.442453 46.131436 28.202879
36.227277 43.759246 28.279910
37.393339 43.612680 27.229911
35.758371 45.896725 27.456868
36.823362 45.693032 26.347158
35.529604 44.836903 26.347158
41.789529 31.651175 27.456868
40.724538 31.854868 26.347158
42.018296 32.710997 26.347158
41.320623 33.788654 28.279910
40.154561 33.935220 27.229911
38.909400 32.419158 28.204430
40.105447 31.416464 28.202879
32.972075 27.456868 28.864879
31.912253 26.347158 29.093646
32.768382 26.347158 27.799888
30.663732 27.189586 27.305650
30.863806 28.351512 28.351512
33.199807 28.171084 27.174077
32.199439 28.236741 25.977513
46.144102 36.398141 27.159084
45.124089 36.386509 25.977513
43.588382 37.317600 27.189586
43.788456 36.271738 28.351512
45.054554 38.645996 28.307568
45.257988 37.536286 29.372301
46.114117 37.536286 28.078544
31.651175 40.381518 28.864879
31.854868 39.271808 27.799888
32.710997 39.271808 29.093646
33.959518 40.230300 27.189586
33.759444 41.276162 28.351512
31.403798 41.149759 27.159084
32.423811 41.161391 25.977513
32.153169 47.187897 26.968316
32.470081 34.263247 26.968316
45.394731 30.360003 26.968316
45.077819 43.284653 26.968316
44.348093 49.376816 27.174077
45.348461 49.311159 25.977513
46.884168 50.358314 27.305650
46.684094 49.196388 28.351512
45.417996 51.570646 28.307568
44.358433 50.460936 28.078544
45.214562 50.460936 29.372301
32.493346 51.570646 36.315682
32.289912 50.460936 35.250949
31.433783 50.460936 36.544706
33.788654 49.267990 36.227277
33.935220 50.317989 37.393339
32.419158 49.343470 38.638500
31.416464 49.345021 37.442453
32.470081 47.187897 39.892966
45.394731 43.284653 39.892966
32.153169 43.284653 37.654934
45.128742 49.343470 38.909400
46.131436 49.345021 40.105447
43.759246 49.267990 41.320623
43.612680 50.317989 40.154561
45.054554 51.570646 41.232218
45.257988 50.460936 42.296951
46.114117 50.460936 41.003194
32.129904 51.570646 49.240332
33.189467 50.460936 49.469356
32.333338 50.460936 48.175599
30.663732 50.358314 50.242250
30.863806 49.196388 49.196388
33.199807 49.376816 50.373823
32.199439 49.311159 51.570387
45.394731 47.187897 50.579584
46.144102 41.149759 50.388816
45.124089 41.161391 51.570387
43.588382 40.230300 50.358314
43.788456 41.276162 49.196388
45.896725 40.381518 48.683021
45.693032 39.271808 49.748012
44.836903 39.271808 48.454254
32.493346 38.645996 49.240332
32.289912 37.536286 48.175599
31.433783 37.536286 49.469356
33.959518 37.317600 50.358314
33.759444 36.271738 49.196388
31.403798 36.398141 50.388816
32.423811 36.386509 51.570387
45.077819 34.263247 50.579584
32.153169 30.360003 50.579584
30.360003 39.892966 45.077819
34.239724 37.611765 45.392922
32.223737 41.183105 38.894408
33.206786 41.127529 40.105447
30.834596 41.320623 41.204560
30.688030 40.154561 40.154561
32.972075 40.381518 41.789529
31.912253 39.271808 42.018296
32.768382 39.271808 40.724538
45.324163 41.183105 38.653492
44.341114 41.127529 37.442453
46.713304 41.320623 36.343340
46.859870 40.154561 37.393339
44.575825 40.381518 35.758371
45.635647 39.271808 35.529604
44.779518 39.271808 36.823362
32.129904 38.645996 36.315682
33.189467 37.536286 36.544706
32.333338 37.536286 35.250949
30.834596 36.227277 36.343340
30.688030 37.393339 37.393339
32.223737 36.364795 38.653492
33.206786 36.420371 37.442453
45.324163 36.364795 38.894408
44.341114 36.420371 40.105447
46.713304 36.227277 41.204560
46.859870 37.393339 40.154561
45.417996 38.645996 41.232218
44.358433 37.536286 41.003194
45.214562 37.536286 42.296951
32.419158 28.204430 38.909400
31.416464 28.202879 40.105447
33.788654 28.279910 41.320623
33.935220 27.229911 40.154561
31.651175 27.456868 41.789529
31.854868 26.347158 40.724538
32.710997 26.347158 42.018296
45.128742 28.204430 38.638500
46.131436 28.202879 37.442453
43.759246 28.279910 36.227277
43.612680 27.229911 37.393339
45.896725 27.456868 35.758371
45.693032 26.347158 36.823362
44.836903 26.347158 35.529604
32.470081 43.284653 50.579584
37.647696 29.383416 45.159503
37.435215 28.187628 46.124715
38.635656 28.187628 45.142184
37.317600 27.189586 43.588382
36.271738 28.351512 43.788456
36.398141 27.159084 46.144102
36.386509 25.977513 45.124089
28.171084 27.174077 33.199807
28.236741 25.977513 32.199439
27.189586 27.305650 30.663732
28.351512 28.351512 30.863806
26.975554 29.383416 32.234853
25.987594 28.187628 32.217534
27.188035 28.187628 33.200065
26.458310 36.834219 45.791518
26.246087 35.638430 44.826305
27.446528 35.638430 45.808837
28.279910 36.227277 43.759246
27.229911 37.393339 43.612680
28.204430 38.638500 45.128742
28.202879 37.442453 46.131436
28.204430 38.909400 32.419158
28.202879 40.105447 31.416464
28.279910 41.320623 33.788654
27.229911 40.154561 33.935220
26.975554 42.308066 32.388397
27.188035 41.112278 31.423185
25.987594 41.112278 32.405716
26.458310 49.758869 44.681032
27.446528 48.563080 44.663713
26.246087 48.563080 45.646245
27.189586 50.242250 46.884168
28.351512 49.196388 46.684094
28.171084 50.373823 44.348093
28.236741 51.570387 45.348461
36.398141 50.388816 31.403798
36.386509 51.570387 32.423811
37.317600 50.358314 33.959518
36.271738 49.196388 33.759444
38.164940 49.758869 31.756382
38.377163 48.563080 32.721595
37.176722 48.563080 31.739063
39.382960 49.758869 45.791518
39.170737 48.563080 44.826305
40.371178 48.563080 45.808837
40.230300 50.358314 43.588382
41.276162 49.196388 43.788456
41.149759 50.388816 46.144102
41.161391 51.570387 45.124089
49.376816 50.373823 33.199807
49.311159 51.570387 32.199439
50.358314 50.242250 30.663732
49.196388 49.196388 30.863806
51.089590 49.758869 32.866868
50.101372 48.563080 32.884187
51.301813 48.563080 31.901655
50.572346 42.308066 45.159503
50.359865 41.112278 46.124715
51.560306 41.112278 45.142184
49.267990 41.320623 43.759246
50.317989 40.154561 43.612680
49.343470 38.909400 45.128742
49.345021 40.105447 46.131436
49.343470 38.638500 32.419158
49.345021 37.442453 31.416464
49.267990 36.227277 33.788654
50.317989 37.393339 33.935220
51.578142 36.364795 32.399513
50.367103 36.420371 31.416464
50.572346 29.383416 45.313047
51.560306 28.187628 45.330366
50.359865 28.187628 44.347835
50.358314 27.305650 46.884168
49.196388 28.351512 46.684094
49.376816 27.174077 44.348093
49.311159 25.977513 45.348461
41.149759 27.159084 31.403798
41.161391 25.977513 32.423811
40.230300 27.189586 33.959518
41.276162 28.351512 33.759444
39.900204 29.383416 32.388397
40.112685 28.187628 31.423185
38.912244 28.187628 32.405716
39.382960 36.834219 44.681032
40.371178 35.638430 44.663713
39.170737 35.638430 45.646245
41.320623 36.343340 46.713304
40.154561 37.393339 46.859870
41.183105 38.653492 45.324163
41.127529 37.442453 44.341114
41.183105 38.894408 32.223737
41.127529 40.105447 33.206786
41.320623 41.204560 30.834596
40.154561 40.154561 30.688030
39.900204 42.308066 32.234853
38.912244 41.112278 32.217534
40.112685 41.112278 33.200065
37.647696 42.308066 45.313047
38.635656 41.112278 45.330366
37.435215 41.112278 44.347835
36.227277 41.204560 46.713304
37.393339 40.154561 46.859870
36.364795 38.894408 45.324163
36.420371 40.105447 44.341114
36.364795 38.653492 32.223737
36.420371 37.442453 33.206786
36.227277 36.343340 30.834596
37.393339 37.393339 30.688030
38.164940 36.834219 32.866868
37.176722 35.638430 32.884187
38.377163 35.638430 31.901655
30.360003 26.968316 45.394731
34.263247 26.968316 32.470081
47.187897 26.968316 32.153169
43.284653 26.968316 45.077819
47.187897 50.579584 45.394731
43.284653 50.579584 32.470081
34.263247 50.579584 45.077819
30.360003 50.579584 32.153169
47.187897 39.892966 32.470081
43.308176 37.611765 32.154978
43.308176 39.936135 45.392922
47.187897 37.654934 45.077819
30.360003 37.654934 32.470081
34.239724 39.936135 32.154978
45.394731 34.263247 37.654934
45.077819 30.360003 39.892966
45.077819 47.187897 37.654934
32.153169 34.263247 39.892966
32.470081 30.360003 37.654934
44.348093 28.171084 50.373823
45.348461 28.236741 51.570387
46.884168 27.189586 50.242250
46.684094 28.351512 49.196388
44.575825 27.456868 48.683021
45.635647 26.347158 48.454254
44.779518 26.347158 49.748012
POINT_DATA 7232
SCALARS my_scalars float
LOOKUP_TABLE default
1.39
1.52
1.52
1.7
1.7
1.7
1.39
1.52
1.52
1.7
1.7
1.7
1.39
1.52
1.52
1.7
1.7
1.7
1.39
1.52
1.52
1.7
1.7
1.7
1.39
1.52
1.7
1.7
1.7
1.39
1.52
1.7
1.7
1.7
1.39
1.52
1.7
1.7
1.7
1.39
1.52
1.7
1.7
1.7
1.39
1.52
1.7
1.7
1.7
1.39
1.52
1.7
1.7
1.7
1.39
1.52
1.7
1.7
1.7
1.39
1.52
1.7
1.7
1.7
1.39
1.52
1.52
1.7
1.7
1.7
1.7
1.39
1.52
1.52
1.7
1.7
1.7
1.7
1.39
1.52
1.52
1.7
1.7
1.7
1.7
1.39
1.52
1.52
1.7
1.7
1.7
1.7
1.39
1.52
1.7
1.7
1.7
1.7
1.39
1.52
1.7
1.7
1.7
1.7
1.39
1.52
1.7
1.7
1.7
1.7
1.39
1.52
1.7
1.7
1.7
1.7
1.39
1.52
1.7
1.7
1.7
1.7
1.39
1.52
1.7
1.7
1.7
1.7
1.39
1.52
1.7
1.7
1.09
1.7
1.7
1.39
1.52
1.7
1.7
1.7
1.7
1.7
1.52
1.7
1.7
1.7
1.52
1.7
1.7
1.7
1.52
1.7
1.7
1.7
1.52
1.7
1.7
1.7
1.52
1.7
1.7
1.7
1.52
1.7
1.7
1.7
1.52
1.7
1.7
1.7
1.52
1.7
1.7
1.7
1.52
1.7
1.7
1.7
1.52
1.7
1.7
1.7
1.52
1.7
1.7
1.7
1.52
1.7
1.7
1.52
1.7
1.7
1.7
1.52
1.7
1.7
1.7
1.52
1.7
1.7
1.7
1.52
1.7
1.7
1.7
1.39
1.52
1.7
1.52
1.7
1.7
1.39
1.52
1.7
1.52
1.7
1.7
1.39
1.52
1.7
1.52
1.7
1.7
1.39
1.52
1.7
1.52
1.7
1.7
1.52
1.7
1.7
1.7
1.52
1.7
1.7
1.52
1.7
1.7
1.7
1.52
1.7
1.7
1.52
1.7
1.7
1.7
1.52
1.7
1.7
1.52
1.7
1.7
1.7
1.52
1.7
1.7
1.52
1.7
1.7
1.52
1.7
1.7
1.52
1.7
1.7
1.52
1.7
1.7
1.52
1.7
1.7
1.7
1.52
1.7
1.7
1.7
1.52
1.7
1.7
1.7
1.52
1.7
1.7
1.7
1.39
1.52
1.39
1.52
1.39
1.52
1.39
1.52
1.7
1.52
1.7
1.7
1.52
1.7
1.7
1.52
1.7
1.7
1.52
1.7
1.7
1.7
1.7
1.7
1.7
1.7
1.7
1.7
1.7
1.7
1.7
1.7
1.7
1.7
1.7
1.7
1.7
1.7
1.7
1.7
1.7
1.7
1.7
1.7
1.52
1.7
1.52
1.7
1.7
1.52
1.7
1.52
1.7
1.7
1.52
1.7
1.52
1.7
1.7
1.52
1.7
1.52
1.7
1.7
1.52
1.7
1.7
1.7
1.52
1.7
1.7
1.7
1.52
1.7
1.7
1.7
1.52
1.7
1.7
1.7
1.52
1.7
1.52
1.7
1.52
1.7
1.52
1.7
1.52
1.7
1.52
1.7
1.52
1.7
1.52
1.7
1.52
1.7
1.52
1.7
1.52
1.7
1.52
1.7
1.52
1.52
1.52
1.52
1.52
1.7
1.7
1.52
1.7
1.7
1.52
1.7
1.7
1.52
1.7
1.7
1.7
1.7
1.7
1.7
1.7
1.52
1.7
1.7
1.52
1.7
1.7
1.52
1.7
1.7
1.52
1.7
1.7
1.7
1.7
1.7
1.7
1.7
1.7
1.7
1.7
1.7
1.7
1.7
1.7
1.7
1.7
1.7
1.52
1.7
1.52
1.7
1.52
1.7
1.52
1.7
1.52
1.7
1.52
1.7
1.52
1.7
1.52
1.7
1.52
1.7
1.52
1.7
1.52
1.7
1.52
1.7
1.52
1.7
1.52
1.7
1.52
1.7
1.52
1.7
1.52
1.7
1.52
1.7
1.52
1.7
1.52
1.7
1.52
1.52
1.52
1.52
1.52
1.52
1.52
1.52
1.52
1.7
1.52
1.7
1.52
1.7
1.52
1.7
1.7
1.7
1.7
1.7
1.7
1.7
1.7
1.7
1.7
1.52
1.7
1.7
1.52
1.7
1.7
1.52
1.7
1.7
1.52
1.7
1.7
1.7
1.7
1.7
1.7
1.7
1.7
1.7
1.09
1.09
1.09
1.09
1.09
1.09
1.09
1.09
1.09
1.09
1.09
1.09
1.09
1.09
1.09
1.09
1.09
1.09
1.09
1.09
1.09
1.09
1.09
1.09
1.09
1.09
1.09
1.09
1.09
1.09
1.09
1.09
1.09
1.09
1.09
1.09
1.09
1.09
1.09
1.09
1.09
1.09
1.09
1.09
1.09
1.09
1.09
1.09
1.09
1.09
1.09
1.09
1.09
1.09
1.09
1.09
1.09
1.09
1.09
1.09
1.09
1.09
1.09
1.09
1.09
1.09
1.09
1.09
1.09
1.09
1.09
1.09
1.09
1.09
1.09
1.09
1.09
1.09
1.09
1.09
1.09
1.09
1.09
1.09
1.09
1.09
1.09
1.09
1.09
1.09
1.09
1.09
1.09
1.09
1.09
1.09
1.09
1.09
1.09
1.09
1.09
1.09
1.09
1.09
1.09
1.09
1.09
1.09
1.09
1.09
1.09
1.09
1.09
1.09
1.09
1.09
1.09
1.09
1.09
1.09
1.09
1.09
1.09
1.09
1.09
1.09
1.09
1.09
1.09
1.09
1.09
1.09
1.09
1.09
1.09
1.09
1.09
1.09
1.09
1.09
1.09
1.09
1.09
1.09
1.09
1.09
1.09
1.09
1.09
1.09
1.09
1.09
1.09
1.09
1.09
1.09
1.09
1.09
1.09
1.09
1.09
1.09
1.09
1.09
1.09
1.09
1.09
1.09
1.09
1.09
1.09
1.09
1.09
1.09
1.09
1.09
1.09
1.09
1.09
1.09
1.09
1.09
1.09
1.09
1.09
1.09
1.09
1.09
1.09
1.09
1.09
1.09
1.09
1.09
1.09
1.09
1.09
1.09
1.09
1.09
1.09
1.09
1.09
1.09
1.09
1.09
1.09
1.09
1.09
1.09
1.09
1.09
1.09
1.09
1.09
1.09
1.09
1.09
1.09
1.09
1.09
1.09
1.09
1.09
1.09
1.09
1.09
1.09
1.09
1.09
1.09
1.09
1.09
1.09
1.09
1.09
1.09
1.09
1.09
1.09
1.09
1.09
1.09
1.09
1.09
1.09
1.09
1.09
1.09
1.09
1.09
1.09
1.09
1.09
1.09
1.09
1.09
1.09
1.09
1.09
1.09
1.09
1.09
1.09
1.09
1.09
1.09
1.09
1.09
1.09
1.09
1.09
1.09
1.09
1.09
1.09
1.09
1.09
1.09
1.09
1.09
1.09
1.09
1.09
1.09
1.09
1.09
1.09
1.09
1.09
1.09
1.09
1.09
1.09
1.09
1.09
1.09
1.09
1.09
1.09
1.09
1.09
1.09
1.09
1.09
1.09
1.09
1.09
1.09
1.09
1.09
1.09
1.09
1.09
1.09
1.09
1.09
1.09
1.09
1.09
1.09
1.09
1.09
1.09
1.09
1.09
1.09
1.09
1.09
1.09
1.09
1.09
1.09
1.09
1.09
1.09
1.09
1.09
1.09
1.09
1.09
1.09
1.09
1.09
1.09
1.09
1.09
1.09
1.09
1.09
1.09
1.09
1.09
1.09
1.09
1.09
1.09
1.09
1.09
1.09
1.09
1.09
1.09
1.09
1.09
1.09
1.09
1.09
1.09
1.09
1.09
1.09
1.09
1.09
1.09
1.09
1.09
1.09
1.09
1.09
1.09
1.09
1.09
1.39
1.52
1.52
1.7
1.7
1.7
1.39
1.52
1.52
1.7
1.7
1.7
1.39
1.52
1.52
1.7
1.7
1.7
1.39
1.52
1.52
1.7
1.7
1.7
1.39
1.52
1.7
1.7
1.7
1.39
1.52
1.7
1.7
1.7
1.39
1.52
1.7
1.7
1.7
1.39
1.52
1.7
1.7
1.7
1.39
1.52
1.7
1.7
1.7
1.39
1.52
1.7
1.7
1.7
1.39
1.52
1.7
1.7
1.7
1.39
1.52
1.7
1.7
1.7
1.39
1.52
1.52
1.7
1.7
1.7
1.7
1.39
1.52
1.52
1.7
1.7
1.7
1.7
1.39
1.52
1.52
1.7
1.7
1.7
1.7
1.39
1.52
1.52
1.7
1.7
1.7
1.7
1.39
1.52
1.7
1.7
1.7
1.7
1.39
1.52
1.7
1.7
1.7
1.7
1.39
1.52
1.7
1.7
1.7
1.7
1.39
1.52
1.7
1.7
1.7
1.7
1.39
1.52
1.7
1.7
1.7
1.7
1.39
1.52
1.7
1.7
1.7
1.7
1.39
1.52
1.7
1.7
1.09
1.7
1.7
1.39
1.52
1.7
1.7
1.7
1.7
1.7
1.52
1.7
1.7
1.7
1.52
1.7
1.7
1.7
1.52
1.7
1.7
1.7
1.52
1.7
1.7
1.7
1.52
1.7
1.7
1.7
1.52
1.7
1.7
1.7
1.52
1.7
1.7
1.7
1.52
1.7
1.7
1.7
1.52
1.7
1.7
1.7
1.52
1.7
1.7
1.7
1.52
1.7
1.7
1.7
1.52
1.7
1.7
1.52
1.7
1.7
1.7
1.52
1.7
1.7
1.7
1.52
1.7
1.7
1.7
1.52
1.7
1.7
1.7
1.39
1.52
1.7
1.52
1.7
1.7
1.39
1.52
1.7
1.52
1.7
1.7
1.39
1.52
1.7
1.52
1.7
1.7
1.39
1.52
1.7
1.52
1.7
1.7
1.52
1.7
1.7
1.7
1.52
1.7
1.7
1.52
1.7
1.7
1.7
1.52
1.7
1.7
1.52
1.7
1.7
1.7
1.52
1.7
1.7
1.52
1.7
1.7
1.7
1.52
1.7
1.7
1.52
1.7
1.7
1.52
1.7
1.7
1.52
1.7
1.7
1.52
1.7
1.7
1.52
1.7
1.7
1.7
1.52
1.7
1.7
1.7
1.52
1.7
1.7
1.7
1.52
1.7
1.7
1.7
1.39
1.52
1.39
1.52
1.39
1.52
1.39
1.52
1.7
1.52
1.7
1.7
1.52
1.7
1.7
1.52
1.7
1.7
1.52
1.7
1.7
1.7
1.7
1.7
1.7
1.7
1.7
1.7
1.7
1.7
1.7
1.7
1.7
1.7
1.7
1.7
1.7
1.7
1.7
1.7
1.7
1.7
1.7
1.7
1.52
1.7
1.52
1.7
1.7
1.52
1.7
1.52
1.7
1.7
1.52
1.7
1.52
1.7
1.7
1.52
1.7
1.52
1.7
1.7
1.52
1.7
1.7
1.7
1.52
1.7
1.7
1.7
1.52
1.7
1.7
1.7
1.52
1.7
1.7
1.7
1.52
1.7
1.52
1.7
1.52
1.7
1.52
1.7
1.52
1.7
1.52
1.7
1.52
1.7
1.52
1.7
1.52
1.7
1.52
1.7
1.52
1.7
1.52
1.7
1.52
1.52
1.52
1.52
1.52
1.7
1.7
1.52
1.7
1.7
1.52
1.7
1.7
1.52
1.7
1.7
1.7
1.7
1.7
1.7
1.7
1.52
1.7
1.7
1.52
1.7
1.7
1.52
1.7
1.7
1.52
1.7
1.7
1.7
1.7
1.7
1.7
1.7
1.7
1.7
1.7
1.7
1.7
1.7
1.7
1.7
1.7
1.7
1.52
1.7
1.52
1.7
1.52
1.7
1.52
1.7
1.52
1.7
1.52
1.7
1.52
1.7
1.52
1.7
1.52
1.7
1.52
1.7
1.52
1.7
1.52
1.7
1.52
1.7
1.52
1.7
1.52
1.7
1.52
1.7
1.52
1.7
1.52
1.7
1.52
1.7
1.52
1.7
1.52
1.52
1.52
1.52
1.52
1.52
1.52
1.52
1.52
1.7
1.52
1.7
1.52
1.7
1.52
1.7
1.7
1.7
1.7
1.7
1.7
1.7
1.7
1.7
1.7
1.52
1.7
1.7
1.52
1.7
1.7
1.52
1.7
1.7
1.52
1.7
1.7
1.7
1.7
1.7
1.7
1.7
1.7
1.7
1.09
1.09
1.09
1.09
1.09
1.09
1.09
1.09
1.09
1.09
1.09
1.09
1.09
1.09
1.09
1.09
1.09
1.09
1.09
1.09
1.09
1.09
1.09
1.09
1.09
1.09
1.09
1.09
1.09
1.09
1.09
1.09
1.09
1.09
1.09
1.09
1.09
1.09
1.09
1.09
1.09
1.09
1.09
1.09
1.09
1.09
1.09
1.09
1.09
1.09
1.09
1.09
1.09
1.09
1.09
1.09
1.09
1.09
1.09
1.09
1.09
1.09
1.09
1.09
1.09
1.09
1.09
1.09
1.09
1.09
1.09
1.09
1.09
1.09
1.09
1.09
1.09
1.09
1.09
1.09
1.09
1.09
1.09
1.09
1.09
1.09
1.09
1.09
1.09
1.09
1.09
1.09
1.09
1.09
1.09
1.09
1.09
1.09
1.09
1.09
1.09
1.09
1.09
1.09
1.09
1.09
1.09
1.09
1.09
1.09
1.09
1.09
1.09
1.09
1.09
1.09
1.09
1.09
1.09
1.09
1.09
1.09
1.09
1.09
1.09
1.09
1.09
1.09
1.09
1.09
1.09
1.09
1.09
1.09
1.09
1.09
1.09
1.09
1.09
1.09
1.09
1.09
1.09
1.09
1.09
1.09
1.09
1.09
1.09
1.09
1.09
1.09
1.09
1.09
1.09
1.09
1.09
1.09
1.09
1.09
1.09
1.09
1.09
1.09
1.09
1.09
1.09
1.09
1.09
1.09
1.09
1.09
1.09
1.09
1.09
1.09
1.09
1.09
1.09
1.09
1.09
1.09
1.09
1.09
1.09
1.09
1.09
1.09
1.09
1.09
1.09
1.09
1.09
1.09
1.09
1.09
1.09
1.09
1.09
1.09
1.09
1.09
1.09
1.09
1.09
1.09
1.09
1.09
1.09
1.09
1.09
1.09
1.09
1.09
1.09
1.09
1.09
1.09
1.09
1.09
1.09
1.09
1.09
1.09
1.09
1.09
1.09
1.09
1.09
1.09
1.09
1.09
1.09
1.09
1.09
1.09
1.09
1.09
1.09
1.09
1.09
1.09
1.09
1.09
1.09
1.09
1.09
1.09
1.09
1.09
1.09
1.09
1.09
1.09
1.09
1.09
1.09
1.09
1.09
1.09
1.09
1.09
1.09
1.09
1.09
1.09
1.09
1.09
1.09
1.09
1.09
1.09
1.09
1.09
1.09
1.09
1.09
1.09
1.09
1.09
1.09
1.09
1.09
1.09
1.09
1.09
1.09
1.09
1.09
1.09
1.09
1.09
1.09
1.09
1.09
1.09
1.09
1.09
1.09
1.09
1.09
1.09
1.09
1.09
1.09
1.09
1.09
1.09
1.09
1.09
1.09
1.09
1.09
1.09
1.09
1.09
1.09
1.09
1.09
1.09
1.09
1.09
1.09
1.09
1.09
1.09
1.09
1.09
1.09
1.09
1.09
1.09
1.09
1.09
1.09
1.09
1.09
1.09
1.09
1.09
1.09
1.09
1.09
1.09
1.09
1.09
1.09
1.09
1.09
1.09
1.09
1.09
1.09
1.09
1.09
1.09
1.09
1.09
1.09
1.09
1.09
1.09
1.09
1.09
1.09
1.09
1.09
1.09
1.09
1.09
1.09
1.09
1.09
1.09
1.09
1.09
1.09
1.09
1.09
1.09
1.09
1.09
1.09
1.39
1.52
1.52
1.7
1.7
1.7
1.39
1.52
1.52
1.7
1.7
1.7
1.39
1.52
1.52
1.7
1.7
1.7
1.39
1.52
1.52
1.7
1.7
1.7
1.39
1.52
1.7
1.7
1.7
1.39
1.52
1.7
1.7
1.7
1.39
1.52
1.7
1.7
1.7
1.39
1.52
1.7
1.7
1.7
1.39
1.52
1.7
1.7
1.7
1.39
1.52
1.7
1.7
1.7
1.39
1.52
1.7
1.7
1.7
1.39
1.52
1.7
1.7
1.7
1.39
1.52
1.52
1.7
1.7
1.7
1.7
1.39
1.52
1.52
1.7
1.7
1.7
1.7
1.39
1.52
1.52
1.7
1.7
1.7
1.7
1.39
1.52
1.52
1.7
1.7
1.7
1.7
1.39
1.52
1.7
1.7
1.7
1.7
1.39
1.52
1.7
1.7
1.7
1.7
1.39
1.52
1.7
1.7
1.7
1.7
1.39
1.52
1.7
1.7
1.7
1.7
1.39
1.52
1.7
1.7
1.7
1.7
1.39
1.52
1.7
1.7
1.7
1.7
1.39
1.52
1.7
1.7
1.09
1.7
1.7
1.39
1.52
1.7
1.7
1.7
1.7
1.7
1.52
1.7
1.7
1.7
1.52
1.7
1.7
1.7
1.52
1.7
1.7
1.7
1.52
1.7
1.7
1.7
1.52
1.7
1.7
1.7
1.52
1.7
1.7
1.7
1.52
1.7
1.7
1.7
1.52
1.7
1.7
1.7
1.52
1.7
1.7
1.7
1.52
1.7
1.7
1.7
1.52
1.7
1.7
1.7
1.52
1.7
1.7
1.52
1.7
1.7
1.7
1.52
1.7
1.7
1.7
1.52
1.7
1.7
1.7
1.52
1.7
1.7
1.7
1.39
1.52
1.7
1.52
1.7
1.7
1.39
1.52
1.7
1.52
1.7
1.7
1.39
1.52
1.7
1.52
1.7
1.7
1.39
1.52
1.7
1.52
1.7
1.7
1.52
1.7
1.7
1.7
1.52
1.7
1.7
1.52
1.7
1.7
1.7
1.52
1.7
1.7
1.52
1.7
1.7
1.7
1.52
1.7
1.7
1.52
1.7
1.7
1.7
1.52
1.7
1.7
1.52
1.7
1.7
1.52
1.7
1.7
1.52
1.7
1.7
1.52
1.7
1.7
1.52
1.7
1.7
1.7
1.52
1.7
1.7
1.7
1.52
1.7
1.7
1.7
1.52
1.7
1.7
1.7
1.39
1.52
1.39
1.52
1.39
1.52
1.39
1.52
1.7
1.52
1.7
1.7
1.52
1.7
1.7
1.52
1.7
1.7
1.52
1.7
1.7
1.7
1.7
1.7
1.7
1.7
1.7
1.7
1.7
1.7
1.7
1.7
1.7
1.7
1.7
1.7
1.7
1.7
1.7
1.7
1.7
1.7
1.7
1.7
1.52
1.7
1.52
1.7
1.7
1.52
1.7
1.52
1.7
1.7
1.52
1.7
1.52
1.7
1.7
1.52
1.7
1.52
1.7
1.7
1.52
1.7
1.7
1.7
1.52
1.7
1.7
1.7
1.52
1.7
1.7
1.7
1.52
1.7
1.7
1.7
1.52
1.7
1.52
1.7
1.52
1.7
1.52
1.7
1.52
1.7
1.52
1.7
1.52
1.7
1.52
1.7
1.52
1.7
1.52
1.7
1.52
1.7
1.52
1.7
1.52
1.52
1.52
1.52
1.52
1.7
1.7
1.52
1.7
1.7
1.52
1.7
1.7
1.52
1.7
1.7
1.7
1.7
1.7
1.7
1.7
1.52
1.7
1.7
1.52
1.7
1.7
1.52
1.7
1.7
1.52
1.7
1.7
1.7
1.7
1.7
1.7
1.7
1.7
1.7
1.7
1.7
1.7
1.7
1.7
1.7
1.7
1.7
1.52
1.7
1.52
1.7
1.52
1.7
1.52
1.7
1.52
1.7
1.52
1.7
1.52
1.7
1.52
1.7
1.52
1.7
1.52
1.7
1.52
1.7
1.52
1.7
1.52
1.7
1.52
1.7
1.52
1.7
1.52
1.7
1.52
1.7
1.52
1.7
1.52
1.7
1.52
1.7
1.52
1.52
1.52
1.52
1.52
1.52
1.52
1.52
1.52
1.7
1.52
1.7
1.52
1.7
1.52
1.7
1.7
1.7
1.7
1.7
1.7
1.7
1.7
1.7
1.7
1.52
1.7
1.7
1.52
1.7
1.7
1.52
1.7
1.7
1.52
1.7
1.7
1.7
1.7
1.7
1.7
1.7
1.7
1.7
1.09
1.09
1.09
1.09
1.09
1.09
1.09
1.09
1.09
1.09
1.09
1.09
1.09
1.09
1.09
1.09
1.09
1.09
1.09
1.09
1.09
1.09
1.09
1.09
1.09
1.09
1.09
1.09
1.09
1.09
1.09
1.09
1.09
1.09
1.09
1.09
1.09
1.09
1.09
1.09
1.09
1.09
1.09
1.09
1.09
1.09
1.09
1.09
1.09
1.09
1.09
1.09
1.09
1.09
1.09
1.09
1.09
1.09
1.09
1.09
1.09
1.09
1.09
1.09
1.09
1.09
1.09
1.09
1.09
1.09
1.09
1.09
1.09
1.09
1.09
1.09
1.09
1.09
1.09
1.09
1.09
1.09
1.09
1.09
1.09
1.09
1.09
1.09
1.09
1.09
1.09
1.09
1.09
1.09
1.09
1.09
1.09
1.09
1.09
1.09
1.09
1.09
1.09
1.09
1.09
1.09
1.09
1.09
1.09
1.09
1.09
1.09
1.09
1.09
1.09
1.09
1.09
1.09
1.09
1.09
1.09
1.09
1.09
1.09
1.09
1.09
1.09
1.09
1.09
1.09
1.09
1.09
1.09
1.09
1.09
1.09
1.09
1.09
1.09
1.09
1.09
1.09
1.09
1.09
1.09
1.09
1.09
1.09
1.09
1.09
1.09
1.09
1.09
1.09
1.09
1.09
1.09
1.09
1.09
1.09
1.09
1.09
1.09
1.09
1.09
1.09
1.09
1.09
1.09
1.09
1.09
1.09
1.09
1.09
1.09
1.09
1.09
1.09
1.09
1.09
1.09
1.09
1.09
1.09
1.09
1.09
1.09
1.09
1.09
1.09
1.09
1.09
1.09
1.09
1.09
1.09
1.09
1.09
1.09
1.09
1.09
1.09
1.09
1.09
1.09
1.09
1.09
1.09
1.09
1.09
1.09
1.09
1.09
1.09
1.09
1.09
1.09
1.09
1.09
1.09
1.09
1.09
1.09
1.09
1.09
1.09
1.09
1.09
1.09
1.09
1.09
1.09
1.09
1.09
1.09
1.09
1.09
1.09
1.09
1.09
1.09
1.09
1.09
1.09
1.09
1.09
1.09
1.09
1.09
1.09
1.09
1.09
1.09
1.09
1.09
1.09
1.09
1.09
1.09
1.09
1.09
1.09
1.09
1.09
1.09
1.09
1.09
1.09
1.09
1.09
1.09
1.09
1.09
1.09
1.09
1.09
1.09
1.09
1.09
1.09
1.09
1.09
1.09
1.09
1.09
1.09
1.09
1.09
1.09
1.09
1.09
1.09
1.09
1.09
1.09
1.09
1.09
1.09
1.09
1.09
1.09
1.09
1.09
1.09
1.09
1.09
1.09
1.09
1.09
1.09
1.09
1.09
1.09
1.09
1.09
1.09
1.09
1.09
1.09
1.09
1.09
1.09
1.09
1.09
1.09
1.09
1.09
1.09
1.09
1.09
1.09
1.09
1.09
1.09
1.09
1.09
1.09
1.09
1.09
1.09
1.09
1.09
1.09
1.09
1.09
1.09
1.09
1.09
1.09
1.09
1.09
1.09
1.09
1.09
1.09
1.09
1.09
1.09
1.09
1.09
1.09
1.09
1.09
1.09
1.09
1.09
1.09
1.09
1.09
1.09
1.09
1.09
1.09
1.09
1.09
1.09
1.09
1.09
1.09
1.09
1.09
1.09
1.09
1.39
1.52
1.52
1.7
1.7
1.7
1.39
1.52
1.52
1.7
1.7
1.7
1.39
1.52
1.52
1.7
1.7
1.7
1.39
1.52
1.52
1.7
1.7
1.7
1.39
1.52
1.7
1.7
1.7
1.39
1.52
1.7
1.7
1.7
1.39
1.52
1.7
1.7
1.7
1.39
1.52
1.7
1.7
1.7
1.39
1.52
1.7
1.7
1.7
1.39
1.52
1.7
1.7
1.7
1.39
1.52
1.7
1.7
1.7
1.39
1.52
1.7
1.7
1.7
1.39
1.52
1.52
1.7
1.7
1.7
1.7
1.39
1.52
1.52
1.7
1.7
1.7
1.7
1.39
1.52
1.52
1.7
1.7
1.7
1.7
1.39
1.52
1.52
1.7
1.7
1.7
1.7
1.39
1.52
1.7
1.7
1.7
1.7
1.39
1.52
1.7
1.7
1.7
1.7
1.39
1.52
1.7
1.7
1.7
1.7
1.39
1.52
1.7
1.7
1.7
1.7
1.39
1.52
1.7
1.7
1.7
1.7
1.39
1.52
1.7
1.7
1.7
1.7
1.39
1.52
1.7
1.7
1.09
1.7
1.7
1.39
1.52
1.7
1.7
1.7
1.7
1.7
1.52
1.7
1.7
1.7
1.52
1.7
1.7
1.7
1.52
1.7
1.7
1.7
1.52
1.7
1.7
1.7
1.52
1.7
1.7
1.7
1.52
1.7
1.7
1.7
1.52
1.7
1.7
1.7
1.52
1.7
1.7
1.7
1.52
1.7
1.7
1.7
1.52
1.7
1.7
1.7
1.52
1.7
1.7
1.7
1.52
1.7
1.7
1.52
1.7
1.7
1.7
1.52
1.7
1.7
1.7
1.52
1.7
1.7
1.7
1.52
1.7
1.7
1.7
1.39
1.52
1.7
1.52
1.7
1.7
1.39
1.52
1.7
1.52
1.7
1.7
1.39
1.52
1.7
1.52
1.7
1.7
1.39
1.52
1.7
1.52
1.7
1.7
1.52
1.7
1.7
1.7
1.52
1.7
1.7
1.52
1.7
1.7
1.7
1.52
1.7
1.7
1.52
1.7
1.7
1.7
1.52
1.7
1.7
1.52
1.7
1.7
1.7
1.52
1.7
1.7
1.52
1.7
1.7
1.52
1.7
1.7
1.52
1.7
1.7
1.52
1.7
1.7
1.52
1.7
1.7
1.7
1.52
1.7
1.7
1.7
1.52
1.7
1.7
1.7
1.52
1.7
1.7
1.7
1.39
1.52
1.39
1.52
1.39
1.52
1.39
1.52
1.7
1.52
1.7
1.7
1.52
1.7
1.7
1.52
1.7
1.7
1.52
1.7
1.7
1.7
1.7
1.7
1.7
1.7
1.7
1.7
1.7
1.7
1.7
1.7
1.7
1.7
1.7
1.7
1.7
1.7
1.7
1.7
1.7
1.7
1.7
1.7
1.52
1.7
1.52
1.7
1.7
1.52
1.7
1.52
1.7
1.7
1.52
1.7
1.52
1.7
1.7
1.52
1.7
1.52
1.7
1.7
1.52
1.7
1.7
1.7
1.52
1.7
1.7
1.7
1.52
1.7
1.7
1.7
1.52
1.7
1.7
1.7
1.52
1.7
1.52
1.7
1.52
1.7
1.52
1.7
1.52
1.7
1.52
1.7
1.52
1.7
1.52
1.7
1.52
1.7
1.52
1.7
1.52
1.7
1.52
1.7
1.52
1.52
1.52
1.52
1.52
1.7
1.7
1.52
1.7
1.7
1.52
1.7
1.7
1.52
1.7
1.7
1.7
1.7
1.7
1.7
1.7
1.52
1.7
1.7
1.52
1.7
1.7
1.52
1.7
1.7
1.52
1.7
1.7
1.7
1.7
1.7
1.7
1.7
1.7
1.7
1.7
1.7
1.7
1.7
1.7
1.7
1.7
1.7
1.52
1.7
1.52
1.7
1.52
1.7
1.52
1.7
1.52
1.7
1.52
1.7
1.52
1.7
1.52
1.7
1.52
1.7
1.52
1.7
1.52
1.7
1.52
1.7
1.52
1.7
1.52
1.7
1.52
1.7
1.52
1.7
1.52
1.7
1.52
1.7
1.52
1.7
1.52
1.7
1.52
1.52
1.52
1.52
1.52
1.52
1.52
1.52
1.52
1.7
1.52
1.7
1.52
1.7
1.52
1.7
1.7
1.7
1.7
1.7
1.7
1.7
1.7
1.7
1.7
1.52
1.7
1.7
1.52
1.7
1.7
1.52
1.7
1.7
1.52
1.7
1.7
1.7
1.7
1.7
1.7
1.7
1.7
1.7
1.09
1.09
1.09
1.09
1.09
1.09
1.09
1.09
1.09
1.09
1.09
1.09
1.09
1.09
1.09
1.09
1.09
1.09
1.09
1.09
1.09
1.09
1.09
1.09
1.09
1.09
1.09
1.09
1.09
1.09
1.09
1.09
1.09
1.09
1.09
1.09
1.09
1.09
1.09
1.09
1.09
1.09
1.09
1.09
1.09
1.09
1.09
1.09
1.09
1.09
1.09
1.09
1.09
1.09
1.09
1.09
1.09
1.09
1.09
1.09
1.09
1.09
1.09
1.09
1.09
1.09
1.09
1.09
1.09
1.09
1.09
1.09
1.09
1.09
1.09
1.09
1.09
1.09
1.09
1.09
1.09
1.09
1.09
1.09
1.09
1.09
1.09
1.09
1.09
1.09
1.09
1.09
1.09
1.09
1.09
1.09
1.09
1.09
1.09
1.09
1.09
1.09
1.09
1.09
1.09
1.09
1.09
1.09
1.09
1.09
1.09
1.09
1.09
1.09
1.09
1.09
1.09
1.09
1.09
1.09
1.09
1.09
1.09
1.09
1.09
1.09
1.09
1.09
1.09
1.09
1.09
1.09
1.09
1.09
1.09
1.09
1.09
1.09
1.09
1.09
1.09
1.09
1.09
1.09
1.09
1.09
1.09
1.09
1.09
1.09
1.09
1.09
1.09
1.09
1.09
1.09
1.09
1.09
1.09
1.09
1.09
1.09
1.09
1.09
1.09
1.09
1.09
1.09
1.09
1.09
1.09
1.09
1.09
1.09
1.09
1.09
1.09
1.09
1.09
1.09
1.09
1.09
1.09
1.09
1.09
1.09
1.09
1.09
1.09
1.09
1.09
1.09
1.09
1.09
1.09
1.09
1.09
1.09
1.09
1.09
1.09
1.09
1.09
1.09
1.09
1.09
1.09
1.09
1.09
1.09
1.09
1.09
1.09
1.09
1.09
1.09
1.09
1.09
1.09
1.09
1.09
1.09
1.09
1.09
1.09
1.09
1.09
1.09
1.09
1.09
1.09
1.09
1.09
1.09
1.09
1.09
1.09
1.09
1.09
1.09
1.09
1.09
1.09
1.09
1.09
1.09
1.09
1.09
1.09
1.09
1.09
1.09
1.09
1.09
1.09
1.09
1.09
1.09
1.09
1.09
1.09
1.09
1.09
1.09
1.09
1.09
1.09
1.09
1.09
1.09
1.09
1.09
1.09
1.09
1.09
1.09
1.09
1.09
1.09
1.09
1.09
1.09
1.09
1.09
1.09
1.09
1.09
1.09
1.09
1.09
1.09
1.09
1.09
1.09
1.09
1.09
1.09
1.09
1.09
1.09
1.09
1.09
1.09
1.09
1.09
1.09
1.09
1.09
1.09
1.09
1.09
1.09
1.09
1.09
1.09
1.09
1.09
1.09
1.09
1.09
1.09
1.09
1.09
1.09
1.09
1.09
1.09
1.09
1.09
1.09
1.09
1.09
1.09
1.09
1.09
1.09
1.09
1.09
1.09
1.09
1.09
1.09
1.09
1.09
1.09
1.09
1.09
1.09
1.09
1.09
1.09
1.09
1.09
1.09
1.09
1.09
1.09
1.09
1.09
1.09
1.09
1.09
1.09
1.09
1.09
1.09
1.09
1.09
1.09
1.09
1.09
1.09
1.09
1.09
1.09
1.09
1.09
1.09
1.09
1.09
1.09
1.09
1.09
1.39
1.52
1.52
1.7
1.7
1.7
1.39
1.52
1.52
1.7
1.7
1.7
1.39
1.52
1.52
1.7
1.7
1.7
1.39
1.52
1.52
1.7
1.7
1.7
1.39
1.52
1.7
1.7
1.7
1.39
1.52
1.7
1.7
1.7
1.39
1.52
1.7
1.7
1.7
1.39
1.52
1.7
1.7
1.7
1.39
1.52
1.7
1.7
1.7
1.39
1.52
1.7
1.7
1.7
1.39
1.52
1.7
1.7
1.7
1.39
1.52
1.7
1.7
1.7
1.39
1.52
1.52
1.7
1.7
1.7
1.7
1.39
1.52
1.52
1.7
1.7
1.7
1.7
1.39
1.52
1.52
1.7
1.7
1.7
1.7
1.39
1.52
1.52
1.7
1.7
1.7
1.7
1.39
1.52
1.7
1.7
1.7
1.7
1.39
1.52
1.7
1.7
1.7
1.7
1.39
1.52
1.7
1.7
1.7
1.7
1.39
1.52
1.7
1.7
1.7
1.7
1.39
1.52
1.7
1.7
1.7
1.7
1.39
1.52
1.7
1.7
1.7
1.7
1.39
1.52
1.7
1.7
1.09
1.7
1.7
1.39
1.52
1.7
1.7
1.7
1.7
1.7
1.52
1.7
1.7
1.7
1.52
1.7
1.7
1.7
1.52
1.7
1.7
1.7
1.52
1.7
1.7
1.7
1.52
1.7
1.7
1.7
1.52
1.7
1.7
1.7
1.52
1.7
1.7
1.7
1.52
1.7
1.7
1.7
1.52
1.7
1.7
1.7
1.52
1.7
1.7
1.7
1.52
1.7
1.7
1.7
1.52
1.7
1.7
1.52
1.7
1.7
1.7
1.52
1.7
1.7
1.7
1.52
1.7
1.7
1.7
1.52
1.7
1.7
1.7
1.39
1.52
1.7
1.52
1.7
1.7
1.39
1.52
1.7
1.52
1.7
1.7
1.39
1.52
1.7
1.52
1.7
1.7
1.39
1.52
1.7
1.52
1.7
1.7
1.52
1.7
1.7
1.7
1.52
1.7
1.7
1.52
1.7
1.7
1.7
1.52
1.7
1.7
1.52
1.7
1.7
1.7
1.52
1.7
1.7
1.52
1.7
1.7
1.7
1.52
1.7
1.7
1.52
1.7
1.7
1.52
1.7
1.7
1.52
1.7
1.7
1.52
1.7
1.7
1.52
1.7
1.7
1.7
1.52
1.7
1.7
1.7
1.52
1.7
1.7
1.7
1.52
1.7
1.7
1.7
1.39
1.52
1.39
1.52
1.39
1.52
1.39
1.52
1.7
1.52
1.7
1.7
1.52
1.7
1.7
1.52
1.7
1.7
1.52
1.7
1.7
1.7
1.7
1.7
1.7
1.7
1.7
1.7
1.7
1.7
1.7
1.7
1.7
1.7
1.7
1.7
1.7
1.7
1.7
1.7
1.7
1.7
1.7
1.7
1.52
1.7
1.52
1.7
1.7
1.52
1.7
1.52
1.7
1.7
1.52
1.7
1.52
1.7
1.7
1.52
1.7
1.52
1.7
1.7
1.52
1.7
1.7
1.7
1.52
1.7
1.7
1.7
1.52
1.7
1.7
1.7
1.52
1.7
1.7
1.7
1.52
1.7
1.52
1.7
1.52
1.7
1.52
1.7
1.52
1.7
1.52
1.7
1.52
1.7
1.52
1.7
1.52
1.7
1.52
1.7
1.52
1.7
1.52
1.7
1.52
1.52
1.52
1.52
1.52
1.7
1.7
1.52
1.7
1.7
1.52
1.7
1.7
1.52
1.7
1.7
1.7
1.7
1.7
1.7
1.7
1.52
1.7
1.7
1.52
1.7
1.7
1.52
1.7
1.7
1.52
1.7
1.7
1.7
1.7
1.7
1.7
1.7
1.7
1.7
1.7
1.7
1.7
1.7
1.7
1.7
1.7
1.7
1.52
1.7
1.52
1.7
1.52
1.7
1.52
1.7
1.52
1.7
1.52
1.7
1.52
1.7
1.52
1.7
1.52
1.7
1.52
1.7
1.52
1.7
1.52
1.7
1.52
1.7
1.52
1.7
1.52
1.7
1.52
1.7
1.52
1.7
1.52
1.7
1.52
1.7
1.52
1.7
1.52
1.52
1.52
1.52
1.52
1.52
1.52
1.52
1.52
1.7
1.52
1.7
1.52
1.7
1.52
1.7
1.7
1.7
1.7
1.7
1.7
1.7
1.7
1.7
1.7
1.52
1.7
1.7
1.52
1.7
1.7
1.52
1.7
1.7
1.52
1.7
1.7
1.7
1.7
1.7
1.7
1.7
1.7
1.7
1.09
1.09
1.09
1.09
1.09
1.09
1.09
1.09
1.09
1.09
1.09
1.09
1.09
1.09
1.09
1.09
1.09
1.09
1.09
1.09
1.09
1.09
1.09
1.09
1.09
1.09
1.09
1.09
1.09
1.09
1.09
1.09
1.09
1.09
1.09
1.09
1.09
1.09
1.09
1.09
1.09
1.09
1.09
1.09
1.09
1.09
1.09
1.09
1.09
1.09
1.09
1.09
1.09
1.09
1.09
1.09
1.09
1.09
1.09
1.09
1.09
1.09
1.09
1.09
1.09
1.09
1.09
1.09
1.09
1.09
1.09
1.09
1.09
1.09
1.09
1.09
1.09
1.09
1.09
1.09
1.09
1.09
1.09
1.09
1.09
1.09
1.09
1.09
1.09
1.09
1.09
1.09
1.09
1.09
1.09
1.09
1.09
1.09
1.09
1.09
1.09
1.09
1.09
1.09
1.09
1.09
1.09
1.09
1.09
1.09
1.09
1.09
1.09
1.09
1.09
1.09
1.09
1.09
1.09
1.09
1.09
1.09
1.09
1.09
1.09
1.09
1.09
1.09
1.09
1.09
1.09
1.09
1.09
1.09
1.09
1.09
1.09
1.09
1.09
1.09
1.09
1.09
1.09
1.09
1.09
1.09
1.09
1.09
1.09
1.09
1.09
1.09
1.09
1.09
1.09
1.09
1.09
1.09
1.09
1.09
1.09
1.09
1.09
1.09
1.09
1.09
1.09
1.09
1.09
1.09
1.09
1.09
1.09
1.09
1.09
1.09
1.09
1.09
1.09
1.09
1.09
1.09
1.09
1.09
1.09
1.09
1.09
1.09
1.09
1.09
1.09
1.09
1.09
1.09
1.09
1.09
1.09
1.09
1.09
1.09
1.09
1.09
1.09
1.09
1.09
1.09
1.09
1.09
1.09
1.09
1.09
1.09
1.09
1.09
1.09
1.09
1.09
1.09
1.09
1.09
1.09
1.09
1.09
1.09
1.09
1.09
1.09
1.09
1.09
1.09
1.09
1.09
1.09
1.09
1.09
1.09
1.09
1.09
1.09
1.09
1.09
1.09
1.09
1.09
1.09
1.09
1.09
1.09
1.09
1.09
1.09
1.09
1.09
1.09
1.09
1.09
1.09
1.09
1.09
1.09
1.09
1.09
1.09
1.09
1.09
1.09
1.09
1.09
1.09
1.09
1.09
1.09
1.09
1.09
1.09
1.09
1.09
1.09
1.09
1.09
1.09
1.09
1.09
1.09
1.09
1.09
1.09
1.09
1.09
1.09
1.09
1.09
1.09
1.09
1.09
1.09
1.09
1.09
1.09
1.09
1.09
1.09
1.09
1.09
1.09
1.09
1.09
1.09
1.09
1.09
1.09
1.09
1.09
1.09
1.09
1.09
1.09
1.09
1.09
1.09
1.09
1.09
1.09
1.09
1.09
1.09
1.09
1.09
1.09
1.09
1.09
1.09
1.09
1.09
1.09
1.09
1.09
1.09
1.09
1.09
1.09
1.09
1.09
1.09
1.09
1.09
1.09
1.09
1.09
1.09
1.09
1.09
1.09
1.09
1.09
1.09
1.09
1.09
1.09
1.09
1.09
1.09
1.09
1.09
1.09
1.09
1.09
1.09
1.09
1.09
1.09
1.09
1.09
1.09
1.09
1.09
1.09
1.09
1.09
1.09
1.09
1.09
1.09
1.39
1.52
1.52
1.7
1.7
1.7
1.39
1.52
1.52
1.7
1.7
1.7
1.39
1.52
1.52
1.7
1.7
1.7
1.39
1.52
1.52
1.7
1.7
1.7
1.39
1.52
1.7
1.7
1.7
1.39
1.52
1.7
1.7
1.7
1.39
1.52
1.7
1.7
1.7
1.39
1.52
1.7
1.7
1.7
1.39
1.52
1.7
1.7
1.7
1.39
1.52
1.7
1.7
1.7
1.39
1.52
1.7
1.7
1.7
1.39
1.52
1.7
1.7
1.7
1.39
1.52
1.52
1.7
1.7
1.7
1.7
1.39
1.52
1.52
1.7
1.7
1.7
1.7
1.39
1.52
1.52
1.7
1.7
1.7
1.7
1.39
1.52
1.52
1.7
1.7
1.7
1.7
1.39
1.52
1.7
1.7
1.7
1.7
1.39
1.52
1.7
1.7
1.7
1.7
1.39
1.52
1.7
1.7
1.7
1.7
1.39
1.52
1.7
1.7
1.7
1.7
1.39
1.52
1.7
1.7
1.7
1.7
1.39
1.52
1.7
1.7
1.7
1.7
1.39
1.52
1.7
1.7
1.09
1.7
1.7
1.39
1.52
1.7
1.7
1.7
1.7
1.7
1.52
1.7
1.7
1.7
1.52
1.7
1.7
1.7
1.52
1.7
1.7
1.7
1.52
1.7
1.7
1.7
1.52
1.7
1.7
1.7
1.52
1.7
1.7
1.7
1.52
1.7
1.7
1.7
1.52
1.7
1.7
1.7
1.52
1.7
1.7
1.7
1.52
1.7
1.7
1.7
1.52
1.7
1.7
1.7
1.52
1.7
1.7
1.52
1.7
1.7
1.7
1.52
1.7
1.7
1.7
1.52
1.7
1.7
1.7
1.52
1.7
1.7
1.7
1.39
1.52
1.7
1.52
1.7
1.7
1.39
1.52
1.7
1.52
1.7
1.7
1.39
1.52
1.7
1.52
1.7
1.7
1.39
1.52
1.7
1.52
1.7
1.7
1.52
1.7
1.7
1.7
1.52
1.7
1.7
1.52
1.7
1.7
1.7
1.52
1.7
1.7
1.52
1.7
1.7
1.7
1.52
1.7
1.7
1.52
1.7
1.7
1.7
1.52
1.7
1.7
1.52
1.7
1.7
1.52
1.7
1.7
1.52
1.7
1.7
1.52
1.7
1.7
1.52
1.7
1.7
1.7
1.52
1.7
1.7
1.7
1.52
1.7
1.7
1.7
1.52
1.7
1.7
1.7
1.39
1.52
1.39
1.52
1.39
1.52
1.39
1.52
1.7
1.52
1.7
1.7
1.52
1.7
1.7
1.52
1.7
1.7
1.52
1.7
1.7
1.7
1.7
1.7
1.7
1.7
1.7
1.7
1.7
1.7
1.7
1.7
1.7
1.7
1.7
1.7
1.7
1.7
1.7
1.7
1.7
1.7
1.7
1.7
1.52
1.7
1.52
1.7
1.7
1.52
1.7
1.52
1.7
1.7
1.52
1.7
1.52
1.7
1.7
1.52
1.7
1.52
1.7
1.7
1.52
1.7
1.7
1.7
1.52
1.7
1.7
1.7
1.52
1.7
1.7
1.7
1.52
1.7
1.7
1.7
1.52
1.7
1.52
1.7
1.52
1.7
1.52
1.7
1.52
1.7
1.52
1.7
1.52
1.7
1.52
1.7
1.52
1.7
1.52
1.7
1.52
1.7
1.52
1.7
1.52
1.52
1.52
1.52
1.52
1.7
1.7
1.52
1.7
1.7
1.52
1.7
1.7
1.52
1.7
1.7
1.7
1.7
1.7
1.7
1.7
1.52
1.7
1.7
1.52
1.7
1.7
1.52
1.7
1.7
1.52
1.7
1.7
1.7
1.7
1.7
1.7
1.7
1.7
1.7
1.7
1.7
1.7
1.7
1.7
1.7
1.7
1.7
1.52
1.7
1.52
1.7
1.52
1.7
1.52
1.7
1.52
1.7
1.52
1.7
1.52
1.7
1.52
1.7
1.52
1.7
1.52
1.7
1.52
1.7
1.52
1.7
1.52
1.7
1.52
1.7
1.52
1.7
1.52
1.7
1.52
1.7
1.52
1.7
1.52
1.7
1.52
1.7
1.52
1.52
1.52
1.52
1.52
1.52
1.52
1.52
1.52
1.7
1.52
1.7
1.52
1.7
1.52
1.7
1.7
1.7
1.7
1.7
1.7
1.7
1.7
1.7
1.7
1.52
1.7
1.7
1.52
1.7
1.7
1.52
1.7
1.7
1.52
1.7
1.7
1.7
1.7
1.7
1.7
1.7
1.7
1.7
1.09
1.09
1.09
1.09
1.09
1.09
1.09
1.09
1.09
1.09
1.09
1.09
1.09
1.09
1.09
1.09
1.09
1.09
1.09
1.09
1.09
1.09
1.09
1.09
1.09
1.09
1.09
1.09
1.09
1.09
1.09
1.09
1.09
1.09
1.09
1.09
1.09
1.09
1.09
1.09
1.09
1.09
1.09
1.09
1.09
1.09
1.09
1.09
1.09
1.09
1.09
1.09
1.09
1.09
1.09
1.09
1.09
1.09
1.09
1.09
1.09
1.09
1.09
1.09
1.09
1.09
1.09
1.09
1.09
1.09
1.09
1.09
1.09
1.09
1.09
1.09
1.09
1.09
1.09
1.09
1.09
1.09
1.09
1.09
1.09
1.09
1.09
1.09
1.09
1.09
1.09
1.09
1.09
1.09
1.09
1.09
1.09
1.09
1.09
1.09
1.09
1.09
1.09
1.09
1.09
1.09
1.09
1.09
1.09
1.09
1.09
1.09
1.09
1.09
1.09
1.09
1.09
1.09
1.09
1.09
1.09
1.09
1.09
1.09
1.09
1.09
1.09
1.09
1.09
1.09
1.09
1.09
1.09
1.09
1.09
1.09
1.09
1.09
1.09
1.09
1.09
1.09
1.09
1.09
1.09
1.09
1.09
1.09
1.09
1.09
1.09
1.09
1.09
1.09
1.09
1.09
1.09
1.09
1.09
1.09
1.09
1.09
1.09
1.09
1.09
1.09
1.09
1.09
1.09
1.09
1.09
1.09
1.09
1.09
1.09
1.09
1.09
1.09
1.09
1.09
1.09
1.09
1.09
1.09
1.09
1.09
1.09
1.09
1.09
1.09
1.09
1.09
1.09
1.09
1.09
1.09
1.09
1.09
1.09
1.09
1.09
1.09
1.09
1.09
1.09
1.09
1.09
1.09
1.09
1.09
1.09
1.09
1.09
1.09
1.09
1.09
1.09
1.09
1.09
1.09
1.09
1.09
1.09
1.09
1.09
1.09
1.09
1.09
1.09
1.09
1.09
1.09
1.09
1.09
1.09
1.09
1.09
1.09
1.09
1.09
1.09
1.09
1.09
1.09
1.09
1.09
1.09
1.09
1.09
1.09
1.09
1.09
1.09
1.09
1.09
1.09
1.09
1.09
1.09
1.09
1.09
1.09
1.09
1.09
1.09
1.09
1.09
1.09
1.09
1.09
1.09
1.09
1.09
1.09
1.09
1.09
1.09
1.09
1.09
1.09
1.09
1.09
1.09
1.09
1.09
1.09
1.09
1.09
1.09
1.09
1.09
1.09
1.09
1.09
1.09
1.09
1.09
1.09
1.09
1.09
1.09
1.09
1.09
1.09
1.09
1.09
1.09
1.09
1.09
1.09
1.09
1.09
1.09
1.09
1.09
1.09
1.09
1.09
1.09
1.09
1.09
1.09
1.09
1.09
1.09
1.09
1.09
1.09
1.09
1.09
1.09
1.09
1.09
1.09
1.09
1.09
1.09
1.09
1.09
1.09
1.09
1.09
1.09
1.09
1.09
1.09
1.09
1.09
1.09
1.09
1.09
1.09
1.09
1.09
1.09
1.09
1.09
1.09
1.09
1.09
1.09
1.09
1.09
1.09
1.09
1.09
1.09
1.09
1.09
1.09
1.09
1.09
1.09
1.09
1.09
1.09
1.09
1.09
1.09
1.09
1.09
1.09
1.09
1.39
1.52
1.52
1.7
1.7
1.7
1.39
1.52
1.52
1.7
1.7
1.7
1.39
1.52
1.52
1.7
1.7
1.7
1.39
1.52
1.52
1.7
1.7
1.7
1.39
1.52
1.7
1.7
1.7
1.39
1.52
1.7
1.7
1.7
1.39
1.52
1.7
1.7
1.7
1.39
1.52
1.7
1.7
1.7
1.39
1.52
1.7
1.7
1.7
1.39
1.52
1.7
1.7
1.7
1.39
1.52
1.7
1.7
1.7
1.39
1.52
1.7
1.7
1.7
1.39
1.52
1.52
1.7
1.7
1.7
1.7
1.39
1.52
1.52
1.7
1.7
1.7
1.7
1.39
1.52
1.52
1.7
1.7
1.7
1.7
1.39
1.52
1.52
1.7
1.7
1.7
1.7
1.39
1.52
1.7
1.7
1.7
1.7
1.39
1.52
1.7
1.7
1.7
1.7
1.39
1.52
1.7
1.7
1.7
1.7
1.39
1.52
1.7
1.7
1.7
1.7
1.39
1.52
1.7
1.7
1.7
1.7
1.39
1.52
1.7
1.7
1.7
1.7
1.39
1.52
1.7
1.7
1.09
1.7
1.7
1.39
1.52
1.7
1.7
1.7
1.7
1.7
1.52
1.7
1.7
1.7
1.52
1.7
1.7
1.7
1.52
1.7
1.7
1.7
1.52
1.7
1.7
1.7
1.52
1.7
1.7
1.7
1.52
1.7
1.7
1.7
1.52
1.7
1.7
1.7
1.52
1.7
1.7
1.7
1.52
1.7
1.7
1.7
1.52
1.7
1.7
1.7
1.52
1.7
1.7
1.7
1.52
1.7
1.7
1.52
1.7
1.7
1.7
1.52
1.7
1.7
1.7
1.52
1.7
1.7
1.7
1.52
1.7
1.7
1.7
1.39
1.52
1.7
1.52
1.7
1.7
1.39
1.52
1.7
1.52
1.7
1.7
1.39
1.52
1.7
1.52
1.7
1.7
1.39
1.52
1.7
1.52
1.7
1.7
1.52
1.7
1.7
1.7
1.52
1.7
1.7
1.52
1.7
1.7
1.7
1.52
1.7
1.7
1.52
1.7
1.7
1.7
1.52
1.7
1.7
1.52
1.7
1.7
1.7
1.52
1.7
1.7
1.52
1.7
1.7
1.52
1.7
1.7
1.52
1.7
1.7
1.52
1.7
1.7
1.52
1.7
1.7
1.7
1.52
1.7
1.7
1.7
1.52
1.7
1.7
1.7
1.52
1.7
1.7
1.7
1.39
1.52
1.39
1.52
1.39
1.52
1.39
1.52
1.7
1.52
1.7
1.7
1.52
1.7
1.7
1.52
1.7
1.7
1.52
1.7
1.7
1.7
1.7
1.7
1.7
1.7
1.7
1.7
1.7
1.7
1.7
1.7
1.7
1.7
1.7
1.7
1.7
1.7
1.7
1.7
1.7
1.7
1.7
1.7
1.52
1.7
1.52
1.7
1.7
1.52
1.7
1.52
1.7
1.7
1.52
1.7
1.52
1.7
1.7
1.52
1.7
1.52
1.7
1.7
1.52
1.7
1.7
1.7
1.52
1.7
1.7
1.7
1.52
1.7
1.7
1.7
1.52
1.7
1.7
1.7
1.52
1.7
1.52
1.7
1.52
1.7
1.52
1.7
1.52
1.7
1.52
1.7
1.52
1.7
1.52
1.7
1.52
1.7
1.52
1.7
1.52
1.7
1.52
1.7
1.52
1.52
1.52
1.52
1.52
1.7
1.7
1.52
1.7
1.7
1.52
1.7
1.7
1.52
1.7
1.7
1.7
1.7
1.7
1.7
1.7
1.52
1.7
1.7
1.52
1.7
1.7
1.52
1.7
1.7
1.52
1.7
1.7
1.7
1.7
1.7
1.7
1.7
1.7
1.7
1.7
1.7
1.7
1.7
1.7
1.7
1.7
1.7
1.52
1.7
1.52
1.7
1.52
1.7
1.52
1.7
1.52
1.7
1.52
1.7
1.52
1.7
1.52
1.7
1.52
1.7
1.52
1.7
1.52
1.7
1.52
1.7
1.52
1.7
1.52
1.7
1.52
1.7
1.52
1.7
1.52
1.7
1.52
1.7
1.52
1.7
1.52
1.7
1.52
1.52
1.52
1.52
1.52
1.52
1.52
1.52
1.52
1.7
1.52
1.7
1.52
1.7
1.52
1.7
1.7
1.7
1.7
1.7
1.7
1.7
1.7
1.7
1.7
1.52
1.7
1.7
1.52
1.7
1.7
1.52
1.7
1.7
1.52
1.7
1.7
1.7
1.7
1.7
1.7
1.7
1.7
1.7
1.09
1.09
1.09
1.09
1.09
1.09
1.09
1.09
1.09
1.09
1.09
1.09
1.09
1.09
1.09
1.09
1.09
1.09
1.09
1.09
1.09
1.09
1.09
1.09
1.09
1.09
1.09
1.09
1.09
1.09
1.09
1.09
1.09
1.09
1.09
1.09
1.09
1.09
1.09
1.09
1.09
1.09
1.09
1.09
1.09
1.09
1.09
1.09
1.09
1.09
1.09
1.09
1.09
1.09
1.09
1.09
1.09
1.09
1.09
1.09
1.09
1.09
1.09
1.09
1.09
1.09
1.09
1.09
1.09
1.09
1.09
1.09
1.09
1.09
1.09
1.09
1.09
1.09
1.09
1.09
1.09
1.09
1.09
1.09
1.09
1.09
1.09
1.09
1.09
1.09
1.09
1.09
1.09
1.09
1.09
1.09
1.09
1.09
1.09
1.09
1.09
1.09
1.09
1.09
1.09
1.09
1.09
1.09
1.09
1.09
1.09
1.09
1.09
1.09
1.09
1.09
1.09
1.09
1.09
1.09
1.09
1.09
1.09
1.09
1.09
1.09
1.09
1.09
1.09
1.09
1.09
1.09
1.09
1.09
1.09
1.09
1.09
1.09
1.09
1.09
1.09
1.09
1.09
1.09
1.09
1.09
1.09
1.09
1.09
1.09
1.09
1.09
1.09
1.09
1.09
1.09
1.09
1.09
1.09
1.09
1.09
1.09
1.09
1.09
1.09
1.09
1.09
1.09
1.09
1.09
1.09
1.09
1.09
1.09
1.09
1.09
1.09
1.09
1.09
1.09
1.09
1.09
1.09
1.09
1.09
1.09
1.09
1.09
1.09
1.09
1.09
1.09
1.09
1.09
1.09
1.09
1.09
1.09
1.09
1.09
1.09
1.09
1.09
1.09
1.09
1.09
1.09
1.09
1.09
1.09
1.09
1.09
1.09
1.09
1.09
1.09
1.09
1.09
1.09
1.09
1.09
1.09
1.09
1.09
1.09
1.09
1.09
1.09
1.09
1.09
1.09
1.09
1.09
1.09
1.09
1.09
1.09
1.09
1.09
1.09
1.09
1.09
1.09
1.09
1.09
1.09
1.09
1.09
1.09
1.09
1.09
1.09
1.09
1.09
1.09
1.09
1.09
1.09
1.09
1.09
1.09
1.09
1.09
1.09
1.09
1.09
1.09
1.09
1.09
1.09
1.09
1.09
1.09
1.09
1.09
1.09
1.09
1.09
1.09
1.09
1.09
1.09
1.09
1.09
1.09
1.09
1.09
1.09
1.09
1.09
1.09
1.09
1.09
1.09
1.09
1.09
1.09
1.09
1.09
1.09
1.09
1.09
1.09
1.09
1.09
1.09
1.09
1.09
1.09
1.09
1.09
1.09
1.09
1.09
1.09
1.09
1.09
1.09
1.09
1.09
1.09
1.09
1.09
1.09
1.09
1.09
1.09
1.09
1.09
1.09
1.09
1.09
1.09
1.09
1.09
1.09
1.09
1.09
1.09
1.09
1.09
1.09
1.09
1.09
1.09
1.09
1.09
1.09
1.09
1.09
1.09
1.09
1.09
1.09
1.09
1.09
1.09
1.09
1.09
1.09
1.09
1.09
1.09
1.09
1.09
1.09
1.09
1.09
1.09
1.09
1.09
1.09
1.09
1.09
1.09
1.09
1.09
1.09
1.09
1.09
1.09
1.09
1.09
1.39
1.52
1.52
1.7
1.7
1.7
1.39
1.52
1.52
1.7
1.7
1.7
1.39
1.52
1.52
1.7
1.7
1.7
1.39
1.52
1.52
1.7
1.7
1.7
1.39
1.52
1.7
1.7
1.7
1.39
1.52
1.7
1.7
1.7
1.39
1.52
1.7
1.7
1.7
1.39
1.52
1.7
1.7
1.7
1.39
1.52
1.7
1.7
1.7
1.39
1.52
1.7
1.7
1.7
1.39
1.52
1.7
1.7
1.7
1.39
1.52
1.7
1.7
1.7
1.39
1.52
1.52
1.7
1.7
1.7
1.7
1.39
1.52
1.52
1.7
1.7
1.7
1.7
1.39
1.52
1.52
1.7
1.7
1.7
1.7
1.39
1.52
1.52
1.7
1.7
1.7
1.7
1.39
1.52
1.7
1.7
1.7
1.7
1.39
1.52
1.7
1.7
1.7
1.7
1.39
1.52
1.7
1.7
1.7
1.7
1.39
1.52
1.7
1.7
1.7
1.7
1.39
1.52
1.7
1.7
1.7
1.7
1.39
1.52
1.7
1.7
1.7
1.7
1.39
1.52
1.7
1.7
1.09
1.7
1.7
1.39
1.52
1.7
1.7
1.7
1.7
1.7
1.52
1.7
1.7
1.7
1.52
1.7
1.7
1.7
1.52
1.7
1.7
1.7
1.52
1.7
1.7
1.7
1.52
1.7
1.7
1.7
1.52
1.7
1.7
1.7
1.52
1.7
1.7
1.7
1.52
1.7
1.7
1.7
1.52
1.7
1.7
1.7
1.52
1.7
1.7
1.7
1.52
1.7
1.7
1.7
1.52
1.7
1.7
1.52
1.7
1.7
1.7
1.52
1.7
1.7
1.7
1.52
1.7
1.7
1.7
1.52
1.7
1.7
1.7
1.39
1.52
1.7
1.52
1.7
1.7
1.39
1.52
1.7
1.52
1.7
1.7
1.39
1.52
1.7
1.52
1.7
1.7
1.39
1.52
1.7
1.52
1.7
1.7
1.52
1.7
1.7
1.7
1.52
1.7
1.7
1.52
1.7
1.7
1.7
1.52
1.7
1.7
1.52
1.7
1.7
1.7
1.52
1.7
1.7
1.52
1.7
1.7
1.7
1.52
1.7
1.7
1.52
1.7
1.7
1.52
1.7
1.7
1.52
1.7
1.7
1.52
1.7
1.7
1.52
1.7
1.7
1.7
1.52
1.7
1.7
1.7
1.52
1.7
1.7
1.7
1.52
1.7
1.7
1.7
1.39
1.52
1.39
1.52
1.39
1.52
1.39
1.52
1.7
1.52
1.7
1.7
1.52
1.7
1.7
1.52
1.7
1.7
1.52
1.7
1.7
1.7
1.7
1.7
1.7
1.7
1.7
1.7
1.7
1.7
1.7
1.7
1.7
1.7
1.7
1.7
1.7
1.7
1.7
1.7
1.7
1.7
1.7
1.7
1.52
1.7
1.52
1.7
1.7
1.52
1.7
1.52
1.7
1.7
1.52
1.7
1.52
1.7
1.7
1.52
1.7
1.52
1.7
1.7
1.52
1.7
1.7
1.7
1.52
1.7
1.7
1.7
1.52
1.7
1.7
1.7
1.52
1.7
1.7
1.7
1.52
1.7
1.52
1.7
1.52
1.7
1.52
1.7
1.52
1.7
1.52
1.7
1.52
1.7
1.52
1.7
1.52
1.7
1.52
1.7
1.52
1.7
1.52
1.7
1.52
1.52
1.52
1.52
1.52
1.7
1.7
1.52
1.7
1.7
1.52
1.7
1.7
1.52
1.7
1.7
1.7
1.7
1.7
1.7
1.7
1.52
1.7
1.7
1.52
1.7
1.7
1.52
1.7
1.7
1.52
1.7
1.7
1.7
1.7
1.7
1.7
1.7
1.7
1.7
1.7
1.7
1.7
1.7
1.7
1.7
1.7
1.7
1.52
1.7
1.52
1.7
1.52
1.7
1.52
1.7
1.52
1.7
1.52
1.7
1.52
1.7
1.52
1.7
1.52
1.7
1.52
1.7
1.52
1.7
1.52
1.7
1.52
1.7
1.52
1.7
1.52
1.7
1.52
1.7
1.52
1.7
1.52
1.7
1.52
1.7
1.52
1.7
1.52
1.52
1.52
1.52
1.52
1.52
1.52
1.52
1.52
1.7
1.52
1.7
1.52
1.7
1.52
1.7
1.7
1.7
1.7
1.7
1.7
1.7
1.7
1.7
1.7
1.52
1.7
1.7
1.52
1.7
1.7
1.52
1.7
1.7
1.52
1.7
1.7
1.7
1.7
1.7
1.7
1.7
1.7
1.7
1.09
1.09
1.09
1.09
1.09
1.09
1.09
1.09
1.09
1.09
1.09
1.09
1.09
1.09
1.09
1.09
1.09
1.09
1.09
1.09
1.09
1.09
1.09
1.09
1.09
1.09
1.09
1.09
1.09
1.09
1.09
1.09
1.09
1.09
1.09
1.09
1.09
1.09
1.09
1.09
1.09
1.09
1.09
1.09
1.09
1.09
1.09
1.09
1.09
1.09
1.09
1.09
1.09
1.09
1.09
1.09
1.09
1.09
1.09
1.09
1.09
1.09
1.09
1.09
1.09
1.09
1.09
1.09
1.09
1.09
1.09
1.09
1.09
1.09
1.09
1.09
1.09
1.09
1.09
1.09
1.09
1.09
1.09
1.09
1.09
1.09
1.09
1.09
1.09
1.09
1.09
1.09
1.09
1.09
1.09
1.09
1.09
1.09
1.09
1.09
1.09
1.09
1.09
1.09
1.09
1.09
1.09
1.09
1.09
1.09
1.09
1.09
1.09
1.09
1.09
1.09
1.09
1.09
1.09
1.09
1.09
1.09
1.09
1.09
1.09
1.09
1.09
1.09
1.09
1.09
1.09
1.09
1.09
1.09
1.09
1.09
1.09
1.09
1.09
1.09
1.09
1.09
1.09
1.09
1.09
1.09
1.09
1.09
1.09
1.09
1.09
1.09
1.09
1.09
1.09
1.09
1.09
1.09
1.09
1.09
1.09
1.09
1.09
1.09
1.09
1.09
1.09
1.09
1.09
1.09
1.09
1.09
1.09
1.09
1.09
1.09
1.09
1.09
1.09
1.09
1.09
1.09
1.09
1.09
1.09
1.09
1.09
1.09
1.09
1.09
1.09
1.09
1.09
1.09
1.09
1.09
1.09
1.09
1.09
1.09
1.09
1.09
1.09
1.09
1.09
1.09
1.09
1.09
1.09
1.09
1.09
1.09
1.09
1.09
1.09
1.09
1.09
1.09
1.09
1.09
1.09
1.09
1.09
1.09
1.09
1.09
1.09
1.09
1.09
1.09
1.09
1.09
1.09
1.09
1.09
1.09
1.09
1.09
1.09
1.09
1.09
1.09
1.09
1.09
1.09
1.09
1.09
1.09
1.09
1.09
1.09
1.09
1.09
1.09
1.09
1.09
1.09
1.09
1.09
1.09
1.09
1.09
1.09
1.09
1.09
1.09
1.09
1.09
1.09
1.09
1.09
1.09
1.09
1.09
1.09
1.09
1.09
1.09
1.09
1.09
1.09
1.09
1.09
1.09
1.09
1.09
1.09
1.09
1.09
1.09
1.09
1.09
1.09
1.09
1.09
1.09
1.09
1.09
1.09
1.09
1.09
1.09
1.09
1.09
1.09
1.09
1.09
1.09
1.09
1.09
1.09
1.09
1.09
1.09
1.09
1.09
1.09
1.09
1.09
1.09
1.09
1.09
1.09
1.09
1.09
1.09
1.09
1.09
1.09
1.09
1.09
1.09
1.09
1.09
1.09
1.09
1.09
1.09
1.09
1.09
1.09
1.09
1.09
1.09
1.09
1.09
1.09
1.09
1.09
1.09
1.09
1.09
1.09
1.09
1.09
1.09
1.09
1.09
1.09
1.09
1.09
1.09
1.09
1.09
1.09
1.09
1.09
1.09
1.09
1.09
1.09
1.09
1.09
1.09
1.09
1.09
1.09
1.09
1.09
1.09
1.09
1.09
1.09
VECTORS vectors float
0.4375 0 0
0.03125 0 0
0.03125 0 0
0.3125 0 0
0.3125 0 0
0.3125 0 0
0.4375 0 0
0.03125 0 0
0.03125 0 0
0.3125 0 0
0.3125 0 0
0.3125 0 0
0.4375 0 0
0.03125 0 0
0.03125 0 0
0.3125 0 0
0.3125 0 0
0.3125 0 0
0.4375 0 0
0.03125 0 0
0.03125 0 0
0.3125 0 0
0.3125 0 0
0.3125 0 0
0.4375 0 0
0.03125 0 0
0.3125 0 0
0.3125 0 0
0.3125 0 0
0.4375 0 0
0.03125 0 0
0.3125 0 0
0.3125 0 0
0.3125 0 0
0.4375 0 0
0.03125 0 0
0.3125 0 0
0.3125 0 0
0.3125 0 0
0.4375 0 0
0.03125 0 0
0.3125 0 0
0.3125 0 0
0.3125 0 0
0.4375 0 0
0.03125 0 0
0.3125 0 0
0.3125 0 0
0.3125 0 0
0.4375 0 0
0.03125 0 0
0.3125 0 0
0.3125 0 0
0.3125 0 0
0.4375 0 0
0.03125 0 0
0.3125 0 0
0.3125 0 0
0.3125 0 0
0.4375 0 0
0.03125 0 0
0.3125 0 0
0.3125 0 0
0.3125 0 0
0.4375 0 0
0.03125 0 0
0.03125 0 0
0.3125 0 0
0.3125 0 0
0.3125 0 0
0.3125 0 0
0.4375 0 0
0.03125 0 0
0.03125 0 0
0.3125 0 0
0.3125 0 0
0.3125 0 0
0.3125 0 0
0.4375 0 0
0.03125 0 0
0.03125 0 0
0.3125 0 0
0.3125 0 0
0.3125 0 0
0.3125 0 0
0.4375 0 0
0.03125 0 0
0.03125 0 0
0.3125 0 0
0.3125 0 0
0.3125 0 0
0.3125 0 0
0.4375 0 0
0.03125 0 0
0.3125 0 0
0.3125 0 0
0.3125 0 0
0.3125 0 0
0.4375 0 0
0.03125 0 0
0.3125 0 0
0.3125 0 0
0.3125 0 0
0.3125 0 0
0.4375 0 0
0.03125 0 0
0.3125 0 0
0.3125 0 0
0.3125 0 0
0.3125 0 0
0.4375 0 0
0.03125 0 0
0.3125 0 0
0.3125 0 0
0.3125 0 0
0.3125 0 0
0.4375 0 0
0.03125 0 0
0.3125 0 0
0.3125 0 0
0.3125 0 0
0.3125 0 0
0.4375 0 0
0.03125 0 0
0.3125 0 0
0.3125 0 0
0.3125 0 0
0.3125 0 0
0.4375 0 0
0.03125 0 0
0.3125 0 0
0.3125 0 0
0.25 0 0
0.3125 0 0
0.3125 0 0
0.4375 0 0
0.03125 0 0
0.3125 0 0
0.3125 0 0
0.3125 0 0
0.3125 0 0
0.3125 0 0
0.03125 0 0
0.3125 0 0
0.3125 0 0
0.3125 0 0
0.03125 0 0
0.3125 0 0
0.3125 0 0
0.3125 0 0
0.03125 0 0
0.3125 0 0
0.3125 0 0
0.3125 0 0
0.03125 0 0
0.3125 0 0
0.3125 0 0
0.3125 0 0
0.03125 0 0
0.3125 0 0
0.3125 0 0
0.3125 0 0
0.03125 0 0
0.3125 0 0
0.3125 0 0
0.3125 0 0
0.03125 0 0
0.3125 0 0
0.3125 0 0
0.3125 0 0
0.03125 0 0
0.3125 0 0
0.3125 0 0
0.3125 0 0
0.03125 0 0
0.3125 0 0
0.3125 0 0
0.3125 0 0
0.03125 0 0
0.3125 0 0
0.3125 0 0
0.3125 0 0
0.03125 0 0
0.3125 0 0
0.3125 0 0
0.3125 0 0
0.03125 0 0
0.3125 0 0
0.3125 0 0
0.03125 0 0
0.3125 0 0
0.3125 0 0
0.3125 0 0
0.03125 0 0
0.3125 0 0
0.3125 0 0
0.3125 0 0
0.03125 0 0
0.3125 0 0
0.3125 0 0
0.3125 0 0
0.03125 0 0
0.3125 0 0
0.3125 0 0
0.3125 0 0
0.4375 0 0
0.03125 0 0
0.3125 0 0
0.03125 0 0
0.3125 0 0
0.3125 0 0
0.4375 0 0
0.03125 0 0
0.3125 0 0
0.03125 0 0
0.3125 0 0
0.3125 0 0
0.4375 0 0
0.03125 0 0
0.3125 0 0
0.03125 0 0
0.3125 0 0
0.3125 0 0
0.4375 0 0
0.03125 0 0
0.3125 0 0
0.03125 0 0
0.3125 0 0
0.3125 0 0
0.03125 0 0
0.3125 0 0
0.3125 0 0
0.3125 0 0
0.03125 0 0
0.3125 0 0
0.3125 0 0
0.03125 0 0
0.3125 0 0
0.3125 0 0
0.3125 0 0
0.03125 0 0
0.3125 0 0
0.3125 0 0
0.03125 0 0
0.3125 0 0
0.3125 0 0
0.3125 0 0
0.03125 0 0
0.3125 0 0
0.3125 0 0
0.03125 0 0
0.3125 0 0
0.3125 0 0
0.3125 0 0
0.03125 0 0
0.3125 0 0
0.3125 0 0
0.03125 0 0
0.3125 0 0
0.3125 0 0
0.03125 0 0
0.3125 0 0
0.3125 0 0
0.03125 0 0
0.3125 0 0
0.3125 0 0
0.03125 0 0
0.3125 0 0
0.3125 0 0
0.03125 0 0
0.3125 0 0
0.3125 0 0
0.3125 0 0
0.03125 0 0
0.3125 0 0
0.3125 0 0
0.3125 0 0
0.03125 0 0
0.3125 0 0
0.3125 0 0
0.3125 0 0
0.03125 0 0
0.3125 0 0
0.3125 0 0
0.3125 0 0
0.4375 0 0
0.03125 0 0
0.4375 0 0
0.03125 0 0
0.4375 0 0
0.03125 0 0
0.4375 0 0
0.03125 0 0
0.3125 0 0
0.03125 0 0
0.3125 0 0
0.3125 0 0
0.03125 0 0
0.3125 0 0
0.3125 0 0
0.03125 0 0
0.3125 0 0
0.3125 0 0
0.03125 0 0
0.3125 0 0
0.3125 0 0
0.3125 0 0
0.3125 0 0
0.3125 0 0
0.3125 0 0
0.3125 0 0
0.3125 0 0
0.3125 0 0
0.3125 0 0
0.3125 0 0
0.3125 0 0
0.3125 0 0
0.3125 0 0
0.3125 0 0
0.3125 0 0
0.3125 0 0
0.3125 0 0
0.3125 0 0
0.3125 0 0
0.3125 0 0
0.3125 0 0
0.3125 0 0
0.3125 0 0
0.3125 0 0
0.03125 0 0
0.3125 0 0
0.03125 0 0
0.3125 0 0
0.3125 0 0
0.03125 0 0
0.3125 0 0
0.03125 0 0
0.3125 0 0
0.3125 0 0
0.03125 0 0
0.3125 0 0
0.03125 0 0
0.3125 0 0
0.3125 0 0
0.03125 0 0
0.3125 0 0
0.03125 0 0
0.3125 0 0
0.3125 0 0
0.03125 0 0
0.3125 0 0
0.3125 0 0
0.3125 0 0
0.03125 0 0
0.3125 0 0
0.3125 0 0
0.3125 0 0
0.03125 0 0
0.3125 0 0
0.3125 0 0
0.3125 0 0
0.03125 0 0
0.3125 0 0
0.3125 0 0
0.3125 0 0
0.03125 0 0
0.3125 0 0
0.03125 0 0
0.3125 0 0
0.03125 0 0
0.3125 0 0
0.03125 0 0
0.3125 0 0
0.03125 0 0
0.3125 0 0
0.03125 0 0
0.3125 0 0
0.03125 0 0
0.3125 0 0
0.03125 0 0
0.3125 0 0
0.03125 0 0
0.3125 0 0
0.03125 0 0
0.3125 0 0
0.03125 0 0
0.3125 0 0
0.03125 0 0
0.3125 0 0
0.03125 0 0
0.03125 0 0
0.03125 0 0
0.03125 0 0
0.03125 0 0
0.3125 0 0
0.3125 0 0
0.03125 0 0
0.3125 0 0
0.3125 0 0
0.03125 0 0
0.3125 0 0
0.3125 0 0
0.03125 0 0
0.3125 0 0
0.3125 0 0
0.3125 0 0
0.3125 0 0
0.3125 0 0
0.3125 0 0
0.3125 0 0
0.03125 0 0
0.3125 0 0
0.3125 0 0
0.03125 0 0
0.3125 0 0
0.3125 0 0
0.03125 0 0
0.3125 0 0
0.3125 0 0
0.03125 0 0
0.3125 0 0
0.3125 0 0
0.3125 0 0
0.3125 0 0
0.3125 0 0
0.3125 0 0
0.3125 0 0
0.3125 0 0
0.3125 0 0
0.3125 0 0
0.3125 0 0
0.3125 0 0
0.3125 0 0
0.3125 0 0
0.3125 0 0
0.3125 0 0
0.3125 0 0
0.03125 0 0
0.3125 0 0
0.03125 0 0
0.3125 0 0
0.03125 0 0
0.3125 0 0
0.03125 0 0
0.3125 0 0
0.03125 0 0
0.3125 0 0
0.03125 0 0
0.3125 0 0
0.03125 0 0
0.3125 0 0
0.03125 0 0
0.3125 0 0
0.03125 0 0
0.3125 0 0
0.03125 0 0
0.3125 0 0
0.03125 0 0
0.3125 0 0
0.03125 0 0
0.3125 0 0
0.03125 0 0
0.3125 0 0
0.03125 0 0
0.3125 0 0
0.03125 0 0
0.3125 0 0
0.03125 0 0
0.3125 0 0
0.03125 0 0
0.3125 0 0
0.03125 0 0
0.3125 0 0
0.03125 0 0
0.3125 0 0
0.03125 0 0
0.3125 0 0
0.03125 0 0
0.03125 0 0
0.03125 0 0
0.03125 0 0
0.03125 0 0
0.03125 0 0
0.03125 0 0
0.03125 0 0
0.03125 0 0
0.3125 0 0
0.03125 0 0
0.3125 0 0
0.03125 0 0
0.3125 0 0
0.03125 0 0
0.3125 0 0
0.3125 0 0
0.3125 0 0
0.3125 0 0
0.3125 0 0
0.3125 0 0
0.3125 0 0
0.3125 0 0
0.3125 0 0
0.3125 0 0
0.03125 0 0
0.3125 0 0
0.3125 0 0
0.03125 0 0
0.3125 0 0
0.3125 0 0
0.03125 0 0
0.3125 0 0
0.3125 0 0
0.03125 0 0
0.3125 0 0
0.3125 0 0
0.3125 0 0
0.3125 0 0
0.3125 0 0
0.3125 0 0
0.3125 0 0
0.3125 0 0
0.3125 0 0
0.25 0 0
0.25 0 0
0.25 0 0
0.25 0 0
0.25 0 0
0.25 0 0
0.25 0 0
0.25 0 0
0.25 0 0
0.25 0 0
0.25 0 0
0.25 0 0
0.25 0 0
0.25 0 0
0.25 0 0
0.25 0 0
0.25 0 0
0.25 0 0
0.25 0 0
0.25 0 0
0.25 0 0
0.25 0 0
0.25 0 0
0.25 0 0
0.25 0 0
0.25 0 0
0.25 0 0
0.25 0 0
0.25 0 0
0.25 0 0
0.25 0 0
0.25 0 0
0.25 0 0
0.25 0 0
0.25 0 0
0.25 0 0
0.25 0 0
0.25 0 0
0.25 0 0
0.25 0 0
0.25 0 0
0.25 0 0
0.25 0 0
0.25 0 0
0.25 0 0
0.25 0 0
0.25 0 0
0.25 0 0
0.25 0 0
0.25 0 0
0.25 0 0
0.25 0 0
0.25 0 0
0.25 0 0
0.25 0 0
0.25 0 0
0.25 0 0
0.25 0 0
0.25 0 0
0.25 0 0
0.25 0 0
0.25 0 0
0.25 0 0
0.25 0 0
0.25 0 0
0.25 0 0
0.25 0 0
0.25 0 0
0.25 0 0
0.25 0 0
0.25 0 0
0.25 0 0
0.25 0 0
0.25 0 0
0.25 0 0
0.25 0 0
0.25 0 0
0.25 0 0
0.25 0 0
0.25 0 0
0.25 0 0
0.25 0 0
0.25 0 0
0.25 0 0
0.25 0 0
0.25 0 0
0.25 0 0
0.25 0 0
0.25 0 0
0.25 0 0
0.25 0 0
0.25 0 0
0.25 0 0
0.25 0 0
0.25 0 0
0.25 0 0
0.25 0 0
0.25 0 0
0.25 0 0
0.25 0 0
0.25 0 0
0.25 0 0
0.25 0 0
0.25 0 0
0.25 0 0
0.25 0 0
0.25 0 0
0.25 0 0
0.25 0 0
0.25 0 0
0.25 0 0
0.25 0 0
0.25 0 0
0.25 0 0
0.25 0 0
0.25 0 0
0.25 0 0
0.25 0 0
0.25 0 0
0.25 0 0
0.25 0 0
0.25 0 0
0.25 0 0
0.25 0 0
0.25 0 0
0.25 0 0
0.25 0 0
0.25 0 0
0.25 0 0
0.25 0 0
0.25 0 0
0.25 0 0
0.25 0 0
0.25 0 0
0.25 0 0
0.25 0 0
0.25 0 0
0.25 0 0
0.25 0 0
0.25 0 0
0.25 0 0
0.25 0 0
0.25 0 0
0.25 0 0
0.25 0 0
0.25 0 0
0.25 0 0
0.25 0 0
0.25 0 0
0.25 0 0
0.25 0 0
0.25 0 0
0.25 0 0
0.25 0 0
0.25 0 0
0.25 0 0
0.25 0 0
0.25 0 0
0.25 0 0
0.25 0 0
0.25 0 0
0.25 0 0
0.25 0 0
0.25 0 0
0.25 0 0
0.25 0 0
0.25 0 0
0.25 0 0
0.25 0 0
0.25 0 0
0.25 0 0
0.25 0 0
0.25 0 0
0.25 0 0
0.25 0 0
0.25 0 0
0.25 0 0
0.25 0 0
0.25 0 0
0.25 0 0
0.25 0 0
0.25 0 0
0.25 0 0
0.25 0 0
0.25 0 0
0.25 0 0
0.25 0 0
0.25 0 0
0.25 0 0
0.25 0 0
0.25 0 0
0.25 0 0
0.25 0 0
0.25 0 0
0.25 0 0
0.25 0 0
0.25 0 0
0.25 0 0
0.25 0 0
0.25 0 0
0.25 0 0
0.25 0 0
0.25 0 0
0.25 0 0
0.25 0 0
0.25 0 0
0.25 0 0
0.25 0 0
0.25 0 0
0.25 0 0
0.25 0 0
0.25 0 0
0.25 0 0
0.25 0 0
0.25 0 0
0.25 0 0
0.25 0 0
0.25 0 0
0.25 0 0
0.25 0 0
0.25 0 0
0.25 0 0
0.25 0 0
0.25 0 0
0.25 0 0
0.25 0 0
0.25 0 0
0.25 0 0
0.25 0 0
0.25 0 0
0.25 0 0
0.25 0 0
0.25 0 0
0.25 0 0
0.25 0 0
0.25 0 0
0.25 0 0
0.25 0 0
0.25 0 0
0.25 0 0
0.25 0 0
0.25 0 0
0.25 0 0
0.25 0 0
0.25 0 0
0.25 0 0
0.25 0 0
0.25 0 0
0.25 0 0
0.25 0 0
0.25 0 0
0.25 0 0
0.25 0 0
0.25 0 0
0.25 0 0
0.25 0 0
0.25 0 0
0.25 0 0
0.25 0 0
0.25 0 0
0.25 0 0
0.25 0 0
0.25 0 0
0.25 0 0
0.25 0 0
0.25 0 0
0.25 0 0
0.25 0 0
0.25 0 0
0.25 0 0
0.25 0 0
0.25 0 0
0.25 0 0
0.25 0 0
0.25 0 0
0.25 0 0
0.25 0 0
0.25 0 0
0.25 0 0
0.25 0 0
0.25 0 0
0.25 0 0
0.25 0 0
0.25 0 0
0.25 0 0
0.25 0 0
0.25 0 0
0.25 0 0
0.25 0 0
0.25 0 0
0.25 0 0
0.25 0 0
0.25 0 0
0.25 0 0
0.25 0 0
0.25 0 0
0.25 0 0
0.25 0 0
0.25 0 0
0.25 0 0
0.25 0 0
0.25 0 0
0.25 0 0
0.25 0 0
0.25 0 0
0.25 0 0
0.25 0 0
0.25 0 0
0.25 0 0
0.25 0 0
0.25 0 0
0.25 0 0
0.25 0 0
0.25 0 0
0.25 0 0
0.25 0 0
0.25 0 0
0.25 0 0
0.25 0 0
0.25 0 0
0.25 0 0
0.25 0 0
0.25 0 0
0.25 0 0
0.25 0 0
0.25 0 0
0.25 0 0
0.25 0 0
0.25 0 0
0.25 0 0
0.25 0 0
0.25 0 0
0.25 0 0
0.25 0 0
0.25 0 0
0.25 0 0
0.25 0 0
0.25 0 0
0.25 0 0
0.25 0 0
0.25 0 0
0.25 0 0
0.25 0 0
0.25 0 0
0.25 0 0
0.25 0 0
0.25 0 0
0.25 0 0
0.25 0 0
0.25 0 0
0.25 0 0
0.25 0 0
0.25 0 0
0.25 0 0
0.25 0 0
0.25 0 0
0.25 0 0
0.25 0 0
0.25 0 0
0.25 0 0
0.25 0 0
0.25 0 0
0.25 0 0
0.25 0 0
0.25 0 0
0.25 0 0
0.25 0 0
0.25 0 0
0.25 0 0
0.25 0 0
0.25 0 0
0.25 0 0
0.25 0 0
0.25 0 0
0.25 0 0
0.25 0 0
0.25 0 0
0.25 0 0
0.25 0 0
0.25 0 0
0.25 0 0
0.25 0 0
0.25 0 0
0.4375 0 0
0.03125 0 0
0.03125 0 0
0.3125 0 0
0.3125 0 0
0.3125 0 0
0.4375 0 0
0.03125 0 0
0.03125 0 0
0.3125 0 0
0.3125 0 0
0.3125 0 0
0.4375 0 0
0.03125 0 0
0.03125 0 0
0.3125 0 0
0.3125 0 0
0.3125 0 0
0.4375 0 0
0.03125 0 0
0.03125 0 0
0.3125 0 0
0.3125 0 0
0.3125 0 0
0.4375 0 0
0.03125 0 0
0.3125 0 0
0.3125 0 0
0.3125 0 0
0.4375 0 0
0.03125 0 0
0.3125 0 0
0.3125 0 0
0.3125 0 0
0.4375 0 0
0.03125 0 0
0.3125 0 0
0.3125 0 0
0.3125 0 0
0.4375 0 0
0.03125 0 0
0.3125 0 0
0.3125 0 0
0.3125 0 0
0.4375 0 0
0.03125 0 0
0.3125 0 0
0.3125 0 0
0.3125 0 0
0.4375 0 0
0.03125 0 0
0.3125 0 0
0.3125 0 0
0.3125 0 0
0.4375 0 0
0.03125 0 0
0.3125 0 0
0.3125 0 0
0.3125 0 0
0.4375 0 0
0.03125 0 0
0.3125 0 0
0.3125 0 0
0.3125 0 0
0.4375 0 0
0.03125 0 0
0.03125 0 0
0.3125 0 0
0.3125 0 0
0.3125 0 0
0.3125 0 0
0.4375 0 0
0.03125 0 0
0.03125 0 0
0.3125 0 0
0.3125 0 0
0.3125 0 0
0.3125 0 0
0.4375 0 0
0.03125 0 0
0.03125 0 0
0.3125 0 0
0.3125 0 0
0.3125 0 0
0.3125 0 0
0.4375 0 0
0.03125 0 0
0.03125 0 0
0.3125 0 0
0.3125 0 0
0.3125 0 0
0.3125 0 0
0.4375 0 0
0.03125 0 0
0.3125 0 0
0.3125 0 0
0.3125 0 0
0.3125 0 0
0.4375 0 0
0.03125 0 0
0.3125 0 0
0.3125 0 0
0.3125 0 0
0.3125 0 0
0.4375 0 0
0.03125 0 0
0.3125 0 0
0.3125 0 0
0.3125 0 0
0.3125 0 0
0.4375 0 0
0.03125 0 0
0.3125 0 0
0.3125 0 0
0.3125 0 0
0.3125 0 0
0.4375 0 0
0.03125 0 0
0.3125 0 0
0.3125 0 0
0.3125 0 0
0.3125 0 0
0.4375 0 0
0.03125 0 0
0.3125 0 0
0.3125 0 0
0.3125 0 0
0.3125 0 0
0.4375 0 0
0.03125 0 0
0.3125 0 0
0.3125 0 0
0.25 0 0
0.3125 0 0
0.3125 0 0
0.4375 0 0
0.03125 0 0
0.3125 0 0
0.3125 0 0
0.3125 0 0
0.3125 0 0
0.3125 0 0
0.03125 0 0
0.3125 0 0
0.3125 0 0
0.3125 0 0
0.03125 0 0
0.3125 0 0
0.3125 0 0
0.3125 0 0
0.03125 0 0
0.3125 0 0
0.3125 0 0
0.3125 0 0
0.03125 0 0
0.3125 0 0
0.3125 0 0
0.3125 0 0
0.03125 0 0
0.3125 0 0
0.3125 0 0
0.3125 0 0
0.03125 0 0
0.3125 0 0
0.3125 0 0
0.3125 0 0
0.03125 0 0
0.3125 0 0
0.3125 0 0
0.3125 0 0
0.03125 0 0
0.3125 0 0
0.3125 0 0
0.3125 0 0
0.03125 0 0
0.3125 0 0
0.3125 0 0
0.3125 0 0
0.03125 0 0
0.3125 0 0
0.3125 0 0
0.3125 0 0
0.03125 0 0
0.3125 0 0
0.3125 0 0
0.3125 0 0
0.03125 0 0
0.3125 0 0
0.3125 0 0
0.03125 0 0
0.3125 0 0
0.3125 0 0
0.3125 0 0
0.03125 0 0
0.3125 0 0
0.3125 0 0
0.3125 0 0
0.03125 0 0
0.3125 0 0
0.3125 0 0
0.3125 0 0
0.03125 0 0
0.3125 0 0
0.3125 0 0
0.3125 0 0
0.4375 0 0
0.03125 0 0
0.3125 0 0
0.03125 0 0
0.3125 0 0
0.3125 0 0
0.4375 0 0
0.03125 0 0
0.3125 0 0
0.03125 0 0
0.3125 0 0
0.3125 0 0
0.4375 0 0
0.03125 0 0
0.3125 0 0
0.03125 0 0
0.3125 0 0
0.3125 0 0
0.4375 0 0
0.03125 0 0
0.3125 0 0
0.03125 0 0
0.3125 0 0
0.3125 0 0
0.03125 0 0
0.3125 0 0
0.3125 0 0
0.3125 0 0
0.03125 0 0
0.3125 0 0
0.3125 0 0
0.03125 0 0
0.3125 0 0
0.3125 0 0
0.3125 0 0
0.03125 0 0
0.3125 0 0
0.3125 0 0
0.03125 0 0
0.3125 0 0
0.3125 0 0
0.3125 0 0
0.03125 0 0
0.3125 0 0
0.3125 0 0
0.03125 0 0
0.3125 0 0
0.3125 0 0
0.3125 0 0
0.03125 0 0
0.3125 0 0
0.3125 0 0
0.03125 0 0
0.3125 0 0
0.3125 0 0
0.03125 0 0
0.3125 0 0
0.3125 0 0
0.03125 0 0
0.3125 0 0
0.3125 0 0
0.03125 0 0
0.3125 0 0
0.3125 0 0
0.03125 0 0
0.3125 0 0
0.3125 0 0
0.3125 0 0
0.03125 0 0
0.3125 0 0
0.3125 0 0
0.3125 0 0
0.03125 0 0
0.3125 0 0
0.3125 0 0
0.3125 0 0
0.03125 0 0
0.3125 0 0
0.3125 0 0
0.3125 0 0
0.4375 0 0
0.03125 0 0
0.4375 0 0
0.03125 0 0
0.4375 0 0
0.03125 0 0
0.4375 0 0
0.03125 0 0
0.3125 0 0
0.03125 0 0
0.3125 0 0
0.3125 0 0
0.03125 0 0
0.3125 0 0
0.3125 0 0
0.03125 0 0
0.3125 0 0
0.3125 0 0
0.03125 0 0
0.3125 0 0
0.3125 0 0
0.3125 0 0
0.3125 0 0
0.3125 0 0
0.3125 0 0
0.3125 0 0
0.3125 0 0
0.3125 0 0
0.3125 0 0
0.3125 0 0
0.3125 0 0
0.3125 0 0
0.3125 0 0
0.3125 0 0
0.3125 0 0
0.3125 0 0
0.3125 0 0
0.3125 0 0
0.3125 0 0
0.3125 0 0
0.3125 0 0
0.3125 0 0
0.3125 0 0
0.3125 0 0
0.03125 0 0
0.3125 0 0
0.03125 0 0
0.3125 0 0
0.3125 0 0
0.03125 0 0
0.3125 0 0
0.03125 0 0
0.3125 0 0
0.3125 0 0
0.03125 0 0
0.3125 0 0
0.03125 0 0
0.3125 0 0
0.3125 0 0
0.03125 0 0
0.3125 0 0
0.03125 0 0
0.3125 0 0
0.3125 0 0
0.03125 0 0
0.3125 0 0
0.3125 0 0
0.3125 0 0
0.03125 0 0
0.3125 0 0
0.3125 0 0
0.3125 0 0
0.03125 0 0
0.3125 0 0
0.3125 0 0
0.3125 0 0
0.03125 0 0
0.3125 0 0
0.3125 0 0
0.3125 0 0
0.03125 0 0
0.3125 0 0
0.03125 0 0
0.3125 0 0
0.03125 0 0
0.3125 0 0
0.03125 0 0
0.3125 0 0
0.03125 0 0
0.3125 0 0
0.03125 0 0
0.3125 0 0
0.03125 0 0
0.3125 0 0
0.03125 0 0
0.3125 0 0
0.03125 0 0
0.3125 0 0
0.03125 0 0
0.3125 0 0
0.03125 0 0
0.3125 0 0
0.03125 0 0
0.3125 0 0
0.03125 0 0
0.03125 0 0
0.03125 0 0
0.03125 0 0
0.03125 0 0
0.3125 0 0
0.3125 0 0
0.03125 0 0
0.3125 0 0
0.3125 0 0
0.03125 0 0
0.3125 0 0
0.3125 0 0
0.03125 0 0
0.3125 0 0
0.3125 0 0
0.3125 0 0
0.3125 0 0
0.3125 0 0
0.3125 0 0
0.3125 0 0
0.03125 0 0
0.3125 0 0
0.3125 0 0
0.03125 0 0
0.3125 0 0
0.3125 0 0
0.03125 0 0
0.3125 0 0
0.3125 0 0
0.03125 0 0
0.3125 0 0
0.3125 0 0
0.3125 0 0
0.3125 0 0
0.3125 0 0
0.3125 0 0
0.3125 0 0
0.3125 0 0
0.3125 0 0
0.3125 0 0
0.3125 0 0
0.3125 0 0
0.3125 0 0
0.3125 0 0
0.3125 0 0
0.3125 0 0
0.3125 0 0
0.03125 0 0
0.3125 0 0
0.03125 0 0
0.3125 0 0
0.03125 0 0
0.3125 0 0
0.03125 0 0
0.3125 0 0
0.03125 0 0
0.3125 0 0
0.03125 0 0
0.3125 0 0
0.03125 0 0
0.3125 0 0
0.03125 0 0
0.3125 0 0
0.03125 0 0
0.3125 0 0
0.03125 0 0
0.3125 0 0
0.03125 0 0
0.3125 0 0
0.03125 0 0
0.3125 0 0
0.03125 0 0
0.3125 0 0
0.03125 0 0
0.3125 0 0
0.03125 0 0
0.3125 0 0
0.03125 0 0
0.3125 0 0
0.03125 0 0
0.3125 0 0
0.03125 0 0
0.3125 0 0
0.03125 0 0
0.3125 0 0
0.03125 0 0
0.3125 0 0
0.03125 0 0
0.03125 0 0
0.03125 0 0
0.03125 0 0
0.03125 0 0
0.03125 0 0
0.03125 0 0
0.03125 0 0
0.03125 0 0
0.3125 0 0
0.03125 0 0
0.3125 0 0
0.03125 0 0
0.3125 0 0
0.03125 0 0
0.3125 0 0
0.3125 0 0
0.3125 0 0
0.3125 0 0
0.3125 0 0
0.3125 0 0
0.3125 0 0
0.3125 0 0
0.3125 0 0
0.3125 0 0
0.03125 0 0
0.3125 0 0
0.3125 0 0
0.03125 0 0
0.3125 0 0
0.3125 0 0
0.03125 0 0
0.3125 0 0
0.3125 0 0
0.03125 0 0
0.3125 0 0
0.3125 0 0
0.3125 0 0
0.3125 0 0
0.3125 0 0
0.3125 0 0
0.3125 0 0
0.3125 0 0
0.3125 0 0
0.25 0 0
0.25 0 0
0.25 0 0
0.25 0 0
0.25 0 0
0.25 0 0
0.25 0 0
0.25 0 0
0.25 0 0
0.25 0 0
0.25 0 0
0.25 0 0
0.25 0 0
0.25 0 0
0.25 0 0
0.25 0 0
0.25 0 0
0.25 0 0
0.25 0 0
0.25 0 0
0.25 0 0
0.25 0 0
0.25 0 0
0.25 0 0
0.25 0 0
0.25 0 0
0.25 0 0
0.25 0 0
0.25 0 0
0.25 0 0
0.25 0 0
0.25 0 0
0.25 0 0
0.25 0 0
0.25 0 0
0.25 0 0
0.25 0 0
0.25 0 0
0.25 0 0
0.25 0 0
0.25 0 0
0.25 0 0
0.25 0 0
0.25 0 0
0.25 0 0
0.25 0 0
0.25 0 0
0.25 0 0
0.25 0 0
0.25 0 0
0.25 0 0
0.25 0 0
0.25 0 0
0.25 0 0
0.25 0 0
0.25 0 0
0.25 0 0
0.25 0 0
0.25 0 0
0.25 0 0
0.25 0 0
0.25 0 0
0.25 0 0
0.25 0 0
0.25 0 0
0.25 0 0
0.25 0 0
0.25 0 0
0.25 0 0
0.25 0 0
0.25 0 0
0.25 0 0
0.25 0 0
0.25 0 0
0.25 0 0
0.25 0 0
0.25 0 0
0.25 0 0
0.25 0 0
0.25 0 0
0.25 0 0
0.25 0 0
0.25 0 0
0.25 0 0
0.25 0 0
0.25 0 0
0.25 0 0
0.25 0 0
0.25 0 0
0.25 0 0
0.25 0 0
0.25 0 0
0.25 0 0
0.25 0 0
0.25 0 0
0.25 0 0
0.25 0 0
0.25 0 0
0.25 0 0
0.25 0 0
0.25 0 0
0.25 0 0
0.25 0 0
0.25 0 0
0.25 0 0
0.25 0 0
0.25 0 0
0.25 0 0
0.25 0 0
0.25 0 0
0.25 0 0
0.25 0 0
0.25 0 0
0.25 0 0
0.25 0 0
0.25 0 0
0.25 0 0
0.25 0 0
0.25 0 0
0.25 0 0
0.25 0 0
0.25 0 0
0.25 0 0
0.25 0 0
0.25 0 0
0.25 0 0
0.25 0 0
0.25 0 0
0.25 0 0
0.25 0 0
0.25 0 0
0.25 0 0
0.25 0 0
0.25 0 0
0.25 0 0
0.25 0 0
0.25 0 0
0.25 0 0
0.25 0 0
0.25 0 0
0.25 0 0
0.25 0 0
0.25 0 0
0.25 0 0
0.25 0 0
0.25 0 0
0.25 0 0
0.25 0 0
0.25 0 0
0.25 0 0
0.25 0 0
0.25 0 0
0.25 0 0
0.25 0 0
0.25 0 0
0.25 0 0
0.25 0 0
0.25 0 0
0.25 0 0
0.25 0 0
0.25 0 0
0.25 0 0
0.25 0 0
0.25 0 0
0.25 0 0
0.25 0 0
0.25 0 0
0.25 0 0
0.25 0 0
0.25 0 0
0.25 0 0
0.25 0 0
0.25 0 0
0.25 0 0
0.25 0 0
0.25 0 0
0.25 0 0
0.25 0 0
0.25 0 0
0.25 0 0
0.25 0 0
0.25 0 0
0.25 0 0
0.25 0 0
0.25 0 0
0.25 0 0
0.25 0 0
0.25 0 0
0.25 0 0
0.25 0 0
0.25 0 0
0.25 0 0
0.25 0 0
0.25 0 0
0.25 0 0
0.25 0 0
0.25 0 0
0.25 0 0
0.25 0 0
0.25 0 0
0.25 0 0
0.25 0 0
0.25 0 0
0.25 0 0
0.25 0 0
0.25 0 0
0.25 0 0
0.25 0 0
0.25 0 0
0.25 0 0
0.25 0 0
0.25 0 0
0.25 0 0
0.25 0 0
0.25 0 0
0.25 0 0
0.25 0 0
0.25 0 0
0.25 0 0
0.25 0 0
0.25 0 0
0.25 0 0
0.25 0 0
0.25 0 0
0.25 0 0
0.25 0 0
0.25 0 0
0.25 0 0
0.25 0 0
0.25 0 0
0.25 0 0
0.25 0 0
0.25 0 0
0.25 0 0
0.25 0 0
0.25 0 0
0.25 0 0
0.25 0 0
0.25 0 0
0.25 0 0
0.25 0 0
0.25 0 0
0.25 0 0
0.25 0 0
0.25 0 0
0.25 0 0
0.25 0 0
0.25 0 0
0.25 0 0
0.25 0 0
0.25 0 0
0.25 0 0
0.25 0 0
0.25 0 0
0.25 0 0
0.25 0 0
0.25 0 0
0.25 0 0
0.25 0 0
0.25 0 0
0.25 0 0
0.25 0 0
0.25 0 0
0.25 0 0
0.25 0 0
0.25 0 0
0.25 0 0
0.25 0 0
0.25 0 0
0.25 0 0
0.25 0 0
0.25 0 0
0.25 0 0
0.25 0 0
0.25 0 0
0.25 0 0
0.25 0 0
0.25 0 0
0.25 0 0
0.25 0 0
0.25 0 0
0.25 0 0
0.25 0 0
0.25 0 0
0.25 0 0
0.25 0 0
0.25 0 0
0.25 0 0
0.25 0 0
0.25 0 0
0.25 0 0
0.25 0 0
0.25 0 0
0.25 0 0
0.25 0 0
0.25 0 0
0.25 0 0
0.25 0 0
0.25 0 0
0.25 0 0
0.25 0 0
0.25 0 0
0.25 0 0
0.25 0 0
0.25 0 0
0.25 0 0
0.25 0 0
0.25 0 0
0.25 0 0
0.25 0 0
0.25 0 0
0.25 0 0
0.25 0 0
0.25 0 0
0.25 0 0
0.25 0 0
0.25 0 0
0.25 0 0
0.25 0 0
0.25 0 0
0.25 0 0
0.25 0 0
0.25 0 0
0.25 0 0
0.25 0 0
0.25 0 0
0.25 0 0
0.25 0 0
0.25 0 0
0.25 0 0
0.25 0 0
0.25 0 0
0.25 0 0
0.25 0 0
0.25 0 0
0.25 0 0
0.25 0 0
0.25 0 0
0.25 0 0
0.25 0 0
0.25 0 0
0.25 0 0
0.25 0 0
0.25 0 0
0.25 0 0
0.25 0 0
0.25 0 0
0.25 0 0
0.25 0 0
0.25 0 0
0.25 0 0
0.25 0 0
0.25 0 0
0.25 0 0
0.25 0 0
0.25 0 0
0.25 0 0
0.25 0 0
0.25 0 0
0.25 0 0
0.25 0 0
0.25 0 0
0.25 0 0
0.25 0 0
0.25 0 0
0.25 0 0
0.25 0 0
0.25 0 0
0.25 0 0
0.25 0 0
0.25 0 0
0.25 0 0
0.25 0 0
0.25 0 0
0.25 0 0
0.25 0 0
0.25 0 0
0.25 0 0
0.25 0 0
0.25 0 0
0.25 0 0
0.25 0 0
0.25 0 0
0.4375 0 0
0.03125 0 0
0.03125 0 0
0.3125 0 0
0.3125 0 0
0.3125 0 0
0.4375 0 0
0.03125 0 0
0.03125 0 0
0.3125 0 0
0.3125 0 0
0.3125 0 0
0.4375 0 0
0.03125 0 0
0.03125 0 0
0.3125 0 0
0.3125 0 0
0.3125 0 0
0.4375 0 0
0.03125 0 0
0.03125 0 0
0.3125 0 0
0.3125 0 0
0.3125 0 0
0.4375 0 0
0.03125 0 0
0.3125 0 0
0.3125 0 0
0.3125 0 0
0.4375 0 0
0.03125 0 0
0.3125 0 0
0.3125 0 0
0.3125 0 0
0.4375 0 0
0.03125 0 0
0.3125 0 0
0.3125 0 0
0.3125 0 0
0.4375 0 0
0.03125 0 0
0.3125 0 0
0.3125 0 0
0.3125 0 0
0.4375 0 0
0.03125 0 0
0.3125 0 0
0.3125 0 0
0.3125 0 0
0.4375 0 0
0.03125 0 0
0.3125 0 0
0.3125 0 0
0.3125 0 0
0.4375 0 0
0.03125 0 0
0.3125 0 0
0.3125 0 0
0.3125 0 0
0.4375 0 0
0.03125 0 0
0.3125 0 0
0.3125 0 0
0.3125 0 0
0.4375 0 0
0.03125 0 0
0.03125 0 0
0.3125 0 0
0.3125 0 0
0.3125 0 0
0.3125 0 0
0.4375 0 0
0.03125 0 0
0.03125 0 0
0.3125 0 0
0.3125 0 0
0.3125 0 0
0.3125 0 0
0.4375 0 0
0.03125 0 0
0.03125 0 0
0.3125 0 0
0.3125 0 0
0.3125 0 0
0.3125 0 0
0.4375 0 0
0.03125 0 0
0.03125 0 0
0.3125 0 0
0.3125 0 0
0.3125 0 0
0.3125 0 0
0.4375 0 0
0.03125 0 0
0.3125 0 0
0.3125 0 0
0.3125 0 0
0.3125 0 0
0.4375 0 0
0.03125 0 0
0.3125 0 0
0.3125 0 0
0.3125 0 0
0.3125 0 0
0.4375 0 0
0.03125 0 0
0.3125 0 0
0.3125 0 0
0.3125 0 0
0.3125 0 0
0.4375 0 0
0.03125 0 0
0.3125 0 0
0.3125 0 0
0.3125 0 0
0.3125 0 0
0.4375 0 0
0.03125 0 0
0.3125 0 0
0.3125 0 0
0.3125 0 0
0.3125 0 0
0.4375 0 0
0.03125 0 0
0.3125 0 0
0.3125 0 0
0.3125 0 0
0.3125 0 0
0.4375 0 0
0.03125 0 0
0.3125 0 0
0.3125 0 0
0.25 0 0
0.3125 0 0
0.3125 0 0
0.4375 0 0
0.03125 0 0
0.3125 0 0
0.3125 0 0
0.3125 0 0
0.3125 0 0
0.3125 0 0
0.03125 0 0
0.3125 0 0
0.3125 0 0
0.3125 0 0
0.03125 0 0
0.3125 0 0
0.3125 0 0
0.3125 0 0
0.03125 0 0
0.3125 0 0
0.3125 0 0
0.3125 0 0
0.03125 0 0
0.3125 0 0
0.3125 0 0
0.3125 0 0
0.03125 0 0
0.3125 0 0
0.3125 0 0
0.3125 0 0
0.03125 0 0
0.3125 0 0
0.3125 0 0
0.3125 0 0
0.03125 0 0
0.3125 0 0
0.3125 0 0
0.3125 0 0
0.03125 0 0
0.3125 0 0
0.3125 0 0
0.3125 0 0
0.03125 0 0
0.3125 0 0
0.3125 0 0
0.3125 0 0
0.03125 0 0
0.3125 0 0
0.3125 0 0
0.3125 0 0
0.03125 0 0
0.3125 0 0
0.3125 0 0
0.3125 0 0
0.03125 0 0
0.3125 0 0
0.3125 0 0
0.03125 0 0
0.3125 0 0
0.3125 0 0
0.3125 0 0
0.03125 0 0
0.3125 0 0
0.3125 0 0
0.3125 0 0
0.03125 0 0
0.3125 0 0
0.3125 0 0
0.3125 0 0
0.03125 0 0
0.3125 0 0
0.3125 0 0
0.3125 0 0
0.4375 0 0
0.03125 0 0
0.3125 0 0
0.03125 0 0
0.3125 0 0
0.3125 0 0
0.4375 0 0
0.03125 0 0
0.3125 0 0
0.03125 0 0
0.3125 0 0
0.3125 0 0
0.4375 0 0
0.03125 0 0
0.3125 0 0
0.03125 0 0
0.3125 0 0
0.3125 0 0
0.4375 0 0
0.03125 0 0
0.3125 0 0
0.03125 0 0
0.3125 0 0
0.3125 0 0
0.03125 0 0
0.3125 0 0
0.3125 0 0
0.3125 0 0
0.03125 0 0
0.3125 0 0
0.3125 0 0
0.03125 0 0
0.3125 0 0
0.3125 0 0
0.3125 0 0
0.03125 0 0
0.3125 0 0
0.3125 0 0
0.03125 0 0
0.3125 0 0
0.3125 0 0
0.3125 0 0
0.03125 0 0
0.3125 0 0
0.3125 0 0
0.03125 0 0
0.3125 0 0
0.3125 0 0
0.3125 0 0
0.03125 0 0
0.3125 0 0
0.3125 0 0
0.03125 0 0
0.3125 0 0
0.3125 0 0
0.03125 0 0
0.3125 0 0
0.3125 0 0
0.03125 0 0
0.3125 0 0
0.3125 0 0
0.03125 0 0
0.3125 0 0
0.3125 0 0
0.03125 0 0
0.3125 0 0
0.3125 0 0
0.3125 0 0
0.03125 0 0
0.3125 0 0
0.3125 0 0
0.3125 0 0
0.03125 0 0
0.3125 0 0
0.3125 0 0
0.3125 0 0
0.03125 0 0
0.3125 0 0
0.3125 0 0
0.3125 0 0
0.4375 0 0
0.03125 0 0
0.4375 0 0
0.03125 0 0
0.4375 0 0
0.03125 0 0
0.4375 0 0
0.03125 0 0
0.3125 0 0
0.03125 0 0
0.3125 0 0
0.3125 0 0
0.03125 0 0
0.3125 0 0
0.3125 0 0
0.03125 0 0
0.3125 0 0
0.3125 0 0
0.03125 0 0
0.3125 0 0
0.3125 0 0
0.3125 0 0
0.3125 0 0
0.3125 0 0
0.3125 0 0
0.3125 0 0
0.3125 0 0
0.3125 0 0
0.3125 0 0
0.3125 0 0
0.3125 0 0
0.3125 0 0
0.3125 0 0
0.3125 0 0
0.3125 0 0
0.3125 0 0
0.3125 0 0
0.3125 0 0
0.3125 0 0
0.3125 0 0
0.3125 0 0
0.3125 0 0
0.3125 0 0
0.3125 0 0
0.03125 0 0
0.3125 0 0
0.03125 0 0
0.3125 0 0
0.3125 0 0
0.03125 0 0
0.3125 0 0
0.03125 0 0
0.3125 0 0
0.3125 0 0
0.03125 0 0
0.3125 0 0
0.03125 0 0
0.3125 0 0
0.3125 0 0
0.03125 0 0
0.3125 0 0
0.03125 0 0
0.3125 0 0
0.3125 0 0
0.03125 0 0
0.3125 0 0
0.3125 0 0
0.3125 0 0
0.03125 0 0
0.3125 0 0
0.3125 0 0
0.3125 0 0
0.03125 0 0
0.3125 0 0
0.3125 0 0
0.3125 0 0
0.03125 0 0
0.3125 0 0
0.3125 0 0
0.3125 0 0
0.03125 0 0
0.3125 0 0
0.03125 0 0
0.3125 0 0
0.03125 0 0
0.3125 0 0
0.03125 0 0
0.3125 0 0
0.03125 0 0
0.3125 0 0
0.03125 0 0
0.3125 0 0
0.03125 0 0
0.3125 0 0
0.03125 0 0
0.3125 0 0
0.03125 0 0
0.3125 0 0
0.03125 0 0
0.3125 0 0
0.03125 0 0
0.3125 0 0
0.03125 0 0
0.3125 0 0
0.03125 0 0
0.03125 0 0
0.03125 0 0
0.03125 0 0
0.03125 0 0
0.3125 0 0
0.3125 0 0
0.03125 0 0
0.3125 0 0
0.3125 0 0
0.03125 0 0
0.3125 0 0
0.3125 0 0
0.03125 0 0
0.3125 0 0
0.3125 0 0
0.3125 0 0
0.3125 0 0
0.3125 0 0
0.3125 0 0
0.3125 0 0
0.03125 0 0
0.3125 0 0
0.3125 0 0
0.03125 0 0
0.3125 0 0
0.3125 0 0
0.03125 0 0
0.3125 0 0
0.3125 0 0
0.03125 0 0
0.3125 0 0
0.3125 0 0
0.3125 0 0
0.3125 0 0
0.3125 0 0
0.3125 0 0
0.3125 0 0
0.3125 0 0
0.3125 0 0
0.3125 0 0
0.3125 0 0
0.3125 0 0
0.3125 0 0
0.3125 0 0
0.3125 0 0
0.3125 0 0
0.3125 0 0
0.03125 0 0
0.3125 0 0
0.03125 0 0
0.3125 0 0
0.03125 0 0
0.3125 0 0
0.03125 0 0
0.3125 0 0
0.03125 0 0
0.3125 0 0
0.03125 0 0
0.3125 0 0
0.03125 0 0
0.3125 0 0
0.03125 0 0
0.3125 0 0
0.03125 0 0
0.3125 0 0
0.03125 0 0
0.3125 0 0
0.03125 0 0
0.3125 0 0
0.03125 0 0
0.3125 0 0
0.03125 0 0
0.3125 0 0
0.03125 0 0
0.3125 0 0
0.03125 0 0
0.3125 0 0
0.03125 0 0
0.3125 0 0
0.03125 0 0
0.3125 0 0
0.03125 0 0
0.3125 0 0
0.03125 0 0
0.3125 0 0
0.03125 0 0
0.3125 0 0
0.03125 0 0
0.03125 0 0
0.03125 0 0
0.03125 0 0
0.03125 0 0
0.03125 0 0
0.03125 0 0
0.03125 0 0
0.03125 0 0
0.3125 0 0
0.03125 0 0
0.3125 0 0
0.03125 0 0
0.3125 0 0
0.03125 0 0
0.3125 0 0
0.3125 0 0
0.3125 0 0
0.3125 0 0
0.3125 0 0
0.3125 0 0
0.3125 0 0
0.3125 0 0
0.3125 0 0
0.3125 0 0
0.03125 0 0
0.3125 0 0
0.3125 0 0
0.03125 0 0
0.3125 0 0
0.3125 0 0
0.03125 0 0
0.3125 0 0
0.3125 0 0
0.03125 0 0
0.3125 0 0
0.3125 0 0
0.3125 0 0
0.3125 0 0
0.3125 0 0
0.3125 0 0
0.3125 0 0
0.3125 0 0
0.3125 0 0
0.25 0 0
0.25 0 0
0.25 0 0
0.25 0 0
0.25 0 0
0.25 0 0
0.25 0 0
0.25 0 0
0.25 0 0
0.25 0 0
0.25 0 0
0.25 0 0
0.25 0 0
0.25 0 0
0.25 0 0
0.25 0 0
0.25 0 0
0.25 0 0
0.25 0 0
0.25 0 0
0.25 0 0
0.25 0 0
0.25 0 0
0.25 0 0
0.25 0 0
0.25 0 0
0.25 0 0
0.25 0 0
0.25 0 0
0.25 0 0
0.25 0 0
0.25 0 0
0.25 0 0
0.25 0 0
0.25 0 0
0.25 0 0
0.25 0 0
0.25 0 0
0.25 0 0
0.25 0 0
0.25 0 0
0.25 0 0
0.25 0 0
0.25 0 0
0.25 0 0
0.25 0 0
0.25 0 0
0.25 0 0
0.25 0 0
0.25 0 0
0.25 0 0
0.25 0 0
0.25 0 0
0.25 0 0
0.25 0 0
0.25 0 0
0.25 0 0
0.25 0 0
0.25 0 0
0.25 0 0
0.25 0 0
0.25 0 0
0.25 0 0
0.25 0 0
0.25 0 0
0.25 0 0
0.25 0 0
0.25 0 0
0.25 0 0
0.25 0 0
0.25 0 0
0.25 0 0
0.25 0 0
0.25 0 0
0.25 0 0
0.25 0 0
0.25 0 0
0.25 0 0
0.25 0 0
0.25 0 0
0.25 0 0
0.25 0 0
0.25 0 0
0.25 0 0
0.25 0 0
0.25 0 0
0.25 0 0
0.25 0 0
0.25 0 0
0.25 0 0
0.25 0 0
0.25 0 0
0.25 0 0
0.25 0 0
0.25 0 0
0.25 0 0
0.25 0 0
0.25 0 0
0.25 0 0
0.25 0 0
0.25 0 0
0.25 0 0
0.25 0 0
0.25 0 0
0.25 0 0
0.25 0 0
0.25 0 0
0.25 0 0
0.25 0 0
0.25 0 0
0.25 0 0
0.25 0 0
0.25 0 0
0.25 0 0
0.25 0 0
0.25 0 0
0.25 0 0
0.25 0 0
0.25 0 0
0.25 0 0
0.25 0 0
0.25 0 0
0.25 0 0
0.25 0 0
0.25 0 0
0.25 0 0
0.25 0 0
0.25 0 0
0.25 0 0
0.25 0 0
0.25 0 0
0.25 0 0
0.25 0 0
0.25 0 0
0.25 0 0
0.25 0 0
0.25 0 0
0.25 0 0
0.25 0 0
0.25 0 0
0.25 0 0
0.25 0 0
0.25 0 0
0.25 0 0
0.25 0 0
0.25 0 0
0.25 0 0
0.25 0 0
0.25 0 0
0.25 0 0
0.25 0 0
0.25 0 0
0.25 0 0
0.25 0 0
0.25 0 0
0.25 0 0
0.25 0 0
0.25 0 0
0.25 0 0
0.25 0 0
0.25 0 0
0.25 0 0
0.25 0 0
0.25 0 0
0.25 0 0
0.25 0 0
0.25 0 0
0.25 0 0
0.25 0 0
0.25 0 0
0.25 0 0
0.25 0 0
0.25 0 0
0.25 0 0
0.25 0 0
0.25 0 0
0.25 0 0
0.25 0 0
0.25 0 0
0.25 0 0
0.25 0 0
0.25 0 0
0.25 0 0
0.25 0 0
0.25 0 0
0.25 0 0
0.25 0 0
0.25 0 0
0.25 0 0
0.25 0 0
0.25 0 0
0.25 0 0
0.25 0 0
0.25 0 0
0.25 0 0
0.25 0 0
0.25 0 0
0.25 0 0
0.25 0 0
0.25 0 0
0.25 0 0
0.25 0 0
0.25 0 0
0.25 0 0
0.25 0 0
0.25 0 0
0.25 0 0
0.25 0 0
0.25 0 0
0.25 0 0
0.25 0 0
0.25 0 0
0.25 0 0
0.25 0 0
0.25 0 0
0.25 0 0
0.25 0 0
0.25 0 0
0.25 0 0
0.25 0 0
0.25 0 0
0.25 0 0
0.25 0 0
0.25 0 0
0.25 0 0
0.25 0 0
0.25 0 0
0.25 0 0
0.25 0 0
0.25 0 0
0.25 0 0
0.25 0 0
0.25 0 0
0.25 0 0
0.25 0 0
0.25 0 0
0.25 0 0
0.25 0 0
0.25 0 0
0.25 0 0
0.25 0 0
0.25 0 0
0.25 0 0
0.25 0 0
0.25 0 0
0.25 0 0
0.25 0 0
0.25 0 0
0.25 0 0
0.25 0 0
0.25 0 0
0.25 0 0
0.25 0 0
0.25 0 0
0.25 0 0
0.25 0 0
0.25 0 0
0.25 0 0
0.25 0 0
0.25 0 0
0.25 0 0
0.25 0 0
0.25 0 0
0.25 0 0
0.25 0 0
0.25 0 0
0.25 0 0
0.25 0 0
0.25 0 0
0.25 0 0
0.25 0 0
0.25 0 0
0.25 0 0
0.25 0 0
0.25 0 0
0.25 0 0
0.25 0 0
0.25 0 0
0.25 0 0
0.25 0 0
0.25 0 0
0.25 0 0
0.25 0 0
0.25 0 0
0.25 0 0
0.25 0 0
0.25 0 0
0.25 0 0
0.25 0 0
0.25 0 0
0.25 0 0
0.25 0 0
0.25 0 0
0.25 0 0
0.25 0 0
0.25 0 0
0.25 0 0
0.25 0 0
0.25 0 0
0.25 0 0
0.25 0 0
0.25 0 0
0.25 0 0
0.25 0 0
0.25 0 0
0.25 0 0
0.25 0 0
0.25 0 0
0.25 0 0
0.25 0 0
0.25 0 0
0.25 0 0
0.25 0 0
0.25 0 0
0.25 0 0
0.25 0 0
0.25 0 0
0.25 0 0
0.25 0 0
0.25 0 0
0.25 0 0
0.25 0 0
0.25 0 0
0.25 0 0
0.25 0 0
0.25 0 0
0.25 0 0
0.25 0 0
0.25 0 0
0.25 0 0
0.25 0 0
0.25 0 0
0.25 0 0
0.25 0 0
0.25 0 0
0.25 0 0
0.25 0 0
0.25 0 0
0.25 0 0
0.25 0 0
0.25 0 0
0.25 0 0
0.25 0 0
0.25 0 0
0.25 0 0
0.25 0 0
0.25 0 0
0.25 0 0
0.25 0 0
0.25 0 0
0.25 0 0
0.25 0 0
0.25 0 0
0.25 0 0
0.25 0 0
0.25 0 0
0.25 0 0
0.25 0 0
0.25 0 0
0.25 0 0
0.25 0 0
0.25 0 0
0.25 0 0
0.25 0 0
0.25 0 0
0.25 0 0
0.25 0 0
0.25 0 0
0.25 0 0
0.25 0 0
0.25 0 0
0.25 0 0
0.25 0 0
0.25 0 0
0.25 0 0
0.25 0 0
0.25 0 0
0.25 0 0
0.25 0 0
0.25 0 0
0.25 0 0
0.25 0 0
0.25 0 0
0.4375 0 0
0.03125 0 0
0.03125 0 0
0.3125 0 0
0.3125 0 0
0.3125 0 0
0.4375 0 0
0.03125 0 0
0.03125 0 0
0.3125 0 0
0.3125 0 0
0.3125 0 0
0.4375 0 0
0.03125 0 0
0.03125 0 0
0.3125 0 0
0.3125 0 0
0.3125 0 0
0.4375 0 0
0.03125 0 0
0.03125 0 0
0.3125 0 0
0.3125 0 0
0.3125 0 0
0.4375 0 0
0.03125 0 0
0.3125 0 0
0.3125 0 0
0.3125 0 0
0.4375 0 0
0.03125 0 0
0.3125 0 0
0.3125 0 0
0.3125 0 0
0.4375 0 0
0.03125 0 0
0.3125 0 0
0.3125 0 0
0.3125 0 0
0.4375 0 0
0.03125 0 0
0.3125 0 0
0.3125 0 0
0.3125 0 0
0.4375 0 0
0.03125 0 0
0.3125 0 0
0.3125 0 0
0.3125 0 0
0.4375 0 0
0.03125 0 0
0.3125 0 0
0.3125 0 0
0.3125 0 0
0.4375 0 0
0.03125 0 0
0.3125 0 0
0.3125 0 0
0.3125 0 0
0.4375 0 0
0.03125 0 0
0.3125 0 0
0.3125 0 0
0.3125 0 0
0.4375 0 0
0.03125 0 0
0.03125 0 0
0.3125 0 0
0.3125 0 0
0.3125 0 0
0.3125 0 0
0.4375 0 0
0.03125 0 0
0.03125 0 0
0.3125 0 0
0.3125 0 0
0.3125 0 0
0.3125 0 0
0.4375 0 0
0.03125 0 0
0.03125 0 0
0.3125 0 0
0.3125 0 0
0.3125 0 0
0.3125 0 0
0.4375 0 0
0.03125 0 0
0.03125 0 0
0.3125 0 0
0.3125 0 0
0.3125 0 0
0.3125 0 0
0.4375 0 0
0.03125 0 0
0.3125 0 0
0.3125 0 0
0.3125 0 0
0.3125 0 0
0.4375 0 0
0.03125 0 0
0.3125 0 0
0.3125 0 0
0.3125 0 0
0.3125 0 0
0.4375 0 0
0.03125 0 0
0.3125 0 0
0.3125 0 0
0.3125 0 0
0.3125 0 0
0.4375 0 0
0.03125 0 0
0.3125 0 0
0.3125 0 0
0.3125 0 0
0.3125 0 0
0.4375 0 0
0.03125 0 0
0.3125 0 0
0.3125 0 0
0.3125 0 0
0.3125 0 0
0.4375 0 0
0.03125 0 0
0.3125 0 0
0.3125 0 0
0.3125 0 0
0.3125 0 0
0.4375 0 0
0.03125 0 0
0.3125 0 0
0.3125 0 0
0.25 0 0
0.3125 0 0
0.3125 0 0
0.4375 0 0
0.03125 0 0
0.3125 0 0
0.3125 0 0
0.3125 0 0
0.3125 0 0
0.3125 0 0
0.03125 0 0
0.3125 0 0
0.3125 0 0
0.3125 0 0
0.03125 0 0
0.3125 0 0
0.3125 0 0
0.3125 0 0
0.03125 0 0
0.3125 0 0
0.3125 0 0
0.3125 0 0
0.03125 0 0
0.3125 0 0
0.3125 0 0
0.3125 0 0
0.03125 0 0
0.3125 0 0
0.3125 0 0
0.3125 0 0
0.03125 0 0
0.3125 0 0
0.3125 0 0
0.3125 0 0
0.03125 0 0
0.3125 0 0
0.3125 0 0
0.3125 0 0
0.03125 0 0
0.3125 0 0
0.3125 0 0
0.3125 0 0
0.03125 0 0
0.3125 0 0
0.3125 0 0
0.3125 0 0
0.03125 0 0
0.3125 0 0
0.3125 0 0
0.3125 0 0
0.03125 0 0
0.3125 0 0
0.3125 0 0
0.3125 0 0
0.03125 0 0
0.3125 0 0
0.3125 0 0
0.03125 0 0
0.3125 0 0
0.3125 0 0
0.3125 0 0
0.03125 0 0
0.3125 0 0
0.3125 0 0
0.3125 0 0
0.03125 0 0
0.3125 0 0
0.3125 0 0
0.3125 0 0
0.03125 0 0
0.3125 0 0
0.3125 0 0
0.3125 0 0
0.4375 0 0
0.03125 0 0
0.3125 0 0
0.03125 0 0
0.3125 0 0
0.3125 0 0
0.4375 0 0
0.03125 0 0
0.3125 0 0
0.03125 0 0
0.3125 0 0
0.3125 0 0
0.4375 0 0
0.03125 0 0
0.3125 0 0
0.03125 0 0
0.3125 0 0
0.3125 0 0
0.4375 0 0
0.03125 0 0
0.3125 0 0
0.03125 0 0
0.3125 0 0
0.3125 0 0
0.03125 0 0
0.3125 0 0
0.3125 0 0
0.3125 0 0
0.03125 0 0
0.3125 0 0
0.3125 0 0
0.03125 0 0
0.3125 0 0
0.3125 0 0
0.3125 0 0
0.03125 0 0
0.3125 0 0
0.3125 0 0
0.03125 0 0
0.3125 0 0
0.3125 0 0
0.3125 0 0
0.03125 0 0
0.3125 0 0
0.3125 0 0
0.03125 0 0
0.3125 0 0
0.3125 0 0
0.3125 0 0
0.03125 0 0
0.3125 0 0
0.3125 0 0
0.03125 0 0
0.3125 0 0
0.3125 0 0
0.03125 0 0
0.3125 0 0
0.3125 0 0
0.03125 0 0
0.3125 0 0
0.3125 0 0
0.03125 0 0
0.3125 0 0
0.3125 0 0
0.03125 0 0
0.3125 0 0
0.3125 0 0
0.3125 0 0
0.03125 0 0
0.3125 0 0
0.3125 0 0
0.3125 0 0
0.03125 0 0
0.3125 0 0
0.3125 0 0
0.3125 0 0
0.03125 0 0
0.3125 0 0
0.3125 0 0
0.3125 0 0
0.4375 0 0
0.03125 0 0
0.4375 0 0
0.03125 0 0
0.4375 0 0
0.03125 0 0
0.4375 0 0
0.03125 0 0
0.3125 0 0
0.03125 0 0
0.3125 0 0
0.3125 0 0
0.03125 0 0
0.3125 0 0
0.3125 0 0
0.03125 0 0
0.3125 0 0
0.3125 0 0
0.03125 0 0
0.3125 0 0
0.3125 0 0
0.3125 0 0
0.3125 0 0
0.3125 0 0
0.3125 0 0
0.3125 0 0
0.3125 0 0
0.3125 0 0
0.3125 0 0
0.3125 0 0
0.3125 0 0
0.3125 0 0
0.3125 0 0
0.3125 0 0
0.3125 0 0
0.3125 0 0
0.3125 0 0
0.3125 0 0
0.3125 0 0
0.3125 0 0
0.3125 0 0
0.3125 0 0
0.3125 0 0
0.3125 0 0
0.03125 0 0
0.3125 0 0
0.03125 0 0
0.3125 0 0
0.3125 0 0
0.03125 0 0
0.3125 0 0
0.03125 0 0
0.3125 0 0
0.3125 0 0
0.03125 0 0
0.3125 0 0
0.03125 0 0
0.3125 0 0
0.3125 0 0
0.03125 0 0
0.3125 0 0
0.03125 0 0
0.3125 0 0
0.3125 0 0
0.03125 0 0
0.3125 0 0
0.3125 0 0
0.3125 0 0
0.03125 0 0
0.3125 0 0
0.3125 0 0
0.3125 0 0
0.03125 0 0
0.3125 0 0
0.3125 0 0
0.3125 0 0
0.03125 0 0
0.3125 0 0
0.3125 0 0
0.3125 0 0
0.03125 0 0
0.3125 0 0
0.03125 0 0
0.3125 0 0
0.03125 0 0
0.3125 0 0
0.03125 0 0
0.3125 0 0
0.03125 0 0
0.3125 0 0
0.03125 0 0
0.3125 0 0
0.03125 0 0
0.3125 0 0
0.03125 0 0
0.3125 0 0
0.03125 0 0
0.3125 0 0
0.03125 0 0
0.3125 0 0
0.03125 0 0
0.3125 0 0
0.03125 0 0
0.3125 0 0
0.03125 0 0
0.03125 0 0
0.03125 0 0
0.03125 0 0
0.03125 0 0
0.3125 0 0
0.3125 0 0
0.03125 0 0
0.3125 0 0
0.3125 0 0
0.03125 0 0
0.3125 0 0
0.3125 0 0
0.03125 0 0
0.3125 0 0
0.3125 0 0
0.3125 0 0
0.3125 0 0
0.3125 0 0
0.3125 0 0
0.3125 0 0
0.03125 0 0
0.3125 0 0
0.3125 0 0
0.03125 0 0
0.3125 0 0
0.3125 0 0
0.03125 0 0
0.3125 0 0
0.3125 0 0
0.03125 0 0
0.3125 0 0
0.3125 0 0
0.3125 0 0
0.3125 0 0
0.3125 0 0
0.3125 0 0
0.3125 0 0
0.3125 0 0
0.3125 0 0
0.3125 0 0
0.3125 0 0
0.3125 0 0
0.3125 0 0
0.3125 0 0
0.3125 0 0
0.3125 0 0
0.3125 0 0
0.03125 0 0
0.3125 0 0
0.03125 0 0
0.3125 0 0
0.03125 0 0
0.3125 0 0
0.03125 0 0
0.3125 0 0
0.03125 0 0
0.3125 0 0
0.03125 0 0
0.3125 0 0
0.03125 0 0
0.3125 0 0
0.03125 0 0
0.3125 0 0
0.03125 0 0
0.3125 0 0
0.03125 0 0
0.3125 0 0
0.03125 0 0
0.3125 0 0
0.03125 0 0
0.3125 0 0
0.03125 0 0
0.3125 0 0
0.03125 0 0
0.3125 0 0
0.03125 0 0
0.3125 0 0
0.03125 0 0
0.3125 0 0
0.03125 0 0
0.3125 0 0
0.03125 0 0
0.3125 0 0
0.03125 0 0
0.3125 0 0
0.03125 0 0
0.3125 0 0
0.03125 0 0
0.03125 0 0
0.03125 0 0
0.03125 0 0
0.03125 0 0
0.03125 0 0
0.03125 0 0
0.03125 0 0
0.03125 0 0
0.3125 0 0
0.03125 0 0
0.3125 0 0
0.03125 0 0
0.3125 0 0
0.03125 0 0
0.3125 0 0
0.3125 0 0
0.3125 0 0
0.3125 0 0
0.3125 0 0
0.3125 0 0
0.3125 0 0
0.3125 0 0
0.3125 0 0
0.3125 0 0
0.03125 0 0
0.3125 0 0
0.3125 0 0
0.03125 0 0
0.3125 0 0
0.3125 0 0
0.03125 0 0
0.3125 0 0
0.3125 0 0
0.03125 0 0
0.3125 0 0
0.3125 0 0
0.3125 0 0
0.3125 0 0
0.3125 0 0
0.3125 0 0
0.3125 0 0
0.3125 0 0
0.3125 0 0
0.25 0 0
0.25 0 0
0.25 0 0
0.25 0 0
0.25 0 0
0.25 0 0
0.25 0 0
0.25 0 0
0.25 0 0
0.25 0 0
0.25 0 0
0.25 0 0
0.25 0 0
0.25 0 0
0.25 0 0
0.25 0 0
0.25 0 0
0.25 0 0
0.25 0 0
0.25 0 0
0.25 0 0
0.25 0 0
0.25 0 0
0.25 0 0
0.25 0 0
0.25 0 0
0.25 0 0
0.25 0 0
0.25 0 0
0.25 0 0
0.25 0 0
0.25 0 0
0.25 0 0
0.25 0 0
0.25 0 0
0.25 0 0
0.25 0 0
0.25 0 0
0.25 0 0
0.25 0 0
0.25 0 0
0.25 0 0
0.25 0 0
0.25 0 0
0.25 0 0
0.25 0 0
0.25 0 0
0.25 0 0
0.25 0 0
0.25 0 0
0.25 0 0
0.25 0 0
0.25 0 0
0.25 0 0
0.25 0 0
0.25 0 0
0.25 0 0
0.25 0 0
0.25 0 0
0.25 0 0
0.25 0 0
0.25 0 0
0.25 0 0
0.25 0 0
0.25 0 0
0.25 0 0
0.25 0 0
0.25 0 0
0.25 0 0
0.25 0 0
0.25 0 0
0.25 0 0
0.25 0 0
0.25 0 0
0.25 0 0
0.25 0 0
0.25 0 0
0.25 0 0
0.25 0 0
0.25 0 0
0.25 0 0
0.25 0 0
0.25 0 0
0.25 0 0
0.25 0 0
0.25 0 0
0.25 0 0
0.25 0 0
0.25 0 0
0.25 0 0
0.25 0 0
0.25 0 0
0.25 0 0
0.25 0 0
0.25 0 0
0.25 0 0
0.25 0 0
0.25 0 0
0.25 0 0
0.25 0 0
0.25 0 0
0.25 0 0
0.25 0 0
0.25 0 0
0.25 0 0
0.25 0 0
0.25 0 0
0.25 0 0
0.25 0 0
0.25 0 0
0.25 0 0
0.25 0 0
0.25 0 0
0.25 0 0
0.25 0 0
0.25 0 0
0.25 0 0
0.25 0 0
0.25 0 0
0.25 0 0
0.25 0 0
0.25 0 0
0.25 0 0
0.25 0 0
0.25 0 0
0.25 0 0
0.25 0 0
0.25 0 0
0.25 0 0
0.25 0 0
0.25 0 0
0.25 0 0
0.25 0 0
0.25 0 0
0.25 0 0
0.25 0 0
0.25 0 0
0.25 0 0
0.25 0 0
0.25 0 0
0.25 0 0
0.25 0 0
0.25 0 0
0.25 0 0
0.25 0 0
0.25 0 0
0.25 0 0
0.25 0 0
0.25 0 0
0.25 0 0
0.25 0 0
0.25 0 0
0.25 0 0
0.25 0 0
0.25 0 0
0.25 0 0
0.25 0 0
0.25 0 0
0.25 0 0
0.25 0 0
0.25 0 0
0.25 0 0
0.25 0 0
0.25 0 0
0.25 0 0
0.25 0 0
0.25 0 0
0.25 0 0
0.25 0 0
0.25 0 0
0.25 0 0
0.25 0 0
0.25 0 0
0.25 0 0
0.25 0 0
0.25 0 0
0.25 0 0
0.25 0 0
0.25 0 0
0.25 0 0
0.25 0 0
0.25 0 0
0.25 0 0
0.25 0 0
0.25 0 0
0.25 0 0
0.25 0 0
0.25 0 0
0.25 0 0
0.25 0 0
0.25 0 0
0.25 0 0
0.25 0 0
0.25 0 0
0.25 0 0
0.25 0 0
0.25 0 0
0.25 0 0
0.25 0 0
0.25 0 0
0.25 0 0
0.25 0 0
0.25 0 0
0.25 0 0
0.25 0 0
0.25 0 0
0.25 0 0
0.25 0 0
0.25 0 0
0.25 0 0
0.25 0 0
0.25 0 0
0.25 0 0
0.25 0 0
0.25 0 0
0.25 0 0
0.25 0 0
0.25 0 0
0.25 0 0
0.25 0 0
0.25 0 0
0.25 0 0
0.25 0 0
0.25 0 0
0.25 0 0
0.25 0 0
0.25 0 0
0.25 0 0
0.25 0 0
0.25 0 0
0.25 0 0
0.25 0 0
0.25 0 0
0.25 0 0
0.25 0 0
0.25 0 0
0.25 0 0
0.25 0 0
0.25 0 0
0.25 0 0
0.25 0 0
0.25 0 0
0.25 0 0
0.25 0 0
0.25 0 0
0.25 0 0
0.25 0 0
0.25 0 0
0.25 0 0
0.25 0 0
0.25 0 0
0.25 0 0
0.25 0 0
0.25 0 0
0.25 0 0
0.25 0 0
0.25 0 0
0.25 0 0
0.25 0 0
0.25 0 0
0.25 0 0
0.25 0 0
0.25 0 0
0.25 0 0
0.25 0 0
0.25 0 0
0.25 0 0
0.25 0 0
0.25 0 0
0.25 0 0
0.25 0 0
0.25 0 0
0.25 0 0
0.25 0 0
0.25 0 0
0.25 0 0
0.25 0 0
0.25 0 0
0.25 0 0
0.25 0 0
0.25 0 0
0.25 0 0
0.25 0 0
0.25 0 0
0.25 0 0
0.25 0 0
0.25 0 0
0.25 0 0
0.25 0 0
0.25 0 0
0.25 0 0
0.25 0 0
0.25 0 0
0.25 0 0
0.25 0 0
0.25 0 0
0.25 0 0
0.25 0 0
0.25 0 0
0.25 0 0
0.25 0 0
0.25 0 0
0.25 0 0
0.25 0 0
0.25 0 0
0.25 0 0
0.25 0 0
0.25 0 0
0.25 0 0
0.25 0 0
0.25 0 0
0.25 0 0
0.25 0 0
0.25 0 0
0.25 0 0
0.25 0 0
0.25 0 0
0.25 0 0
0.25 0 0
0.25 0 0
0.25 0 0
0.25 0 0
0.25 0 0
0.25 0 0
0.25 0 0
0.25 0 0
0.25 0 0
0.25 0 0
0.25 0 0
0.25 0 0
0.25 0 0
0.25 0 0
0.25 0 0
0.25 0 0
0.25 0 0
0.25 0 0
0.25 0 0
0.25 0 0
0.25 0 0
0.25 0 0
0.25 0 0
0.25 0 0
0.25 0 0
0.25 0 0
0.25 0 0
0.25 0 0
0.25 0 0
0.25 0 0
0.25 0 0
0.25 0 0
0.25 0 0
0.25 0 0
0.25 0 0
0.25 0 0
0.25 0 0
0.25 0 0
0.25 0 0
0.25 0 0
0.25 0 0
0.25 0 0
0.25 0 0
0.25 0 0
0.25 0 0
0.25 0 0
0.25 0 0
0.25 0 0
0.25 0 0
0.25 0 0
0.25 0 0
0.25 0 0
0.25 0 0
0.25 0 0
0.25 0 0
0.25 0 0
0.25 0 0
0.25 0 0
0.25 0 0
0.25 0 0
0.25 0 0
0.25 0 0
0.25 0 0
0.25 0 0
0.25 0 0
0.4375 0 0
0.03125 0 0
0.03125 0 0
0.3125 0 0
0.3125 0 0
0.3125 0 0
0.4375 0 0
0.03125 0 0
0.03125 0 0
0.3125 0 0
0.3125 0 0
0.3125 0 0
0.4375 0 0
0.03125 0 0
0.03125 0 0
0.3125 0 0
0.3125 0 0
0.3125 0 0
0.4375 0 0
0.03125 0 0
0.03125 0 0
0.3125 0 0
0.3125 0 0
0.3125 0 0
0.4375 0 0
0.03125 0 0
0.3125 0 0
0.3125 0 0
0.3125 0 0
0.4375 0 0
0.03125 0 0
0.3125 0 0
0.3125 0 0
0.3125 0 0
0.4375 0 0
0.03125 0 0
0.3125 0 0
0.3125 0 0
0.3125 0 0
0.4375 0 0
0.03125 0 0
0.3125 0 0
0.3125 0 0
0.3125 0 0
0.4375 0 0
0.03125 0 0
0.3125 0 0
0.3125 0 0
0.3125 0 0
0.4375 0 0
0.03125 0 0
0.3125 0 0
0.3125 0 0
0.3125 0 0
0.4375 0 0
0.03125 0 0
0.3125 0 0
0.3125 0 0
0.3125 0 0
0.4375 0 0
0.03125 0 0
0.3125 0 0
0.3125 0 0
0.3125 0 0
0.4375 0 0
0.03125 0 0
0.03125 0 0
0.3125 0 0
0.3125 0 0
0.3125 0 0
0.3125 0 0
0.4375 0 0
0.03125 0 0
0.03125 0 0
0.3125 0 0
0.3125 0 0
0.3125 0 0
0.3125 0 0
0.4375 0 0
0.03125 0 0
0.03125 0 0
0.3125 0 0
0.3125 0 0
0.3125 0 0
0.3125 0 0
0.4375 0 0
0.03125 0 0
0.03125 0 0
0.3125 0 0
0.3125 0 0
0.3125 0 0
0.3125 0 0
0.4375 0 0
0.03125 0 0
0.3125 0 0
0.3125 0 0
0.3125 0 0
0.3125 0 0
0.4375 0 0
0.03125 0 0
0.3125 0 0
0.3125 0 0
0.3125 0 0
0.3125 0 0
0.4375 0 0
0.03125 0 0
0.3125 0 0
0.3125 0 0
0.3125 0 0
0.3125 0 0
0.4375 0 0
0.03125 0 0
0.3125 0 0
0.3125 0 0
0.3125 0 0
0.3125 0 0
0.4375 0 0
0.03125 0 0
0.3125 0 0
0.3125 0 0
0.3125 0 0
0.3125 0 0
0.4375 0 0
0.03125 0 0
0.3125 0 0
0.3125 0 0
0.3125 0 0
0.3125 0 0
0.4375 0 0
0.03125 0 0
0.3125 0 0
0.3125 0 0
0.25 0 0
0.3125 0 0
0.3125 0 0
0.4375 0 0
0.03125 0 0
0.3125 0 0
0.3125 0 0
0.3125 0 0
0.3125 0 0
0.3125 0 0
0.03125 0 0
0.3125 0 0
0.3125 0 0
0.3125 0 0
0.03125 0 0
0.3125 0 0
0.3125 0 0
0.3125 0 0
0.03125 0 0
0.3125 0 0
0.3125 0 0
0.3125 0 0
0.03125 0 0
0.3125 0 0
0.3125 0 0
0.3125 0 0
0.03125 0 0
0.3125 0 0
0.3125 0 0
0.3125 0 0
0.03125 0 0
0.3125 0 0
0.3125 0 0
0.3125 0 0
0.03125 0 0
0.3125 0 0
0.3125 0 0
0.3125 0 0
0.03125 0 0
0.3125 0 0
0.3125 0 0
0.3125 0 0
0.03125 0 0
0.3125 0 0
0.3125 0 0
0.3125 0 0
0.03125 0 0
0.3125 0 0
0.3125 0 0
0.3125 0 0
0.03125 0 0
0.3125 0 0
0.3125 0 0
0.3125 0 0
0.03125 0 0
0.3125 0 0
0.3125 0 0
0.03125 0 0
0.3125 0 0
0.3125 0 0
0.3125 0 0
0.03125 0 0
0.3125 0 0
0.3125 0 0
0.3125 0 0
0.03125 0 0
0.3125 0 0
0.3125 0 0
0.3125 0 0
0.03125 0 0
0.3125 0 0
0.3125 0 0
0.3125 0 0
0.4375 0 0
0.03125 0 0
0.3125 0 0
0.03125 0 0
0.3125 0 0
0.3125 0 0
0.4375 0 0
0.03125 0 0
0.3125 0 0
0.03125 0 0
0.3125 0 0
0.3125 0 0
0.4375 0 0
0.03125 0 0
0.3125 0 0
0.03125 0 0
0.3125 0 0
0.3125 0 0
0.4375 0 0
0.03125 0 0
0.3125 0 0
0.03125 0 0
0.3125 0 0
0.3125 0 0
0.03125 0 0
0.3125 0 0
0.3125 0 0
0.3125 0 0
0.03125 0 0
0.3125 0 0
0.3125 0 0
0.03125 0 0
0.3125 0 0
0.3125 0 0
0.3125 0 0
0.03125 0 0
0.3125 0 0
0.3125 0 0
0.03125 0 0
0.3125 0 0
0.3125 0 0
0.3125 0 0
0.03125 0 0
0.3125 0 0
0.3125 0 0
0.03125 0 0
0.3125 0 0
0.3125 0 0
0.3125 0 0
0.03125 0 0
0.3125 0 0
0.3125 0 0
0.03125 0 0
0.3125 0 0
0.3125 0 0
0.03125 0 0
0.3125 0 0
0.3125 0 0
0.03125 0 0
0.3125 0 0
0.3125 0 0
0.03125 0 0
0.3125 0 0
0.3125 0 0
0.03125 0 0
0.3125 0 0
0.3125 0 0
0.3125 0 0
0.03125 0 0
0.3125 0 0
0.3125 0 0
0.3125 0 0
0.03125 0 0
0.3125 0 0
0.3125 0 0
0.3125 0 0
0.03125 0 0
0.3125 0 0
0.3125 0 0
0.3125 0 0
0.4375 0 0
0.03125 0 0
0.4375 0 0
0.03125 0 0
0.4375 0 0
0.03125 0 0
0.4375 0 0
0.03125 0 0
0.3125 0 0
0.03125 0 0
0.3125 0 0
0.3125 0 0
0.03125 0 0
0.3125 0 0
0.3125 0 0
0.03125 0 0
0.3125 0 0
0.3125 0 0
0.03125 0 0
0.3125 0 0
0.3125 0 0
0.3125 0 0
0.3125 0 0
0.3125 0 0
0.3125 0 0
0.3125 0 0
0.3125 0 0
0.3125 0 0
0.3125 0 0
0.3125 0 0
0.3125 0 0
0.3125 0 0
0.3125 0 0
0.3125 0 0
0.3125 0 0
0.3125 0 0
0.3125 0 0
0.3125 0 0
0.3125 0 0
0.3125 0 0
0.3125 0 0
0.3125 0 0
0.3125 0 0
0.3125 0 0
0.03125 0 0
0.3125 0 0
0.03125 0 0
0.3125 0 0
0.3125 0 0
0.03125 0 0
0.3125 0 0
0.03125 0 0
0.3125 0 0
0.3125 0 0
0.03125 0 0
0.3125 0 0
0.03125 0 0
0.3125 0 0
0.3125 0 0
0.03125 0 0
0.3125 0 0
0.03125 0 0
0.3125 0 0
0.3125 0 0
0.03125 0 0
0.3125 0 0
0.3125 0 0
0.3125 0 0
0.03125 0 0
0.3125 0 0
0.3125 0 0
0.3125 0 0
0.03125 0 0
0.3125 0 0
0.3125 0 0
0.3125 0 0
0.03125 0 0
0.3125 0 0
0.3125 0 0
0.3125 0 0
0.03125 0 0
0.3125 0 0
0.03125 0 0
0.3125 0 0
0.03125 0 0
0.3125 0 0
0.03125 0 0
0.3125 0 0
0.03125 0 0
0.3125 0 0
0.03125 0 0
0.3125 0 0
0.03125 0 0
0.3125 0 0
0.03125 0 0
0.3125 0 0
0.03125 0 0
0.3125 0 0
0.03125 0 0
0.3125 0 0
0.03125 0 0
0.3125 0 0
0.03125 0 0
0.3125 0 0
0.03125 0 0
0.03125 0 0
0.03125 0 0
0.03125 0 0
0.03125 0 0
0.3125 0 0
0.3125 0 0
0.03125 0 0
0.3125 0 0
0.3125 0 0
0.03125 0 0
0.3125 0 0
0.3125 0 0
0.03125 0 0
0.3125 0 0
0.3125 0 0
0.3125 0 0
0.3125 0 0
0.3125 0 0
0.3125 0 0
0.3125 0 0
0.03125 0 0
0.3125 0 0
0.3125 0 0
0.03125 0 0
0.3125 0 0
0.3125 0 0
0.03125 0 0
0.3125 0 0
0.3125 0 0
0.03125 0 0
0.3125 0 0
0.3125 0 0
0.3125 0 0
0.3125 0 0
0.3125 0 0
0.3125 0 0
0.3125 0 0
0.3125 0 0
0.3125 0 0
0.3125 0 0
0.3125 0 0
0.3125 0 0
0.3125 0 0
0.3125 0 0
0.3125 0 0
0.3125 0 0
0.3125 0 0
0.03125 0 0
0.3125 0 0
0.03125 0 0
0.3125 0 0
0.03125 0 0
0.3125 0 0
0.03125 0 0
0.3125 0 0
0.03125 0 0
0.3125 0 0
0.03125 0 0
0.3125 0 0
0.03125 0 0
0.3125 0 0
0.03125 0 0
0.3125 0 0
0.03125 0 0
0.3125 0 0
0.03125 0 0
0.3125 0 0
0.03125 0 0
0.3125 0 0
0.03125 0 0
0.3125 0 0
0.03125 0 0
0.3125 0 0
0.03125 0 0
0.3125 0 0
0.03125 0 0
0.3125 0 0
0.03125 0 0
0.3125 0 0
0.03125 0 0
0.3125 0 0
0.03125 0 0
0.3125 0 0
0.03125 0 0
0.3125 0 0
0.03125 0 0
0.3125 0 0
0.03125 0 0
0.03125 0 0
0.03125 0 0
0.03125 0 0
0.03125 0 0
0.03125 0 0
0.03125 0 0
0.03125 0 0
0.03125 0 0
0.3125 0 0
0.03125 0 0
0.3125 0 0
0.03125 0 0
0.3125 0 0
0.03125 0 0
0.3125 0 0
0.3125 0 0
0.3125 0 0
0.3125 0 0
0.3125 0 0
0.3125 0 0
0.3125 0 0
0.3125 0 0
0.3125 0 0
0.3125 0 0
0.03125 0 0
0.3125 0 0
0.3125 0 0
0.03125 0 0
0.3125 0 0
0.3125 0 0
0.03125 0 0
0.3125 0 0
0.3125 0 0
0.03125 0 0
0.3125 0 0
0.3125 0 0
0.3125 0 0
0.3125 0 0
0.3125 0 0
0.3125 0 0
0.3125 0 0
0.3125 0 0
0.3125 0 0
0.25 0 0
0.25 0 0
0.25 0 0
0.25 0 0
0.25 0 0
0.25 0 0
0.25 0 0
0.25 0 0
0.25 0 0
0.25 0 0
0.25 0 0
0.25 0 0
0.25 0 0
0.25 0 0
0.25 0 0
0.25 0 0
0.25 0 0
0.25 0 0
0.25 0 0
0.25 0 0
0.25 0 0
0.25 0 0
0.25 0 0
0.25 0 0
0.25 0 0
0.25 0 0
0.25 0 0
0.25 0 0
0.25 0 0
0.25 0 0
0.25 0 0
0.25 0 0
0.25 0 0
0.25 0 0
0.25 0 0
0.25 0 0
0.25 0 0
0.25 0 0
0.25 0 0
0.25 0 0
0.25 0 0
0.25 0 0
0.25 0 0
0.25 0 0
0.25 0 0
0.25 0 0
0.25 0 0
0.25 0 0
0.25 0 0
0.25 0 0
0.25 0 0
0.25 0 0
0.25 0 0
0.25 0 0
0.25 0 0
0.25 0 0
0.25 0 0
0.25 0 0
0.25 0 0
0.25 0 0
0.25 0 0
0.25 0 0
0.25 0 0
0.25 0 0
0.25 0 0
0.25 0 0
0.25 0 0
0.25 0 0
0.25 0 0
0.25 0 0
0.25 0 0
0.25 0 0
0.25 0 0
0.25 0 0
0.25 0 0
0.25 0 0
0.25 0 0
0.25 0 0
0.25 0 0
0.25 0 0
0.25 0 0
0.25 0 0
0.25 0 0
0.25 0 0
0.25 0 0
0.25 0 0
0.25 0 0
0.25 0 0
0.25 0 0
0.25 0 0
0.25 0 0
0.25 0 0
0.25 0 0
0.25 0 0
0.25 0 0
0.25 0 0
0.25 0 0
0.25 0 0
0.25 0 0
0.25 0 0
0.25 0 0
0.25 0 0
0.25 0 0
0.25 0 0
0.25 0 0
0.25 0 0
0.25 0 0
0.25 0 0
0.25 0 0
0.25 0 0
0.25 0 0
0.25 0 0
0.25 0 0
0.25 0 0
0.25 0 0
0.25 0 0
0.25 0 0
0.25 0 0
0.25 0 0
0.25 0 0
0.25 0 0
0.25 0 0
0.25 0 0
0.25 0 0
0.25 0 0
0.25 0 0
0.25 0 0
0.25 0 0
0.25 0 0
0.25 0 0
0.25 0 0
0.25 0 0
0.25 0 0
0.25 0 0
0.25 0 0
0.25 0 0
0.25 0 0
0.25 0 0
0.25 0 0
0.25 0 0
0.25 0 0
0.25 0 0
0.25 0 0
0.25 0 0
0.25 0 0
0.25 0 0
0.25 0 0
0.25 0 0
0.25 0 0
0.25 0 0
0.25 0 0
0.25 0 0
0.25 0 0
0.25 0 0
0.25 0 0
0.25 0 0
0.25 0 0
0.25 0 0
0.25 0 0
0.25 0 0
0.25 0 0
0.25 0 0
0.25 0 0
0.25 0 0
0.25 0 0
0.25 0 0
0.25 0 0
0.25 0 0
0.25 0 0
0.25 0 0
0.25 0 0
0.25 0 0
0.25 0 0
0.25 0 0
0.25 0 0
0.25 0 0
0.25 0 0
0.25 0 0
0.25 0 0
0.25 0 0
0.25 0 0
0.25 0 0
0.25 0 0
0.25 0 0
0.25 0 0
0.25 0 0
0.25 0 0
0.25 0 0
0.25 0 0
0.25 0 0
0.25 0 0
0.25 0 0
0.25 0 0
0.25 0 0
0.25 0 0
0.25 0 0
0.25 0 0
0.25 0 0
0.25 0 0
0.25 0 0
0.25 0 0
0.25 0 0
0.25 0 0
0.25 0 0
0.25 0 0
0.25 0 0
0.25 0 0
0.25 0 0
0.25 0 0
0.25 0 0
0.25 0 0
0.25 0 0
0.25 0 0
0.25 0 0
0.25 0 0
0.25 0 0
0.25 0 0
0.25 0 0
0.25 0 0
0.25 0 0
0.25 0 0
0.25 0 0
0.25 0 0
0.25 0 0
0.25 0 0
0.25 0 0
0.25 0 0
0.25 0 0
0.25 0 0
0.25 0 0
0.25 0 0
0.25 0 0
0.25 0 0
0.25 0 0
0.25 0 0
0.25 0 0
0.25 0 0
0.25 0 0
0.25 0 0
0.25 0 0
0.25 0 0
0.25 0 0
0.25 0 0
0.25 0 0
0.25 0 0
0.25 0 0
0.25 0 0
0.25 0 0
0.25 0 0
0.25 0 0
0.25 0 0
0.25 0 0
0.25 0 0
0.25 0 0
0.25 0 0
0.25 0 0
0.25 0 0
0.25 0 0
0.25 0 0
0.25 0 0
0.25 0 0
0.25 0 0
0.25 0 0
0.25 0 0
0.25 0 0
0.25 0 0
0.25 0 0
0.25 0 0
0.25 0 0
0.25 0 0
0.25 0 0
0.25 0 0
0.25 0 0
0.25 0 0
0.25 0 0
0.25 0 0
0.25 0 0
0.25 0 0
0.25 0 0
0.25 0 0
0.25 0 0
0.25 0 0
0.25 0 0
0.25 0 0
0.25 0 0
0.25 0 0
0.25 0 0
0.25 0 0
0.25 0 0
0.25 0 0
0.25 0 0
0.25 0 0
0.25 0 0
0.25 0 0
0.25 0 0
0.25 0 0
0.25 0 0
0.25 0 0
0.25 0 0
0.25 0 0
0.25 0 0
0.25 0 0
0.25 0 0
0.25 0 0
0.25 0 0
0.25 0 0
0.25 0 0
0.25 0 0
0.25 0 0
0.25 0 0
0.25 0 0
0.25 0 0
0.25 0 0
0.25 0 0
0.25 0 0
0.25 0 0
0.25 0 0
0.25 0 0
0.25 0 0
0.25 0 0
0.25 0 0
0.25 0 0
0.25 0 0
0.25 0 0
0.25 0 0
0.25 0 0
0.25 0 0
0.25 0 0
0.25 0 0
0.25 0 0
0.25 0 0
0.25 0 0
0.25 0 0
0.25 0 0
0.25 0 0
0.25 0 0
0.25 0 0
0.25 0 0
0.25 0 0
0.25 0 0
0.25 0 0
0.25 0 0
0.25 0 0
0.25 0 0
0.25 0 0
0.25 0 0
0.25 0 0
0.25 0 0
0.25 0 0
0.25 0 0
0.25 0 0
0.25 0 0
0.25 0 0
0.25 0 0
0.25 0 0
0.25 0 0
0.25 0 0
0.25 0 0
0.25 0 0
0.25 0 0
0.25 0 0
0.25 0 0
0.25 0 0
0.25 0 0
0.25 0 0
0.25 0 0
0.25 0 0
0.25 0 0
0.25 0 0
0.25 0 0
0.25 0 0
0.25 0 0
0.25 0 0
0.25 0 0
0.25 0 0
0.25 0 0
0.25 0 0
0.25 0 0
0.25 0 0
0.25 0 0
0.25 0 0
0.25 0 0
0.25 0 0
0.4375 0 0
0.03125 0 0
0.03125 0 0
0.3125 0 0
0.3125 0 0
0.3125 0 0
0.4375 0 0
0.03125 0 0
0.03125 0 0
0.3125 0 0
0.3125 0 0
0.3125 0 0
0.4375 0 0
0.03125 0 0
0.03125 0 0
0.3125 0 0
0.3125 0 0
0.3125 0 0
0.4375 0 0
0.03125 0 0
0.03125 0 0
0.3125 0 0
0.3125 0 0
0.3125 0 0
0.4375 0 0
0.03125 0 0
0.3125 0 0
0.3125 0 0
0.3125 0 0
0.4375 0 0
0.03125 0 0
0.3125 0 0
0.3125 0 0
0.3125 0 0
0.4375 0 0
0.03125 0 0
0.3125 0 0
0.3125 0 0
0.3125 0 0
0.4375 0 0
0.03125 0 0
0.3125 0 0
0.3125 0 0
0.3125 0 0
0.4375 0 0
0.03125 0 0
0.3125 0 0
0.3125 0 0
0.3125 0 0
0.4375 0 0
0.03125 0 0
0.3125 0 0
0.3125 0 0
0.3125 0 0
0.4375 0 0
0.03125 0 0
0.3125 0 0
0.3125 0 0
0.3125 0 0
0.4375 0 0
0.03125 0 0
0.3125 0 0
0.3125 0 0
0.3125 0 0
0.4375 0 0
0.03125 0 0
0.03125 0 0
0.3125 0 0
0.3125 0 0
0.3125 0 0
0.3125 0 0
0.4375 0 0
0.03125 0 0
0.03125 0 0
0.3125 0 0
0.3125 0 0
0.3125 0 0
0.3125 0 0
0.4375 0 0
0.03125 0 0
0.03125 0 0
0.3125 0 0
0.3125 0 0
0.3125 0 0
0.3125 0 0
0.4375 0 0
0.03125 0 0
0.03125 0 0
0.3125 0 0
0.3125 0 0
0.3125 0 0
0.3125 0 0
0.4375 0 0
0.03125 0 0
0.3125 0 0
0.3125 0 0
0.3125 0 0
0.3125 0 0
0.4375 0 0
0.03125 0 0
0.3125 0 0
0.3125 0 0
0.3125 0 0
0.3125 0 0
0.4375 0 0
0.03125 0 0
0.3125 0 0
0.3125 0 0
0.3125 0 0
0.3125 0 0
0.4375 0 0
0.03125 0 0
0.3125 0 0
0.3125 0 0
0.3125 0 0
0.3125 0 0
0.4375 0 0
0.03125 0 0
0.3125 0 0
0.3125 0 0
0.3125 0 0
0.3125 0 0
0.4375 0 0
0.03125 0 0
0.3125 0 0
0.3125 0 0
0.3125 0 0
0.3125 0 0
0.4375 0 0
0.03125 0 0
0.3125 0 0
0.3125 0 0
0.25 0 0
0.3125 0 0
0.3125 0 0
0.4375 0 0
0.03125 0 0
0.3125 0 0
0.3125 0 0
0.3125 0 0
0.3125 0 0
0.3125 0 0
0.03125 0 0
0.3125 0 0
0.3125 0 0
0.3125 0 0
0.03125 0 0
0.3125 0 0
0.3125 0 0
0.3125 0 0
0.03125 0 0
0.3125 0 0
0.3125 0 0
0.3125 0 0
0.03125 0 0
0.3125 0 0
0.3125 0 0
0.3125 0 0
0.03125 0 0
0.3125 0 0
0.3125 0 0
0.3125 0 0
0.03125 0 0
0.3125 0 0
0.3125 0 0
0.3125 0 0
0.03125 0 0
0.3125 0 0
0.3125 0 0
0.3125 0 0
0.03125 0 0
0.3125 0 0
0.3125 0 0
0.3125 0 0
0.03125 0 0
0.3125 0 0
0.3125 0 0
0.3125 0 0
0.03125 0 0
0.3125 0 0
0.3125 0 0
0.3125 0 0
0.03125 0 0
0.3125 0 0
0.3125 0 0
0.3125 0 0
0.03125 0 0
0.3125 0 0
0.3125 0 0
0.03125 0 0
0.3125 0 0
0.3125 0 0
0.3125 0 0
0.03125 0 0
0.3125 0 0
0.3125 0 0
0.3125 0 0
0.03125 0 0
0.3125 0 0
0.3125 0 0
0.3125 0 0
0.03125 0 0
0.3125 0 0
0.3125 0 0
0.3125 0 0
0.4375 0 0
0.03125 0 0
0.3125 0 0
0.03125 0 0
0.3125 0 0
0.3125 0 0
0.4375 0 0
0.03125 0 0
0.3125 0 0
0.03125 0 0
0.3125 0 0
0.3125 0 0
0.4375 0 0
0.03125 0 0
0.3125 0 0
0.03125 0 0
0.3125 0 0
0.3125 0 0
0.4375 0 0
0.03125 0 0
0.3125 0 0
0.03125 0 0
0.3125 0 0
0.3125 0 0
0.03125 0 0
0.3125 0 0
0.3125 0 0
0.3125 0 0
0.03125 0 0
0.3125 0 0
0.3125 0 0
0.03125 0 0
0.3125 0 0
0.3125 0 0
0.3125 0 0
0.03125 0 0
0.3125 0 0
0.3125 0 0
0.03125 0 0
0.3125 0 0
0.3125 0 0
0.3125 0 0
0.03125 0 0
0.3125 0 0
0.3125 0 0
0.03125 0 0
0.3125 0 0
0.3125 0 0
0.3125 0 0
0.03125 0 0
0.3125 0 0
0.3125 0 0
0.03125 0 0
0.3125 0 0
0.3125 0 0
0.03125 0 0
0.3125 0 0
0.3125 0 0
0.03125 0 0
0.3125 0 0
0.3125 0 0
0.03125 0 0
0.3125 0 0
0.3125 0 0
0.03125 0 0
0.3125 0 0
0.3125 0 0
0.3125 0 0
0.03125 0 0
0.3125 0 0
0.3125 0 0
0.3125 0 0
0.03125 0 0
0.3125 0 0
0.3125 0 0
0.3125 0 0
0.03125 0 0
0.3125 0 0
0.3125 0 0
0.3125 0 0
0.4375 0 0
0.03125 0 0
0.4375 0 0
0.03125 0 0
0.4375 0 0
0.03125 0 0
0.4375 0 0
0.03125 0 0
0.3125 0 0
0.03125 0 0
0.3125 0 0
0.3125 0 0
0.03125 0 0
0.3125 0 0
0.3125 0 0
0.03125 0 0
0.3125 0 0
0.3125 0 0
0.03125 0 0
0.3125 0 0
0.3125 0 0
0.3125 0 0
0.3125 0 0
0.3125 0 0
0.3125 0 0
0.3125 0 0
0.3125 0 0
0.3125 0 0
0.3125 0 0
0.3125 0 0
0.3125 0 0
0.3125 0 0
0.3125 0 0
0.3125 0 0
0.3125 0 0
0.3125 0 0
0.3125 0 0
0.3125 0 0
0.3125 0 0
0.3125 0 0
0.3125 0 0
0.3125 0 0
0.3125 0 0
0.3125 0 0
0.03125 0 0
0.3125 0 0
0.03125 0 0
0.3125 0 0
0.3125 0 0
0.03125 0 0
0.3125 0 0
0.03125 0 0
0.3125 0 0
0.3125 0 0
0.03125 0 0
0.3125 0 0
0.03125 0 0
0.3125 0 0
0.3125 0 0
0.03125 0 0
0.3125 0 0
0.03125 0 0
0.3125 0 0
0.3125 0 0
0.03125 0 0
0.3125 0 0
0.3125 0 0
0.3125 0 0
0.03125 0 0
0.3125 0 0
0.3125 0 0
0.3125 0 0
0.03125 0 0
0.3125 0 0
0.3125 0 0
0.3125 0 0
0.03125 0 0
0.3125 0 0
0.3125 0 0
0.3125 0 0
0.03125 0 0
0.3125 0 0
0.03125 0 0
0.3125 0 0
0.03125 0 0
0.3125 0 0
0.03125 0 0
0.3125 0 0
0.03125 0 0
0.3125 0 0
0.03125 0 0
0.3125 0 0
0.03125 0 0
0.3125 0 0
0.03125 0 0
0.3125 0 0
0.03125 0 0
0.3125 0 0
0.03125 0 0
0.3125 0 0
0.03125 0 0
0.3125 0 0
0.03125 0 0
0.3125 0 0
0.03125 0 0
0.03125 0 0
0.03125 0 0
0.03125 0 0
0.03125 0 0
0.3125 0 0
0.3125 0 0
0.03125 0 0
0.3125 0 0
0.3125 0 0
0.03125 0 0
0.3125 0 0
0.3125 0 0
0.03125 0 0
0.3125 0 0
0.3125 0 0
0.3125 0 0
0.3125 0 0
0.3125 0 0
0.3125 0 0
0.3125 0 0
0.03125 0 0
0.3125 0 0
0.3125 0 0
0.03125 0 0
0.3125 0 0
0.3125 0 0
0.03125 0 0
0.3125 0 0
0.3125 0 0
0.03125 0 0
0.3125 0 0
0.3125 0 0
0.3125 0 0
0.3125 0 0
0.3125 0 0
0.3125 0 0
0.3125 0 0
0.3125 0 0
0.3125 0 0
0.3125 0 0
0.3125 0 0
0.3125 0 0
0.3125 0 0
0.3125 0 0
0.3125 0 0
0.3125 0 0
0.3125 0 0
0.03125 0 0
0.3125 0 0
0.03125 0 0
0.3125 0 0
0.03125 0 0
0.3125 0 0
0.03125 0 0
0.3125 0 0
0.03125 0 0
0.3125 0 0
0.03125 0 0
0.3125 0 0
0.03125 0 0
0.3125 0 0
0.03125 0 0
0.3125 0 0
0.03125 0 0
0.3125 0 0
0.03125 0 0
0.3125 0 0
0.03125 0 0
0.3125 0 0
0.03125 0 0
0.3125 0 0
0.03125 0 0
0.3125 0 0
0.03125 0 0
0.3125 0 0
0.03125 0 0
0.3125 0 0
0.03125 0 0
0.3125 0 0
0.03125 0 0
0.3125 0 0
0.03125 0 0
0.3125 0 0
0.03125 0 0
0.3125 0 0
0.03125 0 0
0.3125 0 0
0.03125 0 0
0.03125 0 0
0.03125 0 0
0.03125 0 0
0.03125 0 0
0.03125 0 0
0.03125 0 0
0.03125 0 0
0.03125 0 0
0.3125 0 0
0.03125 0 0
0.3125 0 0
0.03125 0 0
0.3125 0 0
0.03125 0 0
0.3125 0 0
0.3125 0 0
0.3125 0 0
0.3125 0 0
0.3125 0 0
0.3125 0 0
0.3125 0 0
0.3125 0 0
0.3125 0 0
0.3125 0 0
0.03125 0 0
0.3125 0 0
0.3125 0 0
0.03125 0 0
0.3125 0 0
0.3125 0 0
0.03125 0 0
0.3125 0 0
0.3125 0 0
0.03125 0 0
0.3125 0 0
0.3125 0 0
0.3125 0 0
0.3125 0 0
0.3125 0 0
0.3125 0 0
0.3125 0 0
0.3125 0 0
0.3125 0 0
0.25 0 0
0.25 0 0
0.25 0 0
0.25 0 0
0.25 0 0
0.25 0 0
0.25 0 0
0.25 0 0
0.25 0 0
0.25 0 0
0.25 0 0
0.25 0 0
0.25 0 0
0.25 0 0
0.25 0 0
0.25 0 0
0.25 0 0
0.25 0 0
0.25 0 0
0.25 0 0
0.25 0 0
0.25 0 0
0.25 0 0
0.25 0 0
0.25 0 0
0.25 0 0
0.25 0 0
0.25 0 0
0.25 0 0
0.25 0 0
0.25 0 0
0.25 0 0
0.25 0 0
0.25 0 0
0.25 0 0
0.25 0 0
0.25 0 0
0.25 0 0
0.25 0 0
0.25 0 0
0.25 0 0
0.25 0 0
0.25 0 0
0.25 0 0
0.25 0 0
0.25 0 0
0.25 0 0
0.25 0 0
0.25 0 0
0.25 0 0
0.25 0 0
0.25 0 0
0.25 0 0
0.25 0 0
0.25 0 0
0.25 0 0
0.25 0 0
0.25 0 0
0.25 0 0
0.25 0 0
0.25 0 0
0.25 0 0
0.25 0 0
0.25 0 0
0.25 0 0
0.25 0 0
0.25 0 0
0.25 0 0
0.25 0 0
0.25 0 0
0.25 0 0
0.25 0 0
0.25 0 0
0.25 0 0
0.25 0 0
0.25 0 0
0.25 0 0
0.25 0 0
0.25 0 0
0.25 0 0
0.25 0 0
0.25 0 0
0.25 0 0
0.25 0 0
0.25 0 0
0.25 0 0
0.25 0 0
0.25 0 0
0.25 0 0
0.25 0 0
0.25 0 0
0.25 0 0
0.25 0 0
0.25 0 0
0.25 0 0
0.25 0 0
0.25 0 0
0.25 0 0
0.25 0 0
0.25 0 0
0.25 0 0
0.25 0 0
0.25 0 0
0.25 0 0
0.25 0 0
0.25 0 0
0.25 0 0
0.25 0 0
0.25 0 0
0.25 0 0
0.25 0 0
0.25 0 0
0.25 0 0
0.25 0 0
0.25 0 0
0.25 0 0
0.25 0 0
0.25 0 0
0.25 0 0
0.25 0 0
0.25 0 0
0.25 0 0
0.25 0 0
0.25 0 0
0.25 0 0
0.25 0 0
0.25 0 0
0.25 0 0
0.25 0 0
0.25 0 0
0.25 0 0
0.25 0 0
0.25 0 0
0.25 0 0
0.25 0 0
0.25 0 0
0.25 0 0
0.25 0 0
0.25 0 0
0.25 0 0
0.25 0 0
0.25 0 0
0.25 0 0
0.25 0 0
0.25 0 0
0.25 0 0
0.25 0 0
0.25 0 0
0.25 0 0
0.25 0 0
0.25 0 0
0.25 0 0
0.25 0 0
0.25 0 0
0.25 0 0
0.25 0 0
0.25 0 0
0.25 0 0
0.25 0 0
0.25 0 0
0.25 0 0
0.25 0 0
0.25 0 0
0.25 0 0
0.25 0 0
0.25 0 0
0.25 0 0
0.25 0 0
0.25 0 0
0.25 0 0
0.25 0 0
0.25 0 0
0.25 0 0
0.25 0 0
0.25 0 0
0.25 0 0
0.25 0 0
0.25 0 0
0.25 0 0
0.25 0 0
0.25 0 0
0.25 0 0
0.25 0 0
0.25 0 0
0.25 0 0
0.25 0 0
0.25 0 0
0.25 0 0
0.25 0 0
0.25 0 0
0.25 0 0
0.25 0 0
0.25 0 0
0.25 0 0
0.25 0 0
0.25 0 0
0.25 0 0
0.25 0 0
0.25 0 0
0.25 0 0
0.25 0 0
0.25 0 0
0.25 0 0
0.25 0 0
0.25 0 0
0.25 0 0
0.25 0 0
0.25 0 0
0.25 0 0
0.25 0 0
0.25 0 0
0.25 0 0
0.25 0 0
0.25 0 0
0.25 0 0
0.25 0 0
0.25 0 0
0.25 0 0
0.25 0 0
0.25 0 0
0.25 0 0
0.25 0 0
0.25 0 0
0.25 0 0
0.25 0 0
0.25 0 0
0.25 0 0
0.25 0 0
0.25 0 0
0.25 0 0
0.25 0 0
0.25 0 0
0.25 0 0
0.25 0 0
0.25 0 0
0.25 0 0
0.25 0 0
0.25 0 0
0.25 0 0
0.25 0 0
0.25 0 0
0.25 0 0
0.25 0 0
0.25 0 0
0.25 0 0
0.25 0 0
0.25 0 0
0.25 0 0
0.25 0 0
0.25 0 0
0.25 0 0
0.25 0 0
0.25 0 0
0.25 0 0
0.25 0 0
0.25 0 0
0.25 0 0
0.25 0 0
0.25 0 0
0.25 0 0
0.25 0 0
0.25 0 0
0.25 0 0
0.25 0 0
0.25 0 0
0.25 0 0
0.25 0 0
0.25 0 0
0.25 0 0
0.25 0 0
0.25 0 0
0.25 0 0
0.25 0 0
0.25 0 0
0.25 0 0
0.25 0 0
0.25 0 0
0.25 0 0
0.25 0 0
0.25 0 0
0.25 0 0
0.25 0 0
0.25 0 0
0.25 0 0
0.25 0 0
0.25 0 0
0.25 0 0
0.25 0 0
0.25 0 0
0.25 0 0
0.25 0 0
0.25 0 0
0.25 0 0
0.25 0 0
0.25 0 0
0.25 0 0
0.25 0 0
0.25 0 0
0.25 0 0
0.25 0 0
0.25 0 0
0.25 0 0
0.25 0 0
0.25 0 0
0.25 0 0
0.25 0 0
0.25 0 0
0.25 0 0
0.25 0 0
0.25 0 0
0.25 0 0
0.25 0 0
0.25 0 0
0.25 0 0
0.25 0 0
0.25 0 0
0.25 0 0
0.25 0 0
0.25 0 0
0.25 0 0
0.25 0 0
0.25 0 0
0.25 0 0
0.25 0 0
0.25 0 0
0.25 0 0
0.25 0 0
0.25 0 0
0.25 0 0
0.25 0 0
0.25 0 0
0.25 0 0
0.25 0 0
0.25 0 0
0.25 0 0
0.25 0 0
0.25 0 0
0.25 0 0
0.25 0 0
0.25 0 0
0.25 0 0
0.25 0 0
0.25 0 0
0.25 0 0
0.25 0 0
0.25 0 0
0.25 0 0
0.25 0 0
0.25 0 0
0.25 0 0
0.25 0 0
0.25 0 0
0.25 0 0
0.25 0 0
0.25 0 0
0.25 0 0
0.25 0 0
0.25 0 0
0.25 0 0
0.25 0 0
0.25 0 0
0.25 0 0
0.25 0 0
0.25 0 0
0.25 0 0
0.25 0 0
0.25 0 0
0.25 0 0
0.25 0 0
0.25 0 0
0.25 0 0
0.25 0 0
0.25 0 0
0.25 0 0
0.25 0 0
0.25 0 0
0.25 0 0
0.25 0 0
0.25 0 0
0.25 0 0
0.25 0 0
0.25 0 0
0.25 0 0
0.4375 0 0
0.03125 0 0
0.03125 0 0
0.3125 0 0
0.3125 0 0
0.3125 0 0
0.4375 0 0
0.03125 0 0
0.03125 0 0
0.3125 0 0
0.3125 0 0
0.3125 0 0
0.4375 0 0
0.03125 0 0
0.03125 0 0
0.3125 0 0
0.3125 0 0
0.3125 0 0
0.4375 0 0
0.03125 0 0
0.03125 0 0
0.3125 0 0
0.3125 0 0
0.3125 0 0
0.4375 0 0
0.03125 0 0
0.3125 0 0
0.3125 0 0
0.3125 0 0
0.4375 0 0
0.03125 0 0
0.3125 0 0
0.3125 0 0
0.3125 0 0
0.4375 0 0
0.03125 0 0
0.3125 0 0
0.3125 0 0
0.3125 0 0
0.4375 0 0
0.03125 0 0
0.3125 0 0
0.3125 0 0
0.3125 0 0
0.4375 0 0
0.03125 0 0
0.3125 0 0
0.3125 0 0
0.3125 0 0
0.4375 0 0
0.03125 0 0
0.3125 0 0
0.3125 0 0
0.3125 0 0
0.4375 0 0
0.03125 0 0
0.3125 0 0
0.3125 0 0
0.3125 0 0
0.4375 0 0
0.03125 0 0
0.3125 0 0
0.3125 0 0
0.3125 0 0
0.4375 0 0
0.03125 0 0
0.03125 0 0
0.3125 0 0
0.3125 0 0
0.3125 0 0
0.3125 0 0
0.4375 0 0
0.03125 0 0
0.03125 0 0
0.3125 0 0
0.3125 0 0
0.3125 0 0
0.3125 0 0
0.4375 0 0
0.03125 0 0
0.03125 0 0
0.3125 0 0
0.3125 0 0
0.3125 0 0
0.3125 0 0
0.4375 0 0
0.03125 0 0
0.03125 0 0
0.3125 0 0
0.3125 0 0
0.3125 0 0
0.3125 0 0
0.4375 0 0
0.03125 0 0
0.3125 0 0
0.3125 0 0
0.3125 0 0
0.3125 0 0
0.4375 0 0
0.03125 0 0
0.3125 0 0
0.3125 0 0
0.3125 0 0
0.3125 0 0
0.4375 0 0
0.03125 0 0
0.3125 0 0
0.3125 0 0
0.3125 0 0
0.3125 0 0
0.4375 0 0
0.03125 0 0
0.3125 0 0
0.3125 0 0
0.3125 0 0
0.3125 0 0
0.4375 0 0
0.03125 0 0
0.3125 0 0
0.3125 0 0
0.3125 0 0
0.3125 0 0
0.4375 0 0
0.03125 0 0
0.3125 0 0
0.3125 0 0
0.3125 0 0
0.3125 0 0
0.4375 0 0
0.03125 0 0
0.3125 0 0
0.3125 0 0
0.25 0 0
0.3125 0 0
0.3125 0 0
0.4375 0 0
0.03125 0 0
0.3125 0 0
0.3125 0 0
0.3125 0 0
0.3125 0 0
0.3125 0 0
0.03125 0 0
0.3125 0 0
0.3125 0 0
0.3125 0 0
0.03125 0 0
0.3125 0 0
0.3125 0 0
0.3125 0 0
0.03125 0 0
0.3125 0 0
0.3125 0 0
0.3125 0 0
0.03125 0 0
0.3125 0 0
0.3125 0 0
0.3125 0 0
0.03125 0 0
0.3125 0 0
0.3125 0 0
0.3125 0 0
0.03125 0 0
0.3125 0 0
0.3125 0 0
0.3125 0 0
0.03125 0 0
0.3125 0 0
0.3125 0 0
0.3125 0 0
0.03125 0 0
0.3125 0 0
0.3125 0 0
0.3125 0 0
0.03125 0 0
0.3125 0 0
0.3125 0 0
0.3125 0 0
0.03125 0 0
0.3125 0 0
0.3125 0 0
0.3125 0 0
0.03125 0 0
0.3125 0 0
0.3125 0 0
0.3125 0 0
0.03125 0 0
0.3125 0 0
0.3125 0 0
0.03125 0 0
0.3125 0 0
0.3125 0 0
0.3125 0 0
0.03125 0 0
0.3125 0 0
0.3125 0 0
0.3125 0 0
0.03125 0 0
0.3125 0 0
0.3125 0 0
0.3125 0 0
0.03125 0 0
0.3125 0 0
0.3125 0 0
0.3125 0 0
0.4375 0 0
0.03125 0 0
0.3125 0 0
0.03125 0 0
0.3125 0 0
0.3125 0 0
0.4375 0 0
0.03125 0 0
0.3125 0 0
0.03125 0 0
0.3125 0 0
0.3125 0 0
0.4375 0 0
0.03125 0 0
0.3125 0 0
0.03125 0 0
0.3125 0 0
0.3125 0 0
0.4375 0 0
0.03125 0 0
0.3125 0 0
0.03125 0 0
0.3125 0 0
0.3125 0 0
0.03125 0 0
0.3125 0 0
0.3125 0 0
0.3125 0 0
0.03125 0 0
0.3125 0 0
0.3125 0 0
0.03125 0 0
0.3125 0 0
0.3125 0 0
0.3125 0 0
0.03125 0 0
0.3125 0 0
0.3125 0 0
0.03125 0 0
0.3125 0 0
0.3125 0 0
0.3125 0 0
0.03125 0 0
0.3125 0 0
0.3125 0 0
0.03125 0 0
0.3125 0 0
0.3125 0 0
0.3125 0 0
0.03125 0 0
0.3125 0 0
0.3125 0 0
0.03125 0 0
0.3125 0 0
0.3125 0 0
0.03125 0 0
0.3125 0 0
0.3125 0 0
0.03125 0 0
0.3125 0 0
0.3125 0 0
0.03125 0 0
0.3125 0 0
0.3125 0 0
0.03125 0 0
0.3125 0 0
0.3125 0 0
0.3125 0 0
0.03125 0 0
0.3125 0 0
0.3125 0 0
0.3125 0 0
0.03125 0 0
0.3125 0 0
0.3125 0 0
0.3125 0 0
0.03125 0 0
0.3125 0 0
0.3125 0 0
0.3125 0 0
0.4375 0 0
0.03125 0 0
0.4375 0 0
0.03125 0 0
0.4375 0 0
0.03125 0 0
0.4375 0 0
0.03125 0 0
0.3125 0 0
0.03125 0 0
0.3125 0 0
0.3125 0 0
0.03125 0 0
0.3125 0 0
0.3125 0 0
0.03125 0 0
0.3125 0 0
0.3125 0 0
0.03125 0 0
0.3125 0 0
0.3125 0 0
0.3125 0 0
0.3125 0 0
0.3125 0 0
0.3125 0 0
0.3125 0 0
0.3125 0 0
0.3125 0 0
0.3125 0 0
0.3125 0 0
0.3125 0 0
0.3125 0 0
0.3125 0 0
0.3125 0 0
0.3125 0 0
0.3125 0 0
0.3125 0 0
0.3125 0 0
0.3125 0 0
0.3125 0 0
0.3125 0 0
0.3125 0 0
0.3125 0 0
0.3125 0 0
0.03125 0 0
0.3125 0 0
0.03125 0 0
0.3125 0 0
0.3125 0 0
0.03125 0 0
0.3125 0 0
0.03125 0 0
0.3125 0 0
0.3125 0 0
0.03125 0 0
0.3125 0 0
0.03125 0 0
0.3125 0 0
0.3125 0 0
0.03125 0 0
0.3125 0 0
0.03125 0 0
0.3125 0 0
0.3125 0 0
0.03125 0 0
0.3125 0 0
0.3125 0 0
0.3125 0 0
0.03125 0 0
0.3125 0 0
0.3125 0 0
0.3125 0 0
0.03125 0 0
0.3125 0 0
0.3125 0 0
0.3125 0 0
0.03125 0 0
0.3125 0 0
0.3125 0 0
0.3125 0 0
0.03125 0 0
0.3125 0 0
0.03125 0 0
0.3125 0 0
0.03125 0 0
0.3125 0 0
0.03125 0 0
0.3125 0 0
0.03125 0 0
0.3125 0 0
0.03125 0 0
0.3125 0 0
0.03125 0 0
0.3125 0 0
0.03125 0 0
0.3125 0 0
0.03125 0 0
0.3125 0 0
0.03125 0 0
0.3125 0 0
0.03125 0 0
0.3125 0 0
0.03125 0 0
0.3125 0 0
0.03125 0 0
0.03125 0 0
0.03125 0 0
0.03125 0 0
0.03125 0 0
0.3125 0 0
0.3125 0 0
0.03125 0 0
0.3125 0 0
0.3125 0 0
0.03125 0 0
0.3125 0 0
0.3125 0 0
0.03125 0 0
0.3125 0 0
0.3125 0 0
0.3125 0 0
0.3125 0 0
0.3125 0 0
0.3125 0 0
0.3125 0 0
0.03125 0 0
0.3125 0 0
0.3125 0 0
0.03125 0 0
0.3125 0 0
0.3125 0 0
0.03125 0 0
0.3125 0 0
0.3125 0 0
0.03125 0 0
0.3125 0 0
0.3125 0 0
0.3125 0 0
0.3125 0 0
0.3125 0 0
0.3125 0 0
0.3125 0 0
0.3125 0 0
0.3125 0 0
0.3125 0 0
0.3125 0 0
0.3125 0 0
0.3125 0 0
0.3125 0 0
0.3125 0 0
0.3125 0 0
0.3125 0 0
0.03125 0 0
0.3125 0 0
0.03125 0 0
0.3125 0 0
0.03125 0 0
0.3125 0 0
0.03125 0 0
0.3125 0 0
0.03125 0 0
0.3125 0 0
0.03125 0 0
0.3125 0 0
0.03125 0 0
0.3125 0 0
0.03125 0 0
0.3125 0 0
0.03125 0 0
0.3125 0 0
0.03125 0 0
0.3125 0 0
0.03125 0 0
0.3125 0 0
0.03125 0 0
0.3125 0 0
0.03125 0 0
0.3125 0 0
0.03125 0 0
0.3125 0 0
0.03125 0 0
0.3125 0 0
0.03125 0 0
0.3125 0 0
0.03125 0 0
0.3125 0 0
0.03125 0 0
0.3125 0 0
0.03125 0 0
0.3125 0 0
0.03125 0 0
0.3125 0 0
0.03125 0 0
0.03125 0 0
0.03125 0 0
0.03125 0 0
0.03125 0 0
0.03125 0 0
0.03125 0 0
0.03125 0 0
0.03125 0 0
0.3125 0 0
0.03125 0 0
0.3125 0 0
0.03125 0 0
0.3125 0 0
0.03125 0 0
0.3125 0 0
0.3125 0 0
0.3125 0 0
0.3125 0 0
0.3125 0 0
0.3125 0 0
0.3125 0 0
0.3125 0 0
0.3125 0 0
0.3125 0 0
0.03125 0 0
0.3125 0 0
0.3125 0 0
0.03125 0 0
0.3125 0 0
0.3125 0 0
0.03125 0 0
0.3125 0 0
0.3125 0 0
0.03125 0 0
0.3125 0 0
0.3125 0 0
0.3125 0 0
0.3125 0 0
0.3125 0 0
0.3125 0 0
0.3125 0 0
0.3125 0 0
0.3125 0 0
0.25 0 0
0.25 0 0
0.25 0 0
0.25 0 0
0.25 0 0
0.25 0 0
0.25 0 0
0.25 0 0
0.25 0 0
0.25 0 0
0.25 0 0
0.25 0 0
0.25 0 0
0.25 0 0
0.25 0 0
0.25 0 0
0.25 0 0
0.25 0 0
0.25 0 0
0.25 0 0
0.25 0 0
0.25 0 0
0.25 0 0
0.25 0 0
0.25 0 0
0.25 0 0
0.25 0 0
0.25 0 0
0.25 0 0
0.25 0 0
0.25 0 0
0.25 0 0
0.25 0 0
0.25 0 0
0.25 0 0
0.25 0 0
0.25 0 0
0.25 0 0
0.25 0 0
0.25 0 0
0.25 0 0
0.25 0 0
0.25 0 0
0.25 0 0
0.25 0 0
0.25 0 0
0.25 0 0
0.25 0 0
0.25 0 0
0.25 0 0
0.25 0 0
0.25 0 0
0.25 0 0
0.25 0 0
0.25 0 0
0.25 0 0
0.25 0 0
0.25 0 0
0.25 0 0
0.25 0 0
0.25 0 0
0.25 0 0
0.25 0 0
0.25 0 0
0.25 0 0
0.25 0 0
0.25 0 0
0.25 0 0
0.25 0 0
0.25 0 0
0.25 0 0
0.25 0 0
0.25 0 0
0.25 0 0
0.25 0 0
0.25 0 0
0.25 0 0
0.25 0 0
0.25 0 0
0.25 0 0
0.25 0 0
0.25 0 0
0.25 0 0
0.25 0 0
0.25 0 0
0.25 0 0
0.25 0 0
0.25 0 0
0.25 0 0
0.25 0 0
0.25 0 0
0.25 0 0
0.25 0 0
0.25 0 0
0.25 0 0
0.25 0 0
0.25 0 0
0.25 0 0
0.25 0 0
0.25 0 0
0.25 0 0
0.25 0 0
0.25 0 0
0.25 0 0
0.25 0 0
0.25 0 0
0.25 0 0
0.25 0 0
0.25 0 0
0.25 0 0
0.25 0 0
0.25 0 0
0.25 0 0
0.25 0 0
0.25 0 0
0.25 0 0
0.25 0 0
0.25 0 0
0.25 0 0
0.25 0 0
0.25 0 0
0.25 0 0
0.25 0 0
0.25 0 0
0.25 0 0
0.25 0 0
0.25 0 0
0.25 0 0
0.25 0 0
0.25 0 0
0.25 0 0
0.25 0 0
0.25 0 0
0.25 0 0
0.25 0 0
0.25 0 0
0.25 0 0
0.25 0 0
0.25 0 0
0.25 0 0
0.25 0 0
0.25 0 0
0.25 0 0
0.25 0 0
0.25 0 0
0.25 0 0
0.25 0 0
0.25 0 0
0.25 0 0
0.25 0 0
0.25 0 0
0.25 0 0
0.25 0 0
0.25 0 0
0.25 0 0
0.25 0 0
0.25 0 0
0.25 0 0
0.25 0 0
0.25 0 0
0.25 0 0
0.25 0 0
0.25 0 0
0.25 0 0
0.25 0 0
0.25 0 0
0.25 0 0
0.25 0 0
0.25 0 0
0.25 0 0
0.25 0 0
0.25 0 0
0.25 0 0
0.25 0 0
0.25 0 0
0.25 0 0
0.25 0 0
0.25 0 0
0.25 0 0
0.25 0 0
0.25 0 0
0.25 0 0
0.25 0 0
0.25 0 0
0.25 0 0
0.25 0 0
0.25 0 0
0.25 0 0
0.25 0 0
0.25 0 0
0.25 0 0
0.25 0 0
0.25 0 0
0.25 0 0
0.25 0 0
0.25 0 0
0.25 0 0
0.25 0 0
0.25 0 0
0.25 0 0
0.25 0 0
0.25 0 0
0.25 0 0
0.25 0 0
0.25 0 0
0.25 0 0
0.25 0 0
0.25 0 0
0.25 0 0
0.25 0 0
0.25 0 0
0.25 0 0
0.25 0 0
0.25 0 0
0.25 0 0
0.25 0 0
0.25 0 0
0.25 0 0
0.25 0 0
0.25 0 0
0.25 0 0
0.25 0 0
0.25 0 0
0.25 0 0
0.25 0 0
0.25 0 0
0.25 0 0
0.25 0 0
0.25 0 0
0.25 0 0
0.25 0 0
0.25 0 0
0.25 0 0
0.25 0 0
0.25 0 0
0.25 0 0
0.25 0 0
0.25 0 0
0.25 0 0
0.25 0 0
0.25 0 0
0.25 0 0
0.25 0 0
0.25 0 0
0.25 0 0
0.25 0 0
0.25 0 0
0.25 0 0
0.25 0 0
0.25 0 0
0.25 0 0
0.25 0 0
0.25 0 0
0.25 0 0
0.25 0 0
0.25 0 0
0.25 0 0
0.25 0 0
0.25 0 0
0.25 0 0
0.25 0 0
0.25 0 0
0.25 0 0
0.25 0 0
0.25 0 0
0.25 0 0
0.25 0 0
0.25 0 0
0.25 0 0
0.25 0 0
0.25 0 0
0.25 0 0
0.25 0 0
0.25 0 0
0.25 0 0
0.25 0 0
0.25 0 0
0.25 0 0
0.25 0 0
0.25 0 0
0.25 0 0
0.25 0 0
0.25 0 0
0.25 0 0
0.25 0 0
0.25 0 0
0.25 0 0
0.25 0 0
0.25 0 0
0.25 0 0
0.25 0 0
0.25 0 0
0.25 0 0
0.25 0 0
0.25 0 0
0.25 0 0
0.25 0 0
0.25 0 0
0.25 0 0
0.25 0 0
0.25 0 0
0.25 0 0
0.25 0 0
0.25 0 0
0.25 0 0
0.25 0 0
0.25 0 0
0.25 0 0
0.25 0 0
0.25 0 0
0.25 0 0
0.25 0 0
0.25 0 0
0.25 0 0
0.25 0 0
0.25 0 0
0.25 0 0
0.25 0 0
0.25 0 0
0.25 0 0
0.25 0 0
0.25 0 0
0.25 0 0
0.25 0 0
0.25 0 0
0.25 0 0
0.25 0 0
0.25 0 0
0.25 0 0
0.25 0 0
0.25 0 0
0.25 0 0
0.25 0 0
0.25 0 0
0.25 0 0
0.25 0 0
0.25 0 0
0.25 0 0
0.25 0 0
0.25 0 0
0.25 0 0
0.25 0 0
0.25 0 0
0.25 0 0
0.25 0 0
0.25 0 0
0.25 0 0
0.25 0 0
0.25 0 0
0.25 0 0
0.25 0 0
0.25 0 0
0.25 0 0
0.25 0 0
0.25 0 0
0.25 0 0
0.25 0 0
0.25 0 0
0.25 0 0
0.25 0 0
0.25 0 0
0.25 0 0
0.25 0 0
0.25 0 0
0.25 0 0
0.25 0 0
0.25 0 0
0.25 0 0
0.25 0 0
0.25 0 0
0.25 0 0
0.25 0 0
0.25 0 0
0.25 0 0
0.25 0 0
0.25 0 0
0.25 0 0
0.25 0 0
0.25 0 0
0.25 0 0
0.25 0 0
0.25 0 0
0.25 0 0
0.4375 0 0
0.03125 0 0
0.03125 0 0
0.3125 0 0
0.3125 0 0
0.3125 0 0
0.4375 0 0
0.03125 0 0
0.03125 0 0
0.3125 0 0
0.3125 0 0
0.3125 0 0
0.4375 0 0
0.03125 0 0
0.03125 0 0
0.3125 0 0
0.3125 0 0
0.3125 0 0
0.4375 0 0
0.03125 0 0
0.03125 0 0
0.3125 0 0
0.3125 0 0
0.3125 0 0
0.4375 0 0
0.03125 0 0
0.3125 0 0
0.3125 0 0
0.3125 0 0
0.4375 0 0
0.03125 0 0
0.3125 0 0
0.3125 0 0
0.3125 0 0
0.4375 0 0
0.03125 0 0
0.3125 0 0
0.3125 0 0
0.3125 0 0
0.4375 0 0
0.03125 0 0
0.3125 0 0
0.3125 0 0
0.3125 0 0
0.4375 0 0
0.03125 0 0
0.3125 0 0
0.3125 0 0
0.3125 0 0
0.4375 0 0
0.03125 0 0
0.3125 0 0
0.3125 0 0
0.3125 0 0
0.4375 0 0
0.03125 0 0
0.3125 0 0
0.3125 0 0
0.3125 0 0
0.4375 0 0
0.03125 0 0
0.3125 0 0
0.3125 0 0
0.3125 0 0
0.4375 0 0
0.03125 0 0
0.03125 0 0
0.3125 0 0
0.3125 0 0
0.3125 0 0
0.3125 0 0
0.4375 0 0
0.03125 0 0
0.03125 0 0
0.3125 0 0
0.3125 0 0
0.3125 0 0
0.3125 0 0
0.4375 0 0
0.03125 0 0
0.03125 0 0
0.3125 0 0
0.3125 0 0
0.3125 0 0
0.3125 0 0
0.4375 0 0
0.03125 0 0
0.03125 0 0
0.3125 0 0
0.3125 0 0
0.3125 0 0
0.3125 0 0
0.4375 0 0
0.03125 0 0
0.3125 0 0
0.3125 0 0
0.3125 0 0
0.3125 0 0
0.4375 0 0
0.03125 0 0
0.3125 0 0
0.3125 0 0
0.3125 0 0
0.3125 0 0
0.4375 0 0
0.03125 0 0
0.3125 0 0
0.3125 0 0
0.3125 0 0
0.3125 0 0
0.4375 0 0
0.03125 0 0
0.3125 0 0
0.3125 0 0
0.3125 0 0
0.3125 0 0
0.4375 0 0
0.03125 0 0
0.3125 0 0
0.3125 0 0
0.3125 0 0
0.3125 0 0
0.4375 0 0
0.03125 0 0
0.3125 0 0
0.3125 0 0
0.3125 0 0
0.3125 0 0
0.4375 0 0
0.03125 0 0
0.3125 0 0
0.3125 0 0
0.25 0 0
0.3125 0 0
0.3125 0 0
0.4375 0 0
0.03125 0 0
0.3125 0 0
0.3125 0 0
0.3125 0 0
0.3125 0 0
0.3125 0 0
0.03125 0 0
0.3125 0 0
0.3125 0 0
0.3125 0 0
0.03125 0 0
0.3125 0 0
0.3125 0 0
0.3125 0 0
0.03125 0 0
0.3125 0 0
0.3125 0 0
0.3125 0 0
0.03125 0 0
0.3125 0 0
0.3125 0 0
0.3125 0 0
0.03125 0 0
0.3125 0 0
0.3125 0 0
0.3125 0 0
0.03125 0 0
0.3125 0 0
0.3125 0 0
0.3125 0 0
0.03125 0 0
0.3125 0 0
0.3125 0 0
0.3125 0 0
0.03125 0 0
0.3125 0 0
0.3125 0 0
0.3125 0 0
0.03125 0 0
0.3125 0 0
0.3125 0 0
0.3125 0 0
0.03125 0 0
0.3125 0 0
0.3125 0 0
0.3125 0 0
0.03125 0 0
0.3125 0 0
0.3125 0 0
0.3125 0 0
0.03125 0 0
0.3125 0 0
0.3125 0 0
0.03125 0 0
0.3125 0 0
0.3125 0 0
0.3125 0 0
0.03125 0 0
0.3125 0 0
0.3125 0 0
0.3125 0 0
0.03125 0 0
0.3125 0 0
0.3125 0 0
0.3125 0 0
0.03125 0 0
0.3125 0 0
0.3125 0 0
0.3125 0 0
0.4375 0 0
0.03125 0 0
0.3125 0 0
0.03125 0 0
0.3125 0 0
0.3125 0 0
0.4375 0 0
0.03125 0 0
0.3125 0 0
0.03125 0 0
0.3125 0 0
0.3125 0 0
0.4375 0 0
0.03125 0 0
0.3125 0 0
0.03125 0 0
0.3125 0 0
0.3125 0 0
0.4375 0 0
0.03125 0 0
0.3125 0 0
0.03125 0 0
0.3125 0 0
0.3125 0 0
0.03125 0 0
0.3125 0 0
0.3125 0 0
0.3125 0 0
0.03125 0 0
0.3125 0 0
0.3125 0 0
0.03125 0 0
0.3125 0 0
0.3125 0 0
0.3125 0 0
0.03125 0 0
0.3125 0 0
0.3125 0 0
0.03125 0 0
0.3125 0 0
0.3125 0 0
0.3125 0 0
0.03125 0 0
0.3125 0 0
0.3125 0 0
0.03125 0 0
0.3125 0 0
0.3125 0 0
0.3125 0 0
0.03125 0 0
0.3125 0 0
0.3125 0 0
0.03125 0 0
0.3125 0 0
0.3125 0 0
0.03125 0 0
0.3125 0 0
0.3125 0 0
0.03125 0 0
0.3125 0 0
0.3125 0 0
0.03125 0 0
0.3125 0 0
0.3125 0 0
0.03125 0 0
0.3125 0 0
0.3125 0 0
0.3125 0 0
0.03125 0 0
0.3125 0 0
0.3125 0 0
0.3125 0 0
0.03125 0 0
0.3125 0 0
0.3125 0 0
0.3125 0 0
0.03125 0 0
0.3125 0 0
0.3125 0 0
0.3125 0 0
0.4375 0 0
0.03125 0 0
0.4375 0 0
0.03125 0 0
0.4375 0 0
0.03125 0 0
0.4375 0 0
0.03125 0 0
0.3125 0 0
0.03125 0 0
0.3125 0 0
0.3125 0 0
0.03125 0 0
0.3125 0 0
0.3125 0 0
0.03125 0 0
0.3125 0 0
0.3125 0 0
0.03125 0 0
0.3125 0 0
0.3125 0 0
0.3125 0 0
0.3125 0 0
0.3125 0 0
0.3125 0 0
0.3125 0 0
0.3125 0 0
0.3125 0 0
0.3125 0 0
0.3125 0 0
0.3125 0 0
0.3125 0 0
0.3125 0 0
0.3125 0 0
0.3125 0 0
0.3125 0 0
0.3125 0 0
0.3125 0 0
0.3125 0 0
0.3125 0 0
0.3125 0 0
0.3125 0 0
0.3125 0 0
0.3125 0 0
0.03125 0 0
0.3125 0 0
0.03125 0 0
0.3125 0 0
0.3125 0 0
0.03125 0 0
0.3125 0 0
0.03125 0 0
0.3125 0 0
0.3125 0 0
0.03125 0 0
0.3125 0 0
0.03125 0 0
0.3125 0 0
0.3125 0 0
0.03125 0 0
0.3125 0 0
0.03125 0 0
0.3125 0 0
0.3125 0 0
0.03125 0 0
0.3125 0 0
0.3125 0 0
0.3125 0 0
0.03125 0 0
0.3125 0 0
0.3125 0 0
0.3125 0 0
0.03125 0 0
0.3125 0 0
0.3125 0 0
0.3125 0 0
0.03125 0 0
0.3125 0 0
0.3125 0 0
0.3125 0 0
0.03125 0 0
0.3125 0 0
0.03125 0 0
0.3125 0 0
0.03125 0 0
0.3125 0 0
0.03125 0 0
0.3125 0 0
0.03125 0 0
0.3125 0 0
0.03125 0 0
0.3125 0 0
0.03125 0 0
0.3125 0 0
0.03125 0 0
0.3125 0 0
0.03125 0 0
0.3125 0 0
0.03125 0 0
0.3125 0 0
0.03125 0 0
0.3125 0 0
0.03125 0 0
0.3125 0 0
0.03125 0 0
0.03125 0 0
0.03125 0 0
0.03125 0 0
0.03125 0 0
0.3125 0 0
0.3125 0 0
0.03125 0 0
0.3125 0 0
0.3125 0 0
0.03125 0 0
0.3125 0 0
0.3125 0 0
0.03125 0 0
0.3125 0 0
0.3125 0 0
0.3125 0 0
0.3125 0 0
0.3125 0 0
0.3125 0 0
0.3125 0 0
0.03125 0 0
0.3125 0 0
0.3125 0 0
0.03125 0 0
0.3125 0 0
0.3125 0 0
0.03125 0 0
0.3125 0 0
0.3125 0 0
0.03125 0 0
0.3125 0 0
0.3125 0 0
0.3125 0 0
0.3125 0 0
0.3125 0 0
0.3125 0 0
0.3125 0 0
0.3125 0 0
0.3125 0 0
0.3125 0 0
0.3125 0 0
0.3125 0 0
0.3125 0 0
0.3125 0 0
0.3125 0 0
0.3125 0 0
0.3125 0 0
0.03125 0 0
0.3125 0 0
0.03125 0 0
0.3125 0 0
0.03125 0 0
0.3125 0 0
0.03125 0 0
0.3125 0 0
0.03125 0 0
0.3125 0 0
0.03125 0 0
0.3125 0 0
0.03125 0 0
0.3125 0 0
0.03125 0 0
0.3125 0 0
0.03125 0 0
0.3125 0 0
0.03125 0 0
0.3125 0 0
0.03125 0 0
0.3125 0 0
0.03125 0 0
0.3125 0 0
0.03125 0 0
0.3125 0 0
0.03125 0 0
0.3125 0 0
0.03125 0 0
0.3125 0 0
0.03125 0 0
0.3125 0 0
0.03125 0 0
0.3125 0 0
0.03125 0 0
0.3125 0 0
0.03125 0 0
0.3125 0 0
0.03125 0 0
0.3125 0 0
0.03125 0 0
0.03125 0 0
0.03125 0 0
0.03125 0 0
0.03125 0 0
0.03125 0 0
0.03125 0 0
0.03125 0 0
0.03125 0 0
0.3125 0 0
0.03125 0 0
0.3125 0 0
0.03125 0 0
0.3125 0 0
0.03125 0 0
0.3125 0 0
0.3125 0 0
0.3125 0 0
0.3125 0 0
0.3125 0 0
0.3125 0 0
0.3125 0 0
0.3125 0 0
0.3125 0 0
0.3125 0 0
0.03125 0 0
0.3125 0 0
0.3125 0 0
0.03125 0 0
0.3125 0 0
0.3125 0 0
0.03125 0 0
0.3125 0 0
0.3125 0 0
0.03125 0 0
0.3125 0 0
0.3125 0 0
0.3125 0 0
0.3125 0 0
0.3125 0 0
0.3125 0 0
0.3125 0 0
0.3125 0 0
0.3125 0 0
0.25 0 0
0.25 0 0
0.25 0 0
0.25 0 0
0.25 0 0
0.25 0 0
0.25 0 0
0.25 0 0
0.25 0 0
0.25 0 0
0.25 0 0
0.25 0 0
0.25 0 0
0.25 0 0
0.25 0 0
0.25 0 0
0.25 0 0
0.25 0 0
0.25 0 0
0.25 0 0
0.25 0 0
0.25 0 0
0.25 0 0
0.25 0 0
0.25 0 0
0.25 0 0
0.25 0 0
0.25 0 0
0.25 0 0
0.25 0 0
0.25 0 0
0.25 0 0
0.25 0 0
0.25 0 0
0.25 0 0
0.25 0 0
0.25 0 0
0.25 0 0
0.25 0 0
0.25 0 0
0.25 0 0
0.25 0 0
0.25 0 0
0.25 0 0
0.25 0 0
0.25 0 0
0.25 0 0
0.25 0 0
0.25 0 0
0.25 0 0
0.25 0 0
0.25 0 0
0.25 0 0
0.25 0 0
0.25 0 0
0.25 0 0
0.25 0 0
0.25 0 0
0.25 0 0
0.25 0 0
0.25 0 0
0.25 0 0
0.25 0 0
0.25 0 0
0.25 0 0
0.25 0 0
0.25 0 0
0.25 0 0
0.25 0 0
0.25 0 0
0.25 0 0
0.25 0 0
0.25 0 0
0.25 0 0
0.25 0 0
0.25 0 0
0.25 0 0
0.25 0 0
0.25 0 0
0.25 0 0
0.25 0 0
0.25 0 0
0.25 0 0
0.25 0 0
0.25 0 0
0.25 0 0
0.25 0 0
0.25 0 0
0.25 0 0
0.25 0 0
0.25 0 0
0.25 0 0
0.25 0 0
0.25 0 0
0.25 0 0
0.25 0 0
0.25 0 0
0.25 0 0
0.25 0 0
0.25 0 0
0.25 0 0
0.25 0 0
0.25 0 0
0.25 0 0
0.25 0 0
0.25 0 0
0.25 0 0
0.25 0 0
0.25 0 0
0.25 0 0
0.25 0 0
0.25 0 0
0.25 0 0
0.25 0 0
0.25 0 0
0.25 0 0
0.25 0 0
0.25 0 0
0.25 0 0
0.25 0 0
0.25 0 0
0.25 0 0
0.25 0 0
0.25 0 0
0.25 0 0
0.25 0 0
0.25 0 0
0.25 0 0
0.25 0 0
0.25 0 0
0.25 0 0
0.25 0 0
0.25 0 0
0.25 0 0
0.25 0 0
0.25 0 0
0.25 0 0
0.25 0 0
0.25 0 0
0.25 0 0
0.25 0 0
0.25 0 0
0.25 0 0
0.25 0 0
0.25 0 0
0.25 0 0
0.25 0 0
0.25 0 0
0.25 0 0
0.25 0 0
0.25 0 0
0.25 0 0
0.25 0 0
0.25 0 0
0.25 0 0
0.25 0 0
0.25 0 0
0.25 0 0
0.25 0 0
0.25 0 0
0.25 0 0
0.25 0 0
0.25 0 0
0.25 0 0
0.25 0 0
0.25 0 0
0.25 0 0
0.25 0 0
0.25 0 0
0.25 0 0
0.25 0 0
0.25 0 0
0.25 0 0
0.25 0 0
0.25 0 0
0.25 0 0
0.25 0 0
0.25 0 0
0.25 0 0
0.25 0 0
0.25 0 0
0.25 0 0
0.25 0 0
0.25 0 0
0.25 0 0
0.25 0 0
0.25 0 0
0.25 0 0
0.25 0 0
0.25 0 0
0.25 0 0
0.25 0 0
0.25 0 0
0.25 0 0
0.25 0 0
0.25 0 0
0.25 0 0
0.25 0 0
0.25 0 0
0.25 0 0
0.25 0 0
0.25 0 0
0.25 0 0
0.25 0 0
0.25 0 0
0.25 0 0
0.25 0 0
0.25 0 0
0.25 0 0
0.25 0 0
0.25 0 0
0.25 0 0
0.25 0 0
0.25 0 0
0.25 0 0
0.25 0 0
0.25 0 0
0.25 0 0
0.25 0 0
0.25 0 0
0.25 0 0
0.25 0 0
0.25 0 0
0.25 0 0
0.25 0 0
0.25 0 0
0.25 0 0
0.25 0 0
0.25 0 0
0.25 0 0
0.25 0 0
0.25 0 0
0.25 0 0
0.25 0 0
0.25 0 0
0.25 0 0
0.25 0 0
0.25 0 0
0.25 0 0
0.25 0 0
0.25 0 0
0.25 0 0
0.25 0 0
0.25 0 0
0.25 0 0
0.25 0 0
0.25 0 0
0.25 0 0
0.25 0 0
0.25 0 0
0.25 0 0
0.25 0 0
0.25 0 0
0.25 0 0
0.25 0 0
0.25 0 0
0.25 0 0
0.25 0 0
0.25 0 0
0.25 0 0
0.25 0 0
0.25 0 0
0.25 0 0
0.25 0 0
0.25 0 0
0.25 0 0
0.25 0 0
0.25 0 0
0.25 0 0
0.25 0 0
0.25 0 0
0.25 0 0
0.25 0 0
0.25 0 0
0.25 0 0
0.25 0 0
0.25 0 0
0.25 0 0
0.25 0 0
0.25 0 0
0.25 0 0
0.25 0 0
0.25 0 0
0.25 0 0
0.25 0 0
0.25 0 0
0.25 0 0
0.25 0 0
0.25 0 0
0.25 0 0
0.25 0 0
0.25 0 0
0.25 0 0
0.25 0 0
0.25 0 0
0.25 0 0
0.25 0 0
0.25 0 0
0.25 0 0
0.25 0 0
0.25 0 0
0.25 0 0
0.25 0 0
0.25 0 0
0.25 0 0
0.25 0 0
0.25 0 0
0.25 0 0
0.25 0 0
0.25 0 0
0.25 0 0
0.25 0 0
0.25 0 0
0.25 0 0
0.25 0 0
0.25 0 0
0.25 0 0
0.25 0 0
0.25 0 0
0.25 0 0
0.25 0 0
0.25 0 0
0.25 0 0
0.25 0 0
0.25 0 0
0.25 0 0
0.25 0 0
0.25 0 0
0.25 0 0
0.25 0 0
0.25 0 0
0.25 0 0
0.25 0 0
0.25 0 0
0.25 0 0
0.25 0 0
0.25 0 0
0.25 0 0
0.25 0 0
0.25 0 0
0.25 0 0
0.25 0 0
0.25 0 0
0.25 0 0
0.25 0 0
0.25 0 0
0.25 0 0
0.25 0 0
0.25 0 0
0.25 0 0
0.25 0 0
0.25 0 0
0.25 0 0
0.25 0 0
0.25 0 0
0.25 0 0
0.25 0 0
0.25 0 0
0.25 0 0
0.25 0 0
0.25 0 0
0.25 0 0
0.25 0 0
0.25 0 0
0.25 0 0
0.25 0 0
0.25 0 0
0.25 0 0
0.25 0 0
0.25 0 0
0.25 0 0
0.25 0 0
0.25 0 0
0.25 0 0
0.25 0 0
0.25 0 0
0.25 0 0
0.25 0 0
0.25 0 0
0.25 0 0
0.25 0 0
0.25 0 0
0.25 0 0
