# vtk DataFile Version 1.0
Cube
ASCII

DATASET POLYDATA
POINTS 18072 float
7.582117 7.582117 5.342533
7.582117 7.582117 57.041133
7.582117 59.280717 5.342533
7.582117 59.280717 57.041133
59.280717 7.582117 5.342533
59.280717 7.582117 57.041133
59.280717 59.280717 5.342533
59.280717 59.280717 57.041133
6.462325 6.462325 6.462325
6.462325 6.462325 58.160925
6.462325 58.160925 6.462325
6.462325 58.160925 58.160925
58.160925 6.462325 6.462325
58.160925 6.462325 58.160925
58.160925 58.160925 6.462325
58.160925 58.160925 58.160925
7.269857 7.269857 3.464065
7.269857 7.269857 55.162665
7.269857 58.968457 3.464065
7.269857 58.968457 55.162665
58.968457 7.269857 3.464065
58.968457 7.269857 55.162665
58.968457 58.968457 3.464065
58.968457 58.968457 55.162665
6.462325 6.462325 2.891761
6.462325 6.462325 54.590361
6.462325 58.160925 2.891761
6.462325 58.160925 54.590361
58.160925 6.462325 2.891761
58.160925 6.462325 54.590361
58.160925 58.160925 2.891761
58.160925 58.160925 54.590361
6.462325 6.462325 1.408011
6.462325 6.462325 53.106611
6.462325 58.160925 1.408011
6.462325 58.160925 53.106611
58.160925 6.462325 1.408011
58.160925 6.462325 53.106611
58.160925 58.160925 1.408011
58.160925 58.160925 53.106611
6.552281 7.570484 0.687074
6.552281 7.570484 52.385674
6.552281 59.269084 0.687074
6.552281 59.269084 52.385674
58.250881 7.570484 0.687074
58.250881 7.570484 52.385674
58.250881 59.269084 0.687074
58.250881 59.269084 52.385674
18.267183 18.267183 5.342533
18.267183 18.267183 57.041133
19.386975 19.386975 6.462325
19.386975 19.386975 58.160925
18.579443 18.579443 3.464065
18.579443 18.579443 55.162665
19.386975 19.386975 2.891761
19.386975 19.386975 54.590361
19.386975 19.386975 1.408011
19.386975 19.386975 53.106611
19.297019 18.278816 0.687074
19.297019 18.278816 52.385674
18.267183 7.582117 20.506767
18.267183 59.280717 20.506767
19.386975 6.462325 19.386975
19.386975 58.160925 19.386975
18.579443 7.269857 22.385235
18.579443 58.968457 22.385235
19.386975 6.462325 22.957539
19.386975 58.160925 22.957539
19.386975 6.462325 24.441289
19.386975 58.160925 24.441289
19.297019 7.570484 25.162226
19.297019 59.269084 25.162226
7.582117 18.267183 20.506767
59.280717 18.267183 20.506767
6.462325 19.386975 19.386975
58.160925 19.386975 19.386975
7.269857 18.579443 22.385235
58.968457 18.579443 22.385235
6.462325 19.386975 22.957539
58.160925 19.386975 22.957539
6.462325 19.386975 24.441289
58.160925 19.386975 24.441289
6.552281 18.278816 25.162226
58.250881 18.278816 25.162226
5.342533 7.582117 7.582117
5.342533 7.582117 59.280717
5.342533 59.280717 7.582117
5.342533 59.280717 59.280717
57.041133 7.582117 7.582117
57.041133 7.582117 59.280717
57.041133 59.280717 7.582117
57.041133 59.280717 59.280717
3.464065 7.269857 7.269857
3.464065 7.269857 58.968457
3.464065 58.968457 7.269857
3.464065 58.968457 58.968457
55.162665 7.269857 7.269857
55.162665 7.269857 58.968457
55.162665 58.968457 7.269857
55.162665 58.968457 58.968457
2.891761 6.462325 6.462325
2.891761 6.462325 58.160925
2.891761 58.160925 6.462325
2.891761 58.160925 58.160925
54.590361 6.462325 6.462325
54.590361 6.462325 58.160925
54.590361 58.160925 6.462325
54.590361 58.160925 58.160925
1.408011 6.462325 6.462325
1.408011 6.462325 58.160925
1.408011 58.160925 6.462325
1.408011 58.160925 58.160925
53.106611 6.462325 6.462325
53.106611 6.462325 58.160925
53.106611 58.160925 6.462325
53.106611 58.160925 58.160925
0.687074 6.552281 7.570484
0.687074 6.552281 59.269084
0.687074 58.250881 7.570484
0.687074 58.250881 59.269084
52.385674 6.552281 7.570484
52.385674 6.552281 59.269084
52.385674 58.250881 7.570484
52.385674 58.250881 59.269084
5.342533 18.267183 18.267183
57.041133 18.267183 18.267183
3.464065 18.579443 18.579443
55.162665 18.579443 18.579443
2.891761 19.386975 19.386975
54.590361 19.386975 19.386975
1.408011 19.386975 19.386975
53.106611 19.386975 19.386975
0.687074 19.297019 18.278816
52.385674 19.297019 18.278816
20.506767 18.267183 7.582117
20.506767 18.267183 59.280717
22.385235 18.579443 7.269857
22.385235 18.579443 58.968457
22.957539 19.386975 6.462325
22.957539 19.386975 58.160925
24.441289 19.386975 6.462325
24.441289 19.386975 58.160925
25.162226 19.297019 7.570484
25.162226 19.297019 59.269084
20.506767 7.582117 18.267183
20.506767 59.280717 18.267183
22.385235 7.269857 18.579443
22.385235 58.968457 18.579443
22.957539 6.462325 19.386975
22.957539 58.160925 19.386975
24.441289 6.462325 19.386975
24.441289 58.160925 19.386975
25.162226 6.552281 18.278816
25.162226 58.250881 18.278816
7.582117 5.342533 7.582117
7.582117 5.342533 59.280717
7.582117 57.041133 7.582117
7.582117 57.041133 59.280717
59.280717 5.342533 7.582117
59.280717 5.342533 59.280717
59.280717 57.041133 7.582117
59.280717 57.041133 59.280717
7.269857 3.464065 7.269857
7.269857 3.464065 58.968457
7.269857 55.162665 7.269857
7.269857 55.162665 58.968457
58.968457 3.464065 7.269857
58.968457 3.464065 58.968457
58.968457 55.162665 7.269857
58.968457 55.162665 58.968457
6.462325 2.891761 6.462325
6.462325 2.891761 58.160925
6.462325 54.590361 6.462325
6.462325 54.590361 58.160925
58.160925 2.891761 6.462325
58.160925 2.891761 58.160925
58.160925 54.590361 6.462325
58.160925 54.590361 58.160925
6.462325 1.408011 6.462325
6.462325 1.408011 58.160925
6.462325 53.106611 6.462325
6.462325 53.106611 58.160925
58.160925 1.408011 6.462325
58.160925 1.408011 58.160925
58.160925 53.106611 6.462325
58.160925 53.106611 58.160925
7.570484 0.687074 6.552281
7.570484 0.687074 58.250881
7.570484 52.385674 6.552281
7.570484 52.385674 58.250881
59.269084 0.687074 6.552281
59.269084 0.687074 58.250881
59.269084 52.385674 6.552281
59.269084 52.385674 58.250881
18.267183 5.342533 18.267183
18.267183 57.041133 18.267183
18.579443 3.464065 18.579443
18.579443 55.162665 18.579443
19.386975 2.891761 19.386975
19.386975 54.590361 19.386975
19.386975 1.408011 19.386975
19.386975 53.106611 19.386975
18.278816 0.687074 19.297019
18.278816 52.385674 19.297019
7.582117 20.506767 18.267183
59.280717 20.506767 18.267183
7.269857 22.385235 18.579443
58.968457 22.385235 18.579443
6.462325 22.957539 19.386975
58.160925 22.957539 19.386975
6.462325 24.441289 19.386975
58.160925 24.441289 19.386975
7.570484 25.162226 19.297019
59.269084 25.162226 19.297019
18.267183 20.506767 7.582117
18.267183 20.506767 59.280717
18.579443 22.385235 7.269857
18.579443 22.385235 58.968457
19.386975 22.957539 6.462325
19.386975 22.957539 58.160925
19.386975 24.441289 6.462325
19.386975 24.441289 58.160925
18.278816 25.162226 6.552281
18.278816 25.162226 58.250881
7.582117 7.582117 20.506767
7.582117 59.280717 20.506767
59.280717 7.582117 20.506767
59.280717 59.280717 20.506767
6.462325 6.462325 19.386975
6.462325 58.160925 19.386975
58.160925 6.462325 19.386975
58.160925 58.160925 19.386975
7.269857 7.269857 22.385235
7.269857 58.968457 22.385235
58.968457 7.269857 22.385235
58.968457 58.968457 22.385235
6.462325 6.462325 22.957539
6.462325 58.160925 22.957539
58.160925 6.462325 22.957539
58.160925 58.160925 22.957539
6.462325 6.462325 24.441289
6.462325 58.160925 24.441289
58.160925 6.462325 24.441289
58.160925 58.160925 24.441289
10.332224 6.441129 24.803179
10.332224 58.139729 24.803179
11.023434 7.485699 23.948084
11.023434 59.184299 23.948084
18.267183 18.267183 20.506767
19.386975 19.386975 19.386975
18.579443 18.579443 22.385235
19.386975 19.386975 22.957539
19.386975 19.386975 24.441289
15.517076 19.408171 24.803179
14.825866 18.363601 23.948084
7.582117 18.267183 5.342533
7.582117 18.267183 57.041133
59.280717 18.267183 5.342533
59.280717 18.267183 57.041133
6.462325 19.386975 6.462325
6.462325 19.386975 58.160925
58.160925 19.386975 6.462325
58.160925 19.386975 58.160925
7.269857 18.579443 3.464065
7.269857 18.579443 55.162665
58.968457 18.579443 3.464065
58.968457 18.579443 55.162665
6.462325 19.386975 2.891761
6.462325 19.386975 54.590361
58.160925 19.386975 2.891761
58.160925 19.386975 54.590361
6.462325 19.386975 1.408011
6.462325 19.386975 53.106611
58.160925 19.386975 1.408011
58.160925 19.386975 53.106611
10.332224 19.408171 1.046121
10.332224 19.408171 52.744721
11.023434 18.363601 1.901216
11.023434 18.363601 53.599816
18.267183 7.582117 5.342533
18.267183 7.582117 57.041133
18.267183 59.280717 5.342533
18.267183 59.280717 57.041133
19.386975 6.462325 6.462325
19.386975 6.462325 58.160925
19.386975 58.160925 6.462325
19.386975 58.160925 58.160925
18.579443 7.269857 3.464065
18.579443 7.269857 55.162665
18.579443 58.968457 3.464065
18.579443 58.968457 55.162665
19.386975 6.462325 2.891761
19.386975 6.462325 54.590361
19.386975 58.160925 2.891761
19.386975 58.160925 54.590361
19.386975 6.462325 1.408011
19.386975 6.462325 53.106611
19.386975 58.160925 1.408011
19.386975 58.160925 53.106611
15.517076 6.441129 1.046121
15.517076 6.441129 52.744721
15.517076 58.139729 1.046121
15.517076 58.139729 52.744721
14.825866 7.485699 1.901216
14.825866 7.485699 53.599816
14.825866 59.184299 1.901216
14.825866 59.184299 53.599816
7.582117 5.342533 18.267183
7.582117 57.041133 18.267183
59.280717 5.342533 18.267183
59.280717 57.041133 18.267183
7.269857 3.464065 18.579443
7.269857 55.162665 18.579443
58.968457 3.464065 18.579443
58.968457 55.162665 18.579443
6.462325 2.891761 19.386975
6.462325 54.590361 19.386975
58.160925 2.891761 19.386975
58.160925 54.590361 19.386975
6.462325 1.408011 19.386975
6.462325 53.106611 19.386975
58.160925 1.408011 19.386975
58.160925 53.106611 19.386975
6.441129 1.046121 15.517076
6.441129 52.744721 15.517076
58.139729 1.046121 15.517076
58.139729 52.744721 15.517076
7.485699 1.901216 14.825866
7.485699 53.599816 14.825866
59.184299 1.901216 14.825866
59.184299 53.599816 14.825866
18.267183 5.342533 7.582117
18.267183 5.342533 59.280717
18.267183 57.041133 7.582117
18.267183 57.041133 59.280717
18.579443 3.464065 7.269857
18.579443 3.464065 58.968457
18.579443 55.162665 7.269857
18.579443 55.162665 58.968457
19.386975 2.891761 6.462325
19.386975 2.891761 58.160925
19.386975 54.590361 6.462325
19.386975 54.590361 58.160925
19.386975 1.408011 6.462325
19.386975 1.408011 58.160925
19.386975 53.106611 6.462325
19.386975 53.106611 58.160925
19.408171 1.046121 10.332224
19.408171 52.744721 10.332224
18.363601 1.901216 11.023434
18.363601 53.599816 11.023434
18.267183 20.506767 18.267183
18.579443 22.385235 18.579443
19.386975 22.957539 19.386975
19.386975 24.441289 19.386975
19.408171 24.803179 15.517076
18.363601 23.948084 14.825866
7.582117 20.506767 7.582117
7.582117 20.506767 59.280717
59.280717 20.506767 7.582117
59.280717 20.506767 59.280717
7.269857 22.385235 7.269857
7.269857 22.385235 58.968457
58.968457 22.385235 7.269857
58.968457 22.385235 58.968457
6.462325 22.957539 6.462325
6.462325 22.957539 58.160925
58.160925 22.957539 6.462325
58.160925 22.957539 58.160925
6.462325 24.441289 6.462325
6.462325 24.441289 58.160925
58.160925 24.441289 6.462325
58.160925 24.441289 58.160925
6.441129 24.803179 10.332224
58.139729 24.803179 10.332224
7.485699 23.948084 11.023434
59.184299 23.948084 11.023434
5.342533 7.582117 18.267183
5.342533 59.280717 18.267183
57.041133 7.582117 18.267183
57.041133 59.280717 18.267183
3.464065 7.269857 18.579443
3.464065 58.968457 18.579443
55.162665 7.269857 18.579443
55.162665 58.968457 18.579443
2.891761 6.462325 19.386975
2.891761 58.160925 19.386975
54.590361 6.462325 19.386975
54.590361 58.160925 19.386975
1.408011 6.462325 19.386975
1.408011 58.160925 19.386975
53.106611 6.462325 19.386975
53.106611 58.160925 19.386975
1.046121 10.332224 19.408171
52.744721 10.332224 19.408171
1.901216 11.023434 18.363601
53.599816 11.023434 18.363601
5.342533 18.267183 7.582117
5.342533 18.267183 59.280717
57.041133 18.267183 7.582117
57.041133 18.267183 59.280717
3.464065 18.579443 7.269857
3.464065 18.579443 58.968457
55.162665 18.579443 7.269857
55.162665 18.579443 58.968457
2.891761 19.386975 6.462325
2.891761 19.386975 58.160925
54.590361 19.386975 6.462325
54.590361 19.386975 58.160925
1.408011 19.386975 6.462325
1.408011 19.386975 58.160925
53.106611 19.386975 6.462325
53.106611 19.386975 58.160925
1.046121 15.517076 6.441129
1.046121 15.517076 58.139729
52.744721 15.517076 6.441129
52.744721 15.517076 58.139729
1.901216 14.825866 7.485699
1.901216 14.825866 59.184299
53.599816 14.825866 7.485699
53.599816 14.825866 59.184299
20.506767 7.582117 7.582117
20.506767 7.582117 59.280717
20.506767 59.280717 7.582117
20.506767 59.280717 59.280717
22.385235 7.269857 7.269857
22.385235 7.269857 58.968457
22.385235 58.968457 7.269857
22.385235 58.968457 58.968457
22.957539 6.462325 6.462325
22.957539 6.462325 58.160925
22.957539 58.160925 6.462325
22.957539 58.160925 58.160925
24.441289 6.462325 6.462325
24.441289 6.462325 58.160925
24.441289 58.160925 6.462325
24.441289 58.160925 58.160925
24.538224 8.818489 6.706859
24.538224 8.818489 58.405459
24.803179 10.332224 6.441129
24.803179 10.332224 58.139729
23.948084 11.023434 7.485699
23.948084 11.023434 59.184299
20.506767 18.267183 18.267183
22.385235 18.579443 18.579443
22.957539 19.386975 19.386975
24.441289 19.386975 19.386975
24.803179 15.517076 19.408171
23.948084 14.825866 18.363601
19.297019 18.278816 25.162226
19.142441 17.030811 24.538224
19.408171 15.517076 24.803179
18.363601 14.825866 23.948084
6.552281 7.570484 25.162226
6.552281 59.269084 25.162226
58.250881 7.570484 25.162226
58.250881 59.269084 25.162226
6.706859 8.818489 24.538224
58.405459 8.818489 24.538224
6.441129 10.332224 24.803179
58.139729 10.332224 24.803179
7.485699 11.023434 23.948084
59.184299 11.023434 23.948084
6.552281 18.278816 0.687074
6.552281 18.278816 52.385674
58.250881 18.278816 0.687074
58.250881 18.278816 52.385674
6.706859 17.030811 1.311076
6.706859 17.030811 53.009676
58.405459 17.030811 1.311076
58.405459 17.030811 53.009676
6.441129 15.517076 1.046121
6.441129 15.517076 52.744721
58.139729 15.517076 1.046121
58.139729 15.517076 52.744721
7.485699 14.825866 1.901216
7.485699 14.825866 53.599816
59.184299 14.825866 1.901216
59.184299 14.825866 53.599816
19.297019 7.570484 0.687074
19.297019 7.570484 52.385674
19.297019 59.269084 0.687074
19.297019 59.269084 52.385674
19.142441 8.818489 1.311076
19.142441 8.818489 53.009676
19.408171 10.332224 1.046121
19.408171 10.332224 52.744721
18.363601 11.023434 1.901216
18.363601 11.023434 53.599816
25.162226 19.297019 18.278816
24.538224 19.142441 17.030811
24.803179 19.408171 15.517076
23.948084 18.363601 14.825866
25.162226 6.552281 7.570484
25.162226 6.552281 59.269084
25.162226 58.250881 7.570484
25.162226 58.250881 59.269084
24.538224 6.706859 8.818489
24.538224 58.405459 8.818489
24.803179 6.441129 10.332224
24.803179 58.139729 10.332224
23.948084 7.485699 11.023434
23.948084 59.184299 11.023434
0.687074 6.552281 18.278816
0.687074 58.250881 18.278816
52.385674 6.552281 18.278816
52.385674 58.250881 18.278816
1.311076 6.706859 17.030811
1.311076 58.405459 17.030811
53.009676 6.706859 17.030811
53.009676 58.405459 17.030811
1.046121 6.441129 15.517076
1.046121 58.139729 15.517076
52.744721 6.441129 15.517076
52.744721 58.139729 15.517076
1.901216 7.485699 14.825866
1.901216 59.184299 14.825866
53.599816 7.485699 14.825866
53.599816 59.184299 14.825866
0.687074 19.297019 7.570484
0.687074 19.297019 59.269084
52.385674 19.297019 7.570484
52.385674 19.297019 59.269084
1.311076 19.142441 8.818489
53.009676 19.142441 8.818489
1.046121 19.408171 10.332224
52.744721 19.408171 10.332224
1.901216 18.363601 11.023434
53.599816 18.363601 11.023434
18.278816 25.162226 19.297019
17.030811 24.538224 19.142441
15.517076 24.803179 19.408171
14.825866 23.948084 18.363601
7.570484 25.162226 6.552281
7.570484 25.162226 58.250881
59.269084 25.162226 6.552281
59.269084 25.162226 58.250881
8.818489 24.538224 6.706859
8.818489 24.538224 58.405459
10.332224 24.803179 6.441129
10.332224 24.803179 58.139729
11.023434 23.948084 7.485699
11.023434 23.948084 59.184299
18.278816 0.687074 6.552281
18.278816 0.687074 58.250881
18.278816 52.385674 6.552281
18.278816 52.385674 58.250881
17.030811 1.311076 6.706859
17.030811 1.311076 58.405459
17.030811 53.009676 6.706859
17.030811 53.009676 58.405459
15.517076 1.046121 6.441129
15.517076 1.046121 58.139729
15.517076 52.744721 6.441129
15.517076 52.744721 58.139729
14.825866 1.901216 7.485699
14.825866 1.901216 59.184299
14.825866 53.599816 7.485699
14.825866 53.599816 59.184299
7.570484 0.687074 19.297019
7.570484 52.385674 19.297019
59.269084 0.687074 19.297019
59.269084 52.385674 19.297019
8.818489 1.311076 19.142441
8.818489 53.009676 19.142441
10.332224 1.046121 19.408171
10.332224 52.744721 19.408171
11.023434 1.901216 18.363601
11.023434 53.599816 18.363601
7.269857 20.194507 16.388715
58.968457 20.194507 16.388715
6.462325 19.386975 15.816411
58.160925 19.386975 15.816411
6.462325 19.386975 14.332661
58.160925 19.386975 14.332661
6.552281 20.495134 13.611724
58.250881 20.495134 13.611724
18.579443 5.654793 16.388715
18.579443 57.353393 16.388715
19.386975 6.462325 15.816411
19.386975 58.160925 15.816411
19.386975 6.462325 14.332661
19.386975 58.160925 14.332661
19.297019 5.354166 13.611724
19.297019 57.052766 13.611724
18.579443 20.194507 9.460585
19.386975 19.386975 10.032889
19.386975 19.386975 11.516639
19.297019 20.495134 12.237576
7.269857 5.654793 9.460585
7.269857 57.353393 9.460585
58.968457 5.654793 9.460585
58.968457 57.353393 9.460585
6.462325 6.462325 10.032889
6.462325 58.160925 10.032889
58.160925 6.462325 10.032889
58.160925 58.160925 10.032889
6.462325 6.462325 11.516639
6.462325 58.160925 11.516639
58.160925 6.462325 11.516639
58.160925 58.160925 11.516639
6.552281 5.354166 12.237576
6.552281 57.052766 12.237576
58.250881 5.354166 12.237576
58.250881 57.052766 12.237576
5.342533 20.506767 20.506767
57.041133 20.506767 20.506767
3.464065 20.194507 20.194507
55.162665 20.194507 20.194507
0.687074 19.476931 20.495134
52.385674 19.476931 20.495134
1.311076 19.631509 21.743139
53.009676 19.631509 21.743139
1.046121 19.365779 23.256874
52.744721 19.365779 23.256874
1.901216 20.410349 23.948084
53.599816 20.410349 23.948084
5.342533 5.342533 5.342533
5.342533 5.342533 57.041133
5.342533 57.041133 5.342533
5.342533 57.041133 57.041133
57.041133 5.342533 5.342533
57.041133 5.342533 57.041133
57.041133 57.041133 5.342533
57.041133 57.041133 57.041133
3.464065 5.654793 5.654793
3.464065 5.654793 57.353393
3.464065 57.353393 5.654793
3.464065 57.353393 57.353393
55.162665 5.654793 5.654793
55.162665 5.654793 57.353393
55.162665 57.353393 5.654793
55.162665 57.353393 57.353393
0.687074 6.372369 5.354166
0.687074 6.372369 57.052766
0.687074 58.070969 5.354166
0.687074 58.070969 57.052766
52.385674 6.372369 5.354166
52.385674 6.372369 57.052766
52.385674 58.070969 5.354166
52.385674 58.070969 57.052766
1.311076 6.217791 4.106161
1.311076 6.217791 55.804761
1.311076 57.916391 4.106161
1.311076 57.916391 55.804761
53.009676 6.217791 4.106161
53.009676 6.217791 55.804761
53.009676 57.916391 4.106161
53.009676 57.916391 55.804761
1.046121 6.483521 2.592426
1.046121 6.483521 54.291026
1.046121 58.182121 2.592426
1.046121 58.182121 54.291026
52.744721 6.483521 2.592426
52.744721 6.483521 54.291026
52.744721 58.182121 2.592426
52.744721 58.182121 54.291026
1.901216 5.438951 1.901216
1.901216 5.438951 53.599816
1.901216 57.137551 1.901216
1.901216 57.137551 53.599816
53.599816 5.438951 1.901216
53.599816 5.438951 53.599816
53.599816 57.137551 1.901216
53.599816 57.137551 53.599816
20.506767 5.342533 20.506767
20.506767 57.041133 20.506767
22.385235 5.654793 20.194507
22.385235 57.353393 20.194507
25.162226 6.372369 20.495134
25.162226 58.070969 20.495134
24.538224 6.217791 21.743139
24.538224 57.916391 21.743139
24.803179 6.483521 23.256874
24.803179 58.182121 23.256874
23.948084 5.438951 23.948084
23.948084 57.137551 23.948084
20.506767 20.506767 5.342533
20.506767 20.506767 57.041133
22.385235 20.194507 5.654793
22.385235 20.194507 57.353393
25.162226 19.476931 5.354166
25.162226 19.476931 57.052766
24.538224 19.631509 4.106161
24.538224 19.631509 55.804761
24.803179 19.365779 2.592426
24.803179 19.365779 54.291026
23.948084 20.410349 1.901216
23.948084 20.410349 53.599816
7.269857 16.388715 20.194507
58.968457 16.388715 20.194507
6.462325 15.816411 19.386975
58.160925 15.816411 19.386975
6.462325 14.332661 19.386975
58.160925 14.332661 19.386975
7.570484 13.611724 19.476931
59.269084 13.611724 19.476931
8.818489 14.235726 19.631509
10.332224 13.970771 19.365779
11.023434 14.825866 20.410349
18.579443 16.388715 5.654793
18.579443 16.388715 57.353393
19.386975 15.816411 6.462325
19.386975 15.816411 58.160925
19.386975 14.332661 6.462325
19.386975 14.332661 58.160925
18.278816 13.611724 6.372369
18.278816 13.611724 58.070969
17.030811 14.235726 6.217791
17.030811 14.235726 57.916391
15.517076 13.970771 6.483521
15.517076 13.970771 58.182121
14.825866 14.825866 5.438951
14.825866 14.825866 57.137551
7.269857 9.460585 5.654793
7.269857 9.460585 57.353393
58.968457 9.460585 5.654793
58.968457 9.460585 57.353393
6.462325 10.032889 6.462325
6.462325 10.032889 58.160925
58.160925 10.032889 6.462325
58.160925 10.032889 58.160925
6.462325 11.516639 6.462325
6.462325 11.516639 58.160925
58.160925 11.516639 6.462325
58.160925 11.516639 58.160925
7.570484 12.237576 6.372369
7.570484 12.237576 58.070969
59.269084 12.237576 6.372369
59.269084 12.237576 58.070969
8.818489 11.613574 6.217791
8.818489 11.613574 57.916391
10.332224 11.878529 6.483521
10.332224 11.878529 58.182121
11.023434 11.023434 5.438951
11.023434 11.023434 57.137551
18.579443 9.460585 20.194507
19.386975 10.032889 19.386975
19.386975 11.516639 19.386975
18.278816 12.237576 19.476931
17.030811 11.613574 19.631509
15.517076 11.878529 19.365779
14.825866 11.023434 20.410349
7.269857 20.194507 9.460585
58.968457 20.194507 9.460585
6.462325 19.386975 10.032889
58.160925 19.386975 10.032889
6.462325 19.386975 11.516639
58.160925 19.386975 11.516639
18.579443 5.654793 9.460585
18.579443 57.353393 9.460585
19.386975 6.462325 10.032889
19.386975 58.160925 10.032889
19.386975 6.462325 11.516639
19.386975 58.160925 11.516639
7.269857 5.654793 16.388715
7.269857 57.353393 16.388715
58.968457 5.654793 16.388715
58.968457 57.353393 16.388715
6.462325 6.462325 15.816411
6.462325 58.160925 15.816411
58.160925 6.462325 15.816411
58.160925 58.160925 15.816411
6.462325 6.462325 14.332661
6.462325 58.160925 14.332661
58.160925 6.462325 14.332661
58.160925 58.160925 14.332661
18.579443 20.194507 16.388715
19.386975 19.386975 15.816411
19.386975 19.386975 14.332661
7.269857 16.388715 5.654793
7.269857 16.388715 57.353393
58.968457 16.388715 5.654793
58.968457 16.388715 57.353393
6.462325 15.816411 6.462325
6.462325 15.816411 58.160925
58.160925 15.816411 6.462325
58.160925 15.816411 58.160925
6.462325 14.332661 6.462325
6.462325 14.332661 58.160925
58.160925 14.332661 6.462325
58.160925 14.332661 58.160925
6.441129 13.970771 2.592426
6.441129 13.970771 54.291026
58.139729 13.970771 2.592426
58.139729 13.970771 54.291026
18.579443 16.388715 20.194507
19.386975 15.816411 19.386975
19.386975 14.332661 19.386975
19.408171 13.970771 23.256874
18.579443 9.460585 5.654793
18.579443 9.460585 57.353393
19.386975 10.032889 6.462325
19.386975 10.032889 58.160925
19.386975 11.516639 6.462325
19.386975 11.516639 58.160925
19.408171 11.878529 2.592426
19.408171 11.878529 54.291026
7.269857 9.460585 20.194507
58.968457 9.460585 20.194507
6.462325 10.032889 19.386975
58.160925 10.032889 19.386975
6.462325 11.516639 19.386975
58.160925 11.516639 19.386975
6.441129 11.878529 23.256874
58.139729 11.878529 23.256874
5.342533 20.506767 5.342533
5.342533 20.506767 57.041133
57.041133 20.506767 5.342533
57.041133 20.506767 57.041133
3.464065 20.194507 5.654793
3.464065 20.194507 57.353393
55.162665 20.194507 5.654793
55.162665 20.194507 57.353393
5.342533 5.342533 20.506767
5.342533 57.041133 20.506767
57.041133 5.342533 20.506767
57.041133 57.041133 20.506767
3.464065 5.654793 20.194507
3.464065 57.353393 20.194507
55.162665 5.654793 20.194507
55.162665 57.353393 20.194507
20.506767 20.506767 20.506767
22.385235 20.194507 20.194507
20.506767 5.342533 5.342533
20.506767 5.342533 57.041133
20.506767 57.041133 5.342533
20.506767 57.041133 57.041133
22.385235 5.654793 5.654793
22.385235 5.654793 57.353393
22.385235 57.353393 5.654793
22.385235 57.353393 57.353393
19.297019 5.354166 12.237576
19.297019 57.052766 12.237576
19.142441 4.106161 11.613574
19.142441 55.804761 11.613574
19.408171 2.592426 11.878529
19.408171 54.291026 11.878529
6.552281 20.495134 12.237576
58.250881 20.495134 12.237576
6.706859 21.743139 11.613574
58.405459 21.743139 11.613574
6.441129 23.256874 11.878529
58.139729 23.256874 11.878529
6.552281 5.354166 13.611724
6.552281 57.052766 13.611724
58.250881 5.354166 13.611724
58.250881 57.052766 13.611724
6.706859 4.106161 14.235726
6.706859 55.804761 14.235726
58.405459 4.106161 14.235726
58.405459 55.804761 14.235726
6.441129 2.592426 13.970771
6.441129 54.291026 13.970771
58.139729 2.592426 13.970771
58.139729 54.291026 13.970771
19.297019 20.495134 13.611724
19.142441 21.743139 14.235726
19.408171 23.256874 13.970771
25.162226 6.372369 5.354166
25.162226 6.372369 57.052766
25.162226 58.070969 5.354166
25.162226 58.070969 57.052766
25.162226 19.476931 20.495134
0.687074 19.476931 5.354166
0.687074 19.476931 57.052766
52.385674 19.476931 5.354166
52.385674 19.476931 57.052766
0.687074 6.372369 20.495134
0.687074 58.070969 20.495134
52.385674 6.372369 20.495134
52.385674 58.070969 20.495134
18.278816 12.237576 6.372369
18.278816 12.237576 58.070969
7.570484 12.237576 19.476931
59.269084 12.237576 19.476931
18.278816 13.611724 19.476931
7.570484 13.611724 6.372369
7.570484 13.611724 58.070969
59.269084 13.611724 6.372369
59.269084 13.611724 58.070969
15.517076 6.483521 13.970771
15.517076 58.182121 13.970771
14.825866 5.438951 14.825866
14.825866 57.137551 14.825866
10.332224 19.365779 13.970771
11.023434 20.410349 14.825866
15.517076 19.365779 11.878529
14.825866 20.410349 11.023434
10.332224 6.483521 11.878529
10.332224 58.182121 11.878529
11.023434 5.438951 11.023434
11.023434 57.137551 11.023434
24.803179 2.592426 19.365779
24.803179 54.291026 19.365779
23.948084 1.901216 20.410349
23.948084 53.599816 20.410349
24.803179 23.256874 6.483521
24.803179 23.256874 58.182121
23.948084 23.948084 5.438951
23.948084 23.948084 57.137551
1.046121 2.592426 6.483521
1.046121 2.592426 58.182121
1.046121 54.291026 6.483521
1.046121 54.291026 58.182121
52.744721 2.592426 6.483521
52.744721 2.592426 58.182121
52.744721 54.291026 6.483521
52.744721 54.291026 58.182121
1.901216 1.901216 5.438951
1.901216 1.901216 57.137551
1.901216 53.599816 5.438951
1.901216 53.599816 57.137551
53.599816 1.901216 5.438951
53.599816 1.901216 57.137551
53.599816 53.599816 5.438951
53.599816 53.599816 57.137551
1.046121 23.256874 19.365779
52.744721 23.256874 19.365779
1.901216 23.948084 20.410349
53.599816 23.948084 20.410349
20.194507 7.269857 16.388715
20.194507 58.968457 16.388715
19.476931 7.570484 13.611724
19.476931 59.269084 13.611724
19.631509 8.818489 14.235726
19.365779 10.332224 13.970771
20.410349 11.023434 14.825866
5.654793 18.579443 16.388715
57.353393 18.579443 16.388715
6.372369 18.278816 13.611724
58.070969 18.278816 13.611724
6.217791 17.030811 14.235726
57.916391 17.030811 14.235726
6.483521 15.517076 13.970771
58.182121 15.517076 13.970771
5.438951 14.825866 14.825866
57.137551 14.825866 14.825866
5.654793 7.269857 9.460585
5.654793 58.968457 9.460585
57.353393 7.269857 9.460585
57.353393 58.968457 9.460585
6.372369 7.570484 12.237576
6.372369 59.269084 12.237576
58.070969 7.570484 12.237576
58.070969 59.269084 12.237576
6.217791 8.818489 11.613574
57.916391 8.818489 11.613574
6.483521 10.332224 11.878529
58.182121 10.332224 11.878529
5.438951 11.023434 11.023434
57.137551 11.023434 11.023434
20.194507 18.579443 9.460585
19.476931 18.278816 12.237576
19.631509 17.030811 11.613574
19.365779 15.517076 11.878529
20.410349 14.825866 11.023434
16.388715 7.269857 20.194507
16.388715 58.968457 20.194507
15.816411 6.462325 19.386975
15.816411 58.160925 19.386975
14.332661 6.462325 19.386975
14.332661 58.160925 19.386975
13.611724 6.552281 20.495134
13.611724 58.250881 20.495134
16.388715 18.579443 5.654793
16.388715 18.579443 57.353393
15.816411 19.386975 6.462325
15.816411 19.386975 58.160925
14.332661 19.386975 6.462325
14.332661 19.386975 58.160925
13.611724 19.297019 5.354166
13.611724 19.297019 57.052766
9.460585 18.579443 20.194507
10.032889 19.386975 19.386975
11.516639 19.386975 19.386975
12.237576 19.297019 20.495134
9.460585 7.269857 5.654793
9.460585 7.269857 57.353393
9.460585 58.968457 5.654793
9.460585 58.968457 57.353393
10.032889 6.462325 6.462325
10.032889 6.462325 58.160925
10.032889 58.160925 6.462325
10.032889 58.160925 58.160925
11.516639 6.462325 6.462325
11.516639 6.462325 58.160925
11.516639 58.160925 6.462325
11.516639 58.160925 58.160925
12.237576 6.552281 5.354166
12.237576 6.552281 57.052766
12.237576 58.250881 5.354166
12.237576 58.250881 57.052766
20.194507 3.464065 20.194507
20.194507 55.162665 20.194507
20.495134 0.687074 19.476931
20.495134 52.385674 19.476931
21.743139 1.311076 19.631509
21.743139 53.009676 19.631509
23.256874 1.046121 19.365779
23.256874 52.744721 19.365779
5.654793 3.464065 5.654793
5.654793 3.464065 57.353393
5.654793 55.162665 5.654793
5.654793 55.162665 57.353393
57.353393 3.464065 5.654793
57.353393 3.464065 57.353393
57.353393 55.162665 5.654793
57.353393 55.162665 57.353393
5.354166 0.687074 6.372369
5.354166 0.687074 58.070969
5.354166 52.385674 6.372369
5.354166 52.385674 58.070969
57.052766 0.687074 6.372369
57.052766 0.687074 58.070969
57.052766 52.385674 6.372369
57.052766 52.385674 58.070969
4.106161 1.311076 6.217791
4.106161 1.311076 57.916391
4.106161 53.009676 6.217791
4.106161 53.009676 57.916391
55.804761 1.311076 6.217791
55.804761 1.311076 57.916391
55.804761 53.009676 6.217791
55.804761 53.009676 57.916391
2.592426 1.046121 6.483521
2.592426 1.046121 58.182121
2.592426 52.744721 6.483521
2.592426 52.744721 58.182121
54.291026 1.046121 6.483521
54.291026 1.046121 58.182121
54.291026 52.744721 6.483521
54.291026 52.744721 58.182121
20.194507 22.385235 5.654793
20.194507 22.385235 57.353393
20.495134 25.162226 6.372369
20.495134 25.162226 58.070969
21.743139 24.538224 6.217791
21.743139 24.538224 57.916391
23.256874 24.803179 6.483521
23.256874 24.803179 58.182121
5.654793 22.385235 20.194507
57.353393 22.385235 20.194507
5.354166 25.162226 19.476931
57.052766 25.162226 19.476931
4.106161 24.538224 19.631509
55.804761 24.538224 19.631509
2.592426 24.803179 19.365779
54.291026 24.803179 19.365779
20.194507 7.269857 9.460585
20.194507 58.968457 9.460585
23.256874 6.441129 11.878529
23.256874 58.139729 11.878529
5.654793 18.579443 9.460585
57.353393 18.579443 9.460585
2.592426 19.408171 11.878529
54.291026 19.408171 11.878529
20.194507 18.579443 16.388715
23.256874 19.408171 13.970771
5.654793 7.269857 16.388715
5.654793 58.968457 16.388715
57.353393 7.269857 16.388715
57.353393 58.968457 16.388715
2.592426 6.441129 13.970771
2.592426 58.139729 13.970771
54.291026 6.441129 13.970771
54.291026 58.139729 13.970771
20.194507 3.464065 5.654793
20.194507 3.464065 57.353393
20.194507 55.162665 5.654793
20.194507 55.162665 57.353393
5.654793 3.464065 20.194507
5.654793 55.162665 20.194507
57.353393 3.464065 20.194507
57.353393 55.162665 20.194507
5.654793 22.385235 5.654793
5.654793 22.385235 57.353393
57.353393 22.385235 5.654793
57.353393 22.385235 57.353393
20.194507 22.385235 20.194507
16.388715 7.269857 5.654793
16.388715 7.269857 57.353393
16.388715 58.968457 5.654793
16.388715 58.968457 57.353393
15.816411 6.462325 6.462325
15.816411 6.462325 58.160925
15.816411 58.160925 6.462325
15.816411 58.160925 58.160925
14.332661 6.462325 6.462325
14.332661 6.462325 58.160925
14.332661 58.160925 6.462325
14.332661 58.160925 58.160925
16.388715 18.579443 20.194507
15.816411 19.386975 19.386975
14.332661 19.386975 19.386975
9.460585 7.269857 20.194507
9.460585 58.968457 20.194507
10.032889 6.462325 19.386975
10.032889 58.160925 19.386975
11.516639 6.462325 19.386975
11.516639 58.160925 19.386975
9.460585 18.579443 5.654793
9.460585 18.579443 57.353393
10.032889 19.386975 6.462325
10.032889 19.386975 58.160925
11.516639 19.386975 6.462325
11.516639 19.386975 58.160925
6.372369 18.278816 12.237576
58.070969 18.278816 12.237576
19.476931 7.570484 12.237576
19.476931 59.269084 12.237576
19.476931 18.278816 13.611724
6.372369 7.570484 13.611724
6.372369 59.269084 13.611724
58.070969 7.570484 13.611724
58.070969 59.269084 13.611724
12.237576 19.297019 5.354166
12.237576 19.297019 57.052766
11.613574 19.142441 4.106161
11.613574 19.142441 55.804761
11.878529 19.408171 2.592426
11.878529 19.408171 54.291026
12.237576 6.552281 20.495134
12.237576 58.250881 20.495134
11.613574 6.706859 21.743139
11.613574 58.405459 21.743139
11.878529 6.441129 23.256874
11.878529 58.139729 23.256874
13.611724 6.552281 5.354166
13.611724 6.552281 57.052766
13.611724 58.250881 5.354166
13.611724 58.250881 57.052766
14.235726 6.706859 4.106161
14.235726 6.706859 55.804761
14.235726 58.405459 4.106161
14.235726 58.405459 55.804761
13.970771 6.441129 2.592426
13.970771 6.441129 54.291026
13.970771 58.139729 2.592426
13.970771 58.139729 54.291026
13.611724 19.297019 20.495134
14.235726 19.142441 21.743139
13.970771 19.408171 23.256874
5.354166 25.162226 6.372369
5.354166 25.162226 58.070969
57.052766 25.162226 6.372369
57.052766 25.162226 58.070969
20.495134 25.162226 19.476931
5.354166 0.687074 19.476931
5.354166 52.385674 19.476931
57.052766 0.687074 19.476931
57.052766 52.385674 19.476931
20.495134 0.687074 6.372369
20.495134 0.687074 58.070969
20.495134 52.385674 6.372369
20.495134 52.385674 58.070969
6.483521 24.803179 23.256874
58.182121 24.803179 23.256874
5.438951 23.948084 23.948084
57.137551 23.948084 23.948084
19.365779 24.803179 2.592426
19.365779 24.803179 54.291026
20.410349 23.948084 1.901216
20.410349 23.948084 53.599816
19.365779 1.046121 23.256874
19.365779 52.744721 23.256874
20.410349 1.901216 23.948084
20.410349 53.599816 23.948084
6.483521 1.046121 2.592426
6.483521 1.046121 54.291026
6.483521 52.744721 2.592426
6.483521 52.744721 54.291026
58.182121 1.046121 2.592426
58.182121 1.046121 54.291026
58.182121 52.744721 2.592426
58.182121 52.744721 54.291026
5.438951 1.901216 1.901216
5.438951 1.901216 53.599816
5.438951 53.599816 1.901216
5.438951 53.599816 53.599816
57.137551 1.901216 1.901216
57.137551 1.901216 53.599816
57.137551 53.599816 1.901216
57.137551 53.599816 53.599816
11.878529 15.517076 19.365779
11.878529 10.332224 6.483521
11.878529 10.332224 58.182121
13.970771 15.517076 6.483521
13.970771 15.517076 58.182121
13.970771 10.332224 19.365779
20.194507 20.194507 3.464065
20.194507 20.194507 55.162665
19.476931 20.495134 0.687074
19.476931 20.495134 52.385674
19.631509 21.743139 1.311076
19.631509 21.743139 53.009676
19.365779 23.256874 1.046121
19.365779 23.256874 52.744721
5.654793 5.654793 3.464065
5.654793 5.654793 55.162665
5.654793 57.353393 3.464065
5.654793 57.353393 55.162665
57.353393 5.654793 3.464065
57.353393 5.654793 55.162665
57.353393 57.353393 3.464065
57.353393 57.353393 55.162665
6.372369 5.354166 0.687074
6.372369 5.354166 52.385674
6.372369 57.052766 0.687074
6.372369 57.052766 52.385674
58.070969 5.354166 0.687074
58.070969 5.354166 52.385674
58.070969 57.052766 0.687074
58.070969 57.052766 52.385674
6.217791 4.106161 1.311076
6.217791 4.106161 53.009676
6.217791 55.804761 1.311076
6.217791 55.804761 53.009676
57.916391 4.106161 1.311076
57.916391 4.106161 53.009676
57.916391 55.804761 1.311076
57.916391 55.804761 53.009676
6.483521 2.592426 1.046121
6.483521 2.592426 52.744721
6.483521 54.291026 1.046121
6.483521 54.291026 52.744721
58.182121 2.592426 1.046121
58.182121 2.592426 52.744721
58.182121 54.291026 1.046121
58.182121 54.291026 52.744721
5.654793 20.194507 22.385235
57.353393 20.194507 22.385235
6.372369 20.495134 25.162226
58.070969 20.495134 25.162226
6.217791 21.743139 24.538224
57.916391 21.743139 24.538224
6.483521 23.256874 24.803179
58.182121 23.256874 24.803179
20.194507 5.654793 22.385235
20.194507 57.353393 22.385235
19.476931 5.354166 25.162226
19.476931 57.052766 25.162226
19.631509 4.106161 24.538224
19.631509 55.804761 24.538224
19.365779 2.592426 24.803179
19.365779 54.291026 24.803179
16.388715 20.194507 7.269857
16.388715 20.194507 58.968457
13.611724 19.476931 7.570484
13.611724 19.476931 59.269084
14.235726 19.631509 8.818489
13.970771 19.365779 10.332224
16.388715 5.654793 18.579443
16.388715 57.353393 18.579443
13.611724 6.372369 18.278816
13.611724 58.070969 18.278816
14.235726 6.217791 17.030811
14.235726 57.916391 17.030811
13.970771 6.483521 15.517076
13.970771 58.182121 15.517076
9.460585 5.654793 7.269857
9.460585 5.654793 58.968457
9.460585 57.353393 7.269857
9.460585 57.353393 58.968457
12.237576 6.372369 7.570484
12.237576 6.372369 59.269084
12.237576 58.070969 7.570484
12.237576 58.070969 59.269084
11.613574 6.217791 8.818489
11.613574 57.916391 8.818489
11.878529 6.483521 10.332224
11.878529 58.182121 10.332224
9.460585 20.194507 18.579443
12.237576 19.476931 18.278816
11.613574 19.631509 17.030811
11.878529 19.365779 15.517076
20.194507 16.388715 7.269857
20.194507 16.388715 58.968457
20.495134 13.611724 6.552281
20.495134 13.611724 58.250881
5.654793 16.388715 18.579443
57.353393 16.388715 18.579443
5.354166 13.611724 19.297019
57.052766 13.611724 19.297019
20.194507 9.460585 18.579443
20.495134 12.237576 19.297019
5.654793 9.460585 7.269857
5.654793 9.460585 58.968457
57.353393 9.460585 7.269857
57.353393 9.460585 58.968457
5.354166 12.237576 6.552281
5.354166 12.237576 58.250881
57.052766 12.237576 6.552281
57.052766 12.237576 58.250881
20.194507 20.194507 22.385235
5.654793 5.654793 22.385235
5.654793 57.353393 22.385235
57.353393 5.654793 22.385235
57.353393 57.353393 22.385235
20.194507 5.654793 3.464065
20.194507 5.654793 55.162665
20.194507 57.353393 3.464065
20.194507 57.353393 55.162665
5.654793 20.194507 3.464065
5.654793 20.194507 55.162665
57.353393 20.194507 3.464065
57.353393 20.194507 55.162665
20.194507 16.388715 18.579443
5.654793 16.388715 7.269857
5.654793 16.388715 58.968457
57.353393 16.388715 7.269857
57.353393 16.388715 58.968457
5.654793 9.460585 18.579443
57.353393 9.460585 18.579443
20.194507 9.460585 7.269857
20.194507 9.460585 58.968457
16.388715 20.194507 18.579443
13.970771 23.256874 19.408171
16.388715 5.654793 7.269857
16.388715 5.654793 58.968457
16.388715 57.353393 7.269857
16.388715 57.353393 58.968457
13.970771 2.592426 6.441129
13.970771 2.592426 58.139729
13.970771 54.291026 6.441129
13.970771 54.291026 58.139729
9.460585 20.194507 7.269857
9.460585 20.194507 58.968457
11.878529 23.256874 6.441129
11.878529 23.256874 58.139729
9.460585 5.654793 18.579443
9.460585 57.353393 18.579443
11.878529 2.592426 19.408171
11.878529 54.291026 19.408171
6.372369 5.354166 25.162226
6.372369 57.052766 25.162226
58.070969 5.354166 25.162226
58.070969 57.052766 25.162226
19.476931 20.495134 25.162226
19.476931 5.354166 0.687074
19.476931 5.354166 52.385674
19.476931 57.052766 0.687074
19.476931 57.052766 52.385674
6.372369 20.495134 0.687074
6.372369 20.495134 52.385674
58.070969 20.495134 0.687074
58.070969 20.495134 52.385674
12.237576 6.372369 18.278816
12.237576 58.070969 18.278816
12.237576 19.476931 7.570484
12.237576 19.476931 59.269084
13.611724 19.476931 18.278816
13.611724 6.372369 7.570484
13.611724 6.372369 59.269084
13.611724 58.070969 7.570484
13.611724 58.070969 59.269084
5.354166 12.237576 19.297019
57.052766 12.237576 19.297019
4.106161 11.613574 19.142441
55.804761 11.613574 19.142441
2.592426 11.878529 19.408171
54.291026 11.878529 19.408171
20.495134 12.237576 6.552281
20.495134 12.237576 58.250881
21.743139 11.613574 6.706859
21.743139 11.613574 58.405459
23.256874 11.878529 6.441129
23.256874 11.878529 58.139729
5.354166 13.611724 6.552281
5.354166 13.611724 58.250881
57.052766 13.611724 6.552281
57.052766 13.611724 58.250881
4.106161 14.235726 6.706859
4.106161 14.235726 58.405459
55.804761 14.235726 6.706859
55.804761 14.235726 58.405459
2.592426 13.970771 6.441129
2.592426 13.970771 58.139729
54.291026 13.970771 6.441129
54.291026 13.970771 58.139729
20.495134 13.611724 19.297019
21.743139 14.235726 19.142441
23.256874 13.970771 19.408171
2.592426 6.483521 1.046121
2.592426 6.483521 52.744721
2.592426 58.182121 1.046121
2.592426 58.182121 52.744721
54.291026 6.483521 1.046121
54.291026 6.483521 52.744721
54.291026 58.182121 1.046121
54.291026 58.182121 52.744721
23.256874 19.365779 1.046121
23.256874 19.365779 52.744721
2.592426 19.365779 24.803179
54.291026 19.365779 24.803179
23.256874 6.483521 24.803179
23.256874 58.182121 24.803179
6.483521 11.878529 10.332224
58.182121 11.878529 10.332224
19.365779 11.878529 15.517076
19.365779 13.970771 10.332224
6.483521 13.970771 15.517076
58.182121 13.970771 15.517076
14.043666 19.228519 4.510703
14.043666 19.228519 56.209303
11.805634 19.545431 8.413947
14.043666 6.303869 8.413947
14.043666 58.002469 8.413947
11.805634 6.620781 4.510703
11.805634 6.620781 56.209303
11.805634 58.319381 4.510703
11.805634 58.319381 56.209303
14.043666 19.545431 17.435353
11.805634 19.228519 21.338597
11.805634 6.303869 17.435353
11.805634 58.002469 17.435353
14.043666 6.620781 21.338597
14.043666 58.319381 21.338597
10.466382 6.644046 25.721346
10.466382 58.342646 25.721346
9.401649 6.440612 24.611636
9.401649 58.139212 24.611636
10.695406 5.584483 24.611636
10.695406 57.283083 24.611636
10.377977 7.939354 23.418690
11.544039 8.085920 24.468689
12.789200 6.569858 23.494170
12.789200 58.268458 23.494170
11.593153 5.567164 23.495721
11.593153 57.265764 23.495721
15.382918 19.205254 25.721346
16.447651 19.408688 24.611636
15.153894 20.264817 24.611636
15.471323 17.909946 23.418690
14.305261 17.763380 24.468689
13.060100 19.279442 23.494170
14.256147 20.282136 23.495721
14.249427 7.350507 15.246434
14.249427 59.049107 15.246434
13.052863 6.350139 15.312091
13.052863 58.048739 15.312091
14.381000 4.814432 14.264936
14.381000 56.513032 14.264936
15.426862 5.014506 15.426862
15.426862 56.713106 15.426862
15.940229 7.122775 14.532218
15.940229 58.821375 14.532218
16.168996 6.062953 13.422508
16.168996 57.761553 13.422508
14.875238 6.919082 13.422508
14.875238 58.617682 13.422508
11.599873 18.498793 15.246434
12.796437 19.499161 15.312091
11.468300 21.034868 14.264936
10.422438 20.834794 15.426862
9.909071 18.726525 14.532218
9.680304 19.786347 13.422508
10.974062 18.930218 13.422508
10.466382 6.280604 12.796696
10.466382 57.979204 12.796696
10.695406 7.340167 11.686986
10.695406 59.038767 11.686986
9.401649 6.484038 11.686986
9.401649 58.182638 11.686986
11.468300 4.814432 11.584364
11.468300 56.513032 11.584364
10.422438 5.014506 10.422438
10.422438 56.713106 10.422438
11.599873 7.350507 10.602866
11.599873 59.049107 10.602866
12.796437 6.350139 10.537209
12.796437 58.048739 10.537209
14.249427 18.498793 10.602866
13.052863 19.499161 10.537209
14.381000 21.034868 11.584364
15.426862 20.834794 10.422438
15.382918 19.568696 12.796696
15.153894 18.509133 11.686986
16.447651 19.365262 11.686986
23.391032 6.644046 12.796696
23.391032 58.342646 12.796696
22.326299 6.440612 11.686986
22.326299 58.139212 11.686986
23.620056 5.584483 11.686986
23.620056 57.283083 11.686986
24.509014 8.110218 11.468300
23.347088 7.910144 10.422438
24.539516 5.554498 10.548841
24.539516 57.253098 10.548841
25.721087 6.574511 10.537209
25.721087 58.273111 10.537209
22.833721 20.047425 14.532218
23.898712 19.843732 13.422508
22.604954 18.987603 13.422508
24.509014 17.739082 14.381000
23.347088 17.939156 15.426862
24.539516 20.294802 15.300459
25.721087 19.274789 15.312091
22.833721 18.726525 1.607568
22.833721 18.726525 53.306168
22.604954 19.786347 0.497858
22.604954 19.786347 52.196458
23.898712 18.930218 0.497858
23.898712 18.930218 52.196458
23.418690 20.864004 2.546673
23.418690 20.864004 54.245273
24.468689 21.010570 1.380611
24.468689 21.010570 53.079211
25.728842 19.474863 2.409155
25.728842 19.474863 54.107755
24.517803 18.491814 2.353579
24.517803 18.491814 54.052179
24.730284 19.228519 8.413947
24.730284 6.303869 4.510703
24.730284 6.303869 56.209303
24.730284 58.002469 4.510703
24.730284 58.002469 56.209303
24.730284 6.620781 17.435353
24.730284 58.319381 17.435353
24.730284 19.545431 21.338597
25.728842 6.374437 23.440145
25.728842 58.073037 23.440145
24.517803 7.357486 23.495721
24.517803 59.056086 23.495721
23.418690 4.985296 23.302627
23.418690 56.683896 23.302627
24.468689 4.838730 24.468689
24.468689 56.537330 24.468689
23.391032 6.280604 25.721346
23.391032 57.979204 25.721346
23.620056 7.340167 24.611636
23.620056 59.038767 24.611636
22.326299 6.484038 24.611636
22.326299 58.182638 24.611636
2.458268 19.568696 25.721346
54.156868 19.568696 25.721346
2.229244 18.509133 24.611636
53.927844 18.509133 24.611636
3.523001 19.365262 24.611636
55.221601 19.365262 24.611636
2.430610 20.864004 23.302627
54.129210 20.864004 23.302627
1.380611 21.010570 24.468689
53.079211 21.010570 24.468689
0.120458 19.474863 23.440145
51.819058 19.474863 23.440145
1.331497 18.491814 23.495721
53.030097 18.491814 23.495721
1.119016 6.303869 21.338597
1.119016 58.002469 21.338597
52.817616 6.303869 21.338597
52.817616 58.002469 21.338597
1.119016 19.228519 17.435353
52.817616 19.228519 17.435353
1.309784 5.554498 15.300459
1.309784 57.253098 15.300459
53.008384 5.554498 15.300459
53.008384 57.253098 15.300459
0.128213 6.574511 15.312091
0.128213 58.273111 15.312091
51.826813 6.574511 15.312091
51.826813 58.273111 15.312091
1.340286 8.110218 14.381000
53.038886 8.110218 14.381000
2.502212 7.910144 15.426862
54.200812 7.910144 15.426862
3.015579 5.801875 14.532218
3.015579 57.500475 14.532218
54.714179 5.801875 14.532218
54.714179 57.500475 14.532218
1.950588 6.005568 13.422508
1.950588 57.704168 13.422508
53.649188 6.005568 13.422508
53.649188 57.704168 13.422508
3.244346 6.861697 13.422508
3.244346 58.560297 13.422508
54.942946 6.861697 13.422508
54.942946 58.560297 13.422508
2.458268 19.205254 12.796696
54.156868 19.205254 12.796696
3.523001 19.408688 11.686986
55.221601 19.408688 11.686986
2.229244 20.264817 11.686986
53.927844 20.264817 11.686986
1.340286 17.739082 11.468300
53.038886 17.739082 11.468300
2.502212 17.939156 10.422438
54.200812 17.939156 10.422438
1.309784 20.294802 10.548841
53.008384 20.294802 10.548841
0.128213 19.274789 10.537209
51.826813 19.274789 10.537209
1.119016 19.545431 4.510703
1.119016 19.545431 56.209303
52.817616 19.545431 4.510703
52.817616 19.545431 56.209303
1.119016 6.620781 8.413947
1.119016 58.319381 8.413947
52.817616 6.620781 8.413947
52.817616 58.319381 8.413947
0.120458 6.374437 2.409155
0.120458 6.374437 54.107755
0.120458 58.073037 2.409155
0.120458 58.073037 54.107755
51.819058 6.374437 2.409155
51.819058 6.374437 54.107755
51.819058 58.073037 2.409155
51.819058 58.073037 54.107755
1.331497 7.357486 2.353579
1.331497 7.357486 54.052179
1.331497 59.056086 2.353579
1.331497 59.056086 54.052179
53.030097 7.357486 2.353579
53.030097 7.357486 54.052179
53.030097 59.056086 2.353579
53.030097 59.056086 54.052179
2.430610 4.985296 2.546673
2.430610 4.985296 54.245273
2.430610 56.683896 2.546673
2.430610 56.683896 54.245273
54.129210 4.985296 2.546673
54.129210 4.985296 54.245273
54.129210 56.683896 2.546673
54.129210 56.683896 54.245273
1.380611 4.838730 1.380611
1.380611 4.838730 53.079211
1.380611 56.537330 1.380611
1.380611 56.537330 53.079211
53.079211 4.838730 1.380611
53.079211 4.838730 53.079211
53.079211 56.537330 1.380611
53.079211 56.537330 53.079211
3.015579 7.122775 1.607568
3.015579 7.122775 53.306168
3.015579 58.821375 1.607568
3.015579 58.821375 53.306168
54.714179 7.122775 1.607568
54.714179 7.122775 53.306168
54.714179 58.821375 1.607568
54.714179 58.821375 53.306168
3.244346 6.062953 0.497858
3.244346 6.062953 52.196458
3.244346 57.761553 0.497858
3.244346 57.761553 52.196458
54.942946 6.062953 0.497858
54.942946 6.062953 52.196458
54.942946 57.761553 0.497858
54.942946 57.761553 52.196458
1.950588 6.919082 0.497858
1.950588 6.919082 52.196458
1.950588 58.617682 0.497858
1.950588 58.617682 52.196458
53.649188 6.919082 0.497858
53.649188 6.919082 52.196458
53.649188 58.617682 0.497858
53.649188 58.617682 52.196458
12.789200 19.279442 2.355130
12.789200 19.279442 54.053730
11.593153 20.282136 2.353579
11.593153 20.282136 54.052179
10.377977 17.909946 2.430610
10.377977 17.909946 54.129210
11.544039 17.763380 1.380611
11.544039 17.763380 53.079211
9.909071 20.047425 1.607568
9.909071 20.047425 53.306168
10.974062 19.843732 0.497858
10.974062 19.843732 52.196458
9.680304 18.987603 0.497858
9.680304 18.987603 52.196458
15.940229 5.801875 1.607568
15.940229 5.801875 53.306168
15.940229 57.500475 1.607568
15.940229 57.500475 53.306168
14.875238 6.005568 0.497858
14.875238 6.005568 52.196458
14.875238 57.704168 0.497858
14.875238 57.704168 52.196458
16.168996 6.861697 0.497858
16.168996 6.861697 52.196458
16.168996 58.560297 0.497858
16.168996 58.560297 52.196458
15.471323 7.939354 2.430610
15.471323 7.939354 54.129210
14.305261 8.085920 1.380611
14.305261 8.085920 53.079211
13.060100 6.569858 2.355130
13.060100 6.569858 54.053730
13.060100 58.268458 2.355130
13.060100 58.268458 54.053730
14.256147 5.567164 2.353579
14.256147 5.567164 54.052179
14.256147 57.265764 2.353579
14.256147 57.265764 54.052179
7.122775 1.607568 3.015579
7.122775 1.607568 54.714179
7.122775 53.306168 3.015579
7.122775 53.306168 54.714179
58.821375 1.607568 3.015579
58.821375 1.607568 54.714179
58.821375 53.306168 3.015579
58.821375 53.306168 54.714179
6.062953 0.497858 3.244346
6.062953 0.497858 54.942946
6.062953 52.196458 3.244346
6.062953 52.196458 54.942946
57.761553 0.497858 3.244346
57.761553 0.497858 54.942946
57.761553 52.196458 3.244346
57.761553 52.196458 54.942946
6.919082 0.497858 1.950588
6.919082 0.497858 53.649188
6.919082 52.196458 1.950588
6.919082 52.196458 53.649188
58.617682 0.497858 1.950588
58.617682 0.497858 53.649188
58.617682 52.196458 1.950588
58.617682 52.196458 53.649188
4.814432 1.340286 1.456350
4.814432 1.340286 53.154950
4.814432 53.038886 1.456350
4.814432 53.038886 53.154950
56.513032 1.340286 1.456350
56.513032 1.340286 53.154950
56.513032 53.038886 1.456350
56.513032 53.038886 53.154950
5.014506 2.502212 2.502212
5.014506 2.502212 54.200812
5.014506 54.200812 2.502212
5.014506 54.200812 54.200812
56.713106 2.502212 2.502212
56.713106 2.502212 54.200812
56.713106 54.200812 2.502212
56.713106 54.200812 54.200812
7.350507 2.321784 1.324777
7.350507 2.321784 53.023377
7.350507 54.020384 1.324777
7.350507 54.020384 53.023377
59.049107 2.321784 1.324777
59.049107 2.321784 53.023377
59.049107 54.020384 1.324777
59.049107 54.020384 53.023377
6.350139 2.387441 0.128213
6.350139 2.387441 51.826813
6.350139 54.086041 0.128213
6.350139 54.086041 51.826813
58.048739 2.387441 0.128213
58.048739 2.387441 51.826813
58.048739 54.086041 0.128213
58.048739 54.086041 51.826813
20.294802 10.548841 1.309784
20.294802 10.548841 53.008384
19.274789 10.537209 0.128213
19.274789 10.537209 51.826813
17.739082 11.468300 1.340286
17.739082 11.468300 53.038886
17.939156 10.422438 2.502212
17.939156 10.422438 54.200812
19.205254 12.796696 2.458268
19.205254 12.796696 54.156868
19.408688 11.686986 3.523001
19.408688 11.686986 55.221601
20.264817 11.686986 2.229244
20.264817 11.686986 53.927844
5.801875 14.532218 3.015579
5.801875 14.532218 54.714179
57.500475 14.532218 3.015579
57.500475 14.532218 54.714179
6.005568 13.422508 1.950588
6.005568 13.422508 53.649188
57.704168 13.422508 1.950588
57.704168 13.422508 53.649188
6.861697 13.422508 3.244346
6.861697 13.422508 54.942946
58.560297 13.422508 3.244346
58.560297 13.422508 54.942946
8.110218 14.381000 1.340286
8.110218 14.381000 53.038886
7.910144 15.426862 2.502212
7.910144 15.426862 54.200812
5.554498 15.300459 1.309784
5.554498 15.300459 53.008384
57.253098 15.300459 1.309784
57.253098 15.300459 53.008384
6.574511 15.312091 0.128213
6.574511 15.312091 51.826813
58.273111 15.312091 0.128213
58.273111 15.312091 51.826813
6.303869 21.338597 1.119016
6.303869 21.338597 52.817616
58.002469 21.338597 1.119016
58.002469 21.338597 52.817616
6.620781 8.413947 1.119016
6.620781 8.413947 52.817616
58.319381 8.413947 1.119016
58.319381 8.413947 52.817616
19.545431 4.510703 1.119016
19.545431 4.510703 52.817616
19.545431 56.209303 1.119016
19.545431 56.209303 52.817616
19.228519 17.435353 1.119016
19.228519 17.435353 52.817616
18.498793 23.527516 1.324777
18.498793 23.527516 53.023377
19.499161 23.461859 0.128213
19.499161 23.461859 51.826813
21.034868 24.509014 1.456350
21.034868 24.509014 53.154950
20.834794 23.347088 2.502212
20.834794 23.347088 54.200812
19.568696 25.721346 2.458268
19.568696 25.721346 54.156868
18.509133 24.611636 2.229244
18.509133 24.611636 53.927844
19.365262 24.611636 3.523001
19.365262 24.611636 55.221601
6.644046 25.721346 10.466382
58.342646 25.721346 10.466382
6.440612 24.611636 9.401649
58.139212 24.611636 9.401649
5.584483 24.611636 10.695406
57.283083 24.611636 10.695406
7.939354 23.418690 10.377977
8.085920 24.468689 11.544039
6.569858 23.494170 12.789200
58.268458 23.494170 12.789200
5.567164 23.495721 11.593153
57.265764 23.495721 11.593153
6.620781 21.338597 14.043666
58.319381 21.338597 14.043666
19.545431 17.435353 14.043666
6.303869 17.435353 11.805634
58.002469 17.435353 11.805634
19.279442 23.494170 13.060100
20.282136 23.495721 14.256147
17.909946 23.418690 15.471323
17.763380 24.468689 14.305261
19.205254 25.721346 15.382918
19.408688 24.611636 16.447651
20.264817 24.611636 15.153894
6.280604 25.721346 23.391032
57.979204 25.721346 23.391032
7.340167 24.611636 23.620056
59.038767 24.611636 23.620056
6.484038 24.611636 22.326299
58.182638 24.611636 22.326299
4.814432 24.509014 24.392950
56.513032 24.509014 24.392950
5.014506 23.347088 23.347088
56.713106 23.347088 23.347088
7.350507 23.527516 24.524523
59.049107 23.527516 24.524523
6.350139 23.461859 25.721087
58.048739 23.461859 25.721087
19.545431 21.338597 24.730284
20.294802 15.300459 24.539516
19.274789 15.312091 25.721087
17.739082 14.381000 24.509014
17.939156 15.426862 23.347088
20.047425 14.532218 22.833721
19.843732 13.422508 23.898712
18.987603 13.422508 22.604954
6.644046 12.796696 23.391032
58.342646 12.796696 23.391032
6.440612 11.686986 22.326299
58.139212 11.686986 22.326299
5.584483 11.686986 23.620056
57.283083 11.686986 23.620056
8.110218 11.468300 24.509014
7.910144 10.422438 23.347088
5.554498 10.548841 24.539516
57.253098 10.548841 24.539516
6.574511 10.537209 25.721087
58.273111 10.537209 25.721087
19.228519 8.413947 24.730284
6.303869 4.510703 24.730284
6.303869 56.209303 24.730284
58.002469 4.510703 24.730284
58.002469 56.209303 24.730284
4.510703 14.043666 19.228519
56.209303 14.043666 19.228519
8.390424 11.762465 19.543622
6.374437 15.333805 13.045108
58.073037 15.333805 13.045108
7.357486 15.278229 14.256147
59.056086 15.278229 14.256147
4.985296 15.471323 15.355260
56.683896 15.471323 15.355260
4.838730 14.305261 14.305261
56.537330 14.305261 14.305261
7.122775 14.532218 15.940229
58.821375 14.532218 15.940229
6.062953 13.422508 16.168996
57.761553 13.422508 16.168996
6.919082 13.422508 14.875238
58.617682 13.422508 14.875238
19.474863 15.333805 12.804192
18.491814 15.278229 11.593153
20.864004 15.471323 10.494040
21.010570 14.305261 11.544039
18.726525 14.532218 9.909071
19.786347 13.422508 9.680304
18.930218 13.422508 10.974062
6.280604 12.796696 10.466382
57.979204 12.796696 10.466382
7.340167 11.686986 10.695406
59.038767 11.686986 10.695406
6.484038 11.686986 9.401649
58.182638 11.686986 9.401649
4.985296 10.377977 10.494040
56.683896 10.377977 10.494040
4.838730 11.544039 11.544039
56.537330 11.544039 11.544039
6.374437 10.515495 12.804192
58.073037 10.515495 12.804192
7.357486 10.571071 11.593153
59.056086 10.571071 11.593153
19.474863 10.515495 13.045108
18.491814 10.571071 14.256147
20.864004 10.377977 15.355260
21.010570 11.544039 14.305261
19.568696 12.796696 15.382918
18.509133 11.686986 15.153894
19.365262 11.686986 16.447651
6.569858 2.355130 13.060100
6.569858 54.053730 13.060100
58.268458 2.355130 13.060100
58.268458 54.053730 13.060100
5.567164 2.353579 14.256147
5.567164 54.052179 14.256147
57.265764 2.353579 14.256147
57.265764 54.052179 14.256147
7.939354 2.430610 15.471323
7.939354 54.129210 15.471323
8.085920 1.380611 14.305261
8.085920 53.079211 14.305261
5.801875 1.607568 15.940229
5.801875 53.306168 15.940229
57.500475 1.607568 15.940229
57.500475 53.306168 15.940229
6.005568 0.497858 14.875238
6.005568 52.196458 14.875238
57.704168 0.497858 14.875238
57.704168 52.196458 14.875238
6.861697 0.497858 16.168996
6.861697 52.196458 16.168996
58.560297 0.497858 16.168996
58.560297 52.196458 16.168996
19.279442 2.355130 12.789200
19.279442 54.053730 12.789200
20.282136 2.353579 11.593153
20.282136 54.052179 11.593153
17.909946 2.430610 10.377977
17.909946 54.129210 10.377977
17.763380 1.380611 11.544039
17.763380 53.079211 11.544039
20.047425 1.607568 9.909071
20.047425 53.306168 9.909071
19.843732 0.497858 10.974062
19.843732 52.196458 10.974062
18.987603 0.497858 9.680304
18.987603 52.196458 9.680304
6.620781 17.435353 24.730284
58.319381 17.435353 24.730284
11.798396 3.534116 19.310203
11.798396 55.232716 19.310203
11.585915 2.338328 20.275415
11.585915 54.036928 20.275415
12.786356 2.338328 19.292884
12.786356 54.036928 19.292884
11.468300 1.340286 17.739082
11.468300 53.038886 17.739082
10.422438 2.502212 17.939156
10.422438 54.200812 17.939156
10.548841 1.309784 20.294802
10.548841 53.008384 20.294802
10.537209 0.128213 19.274789
10.537209 51.826813 19.274789
2.321784 1.324777 7.350507
2.321784 1.324777 59.049107
2.321784 53.023377 7.350507
2.321784 53.023377 59.049107
54.020384 1.324777 7.350507
54.020384 1.324777 59.049107
54.020384 53.023377 7.350507
54.020384 53.023377 59.049107
2.387441 0.128213 6.350139
2.387441 0.128213 58.048739
2.387441 51.826813 6.350139
2.387441 51.826813 58.048739
54.086041 0.128213 6.350139
54.086041 0.128213 58.048739
54.086041 51.826813 6.350139
54.086041 51.826813 58.048739
1.340286 1.456350 4.814432
1.340286 1.456350 56.513032
1.340286 53.154950 4.814432
1.340286 53.154950 56.513032
53.038886 1.456350 4.814432
53.038886 1.456350 56.513032
53.038886 53.154950 4.814432
53.038886 53.154950 56.513032
2.502212 2.502212 5.014506
2.502212 2.502212 56.713106
2.502212 54.200812 5.014506
2.502212 54.200812 56.713106
54.200812 2.502212 5.014506
54.200812 2.502212 56.713106
54.200812 54.200812 5.014506
54.200812 54.200812 56.713106
1.126254 3.534116 6.385553
1.126254 3.534116 58.084153
1.126254 55.232716 6.385553
1.126254 55.232716 58.084153
52.824854 3.534116 6.385553
52.824854 3.534116 58.084153
52.824854 55.232716 6.385553
52.824854 55.232716 58.084153
0.138294 2.338328 6.368234
0.138294 2.338328 58.066834
0.138294 54.036928 6.368234
0.138294 54.036928 58.066834
51.836894 2.338328 6.368234
51.836894 2.338328 58.066834
51.836894 54.036928 6.368234
51.836894 54.036928 58.066834
1.338735 2.338328 7.350765
1.338735 2.338328 59.049365
1.338735 54.036928 7.350765
1.338735 54.036928 59.049365
53.037335 2.338328 7.350765
53.037335 2.338328 59.049365
53.037335 54.036928 7.350765
53.037335 54.036928 59.049365
0.609010 10.984919 19.942218
52.307610 10.984919 19.942218
0.396787 9.789130 18.977005
52.095387 9.789130 18.977005
1.597228 9.789130 19.959537
53.295828 9.789130 19.959537
2.430610 10.377977 17.909946
54.129210 10.377977 17.909946
1.380611 11.544039 17.763380
53.079211 11.544039 17.763380
2.355130 12.789200 19.279442
54.053730 12.789200 19.279442
2.353579 11.593153 20.282136
54.052179 11.593153 20.282136
2.355130 13.060100 6.569858
2.355130 13.060100 58.268458
54.053730 13.060100 6.569858
54.053730 13.060100 58.268458
2.353579 14.256147 5.567164
2.353579 14.256147 57.265764
54.052179 14.256147 5.567164
54.052179 14.256147 57.265764
2.430610 15.471323 7.939354
54.129210 15.471323 7.939354
1.380611 14.305261 8.085920
53.079211 14.305261 8.085920
1.126254 16.458766 6.539097
1.126254 16.458766 58.237697
52.824854 16.458766 6.539097
52.824854 16.458766 58.237697
1.338735 15.262978 5.573885
1.338735 15.262978 57.272485
53.037335 15.262978 5.573885
53.037335 15.262978 57.272485
0.138294 15.262978 6.556416
0.138294 15.262978 58.255016
51.836894 15.262978 6.556416
51.836894 15.262978 58.255016
0.609010 23.909569 18.831732
52.307610 23.909569 18.831732
1.597228 22.713780 18.814413
53.295828 22.713780 18.814413
0.396787 22.713780 19.796945
52.095387 22.713780 19.796945
1.340286 24.392950 21.034868
53.038886 24.392950 21.034868
2.502212 23.347088 20.834794
54.200812 23.347088 20.834794
2.321784 24.524523 18.498793
54.020384 24.524523 18.498793
2.387441 25.721087 19.499161
54.086041 25.721087 19.499161
10.548841 24.539516 5.554498
10.548841 24.539516 57.253098
10.537209 25.721087 6.574511
10.537209 25.721087 58.273111
11.468300 24.509014 8.110218
10.422438 23.347088 7.910144
12.315640 23.909569 5.907082
12.315640 23.909569 57.605682
12.527863 22.713780 6.872295
12.527863 22.713780 58.570895
11.327422 22.713780 5.889763
11.327422 22.713780 57.588363
13.533660 23.909569 19.942218
13.321437 22.713780 18.977005
14.521878 22.713780 19.959537
14.381000 24.509014 17.739082
15.426862 23.347088 17.939156
15.300459 24.539516 20.294802
15.312091 25.721087 19.274789
23.527516 24.524523 7.350507
23.527516 24.524523 59.049107
23.461859 25.721087 6.350139
23.461859 25.721087 58.048739
24.509014 24.392950 4.814432
24.509014 24.392950 56.513032
23.347088 23.347088 5.014506
23.347088 23.347088 56.713106
25.240290 23.909569 7.017568
25.240290 23.909569 58.716168
24.252072 22.713780 7.034887
24.252072 22.713780 58.733487
25.452513 22.713780 6.052355
25.452513 22.713780 57.750955
24.723046 16.458766 19.310203
24.510565 15.262978 20.275415
25.711006 15.262978 19.292884
23.418690 15.471323 17.909946
24.468689 14.305261 17.763380
23.494170 13.060100 19.279442
23.495721 14.256147 20.282136
23.494170 12.789200 6.569858
23.494170 12.789200 58.268458
23.495721 11.593153 5.567164
23.495721 11.593153 57.265764
23.418690 10.377977 7.939354
24.468689 11.544039 8.085920
25.728842 10.515495 6.550213
25.728842 10.515495 58.248813
24.517803 10.571071 5.567164
24.517803 10.571071 57.265764
24.723046 3.534116 19.463747
24.723046 55.232716 19.463747
25.711006 2.338328 19.481066
25.711006 54.036928 19.481066
24.510565 2.338328 18.498535
24.510565 54.036928 18.498535
24.509014 1.456350 21.034868
24.509014 53.154950 21.034868
23.347088 2.502212 20.834794
23.347088 54.200812 20.834794
23.527516 1.324777 18.498793
23.527516 53.023377 18.498793
23.461859 0.128213 19.499161
23.461859 51.826813 19.499161
15.300459 1.309784 5.554498
15.300459 1.309784 57.253098
15.300459 53.008384 5.554498
15.300459 53.008384 57.253098
15.312091 0.128213 6.574511
15.312091 0.128213 58.273111
15.312091 51.826813 6.574511
15.312091 51.826813 58.273111
14.381000 1.340286 8.110218
14.381000 53.038886 8.110218
15.426862 2.502212 7.910144
15.426862 54.200812 7.910144
14.050904 3.534116 6.539097
14.050904 3.534116 58.237697
14.050904 55.232716 6.539097
14.050904 55.232716 58.237697
14.263385 2.338328 5.573885
14.263385 2.338328 57.272485
14.263385 54.036928 5.573885
14.263385 54.036928 57.272485
13.062944 2.338328 6.556416
13.062944 2.338328 58.255016
13.062944 54.036928 6.556416
13.062944 54.036928 58.255016
13.533660 10.984919 18.831732
14.521878 9.789130 18.814413
13.321437 9.789130 19.796945
15.471323 10.494040 20.864004
14.305261 11.544039 21.010570
15.333805 12.804192 19.474863
15.278229 11.593153 18.491814
15.333805 13.045108 6.374437
15.333805 13.045108 58.073037
15.278229 14.256147 7.357486
15.278229 14.256147 59.056086
15.471323 15.355260 4.985296
15.471323 15.355260 56.683896
14.305261 14.305261 4.838730
14.305261 14.305261 56.537330
14.050904 16.458766 6.385553
14.050904 16.458766 58.084153
13.062944 15.262978 6.368234
13.062944 15.262978 58.066834
14.263385 15.262978 7.350765
14.263385 15.262978 59.049365
11.798396 16.458766 19.463747
12.786356 15.262978 19.481066
11.585915 15.262978 18.498535
10.377977 15.355260 20.864004
11.544039 14.305261 21.010570
10.515495 13.045108 19.474863
10.571071 14.256147 18.491814
10.515495 12.804192 6.374437
10.515495 12.804192 58.073037
10.571071 11.593153 7.357486
10.571071 11.593153 59.056086
10.377977 10.494040 4.985296
10.377977 10.494040 56.683896
11.544039 11.544039 4.838730
11.544039 11.544039 56.537330
12.315640 10.984919 7.017568
12.315640 10.984919 58.716168
11.327422 9.789130 7.034887
11.327422 9.789130 58.733487
12.527863 9.789130 6.052355
12.527863 9.789130 57.750955
4.510703 1.119016 19.545431
4.510703 52.817616 19.545431
56.209303 1.119016 19.545431
56.209303 52.817616 19.545431
8.413947 1.119016 6.620781
8.413947 1.119016 58.319381
8.413947 52.817616 6.620781
8.413947 52.817616 58.319381
21.338597 1.119016 6.303869
21.338597 1.119016 58.002469
21.338597 52.817616 6.303869
21.338597 52.817616 58.002469
17.435353 1.119016 19.228519
17.435353 52.817616 19.228519
21.338597 24.730284 19.545431
17.435353 24.730284 6.620781
17.435353 24.730284 58.319381
8.413947 24.730284 19.228519
4.510703 24.730284 6.303869
4.510703 24.730284 58.002469
56.209303 24.730284 6.303869
56.209303 24.730284 58.002469
21.338597 14.043666 6.620781
21.338597 14.043666 58.319381
17.458876 11.762465 6.305678
17.458876 11.762465 58.004278
17.458876 14.086835 19.543622
21.338597 11.805634 19.228519
4.510703 11.805634 6.620781
4.510703 11.805634 58.319381
56.209303 11.805634 6.620781
56.209303 11.805634 58.319381
8.390424 14.086835 6.305678
8.390424 14.086835 58.004278
19.545431 8.413947 11.805634
19.228519 4.510703 14.043666
19.228519 56.209303 14.043666
19.228519 21.338597 11.805634
6.303869 8.413947 14.043666
58.002469 8.413947 14.043666
6.620781 4.510703 11.805634
6.620781 56.209303 11.805634
58.319381 4.510703 11.805634
58.319381 56.209303 11.805634
18.498793 2.321784 24.524523
18.498793 54.020384 24.524523
19.499161 2.387441 25.721087
19.499161 54.086041 25.721087
21.034868 1.340286 24.392950
21.034868 53.038886 24.392950
20.834794 2.502212 23.347088
20.834794 54.200812 23.347088
18.726525 1.607568 22.833721
18.726525 53.306168 22.833721
19.786347 0.497858 22.604954
19.786347 52.196458 22.604954
18.930218 0.497858 23.898712
18.930218 52.196458 23.898712
7.582117 7.582117 31.191833
7.582117 59.280717 31.191833
59.280717 7.582117 31.191833
59.280717 59.280717 31.191833
6.462325 6.462325 32.311625
6.462325 58.160925 32.311625
58.160925 6.462325 32.311625
58.160925 58.160925 32.311625
7.269857 7.269857 29.313365
7.269857 58.968457 29.313365
58.968457 7.269857 29.313365
58.968457 58.968457 29.313365
6.462325 6.462325 28.741061
6.462325 58.160925 28.741061
58.160925 6.462325 28.741061
58.160925 58.160925 28.741061
6.462325 6.462325 27.257311
6.462325 58.160925 27.257311
58.160925 6.462325 27.257311
58.160925 58.160925 27.257311
6.552281 7.570484 26.536374
6.552281 59.269084 26.536374
58.250881 7.570484 26.536374
58.250881 59.269084 26.536374
18.267183 18.267183 31.191833
19.386975 19.386975 32.311625
18.579443 18.579443 29.313365
19.386975 19.386975 28.741061
19.386975 19.386975 27.257311
19.297019 18.278816 26.536374
18.267183 7.582117 -5.342533
18.267183 7.582117 46.356067
18.267183 59.280717 -5.342533
18.267183 59.280717 46.356067
19.386975 6.462325 -6.462325
19.386975 6.462325 45.236275
19.386975 58.160925 -6.462325
19.386975 58.160925 45.236275
18.579443 7.269857 -3.464065
18.579443 7.269857 48.234535
18.579443 58.968457 -3.464065
18.579443 58.968457 48.234535
19.386975 6.462325 -2.891761
19.386975 6.462325 48.806839
19.386975 58.160925 -2.891761
19.386975 58.160925 48.806839
19.386975 6.462325 -1.408011
19.386975 6.462325 50.290589
19.386975 58.160925 -1.408011
19.386975 58.160925 50.290589
19.297019 7.570484 -0.687074
19.297019 7.570484 51.011526
19.297019 59.269084 -0.687074
19.297019 59.269084 51.011526
7.582117 18.267183 -5.342533
7.582117 18.267183 46.356067
59.280717 18.267183 -5.342533
59.280717 18.267183 46.356067
6.462325 19.386975 -6.462325
6.462325 19.386975 45.236275
58.160925 19.386975 -6.462325
58.160925 19.386975 45.236275
7.269857 18.579443 -3.464065
7.269857 18.579443 48.234535
58.968457 18.579443 -3.464065
58.968457 18.579443 48.234535
6.462325 19.386975 -2.891761
6.462325 19.386975 48.806839
58.160925 19.386975 -2.891761
58.160925 19.386975 48.806839
6.462325 19.386975 -1.408011
6.462325 19.386975 50.290589
58.160925 19.386975 -1.408011
58.160925 19.386975 50.290589
6.552281 18.278816 -0.687074
6.552281 18.278816 51.011526
58.250881 18.278816 -0.687074
58.250881 18.278816 51.011526
5.342533 7.582117 33.431417
5.342533 59.280717 33.431417
57.041133 7.582117 33.431417
57.041133 59.280717 33.431417
3.464065 7.269857 33.119157
3.464065 58.968457 33.119157
55.162665 7.269857 33.119157
55.162665 58.968457 33.119157
2.891761 6.462325 32.311625
2.891761 58.160925 32.311625
54.590361 6.462325 32.311625
54.590361 58.160925 32.311625
1.408011 6.462325 32.311625
1.408011 58.160925 32.311625
53.106611 6.462325 32.311625
53.106611 58.160925 32.311625
0.687074 6.552281 33.419784
0.687074 58.250881 33.419784
52.385674 6.552281 33.419784
52.385674 58.250881 33.419784
5.342533 18.267183 -7.582117
5.342533 18.267183 44.116483
57.041133 18.267183 -7.582117
57.041133 18.267183 44.116483
3.464065 18.579443 -7.269857
3.464065 18.579443 44.428743
55.162665 18.579443 -7.269857
55.162665 18.579443 44.428743
2.891761 19.386975 -6.462325
2.891761 19.386975 45.236275
54.590361 19.386975 -6.462325
54.590361 19.386975 45.236275
1.408011 19.386975 -6.462325
1.408011 19.386975 45.236275
53.106611 19.386975 -6.462325
53.106611 19.386975 45.236275
0.687074 19.297019 -7.570484
0.687074 19.297019 44.128116
52.385674 19.297019 -7.570484
52.385674 19.297019 44.128116
20.506767 18.267183 33.431417
22.385235 18.579443 33.119157
22.957539 19.386975 32.311625
24.441289 19.386975 32.311625
25.162226 19.297019 33.419784
20.506767 7.582117 -7.582117
20.506767 7.582117 44.116483
20.506767 59.280717 -7.582117
20.506767 59.280717 44.116483
22.385235 7.269857 -7.269857
22.385235 7.269857 44.428743
22.385235 58.968457 -7.269857
22.385235 58.968457 44.428743
22.957539 6.462325 -6.462325
22.957539 6.462325 45.236275
22.957539 58.160925 -6.462325
22.957539 58.160925 45.236275
24.441289 6.462325 -6.462325
24.441289 6.462325 45.236275
24.441289 58.160925 -6.462325
24.441289 58.160925 45.236275
25.162226 6.552281 -7.570484
25.162226 6.552281 44.128116
25.162226 58.250881 -7.570484
25.162226 58.250881 44.128116
7.582117 5.342533 33.431417
7.582117 57.041133 33.431417
59.280717 5.342533 33.431417
59.280717 57.041133 33.431417
7.269857 3.464065 33.119157
7.269857 55.162665 33.119157
58.968457 3.464065 33.119157
58.968457 55.162665 33.119157
6.462325 2.891761 32.311625
6.462325 54.590361 32.311625
58.160925 2.891761 32.311625
58.160925 54.590361 32.311625
6.462325 1.408011 32.311625
6.462325 53.106611 32.311625
58.160925 1.408011 32.311625
58.160925 53.106611 32.311625
7.570484 0.687074 32.401581
7.570484 52.385674 32.401581
59.269084 0.687074 32.401581
59.269084 52.385674 32.401581
18.267183 5.342533 -7.582117
18.267183 5.342533 44.116483
18.267183 57.041133 -7.582117
18.267183 57.041133 44.116483
18.579443 3.464065 -7.269857
18.579443 3.464065 44.428743
18.579443 55.162665 -7.269857
18.579443 55.162665 44.428743
19.386975 2.891761 -6.462325
19.386975 2.891761 45.236275
19.386975 54.590361 -6.462325
19.386975 54.590361 45.236275
19.386975 1.408011 -6.462325
19.386975 1.408011 45.236275
19.386975 53.106611 -6.462325
19.386975 53.106611 45.236275
18.278816 0.687074 -6.552281
18.278816 0.687074 45.146319
18.278816 52.385674 -6.552281
18.278816 52.385674 45.146319
7.582117 20.506767 -7.582117
7.582117 20.506767 44.116483
59.280717 20.506767 -7.582117
59.280717 20.506767 44.116483
7.269857 22.385235 -7.269857
7.269857 22.385235 44.428743
58.968457 22.385235 -7.269857
58.968457 22.385235 44.428743
6.462325 22.957539 -6.462325
6.462325 22.957539 45.236275
58.160925 22.957539 -6.462325
58.160925 22.957539 45.236275
6.462325 24.441289 -6.462325
6.462325 24.441289 45.236275
58.160925 24.441289 -6.462325
58.160925 24.441289 45.236275
7.570484 25.162226 -6.552281
7.570484 25.162226 45.146319
59.269084 25.162226 -6.552281
59.269084 25.162226 45.146319
18.267183 20.506767 33.431417
18.579443 22.385235 33.119157
19.386975 22.957539 32.311625
19.386975 24.441289 32.311625
18.278816 25.162226 32.401581
7.582117 7.582117 -5.342533
7.582117 7.582117 46.356067
7.582117 59.280717 -5.342533
7.582117 59.280717 46.356067
59.280717 7.582117 -5.342533
59.280717 7.582117 46.356067
59.280717 59.280717 -5.342533
59.280717 59.280717 46.356067
6.462325 6.462325 -6.462325
6.462325 6.462325 45.236275
6.462325 58.160925 -6.462325
6.462325 58.160925 45.236275
58.160925 6.462325 -6.462325
58.160925 6.462325 45.236275
58.160925 58.160925 -6.462325
58.160925 58.160925 45.236275
7.269857 7.269857 -3.464065
7.269857 7.269857 48.234535
7.269857 58.968457 -3.464065
7.269857 58.968457 48.234535
58.968457 7.269857 -3.464065
58.968457 7.269857 48.234535
58.968457 58.968457 -3.464065
58.968457 58.968457 48.234535
6.462325 6.462325 -2.891761
6.462325 6.462325 48.806839
6.462325 58.160925 -2.891761
6.462325 58.160925 48.806839
58.160925 6.462325 -2.891761
58.160925 6.462325 48.806839
58.160925 58.160925 -2.891761
58.160925 58.160925 48.806839
6.462325 6.462325 -1.408011
6.462325 6.462325 50.290589
6.462325 58.160925 -1.408011
6.462325 58.160925 50.290589
58.160925 6.462325 -1.408011
58.160925 6.462325 50.290589
58.160925 58.160925 -1.408011
58.160925 58.160925 50.290589
10.332224 6.441129 -1.046121
10.332224 6.441129 50.652479
10.332224 58.139729 -1.046121
10.332224 58.139729 50.652479
11.023434 7.485699 -1.901216
11.023434 7.485699 49.797384
11.023434 59.184299 -1.901216
11.023434 59.184299 49.797384
18.267183 18.267183 -5.342533
18.267183 18.267183 46.356067
19.386975 19.386975 -6.462325
19.386975 19.386975 45.236275
18.579443 18.579443 -3.464065
18.579443 18.579443 48.234535
19.386975 19.386975 -2.891761
19.386975 19.386975 48.806839
19.386975 19.386975 -1.408011
19.386975 19.386975 50.290589
15.517076 19.408171 -1.046121
15.517076 19.408171 50.652479
14.825866 18.363601 -1.901216
14.825866 18.363601 49.797384
7.582117 18.267183 31.191833
59.280717 18.267183 31.191833
6.462325 19.386975 32.311625
58.160925 19.386975 32.311625
7.269857 18.579443 29.313365
58.968457 18.579443 29.313365
6.462325 19.386975 28.741061
58.160925 19.386975 28.741061
6.462325 19.386975 27.257311
58.160925 19.386975 27.257311
10.332224 19.408171 26.895421
11.023434 18.363601 27.750516
18.267183 7.582117 31.191833
18.267183 59.280717 31.191833
19.386975 6.462325 32.311625
19.386975 58.160925 32.311625
18.579443 7.269857 29.313365
18.579443 58.968457 29.313365
19.386975 6.462325 28.741061
19.386975 58.160925 28.741061
19.386975 6.462325 27.257311
19.386975 58.160925 27.257311
15.517076 6.441129 26.895421
15.517076 58.139729 26.895421
14.825866 7.485699 27.750516
14.825866 59.184299 27.750516
7.582117 5.342533 -7.582117
7.582117 5.342533 44.116483
7.582117 57.041133 -7.582117
7.582117 57.041133 44.116483
59.280717 5.342533 -7.582117
59.280717 5.342533 44.116483
59.280717 57.041133 -7.582117
59.280717 57.041133 44.116483
7.269857 3.464065 -7.269857
7.269857 3.464065 44.428743
7.269857 55.162665 -7.269857
7.269857 55.162665 44.428743
58.968457 3.464065 -7.269857
58.968457 3.464065 44.428743
58.968457 55.162665 -7.269857
58.968457 55.162665 44.428743
6.462325 2.891761 -6.462325
6.462325 2.891761 45.236275
6.462325 54.590361 -6.462325
6.462325 54.590361 45.236275
58.160925 2.891761 -6.462325
58.160925 2.891761 45.236275
58.160925 54.590361 -6.462325
58.160925 54.590361 45.236275
6.462325 1.408011 -6.462325
6.462325 1.408011 45.236275
6.462325 53.106611 -6.462325
6.462325 53.106611 45.236275
58.160925 1.408011 -6.462325
58.160925 1.408011 45.236275
58.160925 53.106611 -6.462325
58.160925 53.106611 45.236275
6.441129 1.046121 41.366376
6.441129 52.744721 41.366376
58.139729 1.046121 41.366376
58.139729 52.744721 41.366376
7.485699 1.901216 40.675166
7.485699 53.599816 40.675166
59.184299 1.901216 40.675166
59.184299 53.599816 40.675166
18.267183 5.342533 33.431417
18.267183 57.041133 33.431417
18.579443 3.464065 33.119157
18.579443 55.162665 33.119157
19.386975 2.891761 32.311625
19.386975 54.590361 32.311625
19.386975 1.408011 32.311625
19.386975 53.106611 32.311625
19.408171 1.046121 36.181524
19.408171 52.744721 36.181524
18.363601 1.901216 36.872734
18.363601 53.599816 36.872734
18.267183 20.506767 -7.582117
18.267183 20.506767 44.116483
18.579443 22.385235 -7.269857
18.579443 22.385235 44.428743
19.386975 22.957539 -6.462325
19.386975 22.957539 45.236275
19.386975 24.441289 -6.462325
19.386975 24.441289 45.236275
19.408171 24.803179 41.366376
18.363601 23.948084 40.675166
7.582117 20.506767 33.431417
59.280717 20.506767 33.431417
7.269857 22.385235 33.119157
58.968457 22.385235 33.119157
6.462325 22.957539 32.311625
58.160925 22.957539 32.311625
6.462325 24.441289 32.311625
58.160925 24.441289 32.311625
6.441129 24.803179 36.181524
58.139729 24.803179 36.181524
7.485699 23.948084 36.872734
59.184299 23.948084 36.872734
5.342533 7.582117 -7.582117
5.342533 7.582117 44.116483
5.342533 59.280717 -7.582117
5.342533 59.280717 44.116483
57.041133 7.582117 -7.582117
57.041133 7.582117 44.116483
57.041133 59.280717 -7.582117
57.041133 59.280717 44.116483
3.464065 7.269857 -7.269857
3.464065 7.269857 44.428743
3.464065 58.968457 -7.269857
3.464065 58.968457 44.428743
55.162665 7.269857 -7.269857
55.162665 7.269857 44.428743
55.162665 58.968457 -7.269857
55.162665 58.968457 44.428743
2.891761 6.462325 -6.462325
2.891761 6.462325 45.236275
2.891761 58.160925 -6.462325
2.891761 58.160925 45.236275
54.590361 6.462325 -6.462325
54.590361 6.462325 45.236275
54.590361 58.160925 -6.462325
54.590361 58.160925 45.236275
1.408011 6.462325 -6.462325
1.408011 6.462325 45.236275
1.408011 58.160925 -6.462325
1.408011 58.160925 45.236275
53.106611 6.462325 -6.462325
53.106611 6.462325 45.236275
53.106611 58.160925 -6.462325
53.106611 58.160925 45.236275
1.046121 10.332224 -6.441129
1.046121 10.332224 45.257471
52.744721 10.332224 -6.441129
52.744721 10.332224 45.257471
1.901216 11.023434 -7.485699
1.901216 11.023434 44.212901
53.599816 11.023434 -7.485699
53.599816 11.023434 44.212901
5.342533 18.267183 33.431417
57.041133 18.267183 33.431417
3.464065 18.579443 33.119157
55.162665 18.579443 33.119157
2.891761 19.386975 32.311625
54.590361 19.386975 32.311625
1.408011 19.386975 32.311625
53.106611 19.386975 32.311625
1.046121 15.517076 32.290429
52.744721 15.517076 32.290429
1.901216 14.825866 33.334999
53.599816 14.825866 33.334999
20.506767 7.582117 33.431417
20.506767 59.280717 33.431417
22.385235 7.269857 33.119157
22.385235 58.968457 33.119157
22.957539 6.462325 32.311625
22.957539 58.160925 32.311625
24.441289 6.462325 32.311625
24.441289 58.160925 32.311625
24.538224 8.818489 32.556159
24.803179 10.332224 32.290429
23.948084 11.023434 33.334999
20.506767 18.267183 -7.582117
20.506767 18.267183 44.116483
22.385235 18.579443 -7.269857
22.385235 18.579443 44.428743
22.957539 19.386975 -6.462325
22.957539 19.386975 45.236275
24.441289 19.386975 -6.462325
24.441289 19.386975 45.236275
24.803179 15.517076 -6.441129
24.803179 15.517076 45.257471
23.948084 14.825866 -7.485699
23.948084 14.825866 44.212901
19.297019 18.278816 -0.687074
19.297019 18.278816 51.011526
19.142441 17.030811 -1.311076
19.142441 17.030811 50.387524
19.408171 15.517076 -1.046121
19.408171 15.517076 50.652479
18.363601 14.825866 -1.901216
18.363601 14.825866 49.797384
6.552281 7.570484 -0.687074
6.552281 7.570484 51.011526
6.552281 59.269084 -0.687074
6.552281 59.269084 51.011526
58.250881 7.570484 -0.687074
58.250881 7.570484 51.011526
58.250881 59.269084 -0.687074
58.250881 59.269084 51.011526
6.706859 8.818489 -1.311076
6.706859 8.818489 50.387524
58.405459 8.818489 -1.311076
58.405459 8.818489 50.387524
6.441129 10.332224 -1.046121
6.441129 10.332224 50.652479
58.139729 10.332224 -1.046121
58.139729 10.332224 50.652479
7.485699 11.023434 -1.901216
7.485699 11.023434 49.797384
59.184299 11.023434 -1.901216
59.184299 11.023434 49.797384
6.552281 18.278816 26.536374
58.250881 18.278816 26.536374
6.706859 17.030811 27.160376
58.405459 17.030811 27.160376
6.441129 15.517076 26.895421
58.139729 15.517076 26.895421
7.485699 14.825866 27.750516
59.184299 14.825866 27.750516
19.297019 7.570484 26.536374
19.297019 59.269084 26.536374
19.142441 8.818489 27.160376
19.408171 10.332224 26.895421
18.363601 11.023434 27.750516
25.162226 19.297019 -7.570484
25.162226 19.297019 44.128116
24.538224 19.142441 42.880111
24.803179 19.408171 41.366376
23.948084 18.363601 40.675166
25.162226 6.552281 33.419784
25.162226 58.250881 33.419784
24.538224 6.706859 34.667789
24.538224 58.405459 34.667789
24.803179 6.441129 36.181524
24.803179 58.139729 36.181524
23.948084 7.485699 36.872734
23.948084 59.184299 36.872734
0.687074 6.552281 -7.570484
0.687074 6.552281 44.128116
0.687074 58.250881 -7.570484
0.687074 58.250881 44.128116
52.385674 6.552281 -7.570484
52.385674 6.552281 44.128116
52.385674 58.250881 -7.570484
52.385674 58.250881 44.128116
1.311076 6.706859 42.880111
1.311076 58.405459 42.880111
53.009676 6.706859 42.880111
53.009676 58.405459 42.880111
1.046121 6.441129 41.366376
1.046121 58.139729 41.366376
52.744721 6.441129 41.366376
52.744721 58.139729 41.366376
1.901216 7.485699 40.675166
1.901216 59.184299 40.675166
53.599816 7.485699 40.675166
53.599816 59.184299 40.675166
0.687074 19.297019 33.419784
52.385674 19.297019 33.419784
1.311076 19.142441 34.667789
53.009676 19.142441 34.667789
1.046121 19.408171 36.181524
52.744721 19.408171 36.181524
1.901216 18.363601 36.872734
53.599816 18.363601 36.872734
18.278816 25.162226 -6.552281
18.278816 25.162226 45.146319
17.030811 24.538224 -6.706859
17.030811 24.538224 44.991741
15.517076 24.803179 -6.441129
15.517076 24.803179 45.257471
14.825866 23.948084 -7.485699
14.825866 23.948084 44.212901
7.570484 25.162226 32.401581
59.269084 25.162226 32.401581
8.818489 24.538224 32.556159
10.332224 24.803179 32.290429
11.023434 23.948084 33.334999
18.278816 0.687074 32.401581
18.278816 52.385674 32.401581
17.030811 1.311076 32.556159
17.030811 53.009676 32.556159
15.517076 1.046121 32.290429
15.517076 52.744721 32.290429
14.825866 1.901216 33.334999
14.825866 53.599816 33.334999
7.570484 0.687074 -6.552281
7.570484 0.687074 45.146319
7.570484 52.385674 -6.552281
7.570484 52.385674 45.146319
59.269084 0.687074 -6.552281
59.269084 0.687074 45.146319
59.269084 52.385674 -6.552281
59.269084 52.385674 45.146319
8.818489 1.311076 -6.706859
8.818489 1.311076 44.991741
8.818489 53.009676 -6.706859
8.818489 53.009676 44.991741
10.332224 1.046121 -6.441129
10.332224 1.046121 45.257471
10.332224 52.744721 -6.441129
10.332224 52.744721 45.257471
11.023434 1.901216 -7.485699
11.023434 1.901216 44.212901
11.023434 53.599816 -7.485699
11.023434 53.599816 44.212901
7.269857 20.194507 42.238015
58.968457 20.194507 42.238015
6.462325 19.386975 41.665711
58.160925 19.386975 41.665711
6.462325 19.386975 40.181961
58.160925 19.386975 40.181961
6.552281 20.495134 39.461024
58.250881 20.495134 39.461024
18.579443 5.654793 42.238015
18.579443 57.353393 42.238015
19.386975 6.462325 41.665711
19.386975 58.160925 41.665711
19.386975 6.462325 40.181961
19.386975 58.160925 40.181961
19.297019 5.354166 39.461024
19.297019 57.052766 39.461024
18.579443 20.194507 35.309885
19.386975 19.386975 35.882189
19.386975 19.386975 37.365939
19.297019 20.495134 38.086876
7.269857 5.654793 35.309885
7.269857 57.353393 35.309885
58.968457 5.654793 35.309885
58.968457 57.353393 35.309885
6.462325 6.462325 35.882189
6.462325 58.160925 35.882189
58.160925 6.462325 35.882189
58.160925 58.160925 35.882189
6.462325 6.462325 37.365939
6.462325 58.160925 37.365939
58.160925 6.462325 37.365939
58.160925 58.160925 37.365939
6.552281 5.354166 38.086876
6.552281 57.052766 38.086876
58.250881 5.354166 38.086876
58.250881 57.052766 38.086876
5.342533 20.506767 -5.342533
5.342533 20.506767 46.356067
57.041133 20.506767 -5.342533
57.041133 20.506767 46.356067
3.464065 20.194507 -5.654793
3.464065 20.194507 46.043807
55.162665 20.194507 -5.654793
55.162665 20.194507 46.043807
0.687074 19.476931 -5.354166
0.687074 19.476931 46.344434
52.385674 19.476931 -5.354166
52.385674 19.476931 46.344434
1.311076 19.631509 -4.106161
1.311076 19.631509 47.592439
53.009676 19.631509 -4.106161
53.009676 19.631509 47.592439
1.046121 19.365779 -2.592426
1.046121 19.365779 49.106174
52.744721 19.365779 -2.592426
52.744721 19.365779 49.106174
1.901216 20.410349 -1.901216
1.901216 20.410349 49.797384
53.599816 20.410349 -1.901216
53.599816 20.410349 49.797384
5.342533 5.342533 31.191833
5.342533 57.041133 31.191833
57.041133 5.342533 31.191833
57.041133 57.041133 31.191833
3.464065 5.654793 31.504093
3.464065 57.353393 31.504093
55.162665 5.654793 31.504093
55.162665 57.353393 31.504093
0.687074 6.372369 31.203466
0.687074 58.070969 31.203466
52.385674 6.372369 31.203466
52.385674 58.070969 31.203466
1.311076 6.217791 29.955461
1.311076 57.916391 29.955461
53.009676 6.217791 29.955461
53.009676 57.916391 29.955461
1.046121 6.483521 28.441726
1.046121 58.182121 28.441726
52.744721 6.483521 28.441726
52.744721 58.182121 28.441726
1.901216 5.438951 27.750516
1.901216 57.137551 27.750516
53.599816 5.438951 27.750516
53.599816 57.137551 27.750516
20.506767 5.342533 -5.342533
20.506767 5.342533 46.356067
20.506767 57.041133 -5.342533
20.506767 57.041133 46.356067
22.385235 5.654793 -5.654793
22.385235 5.654793 46.043807
22.385235 57.353393 -5.654793
22.385235 57.353393 46.043807
25.162226 6.372369 -5.354166
25.162226 6.372369 46.344434
25.162226 58.070969 -5.354166
25.162226 58.070969 46.344434
24.538224 6.217791 -4.106161
24.538224 6.217791 47.592439
24.538224 57.916391 -4.106161
24.538224 57.916391 47.592439
24.803179 6.483521 -2.592426
24.803179 6.483521 49.106174
24.803179 58.182121 -2.592426
24.803179 58.182121 49.106174
23.948084 5.438951 -1.901216
23.948084 5.438951 49.797384
23.948084 57.137551 -1.901216
23.948084 57.137551 49.797384
20.506767 20.506767 31.191833
22.385235 20.194507 31.504093
25.162226 19.476931 31.203466
24.538224 19.631509 29.955461
24.803179 19.365779 28.441726
23.948084 20.410349 27.750516
7.269857 16.388715 -5.654793
7.269857 16.388715 46.043807
58.968457 16.388715 -5.654793
58.968457 16.388715 46.043807
6.462325 15.816411 -6.462325
6.462325 15.816411 45.236275
58.160925 15.816411 -6.462325
58.160925 15.816411 45.236275
6.462325 14.332661 -6.462325
6.462325 14.332661 45.236275
58.160925 14.332661 -6.462325
58.160925 14.332661 45.236275
7.570484 13.611724 -6.372369
7.570484 13.611724 45.326231
59.269084 13.611724 -6.372369
59.269084 13.611724 45.326231
8.818489 14.235726 -6.217791
8.818489 14.235726 45.480809
10.332224 13.970771 -6.483521
10.332224 13.970771 45.215079
11.023434 14.825866 -5.438951
11.023434 14.825866 46.259649
18.579443 16.388715 31.504093
19.386975 15.816411 32.311625
19.386975 14.332661 32.311625
18.278816 13.611724 32.221669
17.030811 14.235726 32.067091
15.517076 13.970771 32.332821
14.825866 14.825866 31.288251
7.269857 9.460585 31.504093
58.968457 9.460585 31.504093
6.462325 10.032889 32.311625
58.160925 10.032889 32.311625
6.462325 11.516639 32.311625
58.160925 11.516639 32.311625
7.570484 12.237576 32.221669
59.269084 12.237576 32.221669
8.818489 11.613574 32.067091
10.332224 11.878529 32.332821
11.023434 11.023434 31.288251
18.579443 9.460585 -5.654793
18.579443 9.460585 46.043807
19.386975 10.032889 -6.462325
19.386975 10.032889 45.236275
19.386975 11.516639 -6.462325
19.386975 11.516639 45.236275
18.278816 12.237576 -6.372369
18.278816 12.237576 45.326231
17.030811 11.613574 -6.217791
17.030811 11.613574 45.480809
15.517076 11.878529 -6.483521
15.517076 11.878529 45.215079
14.825866 11.023434 -5.438951
14.825866 11.023434 46.259649
7.269857 20.194507 35.309885
58.968457 20.194507 35.309885
6.462325 19.386975 35.882189
58.160925 19.386975 35.882189
6.462325 19.386975 37.365939
58.160925 19.386975 37.365939
18.579443 5.654793 35.309885
18.579443 57.353393 35.309885
19.386975 6.462325 35.882189
19.386975 58.160925 35.882189
19.386975 6.462325 37.365939
19.386975 58.160925 37.365939
7.269857 5.654793 42.238015
7.269857 57.353393 42.238015
58.968457 5.654793 42.238015
58.968457 57.353393 42.238015
6.462325 6.462325 41.665711
6.462325 58.160925 41.665711
58.160925 6.462325 41.665711
58.160925 58.160925 41.665711
6.462325 6.462325 40.181961
6.462325 58.160925 40.181961
58.160925 6.462325 40.181961
58.160925 58.160925 40.181961
18.579443 20.194507 42.238015
19.386975 19.386975 41.665711
19.386975 19.386975 40.181961
7.269857 16.388715 31.504093
58.968457 16.388715 31.504093
6.462325 15.816411 32.311625
58.160925 15.816411 32.311625
6.462325 14.332661 32.311625
58.160925 14.332661 32.311625
6.441129 13.970771 28.441726
58.139729 13.970771 28.441726
18.579443 16.388715 -5.654793
18.579443 16.388715 46.043807
19.386975 15.816411 -6.462325
19.386975 15.816411 45.236275
19.386975 14.332661 -6.462325
19.386975 14.332661 45.236275
19.408171 13.970771 -2.592426
19.408171 13.970771 49.106174
18.579443 9.460585 31.504093
19.386975 10.032889 32.311625
19.386975 11.516639 32.311625
19.408171 11.878529 28.441726
7.269857 9.460585 -5.654793
7.269857 9.460585 46.043807
58.968457 9.460585 -5.654793
58.968457 9.460585 46.043807
6.462325 10.032889 -6.462325
6.462325 10.032889 45.236275
58.160925 10.032889 -6.462325
58.160925 10.032889 45.236275
6.462325 11.516639 -6.462325
6.462325 11.516639 45.236275
58.160925 11.516639 -6.462325
58.160925 11.516639 45.236275
6.441129 11.878529 -2.592426
6.441129 11.878529 49.106174
58.139729 11.878529 -2.592426
58.139729 11.878529 49.106174
5.342533 20.506767 31.191833
57.041133 20.506767 31.191833
3.464065 20.194507 31.504093
55.162665 20.194507 31.504093
5.342533 5.342533 -5.342533
5.342533 5.342533 46.356067
5.342533 57.041133 -5.342533
5.342533 57.041133 46.356067
57.041133 5.342533 -5.342533
57.041133 5.342533 46.356067
57.041133 57.041133 -5.342533
57.041133 57.041133 46.356067
3.464065 5.654793 -5.654793
3.464065 5.654793 46.043807
3.464065 57.353393 -5.654793
3.464065 57.353393 46.043807
55.162665 5.654793 -5.654793
55.162665 5.654793 46.043807
55.162665 57.353393 -5.654793
55.162665 57.353393 46.043807
20.506767 20.506767 -5.342533
20.506767 20.506767 46.356067
22.385235 20.194507 -5.654793
22.385235 20.194507 46.043807
20.506767 5.342533 31.191833
20.506767 57.041133 31.191833
22.385235 5.654793 31.504093
22.385235 57.353393 31.504093
19.297019 5.354166 38.086876
19.297019 57.052766 38.086876
19.142441 4.106161 37.462874
19.142441 55.804761 37.462874
19.408171 2.592426 37.727829
19.408171 54.291026 37.727829
6.552281 20.495134 38.086876
58.250881 20.495134 38.086876
6.706859 21.743139 37.462874
58.405459 21.743139 37.462874
6.441129 23.256874 37.727829
58.139729 23.256874 37.727829
6.552281 5.354166 39.461024
6.552281 57.052766 39.461024
58.250881 5.354166 39.461024
58.250881 57.052766 39.461024
6.706859 4.106161 40.085026
6.706859 55.804761 40.085026
58.405459 4.106161 40.085026
58.405459 55.804761 40.085026
6.441129 2.592426 39.820071
6.441129 54.291026 39.820071
58.139729 2.592426 39.820071
58.139729 54.291026 39.820071
19.297019 20.495134 39.461024
19.142441 21.743139 40.085026
19.408171 23.256874 39.820071
25.162226 6.372369 31.203466
25.162226 58.070969 31.203466
25.162226 19.476931 -5.354166
25.162226 19.476931 46.344434
0.687074 19.476931 31.203466
52.385674 19.476931 31.203466
0.687074 6.372369 -5.354166
0.687074 6.372369 46.344434
0.687074 58.070969 -5.354166
0.687074 58.070969 46.344434
52.385674 6.372369 -5.354166
52.385674 6.372369 46.344434
52.385674 58.070969 -5.354166
52.385674 58.070969 46.344434
18.278816 12.237576 32.221669
7.570484 12.237576 -6.372369
7.570484 12.237576 45.326231
59.269084 12.237576 -6.372369
59.269084 12.237576 45.326231
18.278816 13.611724 -6.372369
18.278816 13.611724 45.326231
7.570484 13.611724 32.221669
59.269084 13.611724 32.221669
15.517076 6.483521 39.820071
15.517076 58.182121 39.820071
14.825866 5.438951 40.675166
14.825866 57.137551 40.675166
10.332224 19.365779 39.820071
11.023434 20.410349 40.675166
15.517076 19.365779 37.727829
14.825866 20.410349 36.872734
10.332224 6.483521 37.727829
10.332224 58.182121 37.727829
11.023434 5.438951 36.872734
11.023434 57.137551 36.872734
24.803179 2.592426 -6.483521
24.803179 2.592426 45.215079
24.803179 54.291026 -6.483521
24.803179 54.291026 45.215079
23.948084 1.901216 -5.438951
23.948084 1.901216 46.259649
23.948084 53.599816 -5.438951
23.948084 53.599816 46.259649
24.803179 23.256874 32.332821
23.948084 23.948084 31.288251
1.046121 2.592426 32.332821
1.046121 54.291026 32.332821
52.744721 2.592426 32.332821
52.744721 54.291026 32.332821
1.901216 1.901216 31.288251
1.901216 53.599816 31.288251
53.599816 1.901216 31.288251
53.599816 53.599816 31.288251
1.046121 23.256874 -6.483521
1.046121 23.256874 45.215079
52.744721 23.256874 -6.483521
52.744721 23.256874 45.215079
1.901216 23.948084 -5.438951
1.901216 23.948084 46.259649
53.599816 23.948084 -5.438951
53.599816 23.948084 46.259649
20.194507 7.269857 42.238015
20.194507 58.968457 42.238015
19.476931 7.570484 39.461024
19.476931 59.269084 39.461024
19.631509 8.818489 40.085026
19.365779 10.332224 39.820071
20.410349 11.023434 40.675166
5.654793 18.579443 42.238015
57.353393 18.579443 42.238015
6.372369 18.278816 39.461024
58.070969 18.278816 39.461024
6.217791 17.030811 40.085026
57.916391 17.030811 40.085026
6.483521 15.517076 39.820071
58.182121 15.517076 39.820071
5.438951 14.825866 40.675166
57.137551 14.825866 40.675166
5.654793 7.269857 35.309885
5.654793 58.968457 35.309885
57.353393 7.269857 35.309885
57.353393 58.968457 35.309885
6.372369 7.570484 38.086876
6.372369 59.269084 38.086876
58.070969 7.570484 38.086876
58.070969 59.269084 38.086876
6.217791 8.818489 37.462874
57.916391 8.818489 37.462874
6.483521 10.332224 37.727829
58.182121 10.332224 37.727829
5.438951 11.023434 36.872734
57.137551 11.023434 36.872734
20.194507 18.579443 35.309885
19.476931 18.278816 38.086876
19.631509 17.030811 37.462874
19.365779 15.517076 37.727829
20.410349 14.825866 36.872734
16.388715 7.269857 -5.654793
16.388715 7.269857 46.043807
16.388715 58.968457 -5.654793
16.388715 58.968457 46.043807
15.816411 6.462325 -6.462325
15.816411 6.462325 45.236275
15.816411 58.160925 -6.462325
15.816411 58.160925 45.236275
14.332661 6.462325 -6.462325
14.332661 6.462325 45.236275
14.332661 58.160925 -6.462325
14.332661 58.160925 45.236275
13.611724 6.552281 -5.354166
13.611724 6.552281 46.344434
13.611724 58.250881 -5.354166
13.611724 58.250881 46.344434
16.388715 18.579443 31.504093
15.816411 19.386975 32.311625
14.332661 19.386975 32.311625
13.611724 19.297019 31.203466
9.460585 18.579443 -5.654793
9.460585 18.579443 46.043807
10.032889 19.386975 -6.462325
10.032889 19.386975 45.236275
11.516639 19.386975 -6.462325
11.516639 19.386975 45.236275
12.237576 19.297019 -5.354166
12.237576 19.297019 46.344434
9.460585 7.269857 31.504093
9.460585 58.968457 31.504093
10.032889 6.462325 32.311625
10.032889 58.160925 32.311625
11.516639 6.462325 32.311625
11.516639 58.160925 32.311625
12.237576 6.552281 31.203466
12.237576 58.250881 31.203466
20.194507 3.464065 -5.654793
20.194507 3.464065 46.043807
20.194507 55.162665 -5.654793
20.194507 55.162665 46.043807
20.495134 0.687074 -6.372369
20.495134 0.687074 45.326231
20.495134 52.385674 -6.372369
20.495134 52.385674 45.326231
21.743139 1.311076 -6.217791
21.743139 1.311076 45.480809
21.743139 53.009676 -6.217791
21.743139 53.009676 45.480809
23.256874 1.046121 -6.483521
23.256874 1.046121 45.215079
23.256874 52.744721 -6.483521
23.256874 52.744721 45.215079
5.654793 3.464065 31.504093
5.654793 55.162665 31.504093
57.353393 3.464065 31.504093
57.353393 55.162665 31.504093
5.354166 0.687074 32.221669
5.354166 52.385674 32.221669
57.052766 0.687074 32.221669
57.052766 52.385674 32.221669
4.106161 1.311076 32.067091
4.106161 53.009676 32.067091
55.804761 1.311076 32.067091
55.804761 53.009676 32.067091
2.592426 1.046121 32.332821
2.592426 52.744721 32.332821
54.291026 1.046121 32.332821
54.291026 52.744721 32.332821
20.194507 22.385235 31.504093
20.495134 25.162226 32.221669
21.743139 24.538224 32.067091
23.256874 24.803179 32.332821
5.654793 22.385235 -5.654793
5.654793 22.385235 46.043807
57.353393 22.385235 -5.654793
57.353393 22.385235 46.043807
5.354166 25.162226 -6.372369
5.354166 25.162226 45.326231
57.052766 25.162226 -6.372369
57.052766 25.162226 45.326231
4.106161 24.538224 -6.217791
4.106161 24.538224 45.480809
55.804761 24.538224 -6.217791
55.804761 24.538224 45.480809
2.592426 24.803179 -6.483521
2.592426 24.803179 45.215079
54.291026 24.803179 -6.483521
54.291026 24.803179 45.215079
20.194507 7.269857 35.309885
20.194507 58.968457 35.309885
23.256874 6.441129 37.727829
23.256874 58.139729 37.727829
5.654793 18.579443 35.309885
57.353393 18.579443 35.309885
2.592426 19.408171 37.727829
54.291026 19.408171 37.727829
20.194507 18.579443 42.238015
23.256874 19.408171 39.820071
5.654793 7.269857 42.238015
5.654793 58.968457 42.238015
57.353393 7.269857 42.238015
57.353393 58.968457 42.238015
2.592426 6.441129 39.820071
2.592426 58.139729 39.820071
54.291026 6.441129 39.820071
54.291026 58.139729 39.820071
20.194507 3.464065 31.504093
20.194507 55.162665 31.504093
5.654793 3.464065 -5.654793
5.654793 3.464065 46.043807
5.654793 55.162665 -5.654793
5.654793 55.162665 46.043807
57.353393 3.464065 -5.654793
57.353393 3.464065 46.043807
57.353393 55.162665 -5.654793
57.353393 55.162665 46.043807
5.654793 22.385235 31.504093
57.353393 22.385235 31.504093
20.194507 22.385235 -5.654793
20.194507 22.385235 46.043807
16.388715 7.269857 31.504093
16.388715 58.968457 31.504093
15.816411 6.462325 32.311625
15.816411 58.160925 32.311625
14.332661 6.462325 32.311625
14.332661 58.160925 32.311625
16.388715 18.579443 -5.654793
16.388715 18.579443 46.043807
15.816411 19.386975 -6.462325
15.816411 19.386975 45.236275
14.332661 19.386975 -6.462325
14.332661 19.386975 45.236275
9.460585 7.269857 -5.654793
9.460585 7.269857 46.043807
9.460585 58.968457 -5.654793
9.460585 58.968457 46.043807
10.032889 6.462325 -6.462325
10.032889 6.462325 45.236275
10.032889 58.160925 -6.462325
10.032889 58.160925 45.236275
11.516639 6.462325 -6.462325
11.516639 6.462325 45.236275
11.516639 58.160925 -6.462325
11.516639 58.160925 45.236275
9.460585 18.579443 31.504093
10.032889 19.386975 32.311625
11.516639 19.386975 32.311625
6.372369 18.278816 38.086876
58.070969 18.278816 38.086876
19.476931 7.570484 38.086876
19.476931 59.269084 38.086876
19.476931 18.278816 39.461024
6.372369 7.570484 39.461024
6.372369 59.269084 39.461024
58.070969 7.570484 39.461024
58.070969 59.269084 39.461024
12.237576 19.297019 31.203466
11.613574 19.142441 29.955461
11.878529 19.408171 28.441726
12.237576 6.552281 -5.354166
12.237576 6.552281 46.344434
12.237576 58.250881 -5.354166
12.237576 58.250881 46.344434
11.613574 6.706859 -4.106161
11.613574 6.706859 47.592439
11.613574 58.405459 -4.106161
11.613574 58.405459 47.592439
11.878529 6.441129 -2.592426
11.878529 6.441129 49.106174
11.878529 58.139729 -2.592426
11.878529 58.139729 49.106174
13.611724 6.552281 31.203466
13.611724 58.250881 31.203466
14.235726 6.706859 29.955461
14.235726 58.405459 29.955461
13.970771 6.441129 28.441726
13.970771 58.139729 28.441726
13.611724 19.297019 -5.354166
13.611724 19.297019 46.344434
14.235726 19.142441 -4.106161
14.235726 19.142441 47.592439
13.970771 19.408171 -2.592426
13.970771 19.408171 49.106174
5.354166 25.162226 32.221669
57.052766 25.162226 32.221669
20.495134 25.162226 -6.372369
20.495134 25.162226 45.326231
5.354166 0.687074 -6.372369
5.354166 0.687074 45.326231
5.354166 52.385674 -6.372369
5.354166 52.385674 45.326231
57.052766 0.687074 -6.372369
57.052766 0.687074 45.326231
57.052766 52.385674 -6.372369
57.052766 52.385674 45.326231
20.495134 0.687074 32.221669
20.495134 52.385674 32.221669
6.483521 24.803179 -2.592426
6.483521 24.803179 49.106174
58.182121 24.803179 -2.592426
58.182121 24.803179 49.106174
5.438951 23.948084 -1.901216
5.438951 23.948084 49.797384
57.137551 23.948084 -1.901216
57.137551 23.948084 49.797384
19.365779 24.803179 28.441726
20.410349 23.948084 27.750516
19.365779 1.046121 -2.592426
19.365779 1.046121 49.106174
19.365779 52.744721 -2.592426
19.365779 52.744721 49.106174
20.410349 1.901216 -1.901216
20.410349 1.901216 49.797384
20.410349 53.599816 -1.901216
20.410349 53.599816 49.797384
6.483521 1.046121 28.441726
6.483521 52.744721 28.441726
58.182121 1.046121 28.441726
58.182121 52.744721 28.441726
5.438951 1.901216 27.750516
5.438951 53.599816 27.750516
57.137551 1.901216 27.750516
57.137551 53.599816 27.750516
11.878529 15.517076 -6.483521
11.878529 15.517076 45.215079
11.878529 10.332224 32.332821
13.970771 15.517076 32.332821
13.970771 10.332224 -6.483521
13.970771 10.332224 45.215079
20.194507 20.194507 29.313365
19.476931 20.495134 26.536374
19.631509 21.743139 27.160376
19.365779 23.256874 26.895421
5.654793 5.654793 29.313365
5.654793 57.353393 29.313365
57.353393 5.654793 29.313365
57.353393 57.353393 29.313365
6.372369 5.354166 26.536374
6.372369 57.052766 26.536374
58.070969 5.354166 26.536374
58.070969 57.052766 26.536374
6.217791 4.106161 27.160376
6.217791 55.804761 27.160376
57.916391 4.106161 27.160376
57.916391 55.804761 27.160376
6.483521 2.592426 26.895421
6.483521 54.291026 26.895421
58.182121 2.592426 26.895421
58.182121 54.291026 26.895421
5.654793 20.194507 -3.464065
5.654793 20.194507 48.234535
57.353393 20.194507 -3.464065
57.353393 20.194507 48.234535
6.372369 20.495134 -0.687074
6.372369 20.495134 51.011526
58.070969 20.495134 -0.687074
58.070969 20.495134 51.011526
6.217791 21.743139 -1.311076
6.217791 21.743139 50.387524
57.916391 21.743139 -1.311076
57.916391 21.743139 50.387524
6.483521 23.256874 -1.046121
6.483521 23.256874 50.652479
58.182121 23.256874 -1.046121
58.182121 23.256874 50.652479
20.194507 5.654793 -3.464065
20.194507 5.654793 48.234535
20.194507 57.353393 -3.464065
20.194507 57.353393 48.234535
19.476931 5.354166 -0.687074
19.476931 5.354166 51.011526
19.476931 57.052766 -0.687074
19.476931 57.052766 51.011526
19.631509 4.106161 -1.311076
19.631509 4.106161 50.387524
19.631509 55.804761 -1.311076
19.631509 55.804761 50.387524
19.365779 2.592426 -1.046121
19.365779 2.592426 50.652479
19.365779 54.291026 -1.046121
19.365779 54.291026 50.652479
16.388715 20.194507 33.119157
13.611724 19.476931 33.419784
14.235726 19.631509 34.667789
13.970771 19.365779 36.181524
16.388715 5.654793 -7.269857
16.388715 5.654793 44.428743
16.388715 57.353393 -7.269857
16.388715 57.353393 44.428743
13.611724 6.372369 -7.570484
13.611724 6.372369 44.128116
13.611724 58.070969 -7.570484
13.611724 58.070969 44.128116
14.235726 6.217791 42.880111
14.235726 57.916391 42.880111
13.970771 6.483521 41.366376
13.970771 58.182121 41.366376
9.460585 5.654793 33.119157
9.460585 57.353393 33.119157
12.237576 6.372369 33.419784
12.237576 58.070969 33.419784
11.613574 6.217791 34.667789
11.613574 57.916391 34.667789
11.878529 6.483521 36.181524
11.878529 58.182121 36.181524
9.460585 20.194507 -7.269857
9.460585 20.194507 44.428743
12.237576 19.476931 -7.570484
12.237576 19.476931 44.128116
11.613574 19.631509 42.880111
11.878529 19.365779 41.366376
20.194507 16.388715 33.119157
20.495134 13.611724 32.401581
5.654793 16.388715 -7.269857
5.654793 16.388715 44.428743
57.353393 16.388715 -7.269857
57.353393 16.388715 44.428743
5.354166 13.611724 -6.552281
5.354166 13.611724 45.146319
57.052766 13.611724 -6.552281
57.052766 13.611724 45.146319
20.194507 9.460585 -7.269857
20.194507 9.460585 44.428743
20.495134 12.237576 -6.552281
20.495134 12.237576 45.146319
5.654793 9.460585 33.119157
57.353393 9.460585 33.119157
5.354166 12.237576 32.401581
57.052766 12.237576 32.401581
20.194507 20.194507 -3.464065
20.194507 20.194507 48.234535
5.654793 5.654793 -3.464065
5.654793 5.654793 48.234535
5.654793 57.353393 -3.464065
5.654793 57.353393 48.234535
57.353393 5.654793 -3.464065
57.353393 5.654793 48.234535
57.353393 57.353393 -3.464065
57.353393 57.353393 48.234535
20.194507 5.654793 29.313365
20.194507 57.353393 29.313365
5.654793 20.194507 29.313365
57.353393 20.194507 29.313365
20.194507 16.388715 -7.269857
20.194507 16.388715 44.428743
5.654793 16.388715 33.119157
57.353393 16.388715 33.119157
5.654793 9.460585 -7.269857
5.654793 9.460585 44.428743
57.353393 9.460585 -7.269857
57.353393 9.460585 44.428743
20.194507 9.460585 33.119157
16.388715 20.194507 -7.269857
16.388715 20.194507 44.428743
13.970771 23.256874 -6.441129
13.970771 23.256874 45.257471
16.388715 5.654793 33.119157
16.388715 57.353393 33.119157
13.970771 2.592426 32.290429
13.970771 54.291026 32.290429
9.460585 20.194507 33.119157
11.878529 23.256874 32.290429
9.460585 5.654793 -7.269857
9.460585 5.654793 44.428743
9.460585 57.353393 -7.269857
9.460585 57.353393 44.428743
11.878529 2.592426 -6.441129
11.878529 2.592426 45.257471
11.878529 54.291026 -6.441129
11.878529 54.291026 45.257471
6.372369 5.354166 -0.687074
6.372369 5.354166 51.011526
6.372369 57.052766 -0.687074
6.372369 57.052766 51.011526
58.070969 5.354166 -0.687074
58.070969 5.354166 51.011526
58.070969 57.052766 -0.687074
58.070969 57.052766 51.011526
19.476931 20.495134 -0.687074
19.476931 20.495134 51.011526
19.476931 5.354166 26.536374
19.476931 57.052766 26.536374
6.372369 20.495134 26.536374
58.070969 20.495134 26.536374
12.237576 6.372369 -7.570484
12.237576 6.372369 44.128116
12.237576 58.070969 -7.570484
12.237576 58.070969 44.128116
12.237576 19.476931 33.419784
13.611724 19.476931 -7.570484
13.611724 19.476931 44.128116
13.611724 6.372369 33.419784
13.611724 58.070969 33.419784
5.354166 12.237576 -6.552281
5.354166 12.237576 45.146319
57.052766 12.237576 -6.552281
57.052766 12.237576 45.146319
4.106161 11.613574 -6.706859
4.106161 11.613574 44.991741
55.804761 11.613574 -6.706859
55.804761 11.613574 44.991741
2.592426 11.878529 -6.441129
2.592426 11.878529 45.257471
54.291026 11.878529 -6.441129
54.291026 11.878529 45.257471
20.495134 12.237576 32.401581
21.743139 11.613574 32.556159
23.256874 11.878529 32.290429
5.354166 13.611724 32.401581
57.052766 13.611724 32.401581
4.106161 14.235726 32.556159
55.804761 14.235726 32.556159
2.592426 13.970771 32.290429
54.291026 13.970771 32.290429
20.495134 13.611724 -6.552281
20.495134 13.611724 45.146319
21.743139 14.235726 -6.706859
21.743139 14.235726 44.991741
23.256874 13.970771 -6.441129
23.256874 13.970771 45.257471
2.592426 6.483521 26.895421
2.592426 58.182121 26.895421
54.291026 6.483521 26.895421
54.291026 58.182121 26.895421
23.256874 19.365779 26.895421
2.592426 19.365779 -1.046121
2.592426 19.365779 50.652479
54.291026 19.365779 -1.046121
54.291026 19.365779 50.652479
23.256874 6.483521 -1.046121
23.256874 6.483521 50.652479
23.256874 58.182121 -1.046121
23.256874 58.182121 50.652479
6.483521 11.878529 36.181524
58.182121 11.878529 36.181524
19.365779 11.878529 41.366376
19.365779 13.970771 36.181524
6.483521 13.970771 41.366376
58.182121 13.970771 41.366376
14.043666 19.228519 30.360003
11.805634 19.545431 34.263247
14.043666 6.303869 34.263247
14.043666 58.002469 34.263247
11.805634 6.620781 30.360003
11.805634 58.319381 30.360003
14.043666 19.545431 43.284653
11.805634 19.228519 -4.510703
11.805634 19.228519 47.187897
11.805634 6.303869 43.284653
11.805634 58.002469 43.284653
14.043666 6.620781 -4.510703
14.043666 6.620781 47.187897
14.043666 58.319381 -4.510703
14.043666 58.319381 47.187897
10.466382 6.644046 -0.127954
10.466382 6.644046 51.570646
10.466382 58.342646 -0.127954
10.466382 58.342646 51.570646
9.401649 6.440612 -1.237664
9.401649 6.440612 50.460936
9.401649 58.139212 -1.237664
9.401649 58.139212 50.460936
10.695406 5.584483 -1.237664
10.695406 5.584483 50.460936
10.695406 57.283083 -1.237664
10.695406 57.283083 50.460936
10.377977 7.939354 -2.430610
10.377977 7.939354 49.267990
11.544039 8.085920 -1.380611
11.544039 8.085920 50.317989
12.789200 6.569858 -2.355130
12.789200 6.569858 49.343470
12.789200 58.268458 -2.355130
12.789200 58.268458 49.343470
11.593153 5.567164 -2.353579
11.593153 5.567164 49.345021
11.593153 57.265764 -2.353579
11.593153 57.265764 49.345021
15.382918 19.205254 -0.127954
15.382918 19.205254 51.570646
16.447651 19.408688 -1.237664
16.447651 19.408688 50.460936
15.153894 20.264817 -1.237664
15.153894 20.264817 50.460936
15.471323 17.909946 -2.430610
15.471323 17.909946 49.267990
14.305261 17.763380 -1.380611
14.305261 17.763380 50.317989
13.060100 19.279442 -2.355130
13.060100 19.279442 49.343470
14.256147 20.282136 -2.353579
14.256147 20.282136 49.345021
14.249427 7.350507 41.095734
14.249427 59.049107 41.095734
13.052863 6.350139 41.161391
13.052863 58.048739 41.161391
14.381000 4.814432 40.114236
14.381000 56.513032 40.114236
15.426862 5.014506 41.276162
15.426862 56.713106 41.276162
15.940229 7.122775 40.381518
15.940229 58.821375 40.381518
16.168996 6.062953 39.271808
16.168996 57.761553 39.271808
14.875238 6.919082 39.271808
14.875238 58.617682 39.271808
11.599873 18.498793 41.095734
12.796437 19.499161 41.161391
11.468300 21.034868 40.114236
10.422438 20.834794 41.276162
9.909071 18.726525 40.381518
9.680304 19.786347 39.271808
10.974062 18.930218 39.271808
10.466382 6.280604 38.645996
10.466382 57.979204 38.645996
10.695406 7.340167 37.536286
10.695406 59.038767 37.536286
9.401649 6.484038 37.536286
9.401649 58.182638 37.536286
11.468300 4.814432 37.433664
11.468300 56.513032 37.433664
10.422438 5.014506 36.271738
10.422438 56.713106 36.271738
11.599873 7.350507 36.452166
11.599873 59.049107 36.452166
12.796437 6.350139 36.386509
12.796437 58.048739 36.386509
14.249427 18.498793 36.452166
13.052863 19.499161 36.386509
14.381000 21.034868 37.433664
15.426862 20.834794 36.271738
15.382918 19.568696 38.645996
15.153894 18.509133 37.536286
16.447651 19.365262 37.536286
23.391032 6.644046 38.645996
23.391032 58.342646 38.645996
22.326299 6.440612 37.536286
22.326299 58.139212 37.536286
23.620056 5.584483 37.536286
23.620056 57.283083 37.536286
24.509014 8.110218 37.317600
23.347088 7.910144 36.271738
24.539516 5.554498 36.398141
24.539516 57.253098 36.398141
25.721087 6.574511 36.386509
25.721087 58.273111 36.386509
22.833721 20.047425 40.381518
23.898712 19.843732 39.271808
22.604954 18.987603 39.271808
24.509014 17.739082 40.230300
23.347088 17.939156 41.276162
24.539516 20.294802 41.149759
25.721087 19.274789 41.161391
22.833721 18.726525 27.456868
22.604954 19.786347 26.347158
23.898712 18.930218 26.347158
23.418690 20.864004 28.395973
24.468689 21.010570 27.229911
25.728842 19.474863 28.258455
24.517803 18.491814 28.202879
24.730284 19.228519 34.263247
24.730284 6.303869 30.360003
24.730284 58.002469 30.360003
24.730284 6.620781 43.284653
24.730284 58.319381 43.284653
24.730284 19.545431 -4.510703
24.730284 19.545431 47.187897
25.728842 6.374437 -2.409155
25.728842 6.374437 49.289445
25.728842 58.073037 -2.409155
25.728842 58.073037 49.289445
24.517803 7.357486 -2.353579
24.517803 7.357486 49.345021
24.517803 59.056086 -2.353579
24.517803 59.056086 49.345021
23.418690 4.985296 -2.546673
23.418690 4.985296 49.151927
23.418690 56.683896 -2.546673
23.418690 56.683896 49.151927
24.468689 4.838730 -1.380611
24.468689 4.838730 50.317989
24.468689 56.537330 -1.380611
24.468689 56.537330 50.317989
23.391032 6.280604 -0.127954
23.391032 6.280604 51.570646
23.391032 57.979204 -0.127954
23.391032 57.979204 51.570646
23.620056 7.340167 -1.237664
23.620056 7.340167 50.460936
23.620056 59.038767 -1.237664
23.620056 59.038767 50.460936
22.326299 6.484038 -1.237664
22.326299 6.484038 50.460936
22.326299 58.182638 -1.237664
22.326299 58.182638 50.460936
2.458268 19.568696 -0.127954
2.458268 19.568696 51.570646
54.156868 19.568696 -0.127954
54.156868 19.568696 51.570646
2.229244 18.509133 -1.237664
2.229244 18.509133 50.460936
53.927844 18.509133 -1.237664
53.927844 18.509133 50.460936
3.523001 19.365262 -1.237664
3.523001 19.365262 50.460936
55.221601 19.365262 -1.237664
55.221601 19.365262 50.460936
2.430610 20.864004 -2.546673
2.430610 20.864004 49.151927
54.129210 20.864004 -2.546673
54.129210 20.864004 49.151927
1.380611 21.010570 -1.380611
1.380611 21.010570 50.317989
53.079211 21.010570 -1.380611
53.079211 21.010570 50.317989
0.120458 19.474863 -2.409155
0.120458 19.474863 49.289445
51.819058 19.474863 -2.409155
51.819058 19.474863 49.289445
1.331497 18.491814 -2.353579
1.331497 18.491814 49.345021
53.030097 18.491814 -2.353579
53.030097 18.491814 49.345021
1.119016 6.303869 -4.510703
1.119016 6.303869 47.187897
1.119016 58.002469 -4.510703
1.119016 58.002469 47.187897
52.817616 6.303869 -4.510703
52.817616 6.303869 47.187897
52.817616 58.002469 -4.510703
52.817616 58.002469 47.187897
1.119016 19.228519 43.284653
52.817616 19.228519 43.284653
1.309784 5.554498 41.149759
1.309784 57.253098 41.149759
53.008384 5.554498 41.149759
53.008384 57.253098 41.149759
0.128213 6.574511 41.161391
0.128213 58.273111 41.161391
51.826813 6.574511 41.161391
51.826813 58.273111 41.161391
1.340286 8.110218 40.230300
53.038886 8.110218 40.230300
2.502212 7.910144 41.276162
54.200812 7.910144 41.276162
3.015579 5.801875 40.381518
3.015579 57.500475 40.381518
54.714179 5.801875 40.381518
54.714179 57.500475 40.381518
1.950588 6.005568 39.271808
1.950588 57.704168 39.271808
53.649188 6.005568 39.271808
53.649188 57.704168 39.271808
3.244346 6.861697 39.271808
3.244346 58.560297 39.271808
54.942946 6.861697 39.271808
54.942946 58.560297 39.271808
2.458268 19.205254 38.645996
54.156868 19.205254 38.645996
3.523001 19.408688 37.536286
55.221601 19.408688 37.536286
2.229244 20.264817 37.536286
53.927844 20.264817 37.536286
1.340286 17.739082 37.317600
53.038886 17.739082 37.317600
2.502212 17.939156 36.271738
54.200812 17.939156 36.271738
1.309784 20.294802 36.398141
53.008384 20.294802 36.398141
0.128213 19.274789 36.386509
51.826813 19.274789 36.386509
1.119016 19.545431 30.360003
52.817616 19.545431 30.360003
1.119016 6.620781 34.263247
1.119016 58.319381 34.263247
52.817616 6.620781 34.263247
52.817616 58.319381 34.263247
0.120458 6.374437 28.258455
0.120458 58.073037 28.258455
51.819058 6.374437 28.258455
51.819058 58.073037 28.258455
1.331497 7.357486 28.202879
1.331497 59.056086 28.202879
53.030097 7.357486 28.202879
53.030097 59.056086 28.202879
2.430610 4.985296 28.395973
2.430610 56.683896 28.395973
54.129210 4.985296 28.395973
54.129210 56.683896 28.395973
1.380611 4.838730 27.229911
1.380611 56.537330 27.229911
53.079211 4.838730 27.229911
53.079211 56.537330 27.229911
3.015579 7.122775 27.456868
3.015579 58.821375 27.456868
54.714179 7.122775 27.456868
54.714179 58.821375 27.456868
3.244346 6.062953 26.347158
3.244346 57.761553 26.347158
54.942946 6.062953 26.347158
54.942946 57.761553 26.347158
1.950588 6.919082 26.347158
1.950588 58.617682 26.347158
53.649188 6.919082 26.347158
53.649188 58.617682 26.347158
12.789200 19.279442 28.204430
11.593153 20.282136 28.202879
10.377977 17.909946 28.279910
11.544039 17.763380 27.229911
9.909071 20.047425 27.456868
10.974062 19.843732 26.347158
9.680304 18.987603 26.347158
15.940229 5.801875 27.456868
15.940229 57.500475 27.456868
14.875238 6.005568 26.347158
14.875238 57.704168 26.347158
16.168996 6.861697 26.347158
16.168996 58.560297 26.347158
15.471323 7.939354 28.279910
14.305261 8.085920 27.229911
13.060100 6.569858 28.204430
13.060100 58.268458 28.204430
14.256147 5.567164 28.202879
14.256147 57.265764 28.202879
7.122775 1.607568 28.864879
7.122775 53.306168 28.864879
58.821375 1.607568 28.864879
58.821375 53.306168 28.864879
6.062953 0.497858 29.093646
6.062953 52.196458 29.093646
57.761553 0.497858 29.093646
57.761553 52.196458 29.093646
6.919082 0.497858 27.799888
6.919082 52.196458 27.799888
58.617682 0.497858 27.799888
58.617682 52.196458 27.799888
4.814432 1.340286 27.305650
4.814432 53.038886 27.305650
56.513032 1.340286 27.305650
56.513032 53.038886 27.305650
5.014506 2.502212 28.351512
5.014506 54.200812 28.351512
56.713106 2.502212 28.351512
56.713106 54.200812 28.351512
7.350507 2.321784 27.174077
7.350507 54.020384 27.174077
59.049107 2.321784 27.174077
59.049107 54.020384 27.174077
6.350139 2.387441 25.977513
6.350139 54.086041 25.977513
58.048739 2.387441 25.977513
58.048739 54.086041 25.977513
20.294802 10.548841 27.159084
19.274789 10.537209 25.977513
17.739082 11.468300 27.189586
17.939156 10.422438 28.351512
19.205254 12.796696 28.307568
19.408688 11.686986 29.372301
20.264817 11.686986 28.078544
5.801875 14.532218 28.864879
57.500475 14.532218 28.864879
6.005568 13.422508 27.799888
57.704168 13.422508 27.799888
6.861697 13.422508 29.093646
58.560297 13.422508 29.093646
8.110218 14.381000 27.189586
7.910144 15.426862 28.351512
5.554498 15.300459 27.159084
57.253098 15.300459 27.159084
6.574511 15.312091 25.977513
58.273111 15.312091 25.977513
6.303869 21.338597 26.968316
58.002469 21.338597 26.968316
6.620781 8.413947 26.968316
58.319381 8.413947 26.968316
19.545431 4.510703 26.968316
19.545431 56.209303 26.968316
19.228519 17.435353 26.968316
18.498793 23.527516 27.174077
19.499161 23.461859 25.977513
21.034868 24.509014 27.305650
20.834794 23.347088 28.351512
19.568696 25.721346 28.307568
18.509133 24.611636 28.078544
19.365262 24.611636 29.372301
6.644046 25.721346 36.315682
58.342646 25.721346 36.315682
6.440612 24.611636 35.250949
58.139212 24.611636 35.250949
5.584483 24.611636 36.544706
57.283083 24.611636 36.544706
7.939354 23.418690 36.227277
8.085920 24.468689 37.393339
6.569858 23.494170 38.638500
58.268458 23.494170 38.638500
5.567164 23.495721 37.442453
57.265764 23.495721 37.442453
6.620781 21.338597 39.892966
58.319381 21.338597 39.892966
19.545431 17.435353 39.892966
6.303869 17.435353 37.654934
58.002469 17.435353 37.654934
19.279442 23.494170 38.909400
20.282136 23.495721 40.105447
17.909946 23.418690 41.320623
17.763380 24.468689 40.154561
19.205254 25.721346 41.232218
19.408688 24.611636 42.296951
20.264817 24.611636 41.003194
6.280604 25.721346 -2.458268
6.280604 25.721346 49.240332
57.979204 25.721346 -2.458268
57.979204 25.721346 49.240332
7.340167 24.611636 -2.229244
7.340167 24.611636 49.469356
59.038767 24.611636 -2.229244
59.038767 24.611636 49.469356
6.484038 24.611636 -3.523001
6.484038 24.611636 48.175599
58.182638 24.611636 -3.523001
58.182638 24.611636 48.175599
4.814432 24.509014 -1.456350
4.814432 24.509014 50.242250
56.513032 24.509014 -1.456350
56.513032 24.509014 50.242250
5.014506 23.347088 -2.502212
5.014506 23.347088 49.196388
56.713106 23.347088 -2.502212
56.713106 23.347088 49.196388
7.350507 23.527516 -1.324777
7.350507 23.527516 50.373823
59.049107 23.527516 -1.324777
59.049107 23.527516 50.373823
6.350139 23.461859 -0.128213
6.350139 23.461859 51.570387
58.048739 23.461859 -0.128213
58.048739 23.461859 51.570387
19.545431 21.338597 -1.119016
19.545431 21.338597 50.579584
20.294802 15.300459 -1.309784
20.294802 15.300459 50.388816
19.274789 15.312091 -0.128213
19.274789 15.312091 51.570387
17.739082 14.381000 -1.340286
17.739082 14.381000 50.358314
17.939156 15.426862 -2.502212
17.939156 15.426862 49.196388
20.047425 14.532218 -3.015579
20.047425 14.532218 48.683021
19.843732 13.422508 -1.950588
19.843732 13.422508 49.748012
18.987603 13.422508 -3.244346
18.987603 13.422508 48.454254
6.644046 12.796696 -2.458268
6.644046 12.796696 49.240332
58.342646 12.796696 -2.458268
58.342646 12.796696 49.240332
6.440612 11.686986 -3.523001
6.440612 11.686986 48.175599
58.139212 11.686986 -3.523001
58.139212 11.686986 48.175599
5.584483 11.686986 -2.229244
5.584483 11.686986 49.469356
57.283083 11.686986 -2.229244
57.283083 11.686986 49.469356
8.110218 11.468300 -1.340286
8.110218 11.468300 50.358314
7.910144 10.422438 -2.502212
7.910144 10.422438 49.196388
5.554498 10.548841 -1.309784
5.554498 10.548841 50.388816
57.253098 10.548841 -1.309784
57.253098 10.548841 50.388816
6.574511 10.537209 -0.128213
6.574511 10.537209 51.570387
58.273111 10.537209 -0.128213
58.273111 10.537209 51.570387
19.228519 8.413947 -1.119016
19.228519 8.413947 50.579584
6.303869 4.510703 -1.119016
6.303869 4.510703 50.579584
6.303869 56.209303 -1.119016
6.303869 56.209303 50.579584
58.002469 4.510703 -1.119016
58.002469 4.510703 50.579584
58.002469 56.209303 -1.119016
58.002469 56.209303 50.579584
4.510703 14.043666 -6.620781
4.510703 14.043666 45.077819
56.209303 14.043666 -6.620781
56.209303 14.043666 45.077819
8.390424 11.762465 -6.305678
8.390424 11.762465 45.392922
6.374437 15.333805 38.894408
58.073037 15.333805 38.894408
7.357486 15.278229 40.105447
59.056086 15.278229 40.105447
4.985296 15.471323 41.204560
56.683896 15.471323 41.204560
4.838730 14.305261 40.154561
56.537330 14.305261 40.154561
7.122775 14.532218 41.789529
58.821375 14.532218 41.789529
6.062953 13.422508 42.018296
57.761553 13.422508 42.018296
6.919082 13.422508 40.724538
58.617682 13.422508 40.724538
19.474863 15.333805 38.653492
18.491814 15.278229 37.442453
20.864004 15.471323 36.343340
21.010570 14.305261 37.393339
18.726525 14.532218 35.758371
19.786347 13.422508 35.529604
18.930218 13.422508 36.823362
6.280604 12.796696 36.315682
57.979204 12.796696 36.315682
7.340167 11.686986 36.544706
59.038767 11.686986 36.544706
6.484038 11.686986 35.250949
58.182638 11.686986 35.250949
4.985296 10.377977 36.343340
56.683896 10.377977 36.343340
4.838730 11.544039 37.393339
56.537330 11.544039 37.393339
6.374437 10.515495 38.653492
58.073037 10.515495 38.653492
7.357486 10.571071 37.442453
59.056086 10.571071 37.442453
19.474863 10.515495 38.894408
18.491814 10.571071 40.105447
20.864004 10.377977 41.204560
21.010570 11.544039 40.154561
19.568696 12.796696 41.232218
18.509133 11.686986 41.003194
19.365262 11.686986 42.296951
6.569858 2.355130 38.909400
6.569858 54.053730 38.909400
58.268458 2.355130 38.909400
58.268458 54.053730 38.909400
5.567164 2.353579 40.105447
5.567164 54.052179 40.105447
57.265764 2.353579 40.105447
57.265764 54.052179 40.105447
7.939354 2.430610 41.320623
7.939354 54.129210 41.320623
8.085920 1.380611 40.154561
8.085920 53.079211 40.154561
5.801875 1.607568 41.789529
5.801875 53.306168 41.789529
57.500475 1.607568 41.789529
57.500475 53.306168 41.789529
6.005568 0.497858 40.724538
6.005568 52.196458 40.724538
57.704168 0.497858 40.724538
57.704168 52.196458 40.724538
6.861697 0.497858 42.018296
6.861697 52.196458 42.018296
58.560297 0.497858 42.018296
58.560297 52.196458 42.018296
19.279442 2.355130 38.638500
19.279442 54.053730 38.638500
20.282136 2.353579 37.442453
20.282136 54.052179 37.442453
17.909946 2.430610 36.227277
17.909946 54.129210 36.227277
17.763380 1.380611 37.393339
17.763380 53.079211 37.393339
20.047425 1.607568 35.758371
20.047425 53.306168 35.758371
19.843732 0.497858 36.823362
19.843732 52.196458 36.823362
18.987603 0.497858 35.529604
18.987603 52.196458 35.529604
6.620781 17.435353 -1.119016
6.620781 17.435353 50.579584
58.319381 17.435353 -1.119016
58.319381 17.435353 50.579584
11.798396 3.534116 -6.539097
11.798396 3.534116 45.159503
11.798396 55.232716 -6.539097
11.798396 55.232716 45.159503
11.585915 2.338328 -5.573885
11.585915 2.338328 46.124715
11.585915 54.036928 -5.573885
11.585915 54.036928 46.124715
12.786356 2.338328 -6.556416
12.786356 2.338328 45.142184
12.786356 54.036928 -6.556416
12.786356 54.036928 45.142184
11.468300 1.340286 43.588382
11.468300 53.038886 43.588382
10.422438 2.502212 43.788456
10.422438 54.200812 43.788456
10.548841 1.309784 -5.554498
10.548841 1.309784 46.144102
10.548841 53.008384 -5.554498
10.548841 53.008384 46.144102
10.537209 0.128213 -6.574511
10.537209 0.128213 45.124089
10.537209 51.826813 -6.574511
10.537209 51.826813 45.124089
2.321784 1.324777 33.199807
2.321784 53.023377 33.199807
54.020384 1.324777 33.199807
54.020384 53.023377 33.199807
2.387441 0.128213 32.199439
2.387441 51.826813 32.199439
54.086041 0.128213 32.199439
54.086041 51.826813 32.199439
1.340286 1.456350 30.663732
1.340286 53.154950 30.663732
53.038886 1.456350 30.663732
53.038886 53.154950 30.663732
2.502212 2.502212 30.863806
2.502212 54.200812 30.863806
54.200812 2.502212 30.863806
54.200812 54.200812 30.863806
1.126254 3.534116 32.234853
1.126254 55.232716 32.234853
52.824854 3.534116 32.234853
52.824854 55.232716 32.234853
0.138294 2.338328 32.217534
0.138294 54.036928 32.217534
51.836894 2.338328 32.217534
51.836894 54.036928 32.217534
1.338735 2.338328 33.200065
1.338735 54.036928 33.200065
53.037335 2.338328 33.200065
53.037335 54.036928 33.200065
0.609010 10.984919 -5.907082
0.609010 10.984919 45.791518
52.307610 10.984919 -5.907082
52.307610 10.984919 45.791518
0.396787 9.789130 -6.872295
0.396787 9.789130 44.826305
52.095387 9.789130 -6.872295
52.095387 9.789130 44.826305
1.597228 9.789130 -5.889763
1.597228 9.789130 45.808837
53.295828 9.789130 -5.889763
53.295828 9.789130 45.808837
2.430610 10.377977 43.759246
54.129210 10.377977 43.759246
1.380611 11.544039 43.612680
53.079211 11.544039 43.612680
2.355130 12.789200 -6.569858
2.355130 12.789200 45.128742
54.053730 12.789200 -6.569858
54.053730 12.789200 45.128742
2.353579 11.593153 -5.567164
2.353579 11.593153 46.131436
54.052179 11.593153 -5.567164
54.052179 11.593153 46.131436
2.355130 13.060100 32.419158
54.053730 13.060100 32.419158
2.353579 14.256147 31.416464
54.052179 14.256147 31.416464
2.430610 15.471323 33.788654
54.129210 15.471323 33.788654
1.380611 14.305261 33.935220
53.079211 14.305261 33.935220
1.126254 16.458766 32.388397
52.824854 16.458766 32.388397
1.338735 15.262978 31.423185
53.037335 15.262978 31.423185
0.138294 15.262978 32.405716
51.836894 15.262978 32.405716
0.609010 23.909569 -7.017568
0.609010 23.909569 44.681032
52.307610 23.909569 -7.017568
52.307610 23.909569 44.681032
1.597228 22.713780 -7.034887
1.597228 22.713780 44.663713
53.295828 22.713780 -7.034887
53.295828 22.713780 44.663713
0.396787 22.713780 -6.052355
0.396787 22.713780 45.646245
52.095387 22.713780 -6.052355
52.095387 22.713780 45.646245
1.340286 24.392950 -4.814432
1.340286 24.392950 46.884168
53.038886 24.392950 -4.814432
53.038886 24.392950 46.884168
2.502212 23.347088 -5.014506
2.502212 23.347088 46.684094
54.200812 23.347088 -5.014506
54.200812 23.347088 46.684094
2.321784 24.524523 -7.350507
2.321784 24.524523 44.348093
54.020384 24.524523 -7.350507
54.020384 24.524523 44.348093
2.387441 25.721087 -6.350139
2.387441 25.721087 45.348461
54.086041 25.721087 -6.350139
54.086041 25.721087 45.348461
10.548841 24.539516 31.403798
10.537209 25.721087 32.423811
11.468300 24.509014 33.959518
10.422438 23.347088 33.759444
12.315640 23.909569 31.756382
12.527863 22.713780 32.721595
11.327422 22.713780 31.739063
13.533660 23.909569 -5.907082
13.533660 23.909569 45.791518
13.321437 22.713780 -6.872295
13.321437 22.713780 44.826305
14.521878 22.713780 -5.889763
14.521878 22.713780 45.808837
14.381000 24.509014 43.588382
15.426862 23.347088 43.788456
15.300459 24.539516 -5.554498
15.300459 24.539516 46.144102
15.312091 25.721087 -6.574511
15.312091 25.721087 45.124089
23.527516 24.524523 33.199807
23.461859 25.721087 32.199439
24.509014 24.392950 30.663732
23.347088 23.347088 30.863806
25.240290 23.909569 32.866868
24.252072 22.713780 32.884187
25.452513 22.713780 31.901655
24.723046 16.458766 -6.539097
24.723046 16.458766 45.159503
24.510565 15.262978 -5.573885
24.510565 15.262978 46.124715
25.711006 15.262978 -6.556416
25.711006 15.262978 45.142184
23.418690 15.471323 43.759246
24.468689 14.305261 43.612680
23.494170 13.060100 -6.569858
23.494170 13.060100 45.128742
23.495721 14.256147 -5.567164
23.495721 14.256147 46.131436
23.494170 12.789200 32.419158
23.495721 11.593153 31.416464
23.418690 10.377977 33.788654
24.468689 11.544039 33.935220
25.728842 10.515495 32.399513
24.517803 10.571071 31.416464
24.723046 3.534116 -6.385553
24.723046 3.534116 45.313047
24.723046 55.232716 -6.385553
24.723046 55.232716 45.313047
25.711006 2.338328 -6.368234
25.711006 2.338328 45.330366
25.711006 54.036928 -6.368234
25.711006 54.036928 45.330366
24.510565 2.338328 -7.350765
24.510565 2.338328 44.347835
24.510565 54.036928 -7.350765
24.510565 54.036928 44.347835
24.509014 1.456350 -4.814432
24.509014 1.456350 46.884168
24.509014 53.154950 -4.814432
24.509014 53.154950 46.884168
23.347088 2.502212 -5.014506
23.347088 2.502212 46.684094
23.347088 54.200812 -5.014506
23.347088 54.200812 46.684094
23.527516 1.324777 -7.350507
23.527516 1.324777 44.348093
23.527516 53.023377 -7.350507
23.527516 53.023377 44.348093
23.461859 0.128213 -6.350139
23.461859 0.128213 45.348461
23.461859 51.826813 -6.350139
23.461859 51.826813 45.348461
15.300459 1.309784 31.403798
15.300459 53.008384 31.403798
15.312091 0.128213 32.423811
15.312091 51.826813 32.423811
14.381000 1.340286 33.959518
14.381000 53.038886 33.959518
15.426862 2.502212 33.759444
15.426862 54.200812 33.759444
14.050904 3.534116 32.388397
14.050904 55.232716 32.388397
14.263385 2.338328 31.423185
14.263385 54.036928 31.423185
13.062944 2.338328 32.405716
13.062944 54.036928 32.405716
13.533660 10.984919 -7.017568
13.533660 10.984919 44.681032
14.521878 9.789130 -7.034887
14.521878 9.789130 44.663713
13.321437 9.789130 -6.052355
13.321437 9.789130 45.646245
15.471323 10.494040 -4.985296
15.471323 10.494040 46.713304
14.305261 11.544039 -4.838730
14.305261 11.544039 46.859870
15.333805 12.804192 -6.374437
15.333805 12.804192 45.324163
15.278229 11.593153 -7.357486
15.278229 11.593153 44.341114
15.333805 13.045108 32.223737
15.278229 14.256147 33.206786
15.471323 15.355260 30.834596
14.305261 14.305261 30.688030
14.050904 16.458766 32.234853
13.062944 15.262978 32.217534
14.263385 15.262978 33.200065
11.798396 16.458766 -6.385553
11.798396 16.458766 45.313047
12.786356 15.262978 -6.368234
12.786356 15.262978 45.330366
11.585915 15.262978 -7.350765
11.585915 15.262978 44.347835
10.377977 15.355260 -4.985296
10.377977 15.355260 46.713304
11.544039 14.305261 -4.838730
11.544039 14.305261 46.859870
10.515495 13.045108 -6.374437
10.515495 13.045108 45.324163
10.571071 14.256147 -7.357486
10.571071 14.256147 44.341114
10.515495 12.804192 32.223737
10.571071 11.593153 33.206786
10.377977 10.494040 30.834596
11.544039 11.544039 30.688030
12.315640 10.984919 32.866868
11.327422 9.789130 32.884187
12.527863 9.789130 31.901655
4.510703 1.119016 -6.303869
4.510703 1.119016 45.394731
4.510703 52.817616 -6.303869
4.510703 52.817616 45.394731
56.209303 1.119016 -6.303869
56.209303 1.119016 45.394731
56.209303 52.817616 -6.303869
56.209303 52.817616 45.394731
8.413947 1.119016 32.470081
8.413947 52.817616 32.470081
21.338597 1.119016 32.153169
21.338597 52.817616 32.153169
17.435353 1.119016 -6.620781
17.435353 1.119016 45.077819
17.435353 52.817616 -6.620781
17.435353 52.817616 45.077819
21.338597 24.730284 -6.303869
21.338597 24.730284 45.394731
17.435353 24.730284 32.470081
8.413947 24.730284 -6.620781
8.413947 24.730284 45.077819
4.510703 24.730284 32.153169
56.209303 24.730284 32.153169
21.338597 14.043666 32.470081
17.458876 11.762465 32.154978
17.458876 14.086835 -6.305678
17.458876 14.086835 45.392922
21.338597 11.805634 -6.620781
21.338597 11.805634 45.077819
4.510703 11.805634 32.470081
56.209303 11.805634 32.470081
8.390424 14.086835 32.154978
19.545431 8.413947 37.654934
19.228519 4.510703 39.892966
19.228519 56.209303 39.892966
19.228519 21.338597 37.654934
6.303869 8.413947 39.892966
58.002469 8.413947 39.892966
6.620781 4.510703 37.654934
6.620781 56.209303 37.654934
58.319381 4.510703 37.654934
58.319381 56.209303 37.654934
18.498793 2.321784 -1.324777
18.498793 2.321784 50.373823
18.498793 54.020384 -1.324777
18.498793 54.020384 50.373823
19.499161 2.387441 -0.128213
19.499161 2.387441 51.570387
19.499161 54.086041 -0.128213
19.499161 54.086041 51.570387
21.034868 1.340286 -1.456350
21.034868 1.340286 50.242250
21.034868 53.038886 -1.456350
21.034868 53.038886 50.242250
20.834794 2.502212 -2.502212
20.834794 2.502212 49.196388
20.834794 54.200812 -2.502212
20.834794 54.200812 49.196388
18.726525 1.607568 -3.015579
18.726525 1.607568 48.683021
18.726525 53.306168 -3.015579
18.726525 53.306168 48.683021
19.786347 0.497858 -3.244346
19.786347 0.497858 48.454254
19.786347 52.196458 -3.244346
19.786347 52.196458 48.454254
18.930218 0.497858 -1.950588
18.930218 0.497858 49.748012
18.930218 52.196458 -1.950588
18.930218 52.196458 49.748012
7.582117 33.431417 5.342533
7.582117 33.431417 57.041133
59.280717 33.431417 5.342533
59.280717 33.431417 57.041133
6.462325 32.311625 6.462325
6.462325 32.311625 58.160925
58.160925 32.311625 6.462325
58.160925 32.311625 58.160925
7.269857 33.119157 3.464065
7.269857 33.119157 55.162665
58.968457 33.119157 3.464065
58.968457 33.119157 55.162665
6.462325 32.311625 2.891761
6.462325 32.311625 54.590361
58.160925 32.311625 2.891761
58.160925 32.311625 54.590361
6.462325 32.311625 1.408011
6.462325 32.311625 53.106611
58.160925 32.311625 1.408011
58.160925 32.311625 53.106611
6.552281 33.419784 0.687074
6.552281 33.419784 52.385674
58.250881 33.419784 0.687074
58.250881 33.419784 52.385674
18.267183 -7.582117 5.342533
18.267183 -7.582117 57.041133
18.267183 44.116483 5.342533
18.267183 44.116483 57.041133
19.386975 -6.462325 6.462325
19.386975 -6.462325 58.160925
19.386975 45.236275 6.462325
19.386975 45.236275 58.160925
18.579443 -7.269857 3.464065
18.579443 -7.269857 55.162665
18.579443 44.428743 3.464065
18.579443 44.428743 55.162665
19.386975 -6.462325 2.891761
19.386975 -6.462325 54.590361
19.386975 45.236275 2.891761
19.386975 45.236275 54.590361
19.386975 -6.462325 1.408011
19.386975 -6.462325 53.106611
19.386975 45.236275 1.408011
19.386975 45.236275 53.106611
19.297019 -7.570484 0.687074
19.297019 -7.570484 52.385674
19.297019 44.128116 0.687074
19.297019 44.128116 52.385674
18.267183 33.431417 20.506767
19.386975 32.311625 19.386975
18.579443 33.119157 22.385235
19.386975 32.311625 22.957539
19.386975 32.311625 24.441289
19.297019 33.419784 25.162226
7.582117 -7.582117 20.506767
7.582117 44.116483 20.506767
59.280717 -7.582117 20.506767
59.280717 44.116483 20.506767
6.462325 -6.462325 19.386975
6.462325 45.236275 19.386975
58.160925 -6.462325 19.386975
58.160925 45.236275 19.386975
7.269857 -7.269857 22.385235
7.269857 44.428743 22.385235
58.968457 -7.269857 22.385235
58.968457 44.428743 22.385235
6.462325 -6.462325 22.957539
6.462325 45.236275 22.957539
58.160925 -6.462325 22.957539
58.160925 45.236275 22.957539
6.462325 -6.462325 24.441289
6.462325 45.236275 24.441289
58.160925 -6.462325 24.441289
58.160925 45.236275 24.441289
6.552281 -7.570484 25.162226
6.552281 44.128116 25.162226
58.250881 -7.570484 25.162226
58.250881 44.128116 25.162226
5.342533 33.431417 7.582117
5.342533 33.431417 59.280717
57.041133 33.431417 7.582117
57.041133 33.431417 59.280717
3.464065 33.119157 7.269857
3.464065 33.119157 58.968457
55.162665 33.119157 7.269857
55.162665 33.119157 58.968457
2.891761 32.311625 6.462325
2.891761 32.311625 58.160925
54.590361 32.311625 6.462325
54.590361 32.311625 58.160925
1.408011 32.311625 6.462325
1.408011 32.311625 58.160925
53.106611 32.311625 6.462325
53.106611 32.311625 58.160925
0.687074 32.401581 7.570484
0.687074 32.401581 59.269084
52.385674 32.401581 7.570484
52.385674 32.401581 59.269084
5.342533 -7.582117 18.267183
5.342533 44.116483 18.267183
57.041133 -7.582117 18.267183
57.041133 44.116483 18.267183
3.464065 -7.269857 18.579443
3.464065 44.428743 18.579443
55.162665 -7.269857 18.579443
55.162665 44.428743 18.579443
2.891761 -6.462325 19.386975
2.891761 45.236275 19.386975
54.590361 -6.462325 19.386975
54.590361 45.236275 19.386975
1.408011 -6.462325 19.386975
1.408011 45.236275 19.386975
53.106611 -6.462325 19.386975
53.106611 45.236275 19.386975
0.687074 -6.552281 18.278816
0.687074 45.146319 18.278816
52.385674 -6.552281 18.278816
52.385674 45.146319 18.278816
20.506767 -7.582117 7.582117
20.506767 -7.582117 59.280717
20.506767 44.116483 7.582117
20.506767 44.116483 59.280717
22.385235 -7.269857 7.269857
22.385235 -7.269857 58.968457
22.385235 44.428743 7.269857
22.385235 44.428743 58.968457
22.957539 -6.462325 6.462325
22.957539 -6.462325 58.160925
22.957539 45.236275 6.462325
22.957539 45.236275 58.160925
24.441289 -6.462325 6.462325
24.441289 -6.462325 58.160925
24.441289 45.236275 6.462325
24.441289 45.236275 58.160925
25.162226 -6.552281 7.570484
25.162226 -6.552281 59.269084
25.162226 45.146319 7.570484
25.162226 45.146319 59.269084
20.506767 33.431417 18.267183
22.385235 33.119157 18.579443
22.957539 32.311625 19.386975
24.441289 32.311625 19.386975
25.162226 32.401581 18.278816
7.582117 31.191833 7.582117
7.582117 31.191833 59.280717
59.280717 31.191833 7.582117
59.280717 31.191833 59.280717
7.269857 29.313365 7.269857
7.269857 29.313365 58.968457
58.968457 29.313365 7.269857
58.968457 29.313365 58.968457
6.462325 28.741061 6.462325
6.462325 28.741061 58.160925
58.160925 28.741061 6.462325
58.160925 28.741061 58.160925
6.462325 27.257311 6.462325
6.462325 27.257311 58.160925
58.160925 27.257311 6.462325
58.160925 27.257311 58.160925
7.570484 26.536374 6.552281
7.570484 26.536374 58.250881
59.269084 26.536374 6.552281
59.269084 26.536374 58.250881
18.267183 31.191833 18.267183
18.579443 29.313365 18.579443
19.386975 28.741061 19.386975
19.386975 27.257311 19.386975
18.278816 26.536374 19.297019
7.582117 -5.342533 18.267183
7.582117 46.356067 18.267183
59.280717 -5.342533 18.267183
59.280717 46.356067 18.267183
7.269857 -3.464065 18.579443
7.269857 48.234535 18.579443
58.968457 -3.464065 18.579443
58.968457 48.234535 18.579443
6.462325 -2.891761 19.386975
6.462325 48.806839 19.386975
58.160925 -2.891761 19.386975
58.160925 48.806839 19.386975
6.462325 -1.408011 19.386975
6.462325 50.290589 19.386975
58.160925 -1.408011 19.386975
58.160925 50.290589 19.386975
7.570484 -0.687074 19.297019
7.570484 51.011526 19.297019
59.269084 -0.687074 19.297019
59.269084 51.011526 19.297019
18.267183 -5.342533 7.582117
18.267183 -5.342533 59.280717
18.267183 46.356067 7.582117
18.267183 46.356067 59.280717
18.579443 -3.464065 7.269857
18.579443 -3.464065 58.968457
18.579443 48.234535 7.269857
18.579443 48.234535 58.968457
19.386975 -2.891761 6.462325
19.386975 -2.891761 58.160925
19.386975 48.806839 6.462325
19.386975 48.806839 58.160925
19.386975 -1.408011 6.462325
19.386975 -1.408011 58.160925
19.386975 50.290589 6.462325
19.386975 50.290589 58.160925
18.278816 -0.687074 6.552281
18.278816 -0.687074 58.250881
18.278816 51.011526 6.552281
18.278816 51.011526 58.250881
7.582117 33.431417 20.506767
59.280717 33.431417 20.506767
6.462325 32.311625 19.386975
58.160925 32.311625 19.386975
7.269857 33.119157 22.385235
58.968457 33.119157 22.385235
6.462325 32.311625 22.957539
58.160925 32.311625 22.957539
6.462325 32.311625 24.441289
58.160925 32.311625 24.441289
10.332224 32.290429 24.803179
11.023434 33.334999 23.948084
18.267183 -7.582117 20.506767
18.267183 44.116483 20.506767
19.386975 -6.462325 19.386975
19.386975 45.236275 19.386975
18.579443 -7.269857 22.385235
18.579443 44.428743 22.385235
19.386975 -6.462325 22.957539
19.386975 45.236275 22.957539
19.386975 -6.462325 24.441289
19.386975 45.236275 24.441289
15.517076 -6.441129 24.803179
15.517076 45.257471 24.803179
14.825866 -7.485699 23.948084
14.825866 44.212901 23.948084
7.582117 -7.582117 5.342533
7.582117 -7.582117 57.041133
7.582117 44.116483 5.342533
7.582117 44.116483 57.041133
59.280717 -7.582117 5.342533
59.280717 -7.582117 57.041133
59.280717 44.116483 5.342533
59.280717 44.116483 57.041133
6.462325 -6.462325 6.462325
6.462325 -6.462325 58.160925
6.462325 45.236275 6.462325
6.462325 45.236275 58.160925
58.160925 -6.462325 6.462325
58.160925 -6.462325 58.160925
58.160925 45.236275 6.462325
58.160925 45.236275 58.160925
7.269857 -7.269857 3.464065
7.269857 -7.269857 55.162665
7.269857 44.428743 3.464065
7.269857 44.428743 55.162665
58.968457 -7.269857 3.464065
58.968457 -7.269857 55.162665
58.968457 44.428743 3.464065
58.968457 44.428743 55.162665
6.462325 -6.462325 2.891761
6.462325 -6.462325 54.590361
6.462325 45.236275 2.891761
6.462325 45.236275 54.590361
58.160925 -6.462325 2.891761
58.160925 -6.462325 54.590361
58.160925 45.236275 2.891761
58.160925 45.236275 54.590361
6.462325 -6.462325 1.408011
6.462325 -6.462325 53.106611
6.462325 45.236275 1.408011
6.462325 45.236275 53.106611
58.160925 -6.462325 1.408011
58.160925 -6.462325 53.106611
58.160925 45.236275 1.408011
58.160925 45.236275 53.106611
10.332224 -6.441129 1.046121
10.332224 -6.441129 52.744721
10.332224 45.257471 1.046121
10.332224 45.257471 52.744721
11.023434 -7.485699 1.901216
11.023434 -7.485699 53.599816
11.023434 44.212901 1.901216
11.023434 44.212901 53.599816
18.267183 33.431417 5.342533
18.267183 33.431417 57.041133
19.386975 32.311625 6.462325
19.386975 32.311625 58.160925
18.579443 33.119157 3.464065
18.579443 33.119157 55.162665
19.386975 32.311625 2.891761
19.386975 32.311625 54.590361
19.386975 32.311625 1.408011
19.386975 32.311625 53.106611
15.517076 32.290429 1.046121
15.517076 32.290429 52.744721
14.825866 33.334999 1.901216
14.825866 33.334999 53.599816
7.582117 31.191833 18.267183
59.280717 31.191833 18.267183
7.269857 29.313365 18.579443
58.968457 29.313365 18.579443
6.462325 28.741061 19.386975
58.160925 28.741061 19.386975
6.462325 27.257311 19.386975
58.160925 27.257311 19.386975
6.441129 26.895421 15.517076
58.139729 26.895421 15.517076
7.485699 27.750516 14.825866
59.184299 27.750516 14.825866
18.267183 31.191833 7.582117
18.267183 31.191833 59.280717
18.579443 29.313365 7.269857
18.579443 29.313365 58.968457
19.386975 28.741061 6.462325
19.386975 28.741061 58.160925
19.386975 27.257311 6.462325
19.386975 27.257311 58.160925
19.408171 26.895421 10.332224
18.363601 27.750516 11.023434
18.267183 -5.342533 18.267183
18.267183 46.356067 18.267183
18.579443 -3.464065 18.579443
18.579443 48.234535 18.579443
19.386975 -2.891761 19.386975
19.386975 48.806839 19.386975
19.386975 -1.408011 19.386975
19.386975 50.290589 19.386975
19.408171 -1.046121 15.517076
19.408171 50.652479 15.517076
18.363601 -1.901216 14.825866
18.363601 49.797384 14.825866
7.582117 -5.342533 7.582117
7.582117 -5.342533 59.280717
7.582117 46.356067 7.582117
7.582117 46.356067 59.280717
59.280717 -5.342533 7.582117
59.280717 -5.342533 59.280717
59.280717 46.356067 7.582117
59.280717 46.356067 59.280717
7.269857 -3.464065 7.269857
7.269857 -3.464065 58.968457
7.269857 48.234535 7.269857
7.269857 48.234535 58.968457
58.968457 -3.464065 7.269857
58.968457 -3.464065 58.968457
58.968457 48.234535 7.269857
58.968457 48.234535 58.968457
6.462325 -2.891761 6.462325
6.462325 -2.891761 58.160925
6.462325 48.806839 6.462325
6.462325 48.806839 58.160925
58.160925 -2.891761 6.462325
58.160925 -2.891761 58.160925
58.160925 48.806839 6.462325
58.160925 48.806839 58.160925
6.462325 -1.408011 6.462325
6.462325 -1.408011 58.160925
6.462325 50.290589 6.462325
6.462325 50.290589 58.160925
58.160925 -1.408011 6.462325
58.160925 -1.408011 58.160925
58.160925 50.290589 6.462325
58.160925 50.290589 58.160925
6.441129 -1.046121 10.332224
6.441129 50.652479 10.332224
58.139729 -1.046121 10.332224
58.139729 50.652479 10.332224
7.485699 -1.901216 11.023434
7.485699 49.797384 11.023434
59.184299 -1.901216 11.023434
59.184299 49.797384 11.023434
5.342533 33.431417 18.267183
57.041133 33.431417 18.267183
3.464065 33.119157 18.579443
55.162665 33.119157 18.579443
2.891761 32.311625 19.386975
54.590361 32.311625 19.386975
1.408011 32.311625 19.386975
53.106611 32.311625 19.386975
1.046121 36.181524 19.408171
52.744721 36.181524 19.408171
1.901216 36.872734 18.363601
53.599816 36.872734 18.363601
5.342533 -7.582117 7.582117
5.342533 -7.582117 59.280717
5.342533 44.116483 7.582117
5.342533 44.116483 59.280717
57.041133 -7.582117 7.582117
57.041133 -7.582117 59.280717
57.041133 44.116483 7.582117
57.041133 44.116483 59.280717
3.464065 -7.269857 7.269857
3.464065 -7.269857 58.968457
3.464065 44.428743 7.269857
3.464065 44.428743 58.968457
55.162665 -7.269857 7.269857
55.162665 -7.269857 58.968457
55.162665 44.428743 7.269857
55.162665 44.428743 58.968457
2.891761 -6.462325 6.462325
2.891761 -6.462325 58.160925
2.891761 45.236275 6.462325
2.891761 45.236275 58.160925
54.590361 -6.462325 6.462325
54.590361 -6.462325 58.160925
54.590361 45.236275 6.462325
54.590361 45.236275 58.160925
1.408011 -6.462325 6.462325
1.408011 -6.462325 58.160925
1.408011 45.236275 6.462325
1.408011 45.236275 58.160925
53.106611 -6.462325 6.462325
53.106611 -6.462325 58.160925
53.106611 45.236275 6.462325
53.106611 45.236275 58.160925
1.046121 41.366376 6.441129
1.046121 41.366376 58.139729
52.744721 41.366376 6.441129
52.744721 41.366376 58.139729
1.901216 40.675166 7.485699
1.901216 40.675166 59.184299
53.599816 40.675166 7.485699
53.599816 40.675166 59.184299
20.506767 33.431417 7.582117
20.506767 33.431417 59.280717
22.385235 33.119157 7.269857
22.385235 33.119157 58.968457
22.957539 32.311625 6.462325
22.957539 32.311625 58.160925
24.441289 32.311625 6.462325
24.441289 32.311625 58.160925
24.538224 34.667789 6.706859
24.538224 34.667789 58.405459
24.803179 36.181524 6.441129
24.803179 36.181524 58.139729
23.948084 36.872734 7.485699
23.948084 36.872734 59.184299
20.506767 -7.582117 18.267183
20.506767 44.116483 18.267183
22.385235 -7.269857 18.579443
22.385235 44.428743 18.579443
22.957539 -6.462325 19.386975
22.957539 45.236275 19.386975
24.441289 -6.462325 19.386975
24.441289 45.236275 19.386975
24.803179 41.366376 19.408171
23.948084 40.675166 18.363601
19.297019 -7.570484 25.162226
19.297019 44.128116 25.162226
19.142441 42.880111 24.538224
19.408171 41.366376 24.803179
18.363601 40.675166 23.948084
6.552281 33.419784 25.162226
58.250881 33.419784 25.162226
6.706859 34.667789 24.538224
58.405459 34.667789 24.538224
6.441129 36.181524 24.803179
58.139729 36.181524 24.803179
7.485699 36.872734 23.948084
59.184299 36.872734 23.948084
6.552281 -7.570484 0.687074
6.552281 -7.570484 52.385674
6.552281 44.128116 0.687074
6.552281 44.128116 52.385674
58.250881 -7.570484 0.687074
58.250881 -7.570484 52.385674
58.250881 44.128116 0.687074
58.250881 44.128116 52.385674
6.706859 42.880111 1.311076
6.706859 42.880111 53.009676
58.405459 42.880111 1.311076
58.405459 42.880111 53.009676
6.441129 41.366376 1.046121
6.441129 41.366376 52.744721
58.139729 41.366376 1.046121
58.139729 41.366376 52.744721
7.485699 40.675166 1.901216
7.485699 40.675166 53.599816
59.184299 40.675166 1.901216
59.184299 40.675166 53.599816
19.297019 33.419784 0.687074
19.297019 33.419784 52.385674
19.142441 34.667789 1.311076
19.142441 34.667789 53.009676
19.408171 36.181524 1.046121
19.408171 36.181524 52.744721
18.363601 36.872734 1.901216
18.363601 36.872734 53.599816
25.162226 -6.552281 18.278816
25.162226 45.146319 18.278816
24.538224 -6.706859 17.030811
24.538224 44.991741 17.030811
24.803179 -6.441129 15.517076
24.803179 45.257471 15.517076
23.948084 -7.485699 14.825866
23.948084 44.212901 14.825866
25.162226 32.401581 7.570484
25.162226 32.401581 59.269084
24.538224 32.556159 8.818489
24.803179 32.290429 10.332224
23.948084 33.334999 11.023434
0.687074 32.401581 18.278816
52.385674 32.401581 18.278816
1.311076 32.556159 17.030811
53.009676 32.556159 17.030811
1.046121 32.290429 15.517076
52.744721 32.290429 15.517076
1.901216 33.334999 14.825866
53.599816 33.334999 14.825866
0.687074 -6.552281 7.570484
0.687074 -6.552281 59.269084
0.687074 45.146319 7.570484
0.687074 45.146319 59.269084
52.385674 -6.552281 7.570484
52.385674 -6.552281 59.269084
52.385674 45.146319 7.570484
52.385674 45.146319 59.269084
1.311076 -6.706859 8.818489
1.311076 44.991741 8.818489
53.009676 -6.706859 8.818489
53.009676 44.991741 8.818489
1.046121 -6.441129 10.332224
1.046121 45.257471 10.332224
52.744721 -6.441129 10.332224
52.744721 45.257471 10.332224
1.901216 -7.485699 11.023434
1.901216 44.212901 11.023434
53.599816 -7.485699 11.023434
53.599816 44.212901 11.023434
18.278816 -0.687074 19.297019
18.278816 51.011526 19.297019
17.030811 -1.311076 19.142441
17.030811 50.387524 19.142441
15.517076 -1.046121 19.408171
15.517076 50.652479 19.408171
14.825866 -1.901216 18.363601
14.825866 49.797384 18.363601
7.570484 -0.687074 6.552281
7.570484 -0.687074 58.250881
7.570484 51.011526 6.552281
7.570484 51.011526 58.250881
59.269084 -0.687074 6.552281
59.269084 -0.687074 58.250881
59.269084 51.011526 6.552281
59.269084 51.011526 58.250881
8.818489 -1.311076 6.706859
8.818489 -1.311076 58.405459
8.818489 50.387524 6.706859
8.818489 50.387524 58.405459
10.332224 -1.046121 6.441129
10.332224 -1.046121 58.139729
10.332224 50.652479 6.441129
10.332224 50.652479 58.139729
11.023434 -1.901216 7.485699
11.023434 -1.901216 59.184299
11.023434 49.797384 7.485699
11.023434 49.797384 59.184299
18.278816 26.536374 6.552281
18.278816 26.536374 58.250881
17.030811 27.160376 6.706859
17.030811 27.160376 58.405459
15.517076 26.895421 6.441129
15.517076 26.895421 58.139729
14.825866 27.750516 7.485699
14.825866 27.750516 59.184299
7.570484 26.536374 19.297019
59.269084 26.536374 19.297019
8.818489 27.160376 19.142441
10.332224 26.895421 19.408171
11.023434 27.750516 18.363601
7.269857 -5.654793 16.388715
7.269857 46.043807 16.388715
58.968457 -5.654793 16.388715
58.968457 46.043807 16.388715
6.462325 -6.462325 15.816411
6.462325 45.236275 15.816411
58.160925 -6.462325 15.816411
58.160925 45.236275 15.816411
6.462325 -6.462325 14.332661
6.462325 45.236275 14.332661
58.160925 -6.462325 14.332661
58.160925 45.236275 14.332661
6.552281 -5.354166 13.611724
6.552281 46.344434 13.611724
58.250881 -5.354166 13.611724
58.250881 46.344434 13.611724
18.579443 31.504093 16.388715
19.386975 32.311625 15.816411
19.386975 32.311625 14.332661
19.297019 31.203466 13.611724
18.579443 -5.654793 9.460585
18.579443 46.043807 9.460585
19.386975 -6.462325 10.032889
19.386975 45.236275 10.032889
19.386975 -6.462325 11.516639
19.386975 45.236275 11.516639
19.297019 -5.354166 12.237576
19.297019 46.344434 12.237576
7.269857 31.504093 9.460585
58.968457 31.504093 9.460585
6.462325 32.311625 10.032889
58.160925 32.311625 10.032889
6.462325 32.311625 11.516639
58.160925 32.311625 11.516639
6.552281 31.203466 12.237576
58.250881 31.203466 12.237576
5.342533 -5.342533 20.506767
5.342533 46.356067 20.506767
57.041133 -5.342533 20.506767
57.041133 46.356067 20.506767
3.464065 -5.654793 20.194507
3.464065 46.043807 20.194507
55.162665 -5.654793 20.194507
55.162665 46.043807 20.194507
0.687074 -6.372369 20.495134
0.687074 45.326231 20.495134
52.385674 -6.372369 20.495134
52.385674 45.326231 20.495134
1.311076 -6.217791 21.743139
1.311076 45.480809 21.743139
53.009676 -6.217791 21.743139
53.009676 45.480809 21.743139
1.046121 -6.483521 23.256874
1.046121 45.215079 23.256874
52.744721 -6.483521 23.256874
52.744721 45.215079 23.256874
1.901216 -5.438951 23.948084
1.901216 46.259649 23.948084
53.599816 -5.438951 23.948084
53.599816 46.259649 23.948084
5.342533 31.191833 5.342533
5.342533 31.191833 57.041133
57.041133 31.191833 5.342533
57.041133 31.191833 57.041133
3.464065 31.504093 5.654793
3.464065 31.504093 57.353393
55.162665 31.504093 5.654793
55.162665 31.504093 57.353393
0.687074 32.221669 5.354166
0.687074 32.221669 57.052766
52.385674 32.221669 5.354166
52.385674 32.221669 57.052766
1.311076 32.067091 4.106161
1.311076 32.067091 55.804761
53.009676 32.067091 4.106161
53.009676 32.067091 55.804761
1.046121 32.332821 2.592426
1.046121 32.332821 54.291026
52.744721 32.332821 2.592426
52.744721 32.332821 54.291026
1.901216 31.288251 1.901216
1.901216 31.288251 53.599816
53.599816 31.288251 1.901216
53.599816 31.288251 53.599816
20.506767 31.191833 20.506767
22.385235 31.504093 20.194507
25.162226 32.221669 20.495134
24.538224 32.067091 21.743139
24.803179 32.332821 23.256874
23.948084 31.288251 23.948084
20.506767 -5.342533 5.342533
20.506767 -5.342533 57.041133
20.506767 46.356067 5.342533
20.506767 46.356067 57.041133
22.385235 -5.654793 5.654793
22.385235 -5.654793 57.353393
22.385235 46.043807 5.654793
22.385235 46.043807 57.353393
25.162226 -6.372369 5.354166
25.162226 -6.372369 57.052766
25.162226 45.326231 5.354166
25.162226 45.326231 57.052766
24.538224 -6.217791 4.106161
24.538224 -6.217791 55.804761
24.538224 45.480809 4.106161
24.538224 45.480809 55.804761
24.803179 -6.483521 2.592426
24.803179 -6.483521 54.291026
24.803179 45.215079 2.592426
24.803179 45.215079 54.291026
23.948084 -5.438951 1.901216
23.948084 -5.438951 53.599816
23.948084 46.259649 1.901216
23.948084 46.259649 53.599816
7.269857 42.238015 20.194507
58.968457 42.238015 20.194507
6.462325 41.665711 19.386975
58.160925 41.665711 19.386975
6.462325 40.181961 19.386975
58.160925 40.181961 19.386975
7.570484 39.461024 19.476931
59.269084 39.461024 19.476931
8.818489 40.085026 19.631509
10.332224 39.820071 19.365779
11.023434 40.675166 20.410349
18.579443 42.238015 5.654793
18.579443 42.238015 57.353393
19.386975 41.665711 6.462325
19.386975 41.665711 58.160925
19.386975 40.181961 6.462325
19.386975 40.181961 58.160925
18.278816 39.461024 6.372369
18.278816 39.461024 58.070969
17.030811 40.085026 6.217791
17.030811 40.085026 57.916391
15.517076 39.820071 6.483521
15.517076 39.820071 58.182121
14.825866 40.675166 5.438951
14.825866 40.675166 57.137551
7.269857 35.309885 5.654793
7.269857 35.309885 57.353393
58.968457 35.309885 5.654793
58.968457 35.309885 57.353393
6.462325 35.882189 6.462325
6.462325 35.882189 58.160925
58.160925 35.882189 6.462325
58.160925 35.882189 58.160925
6.462325 37.365939 6.462325
6.462325 37.365939 58.160925
58.160925 37.365939 6.462325
58.160925 37.365939 58.160925
7.570484 38.086876 6.372369
7.570484 38.086876 58.070969
59.269084 38.086876 6.372369
59.269084 38.086876 58.070969
8.818489 37.462874 6.217791
8.818489 37.462874 57.916391
10.332224 37.727829 6.483521
10.332224 37.727829 58.182121
11.023434 36.872734 5.438951
11.023434 36.872734 57.137551
18.579443 35.309885 20.194507
19.386975 35.882189 19.386975
19.386975 37.365939 19.386975
18.278816 38.086876 19.476931
17.030811 37.462874 19.631509
15.517076 37.727829 19.365779
14.825866 36.872734 20.410349
7.269857 -5.654793 9.460585
7.269857 46.043807 9.460585
58.968457 -5.654793 9.460585
58.968457 46.043807 9.460585
6.462325 -6.462325 10.032889
6.462325 45.236275 10.032889
58.160925 -6.462325 10.032889
58.160925 45.236275 10.032889
6.462325 -6.462325 11.516639
6.462325 45.236275 11.516639
58.160925 -6.462325 11.516639
58.160925 45.236275 11.516639
18.579443 31.504093 9.460585
19.386975 32.311625 10.032889
19.386975 32.311625 11.516639
7.269857 31.504093 16.388715
58.968457 31.504093 16.388715
6.462325 32.311625 15.816411
58.160925 32.311625 15.816411
6.462325 32.311625 14.332661
58.160925 32.311625 14.332661
18.579443 -5.654793 16.388715
18.579443 46.043807 16.388715
19.386975 -6.462325 15.816411
19.386975 45.236275 15.816411
19.386975 -6.462325 14.332661
19.386975 45.236275 14.332661
7.269857 42.238015 5.654793
7.269857 42.238015 57.353393
58.968457 42.238015 5.654793
58.968457 42.238015 57.353393
6.462325 41.665711 6.462325
6.462325 41.665711 58.160925
58.160925 41.665711 6.462325
58.160925 41.665711 58.160925
6.462325 40.181961 6.462325
6.462325 40.181961 58.160925
58.160925 40.181961 6.462325
58.160925 40.181961 58.160925
6.441129 39.820071 2.592426
6.441129 39.820071 54.291026
58.139729 39.820071 2.592426
58.139729 39.820071 54.291026
18.579443 42.238015 20.194507
19.386975 41.665711 19.386975
19.386975 40.181961 19.386975
19.408171 39.820071 23.256874
18.579443 35.309885 5.654793
18.579443 35.309885 57.353393
19.386975 35.882189 6.462325
19.386975 35.882189 58.160925
19.386975 37.365939 6.462325
19.386975 37.365939 58.160925
19.408171 37.727829 2.592426
19.408171 37.727829 54.291026
7.269857 35.309885 20.194507
58.968457 35.309885 20.194507
6.462325 35.882189 19.386975
58.160925 35.882189 19.386975
6.462325 37.365939 19.386975
58.160925 37.365939 19.386975
6.441129 37.727829 23.256874
58.139729 37.727829 23.256874
5.342533 -5.342533 5.342533
5.342533 -5.342533 57.041133
5.342533 46.356067 5.342533
5.342533 46.356067 57.041133
57.041133 -5.342533 5.342533
57.041133 -5.342533 57.041133
57.041133 46.356067 5.342533
57.041133 46.356067 57.041133
3.464065 -5.654793 5.654793
3.464065 -5.654793 57.353393
3.464065 46.043807 5.654793
3.464065 46.043807 57.353393
55.162665 -5.654793 5.654793
55.162665 -5.654793 57.353393
55.162665 46.043807 5.654793
55.162665 46.043807 57.353393
5.342533 31.191833 20.506767
57.041133 31.191833 20.506767
3.464065 31.504093 20.194507
55.162665 31.504093 20.194507
20.506767 -5.342533 20.506767
20.506767 46.356067 20.506767
22.385235 -5.654793 20.194507
22.385235 46.043807 20.194507
20.506767 31.191833 5.342533
20.506767 31.191833 57.041133
22.385235 31.504093 5.654793
22.385235 31.504093 57.353393
19.297019 31.203466 12.237576
19.142441 29.955461 11.613574
19.408171 28.441726 11.878529
6.552281 -5.354166 12.237576
6.552281 46.344434 12.237576
58.250881 -5.354166 12.237576
58.250881 46.344434 12.237576
6.706859 -4.106161 11.613574
6.706859 47.592439 11.613574
58.405459 -4.106161 11.613574
58.405459 47.592439 11.613574
6.441129 -2.592426 11.878529
6.441129 49.106174 11.878529
58.139729 -2.592426 11.878529
58.139729 49.106174 11.878529
6.552281 31.203466 13.611724
58.250881 31.203466 13.611724
6.706859 29.955461 14.235726
58.405459 29.955461 14.235726
6.441129 28.441726 13.970771
58.139729 28.441726 13.970771
19.297019 -5.354166 13.611724
19.297019 46.344434 13.611724
19.142441 -4.106161 14.235726
19.142441 47.592439 14.235726
19.408171 -2.592426 13.970771
19.408171 49.106174 13.970771
25.162226 32.221669 5.354166
25.162226 32.221669 57.052766
25.162226 -6.372369 20.495134
25.162226 45.326231 20.495134
0.687074 -6.372369 5.354166
0.687074 -6.372369 57.052766
0.687074 45.326231 5.354166
0.687074 45.326231 57.052766
52.385674 -6.372369 5.354166
52.385674 -6.372369 57.052766
52.385674 45.326231 5.354166
52.385674 45.326231 57.052766
0.687074 32.221669 20.495134
52.385674 32.221669 20.495134
18.278816 38.086876 6.372369
18.278816 38.086876 58.070969
7.570484 38.086876 19.476931
59.269084 38.086876 19.476931
18.278816 39.461024 19.476931
7.570484 39.461024 6.372369
7.570484 39.461024 58.070969
59.269084 39.461024 6.372369
59.269084 39.461024 58.070969
15.517076 32.332821 13.970771
14.825866 31.288251 14.825866
10.332224 -6.483521 13.970771
10.332224 45.215079 13.970771
11.023434 -5.438951 14.825866
11.023434 46.259649 14.825866
15.517076 -6.483521 11.878529
15.517076 45.215079 11.878529
14.825866 -5.438951 11.023434
14.825866 46.259649 11.023434
10.332224 32.332821 11.878529
11.023434 31.288251 11.023434
24.803179 28.441726 19.365779
23.948084 27.750516 20.410349
24.803179 -2.592426 6.483521
24.803179 -2.592426 58.182121
24.803179 49.106174 6.483521
24.803179 49.106174 58.182121
23.948084 -1.901216 5.438951
23.948084 -1.901216 57.137551
23.948084 49.797384 5.438951
23.948084 49.797384 57.137551
1.046121 28.441726 6.483521
1.046121 28.441726 58.182121
52.744721 28.441726 6.483521
52.744721 28.441726 58.182121
1.901216 27.750516 5.438951
1.901216 27.750516 57.137551
53.599816 27.750516 5.438951
53.599816 27.750516 57.137551
1.046121 -2.592426 19.365779
1.046121 49.106174 19.365779
52.744721 -2.592426 19.365779
52.744721 49.106174 19.365779
1.901216 -1.901216 20.410349
1.901216 49.797384 20.410349
53.599816 -1.901216 20.410349
53.599816 49.797384 20.410349
20.194507 33.119157 16.388715
19.476931 33.419784 13.611724
19.631509 34.667789 14.235726
19.365779 36.181524 13.970771
20.410349 36.872734 14.825866
5.654793 -7.269857 16.388715
5.654793 44.428743 16.388715
57.353393 -7.269857 16.388715
57.353393 44.428743 16.388715
6.372369 -7.570484 13.611724
6.372369 44.128116 13.611724
58.070969 -7.570484 13.611724
58.070969 44.128116 13.611724
6.217791 42.880111 14.235726
57.916391 42.880111 14.235726
6.483521 41.366376 13.970771
58.182121 41.366376 13.970771
5.438951 40.675166 14.825866
57.137551 40.675166 14.825866
5.654793 33.119157 9.460585
57.353393 33.119157 9.460585
6.372369 33.419784 12.237576
58.070969 33.419784 12.237576
6.217791 34.667789 11.613574
57.916391 34.667789 11.613574
6.483521 36.181524 11.878529
58.182121 36.181524 11.878529
5.438951 36.872734 11.023434
57.137551 36.872734 11.023434
20.194507 -7.269857 9.460585
20.194507 44.428743 9.460585
19.476931 -7.570484 12.237576
19.476931 44.128116 12.237576
19.631509 42.880111 11.613574
19.365779 41.366376 11.878529
20.410349 40.675166 11.023434
16.388715 33.119157 20.194507
15.816411 32.311625 19.386975
14.332661 32.311625 19.386975
13.611724 32.401581 20.495134
16.388715 -7.269857 5.654793
16.388715 -7.269857 57.353393
16.388715 44.428743 5.654793
16.388715 44.428743 57.353393
15.816411 -6.462325 6.462325
15.816411 -6.462325 58.160925
15.816411 45.236275 6.462325
15.816411 45.236275 58.160925
14.332661 -6.462325 6.462325
14.332661 -6.462325 58.160925
14.332661 45.236275 6.462325
14.332661 45.236275 58.160925
13.611724 -6.552281 5.354166
13.611724 -6.552281 57.052766
13.611724 45.146319 5.354166
13.611724 45.146319 57.052766
9.460585 -7.269857 20.194507
9.460585 44.428743 20.194507
10.032889 -6.462325 19.386975
10.032889 45.236275 19.386975
11.516639 -6.462325 19.386975
11.516639 45.236275 19.386975
12.237576 -6.552281 20.495134
12.237576 45.146319 20.495134
9.460585 33.119157 5.654793
9.460585 33.119157 57.353393
10.032889 32.311625 6.462325
10.032889 32.311625 58.160925
11.516639 32.311625 6.462325
11.516639 32.311625 58.160925
12.237576 32.401581 5.354166
12.237576 32.401581 57.052766
20.194507 29.313365 20.194507
20.495134 26.536374 19.476931
21.743139 27.160376 19.631509
23.256874 26.895421 19.365779
5.654793 29.313365 5.654793
5.654793 29.313365 57.353393
57.353393 29.313365 5.654793
57.353393 29.313365 57.353393
5.354166 26.536374 6.372369
5.354166 26.536374 58.070969
57.052766 26.536374 6.372369
57.052766 26.536374 58.070969
4.106161 27.160376 6.217791
4.106161 27.160376 57.916391
55.804761 27.160376 6.217791
55.804761 27.160376 57.916391
2.592426 26.895421 6.483521
2.592426 26.895421 58.182121
54.291026 26.895421 6.483521
54.291026 26.895421 58.182121
20.194507 -3.464065 5.654793
20.194507 -3.464065 57.353393
20.194507 48.234535 5.654793
20.194507 48.234535 57.353393
20.495134 -0.687074 6.372369
20.495134 -0.687074 58.070969
20.495134 51.011526 6.372369
20.495134 51.011526 58.070969
21.743139 -1.311076 6.217791
21.743139 -1.311076 57.916391
21.743139 50.387524 6.217791
21.743139 50.387524 57.916391
23.256874 -1.046121 6.483521
23.256874 -1.046121 58.182121
23.256874 50.652479 6.483521
23.256874 50.652479 58.182121
5.654793 -3.464065 20.194507
5.654793 48.234535 20.194507
57.353393 -3.464065 20.194507
57.353393 48.234535 20.194507
5.354166 -0.687074 19.476931
5.354166 51.011526 19.476931
57.052766 -0.687074 19.476931
57.052766 51.011526 19.476931
4.106161 -1.311076 19.631509
4.106161 50.387524 19.631509
55.804761 -1.311076 19.631509
55.804761 50.387524 19.631509
2.592426 -1.046121 19.365779
2.592426 50.652479 19.365779
54.291026 -1.046121 19.365779
54.291026 50.652479 19.365779
20.194507 33.119157 9.460585
23.256874 32.290429 11.878529
5.654793 -7.269857 9.460585
5.654793 44.428743 9.460585
57.353393 -7.269857 9.460585
57.353393 44.428743 9.460585
2.592426 -6.441129 11.878529
2.592426 45.257471 11.878529
54.291026 -6.441129 11.878529
54.291026 45.257471 11.878529
20.194507 -7.269857 16.388715
20.194507 44.428743 16.388715
23.256874 -6.441129 13.970771
23.256874 45.257471 13.970771
5.654793 33.119157 16.388715
57.353393 33.119157 16.388715
2.592426 32.290429 13.970771
54.291026 32.290429 13.970771
20.194507 29.313365 5.654793
20.194507 29.313365 57.353393
5.654793 29.313365 20.194507
57.353393 29.313365 20.194507
5.654793 -3.464065 5.654793
5.654793 -3.464065 57.353393
5.654793 48.234535 5.654793
5.654793 48.234535 57.353393
57.353393 -3.464065 5.654793
57.353393 -3.464065 57.353393
57.353393 48.234535 5.654793
57.353393 48.234535 57.353393
20.194507 -3.464065 20.194507
20.194507 48.234535 20.194507
16.388715 33.119157 5.654793
16.388715 33.119157 57.353393
15.816411 32.311625 6.462325
15.816411 32.311625 58.160925
14.332661 32.311625 6.462325
14.332661 32.311625 58.160925
16.388715 -7.269857 20.194507
16.388715 44.428743 20.194507
15.816411 -6.462325 19.386975
15.816411 45.236275 19.386975
14.332661 -6.462325 19.386975
14.332661 45.236275 19.386975
9.460585 33.119157 20.194507
10.032889 32.311625 19.386975
11.516639 32.311625 19.386975
9.460585 -7.269857 5.654793
9.460585 -7.269857 57.353393
9.460585 44.428743 5.654793
9.460585 44.428743 57.353393
10.032889 -6.462325 6.462325
10.032889 -6.462325 58.160925
10.032889 45.236275 6.462325
10.032889 45.236275 58.160925
11.516639 -6.462325 6.462325
11.516639 -6.462325 58.160925
11.516639 45.236275 6.462325
11.516639 45.236275 58.160925
6.372369 -7.570484 12.237576
6.372369 44.128116 12.237576
58.070969 -7.570484 12.237576
58.070969 44.128116 12.237576
19.476931 33.419784 12.237576
19.476931 -7.570484 13.611724
19.476931 44.128116 13.611724
6.372369 33.419784 13.611724
58.070969 33.419784 13.611724
12.237576 -6.552281 5.354166
12.237576 -6.552281 57.052766
12.237576 45.146319 5.354166
12.237576 45.146319 57.052766
11.613574 -6.706859 4.106161
11.613574 -6.706859 55.804761
11.613574 44.991741 4.106161
11.613574 44.991741 55.804761
11.878529 -6.441129 2.592426
11.878529 -6.441129 54.291026
11.878529 45.257471 2.592426
11.878529 45.257471 54.291026
12.237576 32.401581 20.495134
11.613574 32.556159 21.743139
11.878529 32.290429 23.256874
13.611724 32.401581 5.354166
13.611724 32.401581 57.052766
14.235726 32.556159 4.106161
14.235726 32.556159 55.804761
13.970771 32.290429 2.592426
13.970771 32.290429 54.291026
13.611724 -6.552281 20.495134
13.611724 45.146319 20.495134
14.235726 -6.706859 21.743139
14.235726 44.991741 21.743139
13.970771 -6.441129 23.256874
13.970771 45.257471 23.256874
5.354166 -0.687074 6.372369
5.354166 -0.687074 58.070969
5.354166 51.011526 6.372369
5.354166 51.011526 58.070969
57.052766 -0.687074 6.372369
57.052766 -0.687074 58.070969
57.052766 51.011526 6.372369
57.052766 51.011526 58.070969
20.495134 -0.687074 19.476931
20.495134 51.011526 19.476931
5.354166 26.536374 19.476931
57.052766 26.536374 19.476931
20.495134 26.536374 6.372369
20.495134 26.536374 58.070969
6.483521 -1.046121 23.256874
6.483521 50.652479 23.256874
58.182121 -1.046121 23.256874
58.182121 50.652479 23.256874
5.438951 -1.901216 23.948084
5.438951 49.797384 23.948084
57.137551 -1.901216 23.948084
57.137551 49.797384 23.948084
19.365779 -1.046121 2.592426
19.365779 -1.046121 54.291026
19.365779 50.652479 2.592426
19.365779 50.652479 54.291026
20.410349 -1.901216 1.901216
20.410349 -1.901216 53.599816
20.410349 49.797384 1.901216
20.410349 49.797384 53.599816
19.365779 26.895421 23.256874
20.410349 27.750516 23.948084
6.483521 26.895421 2.592426
6.483521 26.895421 54.291026
58.182121 26.895421 2.592426
58.182121 26.895421 54.291026
5.438951 27.750516 1.901216
5.438951 27.750516 53.599816
57.137551 27.750516 1.901216
57.137551 27.750516 53.599816
11.878529 41.366376 19.365779
11.878529 36.181524 6.483521
11.878529 36.181524 58.182121
13.970771 41.366376 6.483521
13.970771 41.366376 58.182121
13.970771 36.181524 19.365779
20.194507 -5.654793 3.464065
20.194507 -5.654793 55.162665
20.194507 46.043807 3.464065
20.194507 46.043807 55.162665
19.476931 -5.354166 0.687074
19.476931 -5.354166 52.385674
19.476931 46.344434 0.687074
19.476931 46.344434 52.385674
19.631509 -4.106161 1.311076
19.631509 -4.106161 53.009676
19.631509 47.592439 1.311076
19.631509 47.592439 53.009676
19.365779 -2.592426 1.046121
19.365779 -2.592426 52.744721
19.365779 49.106174 1.046121
19.365779 49.106174 52.744721
5.654793 31.504093 3.464065
5.654793 31.504093 55.162665
57.353393 31.504093 3.464065
57.353393 31.504093 55.162665
6.372369 31.203466 0.687074
6.372369 31.203466 52.385674
58.070969 31.203466 0.687074
58.070969 31.203466 52.385674
6.217791 29.955461 1.311076
6.217791 29.955461 53.009676
57.916391 29.955461 1.311076
57.916391 29.955461 53.009676
6.483521 28.441726 1.046121
6.483521 28.441726 52.744721
58.182121 28.441726 1.046121
58.182121 28.441726 52.744721
5.654793 -5.654793 22.385235
5.654793 46.043807 22.385235
57.353393 -5.654793 22.385235
57.353393 46.043807 22.385235
6.372369 -5.354166 25.162226
6.372369 46.344434 25.162226
58.070969 -5.354166 25.162226
58.070969 46.344434 25.162226
6.217791 -4.106161 24.538224
6.217791 47.592439 24.538224
57.916391 -4.106161 24.538224
57.916391 47.592439 24.538224
6.483521 -2.592426 24.803179
6.483521 49.106174 24.803179
58.182121 -2.592426 24.803179
58.182121 49.106174 24.803179
20.194507 31.504093 22.385235
19.476931 31.203466 25.162226
19.631509 29.955461 24.538224
19.365779 28.441726 24.803179
16.388715 -5.654793 7.269857
16.388715 -5.654793 58.968457
16.388715 46.043807 7.269857
16.388715 46.043807 58.968457
13.611724 -6.372369 7.570484
13.611724 -6.372369 59.269084
13.611724 45.326231 7.570484
13.611724 45.326231 59.269084
14.235726 -6.217791 8.818489
14.235726 45.480809 8.818489
13.970771 -6.483521 10.332224
13.970771 45.215079 10.332224
16.388715 31.504093 18.579443
13.611724 32.221669 18.278816
14.235726 32.067091 17.030811
13.970771 32.332821 15.517076
9.460585 31.504093 7.269857
9.460585 31.504093 58.968457
12.237576 32.221669 7.570484
12.237576 32.221669 59.269084
11.613574 32.067091 8.818489
11.878529 32.332821 10.332224
9.460585 -5.654793 18.579443
9.460585 46.043807 18.579443
12.237576 -6.372369 18.278816
12.237576 45.326231 18.278816
11.613574 -6.217791 17.030811
11.613574 45.480809 17.030811
11.878529 -6.483521 15.517076
11.878529 45.215079 15.517076
20.194507 42.238015 7.269857
20.194507 42.238015 58.968457
20.495134 39.461024 6.552281
20.495134 39.461024 58.250881
5.654793 42.238015 18.579443
57.353393 42.238015 18.579443
5.354166 39.461024 19.297019
57.052766 39.461024 19.297019
20.194507 35.309885 18.579443
20.495134 38.086876 19.297019
5.654793 35.309885 7.269857
5.654793 35.309885 58.968457
57.353393 35.309885 7.269857
57.353393 35.309885 58.968457
5.354166 38.086876 6.552281
5.354166 38.086876 58.250881
57.052766 38.086876 6.552281
57.052766 38.086876 58.250881
20.194507 -5.654793 22.385235
20.194507 46.043807 22.385235
5.654793 31.504093 22.385235
57.353393 31.504093 22.385235
20.194507 31.504093 3.464065
20.194507 31.504093 55.162665
5.654793 -5.654793 3.464065
5.654793 -5.654793 55.162665
5.654793 46.043807 3.464065
5.654793 46.043807 55.162665
57.353393 -5.654793 3.464065
57.353393 -5.654793 55.162665
57.353393 46.043807 3.464065
57.353393 46.043807 55.162665
20.194507 42.238015 18.579443
5.654793 42.238015 7.269857
5.654793 42.238015 58.968457
57.353393 42.238015 7.269857
57.353393 42.238015 58.968457
5.654793 35.309885 18.579443
57.353393 35.309885 18.579443
20.194507 35.309885 7.269857
20.194507 35.309885 58.968457
16.388715 -5.654793 18.579443
16.388715 46.043807 18.579443
13.970771 -2.592426 19.408171
13.970771 49.106174 19.408171
16.388715 31.504093 7.269857
16.388715 31.504093 58.968457
13.970771 28.441726 6.441129
13.970771 28.441726 58.139729
9.460585 -5.654793 7.269857
9.460585 -5.654793 58.968457
9.460585 46.043807 7.269857
9.460585 46.043807 58.968457
11.878529 -2.592426 6.441129
11.878529 -2.592426 58.139729
11.878529 49.106174 6.441129
11.878529 49.106174 58.139729
9.460585 31.504093 18.579443
11.878529 28.441726 19.408171
6.372369 31.203466 25.162226
58.070969 31.203466 25.162226
19.476931 -5.354166 25.162226
19.476931 46.344434 25.162226
19.476931 31.203466 0.687074
19.476931 31.203466 52.385674
6.372369 -5.354166 0.687074
6.372369 -5.354166 52.385674
6.372369 46.344434 0.687074
6.372369 46.344434 52.385674
58.070969 -5.354166 0.687074
58.070969 -5.354166 52.385674
58.070969 46.344434 0.687074
58.070969 46.344434 52.385674
12.237576 32.221669 18.278816
12.237576 -6.372369 7.570484
12.237576 -6.372369 59.269084
12.237576 45.326231 7.570484
12.237576 45.326231 59.269084
13.611724 -6.372369 18.278816
13.611724 45.326231 18.278816
13.611724 32.221669 7.570484
13.611724 32.221669 59.269084
5.354166 38.086876 19.297019
57.052766 38.086876 19.297019
4.106161 37.462874 19.142441
55.804761 37.462874 19.142441
2.592426 37.727829 19.408171
54.291026 37.727829 19.408171
20.495134 38.086876 6.552281
20.495134 38.086876 58.250881
21.743139 37.462874 6.706859
21.743139 37.462874 58.405459
23.256874 37.727829 6.441129
23.256874 37.727829 58.139729
5.354166 39.461024 6.552281
5.354166 39.461024 58.250881
57.052766 39.461024 6.552281
57.052766 39.461024 58.250881
4.106161 40.085026 6.706859
4.106161 40.085026 58.405459
55.804761 40.085026 6.706859
55.804761 40.085026 58.405459
2.592426 39.820071 6.441129
2.592426 39.820071 58.139729
54.291026 39.820071 6.441129
54.291026 39.820071 58.139729
20.495134 39.461024 19.297019
21.743139 40.085026 19.142441
23.256874 39.820071 19.408171
2.592426 32.332821 1.046121
2.592426 32.332821 52.744721
54.291026 32.332821 1.046121
54.291026 32.332821 52.744721
23.256874 -6.483521 1.046121
23.256874 -6.483521 52.744721
23.256874 45.215079 1.046121
23.256874 45.215079 52.744721
2.592426 -6.483521 24.803179
2.592426 45.215079 24.803179
54.291026 -6.483521 24.803179
54.291026 45.215079 24.803179
23.256874 32.332821 24.803179
6.483521 37.727829 10.332224
58.182121 37.727829 10.332224
19.365779 37.727829 15.517076
19.365779 39.820071 10.332224
6.483521 39.820071 15.517076
58.182121 39.820071 15.517076
14.043666 -6.620781 4.510703
14.043666 -6.620781 56.209303
14.043666 45.077819 4.510703
14.043666 45.077819 56.209303
11.805634 -6.303869 8.413947
11.805634 45.394731 8.413947
14.043666 32.153169 8.413947
11.805634 32.470081 4.510703
11.805634 32.470081 56.209303
14.043666 -6.303869 17.435353
14.043666 45.394731 17.435353
11.805634 -6.620781 21.338597
11.805634 45.077819 21.338597
11.805634 32.153169 17.435353
14.043666 32.470081 21.338597
10.466382 32.493346 25.721346
9.401649 32.289912 24.611636
10.695406 31.433783 24.611636
10.377977 33.788654 23.418690
11.544039 33.935220 24.468689
12.789200 32.419158 23.494170
11.593153 31.416464 23.495721
15.382918 -6.644046 25.721346
15.382918 45.054554 25.721346
16.447651 -6.440612 24.611636
16.447651 45.257988 24.611636
15.153894 -5.584483 24.611636
15.153894 46.114117 24.611636
15.471323 43.759246 23.418690
14.305261 43.612680 24.468689
13.060100 -6.569858 23.494170
13.060100 45.128742 23.494170
14.256147 -5.567164 23.495721
14.256147 46.131436 23.495721
14.249427 33.199807 15.246434
13.052863 32.199439 15.312091
14.381000 30.663732 14.264936
15.426862 30.863806 15.426862
15.940229 32.972075 14.532218
16.168996 31.912253 13.422508
14.875238 32.768382 13.422508
11.599873 -7.350507 15.246434
11.599873 44.348093 15.246434
12.796437 -6.350139 15.312091
12.796437 45.348461 15.312091
11.468300 -4.814432 14.264936
11.468300 46.884168 14.264936
10.422438 -5.014506 15.426862
10.422438 46.684094 15.426862
9.909071 -7.122775 14.532218
9.909071 44.575825 14.532218
9.680304 -6.062953 13.422508
9.680304 45.635647 13.422508
10.974062 -6.919082 13.422508
10.974062 44.779518 13.422508
10.466382 32.129904 12.796696
10.695406 33.189467 11.686986
9.401649 32.333338 11.686986
11.468300 30.663732 11.584364
10.422438 30.863806 10.422438
11.599873 33.199807 10.602866
12.796437 32.199439 10.537209
14.249427 -7.350507 10.602866
14.249427 44.348093 10.602866
13.052863 -6.350139 10.537209
13.052863 45.348461 10.537209
14.381000 -4.814432 11.584364
14.381000 46.884168 11.584364
15.426862 -5.014506 10.422438
15.426862 46.684094 10.422438
15.382918 -6.280604 12.796696
15.382918 45.417996 12.796696
15.153894 -7.340167 11.686986
15.153894 44.358433 11.686986
16.447651 -6.484038 11.686986
16.447651 45.214562 11.686986
23.391032 32.493346 12.796696
22.326299 32.289912 11.686986
23.620056 31.433783 11.686986
24.509014 33.959518 11.468300
23.347088 33.759444 10.422438
24.539516 31.403798 10.548841
25.721087 32.423811 10.537209
22.833721 -5.801875 14.532218
22.833721 45.896725 14.532218
23.898712 -6.005568 13.422508
23.898712 45.693032 13.422508
22.604954 -6.861697 13.422508
22.604954 44.836903 13.422508
24.509014 43.588382 14.381000
23.347088 43.788456 15.426862
24.539516 -5.554498 15.300459
24.539516 46.144102 15.300459
25.721087 -6.574511 15.312091
25.721087 45.124089 15.312091
22.833721 -7.122775 1.607568
22.833721 -7.122775 53.306168
22.833721 44.575825 1.607568
22.833721 44.575825 53.306168
22.604954 -6.062953 0.497858
22.604954 -6.062953 52.196458
22.604954 45.635647 0.497858
22.604954 45.635647 52.196458
23.898712 -6.919082 0.497858
23.898712 -6.919082 52.196458
23.898712 44.779518 0.497858
23.898712 44.779518 52.196458
23.418690 -4.985296 2.546673
23.418690 -4.985296 54.245273
23.418690 46.713304 2.546673
23.418690 46.713304 54.245273
24.468689 -4.838730 1.380611
24.468689 -4.838730 53.079211
24.468689 46.859870 1.380611
24.468689 46.859870 53.079211
25.728842 -6.374437 2.409155
25.728842 -6.374437 54.107755
25.728842 45.324163 2.409155
25.728842 45.324163 54.107755
24.517803 -7.357486 2.353579
24.517803 -7.357486 54.052179
24.517803 44.341114 2.353579
24.517803 44.341114 54.052179
24.730284 -6.620781 8.413947
24.730284 45.077819 8.413947
24.730284 32.153169 4.510703
24.730284 32.153169 56.209303
24.730284 32.470081 17.435353
24.730284 -6.303869 21.338597
24.730284 45.394731 21.338597
25.728842 32.223737 23.440145
24.517803 33.206786 23.495721
23.418690 30.834596 23.302627
24.468689 30.688030 24.468689
23.391032 32.129904 25.721346
23.620056 33.189467 24.611636
22.326299 32.333338 24.611636
2.458268 -6.280604 25.721346
2.458268 45.417996 25.721346
54.156868 -6.280604 25.721346
54.156868 45.417996 25.721346
2.229244 -7.340167 24.611636
2.229244 44.358433 24.611636
53.927844 -7.340167 24.611636
53.927844 44.358433 24.611636
3.523001 -6.484038 24.611636
3.523001 45.214562 24.611636
55.221601 -6.484038 24.611636
55.221601 45.214562 24.611636
2.430610 -4.985296 23.302627
2.430610 46.713304 23.302627
54.129210 -4.985296 23.302627
54.129210 46.713304 23.302627
1.380611 -4.838730 24.468689
1.380611 46.859870 24.468689
53.079211 -4.838730 24.468689
53.079211 46.859870 24.468689
0.120458 -6.374437 23.440145
0.120458 45.324163 23.440145
51.819058 -6.374437 23.440145
51.819058 45.324163 23.440145
1.331497 -7.357486 23.495721
1.331497 44.341114 23.495721
53.030097 -7.357486 23.495721
53.030097 44.341114 23.495721
1.119016 32.153169 21.338597
52.817616 32.153169 21.338597
1.119016 -6.620781 17.435353
1.119016 45.077819 17.435353
52.817616 -6.620781 17.435353
52.817616 45.077819 17.435353
1.309784 31.403798 15.300459
53.008384 31.403798 15.300459
0.128213 32.423811 15.312091
51.826813 32.423811 15.312091
1.340286 33.959518 14.381000
53.038886 33.959518 14.381000
2.502212 33.759444 15.426862
54.200812 33.759444 15.426862
3.015579 31.651175 14.532218
54.714179 31.651175 14.532218
1.950588 31.854868 13.422508
53.649188 31.854868 13.422508
3.244346 32.710997 13.422508
54.942946 32.710997 13.422508
2.458268 -6.644046 12.796696
2.458268 45.054554 12.796696
54.156868 -6.644046 12.796696
54.156868 45.054554 12.796696
3.523001 -6.440612 11.686986
3.523001 45.257988 11.686986
55.221601 -6.440612 11.686986
55.221601 45.257988 11.686986
2.229244 -5.584483 11.686986
2.229244 46.114117 11.686986
53.927844 -5.584483 11.686986
53.927844 46.114117 11.686986
1.340286 43.588382 11.468300
53.038886 43.588382 11.468300
2.502212 43.788456 10.422438
54.200812 43.788456 10.422438
1.309784 -5.554498 10.548841
1.309784 46.144102 10.548841
53.008384 -5.554498 10.548841
53.008384 46.144102 10.548841
0.128213 -6.574511 10.537209
0.128213 45.124089 10.537209
51.826813 -6.574511 10.537209
51.826813 45.124089 10.537209
1.119016 -6.303869 4.510703
1.119016 -6.303869 56.209303
1.119016 45.394731 4.510703
1.119016 45.394731 56.209303
52.817616 -6.303869 4.510703
52.817616 -6.303869 56.209303
52.817616 45.394731 4.510703
52.817616 45.394731 56.209303
1.119016 32.470081 8.413947
52.817616 32.470081 8.413947
0.120458 32.223737 2.409155
0.120458 32.223737 54.107755
51.819058 32.223737 2.409155
51.819058 32.223737 54.107755
1.331497 33.206786 2.353579
1.331497 33.206786 54.052179
53.030097 33.206786 2.353579
53.030097 33.206786 54.052179
2.430610 30.834596 2.546673
2.430610 30.834596 54.245273
54.129210 30.834596 2.546673
54.129210 30.834596 54.245273
1.380611 30.688030 1.380611
1.380611 30.688030 53.079211
53.079211 30.688030 1.380611
53.079211 30.688030 53.079211
3.015579 32.972075 1.607568
3.015579 32.972075 53.306168
54.714179 32.972075 1.607568
54.714179 32.972075 53.306168
3.244346 31.912253 0.497858
3.244346 31.912253 52.196458
54.942946 31.912253 0.497858
54.942946 31.912253 52.196458
1.950588 32.768382 0.497858
1.950588 32.768382 52.196458
53.649188 32.768382 0.497858
53.649188 32.768382 52.196458
12.789200 -6.569858 2.355130
12.789200 -6.569858 54.053730
12.789200 45.128742 2.355130
12.789200 45.128742 54.053730
11.593153 -5.567164 2.353579
11.593153 -5.567164 54.052179
11.593153 46.131436 2.353579
11.593153 46.131436 54.052179
10.377977 43.759246 2.430610
10.377977 43.759246 54.129210
11.544039 43.612680 1.380611
11.544039 43.612680 53.079211
9.909071 -5.801875 1.607568
9.909071 -5.801875 53.306168
9.909071 45.896725 1.607568
9.909071 45.896725 53.306168
10.974062 -6.005568 0.497858
10.974062 -6.005568 52.196458
10.974062 45.693032 0.497858
10.974062 45.693032 52.196458
9.680304 -6.861697 0.497858
9.680304 -6.861697 52.196458
9.680304 44.836903 0.497858
9.680304 44.836903 52.196458
15.940229 31.651175 1.607568
15.940229 31.651175 53.306168
14.875238 31.854868 0.497858
14.875238 31.854868 52.196458
16.168996 32.710997 0.497858
16.168996 32.710997 52.196458
15.471323 33.788654 2.430610
15.471323 33.788654 54.129210
14.305261 33.935220 1.380611
14.305261 33.935220 53.079211
13.060100 32.419158 2.355130
13.060100 32.419158 54.053730
14.256147 31.416464 2.353579
14.256147 31.416464 54.052179
7.122775 27.456868 3.015579
7.122775 27.456868 54.714179
58.821375 27.456868 3.015579
58.821375 27.456868 54.714179
6.062953 26.347158 3.244346
6.062953 26.347158 54.942946
57.761553 26.347158 3.244346
57.761553 26.347158 54.942946
6.919082 26.347158 1.950588
6.919082 26.347158 53.649188
58.617682 26.347158 1.950588
58.617682 26.347158 53.649188
4.814432 27.189586 1.456350
4.814432 27.189586 53.154950
56.513032 27.189586 1.456350
56.513032 27.189586 53.154950
5.014506 28.351512 2.502212
5.014506 28.351512 54.200812
56.713106 28.351512 2.502212
56.713106 28.351512 54.200812
7.350507 28.171084 1.324777
7.350507 28.171084 53.023377
59.049107 28.171084 1.324777
59.049107 28.171084 53.023377
6.350139 28.236741 0.128213
6.350139 28.236741 51.826813
58.048739 28.236741 0.128213
58.048739 28.236741 51.826813
20.294802 36.398141 1.309784
20.294802 36.398141 53.008384
19.274789 36.386509 0.128213
19.274789 36.386509 51.826813
17.739082 37.317600 1.340286
17.739082 37.317600 53.038886
17.939156 36.271738 2.502212
17.939156 36.271738 54.200812
19.205254 38.645996 2.458268
19.205254 38.645996 54.156868
19.408688 37.536286 3.523001
19.408688 37.536286 55.221601
20.264817 37.536286 2.229244
20.264817 37.536286 53.927844
5.801875 40.381518 3.015579
5.801875 40.381518 54.714179
57.500475 40.381518 3.015579
57.500475 40.381518 54.714179
6.005568 39.271808 1.950588
6.005568 39.271808 53.649188
57.704168 39.271808 1.950588
57.704168 39.271808 53.649188
6.861697 39.271808 3.244346
6.861697 39.271808 54.942946
58.560297 39.271808 3.244346
58.560297 39.271808 54.942946
8.110218 40.230300 1.340286
8.110218 40.230300 53.038886
7.910144 41.276162 2.502212
7.910144 41.276162 54.200812
5.554498 41.149759 1.309784
5.554498 41.149759 53.008384
57.253098 41.149759 1.309784
57.253098 41.149759 53.008384
6.574511 41.161391 0.128213
6.574511 41.161391 51.826813
58.273111 41.161391 0.128213
58.273111 41.161391 51.826813
6.303869 -4.510703 1.119016
6.303869 -4.510703 52.817616
6.303869 47.187897 1.119016
6.303869 47.187897 52.817616
58.002469 -4.510703 1.119016
58.002469 -4.510703 52.817616
58.002469 47.187897 1.119016
58.002469 47.187897 52.817616
6.620781 34.263247 1.119016
6.620781 34.263247 52.817616
58.319381 34.263247 1.119016
58.319381 34.263247 52.817616
19.545431 30.360003 1.119016
19.545431 30.360003 52.817616
19.228519 43.284653 1.119016
19.228519 43.284653 52.817616
18.498793 -2.321784 1.324777
18.498793 -2.321784 53.023377
18.498793 49.376816 1.324777
18.498793 49.376816 53.023377
19.499161 -2.387441 0.128213
19.499161 -2.387441 51.826813
19.499161 49.311159 0.128213
19.499161 49.311159 51.826813
21.034868 -1.340286 1.456350
21.034868 -1.340286 53.154950
21.034868 50.358314 1.456350
21.034868 50.358314 53.154950
20.834794 -2.502212 2.502212
20.834794 -2.502212 54.200812
20.834794 49.196388 2.502212
20.834794 49.196388 54.200812
19.568696 -0.127954 2.458268
19.568696 -0.127954 54.156868
19.568696 51.570646 2.458268
19.568696 51.570646 54.156868
18.509133 -1.237664 2.229244
18.509133 -1.237664 53.927844
18.509133 50.460936 2.229244
18.509133 50.460936 53.927844
19.365262 -1.237664 3.523001
19.365262 -1.237664 55.221601
19.365262 50.460936 3.523001
19.365262 50.460936 55.221601
6.644046 -0.127954 10.466382
6.644046 51.570646 10.466382
58.342646 -0.127954 10.466382
58.342646 51.570646 10.466382
6.440612 -1.237664 9.401649
6.440612 50.460936 9.401649
58.139212 -1.237664 9.401649
58.139212 50.460936 9.401649
5.584483 -1.237664 10.695406
5.584483 50.460936 10.695406
57.283083 -1.237664 10.695406
57.283083 50.460936 10.695406
7.939354 -2.430610 10.377977
7.939354 49.267990 10.377977
8.085920 -1.380611 11.544039
8.085920 50.317989 11.544039
6.569858 -2.355130 12.789200
6.569858 49.343470 12.789200
58.268458 -2.355130 12.789200
58.268458 49.343470 12.789200
5.567164 -2.353579 11.593153
5.567164 49.345021 11.593153
57.265764 -2.353579 11.593153
57.265764 49.345021 11.593153
6.620781 -4.510703 14.043666
6.620781 47.187897 14.043666
58.319381 -4.510703 14.043666
58.319381 47.187897 14.043666
19.545431 43.284653 14.043666
6.303869 43.284653 11.805634
58.002469 43.284653 11.805634
19.279442 -2.355130 13.060100
19.279442 49.343470 13.060100
20.282136 -2.353579 14.256147
20.282136 49.345021 14.256147
17.909946 -2.430610 15.471323
17.909946 49.267990 15.471323
17.763380 -1.380611 14.305261
17.763380 50.317989 14.305261
19.205254 -0.127954 15.382918
19.205254 51.570646 15.382918
19.408688 -1.237664 16.447651
19.408688 50.460936 16.447651
20.264817 -1.237664 15.153894
20.264817 50.460936 15.153894
6.280604 -0.127954 23.391032
6.280604 51.570646 23.391032
57.979204 -0.127954 23.391032
57.979204 51.570646 23.391032
7.340167 -1.237664 23.620056
7.340167 50.460936 23.620056
59.038767 -1.237664 23.620056
59.038767 50.460936 23.620056
6.484038 -1.237664 22.326299
6.484038 50.460936 22.326299
58.182638 -1.237664 22.326299
58.182638 50.460936 22.326299
4.814432 -1.340286 24.392950
4.814432 50.358314 24.392950
56.513032 -1.340286 24.392950
56.513032 50.358314 24.392950
5.014506 -2.502212 23.347088
5.014506 49.196388 23.347088
56.713106 -2.502212 23.347088
56.713106 49.196388 23.347088
7.350507 -2.321784 24.524523
7.350507 49.376816 24.524523
59.049107 -2.321784 24.524523
59.049107 49.376816 24.524523
6.350139 -2.387441 25.721087
6.350139 49.311159 25.721087
58.048739 -2.387441 25.721087
58.048739 49.311159 25.721087
19.545431 -4.510703 24.730284
19.545431 47.187897 24.730284
20.294802 41.149759 24.539516
19.274789 41.161391 25.721087
17.739082 40.230300 24.509014
17.939156 41.276162 23.347088
20.047425 40.381518 22.833721
19.843732 39.271808 23.898712
18.987603 39.271808 22.604954
6.644046 38.645996 23.391032
58.342646 38.645996 23.391032
6.440612 37.536286 22.326299
58.139212 37.536286 22.326299
5.584483 37.536286 23.620056
57.283083 37.536286 23.620056
8.110218 37.317600 24.509014
7.910144 36.271738 23.347088
5.554498 36.398141 24.539516
57.253098 36.398141 24.539516
6.574511 36.386509 25.721087
58.273111 36.386509 25.721087
19.228519 34.263247 24.730284
6.303869 30.360003 24.730284
58.002469 30.360003 24.730284
4.510703 39.892966 19.228519
56.209303 39.892966 19.228519
8.390424 37.611765 19.543622
6.374437 41.183105 13.045108
58.073037 41.183105 13.045108
7.357486 41.127529 14.256147
59.056086 41.127529 14.256147
4.985296 41.320623 15.355260
56.683896 41.320623 15.355260
4.838730 40.154561 14.305261
56.537330 40.154561 14.305261
7.122775 40.381518 15.940229
58.821375 40.381518 15.940229
6.062953 39.271808 16.168996
57.761553 39.271808 16.168996
6.919082 39.271808 14.875238
58.617682 39.271808 14.875238
19.474863 41.183105 12.804192
18.491814 41.127529 11.593153
20.864004 41.320623 10.494040
21.010570 40.154561 11.544039
18.726525 40.381518 9.909071
19.786347 39.271808 9.680304
18.930218 39.271808 10.974062
6.280604 38.645996 10.466382
57.979204 38.645996 10.466382
7.340167 37.536286 10.695406
59.038767 37.536286 10.695406
6.484038 37.536286 9.401649
58.182638 37.536286 9.401649
4.985296 36.227277 10.494040
56.683896 36.227277 10.494040
4.838730 37.393339 11.544039
56.537330 37.393339 11.544039
6.374437 36.364795 12.804192
58.073037 36.364795 12.804192
7.357486 36.420371 11.593153
59.056086 36.420371 11.593153
19.474863 36.364795 13.045108
18.491814 36.420371 14.256147
20.864004 36.227277 15.355260
21.010570 37.393339 14.305261
19.568696 38.645996 15.382918
18.509133 37.536286 15.153894
19.365262 37.536286 16.447651
6.569858 28.204430 13.060100
58.268458 28.204430 13.060100
5.567164 28.202879 14.256147
57.265764 28.202879 14.256147
7.939354 28.279910 15.471323
8.085920 27.229911 14.305261
5.801875 27.456868 15.940229
57.500475 27.456868 15.940229
6.005568 26.347158 14.875238
57.704168 26.347158 14.875238
6.861697 26.347158 16.168996
58.560297 26.347158 16.168996
19.279442 28.204430 12.789200
20.282136 28.202879 11.593153
17.909946 28.279910 10.377977
17.763380 27.229911 11.544039
20.047425 27.456868 9.909071
19.843732 26.347158 10.974062
18.987603 26.347158 9.680304
6.620781 43.284653 24.730284
58.319381 43.284653 24.730284
11.798396 29.383416 19.310203
11.585915 28.187628 20.275415
12.786356 28.187628 19.292884
11.468300 27.189586 17.739082
10.422438 28.351512 17.939156
10.548841 27.159084 20.294802
10.537209 25.977513 19.274789
2.321784 27.174077 7.350507
2.321784 27.174077 59.049107
54.020384 27.174077 7.350507
54.020384 27.174077 59.049107
2.387441 25.977513 6.350139
2.387441 25.977513 58.048739
54.086041 25.977513 6.350139
54.086041 25.977513 58.048739
1.340286 27.305650 4.814432
1.340286 27.305650 56.513032
53.038886 27.305650 4.814432
53.038886 27.305650 56.513032
2.502212 28.351512 5.014506
2.502212 28.351512 56.713106
54.200812 28.351512 5.014506
54.200812 28.351512 56.713106
1.126254 29.383416 6.385553
1.126254 29.383416 58.084153
52.824854 29.383416 6.385553
52.824854 29.383416 58.084153
0.138294 28.187628 6.368234
0.138294 28.187628 58.066834
51.836894 28.187628 6.368234
51.836894 28.187628 58.066834
1.338735 28.187628 7.350765
1.338735 28.187628 59.049365
53.037335 28.187628 7.350765
53.037335 28.187628 59.049365
0.609010 36.834219 19.942218
52.307610 36.834219 19.942218
0.396787 35.638430 18.977005
52.095387 35.638430 18.977005
1.597228 35.638430 19.959537
53.295828 35.638430 19.959537
2.430610 36.227277 17.909946
54.129210 36.227277 17.909946
1.380611 37.393339 17.763380
53.079211 37.393339 17.763380
2.355130 38.638500 19.279442
54.053730 38.638500 19.279442
2.353579 37.442453 20.282136
54.052179 37.442453 20.282136
2.355130 38.909400 6.569858
2.355130 38.909400 58.268458
54.053730 38.909400 6.569858
54.053730 38.909400 58.268458
2.353579 40.105447 5.567164
2.353579 40.105447 57.265764
54.052179 40.105447 5.567164
54.052179 40.105447 57.265764
2.430610 41.320623 7.939354
54.129210 41.320623 7.939354
1.380611 40.154561 8.085920
53.079211 40.154561 8.085920
1.126254 42.308066 6.539097
1.126254 42.308066 58.237697
52.824854 42.308066 6.539097
52.824854 42.308066 58.237697
1.338735 41.112278 5.573885
1.338735 41.112278 57.272485
53.037335 41.112278 5.573885
53.037335 41.112278 57.272485
0.138294 41.112278 6.556416
0.138294 41.112278 58.255016
51.836894 41.112278 6.556416
51.836894 41.112278 58.255016
0.609010 -1.939731 18.831732
0.609010 49.758869 18.831732
52.307610 -1.939731 18.831732
52.307610 49.758869 18.831732
1.597228 -3.135520 18.814413
1.597228 48.563080 18.814413
53.295828 -3.135520 18.814413
53.295828 48.563080 18.814413
0.396787 -3.135520 19.796945
0.396787 48.563080 19.796945
52.095387 -3.135520 19.796945
52.095387 48.563080 19.796945
1.340286 -1.456350 21.034868
1.340286 50.242250 21.034868
53.038886 -1.456350 21.034868
53.038886 50.242250 21.034868
2.502212 -2.502212 20.834794
2.502212 49.196388 20.834794
54.200812 -2.502212 20.834794
54.200812 49.196388 20.834794
2.321784 -1.324777 18.498793
2.321784 50.373823 18.498793
54.020384 -1.324777 18.498793
54.020384 50.373823 18.498793
2.387441 -0.128213 19.499161
2.387441 51.570387 19.499161
54.086041 -0.128213 19.499161
54.086041 51.570387 19.499161
10.548841 -1.309784 5.554498
10.548841 -1.309784 57.253098
10.548841 50.388816 5.554498
10.548841 50.388816 57.253098
10.537209 -0.128213 6.574511
10.537209 -0.128213 58.273111
10.537209 51.570387 6.574511
10.537209 51.570387 58.273111
11.468300 -1.340286 8.110218
11.468300 50.358314 8.110218
10.422438 -2.502212 7.910144
10.422438 49.196388 7.910144
12.315640 -1.939731 5.907082
12.315640 -1.939731 57.605682
12.315640 49.758869 5.907082
12.315640 49.758869 57.605682
12.527863 -3.135520 6.872295
12.527863 -3.135520 58.570895
12.527863 48.563080 6.872295
12.527863 48.563080 58.570895
11.327422 -3.135520 5.889763
11.327422 -3.135520 57.588363
11.327422 48.563080 5.889763
11.327422 48.563080 57.588363
13.533660 -1.939731 19.942218
13.533660 49.758869 19.942218
13.321437 -3.135520 18.977005
13.321437 48.563080 18.977005
14.521878 -3.135520 19.959537
14.521878 48.563080 19.959537
14.381000 -1.340286 17.739082
14.381000 50.358314 17.739082
15.426862 -2.502212 17.939156
15.426862 49.196388 17.939156
15.300459 -1.309784 20.294802
15.300459 50.388816 20.294802
15.312091 -0.128213 19.274789
15.312091 51.570387 19.274789
23.527516 -1.324777 7.350507
23.527516 -1.324777 59.049107
23.527516 50.373823 7.350507
23.527516 50.373823 59.049107
23.461859 -0.128213 6.350139
23.461859 -0.128213 58.048739
23.461859 51.570387 6.350139
23.461859 51.570387 58.048739
24.509014 -1.456350 4.814432
24.509014 -1.456350 56.513032
24.509014 50.242250 4.814432
24.509014 50.242250 56.513032
23.347088 -2.502212 5.014506
23.347088 -2.502212 56.713106
23.347088 49.196388 5.014506
23.347088 49.196388 56.713106
25.240290 -1.939731 7.017568
25.240290 -1.939731 58.716168
25.240290 49.758869 7.017568
25.240290 49.758869 58.716168
24.252072 -3.135520 7.034887
24.252072 -3.135520 58.733487
24.252072 48.563080 7.034887
24.252072 48.563080 58.733487
25.452513 -3.135520 6.052355
25.452513 -3.135520 57.750955
25.452513 48.563080 6.052355
25.452513 48.563080 57.750955
24.723046 42.308066 19.310203
24.510565 41.112278 20.275415
25.711006 41.112278 19.292884
23.418690 41.320623 17.909946
24.468689 40.154561 17.763380
23.494170 38.909400 19.279442
23.495721 40.105447 20.282136
23.494170 38.638500 6.569858
23.494170 38.638500 58.268458
23.495721 37.442453 5.567164
23.495721 37.442453 57.265764
23.418690 36.227277 7.939354
24.468689 37.393339 8.085920
25.728842 36.364795 6.550213
25.728842 36.364795 58.248813
24.517803 36.420371 5.567164
24.517803 36.420371 57.265764
24.723046 29.383416 19.463747
25.711006 28.187628 19.481066
24.510565 28.187628 18.498535
24.509014 27.305650 21.034868
23.347088 28.351512 20.834794
23.527516 27.174077 18.498793
23.461859 25.977513 19.499161
15.300459 27.159084 5.554498
15.300459 27.159084 57.253098
15.312091 25.977513 6.574511
15.312091 25.977513 58.273111
14.381000 27.189586 8.110218
15.426862 28.351512 7.910144
14.050904 29.383416 6.539097
14.050904 29.383416 58.237697
14.263385 28.187628 5.573885
14.263385 28.187628 57.272485
13.062944 28.187628 6.556416
13.062944 28.187628 58.255016
13.533660 36.834219 18.831732
14.521878 35.638430 18.814413
13.321437 35.638430 19.796945
15.471323 36.343340 20.864004
14.305261 37.393339 21.010570
15.333805 38.653492 19.474863
15.278229 37.442453 18.491814
15.333805 38.894408 6.374437
15.333805 38.894408 58.073037
15.278229 40.105447 7.357486
15.278229 40.105447 59.056086
15.471323 41.204560 4.985296
15.471323 41.204560 56.683896
14.305261 40.154561 4.838730
14.305261 40.154561 56.537330
14.050904 42.308066 6.385553
14.050904 42.308066 58.084153
13.062944 41.112278 6.368234
13.062944 41.112278 58.066834
14.263385 41.112278 7.350765
14.263385 41.112278 59.049365
11.798396 42.308066 19.463747
12.786356 41.112278 19.481066
11.585915 41.112278 18.498535
10.377977 41.204560 20.864004
11.544039 40.154561 21.010570
10.515495 38.894408 19.474863
10.571071 40.105447 18.491814
10.515495 38.653492 6.374437
10.515495 38.653492 58.073037
10.571071 37.442453 7.357486
10.571071 37.442453 59.056086
10.377977 36.343340 4.985296
10.377977 36.343340 56.683896
11.544039 37.393339 4.838730
11.544039 37.393339 56.537330
12.315640 36.834219 7.017568
12.315640 36.834219 58.716168
11.327422 35.638430 7.034887
11.327422 35.638430 58.733487
12.527863 35.638430 6.052355
12.527863 35.638430 57.750955
4.510703 26.968316 19.545431
56.209303 26.968316 19.545431
8.413947 26.968316 6.620781
8.413947 26.968316 58.319381
21.338597 26.968316 6.303869
21.338597 26.968316 58.002469
17.435353 26.968316 19.228519
21.338597 -1.119016 19.545431
21.338597 50.579584 19.545431
17.435353 -1.119016 6.620781
17.435353 -1.119016 58.319381
17.435353 50.579584 6.620781
17.435353 50.579584 58.319381
8.413947 -1.119016 19.228519
8.413947 50.579584 19.228519
4.510703 -1.119016 6.303869
4.510703 -1.119016 58.002469
4.510703 50.579584 6.303869
4.510703 50.579584 58.002469
56.209303 -1.119016 6.303869
56.209303 -1.119016 58.002469
56.209303 50.579584 6.303869
56.209303 50.579584 58.002469
21.338597 39.892966 6.620781
21.338597 39.892966 58.319381
17.458876 37.611765 6.305678
17.458876 37.611765 58.004278
17.458876 39.936135 19.543622
21.338597 37.654934 19.228519
4.510703 37.654934 6.620781
4.510703 37.654934 58.319381
56.209303 37.654934 6.620781
56.209303 37.654934 58.319381
8.390424 39.936135 6.305678
8.390424 39.936135 58.004278
19.545431 34.263247 11.805634
19.228519 30.360003 14.043666
19.228519 -4.510703 11.805634
19.228519 47.187897 11.805634
6.303869 34.263247 14.043666
58.002469 34.263247 14.043666
6.620781 30.360003 11.805634
58.319381 30.360003 11.805634
18.498793 28.171084 24.524523
19.499161 28.236741 25.721087
21.034868 27.189586 24.392950
20.834794 28.351512 23.347088
18.726525 27.456868 22.833721
19.786347 26.347158 22.604954
18.930218 26.347158 23.898712
7.582117 33.431417 31.191833
59.280717 33.431417 31.191833
6.462325 32.311625 32.311625
58.160925 32.311625 32.311625
7.269857 33.119157 29.313365
58.968457 33.119157 29.313365
6.462325 32.311625 28.741061
58.160925 32.311625 28.741061
6.462325 32.311625 27.257311
58.160925 32.311625 27.257311
6.552281 33.419784 26.536374
58.250881 33.419784 26.536374
18.267183 -7.582117 31.191833
18.267183 44.116483 31.191833
19.386975 -6.462325 32.311625
19.386975 45.236275 32.311625
18.579443 -7.269857 29.313365
18.579443 44.428743 29.313365
19.386975 -6.462325 28.741061
19.386975 45.236275 28.741061
19.386975 -6.462325 27.257311
19.386975 45.236275 27.257311
19.297019 -7.570484 26.536374
19.297019 44.128116 26.536374
18.267183 33.431417 -5.342533
18.267183 33.431417 46.356067
19.386975 32.311625 -6.462325
19.386975 32.311625 45.236275
18.579443 33.119157 -3.464065
18.579443 33.119157 48.234535
19.386975 32.311625 -2.891761
19.386975 32.311625 48.806839
19.386975 32.311625 -1.408011
19.386975 32.311625 50.290589
19.297019 33.419784 -0.687074
19.297019 33.419784 51.011526
7.582117 -7.582117 -5.342533
7.582117 -7.582117 46.356067
7.582117 44.116483 -5.342533
7.582117 44.116483 46.356067
59.280717 -7.582117 -5.342533
59.280717 -7.582117 46.356067
59.280717 44.116483 -5.342533
59.280717 44.116483 46.356067
6.462325 -6.462325 -6.462325
6.462325 -6.462325 45.236275
6.462325 45.236275 -6.462325
6.462325 45.236275 45.236275
58.160925 -6.462325 -6.462325
58.160925 -6.462325 45.236275
58.160925 45.236275 -6.462325
58.160925 45.236275 45.236275
7.269857 -7.269857 -3.464065
7.269857 -7.269857 48.234535
7.269857 44.428743 -3.464065
7.269857 44.428743 48.234535
58.968457 -7.269857 -3.464065
58.968457 -7.269857 48.234535
58.968457 44.428743 -3.464065
58.968457 44.428743 48.234535
6.462325 -6.462325 -2.891761
6.462325 -6.462325 48.806839
6.462325 45.236275 -2.891761
6.462325 45.236275 48.806839
58.160925 -6.462325 -2.891761
58.160925 -6.462325 48.806839
58.160925 45.236275 -2.891761
58.160925 45.236275 48.806839
6.462325 -6.462325 -1.408011
6.462325 -6.462325 50.290589
6.462325 45.236275 -1.408011
6.462325 45.236275 50.290589
58.160925 -6.462325 -1.408011
58.160925 -6.462325 50.290589
58.160925 45.236275 -1.408011
58.160925 45.236275 50.290589
6.552281 -7.570484 -0.687074
6.552281 -7.570484 51.011526
6.552281 44.128116 -0.687074
6.552281 44.128116 51.011526
58.250881 -7.570484 -0.687074
58.250881 -7.570484 51.011526
58.250881 44.128116 -0.687074
58.250881 44.128116 51.011526
5.342533 33.431417 33.431417
57.041133 33.431417 33.431417
3.464065 33.119157 33.119157
55.162665 33.119157 33.119157
2.891761 32.311625 32.311625
54.590361 32.311625 32.311625
1.408011 32.311625 32.311625
53.106611 32.311625 32.311625
0.687074 32.401581 33.419784
52.385674 32.401581 33.419784
5.342533 -7.582117 -7.582117
5.342533 -7.582117 44.116483
5.342533 44.116483 -7.582117
5.342533 44.116483 44.116483
57.041133 -7.582117 -7.582117
57.041133 -7.582117 44.116483
57.041133 44.116483 -7.582117
57.041133 44.116483 44.116483
3.464065 -7.269857 -7.269857
3.464065 -7.269857 44.428743
3.464065 44.428743 -7.269857
3.464065 44.428743 44.428743
55.162665 -7.269857 -7.269857
55.162665 -7.269857 44.428743
55.162665 44.428743 -7.269857
55.162665 44.428743 44.428743
2.891761 -6.462325 -6.462325
2.891761 -6.462325 45.236275
2.891761 45.236275 -6.462325
2.891761 45.236275 45.236275
54.590361 -6.462325 -6.462325
54.590361 -6.462325 45.236275
54.590361 45.236275 -6.462325
54.590361 45.236275 45.236275
1.408011 -6.462325 -6.462325
1.408011 -6.462325 45.236275
1.408011 45.236275 -6.462325
1.408011 45.236275 45.236275
53.106611 -6.462325 -6.462325
53.106611 -6.462325 45.236275
53.106611 45.236275 -6.462325
53.106611 45.236275 45.236275
0.687074 -6.552281 -7.570484
0.687074 -6.552281 44.128116
0.687074 45.146319 -7.570484
0.687074 45.146319 44.128116
52.385674 -6.552281 -7.570484
52.385674 -6.552281 44.128116
52.385674 45.146319 -7.570484
52.385674 45.146319 44.128116
20.506767 -7.582117 33.431417
20.506767 44.116483 33.431417
22.385235 -7.269857 33.119157
22.385235 44.428743 33.119157
22.957539 -6.462325 32.311625
22.957539 45.236275 32.311625
24.441289 -6.462325 32.311625
24.441289 45.236275 32.311625
25.162226 -6.552281 33.419784
25.162226 45.146319 33.419784
20.506767 33.431417 -7.582117
20.506767 33.431417 44.116483
22.385235 33.119157 -7.269857
22.385235 33.119157 44.428743
22.957539 32.311625 -6.462325
22.957539 32.311625 45.236275
24.441289 32.311625 -6.462325
24.441289 32.311625 45.236275
25.162226 32.401581 -7.570484
25.162226 32.401581 44.128116
7.582117 31.191833 33.431417
59.280717 31.191833 33.431417
7.269857 29.313365 33.119157
58.968457 29.313365 33.119157
6.462325 28.741061 32.311625
58.160925 28.741061 32.311625
6.462325 27.257311 32.311625
58.160925 27.257311 32.311625
7.570484 26.536374 32.401581
59.269084 26.536374 32.401581
18.267183 31.191833 -7.582117
18.267183 31.191833 44.116483
18.579443 29.313365 -7.269857
18.579443 29.313365 44.428743
19.386975 28.741061 -6.462325
19.386975 28.741061 45.236275
19.386975 27.257311 -6.462325
19.386975 27.257311 45.236275
18.278816 26.536374 -6.552281
18.278816 26.536374 45.146319
7.582117 -5.342533 -7.582117
7.582117 -5.342533 44.116483
7.582117 46.356067 -7.582117
7.582117 46.356067 44.116483
59.280717 -5.342533 -7.582117
59.280717 -5.342533 44.116483
59.280717 46.356067 -7.582117
59.280717 46.356067 44.116483
7.269857 -3.464065 -7.269857
7.269857 -3.464065 44.428743
7.269857 48.234535 -7.269857
7.269857 48.234535 44.428743
58.968457 -3.464065 -7.269857
58.968457 -3.464065 44.428743
58.968457 48.234535 -7.269857
58.968457 48.234535 44.428743
6.462325 -2.891761 -6.462325
6.462325 -2.891761 45.236275
6.462325 48.806839 -6.462325
6.462325 48.806839 45.236275
58.160925 -2.891761 -6.462325
58.160925 -2.891761 45.236275
58.160925 48.806839 -6.462325
58.160925 48.806839 45.236275
6.462325 -1.408011 -6.462325
6.462325 -1.408011 45.236275
6.462325 50.290589 -6.462325
6.462325 50.290589 45.236275
58.160925 -1.408011 -6.462325
58.160925 -1.408011 45.236275
58.160925 50.290589 -6.462325
58.160925 50.290589 45.236275
7.570484 -0.687074 -6.552281
7.570484 -0.687074 45.146319
7.570484 51.011526 -6.552281
7.570484 51.011526 45.146319
59.269084 -0.687074 -6.552281
59.269084 -0.687074 45.146319
59.269084 51.011526 -6.552281
59.269084 51.011526 45.146319
18.267183 -5.342533 33.431417
18.267183 46.356067 33.431417
18.579443 -3.464065 33.119157
18.579443 48.234535 33.119157
19.386975 -2.891761 32.311625
19.386975 48.806839 32.311625
19.386975 -1.408011 32.311625
19.386975 50.290589 32.311625
18.278816 -0.687074 32.401581
18.278816 51.011526 32.401581
7.582117 33.431417 -5.342533
7.582117 33.431417 46.356067
59.280717 33.431417 -5.342533
59.280717 33.431417 46.356067
6.462325 32.311625 -6.462325
6.462325 32.311625 45.236275
58.160925 32.311625 -6.462325
58.160925 32.311625 45.236275
7.269857 33.119157 -3.464065
7.269857 33.119157 48.234535
58.968457 33.119157 -3.464065
58.968457 33.119157 48.234535
6.462325 32.311625 -2.891761
6.462325 32.311625 48.806839
58.160925 32.311625 -2.891761
58.160925 32.311625 48.806839
6.462325 32.311625 -1.408011
6.462325 32.311625 50.290589
58.160925 32.311625 -1.408011
58.160925 32.311625 50.290589
10.332224 32.290429 -1.046121
10.332224 32.290429 50.652479
11.023434 33.334999 -1.901216
11.023434 33.334999 49.797384
18.267183 -7.582117 -5.342533
18.267183 -7.582117 46.356067
18.267183 44.116483 -5.342533
18.267183 44.116483 46.356067
19.386975 -6.462325 -6.462325
19.386975 -6.462325 45.236275
19.386975 45.236275 -6.462325
19.386975 45.236275 45.236275
18.579443 -7.269857 -3.464065
18.579443 -7.269857 48.234535
18.579443 44.428743 -3.464065
18.579443 44.428743 48.234535
19.386975 -6.462325 -2.891761
19.386975 -6.462325 48.806839
19.386975 45.236275 -2.891761
19.386975 45.236275 48.806839
19.386975 -6.462325 -1.408011
19.386975 -6.462325 50.290589
19.386975 45.236275 -1.408011
19.386975 45.236275 50.290589
15.517076 -6.441129 -1.046121
15.517076 -6.441129 50.652479
15.517076 45.257471 -1.046121
15.517076 45.257471 50.652479
14.825866 -7.485699 -1.901216
14.825866 -7.485699 49.797384
14.825866 44.212901 -1.901216
14.825866 44.212901 49.797384
7.582117 -7.582117 31.191833
7.582117 44.116483 31.191833
59.280717 -7.582117 31.191833
59.280717 44.116483 31.191833
6.462325 -6.462325 32.311625
6.462325 45.236275 32.311625
58.160925 -6.462325 32.311625
58.160925 45.236275 32.311625
7.269857 -7.269857 29.313365
7.269857 44.428743 29.313365
58.968457 -7.269857 29.313365
58.968457 44.428743 29.313365
6.462325 -6.462325 28.741061
6.462325 45.236275 28.741061
58.160925 -6.462325 28.741061
58.160925 45.236275 28.741061
6.462325 -6.462325 27.257311
6.462325 45.236275 27.257311
58.160925 -6.462325 27.257311
58.160925 45.236275 27.257311
10.332224 -6.441129 26.895421
10.332224 45.257471 26.895421
11.023434 -7.485699 27.750516
11.023434 44.212901 27.750516
18.267183 33.431417 31.191833
19.386975 32.311625 32.311625
18.579443 33.119157 29.313365
19.386975 32.311625 28.741061
19.386975 32.311625 27.257311
15.517076 32.290429 26.895421
14.825866 33.334999 27.750516
7.582117 31.191833 -7.582117
7.582117 31.191833 44.116483
59.280717 31.191833 -7.582117
59.280717 31.191833 44.116483
7.269857 29.313365 -7.269857
7.269857 29.313365 44.428743
58.968457 29.313365 -7.269857
58.968457 29.313365 44.428743
6.462325 28.741061 -6.462325
6.462325 28.741061 45.236275
58.160925 28.741061 -6.462325
58.160925 28.741061 45.236275
6.462325 27.257311 -6.462325
6.462325 27.257311 45.236275
58.160925 27.257311 -6.462325
58.160925 27.257311 45.236275
6.441129 26.895421 41.366376
58.139729 26.895421 41.366376
7.485699 27.750516 40.675166
59.184299 27.750516 40.675166
18.267183 31.191833 33.431417
18.579443 29.313365 33.119157
19.386975 28.741061 32.311625
19.386975 27.257311 32.311625
19.408171 26.895421 36.181524
18.363601 27.750516 36.872734
18.267183 -5.342533 -7.582117
18.267183 -5.342533 44.116483
18.267183 46.356067 -7.582117
18.267183 46.356067 44.116483
18.579443 -3.464065 -7.269857
18.579443 -3.464065 44.428743
18.579443 48.234535 -7.269857
18.579443 48.234535 44.428743
19.386975 -2.891761 -6.462325
19.386975 -2.891761 45.236275
19.386975 48.806839 -6.462325
19.386975 48.806839 45.236275
19.386975 -1.408011 -6.462325
19.386975 -1.408011 45.236275
19.386975 50.290589 -6.462325
19.386975 50.290589 45.236275
19.408171 -1.046121 41.366376
19.408171 50.652479 41.366376
18.363601 -1.901216 40.675166
18.363601 49.797384 40.675166
7.582117 -5.342533 33.431417
7.582117 46.356067 33.431417
59.280717 -5.342533 33.431417
59.280717 46.356067 33.431417
7.269857 -3.464065 33.119157
7.269857 48.234535 33.119157
58.968457 -3.464065 33.119157
58.968457 48.234535 33.119157
6.462325 -2.891761 32.311625
6.462325 48.806839 32.311625
58.160925 -2.891761 32.311625
58.160925 48.806839 32.311625
6.462325 -1.408011 32.311625
6.462325 50.290589 32.311625
58.160925 -1.408011 32.311625
58.160925 50.290589 32.311625
6.441129 -1.046121 36.181524
6.441129 50.652479 36.181524
58.139729 -1.046121 36.181524
58.139729 50.652479 36.181524
7.485699 -1.901216 36.872734
7.485699 49.797384 36.872734
59.184299 -1.901216 36.872734
59.184299 49.797384 36.872734
5.342533 33.431417 -7.582117
5.342533 33.431417 44.116483
57.041133 33.431417 -7.582117
57.041133 33.431417 44.116483
3.464065 33.119157 -7.269857
3.464065 33.119157 44.428743
55.162665 33.119157 -7.269857
55.162665 33.119157 44.428743
2.891761 32.311625 -6.462325
2.891761 32.311625 45.236275
54.590361 32.311625 -6.462325
54.590361 32.311625 45.236275
1.408011 32.311625 -6.462325
1.408011 32.311625 45.236275
53.106611 32.311625 -6.462325
53.106611 32.311625 45.236275
1.046121 36.181524 -6.441129
1.046121 36.181524 45.257471
52.744721 36.181524 -6.441129
52.744721 36.181524 45.257471
1.901216 36.872734 -7.485699
1.901216 36.872734 44.212901
53.599816 36.872734 -7.485699
53.599816 36.872734 44.212901
5.342533 -7.582117 33.431417
5.342533 44.116483 33.431417
57.041133 -7.582117 33.431417
57.041133 44.116483 33.431417
3.464065 -7.269857 33.119157
3.464065 44.428743 33.119157
55.162665 -7.269857 33.119157
55.162665 44.428743 33.119157
2.891761 -6.462325 32.311625
2.891761 45.236275 32.311625
54.590361 -6.462325 32.311625
54.590361 45.236275 32.311625
1.408011 -6.462325 32.311625
1.408011 45.236275 32.311625
53.106611 -6.462325 32.311625
53.106611 45.236275 32.311625
1.046121 41.366376 32.290429
52.744721 41.366376 32.290429
1.901216 40.675166 33.334999
53.599816 40.675166 33.334999
20.506767 33.431417 33.431417
22.385235 33.119157 33.119157
22.957539 32.311625 32.311625
24.441289 32.311625 32.311625
24.538224 34.667789 32.556159
24.803179 36.181524 32.290429
23.948084 36.872734 33.334999
20.506767 -7.582117 -7.582117
20.506767 -7.582117 44.116483
20.506767 44.116483 -7.582117
20.506767 44.116483 44.116483
22.385235 -7.269857 -7.269857
22.385235 -7.269857 44.428743
22.385235 44.428743 -7.269857
22.385235 44.428743 44.428743
22.957539 -6.462325 -6.462325
22.957539 -6.462325 45.236275
22.957539 45.236275 -6.462325
22.957539 45.236275 45.236275
24.441289 -6.462325 -6.462325
24.441289 -6.462325 45.236275
24.441289 45.236275 -6.462325
24.441289 45.236275 45.236275
24.803179 41.366376 -6.441129
24.803179 41.366376 45.257471
23.948084 40.675166 -7.485699
23.948084 40.675166 44.212901
19.297019 -7.570484 -0.687074
19.297019 -7.570484 51.011526
19.297019 44.128116 -0.687074
19.297019 44.128116 51.011526
19.142441 42.880111 -1.311076
19.142441 42.880111 50.387524
19.408171 41.366376 -1.046121
19.408171 41.366376 50.652479
18.363601 40.675166 -1.901216
18.363601 40.675166 49.797384
6.552281 33.419784 -0.687074
6.552281 33.419784 51.011526
58.250881 33.419784 -0.687074
58.250881 33.419784 51.011526
6.706859 34.667789 -1.311076
6.706859 34.667789 50.387524
58.405459 34.667789 -1.311076
58.405459 34.667789 50.387524
6.441129 36.181524 -1.046121
6.441129 36.181524 50.652479
58.139729 36.181524 -1.046121
58.139729 36.181524 50.652479
7.485699 36.872734 -1.901216
7.485699 36.872734 49.797384
59.184299 36.872734 -1.901216
59.184299 36.872734 49.797384
6.552281 -7.570484 26.536374
6.552281 44.128116 26.536374
58.250881 -7.570484 26.536374
58.250881 44.128116 26.536374
6.706859 42.880111 27.160376
58.405459 42.880111 27.160376
6.441129 41.366376 26.895421
58.139729 41.366376 26.895421
7.485699 40.675166 27.750516
59.184299 40.675166 27.750516
19.297019 33.419784 26.536374
19.142441 34.667789 27.160376
19.408171 36.181524 26.895421
18.363601 36.872734 27.750516
25.162226 -6.552281 -7.570484
25.162226 -6.552281 44.128116
25.162226 45.146319 -7.570484
25.162226 45.146319 44.128116
24.538224 -6.706859 42.880111
24.538224 44.991741 42.880111
24.803179 -6.441129 41.366376
24.803179 45.257471 41.366376
23.948084 -7.485699 40.675166
23.948084 44.212901 40.675166
25.162226 32.401581 33.419784
24.538224 32.556159 34.667789
24.803179 32.290429 36.181524
23.948084 33.334999 36.872734
0.687074 32.401581 -7.570484
0.687074 32.401581 44.128116
52.385674 32.401581 -7.570484
52.385674 32.401581 44.128116
1.311076 32.556159 42.880111
53.009676 32.556159 42.880111
1.046121 32.290429 41.366376
52.744721 32.290429 41.366376
1.901216 33.334999 40.675166
53.599816 33.334999 40.675166
0.687074 -6.552281 33.419784
0.687074 45.146319 33.419784
52.385674 -6.552281 33.419784
52.385674 45.146319 33.419784
1.311076 -6.706859 34.667789
1.311076 44.991741 34.667789
53.009676 -6.706859 34.667789
53.009676 44.991741 34.667789
1.046121 -6.441129 36.181524
1.046121 45.257471 36.181524
52.744721 -6.441129 36.181524
52.744721 45.257471 36.181524
1.901216 -7.485699 36.872734
1.901216 44.212901 36.872734
53.599816 -7.485699 36.872734
53.599816 44.212901 36.872734
18.278816 -0.687074 -6.552281
18.278816 -0.687074 45.146319
18.278816 51.011526 -6.552281
18.278816 51.011526 45.146319
17.030811 -1.311076 -6.706859
17.030811 -1.311076 44.991741
17.030811 50.387524 -6.706859
17.030811 50.387524 44.991741
15.517076 -1.046121 -6.441129
15.517076 -1.046121 45.257471
15.517076 50.652479 -6.441129
15.517076 50.652479 45.257471
14.825866 -1.901216 -7.485699
14.825866 -1.901216 44.212901
14.825866 49.797384 -7.485699
14.825866 49.797384 44.212901
7.570484 -0.687074 32.401581
7.570484 51.011526 32.401581
59.269084 -0.687074 32.401581
59.269084 51.011526 32.401581
8.818489 -1.311076 32.556159
8.818489 50.387524 32.556159
10.332224 -1.046121 32.290429
10.332224 50.652479 32.290429
11.023434 -1.901216 33.334999
11.023434 49.797384 33.334999
18.278816 26.536374 32.401581
17.030811 27.160376 32.556159
15.517076 26.895421 32.290429
14.825866 27.750516 33.334999
7.570484 26.536374 -6.552281
7.570484 26.536374 45.146319
59.269084 26.536374 -6.552281
59.269084 26.536374 45.146319
8.818489 27.160376 -6.706859
8.818489 27.160376 44.991741
10.332224 26.895421 -6.441129
10.332224 26.895421 45.257471
11.023434 27.750516 -7.485699
11.023434 27.750516 44.212901
7.269857 -5.654793 42.238015
7.269857 46.043807 42.238015
58.968457 -5.654793 42.238015
58.968457 46.043807 42.238015
6.462325 -6.462325 41.665711
6.462325 45.236275 41.665711
58.160925 -6.462325 41.665711
58.160925 45.236275 41.665711
6.462325 -6.462325 40.181961
6.462325 45.236275 40.181961
58.160925 -6.462325 40.181961
58.160925 45.236275 40.181961
6.552281 -5.354166 39.461024
6.552281 46.344434 39.461024
58.250881 -5.354166 39.461024
58.250881 46.344434 39.461024
18.579443 31.504093 42.238015
19.386975 32.311625 41.665711
19.386975 32.311625 40.181961
19.297019 31.203466 39.461024
18.579443 -5.654793 35.309885
18.579443 46.043807 35.309885
19.386975 -6.462325 35.882189
19.386975 45.236275 35.882189
19.386975 -6.462325 37.365939
19.386975 45.236275 37.365939
19.297019 -5.354166 38.086876
19.297019 46.344434 38.086876
7.269857 31.504093 35.309885
58.968457 31.504093 35.309885
6.462325 32.311625 35.882189
58.160925 32.311625 35.882189
6.462325 32.311625 37.365939
58.160925 32.311625 37.365939
6.552281 31.203466 38.086876
58.250881 31.203466 38.086876
5.342533 -5.342533 -5.342533
5.342533 -5.342533 46.356067
5.342533 46.356067 -5.342533
5.342533 46.356067 46.356067
57.041133 -5.342533 -5.342533
57.041133 -5.342533 46.356067
57.041133 46.356067 -5.342533
57.041133 46.356067 46.356067
3.464065 -5.654793 -5.654793
3.464065 -5.654793 46.043807
3.464065 46.043807 -5.654793
3.464065 46.043807 46.043807
55.162665 -5.654793 -5.654793
55.162665 -5.654793 46.043807
55.162665 46.043807 -5.654793
55.162665 46.043807 46.043807
0.687074 -6.372369 -5.354166
0.687074 -6.372369 46.344434
0.687074 45.326231 -5.354166
0.687074 45.326231 46.344434
52.385674 -6.372369 -5.354166
52.385674 -6.372369 46.344434
52.385674 45.326231 -5.354166
52.385674 45.326231 46.344434
1.311076 -6.217791 -4.106161
1.311076 -6.217791 47.592439
1.311076 45.480809 -4.106161
1.311076 45.480809 47.592439
53.009676 -6.217791 -4.106161
53.009676 -6.217791 47.592439
53.009676 45.480809 -4.106161
53.009676 45.480809 47.592439
1.046121 -6.483521 -2.592426
1.046121 -6.483521 49.106174
1.046121 45.215079 -2.592426
1.046121 45.215079 49.106174
52.744721 -6.483521 -2.592426
52.744721 -6.483521 49.106174
52.744721 45.215079 -2.592426
52.744721 45.215079 49.106174
1.901216 -5.438951 -1.901216
1.901216 -5.438951 49.797384
1.901216 46.259649 -1.901216
1.901216 46.259649 49.797384
53.599816 -5.438951 -1.901216
53.599816 -5.438951 49.797384
53.599816 46.259649 -1.901216
53.599816 46.259649 49.797384
5.342533 31.191833 31.191833
57.041133 31.191833 31.191833
3.464065 31.504093 31.504093
55.162665 31.504093 31.504093
0.687074 32.221669 31.203466
52.385674 32.221669 31.203466
1.311076 32.067091 29.955461
53.009676 32.067091 29.955461
1.046121 32.332821 28.441726
52.744721 32.332821 28.441726
1.901216 31.288251 27.750516
53.599816 31.288251 27.750516
20.506767 31.191833 -5.342533
20.506767 31.191833 46.356067
22.385235 31.504093 -5.654793
22.385235 31.504093 46.043807
25.162226 32.221669 -5.354166
25.162226 32.221669 46.344434
24.538224 32.067091 -4.106161
24.538224 32.067091 47.592439
24.803179 32.332821 -2.592426
24.803179 32.332821 49.106174
23.948084 31.288251 -1.901216
23.948084 31.288251 49.797384
20.506767 -5.342533 31.191833
20.506767 46.356067 31.191833
22.385235 -5.654793 31.504093
22.385235 46.043807 31.504093
25.162226 -6.372369 31.203466
25.162226 45.326231 31.203466
24.538224 -6.217791 29.955461
24.538224 45.480809 29.955461
24.803179 -6.483521 28.441726
24.803179 45.215079 28.441726
23.948084 -5.438951 27.750516
23.948084 46.259649 27.750516
7.269857 42.238015 -5.654793
7.269857 42.238015 46.043807
58.968457 42.238015 -5.654793
58.968457 42.238015 46.043807
6.462325 41.665711 -6.462325
6.462325 41.665711 45.236275
58.160925 41.665711 -6.462325
58.160925 41.665711 45.236275
6.462325 40.181961 -6.462325
6.462325 40.181961 45.236275
58.160925 40.181961 -6.462325
58.160925 40.181961 45.236275
7.570484 39.461024 -6.372369
7.570484 39.461024 45.326231
59.269084 39.461024 -6.372369
59.269084 39.461024 45.326231
8.818489 40.085026 -6.217791
8.818489 40.085026 45.480809
10.332224 39.820071 -6.483521
10.332224 39.820071 45.215079
11.023434 40.675166 -5.438951
11.023434 40.675166 46.259649
18.579443 42.238015 31.504093
19.386975 41.665711 32.311625
19.386975 40.181961 32.311625
18.278816 39.461024 32.221669
17.030811 40.085026 32.067091
15.517076 39.820071 32.332821
14.825866 40.675166 31.288251
7.269857 35.309885 31.504093
58.968457 35.309885 31.504093
6.462325 35.882189 32.311625
58.160925 35.882189 32.311625
6.462325 37.365939 32.311625
58.160925 37.365939 32.311625
7.570484 38.086876 32.221669
59.269084 38.086876 32.221669
8.818489 37.462874 32.067091
10.332224 37.727829 32.332821
11.023434 36.872734 31.288251
18.579443 35.309885 -5.654793
18.579443 35.309885 46.043807
19.386975 35.882189 -6.462325
19.386975 35.882189 45.236275
19.386975 37.365939 -6.462325
19.386975 37.365939 45.236275
18.278816 38.086876 -6.372369
18.278816 38.086876 45.326231
17.030811 37.462874 -6.217791
17.030811 37.462874 45.480809
15.517076 37.727829 -6.483521
15.517076 37.727829 45.215079
14.825866 36.872734 -5.438951
14.825866 36.872734 46.259649
7.269857 -5.654793 35.309885
7.269857 46.043807 35.309885
58.968457 -5.654793 35.309885
58.968457 46.043807 35.309885
6.462325 -6.462325 35.882189
6.462325 45.236275 35.882189
58.160925 -6.462325 35.882189
58.160925 45.236275 35.882189
6.462325 -6.462325 37.365939
6.462325 45.236275 37.365939
58.160925 -6.462325 37.365939
58.160925 45.236275 37.365939
18.579443 31.504093 35.309885
19.386975 32.311625 35.882189
19.386975 32.311625 37.365939
7.269857 31.504093 42.238015
58.968457 31.504093 42.238015
6.462325 32.311625 41.665711
58.160925 32.311625 41.665711
6.462325 32.311625 40.181961
58.160925 32.311625 40.181961
18.579443 -5.654793 42.238015
18.579443 46.043807 42.238015
19.386975 -6.462325 41.665711
19.386975 45.236275 41.665711
19.386975 -6.462325 40.181961
19.386975 45.236275 40.181961
7.269857 42.238015 31.504093
58.968457 42.238015 31.504093
6.462325 41.665711 32.311625
58.160925 41.665711 32.311625
6.462325 40.181961 32.311625
58.160925 40.181961 32.311625
6.441129 39.820071 28.441726
58.139729 39.820071 28.441726
18.579443 42.238015 -5.654793
18.579443 42.238015 46.043807
19.386975 41.665711 -6.462325
19.386975 41.665711 45.236275
19.386975 40.181961 -6.462325
19.386975 40.181961 45.236275
19.408171 39.820071 -2.592426
19.408171 39.820071 49.106174
18.579443 35.309885 31.504093
19.386975 35.882189 32.311625
19.386975 37.365939 32.311625
19.408171 37.727829 28.441726
7.269857 35.309885 -5.654793
7.269857 35.309885 46.043807
58.968457 35.309885 -5.654793
58.968457 35.309885 46.043807
6.462325 35.882189 -6.462325
6.462325 35.882189 45.236275
58.160925 35.882189 -6.462325
58.160925 35.882189 45.236275
6.462325 37.365939 -6.462325
6.462325 37.365939 45.236275
58.160925 37.365939 -6.462325
58.160925 37.365939 45.236275
6.441129 37.727829 -2.592426
6.441129 37.727829 49.106174
58.139729 37.727829 -2.592426
58.139729 37.727829 49.106174
5.342533 -5.342533 31.191833
5.342533 46.356067 31.191833
57.041133 -5.342533 31.191833
57.041133 46.356067 31.191833
3.464065 -5.654793 31.504093
3.464065 46.043807 31.504093
55.162665 -5.654793 31.504093
55.162665 46.043807 31.504093
5.342533 31.191833 -5.342533
5.342533 31.191833 46.356067
57.041133 31.191833 -5.342533
57.041133 31.191833 46.356067
3.464065 31.504093 -5.654793
3.464065 31.504093 46.043807
55.162665 31.504093 -5.654793
55.162665 31.504093 46.043807
20.506767 -5.342533 -5.342533
20.506767 -5.342533 46.356067
20.506767 46.356067 -5.342533
20.506767 46.356067 46.356067
22.385235 -5.654793 -5.654793
22.385235 -5.654793 46.043807
22.385235 46.043807 -5.654793
22.385235 46.043807 46.043807
20.506767 31.191833 31.191833
22.385235 31.504093 31.504093
19.297019 31.203466 38.086876
19.142441 29.955461 37.462874
19.408171 28.441726 37.727829
6.552281 -5.354166 38.086876
6.552281 46.344434 38.086876
58.250881 -5.354166 38.086876
58.250881 46.344434 38.086876
6.706859 -4.106161 37.462874
6.706859 47.592439 37.462874
58.405459 -4.106161 37.462874
58.405459 47.592439 37.462874
6.441129 -2.592426 37.727829
6.441129 49.106174 37.727829
58.139729 -2.592426 37.727829
58.139729 49.106174 37.727829
6.552281 31.203466 39.461024
58.250881 31.203466 39.461024
6.706859 29.955461 40.085026
58.405459 29.955461 40.085026
6.441129 28.441726 39.820071
58.139729 28.441726 39.820071
19.297019 -5.354166 39.461024
19.297019 46.344434 39.461024
19.142441 -4.106161 40.085026
19.142441 47.592439 40.085026
19.408171 -2.592426 39.820071
19.408171 49.106174 39.820071
25.162226 32.221669 31.203466
25.162226 -6.372369 -5.354166
25.162226 -6.372369 46.344434
25.162226 45.326231 -5.354166
25.162226 45.326231 46.344434
0.687074 -6.372369 31.203466
0.687074 45.326231 31.203466
52.385674 -6.372369 31.203466
52.385674 45.326231 31.203466
0.687074 32.221669 -5.354166
0.687074 32.221669 46.344434
52.385674 32.221669 -5.354166
52.385674 32.221669 46.344434
18.278816 38.086876 32.221669
7.570484 38.086876 -6.372369
7.570484 38.086876 45.326231
59.269084 38.086876 -6.372369
59.269084 38.086876 45.326231
18.278816 39.461024 -6.372369
18.278816 39.461024 45.326231
7.570484 39.461024 32.221669
59.269084 39.461024 32.221669
15.517076 32.332821 39.820071
14.825866 31.288251 40.675166
10.332224 -6.483521 39.820071
10.332224 45.215079 39.820071
11.023434 -5.438951 40.675166
11.023434 46.259649 40.675166
15.517076 -6.483521 37.727829
15.517076 45.215079 37.727829
14.825866 -5.438951 36.872734
14.825866 46.259649 36.872734
10.332224 32.332821 37.727829
11.023434 31.288251 36.872734
24.803179 28.441726 -6.483521
24.803179 28.441726 45.215079
23.948084 27.750516 -5.438951
23.948084 27.750516 46.259649
24.803179 -2.592426 32.332821
24.803179 49.106174 32.332821
23.948084 -1.901216 31.288251
23.948084 49.797384 31.288251
1.046121 28.441726 32.332821
52.744721 28.441726 32.332821
1.901216 27.750516 31.288251
53.599816 27.750516 31.288251
1.046121 -2.592426 -6.483521
1.046121 -2.592426 45.215079
1.046121 49.106174 -6.483521
1.046121 49.106174 45.215079
52.744721 -2.592426 -6.483521
52.744721 -2.592426 45.215079
52.744721 49.106174 -6.483521
52.744721 49.106174 45.215079
1.901216 -1.901216 -5.438951
1.901216 -1.901216 46.259649
1.901216 49.797384 -5.438951
1.901216 49.797384 46.259649
53.599816 -1.901216 -5.438951
53.599816 -1.901216 46.259649
53.599816 49.797384 -5.438951
53.599816 49.797384 46.259649
20.194507 33.119157 42.238015
19.476931 33.419784 39.461024
19.631509 34.667789 40.085026
19.365779 36.181524 39.820071
20.410349 36.872734 40.675166
5.654793 -7.269857 42.238015
5.654793 44.428743 42.238015
57.353393 -7.269857 42.238015
57.353393 44.428743 42.238015
6.372369 -7.570484 39.461024
6.372369 44.128116 39.461024
58.070969 -7.570484 39.461024
58.070969 44.128116 39.461024
6.217791 42.880111 40.085026
57.916391 42.880111 40.085026
6.483521 41.366376 39.820071
58.182121 41.366376 39.820071
5.438951 40.675166 40.675166
57.137551 40.675166 40.675166
5.654793 33.119157 35.309885
57.353393 33.119157 35.309885
6.372369 33.419784 38.086876
58.070969 33.419784 38.086876
6.217791 34.667789 37.462874
57.916391 34.667789 37.462874
6.483521 36.181524 37.727829
58.182121 36.181524 37.727829
5.438951 36.872734 36.872734
57.137551 36.872734 36.872734
20.194507 -7.269857 35.309885
20.194507 44.428743 35.309885
19.476931 -7.570484 38.086876
19.476931 44.128116 38.086876
19.631509 42.880111 37.462874
19.365779 41.366376 37.727829
20.410349 40.675166 36.872734
16.388715 33.119157 -5.654793
16.388715 33.119157 46.043807
15.816411 32.311625 -6.462325
15.816411 32.311625 45.236275
14.332661 32.311625 -6.462325
14.332661 32.311625 45.236275
13.611724 32.401581 -5.354166
13.611724 32.401581 46.344434
16.388715 -7.269857 31.504093
16.388715 44.428743 31.504093
15.816411 -6.462325 32.311625
15.816411 45.236275 32.311625
14.332661 -6.462325 32.311625
14.332661 45.236275 32.311625
13.611724 -6.552281 31.203466
13.611724 45.146319 31.203466
9.460585 -7.269857 -5.654793
9.460585 -7.269857 46.043807
9.460585 44.428743 -5.654793
9.460585 44.428743 46.043807
10.032889 -6.462325 -6.462325
10.032889 -6.462325 45.236275
10.032889 45.236275 -6.462325
10.032889 45.236275 45.236275
11.516639 -6.462325 -6.462325
11.516639 -6.462325 45.236275
11.516639 45.236275 -6.462325
11.516639 45.236275 45.236275
12.237576 -6.552281 -5.354166
12.237576 -6.552281 46.344434
12.237576 45.146319 -5.354166
12.237576 45.146319 46.344434
9.460585 33.119157 31.504093
10.032889 32.311625 32.311625
11.516639 32.311625 32.311625
12.237576 32.401581 31.203466
20.194507 29.313365 -5.654793
20.194507 29.313365 46.043807
20.495134 26.536374 -6.372369
20.495134 26.536374 45.326231
21.743139 27.160376 -6.217791
21.743139 27.160376 45.480809
23.256874 26.895421 -6.483521
23.256874 26.895421 45.215079
5.654793 29.313365 31.504093
57.353393 29.313365 31.504093
5.354166 26.536374 32.221669
57.052766 26.536374 32.221669
4.106161 27.160376 32.067091
55.804761 27.160376 32.067091
2.592426 26.895421 32.332821
54.291026 26.895421 32.332821
20.194507 -3.464065 31.504093
20.194507 48.234535 31.504093
20.495134 -0.687074 32.221669
20.495134 51.011526 32.221669
21.743139 -1.311076 32.067091
21.743139 50.387524 32.067091
23.256874 -1.046121 32.332821
23.256874 50.652479 32.332821
5.654793 -3.464065 -5.654793
5.654793 -3.464065 46.043807
5.654793 48.234535 -5.654793
5.654793 48.234535 46.043807
57.353393 -3.464065 -5.654793
57.353393 -3.464065 46.043807
57.353393 48.234535 -5.654793
57.353393 48.234535 46.043807
5.354166 -0.687074 -6.372369
5.354166 -0.687074 45.326231
5.354166 51.011526 -6.372369
5.354166 51.011526 45.326231
57.052766 -0.687074 -6.372369
57.052766 -0.687074 45.326231
57.052766 51.011526 -6.372369
57.052766 51.011526 45.326231
4.106161 -1.311076 -6.217791
4.106161 -1.311076 45.480809
4.106161 50.387524 -6.217791
4.106161 50.387524 45.480809
55.804761 -1.311076 -6.217791
55.804761 -1.311076 45.480809
55.804761 50.387524 -6.217791
55.804761 50.387524 45.480809
2.592426 -1.046121 -6.483521
2.592426 -1.046121 45.215079
2.592426 50.652479 -6.483521
2.592426 50.652479 45.215079
54.291026 -1.046121 -6.483521
54.291026 -1.046121 45.215079
54.291026 50.652479 -6.483521
54.291026 50.652479 45.215079
20.194507 33.119157 35.309885
23.256874 32.290429 37.727829
5.654793 -7.269857 35.309885
5.654793 44.428743 35.309885
57.353393 -7.269857 35.309885
57.353393 44.428743 35.309885
2.592426 -6.441129 37.727829
2.592426 45.257471 37.727829
54.291026 -6.441129 37.727829
54.291026 45.257471 37.727829
20.194507 -7.269857 42.238015
20.194507 44.428743 42.238015
23.256874 -6.441129 39.820071
23.256874 45.257471 39.820071
5.654793 33.119157 42.238015
57.353393 33.119157 42.238015
2.592426 32.290429 39.820071
54.291026 32.290429 39.820071
20.194507 29.313365 31.504093
5.654793 29.313365 -5.654793
5.654793 29.313365 46.043807
57.353393 29.313365 -5.654793
57.353393 29.313365 46.043807
5.654793 -3.464065 31.504093
5.654793 48.234535 31.504093
57.353393 -3.464065 31.504093
57.353393 48.234535 31.504093
20.194507 -3.464065 -5.654793
20.194507 -3.464065 46.043807
20.194507 48.234535 -5.654793
20.194507 48.234535 46.043807
16.388715 33.119157 31.504093
15.816411 32.311625 32.311625
14.332661 32.311625 32.311625
16.388715 -7.269857 -5.654793
16.388715 -7.269857 46.043807
16.388715 44.428743 -5.654793
16.388715 44.428743 46.043807
15.816411 -6.462325 -6.462325
15.816411 -6.462325 45.236275
15.816411 45.236275 -6.462325
15.816411 45.236275 45.236275
14.332661 -6.462325 -6.462325
14.332661 -6.462325 45.236275
14.332661 45.236275 -6.462325
14.332661 45.236275 45.236275
9.460585 33.119157 -5.654793
9.460585 33.119157 46.043807
10.032889 32.311625 -6.462325
10.032889 32.311625 45.236275
11.516639 32.311625 -6.462325
11.516639 32.311625 45.236275
9.460585 -7.269857 31.504093
9.460585 44.428743 31.504093
10.032889 -6.462325 32.311625
10.032889 45.236275 32.311625
11.516639 -6.462325 32.311625
11.516639 45.236275 32.311625
6.372369 -7.570484 38.086876
6.372369 44.128116 38.086876
58.070969 -7.570484 38.086876
58.070969 44.128116 38.086876
19.476931 33.419784 38.086876
19.476931 -7.570484 39.461024
19.476931 44.128116 39.461024
6.372369 33.419784 39.461024
58.070969 33.419784 39.461024
12.237576 -6.552281 31.203466
12.237576 45.146319 31.203466
11.613574 -6.706859 29.955461
11.613574 44.991741 29.955461
11.878529 -6.441129 28.441726
11.878529 45.257471 28.441726
12.237576 32.401581 -5.354166
12.237576 32.401581 46.344434
11.613574 32.556159 -4.106161
11.613574 32.556159 47.592439
11.878529 32.290429 -2.592426
11.878529 32.290429 49.106174
13.611724 32.401581 31.203466
14.235726 32.556159 29.955461
13.970771 32.290429 28.441726
13.611724 -6.552281 -5.354166
13.611724 -6.552281 46.344434
13.611724 45.146319 -5.354166
13.611724 45.146319 46.344434
14.235726 -6.706859 -4.106161
14.235726 -6.706859 47.592439
14.235726 44.991741 -4.106161
14.235726 44.991741 47.592439
13.970771 -6.441129 -2.592426
13.970771 -6.441129 49.106174
13.970771 45.257471 -2.592426
13.970771 45.257471 49.106174
5.354166 -0.687074 32.221669
5.354166 51.011526 32.221669
57.052766 -0.687074 32.221669
57.052766 51.011526 32.221669
20.495134 -0.687074 -6.372369
20.495134 -0.687074 45.326231
20.495134 51.011526 -6.372369
20.495134 51.011526 45.326231
5.354166 26.536374 -6.372369
5.354166 26.536374 45.326231
57.052766 26.536374 -6.372369
57.052766 26.536374 45.326231
20.495134 26.536374 32.221669
6.483521 -1.046121 -2.592426
6.483521 -1.046121 49.106174
6.483521 50.652479 -2.592426
6.483521 50.652479 49.106174
58.182121 -1.046121 -2.592426
58.182121 -1.046121 49.106174
58.182121 50.652479 -2.592426
58.182121 50.652479 49.106174
5.438951 -1.901216 -1.901216
5.438951 -1.901216 49.797384
5.438951 49.797384 -1.901216
5.438951 49.797384 49.797384
57.137551 -1.901216 -1.901216
57.137551 -1.901216 49.797384
57.137551 49.797384 -1.901216
57.137551 49.797384 49.797384
19.365779 -1.046121 28.441726
19.365779 50.652479 28.441726
20.410349 -1.901216 27.750516
20.410349 49.797384 27.750516
19.365779 26.895421 -2.592426
19.365779 26.895421 49.106174
20.410349 27.750516 -1.901216
20.410349 27.750516 49.797384
6.483521 26.895421 28.441726
58.182121 26.895421 28.441726
5.438951 27.750516 27.750516
57.137551 27.750516 27.750516
11.878529 41.366376 -6.483521
11.878529 41.366376 45.215079
11.878529 36.181524 32.332821
13.970771 41.366376 32.332821
13.970771 36.181524 -6.483521
13.970771 36.181524 45.215079
20.194507 -5.654793 29.313365
20.194507 46.043807 29.313365
19.476931 -5.354166 26.536374
19.476931 46.344434 26.536374
19.631509 -4.106161 27.160376
19.631509 47.592439 27.160376
19.365779 -2.592426 26.895421
19.365779 49.106174 26.895421
5.654793 31.504093 29.313365
57.353393 31.504093 29.313365
6.372369 31.203466 26.536374
58.070969 31.203466 26.536374
6.217791 29.955461 27.160376
57.916391 29.955461 27.160376
6.483521 28.441726 26.895421
58.182121 28.441726 26.895421
5.654793 -5.654793 -3.464065
5.654793 -5.654793 48.234535
5.654793 46.043807 -3.464065
5.654793 46.043807 48.234535
57.353393 -5.654793 -3.464065
57.353393 -5.654793 48.234535
57.353393 46.043807 -3.464065
57.353393 46.043807 48.234535
6.372369 -5.354166 -0.687074
6.372369 -5.354166 51.011526
6.372369 46.344434 -0.687074
6.372369 46.344434 51.011526
58.070969 -5.354166 -0.687074
58.070969 -5.354166 51.011526
58.070969 46.344434 -0.687074
58.070969 46.344434 51.011526
6.217791 -4.106161 -1.311076
6.217791 -4.106161 50.387524
6.217791 47.592439 -1.311076
6.217791 47.592439 50.387524
57.916391 -4.106161 -1.311076
57.916391 -4.106161 50.387524
57.916391 47.592439 -1.311076
57.916391 47.592439 50.387524
6.483521 -2.592426 -1.046121
6.483521 -2.592426 50.652479
6.483521 49.106174 -1.046121
6.483521 49.106174 50.652479
58.182121 -2.592426 -1.046121
58.182121 -2.592426 50.652479
58.182121 49.106174 -1.046121
58.182121 49.106174 50.652479
20.194507 31.504093 -3.464065
20.194507 31.504093 48.234535
19.476931 31.203466 -0.687074
19.476931 31.203466 51.011526
19.631509 29.955461 -1.311076
19.631509 29.955461 50.387524
19.365779 28.441726 -1.046121
19.365779 28.441726 50.652479
16.388715 -5.654793 33.119157
16.388715 46.043807 33.119157
13.611724 -6.372369 33.419784
13.611724 45.326231 33.419784
14.235726 -6.217791 34.667789
14.235726 45.480809 34.667789
13.970771 -6.483521 36.181524
13.970771 45.215079 36.181524
16.388715 31.504093 -7.269857
16.388715 31.504093 44.428743
13.611724 32.221669 -7.570484
13.611724 32.221669 44.128116
14.235726 32.067091 42.880111
13.970771 32.332821 41.366376
9.460585 31.504093 33.119157
12.237576 32.221669 33.419784
11.613574 32.067091 34.667789
11.878529 32.332821 36.181524
9.460585 -5.654793 -7.269857
9.460585 -5.654793 44.428743
9.460585 46.043807 -7.269857
9.460585 46.043807 44.428743
12.237576 -6.372369 -7.570484
12.237576 -6.372369 44.128116
12.237576 45.326231 -7.570484
12.237576 45.326231 44.128116
11.613574 -6.217791 42.880111
11.613574 45.480809 42.880111
11.878529 -6.483521 41.366376
11.878529 45.215079 41.366376
20.194507 42.238015 33.119157
20.495134 39.461024 32.401581
5.654793 42.238015 -7.269857
5.654793 42.238015 44.428743
57.353393 42.238015 -7.269857
57.353393 42.238015 44.428743
5.354166 39.461024 -6.552281
5.354166 39.461024 45.146319
57.052766 39.461024 -6.552281
57.052766 39.461024 45.146319
20.194507 35.309885 -7.269857
20.194507 35.309885 44.428743
20.495134 38.086876 -6.552281
20.495134 38.086876 45.146319
5.654793 35.309885 33.119157
57.353393 35.309885 33.119157
5.354166 38.086876 32.401581
57.052766 38.086876 32.401581
20.194507 -5.654793 -3.464065
20.194507 -5.654793 48.234535
20.194507 46.043807 -3.464065
20.194507 46.043807 48.234535
5.654793 31.504093 -3.464065
5.654793 31.504093 48.234535
57.353393 31.504093 -3.464065
57.353393 31.504093 48.234535
20.194507 31.504093 29.313365
5.654793 -5.654793 29.313365
5.654793 46.043807 29.313365
57.353393 -5.654793 29.313365
57.353393 46.043807 29.313365
20.194507 42.238015 -7.269857
20.194507 42.238015 44.428743
5.654793 42.238015 33.119157
57.353393 42.238015 33.119157
5.654793 35.309885 -7.269857
5.654793 35.309885 44.428743
57.353393 35.309885 -7.269857
57.353393 35.309885 44.428743
20.194507 35.309885 33.119157
16.388715 -5.654793 -7.269857
16.388715 -5.654793 44.428743
16.388715 46.043807 -7.269857
16.388715 46.043807 44.428743
13.970771 -2.592426 -6.441129
13.970771 -2.592426 45.257471
13.970771 49.106174 -6.441129
13.970771 49.106174 45.257471
16.388715 31.504093 33.119157
13.970771 28.441726 32.290429
9.460585 -5.654793 33.119157
9.460585 46.043807 33.119157
11.878529 -2.592426 32.290429
11.878529 49.106174 32.290429
9.460585 31.504093 -7.269857
9.460585 31.504093 44.428743
11.878529 28.441726 -6.441129
11.878529 28.441726 45.257471
6.372369 31.203466 -0.687074
6.372369 31.203466 51.011526
58.070969 31.203466 -0.687074
58.070969 31.203466 51.011526
19.476931 -5.354166 -0.687074
19.476931 -5.354166 51.011526
19.476931 46.344434 -0.687074
19.476931 46.344434 51.011526
19.476931 31.203466 26.536374
6.372369 -5.354166 26.536374
6.372369 46.344434 26.536374
58.070969 -5.354166 26.536374
58.070969 46.344434 26.536374
12.237576 32.221669 -7.570484
12.237576 32.221669 44.128116
12.237576 -6.372369 33.419784
12.237576 45.326231 33.419784
13.611724 -6.372369 -7.570484
13.611724 -6.372369 44.128116
13.611724 45.326231 -7.570484
13.611724 45.326231 44.128116
13.611724 32.221669 33.419784
5.354166 38.086876 -6.552281
5.354166 38.086876 45.146319
57.052766 38.086876 -6.552281
57.052766 38.086876 45.146319
4.106161 37.462874 -6.706859
4.106161 37.462874 44.991741
55.804761 37.462874 -6.706859
55.804761 37.462874 44.991741
2.592426 37.727829 -6.441129
2.592426 37.727829 45.257471
54.291026 37.727829 -6.441129
54.291026 37.727829 45.257471
20.495134 38.086876 32.401581
21.743139 37.462874 32.556159
23.256874 37.727829 32.290429
5.354166 39.461024 32.401581
57.052766 39.461024 32.401581
4.106161 40.085026 32.556159
55.804761 40.085026 32.556159
2.592426 39.820071 32.290429
54.291026 39.820071 32.290429
20.495134 39.461024 -6.552281
20.495134 39.461024 45.146319
21.743139 40.085026 -6.706859
21.743139 40.085026 44.991741
23.256874 39.820071 -6.441129
23.256874 39.820071 45.257471
2.592426 32.332821 26.895421
54.291026 32.332821 26.895421
23.256874 -6.483521 26.895421
23.256874 45.215079 26.895421
2.592426 -6.483521 -1.046121
2.592426 -6.483521 50.652479
2.592426 45.215079 -1.046121
2.592426 45.215079 50.652479
54.291026 -6.483521 -1.046121
54.291026 -6.483521 50.652479
54.291026 45.215079 -1.046121
54.291026 45.215079 50.652479
23.256874 32.332821 -1.046121
23.256874 32.332821 50.652479
6.483521 37.727829 36.181524
58.182121 37.727829 36.181524
19.365779 37.727829 41.366376
19.365779 39.820071 36.181524
6.483521 39.820071 41.366376
58.182121 39.820071 41.366376
14.043666 -6.620781 30.360003
14.043666 45.077819 30.360003
11.805634 -6.303869 34.263247
11.805634 45.394731 34.263247
14.043666 32.153169 34.263247
11.805634 32.470081 30.360003
14.043666 -6.303869 43.284653
14.043666 45.394731 43.284653
11.805634 -6.620781 -4.510703
11.805634 -6.620781 47.187897
11.805634 45.077819 -4.510703
11.805634 45.077819 47.187897
11.805634 32.153169 43.284653
14.043666 32.470081 -4.510703
14.043666 32.470081 47.187897
10.466382 32.493346 -0.127954
10.466382 32.493346 51.570646
9.401649 32.289912 -1.237664
9.401649 32.289912 50.460936
10.695406 31.433783 -1.237664
10.695406 31.433783 50.460936
10.377977 33.788654 -2.430610
10.377977 33.788654 49.267990
11.544039 33.935220 -1.380611
11.544039 33.935220 50.317989
12.789200 32.419158 -2.355130
12.789200 32.419158 49.343470
11.593153 31.416464 -2.353579
11.593153 31.416464 49.345021
15.382918 -6.644046 -0.127954
15.382918 -6.644046 51.570646
15.382918 45.054554 -0.127954
15.382918 45.054554 51.570646
16.447651 -6.440612 -1.237664
16.447651 -6.440612 50.460936
16.447651 45.257988 -1.237664
16.447651 45.257988 50.460936
15.153894 -5.584483 -1.237664
15.153894 -5.584483 50.460936
15.153894 46.114117 -1.237664
15.153894 46.114117 50.460936
15.471323 43.759246 -2.430610
15.471323 43.759246 49.267990
14.305261 43.612680 -1.380611
14.305261 43.612680 50.317989
13.060100 -6.569858 -2.355130
13.060100 -6.569858 49.343470
13.060100 45.128742 -2.355130
13.060100 45.128742 49.343470
14.256147 -5.567164 -2.353579
14.256147 -5.567164 49.345021
14.256147 46.131436 -2.353579
14.256147 46.131436 49.345021
14.249427 33.199807 41.095734
13.052863 32.199439 41.161391
14.381000 30.663732 40.114236
15.426862 30.863806 41.276162
15.940229 32.972075 40.381518
16.168996 31.912253 39.271808
14.875238 32.768382 39.271808
11.599873 -7.350507 41.095734
11.599873 44.348093 41.095734
12.796437 -6.350139 41.161391
12.796437 45.348461 41.161391
11.468300 -4.814432 40.114236
11.468300 46.884168 40.114236
10.422438 -5.014506 41.276162
10.422438 46.684094 41.276162
9.909071 -7.122775 40.381518
9.909071 44.575825 40.381518
9.680304 -6.062953 39.271808
9.680304 45.635647 39.271808
10.974062 -6.919082 39.271808
10.974062 44.779518 39.271808
10.466382 32.129904 38.645996
10.695406 33.189467 37.536286
9.401649 32.333338 37.536286
11.468300 30.663732 37.433664
10.422438 30.863806 36.271738
11.599873 33.199807 36.452166
12.796437 32.199439 36.386509
14.249427 -7.350507 36.452166
14.249427 44.348093 36.452166
13.052863 -6.350139 36.386509
13.052863 45.348461 36.386509
14.381000 -4.814432 37.433664
14.381000 46.884168 37.433664
15.426862 -5.014506 36.271738
15.426862 46.684094 36.271738
15.382918 -6.280604 38.645996
15.382918 45.417996 38.645996
15.153894 -7.340167 37.536286
15.153894 44.358433 37.536286
16.447651 -6.484038 37.536286
16.447651 45.214562 37.536286
23.391032 32.493346 38.645996
22.326299 32.289912 37.536286
23.620056 31.433783 37.536286
24.509014 33.959518 37.317600
23.347088 33.759444 36.271738
24.539516 31.403798 36.398141
25.721087 32.423811 36.386509
22.833721 -5.801875 40.381518
22.833721 45.896725 40.381518
23.898712 -6.005568 39.271808
23.898712 45.693032 39.271808
22.604954 -6.861697 39.271808
22.604954 44.836903 39.271808
24.509014 43.588382 40.230300
23.347088 43.788456 41.276162
24.539516 -5.554498 41.149759
24.539516 46.144102 41.149759
25.721087 -6.574511 41.161391
25.721087 45.124089 41.161391
22.833721 -7.122775 27.456868
22.833721 44.575825 27.456868
22.604954 -6.062953 26.347158
22.604954 45.635647 26.347158
23.898712 -6.919082 26.347158
23.898712 44.779518 26.347158
23.418690 -4.985296 28.395973
23.418690 46.713304 28.395973
24.468689 -4.838730 27.229911
24.468689 46.859870 27.229911
25.728842 -6.374437 28.258455
25.728842 45.324163 28.258455
24.517803 -7.357486 28.202879
24.517803 44.341114 28.202879
24.730284 -6.620781 34.263247
24.730284 45.077819 34.263247
24.730284 32.153169 30.360003
24.730284 32.470081 43.284653
24.730284 -6.303869 -4.510703
24.730284 -6.303869 47.187897
24.730284 45.394731 -4.510703
24.730284 45.394731 47.187897
25.728842 32.223737 -2.409155
25.728842 32.223737 49.289445
24.517803 33.206786 -2.353579
24.517803 33.206786 49.345021
23.418690 30.834596 -2.546673
23.418690 30.834596 49.151927
24.468689 30.688030 -1.380611
24.468689 30.688030 50.317989
23.391032 32.129904 -0.127954
23.391032 32.129904 51.570646
23.620056 33.189467 -1.237664
23.620056 33.189467 50.460936
22.326299 32.333338 -1.237664
22.326299 32.333338 50.460936
2.458268 -6.280604 -0.127954
2.458268 -6.280604 51.570646
2.458268 45.417996 -0.127954
2.458268 45.417996 51.570646
54.156868 -6.280604 -0.127954
54.156868 -6.280604 51.570646
54.156868 45.417996 -0.127954
54.156868 45.417996 51.570646
2.229244 -7.340167 -1.237664
2.229244 -7.340167 50.460936
2.229244 44.358433 -1.237664
2.229244 44.358433 50.460936
53.927844 -7.340167 -1.237664
53.927844 -7.340167 50.460936
53.927844 44.358433 -1.237664
53.927844 44.358433 50.460936
3.523001 -6.484038 -1.237664
3.523001 -6.484038 50.460936
3.523001 45.214562 -1.237664
3.523001 45.214562 50.460936
55.221601 -6.484038 -1.237664
55.221601 -6.484038 50.460936
55.221601 45.214562 -1.237664
55.221601 45.214562 50.460936
2.430610 -4.985296 -2.546673
2.430610 -4.985296 49.151927
2.430610 46.713304 -2.546673
2.430610 46.713304 49.151927
54.129210 -4.985296 -2.546673
54.129210 -4.985296 49.151927
54.129210 46.713304 -2.546673
54.129210 46.713304 49.151927
1.380611 -4.838730 -1.380611
1.380611 -4.838730 50.317989
1.380611 46.859870 -1.380611
1.380611 46.859870 50.317989
53.079211 -4.838730 -1.380611
53.079211 -4.838730 50.317989
53.079211 46.859870 -1.380611
53.079211 46.859870 50.317989
0.120458 -6.374437 -2.409155
0.120458 -6.374437 49.289445
0.120458 45.324163 -2.409155
0.120458 45.324163 49.289445
51.819058 -6.374437 -2.409155
51.819058 -6.374437 49.289445
51.819058 45.324163 -2.409155
51.819058 45.324163 49.289445
1.331497 -7.357486 -2.353579
1.331497 -7.357486 49.345021
1.331497 44.341114 -2.353579
1.331497 44.341114 49.345021
53.030097 -7.357486 -2.353579
53.030097 -7.357486 49.345021
53.030097 44.341114 -2.353579
53.030097 44.341114 49.345021
1.119016 32.153169 -4.510703
1.119016 32.153169 47.187897
52.817616 32.153169 -4.510703
52.817616 32.153169 47.187897
1.119016 -6.620781 43.284653
1.119016 45.077819 43.284653
52.817616 -6.620781 43.284653
52.817616 45.077819 43.284653
1.309784 31.403798 41.149759
53.008384 31.403798 41.149759
0.128213 32.423811 41.161391
51.826813 32.423811 41.161391
1.340286 33.959518 40.230300
53.038886 33.959518 40.230300
2.502212 33.759444 41.276162
54.200812 33.759444 41.276162
3.015579 31.651175 40.381518
54.714179 31.651175 40.381518
1.950588 31.854868 39.271808
53.649188 31.854868 39.271808
3.244346 32.710997 39.271808
54.942946 32.710997 39.271808
2.458268 -6.644046 38.645996
2.458268 45.054554 38.645996
54.156868 -6.644046 38.645996
54.156868 45.054554 38.645996
3.523001 -6.440612 37.536286
3.523001 45.257988 37.536286
55.221601 -6.440612 37.536286
55.221601 45.257988 37.536286
2.229244 -5.584483 37.536286
2.229244 46.114117 37.536286
53.927844 -5.584483 37.536286
53.927844 46.114117 37.536286
1.340286 43.588382 37.317600
53.038886 43.588382 37.317600
2.502212 43.788456 36.271738
54.200812 43.788456 36.271738
1.309784 -5.554498 36.398141
1.309784 46.144102 36.398141
53.008384 -5.554498 36.398141
53.008384 46.144102 36.398141
0.128213 -6.574511 36.386509
0.128213 45.124089 36.386509
51.826813 -6.574511 36.386509
51.826813 45.124089 36.386509
1.119016 -6.303869 30.360003
1.119016 45.394731 30.360003
52.817616 -6.303869 30.360003
52.817616 45.394731 30.360003
1.119016 32.470081 34.263247
52.817616 32.470081 34.263247
0.120458 32.223737 28.258455
51.819058 32.223737 28.258455
1.331497 33.206786 28.202879
53.030097 33.206786 28.202879
2.430610 30.834596 28.395973
54.129210 30.834596 28.395973
1.380611 30.688030 27.229911
53.079211 30.688030 27.229911
3.015579 32.972075 27.456868
54.714179 32.972075 27.456868
3.244346 31.912253 26.347158
54.942946 31.912253 26.347158
1.950588 32.768382 26.347158
53.649188 32.768382 26.347158
12.789200 -6.569858 28.204430
12.789200 45.128742 28.204430
11.593153 -5.567164 28.202879
11.593153 46.131436 28.202879
10.377977 43.759246 28.279910
11.544039 43.612680 27.229911
9.909071 -5.801875 27.456868
9.909071 45.896725 27.456868
10.974062 -6.005568 26.347158
10.974062 45.693032 26.347158
9.680304 -6.861697 26.347158
9.680304 44.836903 26.347158
15.940229 31.651175 27.456868
14.875238 31.854868 26.347158
16.168996 32.710997 26.347158
15.471323 33.788654 28.279910
14.305261 33.935220 27.229911
13.060100 32.419158 28.204430
14.256147 31.416464 28.202879
7.122775 27.456868 28.864879
58.821375 27.456868 28.864879
6.062953 26.347158 29.093646
57.761553 26.347158 29.093646
6.919082 26.347158 27.799888
58.617682 26.347158 27.799888
4.814432 27.189586 27.305650
56.513032 27.189586 27.305650
5.014506 28.351512 28.351512
56.713106 28.351512 28.351512
7.350507 28.171084 27.174077
59.049107 28.171084 27.174077
6.350139 28.236741 25.977513
58.048739 28.236741 25.977513
20.294802 36.398141 27.159084
19.274789 36.386509 25.977513
17.739082 37.317600 27.189586
17.939156 36.271738 28.351512
19.205254 38.645996 28.307568
19.408688 37.536286 29.372301
20.264817 37.536286 28.078544
5.801875 40.381518 28.864879
57.500475 40.381518 28.864879
6.005568 39.271808 27.799888
57.704168 39.271808 27.799888
6.861697 39.271808 29.093646
58.560297 39.271808 29.093646
8.110218 40.230300 27.189586
7.910144 41.276162 28.351512
5.554498 41.149759 27.159084
57.253098 41.149759 27.159084
6.574511 41.161391 25.977513
58.273111 41.161391 25.977513
6.303869 -4.510703 26.968316
6.303869 47.187897 26.968316
58.002469 -4.510703 26.968316
58.002469 47.187897 26.968316
6.620781 34.263247 26.968316
58.319381 34.263247 26.968316
19.545431 30.360003 26.968316
19.228519 43.284653 26.968316
18.498793 -2.321784 27.174077
18.498793 49.376816 27.174077
19.499161 -2.387441 25.977513
19.499161 49.311159 25.977513
21.034868 -1.340286 27.305650
21.034868 50.358314 27.305650
20.834794 -2.502212 28.351512
20.834794 49.196388 28.351512
19.568696 -0.127954 28.307568
19.568696 51.570646 28.307568
18.509133 -1.237664 28.078544
18.509133 50.460936 28.078544
19.365262 -1.237664 29.372301
19.365262 50.460936 29.372301
6.644046 -0.127954 36.315682
6.644046 51.570646 36.315682
58.342646 -0.127954 36.315682
58.342646 51.570646 36.315682
6.440612 -1.237664 35.250949
6.440612 50.460936 35.250949
58.139212 -1.237664 35.250949
58.139212 50.460936 35.250949
5.584483 -1.237664 36.544706
5.584483 50.460936 36.544706
57.283083 -1.237664 36.544706
57.283083 50.460936 36.544706
7.939354 -2.430610 36.227277
7.939354 49.267990 36.227277
8.085920 -1.380611 37.393339
8.085920 50.317989 37.393339
6.569858 -2.355130 38.638500
6.569858 49.343470 38.638500
58.268458 -2.355130 38.638500
58.268458 49.343470 38.638500
5.567164 -2.353579 37.442453
5.567164 49.345021 37.442453
57.265764 -2.353579 37.442453
57.265764 49.345021 37.442453
6.620781 -4.510703 39.892966
6.620781 47.187897 39.892966
58.319381 -4.510703 39.892966
58.319381 47.187897 39.892966
19.545431 43.284653 39.892966
6.303869 43.284653 37.654934
58.002469 43.284653 37.654934
19.279442 -2.355130 38.909400
19.279442 49.343470 38.909400
20.282136 -2.353579 40.105447
20.282136 49.345021 40.105447
17.909946 -2.430610 41.320623
17.909946 49.267990 41.320623
17.763380 -1.380611 40.154561
17.763380 50.317989 40.154561
19.205254 -0.127954 41.232218
19.205254 51.570646 41.232218
19.408688 -1.237664 42.296951
19.408688 50.460936 42.296951
20.264817 -1.237664 41.003194
20.264817 50.460936 41.003194
6.280604 -0.127954 -2.458268
6.280604 -0.127954 49.240332
6.280604 51.570646 -2.458268
6.280604 51.570646 49.240332
57.979204 -0.127954 -2.458268
57.979204 -0.127954 49.240332
57.979204 51.570646 -2.458268
57.979204 51.570646 49.240332
7.340167 -1.237664 -2.229244
7.340167 -1.237664 49.469356
7.340167 50.460936 -2.229244
7.340167 50.460936 49.469356
59.038767 -1.237664 -2.229244
59.038767 -1.237664 49.469356
59.038767 50.460936 -2.229244
59.038767 50.460936 49.469356
6.484038 -1.237664 -3.523001
6.484038 -1.237664 48.175599
6.484038 50.460936 -3.523001
6.484038 50.460936 48.175599
58.182638 -1.237664 -3.523001
58.182638 -1.237664 48.175599
58.182638 50.460936 -3.523001
58.182638 50.460936 48.175599
4.814432 -1.340286 -1.456350
4.814432 -1.340286 50.242250
4.814432 50.358314 -1.456350
4.814432 50.358314 50.242250
56.513032 -1.340286 -1.456350
56.513032 -1.340286 50.242250
56.513032 50.358314 -1.456350
56.513032 50.358314 50.242250
5.014506 -2.502212 -2.502212
5.014506 -2.502212 49.196388
5.014506 49.196388 -2.502212
5.014506 49.196388 49.196388
56.713106 -2.502212 -2.502212
56.713106 -2.502212 49.196388
56.713106 49.196388 -2.502212
56.713106 49.196388 49.196388
7.350507 -2.321784 -1.324777
7.350507 -2.321784 50.373823
7.350507 49.376816 -1.324777
7.350507 49.376816 50.373823
59.049107 -2.321784 -1.324777
59.049107 -2.321784 50.373823
59.049107 49.376816 -1.324777
59.049107 49.376816 50.373823
6.350139 -2.387441 -0.128213
6.350139 -2.387441 51.570387
6.350139 49.311159 -0.128213
6.350139 49.311159 51.570387
58.048739 -2.387441 -0.128213
58.048739 -2.387441 51.570387
58.048739 49.311159 -0.128213
58.048739 49.311159 51.570387
19.545431 -4.510703 -1.119016
19.545431 -4.510703 50.579584
19.545431 47.187897 -1.119016
19.545431 47.187897 50.579584
20.294802 41.149759 -1.309784
20.294802 41.149759 50.388816
19.274789 41.161391 -0.128213
19.274789 41.161391 51.570387
17.739082 40.230300 -1.340286
17.739082 40.230300 50.358314
17.939156 41.276162 -2.502212
17.939156 41.276162 49.196388
20.047425 40.381518 -3.015579
20.047425 40.381518 48.683021
19.843732 39.271808 -1.950588
19.843732 39.271808 49.748012
18.987603 39.271808 -3.244346
18.987603 39.271808 48.454254
6.644046 38.645996 -2.458268
6.644046 38.645996 49.240332
58.342646 38.645996 -2.458268
58.342646 38.645996 49.240332
6.440612 37.536286 -3.523001
6.440612 37.536286 48.175599
58.139212 37.536286 -3.523001
58.139212 37.536286 48.175599
5.584483 37.536286 -2.229244
5.584483 37.536286 49.469356
57.283083 37.536286 -2.229244
57.283083 37.536286 49.469356
8.110218 37.317600 -1.340286
8.110218 37.317600 50.358314
7.910144 36.271738 -2.502212
7.910144 36.271738 49.196388
5.554498 36.398141 -1.309784
5.554498 36.398141 50.388816
57.253098 36.398141 -1.309784
57.253098 36.398141 50.388816
6.574511 36.386509 -0.128213
6.574511 36.386509 51.570387
58.273111 36.386509 -0.128213
58.273111 36.386509 51.570387
19.228519 34.263247 -1.119016
19.228519 34.263247 50.579584
6.303869 30.360003 -1.119016
6.303869 30.360003 50.579584
58.002469 30.360003 -1.119016
58.002469 30.360003 50.579584
4.510703 39.892966 -6.620781
4.510703 39.892966 45.077819
56.209303 39.892966 -6.620781
56.209303 39.892966 45.077819
8.390424 37.611765 -6.305678
8.390424 37.611765 45.392922
6.374437 41.183105 38.894408
58.073037 41.183105 38.894408
7.357486 41.127529 40.105447
59.056086 41.127529 40.105447
4.985296 41.320623 41.204560
56.683896 41.320623 41.204560
4.838730 40.154561 40.154561
56.537330 40.154561 40.154561
7.122775 40.381518 41.789529
58.821375 40.381518 41.789529
6.062953 39.271808 42.018296
57.761553 39.271808 42.018296
6.919082 39.271808 40.724538
58.617682 39.271808 40.724538
19.474863 41.183105 38.653492
18.491814 41.127529 37.442453
20.864004 41.320623 36.343340
21.010570 40.154561 37.393339
18.726525 40.381518 35.758371
19.786347 39.271808 35.529604
18.930218 39.271808 36.823362
6.280604 38.645996 36.315682
57.979204 38.645996 36.315682
7.340167 37.536286 36.544706
59.038767 37.536286 36.544706
6.484038 37.536286 35.250949
58.182638 37.536286 35.250949
4.985296 36.227277 36.343340
56.683896 36.227277 36.343340
4.838730 37.393339 37.393339
56.537330 37.393339 37.393339
6.374437 36.364795 38.653492
58.073037 36.364795 38.653492
7.357486 36.420371 37.442453
59.056086 36.420371 37.442453
19.474863 36.364795 38.894408
18.491814 36.420371 40.105447
20.864004 36.227277 41.204560
21.010570 37.393339 40.154561
19.568696 38.645996 41.232218
18.509133 37.536286 41.003194
19.365262 37.536286 42.296951
6.569858 28.204430 38.909400
58.268458 28.204430 38.909400
5.567164 28.202879 40.105447
57.265764 28.202879 40.105447
7.939354 28.279910 41.320623
8.085920 27.229911 40.154561
5.801875 27.456868 41.789529
57.500475 27.456868 41.789529
6.005568 26.347158 40.724538
57.704168 26.347158 40.724538
6.861697 26.347158 42.018296
58.560297 26.347158 42.018296
19.279442 28.204430 38.638500
20.282136 28.202879 37.442453
17.909946 28.279910 36.227277
17.763380 27.229911 37.393339
20.047425 27.456868 35.758371
19.843732 26.347158 36.823362
18.987603 26.347158 35.529604
6.620781 43.284653 -1.119016
6.620781 43.284653 50.579584
58.319381 43.284653 -1.119016
58.319381 43.284653 50.579584
11.798396 29.383416 -6.539097
11.798396 29.383416 45.159503
11.585915 28.187628 -5.573885
11.585915 28.187628 46.124715
12.786356 28.187628 -6.556416
12.786356 28.187628 45.142184
11.468300 27.189586 43.588382
10.422438 28.351512 43.788456
10.548841 27.159084 -5.554498
10.548841 27.159084 46.144102
10.537209 25.977513 -6.574511
10.537209 25.977513 45.124089
2.321784 27.174077 33.199807
54.020384 27.174077 33.199807
2.387441 25.977513 32.199439
54.086041 25.977513 32.199439
1.340286 27.305650 30.663732
53.038886 27.305650 30.663732
2.502212 28.351512 30.863806
54.200812 28.351512 30.863806
1.126254 29.383416 32.234853
52.824854 29.383416 32.234853
0.138294 28.187628 32.217534
51.836894 28.187628 32.217534
1.338735 28.187628 33.200065
53.037335 28.187628 33.200065
0.609010 36.834219 -5.907082
0.609010 36.834219 45.791518
52.307610 36.834219 -5.907082
52.307610 36.834219 45.791518
0.396787 35.638430 -6.872295
0.396787 35.638430 44.826305
52.095387 35.638430 -6.872295
52.095387 35.638430 44.826305
1.597228 35.638430 -5.889763
1.597228 35.638430 45.808837
53.295828 35.638430 -5.889763
53.295828 35.638430 45.808837
2.430610 36.227277 43.759246
54.129210 36.227277 43.759246
1.380611 37.393339 43.612680
53.079211 37.393339 43.612680
2.355130 38.638500 -6.569858
2.355130 38.638500 45.128742
54.053730 38.638500 -6.569858
54.053730 38.638500 45.128742
2.353579 37.442453 -5.567164
2.353579 37.442453 46.131436
54.052179 37.442453 -5.567164
54.052179 37.442453 46.131436
2.355130 38.909400 32.419158
54.053730 38.909400 32.419158
2.353579 40.105447 31.416464
54.052179 40.105447 31.416464
2.430610 41.320623 33.788654
54.129210 41.320623 33.788654
1.380611 40.154561 33.935220
53.079211 40.154561 33.935220
1.126254 42.308066 32.388397
52.824854 42.308066 32.388397
1.338735 41.112278 31.423185
53.037335 41.112278 31.423185
0.138294 41.112278 32.405716
51.836894 41.112278 32.405716
0.609010 -1.939731 -7.017568
0.609010 -1.939731 44.681032
0.609010 49.758869 -7.017568
0.609010 49.758869 44.681032
52.307610 -1.939731 -7.017568
52.307610 -1.939731 44.681032
52.307610 49.758869 -7.017568
52.307610 49.758869 44.681032
1.597228 -3.135520 -7.034887
1.597228 -3.135520 44.663713
1.597228 48.563080 -7.034887
1.597228 48.563080 44.663713
53.295828 -3.135520 -7.034887
53.295828 -3.135520 44.663713
53.295828 48.563080 -7.034887
53.295828 48.563080 44.663713
0.396787 -3.135520 -6.052355
0.396787 -3.135520 45.646245
0.396787 48.563080 -6.052355
0.396787 48.563080 45.646245
52.095387 -3.135520 -6.052355
52.095387 -3.135520 45.646245
52.095387 48.563080 -6.052355
52.095387 48.563080 45.646245
1.340286 -1.456350 -4.814432
1.340286 -1.456350 46.884168
1.340286 50.242250 -4.814432
1.340286 50.242250 46.884168
53.038886 -1.456350 -4.814432
53.038886 -1.456350 46.884168
53.038886 50.242250 -4.814432
53.038886 50.242250 46.884168
2.502212 -2.502212 -5.014506
2.502212 -2.502212 46.684094
2.502212 49.196388 -5.014506
2.502212 49.196388 46.684094
54.200812 -2.502212 -5.014506
54.200812 -2.502212 46.684094
54.200812 49.196388 -5.014506
54.200812 49.196388 46.684094
2.321784 -1.324777 -7.350507
2.321784 -1.324777 44.348093
2.321784 50.373823 -7.350507
2.321784 50.373823 44.348093
54.020384 -1.324777 -7.350507
54.020384 -1.324777 44.348093
54.020384 50.373823 -7.350507
54.020384 50.373823 44.348093
2.387441 -0.128213 -6.350139
2.387441 -0.128213 45.348461
2.387441 51.570387 -6.350139
2.387441 51.570387 45.348461
54.086041 -0.128213 -6.350139
54.086041 -0.128213 45.348461
54.086041 51.570387 -6.350139
54.086041 51.570387 45.348461
10.548841 -1.309784 31.403798
10.548841 50.388816 31.403798
10.537209 -0.128213 32.423811
10.537209 51.570387 32.423811
11.468300 -1.340286 33.959518
11.468300 50.358314 33.959518
10.422438 -2.502212 33.759444
10.422438 49.196388 33.759444
12.315640 -1.939731 31.756382
12.315640 49.758869 31.756382
12.527863 -3.135520 32.721595
12.527863 48.563080 32.721595
11.327422 -3.135520 31.739063
11.327422 48.563080 31.739063
13.533660 -1.939731 -5.907082
13.533660 -1.939731 45.791518
13.533660 49.758869 -5.907082
13.533660 49.758869 45.791518
13.321437 -3.135520 -6.872295
13.321437 -3.135520 44.826305
13.321437 48.563080 -6.872295
13.321437 48.563080 44.826305
14.521878 -3.135520 -5.889763
14.521878 -3.135520 45.808837
14.521878 48.563080 -5.889763
14.521878 48.563080 45.808837
14.381000 -1.340286 43.588382
14.381000 50.358314 43.588382
15.426862 -2.502212 43.788456
15.426862 49.196388 43.788456
15.300459 -1.309784 -5.554498
15.300459 -1.309784 46.144102
15.300459 50.388816 -5.554498
15.300459 50.388816 46.144102
15.312091 -0.128213 -6.574511
15.312091 -0.128213 45.124089
15.312091 51.570387 -6.574511
15.312091 51.570387 45.124089
23.527516 -1.324777 33.199807
23.527516 50.373823 33.199807
23.461859 -0.128213 32.199439
23.461859 51.570387 32.199439
24.509014 -1.456350 30.663732
24.509014 50.242250 30.663732
23.347088 -2.502212 30.863806
23.347088 49.196388 30.863806
25.240290 -1.939731 32.866868
25.240290 49.758869 32.866868
24.252072 -3.135520 32.884187
24.252072 48.563080 32.884187
25.452513 -3.135520 31.901655
25.452513 48.563080 31.901655
24.723046 42.308066 -6.539097
24.723046 42.308066 45.159503
24.510565 41.112278 -5.573885
24.510565 41.112278 46.124715
25.711006 41.112278 -6.556416
25.711006 41.112278 45.142184
23.418690 41.320623 43.759246
24.468689 40.154561 43.612680
23.494170 38.909400 -6.569858
23.494170 38.909400 45.128742
23.495721 40.105447 -5.567164
23.495721 40.105447 46.131436
23.494170 38.638500 32.419158
23.495721 37.442453 31.416464
23.418690 36.227277 33.788654
24.468689 37.393339 33.935220
25.728842 36.364795 32.399513
24.517803 36.420371 31.416464
24.723046 29.383416 -6.385553
24.723046 29.383416 45.313047
25.711006 28.187628 -6.368234
25.711006 28.187628 45.330366
24.510565 28.187628 -7.350765
24.510565 28.187628 44.347835
24.509014 27.305650 -4.814432
24.509014 27.305650 46.884168
23.347088 28.351512 -5.014506
23.347088 28.351512 46.684094
23.527516 27.174077 -7.350507
23.527516 27.174077 44.348093
23.461859 25.977513 -6.350139
23.461859 25.977513 45.348461
15.300459 27.159084 31.403798
15.312091 25.977513 32.423811
14.381000 27.189586 33.959518
15.426862 28.351512 33.759444
14.050904 29.383416 32.388397
14.263385 28.187628 31.423185
13.062944 28.187628 32.405716
13.533660 36.834219 -7.017568
13.533660 36.834219 44.681032
14.521878 35.638430 -7.034887
14.521878 35.638430 44.663713
13.321437 35.638430 -6.052355
13.321437 35.638430 45.646245
15.471323 36.343340 -4.985296
15.471323 36.343340 46.713304
14.305261 37.393339 -4.838730
14.305261 37.393339 46.859870
15.333805 38.653492 -6.374437
15.333805 38.653492 45.324163
15.278229 37.442453 -7.357486
15.278229 37.442453 44.341114
15.333805 38.894408 32.223737
15.278229 40.105447 33.206786
15.471323 41.204560 30.834596
14.305261 40.154561 30.688030
14.050904 42.308066 32.234853
13.062944 41.112278 32.217534
14.263385 41.112278 33.200065
11.798396 42.308066 -6.385553
11.798396 42.308066 45.313047
12.786356 41.112278 -6.368234
12.786356 41.112278 45.330366
11.585915 41.112278 -7.350765
11.585915 41.112278 44.347835
10.377977 41.204560 -4.985296
10.377977 41.204560 46.713304
11.544039 40.154561 -4.838730
11.544039 40.154561 46.859870
10.515495 38.894408 -6.374437
10.515495 38.894408 45.324163
10.571071 40.105447 -7.357486
10.571071 40.105447 44.341114
10.515495 38.653492 32.223737
10.571071 37.442453 33.206786
10.377977 36.343340 30.834596
11.544039 37.393339 30.688030
12.315640 36.834219 32.866868
11.327422 35.638430 32.884187
12.527863 35.638430 31.901655
4.510703 26.968316 -6.303869
4.510703 26.968316 45.394731
56.209303 26.968316 -6.303869
56.209303 26.968316 45.394731
8.413947 26.968316 32.470081
21.338597 26.968316 32.153169
17.435353 26.968316 -6.620781
17.435353 26.968316 45.077819
21.338597 -1.119016 -6.303869
21.338597 -1.119016 45.394731
21.338597 50.579584 -6.303869
21.338597 50.579584 45.394731
17.435353 -1.119016 32.470081
17.435353 50.579584 32.470081
8.413947 -1.119016 -6.620781
8.413947 -1.119016 45.077819
8.413947 50.579584 -6.620781
8.413947 50.579584 45.077819
4.510703 -1.119016 32.153169
4.510703 50.579584 32.153169
56.209303 -1.119016 32.153169
56.209303 50.579584 32.153169
21.338597 39.892966 32.470081
17.458876 37.611765 32.154978
17.458876 39.936135 -6.305678
17.458876 39.936135 45.392922
21.338597 37.654934 -6.620781
21.338597 37.654934 45.077819
4.510703 37.654934 32.470081
56.209303 37.654934 32.470081
8.390424 39.936135 32.154978
19.545431 34.263247 37.654934
19.228519 30.360003 39.892966
19.228519 -4.510703 37.654934
19.228519 47.187897 37.654934
6.303869 34.263247 39.892966
58.002469 34.263247 39.892966
6.620781 30.360003 37.654934
58.319381 30.360003 37.654934
18.498793 28.171084 -1.324777
18.498793 28.171084 50.373823
19.499161 28.236741 -0.128213
19.499161 28.236741 51.570387
21.034868 27.189586 -1.456350
21.034868 27.189586 50.242250
20.834794 28.351512 -2.502212
20.834794 28.351512 49.196388
18.726525 27.456868 -3.015579
18.726525 27.456868 48.683021
19.786347 26.347158 -3.244346
19.786347 26.347158 48.454254
18.930218 26.347158 -1.950588
18.930218 26.347158 49.748012
33.431417 7.582117 5.342533
33.431417 7.582117 57.041133
33.431417 59.280717 5.342533
33.431417 59.280717 57.041133
32.311625 6.462325 6.462325
32.311625 6.462325 58.160925
32.311625 58.160925 6.462325
32.311625 58.160925 58.160925
33.119157 7.269857 3.464065
33.119157 7.269857 55.162665
33.119157 58.968457 3.464065
33.119157 58.968457 55.162665
32.311625 6.462325 2.891761
32.311625 6.462325 54.590361
32.311625 58.160925 2.891761
32.311625 58.160925 54.590361
32.311625 6.462325 1.408011
32.311625 6.462325 53.106611
32.311625 58.160925 1.408011
32.311625 58.160925 53.106611
32.401581 7.570484 0.687074
32.401581 7.570484 52.385674
32.401581 59.269084 0.687074
32.401581 59.269084 52.385674
-7.582117 18.267183 5.342533
-7.582117 18.267183 57.041133
44.116483 18.267183 5.342533
44.116483 18.267183 57.041133
-6.462325 19.386975 6.462325
-6.462325 19.386975 58.160925
45.236275 19.386975 6.462325
45.236275 19.386975 58.160925
-7.269857 18.579443 3.464065
-7.269857 18.579443 55.162665
44.428743 18.579443 3.464065
44.428743 18.579443 55.162665
-6.462325 19.386975 2.891761
-6.462325 19.386975 54.590361
45.236275 19.386975 2.891761
45.236275 19.386975 54.590361
-6.462325 19.386975 1.408011
-6.462325 19.386975 53.106611
45.236275 19.386975 1.408011
45.236275 19.386975 53.106611
-6.552281 18.278816 0.687074
-6.552281 18.278816 52.385674
45.146319 18.278816 0.687074
45.146319 18.278816 52.385674
-7.582117 7.582117 20.506767
-7.582117 59.280717 20.506767
44.116483 7.582117 20.506767
44.116483 59.280717 20.506767
-6.462325 6.462325 19.386975
-6.462325 58.160925 19.386975
45.236275 6.462325 19.386975
45.236275 58.160925 19.386975
-7.269857 7.269857 22.385235
-7.269857 58.968457 22.385235
44.428743 7.269857 22.385235
44.428743 58.968457 22.385235
-6.462325 6.462325 22.957539
-6.462325 58.160925 22.957539
45.236275 6.462325 22.957539
45.236275 58.160925 22.957539
-6.462325 6.462325 24.441289
-6.462325 58.160925 24.441289
45.236275 6.462325 24.441289
45.236275 58.160925 24.441289
-6.552281 7.570484 25.162226
-6.552281 59.269084 25.162226
45.146319 7.570484 25.162226
45.146319 59.269084 25.162226
33.431417 18.267183 20.506767
32.311625 19.386975 19.386975
33.119157 18.579443 22.385235
32.311625 19.386975 22.957539
32.311625 19.386975 24.441289
32.401581 18.278816 25.162226
31.191833 7.582117 7.582117
31.191833 7.582117 59.280717
31.191833 59.280717 7.582117
31.191833 59.280717 59.280717
29.313365 7.269857 7.269857
29.313365 7.269857 58.968457
29.313365 58.968457 7.269857
29.313365 58.968457 58.968457
28.741061 6.462325 6.462325
28.741061 6.462325 58.160925
28.741061 58.160925 6.462325
28.741061 58.160925 58.160925
27.257311 6.462325 6.462325
27.257311 6.462325 58.160925
27.257311 58.160925 6.462325
27.257311 58.160925 58.160925
26.536374 6.552281 7.570484
26.536374 6.552281 59.269084
26.536374 58.250881 7.570484
26.536374 58.250881 59.269084
31.191833 18.267183 18.267183
29.313365 18.579443 18.579443
28.741061 19.386975 19.386975
27.257311 19.386975 19.386975
26.536374 19.297019 18.278816
-5.342533 18.267183 7.582117
-5.342533 18.267183 59.280717
46.356067 18.267183 7.582117
46.356067 18.267183 59.280717
-3.464065 18.579443 7.269857
-3.464065 18.579443 58.968457
48.234535 18.579443 7.269857
48.234535 18.579443 58.968457
-2.891761 19.386975 6.462325
-2.891761 19.386975 58.160925
48.806839 19.386975 6.462325
48.806839 19.386975 58.160925
-1.408011 19.386975 6.462325
-1.408011 19.386975 58.160925
50.290589 19.386975 6.462325
50.290589 19.386975 58.160925
-0.687074 19.297019 7.570484
-0.687074 19.297019 59.269084
51.011526 19.297019 7.570484
51.011526 19.297019 59.269084
-5.342533 7.582117 18.267183
-5.342533 59.280717 18.267183
46.356067 7.582117 18.267183
46.356067 59.280717 18.267183
-3.464065 7.269857 18.579443
-3.464065 58.968457 18.579443
48.234535 7.269857 18.579443
48.234535 58.968457 18.579443
-2.891761 6.462325 19.386975
-2.891761 58.160925 19.386975
48.806839 6.462325 19.386975
48.806839 58.160925 19.386975
-1.408011 6.462325 19.386975
-1.408011 58.160925 19.386975
50.290589 6.462325 19.386975
50.290589 58.160925 19.386975
-0.687074 6.552281 18.278816
-0.687074 58.250881 18.278816
51.011526 6.552281 18.278816
51.011526 58.250881 18.278816
33.431417 5.342533 7.582117
33.431417 5.342533 59.280717
33.431417 57.041133 7.582117
33.431417 57.041133 59.280717
33.119157 3.464065 7.269857
33.119157 3.464065 58.968457
33.119157 55.162665 7.269857
33.119157 55.162665 58.968457
32.311625 2.891761 6.462325
32.311625 2.891761 58.160925
32.311625 54.590361 6.462325
32.311625 54.590361 58.160925
32.311625 1.408011 6.462325
32.311625 1.408011 58.160925
32.311625 53.106611 6.462325
32.311625 53.106611 58.160925
33.419784 0.687074 6.552281
33.419784 0.687074 58.250881
33.419784 52.385674 6.552281
33.419784 52.385674 58.250881
-7.582117 5.342533 18.267183
-7.582117 57.041133 18.267183
44.116483 5.342533 18.267183
44.116483 57.041133 18.267183
-7.269857 3.464065 18.579443
-7.269857 55.162665 18.579443
44.428743 3.464065 18.579443
44.428743 55.162665 18.579443
-6.462325 2.891761 19.386975
-6.462325 54.590361 19.386975
45.236275 2.891761 19.386975
45.236275 54.590361 19.386975
-6.462325 1.408011 19.386975
-6.462325 53.106611 19.386975
45.236275 1.408011 19.386975
45.236275 53.106611 19.386975
-7.570484 0.687074 19.297019
-7.570484 52.385674 19.297019
44.128116 0.687074 19.297019
44.128116 52.385674 19.297019
33.431417 20.506767 18.267183
33.119157 22.385235 18.579443
32.311625 22.957539 19.386975
32.311625 24.441289 19.386975
33.419784 25.162226 19.297019
-7.582117 20.506767 7.582117
-7.582117 20.506767 59.280717
44.116483 20.506767 7.582117
44.116483 20.506767 59.280717
-7.269857 22.385235 7.269857
-7.269857 22.385235 58.968457
44.428743 22.385235 7.269857
44.428743 22.385235 58.968457
-6.462325 22.957539 6.462325
-6.462325 22.957539 58.160925
45.236275 22.957539 6.462325
45.236275 22.957539 58.160925
-6.462325 24.441289 6.462325
-6.462325 24.441289 58.160925
45.236275 24.441289 6.462325
45.236275 24.441289 58.160925
-7.570484 25.162226 6.552281
-7.570484 25.162226 58.250881
44.128116 25.162226 6.552281
44.128116 25.162226 58.250881
33.431417 7.582117 20.506767
33.431417 59.280717 20.506767
32.311625 6.462325 19.386975
32.311625 58.160925 19.386975
33.119157 7.269857 22.385235
33.119157 58.968457 22.385235
32.311625 6.462325 22.957539
32.311625 58.160925 22.957539
32.311625 6.462325 24.441289
32.311625 58.160925 24.441289
36.181524 6.441129 24.803179
36.181524 58.139729 24.803179
36.872734 7.485699 23.948084
36.872734 59.184299 23.948084
-7.582117 18.267183 20.506767
44.116483 18.267183 20.506767
-6.462325 19.386975 19.386975
45.236275 19.386975 19.386975
-7.269857 18.579443 22.385235
44.428743 18.579443 22.385235
-6.462325 19.386975 22.957539
45.236275 19.386975 22.957539
-6.462325 19.386975 24.441289
45.236275 19.386975 24.441289
41.366376 19.408171 24.803179
40.675166 18.363601 23.948084
33.431417 18.267183 5.342533
33.431417 18.267183 57.041133
32.311625 19.386975 6.462325
32.311625 19.386975 58.160925
33.119157 18.579443 3.464065
33.119157 18.579443 55.162665
32.311625 19.386975 2.891761
32.311625 19.386975 54.590361
32.311625 19.386975 1.408011
32.311625 19.386975 53.106611
36.181524 19.408171 1.046121
36.181524 19.408171 52.744721
36.872734 18.363601 1.901216
36.872734 18.363601 53.599816
-7.582117 7.582117 5.342533
-7.582117 7.582117 57.041133
-7.582117 59.280717 5.342533
-7.582117 59.280717 57.041133
44.116483 7.582117 5.342533
44.116483 7.582117 57.041133
44.116483 59.280717 5.342533
44.116483 59.280717 57.041133
-6.462325 6.462325 6.462325
-6.462325 6.462325 58.160925
-6.462325 58.160925 6.462325
-6.462325 58.160925 58.160925
45.236275 6.462325 6.462325
45.236275 6.462325 58.160925
45.236275 58.160925 6.462325
45.236275 58.160925 58.160925
-7.269857 7.269857 3.464065
-7.269857 7.269857 55.162665
-7.269857 58.968457 3.464065
-7.269857 58.968457 55.162665
44.428743 7.269857 3.464065
44.428743 7.269857 55.162665
44.428743 58.968457 3.464065
44.428743 58.968457 55.162665
-6.462325 6.462325 2.891761
-6.462325 6.462325 54.590361
-6.462325 58.160925 2.891761
-6.462325 58.160925 54.590361
45.236275 6.462325 2.891761
45.236275 6.462325 54.590361
45.236275 58.160925 2.891761
45.236275 58.160925 54.590361
-6.462325 6.462325 1.408011
-6.462325 6.462325 53.106611
-6.462325 58.160925 1.408011
-6.462325 58.160925 53.106611
45.236275 6.462325 1.408011
45.236275 6.462325 53.106611
45.236275 58.160925 1.408011
45.236275 58.160925 53.106611
41.366376 6.441129 1.046121
41.366376 6.441129 52.744721
41.366376 58.139729 1.046121
41.366376 58.139729 52.744721
40.675166 7.485699 1.901216
40.675166 7.485699 53.599816
40.675166 59.184299 1.901216
40.675166 59.184299 53.599816
33.431417 5.342533 18.267183
33.431417 57.041133 18.267183
33.119157 3.464065 18.579443
33.119157 55.162665 18.579443
32.311625 2.891761 19.386975
32.311625 54.590361 19.386975
32.311625 1.408011 19.386975
32.311625 53.106611 19.386975
32.290429 1.046121 15.517076
32.290429 52.744721 15.517076
33.334999 1.901216 14.825866
33.334999 53.599816 14.825866
-7.582117 5.342533 7.582117
-7.582117 5.342533 59.280717
-7.582117 57.041133 7.582117
-7.582117 57.041133 59.280717
44.116483 5.342533 7.582117
44.116483 5.342533 59.280717
44.116483 57.041133 7.582117
44.116483 57.041133 59.280717
-7.269857 3.464065 7.269857
-7.269857 3.464065 58.968457
-7.269857 55.162665 7.269857
-7.269857 55.162665 58.968457
44.428743 3.464065 7.269857
44.428743 3.464065 58.968457
44.428743 55.162665 7.269857
44.428743 55.162665 58.968457
-6.462325 2.891761 6.462325
-6.462325 2.891761 58.160925
-6.462325 54.590361 6.462325
-6.462325 54.590361 58.160925
45.236275 2.891761 6.462325
45.236275 2.891761 58.160925
45.236275 54.590361 6.462325
45.236275 54.590361 58.160925
-6.462325 1.408011 6.462325
-6.462325 1.408011 58.160925
-6.462325 53.106611 6.462325
-6.462325 53.106611 58.160925
45.236275 1.408011 6.462325
45.236275 1.408011 58.160925
45.236275 53.106611 6.462325
45.236275 53.106611 58.160925
-6.441129 1.046121 10.332224
-6.441129 52.744721 10.332224
45.257471 1.046121 10.332224
45.257471 52.744721 10.332224
-7.485699 1.901216 11.023434
-7.485699 53.599816 11.023434
44.212901 1.901216 11.023434
44.212901 53.599816 11.023434
-7.582117 20.506767 18.267183
44.116483 20.506767 18.267183
-7.269857 22.385235 18.579443
44.428743 22.385235 18.579443
-6.462325 22.957539 19.386975
45.236275 22.957539 19.386975
-6.462325 24.441289 19.386975
45.236275 24.441289 19.386975
-6.441129 24.803179 15.517076
45.257471 24.803179 15.517076
-7.485699 23.948084 14.825866
44.212901 23.948084 14.825866
33.431417 20.506767 7.582117
33.431417 20.506767 59.280717
33.119157 22.385235 7.269857
33.119157 22.385235 58.968457
32.311625 22.957539 6.462325
32.311625 22.957539 58.160925
32.311625 24.441289 6.462325
32.311625 24.441289 58.160925
32.290429 24.803179 10.332224
33.334999 23.948084 11.023434
31.191833 7.582117 18.267183
31.191833 59.280717 18.267183
29.313365 7.269857 18.579443
29.313365 58.968457 18.579443
28.741061 6.462325 19.386975
28.741061 58.160925 19.386975
27.257311 6.462325 19.386975
27.257311 58.160925 19.386975
26.895421 10.332224 19.408171
27.750516 11.023434 18.363601
31.191833 18.267183 7.582117
31.191833 18.267183 59.280717
29.313365 18.579443 7.269857
29.313365 18.579443 58.968457
28.741061 19.386975 6.462325
28.741061 19.386975 58.160925
27.257311 19.386975 6.462325
27.257311 19.386975 58.160925
26.895421 15.517076 6.441129
26.895421 15.517076 58.139729
27.750516 14.825866 7.485699
27.750516 14.825866 59.184299
-5.342533 7.582117 7.582117
-5.342533 7.582117 59.280717
-5.342533 59.280717 7.582117
-5.342533 59.280717 59.280717
46.356067 7.582117 7.582117
46.356067 7.582117 59.280717
46.356067 59.280717 7.582117
46.356067 59.280717 59.280717
-3.464065 7.269857 7.269857
-3.464065 7.269857 58.968457
-3.464065 58.968457 7.269857
-3.464065 58.968457 58.968457
48.234535 7.269857 7.269857
48.234535 7.269857 58.968457
48.234535 58.968457 7.269857
48.234535 58.968457 58.968457
-2.891761 6.462325 6.462325
-2.891761 6.462325 58.160925
-2.891761 58.160925 6.462325
-2.891761 58.160925 58.160925
48.806839 6.462325 6.462325
48.806839 6.462325 58.160925
48.806839 58.160925 6.462325
48.806839 58.160925 58.160925
-1.408011 6.462325 6.462325
-1.408011 6.462325 58.160925
-1.408011 58.160925 6.462325
-1.408011 58.160925 58.160925
50.290589 6.462325 6.462325
50.290589 6.462325 58.160925
50.290589 58.160925 6.462325
50.290589 58.160925 58.160925
-1.311076 8.818489 6.706859
-1.311076 8.818489 58.405459
50.387524 8.818489 6.706859
50.387524 8.818489 58.405459
-1.046121 10.332224 6.441129
-1.046121 10.332224 58.139729
50.652479 10.332224 6.441129
50.652479 10.332224 58.139729
-1.901216 11.023434 7.485699
-1.901216 11.023434 59.184299
49.797384 11.023434 7.485699
49.797384 11.023434 59.184299
-5.342533 18.267183 18.267183
46.356067 18.267183 18.267183
-3.464065 18.579443 18.579443
48.234535 18.579443 18.579443
-2.891761 19.386975 19.386975
48.806839 19.386975 19.386975
-1.408011 19.386975 19.386975
50.290589 19.386975 19.386975
-1.046121 15.517076 19.408171
50.652479 15.517076 19.408171
-1.901216 14.825866 18.363601
49.797384 14.825866 18.363601
-6.552281 18.278816 25.162226
45.146319 18.278816 25.162226
-6.706859 17.030811 24.538224
44.991741 17.030811 24.538224
-6.441129 15.517076 24.803179
45.257471 15.517076 24.803179
-7.485699 14.825866 23.948084
44.212901 14.825866 23.948084
32.401581 7.570484 25.162226
32.401581 59.269084 25.162226
32.556159 8.818489 24.538224
32.290429 10.332224 24.803179
33.334999 11.023434 23.948084
32.401581 18.278816 0.687074
32.401581 18.278816 52.385674
32.556159 17.030811 1.311076
32.556159 17.030811 53.009676
32.290429 15.517076 1.046121
32.290429 15.517076 52.744721
33.334999 14.825866 1.901216
33.334999 14.825866 53.599816
-6.552281 7.570484 0.687074
-6.552281 7.570484 52.385674
-6.552281 59.269084 0.687074
-6.552281 59.269084 52.385674
45.146319 7.570484 0.687074
45.146319 7.570484 52.385674
45.146319 59.269084 0.687074
45.146319 59.269084 52.385674
-6.706859 8.818489 1.311076
-6.706859 8.818489 53.009676
44.991741 8.818489 1.311076
44.991741 8.818489 53.009676
-6.441129 10.332224 1.046121
-6.441129 10.332224 52.744721
45.257471 10.332224 1.046121
45.257471 10.332224 52.744721
-7.485699 11.023434 1.901216
-7.485699 11.023434 53.599816
44.212901 11.023434 1.901216
44.212901 11.023434 53.599816
-0.687074 19.297019 18.278816
51.011526 19.297019 18.278816
-1.311076 19.142441 17.030811
50.387524 19.142441 17.030811
-1.046121 19.408171 15.517076
50.652479 19.408171 15.517076
-1.901216 18.363601 14.825866
49.797384 18.363601 14.825866
-0.687074 6.552281 7.570484
-0.687074 6.552281 59.269084
-0.687074 58.250881 7.570484
-0.687074 58.250881 59.269084
51.011526 6.552281 7.570484
51.011526 6.552281 59.269084
51.011526 58.250881 7.570484
51.011526 58.250881 59.269084
-1.311076 6.706859 8.818489
-1.311076 58.405459 8.818489
50.387524 6.706859 8.818489
50.387524 58.405459 8.818489
-1.046121 6.441129 10.332224
-1.046121 58.139729 10.332224
50.652479 6.441129 10.332224
50.652479 58.139729 10.332224
-1.901216 7.485699 11.023434
-1.901216 59.184299 11.023434
49.797384 7.485699 11.023434
49.797384 59.184299 11.023434
26.536374 6.552281 18.278816
26.536374 58.250881 18.278816
27.160376 6.706859 17.030811
27.160376 58.405459 17.030811
26.895421 6.441129 15.517076
26.895421 58.139729 15.517076
27.750516 7.485699 14.825866
27.750516 59.184299 14.825866
26.536374 19.297019 7.570484
26.536374 19.297019 59.269084
27.160376 19.142441 8.818489
26.895421 19.408171 10.332224
27.750516 18.363601 11.023434
-7.570484 25.162226 19.297019
44.128116 25.162226 19.297019
42.880111 24.538224 19.142441
41.366376 24.803179 19.408171
40.675166 23.948084 18.363601
33.419784 25.162226 6.552281
33.419784 25.162226 58.250881
34.667789 24.538224 6.706859
34.667789 24.538224 58.405459
36.181524 24.803179 6.441129
36.181524 24.803179 58.139729
36.872734 23.948084 7.485699
36.872734 23.948084 59.184299
-7.570484 0.687074 6.552281
-7.570484 0.687074 58.250881
-7.570484 52.385674 6.552281
-7.570484 52.385674 58.250881
44.128116 0.687074 6.552281
44.128116 0.687074 58.250881
44.128116 52.385674 6.552281
44.128116 52.385674 58.250881
42.880111 1.311076 6.706859
42.880111 1.311076 58.405459
42.880111 53.009676 6.706859
42.880111 53.009676 58.405459
41.366376 1.046121 6.441129
41.366376 1.046121 58.139729
41.366376 52.744721 6.441129
41.366376 52.744721 58.139729
40.675166 1.901216 7.485699
40.675166 1.901216 59.184299
40.675166 53.599816 7.485699
40.675166 53.599816 59.184299
33.419784 0.687074 19.297019
33.419784 52.385674 19.297019
34.667789 1.311076 19.142441
34.667789 53.009676 19.142441
36.181524 1.046121 19.408171
36.181524 52.744721 19.408171
36.872734 1.901216 18.363601
36.872734 53.599816 18.363601
33.119157 20.194507 16.388715
32.311625 19.386975 15.816411
32.311625 19.386975 14.332661
32.401581 20.495134 13.611724
-7.269857 5.654793 16.388715
-7.269857 57.353393 16.388715
44.428743 5.654793 16.388715
44.428743 57.353393 16.388715
-6.462325 6.462325 15.816411
-6.462325 58.160925 15.816411
45.236275 6.462325 15.816411
45.236275 58.160925 15.816411
-6.462325 6.462325 14.332661
-6.462325 58.160925 14.332661
45.236275 6.462325 14.332661
45.236275 58.160925 14.332661
-6.552281 5.354166 13.611724
-6.552281 57.052766 13.611724
45.146319 5.354166 13.611724
45.146319 57.052766 13.611724
-7.269857 20.194507 9.460585
44.428743 20.194507 9.460585
-6.462325 19.386975 10.032889
45.236275 19.386975 10.032889
-6.462325 19.386975 11.516639
45.236275 19.386975 11.516639
-6.552281 20.495134 12.237576
45.146319 20.495134 12.237576
33.119157 5.654793 9.460585
33.119157 57.353393 9.460585
32.311625 6.462325 10.032889
32.311625 58.160925 10.032889
32.311625 6.462325 11.516639
32.311625 58.160925 11.516639
32.401581 5.354166 12.237576
32.401581 57.052766 12.237576
31.191833 20.506767 20.506767
29.313365 20.194507 20.194507
26.536374 19.476931 20.495134
27.160376 19.631509 21.743139
26.895421 19.365779 23.256874
27.750516 20.410349 23.948084
31.191833 5.342533 5.342533
31.191833 5.342533 57.041133
31.191833 57.041133 5.342533
31.191833 57.041133 57.041133
29.313365 5.654793 5.654793
29.313365 5.654793 57.353393
29.313365 57.353393 5.654793
29.313365 57.353393 57.353393
26.536374 6.372369 5.354166
26.536374 6.372369 57.052766
26.536374 58.070969 5.354166
26.536374 58.070969 57.052766
27.160376 6.217791 4.106161
27.160376 6.217791 55.804761
27.160376 57.916391 4.106161
27.160376 57.916391 55.804761
26.895421 6.483521 2.592426
26.895421 6.483521 54.291026
26.895421 58.182121 2.592426
26.895421 58.182121 54.291026
27.750516 5.438951 1.901216
27.750516 5.438951 53.599816
27.750516 57.137551 1.901216
27.750516 57.137551 53.599816
-5.342533 5.342533 20.506767
-5.342533 57.041133 20.506767
46.356067 5.342533 20.506767
46.356067 57.041133 20.506767
-3.464065 5.654793 20.194507
-3.464065 57.353393 20.194507
48.234535 5.654793 20.194507
48.234535 57.353393 20.194507
-0.687074 6.372369 20.495134
-0.687074 58.070969 20.495134
51.011526 6.372369 20.495134
51.011526 58.070969 20.495134
-1.311076 6.217791 21.743139
-1.311076 57.916391 21.743139
50.387524 6.217791 21.743139
50.387524 57.916391 21.743139
-1.046121 6.483521 23.256874
-1.046121 58.182121 23.256874
50.652479 6.483521 23.256874
50.652479 58.182121 23.256874
-1.901216 5.438951 23.948084
-1.901216 57.137551 23.948084
49.797384 5.438951 23.948084
49.797384 57.137551 23.948084
-5.342533 20.506767 5.342533
-5.342533 20.506767 57.041133
46.356067 20.506767 5.342533
46.356067 20.506767 57.041133
-3.464065 20.194507 5.654793
-3.464065 20.194507 57.353393
48.234535 20.194507 5.654793
48.234535 20.194507 57.353393
-0.687074 19.476931 5.354166
-0.687074 19.476931 57.052766
51.011526 19.476931 5.354166
51.011526 19.476931 57.052766
-1.311076 19.631509 4.106161
-1.311076 19.631509 55.804761
50.387524 19.631509 4.106161
50.387524 19.631509 55.804761
-1.046121 19.365779 2.592426
-1.046121 19.365779 54.291026
50.652479 19.365779 2.592426
50.652479 19.365779 54.291026
-1.901216 20.410349 1.901216
-1.901216 20.410349 53.599816
49.797384 20.410349 1.901216
49.797384 20.410349 53.599816
33.119157 16.388715 20.194507
32.311625 15.816411 19.386975
32.311625 14.332661 19.386975
33.419784 13.611724 19.476931
34.667789 14.235726 19.631509
36.181524 13.970771 19.365779
36.872734 14.825866 20.410349
-7.269857 16.388715 5.654793
-7.269857 16.388715 57.353393
44.428743 16.388715 5.654793
44.428743 16.388715 57.353393
-6.462325 15.816411 6.462325
-6.462325 15.816411 58.160925
45.236275 15.816411 6.462325
45.236275 15.816411 58.160925
-6.462325 14.332661 6.462325
-6.462325 14.332661 58.160925
45.236275 14.332661 6.462325
45.236275 14.332661 58.160925
-7.570484 13.611724 6.372369
-7.570484 13.611724 58.070969
44.128116 13.611724 6.372369
44.128116 13.611724 58.070969
42.880111 14.235726 6.217791
42.880111 14.235726 57.916391
41.366376 13.970771 6.483521
41.366376 13.970771 58.182121
40.675166 14.825866 5.438951
40.675166 14.825866 57.137551
33.119157 9.460585 5.654793
33.119157 9.460585 57.353393
32.311625 10.032889 6.462325
32.311625 10.032889 58.160925
32.311625 11.516639 6.462325
32.311625 11.516639 58.160925
33.419784 12.237576 6.372369
33.419784 12.237576 58.070969
34.667789 11.613574 6.217791
34.667789 11.613574 57.916391
36.181524 11.878529 6.483521
36.181524 11.878529 58.182121
36.872734 11.023434 5.438951
36.872734 11.023434 57.137551
-7.269857 9.460585 20.194507
44.428743 9.460585 20.194507
-6.462325 10.032889 19.386975
45.236275 10.032889 19.386975
-6.462325 11.516639 19.386975
45.236275 11.516639 19.386975
-7.570484 12.237576 19.476931
44.128116 12.237576 19.476931
42.880111 11.613574 19.631509
41.366376 11.878529 19.365779
40.675166 11.023434 20.410349
33.119157 20.194507 9.460585
32.311625 19.386975 10.032889
32.311625 19.386975 11.516639
-7.269857 5.654793 9.460585
-7.269857 57.353393 9.460585
44.428743 5.654793 9.460585
44.428743 57.353393 9.460585
-6.462325 6.462325 10.032889
-6.462325 58.160925 10.032889
45.236275 6.462325 10.032889
45.236275 58.160925 10.032889
-6.462325 6.462325 11.516639
-6.462325 58.160925 11.516639
45.236275 6.462325 11.516639
45.236275 58.160925 11.516639
33.119157 5.654793 16.388715
33.119157 57.353393 16.388715
32.311625 6.462325 15.816411
32.311625 58.160925 15.816411
32.311625 6.462325 14.332661
32.311625 58.160925 14.332661
-7.269857 20.194507 16.388715
44.428743 20.194507 16.388715
-6.462325 19.386975 15.816411
45.236275 19.386975 15.816411
-6.462325 19.386975 14.332661
45.236275 19.386975 14.332661
33.119157 16.388715 5.654793
33.119157 16.388715 57.353393
32.311625 15.816411 6.462325
32.311625 15.816411 58.160925
32.311625 14.332661 6.462325
32.311625 14.332661 58.160925
32.290429 13.970771 2.592426
32.290429 13.970771 54.291026
-7.269857 16.388715 20.194507
44.428743 16.388715 20.194507
-6.462325 15.816411 19.386975
45.236275 15.816411 19.386975
-6.462325 14.332661 19.386975
45.236275 14.332661 19.386975
-6.441129 13.970771 23.256874
45.257471 13.970771 23.256874
-7.269857 9.460585 5.654793
-7.269857 9.460585 57.353393
44.428743 9.460585 5.654793
44.428743 9.460585 57.353393
-6.462325 10.032889 6.462325
-6.462325 10.032889 58.160925
45.236275 10.032889 6.462325
45.236275 10.032889 58.160925
-6.462325 11.516639 6.462325
-6.462325 11.516639 58.160925
45.236275 11.516639 6.462325
45.236275 11.516639 58.160925
-6.441129 11.878529 2.592426
-6.441129 11.878529 54.291026
45.257471 11.878529 2.592426
45.257471 11.878529 54.291026
33.119157 9.460585 20.194507
32.311625 10.032889 19.386975
32.311625 11.516639 19.386975
32.290429 11.878529 23.256874
31.191833 20.506767 5.342533
31.191833 20.506767 57.041133
29.313365 20.194507 5.654793
29.313365 20.194507 57.353393
31.191833 5.342533 20.506767
31.191833 57.041133 20.506767
29.313365 5.654793 20.194507
29.313365 57.353393 20.194507
-5.342533 20.506767 20.506767
46.356067 20.506767 20.506767
-3.464065 20.194507 20.194507
48.234535 20.194507 20.194507
-5.342533 5.342533 5.342533
-5.342533 5.342533 57.041133
-5.342533 57.041133 5.342533
-5.342533 57.041133 57.041133
46.356067 5.342533 5.342533
46.356067 5.342533 57.041133
46.356067 57.041133 5.342533
46.356067 57.041133 57.041133
-3.464065 5.654793 5.654793
-3.464065 5.654793 57.353393
-3.464065 57.353393 5.654793
-3.464065 57.353393 57.353393
48.234535 5.654793 5.654793
48.234535 5.654793 57.353393
48.234535 57.353393 5.654793
48.234535 57.353393 57.353393
-6.552281 5.354166 12.237576
-6.552281 57.052766 12.237576
45.146319 5.354166 12.237576
45.146319 57.052766 12.237576
-6.706859 4.106161 11.613574
-6.706859 55.804761 11.613574
44.991741 4.106161 11.613574
44.991741 55.804761 11.613574
-6.441129 2.592426 11.878529
-6.441129 54.291026 11.878529
45.257471 2.592426 11.878529
45.257471 54.291026 11.878529
32.401581 20.495134 12.237576
32.556159 21.743139 11.613574
32.290429 23.256874 11.878529
32.401581 5.354166 13.611724
32.401581 57.052766 13.611724
32.556159 4.106161 14.235726
32.556159 55.804761 14.235726
32.290429 2.592426 13.970771
32.290429 54.291026 13.970771
-6.552281 20.495134 13.611724
45.146319 20.495134 13.611724
-6.706859 21.743139 14.235726
44.991741 21.743139 14.235726
-6.441129 23.256874 13.970771
45.257471 23.256874 13.970771
-0.687074 6.372369 5.354166
-0.687074 6.372369 57.052766
-0.687074 58.070969 5.354166
-0.687074 58.070969 57.052766
51.011526 6.372369 5.354166
51.011526 6.372369 57.052766
51.011526 58.070969 5.354166
51.011526 58.070969 57.052766
-0.687074 19.476931 20.495134
51.011526 19.476931 20.495134
26.536374 19.476931 5.354166
26.536374 19.476931 57.052766
26.536374 6.372369 20.495134
26.536374 58.070969 20.495134
-7.570484 12.237576 6.372369
-7.570484 12.237576 58.070969
44.128116 12.237576 6.372369
44.128116 12.237576 58.070969
33.419784 12.237576 19.476931
-7.570484 13.611724 19.476931
44.128116 13.611724 19.476931
33.419784 13.611724 6.372369
33.419784 13.611724 58.070969
41.366376 6.483521 13.970771
41.366376 58.182121 13.970771
40.675166 5.438951 14.825866
40.675166 57.137551 14.825866
36.181524 19.365779 13.970771
36.872734 20.410349 14.825866
41.366376 19.365779 11.878529
40.675166 20.410349 11.023434
36.181524 6.483521 11.878529
36.181524 58.182121 11.878529
36.872734 5.438951 11.023434
36.872734 57.137551 11.023434
-1.046121 2.592426 19.365779
-1.046121 54.291026 19.365779
50.652479 2.592426 19.365779
50.652479 54.291026 19.365779
-1.901216 1.901216 20.410349
-1.901216 53.599816 20.410349
49.797384 1.901216 20.410349
49.797384 53.599816 20.410349
-1.046121 23.256874 6.483521
-1.046121 23.256874 58.182121
50.652479 23.256874 6.483521
50.652479 23.256874 58.182121
-1.901216 23.948084 5.438951
-1.901216 23.948084 57.137551
49.797384 23.948084 5.438951
49.797384 23.948084 57.137551
26.895421 2.592426 6.483521
26.895421 2.592426 58.182121
26.895421 54.291026 6.483521
26.895421 54.291026 58.182121
27.750516 1.901216 5.438951
27.750516 1.901216 57.137551
27.750516 53.599816 5.438951
27.750516 53.599816 57.137551
26.895421 23.256874 19.365779
27.750516 23.948084 20.410349
-5.654793 7.269857 16.388715
-5.654793 58.968457 16.388715
46.043807 7.269857 16.388715
46.043807 58.968457 16.388715
-6.372369 7.570484 13.611724
-6.372369 59.269084 13.611724
45.326231 7.570484 13.611724
45.326231 59.269084 13.611724
-6.217791 8.818489 14.235726
45.480809 8.818489 14.235726
-6.483521 10.332224 13.970771
45.215079 10.332224 13.970771
-5.438951 11.023434 14.825866
46.259649 11.023434 14.825866
31.504093 18.579443 16.388715
32.221669 18.278816 13.611724
32.067091 17.030811 14.235726
32.332821 15.517076 13.970771
31.288251 14.825866 14.825866
31.504093 7.269857 9.460585
31.504093 58.968457 9.460585
32.221669 7.570484 12.237576
32.221669 59.269084 12.237576
32.067091 8.818489 11.613574
32.332821 10.332224 11.878529
31.288251 11.023434 11.023434
-5.654793 18.579443 9.460585
46.043807 18.579443 9.460585
-6.372369 18.278816 12.237576
45.326231 18.278816 12.237576
-6.217791 17.030811 11.613574
45.480809 17.030811 11.613574
-6.483521 15.517076 11.878529
45.215079 15.517076 11.878529
-5.438951 14.825866 11.023434
46.259649 14.825866 11.023434
42.238015 7.269857 20.194507
42.238015 58.968457 20.194507
41.665711 6.462325 19.386975
41.665711 58.160925 19.386975
40.181961 6.462325 19.386975
40.181961 58.160925 19.386975
39.461024 6.552281 20.495134
39.461024 58.250881 20.495134
42.238015 18.579443 5.654793
42.238015 18.579443 57.353393
41.665711 19.386975 6.462325
41.665711 19.386975 58.160925
40.181961 19.386975 6.462325
40.181961 19.386975 58.160925
39.461024 19.297019 5.354166
39.461024 19.297019 57.052766
35.309885 18.579443 20.194507
35.882189 19.386975 19.386975
37.365939 19.386975 19.386975
38.086876 19.297019 20.495134
35.309885 7.269857 5.654793
35.309885 7.269857 57.353393
35.309885 58.968457 5.654793
35.309885 58.968457 57.353393
35.882189 6.462325 6.462325
35.882189 6.462325 58.160925
35.882189 58.160925 6.462325
35.882189 58.160925 58.160925
37.365939 6.462325 6.462325
37.365939 6.462325 58.160925
37.365939 58.160925 6.462325
37.365939 58.160925 58.160925
38.086876 6.552281 5.354166
38.086876 6.552281 57.052766
38.086876 58.250881 5.354166
38.086876 58.250881 57.052766
-5.654793 3.464065 20.194507
-5.654793 55.162665 20.194507
46.043807 3.464065 20.194507
46.043807 55.162665 20.194507
-5.354166 0.687074 19.476931
-5.354166 52.385674 19.476931
46.344434 0.687074 19.476931
46.344434 52.385674 19.476931
-4.106161 1.311076 19.631509
-4.106161 53.009676 19.631509
47.592439 1.311076 19.631509
47.592439 53.009676 19.631509
-2.592426 1.046121 19.365779
-2.592426 52.744721 19.365779
49.106174 1.046121 19.365779
49.106174 52.744721 19.365779
31.504093 3.464065 5.654793
31.504093 3.464065 57.353393
31.504093 55.162665 5.654793
31.504093 55.162665 57.353393
31.203466 0.687074 6.372369
31.203466 0.687074 58.070969
31.203466 52.385674 6.372369
31.203466 52.385674 58.070969
29.955461 1.311076 6.217791
29.955461 1.311076 57.916391
29.955461 53.009676 6.217791
29.955461 53.009676 57.916391
28.441726 1.046121 6.483521
28.441726 1.046121 58.182121
28.441726 52.744721 6.483521
28.441726 52.744721 58.182121
-5.654793 22.385235 5.654793
-5.654793 22.385235 57.353393
46.043807 22.385235 5.654793
46.043807 22.385235 57.353393
-5.354166 25.162226 6.372369
-5.354166 25.162226 58.070969
46.344434 25.162226 6.372369
46.344434 25.162226 58.070969
-4.106161 24.538224 6.217791
-4.106161 24.538224 57.916391
47.592439 24.538224 6.217791
47.592439 24.538224 57.916391
-2.592426 24.803179 6.483521
-2.592426 24.803179 58.182121
49.106174 24.803179 6.483521
49.106174 24.803179 58.182121
31.504093 22.385235 20.194507
31.203466 25.162226 19.476931
29.955461 24.538224 19.631509
28.441726 24.803179 19.365779
-5.654793 7.269857 9.460585
-5.654793 58.968457 9.460585
46.043807 7.269857 9.460585
46.043807 58.968457 9.460585
-2.592426 6.441129 11.878529
-2.592426 58.139729 11.878529
49.106174 6.441129 11.878529
49.106174 58.139729 11.878529
31.504093 18.579443 9.460585
28.441726 19.408171 11.878529
-5.654793 18.579443 16.388715
46.043807 18.579443 16.388715
-2.592426 19.408171 13.970771
49.106174 19.408171 13.970771
31.504093 7.269857 16.388715
31.504093 58.968457 16.388715
28.441726 6.441129 13.970771
28.441726 58.139729 13.970771
-5.654793 3.464065 5.654793
-5.654793 3.464065 57.353393
-5.654793 55.162665 5.654793
-5.654793 55.162665 57.353393
46.043807 3.464065 5.654793
46.043807 3.464065 57.353393
46.043807 55.162665 5.654793
46.043807 55.162665 57.353393
31.504093 3.464065 20.194507
31.504093 55.162665 20.194507
31.504093 22.385235 5.654793
31.504093 22.385235 57.353393
-5.654793 22.385235 20.194507
46.043807 22.385235 20.194507
42.238015 7.269857 5.654793
42.238015 7.269857 57.353393
42.238015 58.968457 5.654793
42.238015 58.968457 57.353393
41.665711 6.462325 6.462325
41.665711 6.462325 58.160925
41.665711 58.160925 6.462325
41.665711 58.160925 58.160925
40.181961 6.462325 6.462325
40.181961 6.462325 58.160925
40.181961 58.160925 6.462325
40.181961 58.160925 58.160925
42.238015 18.579443 20.194507
41.665711 19.386975 19.386975
40.181961 19.386975 19.386975
35.309885 7.269857 20.194507
35.309885 58.968457 20.194507
35.882189 6.462325 19.386975
35.882189 58.160925 19.386975
37.365939 6.462325 19.386975
37.365939 58.160925 19.386975
35.309885 18.579443 5.654793
35.309885 18.579443 57.353393
35.882189 19.386975 6.462325
35.882189 19.386975 58.160925
37.365939 19.386975 6.462325
37.365939 19.386975 58.160925
32.221669 18.278816 12.237576
-6.372369 7.570484 12.237576
-6.372369 59.269084 12.237576
45.326231 7.570484 12.237576
45.326231 59.269084 12.237576
-6.372369 18.278816 13.611724
45.326231 18.278816 13.611724
32.221669 7.570484 13.611724
32.221669 59.269084 13.611724
38.086876 19.297019 5.354166
38.086876 19.297019 57.052766
37.462874 19.142441 4.106161
37.462874 19.142441 55.804761
37.727829 19.408171 2.592426
37.727829 19.408171 54.291026
38.086876 6.552281 20.495134
38.086876 58.250881 20.495134
37.462874 6.706859 21.743139
37.462874 58.405459 21.743139
37.727829 6.441129 23.256874
37.727829 58.139729 23.256874
39.461024 6.552281 5.354166
39.461024 6.552281 57.052766
39.461024 58.250881 5.354166
39.461024 58.250881 57.052766
40.085026 6.706859 4.106161
40.085026 6.706859 55.804761
40.085026 58.405459 4.106161
40.085026 58.405459 55.804761
39.820071 6.441129 2.592426
39.820071 6.441129 54.291026
39.820071 58.139729 2.592426
39.820071 58.139729 54.291026
39.461024 19.297019 20.495134
40.085026 19.142441 21.743139
39.820071 19.408171 23.256874
31.203466 25.162226 6.372369
31.203466 25.162226 58.070969
-5.354166 25.162226 19.476931
46.344434 25.162226 19.476931
31.203466 0.687074 19.476931
31.203466 52.385674 19.476931
-5.354166 0.687074 6.372369
-5.354166 0.687074 58.070969
-5.354166 52.385674 6.372369
-5.354166 52.385674 58.070969
46.344434 0.687074 6.372369
46.344434 0.687074 58.070969
46.344434 52.385674 6.372369
46.344434 52.385674 58.070969
32.332821 24.803179 23.256874
31.288251 23.948084 23.948084
-6.483521 24.803179 2.592426
-6.483521 24.803179 54.291026
45.215079 24.803179 2.592426
45.215079 24.803179 54.291026
-5.438951 23.948084 1.901216
-5.438951 23.948084 53.599816
46.259649 23.948084 1.901216
46.259649 23.948084 53.599816
-6.483521 1.046121 23.256874
-6.483521 52.744721 23.256874
45.215079 1.046121 23.256874
45.215079 52.744721 23.256874
-5.438951 1.901216 23.948084
-5.438951 53.599816 23.948084
46.259649 1.901216 23.948084
46.259649 53.599816 23.948084
32.332821 1.046121 2.592426
32.332821 1.046121 54.291026
32.332821 52.744721 2.592426
32.332821 52.744721 54.291026
31.288251 1.901216 1.901216
31.288251 1.901216 53.599816
31.288251 53.599816 1.901216
31.288251 53.599816 53.599816
37.727829 15.517076 19.365779
37.727829 10.332224 6.483521
37.727829 10.332224 58.182121
39.820071 15.517076 6.483521
39.820071 15.517076 58.182121
39.820071 10.332224 19.365779
-5.654793 20.194507 3.464065
-5.654793 20.194507 55.162665
46.043807 20.194507 3.464065
46.043807 20.194507 55.162665
-6.372369 20.495134 0.687074
-6.372369 20.495134 52.385674
45.326231 20.495134 0.687074
45.326231 20.495134 52.385674
-6.217791 21.743139 1.311076
-6.217791 21.743139 53.009676
45.480809 21.743139 1.311076
45.480809 21.743139 53.009676
-6.483521 23.256874 1.046121
-6.483521 23.256874 52.744721
45.215079 23.256874 1.046121
45.215079 23.256874 52.744721
31.504093 5.654793 3.464065
31.504093 5.654793 55.162665
31.504093 57.353393 3.464065
31.504093 57.353393 55.162665
32.221669 5.354166 0.687074
32.221669 5.354166 52.385674
32.221669 57.052766 0.687074
32.221669 57.052766 52.385674
32.067091 4.106161 1.311076
32.067091 4.106161 53.009676
32.067091 55.804761 1.311076
32.067091 55.804761 53.009676
32.332821 2.592426 1.046121
32.332821 2.592426 52.744721
32.332821 54.291026 1.046121
32.332821 54.291026 52.744721
31.504093 20.194507 22.385235
32.221669 20.495134 25.162226
32.067091 21.743139 24.538224
32.332821 23.256874 24.803179
-5.654793 5.654793 22.385235
-5.654793 57.353393 22.385235
46.043807 5.654793 22.385235
46.043807 57.353393 22.385235
-6.372369 5.354166 25.162226
-6.372369 57.052766 25.162226
45.326231 5.354166 25.162226
45.326231 57.052766 25.162226
-6.217791 4.106161 24.538224
-6.217791 55.804761 24.538224
45.480809 4.106161 24.538224
45.480809 55.804761 24.538224
-6.483521 2.592426 24.803179
-6.483521 54.291026 24.803179
45.215079 2.592426 24.803179
45.215079 54.291026 24.803179
42.238015 20.194507 7.269857
42.238015 20.194507 58.968457
39.461024 19.476931 7.570484
39.461024 19.476931 59.269084
40.085026 19.631509 8.818489
39.820071 19.365779 10.332224
42.238015 5.654793 18.579443
42.238015 57.353393 18.579443
39.461024 6.372369 18.278816
39.461024 58.070969 18.278816
40.085026 6.217791 17.030811
40.085026 57.916391 17.030811
39.820071 6.483521 15.517076
39.820071 58.182121 15.517076
35.309885 5.654793 7.269857
35.309885 5.654793 58.968457
35.309885 57.353393 7.269857
35.309885 57.353393 58.968457
38.086876 6.372369 7.570484
38.086876 6.372369 59.269084
38.086876 58.070969 7.570484
38.086876 58.070969 59.269084
37.462874 6.217791 8.818489
37.462874 57.916391 8.818489
37.727829 6.483521 10.332224
37.727829 58.182121 10.332224
35.309885 20.194507 18.579443
38.086876 19.476931 18.278816
37.462874 19.631509 17.030811
37.727829 19.365779 15.517076
-5.654793 16.388715 7.269857
-5.654793 16.388715 58.968457
46.043807 16.388715 7.269857
46.043807 16.388715 58.968457
-5.354166 13.611724 6.552281
-5.354166 13.611724 58.250881
46.344434 13.611724 6.552281
46.344434 13.611724 58.250881
31.504093 16.388715 18.579443
31.203466 13.611724 19.297019
-5.654793 9.460585 18.579443
46.043807 9.460585 18.579443
-5.354166 12.237576 19.297019
46.344434 12.237576 19.297019
31.504093 9.460585 7.269857
31.504093 9.460585 58.968457
31.203466 12.237576 6.552281
31.203466 12.237576 58.250881
-5.654793 20.194507 22.385235
46.043807 20.194507 22.385235
31.504093 5.654793 22.385235
31.504093 57.353393 22.385235
-5.654793 5.654793 3.464065
-5.654793 5.654793 55.162665
-5.654793 57.353393 3.464065
-5.654793 57.353393 55.162665
46.043807 5.654793 3.464065
46.043807 5.654793 55.162665
46.043807 57.353393 3.464065
46.043807 57.353393 55.162665
31.504093 20.194507 3.464065
31.504093 20.194507 55.162665
-5.654793 16.388715 18.579443
46.043807 16.388715 18.579443
31.504093 16.388715 7.269857
31.504093 16.388715 58.968457
31.504093 9.460585 18.579443
-5.654793 9.460585 7.269857
-5.654793 9.460585 58.968457
46.043807 9.460585 7.269857
46.043807 9.460585 58.968457
42.238015 20.194507 18.579443
39.820071 23.256874 19.408171
42.238015 5.654793 7.269857
42.238015 5.654793 58.968457
42.238015 57.353393 7.269857
42.238015 57.353393 58.968457
39.820071 2.592426 6.441129
39.820071 2.592426 58.139729
39.820071 54.291026 6.441129
39.820071 54.291026 58.139729
35.309885 20.194507 7.269857
35.309885 20.194507 58.968457
37.727829 23.256874 6.441129
37.727829 23.256874 58.139729
35.309885 5.654793 18.579443
35.309885 57.353393 18.579443
37.727829 2.592426 19.408171
37.727829 54.291026 19.408171
32.221669 5.354166 25.162226
32.221669 57.052766 25.162226
-6.372369 20.495134 25.162226
45.326231 20.495134 25.162226
-6.372369 5.354166 0.687074
-6.372369 5.354166 52.385674
-6.372369 57.052766 0.687074
-6.372369 57.052766 52.385674
45.326231 5.354166 0.687074
45.326231 5.354166 52.385674
45.326231 57.052766 0.687074
45.326231 57.052766 52.385674
32.221669 20.495134 0.687074
32.221669 20.495134 52.385674
38.086876 6.372369 18.278816
38.086876 58.070969 18.278816
38.086876 19.476931 7.570484
38.086876 19.476931 59.269084
39.461024 19.476931 18.278816
39.461024 6.372369 7.570484
39.461024 6.372369 59.269084
39.461024 58.070969 7.570484
39.461024 58.070969 59.269084
31.203466 12.237576 19.297019
29.955461 11.613574 19.142441
28.441726 11.878529 19.408171
-5.354166 12.237576 6.552281
-5.354166 12.237576 58.250881
46.344434 12.237576 6.552281
46.344434 12.237576 58.250881
-4.106161 11.613574 6.706859
-4.106161 11.613574 58.405459
47.592439 11.613574 6.706859
47.592439 11.613574 58.405459
-2.592426 11.878529 6.441129
-2.592426 11.878529 58.139729
49.106174 11.878529 6.441129
49.106174 11.878529 58.139729
31.203466 13.611724 6.552281
31.203466 13.611724 58.250881
29.955461 14.235726 6.706859
29.955461 14.235726 58.405459
28.441726 13.970771 6.441129
28.441726 13.970771 58.139729
-5.354166 13.611724 19.297019
46.344434 13.611724 19.297019
-4.106161 14.235726 19.142441
47.592439 14.235726 19.142441
-2.592426 13.970771 19.408171
49.106174 13.970771 19.408171
28.441726 6.483521 1.046121
28.441726 6.483521 52.744721
28.441726 58.182121 1.046121
28.441726 58.182121 52.744721
-2.592426 19.365779 1.046121
-2.592426 19.365779 52.744721
49.106174 19.365779 1.046121
49.106174 19.365779 52.744721
28.441726 19.365779 24.803179
-2.592426 6.483521 24.803179
-2.592426 58.182121 24.803179
49.106174 6.483521 24.803179
49.106174 58.182121 24.803179
32.332821 11.878529 10.332224
-6.483521 11.878529 15.517076
45.215079 11.878529 15.517076
-6.483521 13.970771 10.332224
45.215079 13.970771 10.332224
32.332821 13.970771 15.517076
39.892966 19.228519 4.510703
39.892966 19.228519 56.209303
37.654934 19.545431 8.413947
39.892966 6.303869 8.413947
39.892966 58.002469 8.413947
37.654934 6.620781 4.510703
37.654934 6.620781 56.209303
37.654934 58.319381 4.510703
37.654934 58.319381 56.209303
39.892966 19.545431 17.435353
37.654934 19.228519 21.338597
37.654934 6.303869 17.435353
37.654934 58.002469 17.435353
39.892966 6.620781 21.338597
39.892966 58.319381 21.338597
36.315682 6.644046 25.721346
36.315682 58.342646 25.721346
35.250949 6.440612 24.611636
35.250949 58.139212 24.611636
36.544706 5.584483 24.611636
36.544706 57.283083 24.611636
36.227277 7.939354 23.418690
37.393339 8.085920 24.468689
38.638500 6.569858 23.494170
38.638500 58.268458 23.494170
37.442453 5.567164 23.495721
37.442453 57.265764 23.495721
41.232218 19.205254 25.721346
42.296951 19.408688 24.611636
41.003194 20.264817 24.611636
41.320623 17.909946 23.418690
40.154561 17.763380 24.468689
38.909400 19.279442 23.494170
40.105447 20.282136 23.495721
40.098727 7.350507 15.246434
40.098727 59.049107 15.246434
38.902163 6.350139 15.312091
38.902163 58.048739 15.312091
40.230300 4.814432 14.264936
40.230300 56.513032 14.264936
41.276162 5.014506 15.426862
41.276162 56.713106 15.426862
41.789529 7.122775 14.532218
41.789529 58.821375 14.532218
42.018296 6.062953 13.422508
42.018296 57.761553 13.422508
40.724538 6.919082 13.422508
40.724538 58.617682 13.422508
37.449173 18.498793 15.246434
38.645737 19.499161 15.312091
37.317600 21.034868 14.264936
36.271738 20.834794 15.426862
35.758371 18.726525 14.532218
35.529604 19.786347 13.422508
36.823362 18.930218 13.422508
36.315682 6.280604 12.796696
36.315682 57.979204 12.796696
36.544706 7.340167 11.686986
36.544706 59.038767 11.686986
35.250949 6.484038 11.686986
35.250949 58.182638 11.686986
37.317600 4.814432 11.584364
37.317600 56.513032 11.584364
36.271738 5.014506 10.422438
36.271738 56.713106 10.422438
37.449173 7.350507 10.602866
37.449173 59.049107 10.602866
38.645737 6.350139 10.537209
38.645737 58.048739 10.537209
40.098727 18.498793 10.602866
38.902163 19.499161 10.537209
40.230300 21.034868 11.584364
41.276162 20.834794 10.422438
41.232218 19.568696 12.796696
41.003194 18.509133 11.686986
42.296951 19.365262 11.686986
-2.458268 6.644046 12.796696
-2.458268 58.342646 12.796696
49.240332 6.644046 12.796696
49.240332 58.342646 12.796696
-3.523001 6.440612 11.686986
-3.523001 58.139212 11.686986
48.175599 6.440612 11.686986
48.175599 58.139212 11.686986
-2.229244 5.584483 11.686986
-2.229244 57.283083 11.686986
49.469356 5.584483 11.686986
49.469356 57.283083 11.686986
-1.340286 8.110218 11.468300
50.358314 8.110218 11.468300
-2.502212 7.910144 10.422438
49.196388 7.910144 10.422438
-1.309784 5.554498 10.548841
-1.309784 57.253098 10.548841
50.388816 5.554498 10.548841
50.388816 57.253098 10.548841
-0.128213 6.574511 10.537209
-0.128213 58.273111 10.537209
51.570387 6.574511 10.537209
51.570387 58.273111 10.537209
-3.015579 20.047425 14.532218
48.683021 20.047425 14.532218
-1.950588 19.843732 13.422508
49.748012 19.843732 13.422508
-3.244346 18.987603 13.422508
48.454254 18.987603 13.422508
-1.340286 17.739082 14.381000
50.358314 17.739082 14.381000
-2.502212 17.939156 15.426862
49.196388 17.939156 15.426862
-1.309784 20.294802 15.300459
50.388816 20.294802 15.300459
-0.128213 19.274789 15.312091
51.570387 19.274789 15.312091
-3.015579 18.726525 1.607568
-3.015579 18.726525 53.306168
48.683021 18.726525 1.607568
48.683021 18.726525 53.306168
-3.244346 19.786347 0.497858
-3.244346 19.786347 52.196458
48.454254 19.786347 0.497858
48.454254 19.786347 52.196458
-1.950588 18.930218 0.497858
-1.950588 18.930218 52.196458
49.748012 18.930218 0.497858
49.748012 18.930218 52.196458
-2.430610 20.864004 2.546673
-2.430610 20.864004 54.245273
49.267990 20.864004 2.546673
49.267990 20.864004 54.245273
-1.380611 21.010570 1.380611
-1.380611 21.010570 53.079211
50.317989 21.010570 1.380611
50.317989 21.010570 53.079211
-0.120458 19.474863 2.409155
-0.120458 19.474863 54.107755
51.578142 19.474863 2.409155
51.578142 19.474863 54.107755
-1.331497 18.491814 2.353579
-1.331497 18.491814 54.052179
50.367103 18.491814 2.353579
50.367103 18.491814 54.052179
-1.119016 19.228519 8.413947
50.579584 19.228519 8.413947
-1.119016 6.303869 4.510703
-1.119016 6.303869 56.209303
-1.119016 58.002469 4.510703
-1.119016 58.002469 56.209303
50.579584 6.303869 4.510703
50.579584 6.303869 56.209303
50.579584 58.002469 4.510703
50.579584 58.002469 56.209303
-1.119016 6.620781 17.435353
-1.119016 58.319381 17.435353
50.579584 6.620781 17.435353
50.579584 58.319381 17.435353
-1.119016 19.545431 21.338597
50.579584 19.545431 21.338597
-0.120458 6.374437 23.440145
-0.120458 58.073037 23.440145
51.578142 6.374437 23.440145
51.578142 58.073037 23.440145
-1.331497 7.357486 23.495721
-1.331497 59.056086 23.495721
50.367103 7.357486 23.495721
50.367103 59.056086 23.495721
-2.430610 4.985296 23.302627
-2.430610 56.683896 23.302627
49.267990 4.985296 23.302627
49.267990 56.683896 23.302627
-1.380611 4.838730 24.468689
-1.380611 56.537330 24.468689
50.317989 4.838730 24.468689
50.317989 56.537330 24.468689
-2.458268 6.280604 25.721346
-2.458268 57.979204 25.721346
49.240332 6.280604 25.721346
49.240332 57.979204 25.721346
-2.229244 7.340167 24.611636
-2.229244 59.038767 24.611636
49.469356 7.340167 24.611636
49.469356 59.038767 24.611636
-3.523001 6.484038 24.611636
-3.523001 58.182638 24.611636
48.175599 6.484038 24.611636
48.175599 58.182638 24.611636
28.307568 19.568696 25.721346
28.078544 18.509133 24.611636
29.372301 19.365262 24.611636
28.279910 20.864004 23.302627
27.229911 21.010570 24.468689
25.969758 19.474863 23.440145
27.180797 18.491814 23.495721
26.968316 6.303869 21.338597
26.968316 58.002469 21.338597
26.968316 19.228519 17.435353
27.159084 5.554498 15.300459
27.159084 57.253098 15.300459
25.977513 6.574511 15.312091
25.977513 58.273111 15.312091
27.189586 8.110218 14.381000
28.351512 7.910144 15.426862
28.864879 5.801875 14.532218
28.864879 57.500475 14.532218
27.799888 6.005568 13.422508
27.799888 57.704168 13.422508
29.093646 6.861697 13.422508
29.093646 58.560297 13.422508
28.307568 19.205254 12.796696
29.372301 19.408688 11.686986
28.078544 20.264817 11.686986
27.189586 17.739082 11.468300
28.351512 17.939156 10.422438
27.159084 20.294802 10.548841
25.977513 19.274789 10.537209
26.968316 19.545431 4.510703
26.968316 19.545431 56.209303
26.968316 6.620781 8.413947
26.968316 58.319381 8.413947
25.969758 6.374437 2.409155
25.969758 6.374437 54.107755
25.969758 58.073037 2.409155
25.969758 58.073037 54.107755
27.180797 7.357486 2.353579
27.180797 7.357486 54.052179
27.180797 59.056086 2.353579
27.180797 59.056086 54.052179
28.279910 4.985296 2.546673
28.279910 4.985296 54.245273
28.279910 56.683896 2.546673
28.279910 56.683896 54.245273
27.229911 4.838730 1.380611
27.229911 4.838730 53.079211
27.229911 56.537330 1.380611
27.229911 56.537330 53.079211
28.864879 7.122775 1.607568
28.864879 7.122775 53.306168
28.864879 58.821375 1.607568
28.864879 58.821375 53.306168
29.093646 6.062953 0.497858
29.093646 6.062953 52.196458
29.093646 57.761553 0.497858
29.093646 57.761553 52.196458
27.799888 6.919082 0.497858
27.799888 6.919082 52.196458
27.799888 58.617682 0.497858
27.799888 58.617682 52.196458
38.638500 19.279442 2.355130
38.638500 19.279442 54.053730
37.442453 20.282136 2.353579
37.442453 20.282136 54.052179
36.227277 17.909946 2.430610
36.227277 17.909946 54.129210
37.393339 17.763380 1.380611
37.393339 17.763380 53.079211
35.758371 20.047425 1.607568
35.758371 20.047425 53.306168
36.823362 19.843732 0.497858
36.823362 19.843732 52.196458
35.529604 18.987603 0.497858
35.529604 18.987603 52.196458
41.789529 5.801875 1.607568
41.789529 5.801875 53.306168
41.789529 57.500475 1.607568
41.789529 57.500475 53.306168
40.724538 6.005568 0.497858
40.724538 6.005568 52.196458
40.724538 57.704168 0.497858
40.724538 57.704168 52.196458
42.018296 6.861697 0.497858
42.018296 6.861697 52.196458
42.018296 58.560297 0.497858
42.018296 58.560297 52.196458
41.320623 7.939354 2.430610
41.320623 7.939354 54.129210
40.154561 8.085920 1.380611
40.154561 8.085920 53.079211
38.909400 6.569858 2.355130
38.909400 6.569858 54.053730
38.909400 58.268458 2.355130
38.909400 58.268458 54.053730
40.105447 5.567164 2.353579
40.105447 5.567164 54.052179
40.105447 57.265764 2.353579
40.105447 57.265764 54.052179
32.972075 1.607568 3.015579
32.972075 1.607568 54.714179
32.972075 53.306168 3.015579
32.972075 53.306168 54.714179
31.912253 0.497858 3.244346
31.912253 0.497858 54.942946
31.912253 52.196458 3.244346
31.912253 52.196458 54.942946
32.768382 0.497858 1.950588
32.768382 0.497858 53.649188
32.768382 52.196458 1.950588
32.768382 52.196458 53.649188
30.663732 1.340286 1.456350
30.663732 1.340286 53.154950
30.663732 53.038886 1.456350
30.663732 53.038886 53.154950
30.863806 2.502212 2.502212
30.863806 2.502212 54.200812
30.863806 54.200812 2.502212
30.863806 54.200812 54.200812
33.199807 2.321784 1.324777
33.199807 2.321784 53.023377
33.199807 54.020384 1.324777
33.199807 54.020384 53.023377
32.199439 2.387441 0.128213
32.199439 2.387441 51.826813
32.199439 54.086041 0.128213
32.199439 54.086041 51.826813
-5.554498 10.548841 1.309784
-5.554498 10.548841 53.008384
46.144102 10.548841 1.309784
46.144102 10.548841 53.008384
-6.574511 10.537209 0.128213
-6.574511 10.537209 51.826813
45.124089 10.537209 0.128213
45.124089 10.537209 51.826813
43.588382 11.468300 1.340286
43.588382 11.468300 53.038886
43.788456 10.422438 2.502212
43.788456 10.422438 54.200812
-6.644046 12.796696 2.458268
-6.644046 12.796696 54.156868
45.054554 12.796696 2.458268
45.054554 12.796696 54.156868
-6.440612 11.686986 3.523001
-6.440612 11.686986 55.221601
45.257988 11.686986 3.523001
45.257988 11.686986 55.221601
-5.584483 11.686986 2.229244
-5.584483 11.686986 53.927844
46.114117 11.686986 2.229244
46.114117 11.686986 53.927844
31.651175 14.532218 3.015579
31.651175 14.532218 54.714179
31.854868 13.422508 1.950588
31.854868 13.422508 53.649188
32.710997 13.422508 3.244346
32.710997 13.422508 54.942946
33.959518 14.381000 1.340286
33.959518 14.381000 53.038886
33.759444 15.426862 2.502212
33.759444 15.426862 54.200812
31.403798 15.300459 1.309784
31.403798 15.300459 53.008384
32.423811 15.312091 0.128213
32.423811 15.312091 51.826813
32.153169 21.338597 1.119016
32.153169 21.338597 52.817616
32.470081 8.413947 1.119016
32.470081 8.413947 52.817616
-6.303869 4.510703 1.119016
-6.303869 4.510703 52.817616
-6.303869 56.209303 1.119016
-6.303869 56.209303 52.817616
45.394731 4.510703 1.119016
45.394731 4.510703 52.817616
45.394731 56.209303 1.119016
45.394731 56.209303 52.817616
-6.620781 17.435353 1.119016
-6.620781 17.435353 52.817616
45.077819 17.435353 1.119016
45.077819 17.435353 52.817616
-7.350507 23.527516 1.324777
-7.350507 23.527516 53.023377
44.348093 23.527516 1.324777
44.348093 23.527516 53.023377
-6.350139 23.461859 0.128213
-6.350139 23.461859 51.826813
45.348461 23.461859 0.128213
45.348461 23.461859 51.826813
-4.814432 24.509014 1.456350
-4.814432 24.509014 53.154950
46.884168 24.509014 1.456350
46.884168 24.509014 53.154950
-5.014506 23.347088 2.502212
-5.014506 23.347088 54.200812
46.684094 23.347088 2.502212
46.684094 23.347088 54.200812
-6.280604 25.721346 2.458268
-6.280604 25.721346 54.156868
45.417996 25.721346 2.458268
45.417996 25.721346 54.156868
-7.340167 24.611636 2.229244
-7.340167 24.611636 53.927844
44.358433 24.611636 2.229244
44.358433 24.611636 53.927844
-6.484038 24.611636 3.523001
-6.484038 24.611636 55.221601
45.214562 24.611636 3.523001
45.214562 24.611636 55.221601
32.493346 25.721346 10.466382
32.289912 24.611636 9.401649
31.433783 24.611636 10.695406
33.788654 23.418690 10.377977
33.935220 24.468689 11.544039
32.419158 23.494170 12.789200
31.416464 23.495721 11.593153
32.470081 21.338597 14.043666
-6.303869 17.435353 14.043666
45.394731 17.435353 14.043666
32.153169 17.435353 11.805634
-6.569858 23.494170 13.060100
45.128742 23.494170 13.060100
-5.567164 23.495721 14.256147
46.131436 23.495721 14.256147
43.759246 23.418690 15.471323
43.612680 24.468689 14.305261
-6.644046 25.721346 15.382918
45.054554 25.721346 15.382918
-6.440612 24.611636 16.447651
45.257988 24.611636 16.447651
-5.584483 24.611636 15.153894
46.114117 24.611636 15.153894
32.129904 25.721346 23.391032
33.189467 24.611636 23.620056
32.333338 24.611636 22.326299
30.663732 24.509014 24.392950
30.863806 23.347088 23.347088
33.199807 23.527516 24.524523
32.199439 23.461859 25.721087
-6.303869 21.338597 24.730284
45.394731 21.338597 24.730284
-5.554498 15.300459 24.539516
46.144102 15.300459 24.539516
-6.574511 15.312091 25.721087
45.124089 15.312091 25.721087
43.588382 14.381000 24.509014
43.788456 15.426862 23.347088
-5.801875 14.532218 22.833721
45.896725 14.532218 22.833721
-6.005568 13.422508 23.898712
45.693032 13.422508 23.898712
-6.861697 13.422508 22.604954
44.836903 13.422508 22.604954
32.493346 12.796696 23.391032
32.289912 11.686986 22.326299
31.433783 11.686986 23.620056
33.959518 11.468300 24.509014
33.759444 10.422438 23.347088
31.403798 10.548841 24.539516
32.423811 10.537209 25.721087
-6.620781 8.413947 24.730284
45.077819 8.413947 24.730284
32.153169 4.510703 24.730284
32.153169 56.209303 24.730284
30.360003 14.043666 19.228519
34.239724 11.762465 19.543622
32.223737 15.333805 13.045108
33.206786 15.278229 14.256147
30.834596 15.471323 15.355260
30.688030 14.305261 14.305261
32.972075 14.532218 15.940229
31.912253 13.422508 16.168996
32.768382 13.422508 14.875238
-6.374437 15.333805 12.804192
45.324163 15.333805 12.804192
-7.357486 15.278229 11.593153
44.341114 15.278229 11.593153
-4.985296 15.471323 10.494040
46.713304 15.471323 10.494040
-4.838730 14.305261 11.544039
46.859870 14.305261 11.544039
-7.122775 14.532218 9.909071
44.575825 14.532218 9.909071
-6.062953 13.422508 9.680304
45.635647 13.422508 9.680304
-6.919082 13.422508 10.974062
44.779518 13.422508 10.974062
32.129904 12.796696 10.466382
33.189467 11.686986 10.695406
32.333338 11.686986 9.401649
30.834596 10.377977 10.494040
30.688030 11.544039 11.544039
32.223737 10.515495 12.804192
33.206786 10.571071 11.593153
-6.374437 10.515495 13.045108
45.324163 10.515495 13.045108
-7.357486 10.571071 14.256147
44.341114 10.571071 14.256147
-4.985296 10.377977 15.355260
46.713304 10.377977 15.355260
-4.838730 11.544039 14.305261
46.859870 11.544039 14.305261
-6.280604 12.796696 15.382918
45.417996 12.796696 15.382918
-7.340167 11.686986 15.153894
44.358433 11.686986 15.153894
-6.484038 11.686986 16.447651
45.214562 11.686986 16.447651
32.419158 2.355130 13.060100
32.419158 54.053730 13.060100
31.416464 2.353579 14.256147
31.416464 54.052179 14.256147
33.788654 2.430610 15.471323
33.788654 54.129210 15.471323
33.935220 1.380611 14.305261
33.935220 53.079211 14.305261
31.651175 1.607568 15.940229
31.651175 53.306168 15.940229
31.854868 0.497858 14.875238
31.854868 52.196458 14.875238
32.710997 0.497858 16.168996
32.710997 52.196458 16.168996
-6.569858 2.355130 12.789200
-6.569858 54.053730 12.789200
45.128742 2.355130 12.789200
45.128742 54.053730 12.789200
-5.567164 2.353579 11.593153
-5.567164 54.052179 11.593153
46.131436 2.353579 11.593153
46.131436 54.052179 11.593153
43.759246 2.430610 10.377977
43.759246 54.129210 10.377977
43.612680 1.380611 11.544039
43.612680 53.079211 11.544039
-5.801875 1.607568 9.909071
-5.801875 53.306168 9.909071
45.896725 1.607568 9.909071
45.896725 53.306168 9.909071
-6.005568 0.497858 10.974062
-6.005568 52.196458 10.974062
45.693032 0.497858 10.974062
45.693032 52.196458 10.974062
-6.861697 0.497858 9.680304
-6.861697 52.196458 9.680304
44.836903 0.497858 9.680304
44.836903 52.196458 9.680304
32.470081 17.435353 24.730284
37.647696 3.534116 19.310203
37.647696 55.232716 19.310203
37.435215 2.338328 20.275415
37.435215 54.036928 20.275415
38.635656 2.338328 19.292884
38.635656 54.036928 19.292884
37.317600 1.340286 17.739082
37.317600 53.038886 17.739082
36.271738 2.502212 17.939156
36.271738 54.200812 17.939156
36.398141 1.309784 20.294802
36.398141 53.008384 20.294802
36.386509 0.128213 19.274789
36.386509 51.826813 19.274789
28.171084 1.324777 7.350507
28.171084 1.324777 59.049107
28.171084 53.023377 7.350507
28.171084 53.023377 59.049107
28.236741 0.128213 6.350139
28.236741 0.128213 58.048739
28.236741 51.826813 6.350139
28.236741 51.826813 58.048739
27.189586 1.456350 4.814432
27.189586 1.456350 56.513032
27.189586 53.154950 4.814432
27.189586 53.154950 56.513032
28.351512 2.502212 5.014506
28.351512 2.502212 56.713106
28.351512 54.200812 5.014506
28.351512 54.200812 56.713106
26.975554 3.534116 6.385553
26.975554 3.534116 58.084153
26.975554 55.232716 6.385553
26.975554 55.232716 58.084153
25.987594 2.338328 6.368234
25.987594 2.338328 58.066834
25.987594 54.036928 6.368234
25.987594 54.036928 58.066834
27.188035 2.338328 7.350765
27.188035 2.338328 59.049365
27.188035 54.036928 7.350765
27.188035 54.036928 59.049365
26.458310 10.984919 19.942218
26.246087 9.789130 18.977005
27.446528 9.789130 19.959537
28.279910 10.377977 17.909946
27.229911 11.544039 17.763380
28.204430 12.789200 19.279442
28.202879 11.593153 20.282136
28.204430 13.060100 6.569858
28.204430 13.060100 58.268458
28.202879 14.256147 5.567164
28.202879 14.256147 57.265764
28.279910 15.471323 7.939354
27.229911 14.305261 8.085920
26.975554 16.458766 6.539097
26.975554 16.458766 58.237697
27.188035 15.262978 5.573885
27.188035 15.262978 57.272485
25.987594 15.262978 6.556416
25.987594 15.262978 58.255016
26.458310 23.909569 18.831732
27.446528 22.713780 18.814413
26.246087 22.713780 19.796945
27.189586 24.392950 21.034868
28.351512 23.347088 20.834794
28.171084 24.524523 18.498793
28.236741 25.721087 19.499161
36.398141 24.539516 5.554498
36.398141 24.539516 57.253098
36.386509 25.721087 6.574511
36.386509 25.721087 58.273111
37.317600 24.509014 8.110218
36.271738 23.347088 7.910144
38.164940 23.909569 5.907082
38.164940 23.909569 57.605682
38.377163 22.713780 6.872295
38.377163 22.713780 58.570895
37.176722 22.713780 5.889763
37.176722 22.713780 57.588363
39.382960 23.909569 19.942218
39.170737 22.713780 18.977005
40.371178 22.713780 19.959537
40.230300 24.509014 17.739082
41.276162 23.347088 17.939156
41.149759 24.539516 20.294802
41.161391 25.721087 19.274789
-2.321784 24.524523 7.350507
-2.321784 24.524523 59.049107
49.376816 24.524523 7.350507
49.376816 24.524523 59.049107
-2.387441 25.721087 6.350139
-2.387441 25.721087 58.048739
49.311159 25.721087 6.350139
49.311159 25.721087 58.048739
-1.340286 24.392950 4.814432
-1.340286 24.392950 56.513032
50.358314 24.392950 4.814432
50.358314 24.392950 56.513032
-2.502212 23.347088 5.014506
-2.502212 23.347088 56.713106
49.196388 23.347088 5.014506
49.196388 23.347088 56.713106
-0.609010 23.909569 7.017568
-0.609010 23.909569 58.716168
51.089590 23.909569 7.017568
51.089590 23.909569 58.716168
-1.597228 22.713780 7.034887
-1.597228 22.713780 58.733487
50.101372 22.713780 7.034887
50.101372 22.713780 58.733487
-0.396787 22.713780 6.052355
-0.396787 22.713780 57.750955
51.301813 22.713780 6.052355
51.301813 22.713780 57.750955
-1.126254 16.458766 19.310203
50.572346 16.458766 19.310203
-1.338735 15.262978 20.275415
50.359865 15.262978 20.275415
-0.138294 15.262978 19.292884
51.560306 15.262978 19.292884
-2.430610 15.471323 17.909946
49.267990 15.471323 17.909946
-1.380611 14.305261 17.763380
50.317989 14.305261 17.763380
-2.355130 13.060100 19.279442
49.343470 13.060100 19.279442
-2.353579 14.256147 20.282136
49.345021 14.256147 20.282136
-2.355130 12.789200 6.569858
-2.355130 12.789200 58.268458
49.343470 12.789200 6.569858
49.343470 12.789200 58.268458
-2.353579 11.593153 5.567164
-2.353579 11.593153 57.265764
49.345021 11.593153 5.567164
49.345021 11.593153 57.265764
-2.430610 10.377977 7.939354
49.267990 10.377977 7.939354
-1.380611 11.544039 8.085920
50.317989 11.544039 8.085920
-0.120458 10.515495 6.550213
-0.120458 10.515495 58.248813
51.578142 10.515495 6.550213
51.578142 10.515495 58.248813
-1.331497 10.571071 5.567164
-1.331497 10.571071 57.265764
50.367103 10.571071 5.567164
50.367103 10.571071 57.265764
-1.126254 3.534116 19.463747
-1.126254 55.232716 19.463747
50.572346 3.534116 19.463747
50.572346 55.232716 19.463747
-0.138294 2.338328 19.481066
-0.138294 54.036928 19.481066
51.560306 2.338328 19.481066
51.560306 54.036928 19.481066
-1.338735 2.338328 18.498535
-1.338735 54.036928 18.498535
50.359865 2.338328 18.498535
50.359865 54.036928 18.498535
-1.340286 1.456350 21.034868
-1.340286 53.154950 21.034868
50.358314 1.456350 21.034868
50.358314 53.154950 21.034868
-2.502212 2.502212 20.834794
-2.502212 54.200812 20.834794
49.196388 2.502212 20.834794
49.196388 54.200812 20.834794
-2.321784 1.324777 18.498793
-2.321784 53.023377 18.498793
49.376816 1.324777 18.498793
49.376816 53.023377 18.498793
-2.387441 0.128213 19.499161
-2.387441 51.826813 19.499161
49.311159 0.128213 19.499161
49.311159 51.826813 19.499161
41.149759 1.309784 5.554498
41.149759 1.309784 57.253098
41.149759 53.008384 5.554498
41.149759 53.008384 57.253098
41.161391 0.128213 6.574511
41.161391 0.128213 58.273111
41.161391 51.826813 6.574511
41.161391 51.826813 58.273111
40.230300 1.340286 8.110218
40.230300 53.038886 8.110218
41.276162 2.502212 7.910144
41.276162 54.200812 7.910144
39.900204 3.534116 6.539097
39.900204 3.534116 58.237697
39.900204 55.232716 6.539097
39.900204 55.232716 58.237697
40.112685 2.338328 5.573885
40.112685 2.338328 57.272485
40.112685 54.036928 5.573885
40.112685 54.036928 57.272485
38.912244 2.338328 6.556416
38.912244 2.338328 58.255016
38.912244 54.036928 6.556416
38.912244 54.036928 58.255016
39.382960 10.984919 18.831732
40.371178 9.789130 18.814413
39.170737 9.789130 19.796945
41.320623 10.494040 20.864004
40.154561 11.544039 21.010570
41.183105 12.804192 19.474863
41.127529 11.593153 18.491814
41.183105 13.045108 6.374437
41.183105 13.045108 58.073037
41.127529 14.256147 7.357486
41.127529 14.256147 59.056086
41.320623 15.355260 4.985296
41.320623 15.355260 56.683896
40.154561 14.305261 4.838730
40.154561 14.305261 56.537330
39.900204 16.458766 6.385553
39.900204 16.458766 58.084153
38.912244 15.262978 6.368234
38.912244 15.262978 58.066834
40.112685 15.262978 7.350765
40.112685 15.262978 59.049365
37.647696 16.458766 19.463747
38.635656 15.262978 19.481066
37.435215 15.262978 18.498535
36.227277 15.355260 20.864004
37.393339 14.305261 21.010570
36.364795 13.045108 19.474863
36.420371 14.256147 18.491814
36.364795 12.804192 6.374437
36.364795 12.804192 58.073037
36.420371 11.593153 7.357486
36.420371 11.593153 59.056086
36.227277 10.494040 4.985296
36.227277 10.494040 56.683896
37.393339 11.544039 4.838730
37.393339 11.544039 56.537330
38.164940 10.984919 7.017568
38.164940 10.984919 58.716168
37.176722 9.789130 7.034887
37.176722 9.789130 58.733487
38.377163 9.789130 6.052355
38.377163 9.789130 57.750955
30.360003 1.119016 19.545431
30.360003 52.817616 19.545431
34.263247 1.119016 6.620781
34.263247 1.119016 58.319381
34.263247 52.817616 6.620781
34.263247 52.817616 58.319381
-4.510703 1.119016 6.303869
-4.510703 1.119016 58.002469
-4.510703 52.817616 6.303869
-4.510703 52.817616 58.002469
47.187897 1.119016 6.303869
47.187897 1.119016 58.002469
47.187897 52.817616 6.303869
47.187897 52.817616 58.002469
43.284653 1.119016 19.228519
43.284653 52.817616 19.228519
-4.510703 24.730284 19.545431
47.187897 24.730284 19.545431
43.284653 24.730284 6.620781
43.284653 24.730284 58.319381
34.263247 24.730284 19.228519
30.360003 24.730284 6.303869
30.360003 24.730284 58.002469
-4.510703 14.043666 6.620781
-4.510703 14.043666 58.319381
47.187897 14.043666 6.620781
47.187897 14.043666 58.319381
43.308176 11.762465 6.305678
43.308176 11.762465 58.004278
43.308176 14.086835 19.543622
-4.510703 11.805634 19.228519
47.187897 11.805634 19.228519
30.360003 11.805634 6.620781
30.360003 11.805634 58.319381
34.239724 14.086835 6.305678
34.239724 14.086835 58.004278
-6.303869 8.413947 11.805634
45.394731 8.413947 11.805634
-6.620781 4.510703 14.043666
-6.620781 56.209303 14.043666
45.077819 4.510703 14.043666
45.077819 56.209303 14.043666
-6.620781 21.338597 11.805634
45.077819 21.338597 11.805634
32.153169 8.413947 14.043666
32.470081 4.510703 11.805634
32.470081 56.209303 11.805634
-7.350507 2.321784 24.524523
-7.350507 54.020384 24.524523
44.348093 2.321784 24.524523
44.348093 54.020384 24.524523
-6.350139 2.387441 25.721087
-6.350139 54.086041 25.721087
45.348461 2.387441 25.721087
45.348461 54.086041 25.721087
-4.814432 1.340286 24.392950
-4.814432 53.038886 24.392950
46.884168 1.340286 24.392950
46.884168 53.038886 24.392950
-5.014506 2.502212 23.347088
-5.014506 54.200812 23.347088
46.684094 2.502212 23.347088
46.684094 54.200812 23.347088
-7.122775 1.607568 22.833721
-7.122775 53.306168 22.833721
44.575825 1.607568 22.833721
44.575825 53.306168 22.833721
-6.062953 0.497858 22.604954
-6.062953 52.196458 22.604954
45.635647 0.497858 22.604954
45.635647 52.196458 22.604954
-6.919082 0.497858 23.898712
-6.919082 52.196458 23.898712
44.779518 0.497858 23.898712
44.779518 52.196458 23.898712
33.431417 7.582117 31.191833
33.431417 59.280717 31.191833
32.311625 6.462325 32.311625
32.311625 58.160925 32.311625
33.119157 7.269857 29.313365
33.119157 58.968457 29.313365
32.311625 6.462325 28.741061
32.311625 58.160925 28.741061
32.311625 6.462325 27.257311
32.311625 58.160925 27.257311
32.401581 7.570484 26.536374
32.401581 59.269084 26.536374
-7.582117 18.267183 31.191833
44.116483 18.267183 31.191833
-6.462325 19.386975 32.311625
45.236275 19.386975 32.311625
-7.269857 18.579443 29.313365
44.428743 18.579443 29.313365
-6.462325 19.386975 28.741061
45.236275 19.386975 28.741061
-6.462325 19.386975 27.257311
45.236275 19.386975 27.257311
-6.552281 18.278816 26.536374
45.146319 18.278816 26.536374
-7.582117 7.582117 -5.342533
-7.582117 7.582117 46.356067
-7.582117 59.280717 -5.342533
-7.582117 59.280717 46.356067
44.116483 7.582117 -5.342533
44.116483 7.582117 46.356067
44.116483 59.280717 -5.342533
44.116483 59.280717 46.356067
-6.462325 6.462325 -6.462325
-6.462325 6.462325 45.236275
-6.462325 58.160925 -6.462325
-6.462325 58.160925 45.236275
45.236275 6.462325 -6.462325
45.236275 6.462325 45.236275
45.236275 58.160925 -6.462325
45.236275 58.160925 45.236275
-7.269857 7.269857 -3.464065
-7.269857 7.269857 48.234535
-7.269857 58.968457 -3.464065
-7.269857 58.968457 48.234535
44.428743 7.269857 -3.464065
44.428743 7.269857 48.234535
44.428743 58.968457 -3.464065
44.428743 58.968457 48.234535
-6.462325 6.462325 -2.891761
-6.462325 6.462325 48.806839
-6.462325 58.160925 -2.891761
-6.462325 58.160925 48.806839
45.236275 6.462325 -2.891761
45.236275 6.462325 48.806839
45.236275 58.160925 -2.891761
45.236275 58.160925 48.806839
-6.462325 6.462325 -1.408011
-6.462325 6.462325 50.290589
-6.462325 58.160925 -1.408011
-6.462325 58.160925 50.290589
45.236275 6.462325 -1.408011
45.236275 6.462325 50.290589
45.236275 58.160925 -1.408011
45.236275 58.160925 50.290589
-6.552281 7.570484 -0.687074
-6.552281 7.570484 51.011526
-6.552281 59.269084 -0.687074
-6.552281 59.269084 51.011526
45.146319 7.570484 -0.687074
45.146319 7.570484 51.011526
45.146319 59.269084 -0.687074
45.146319 59.269084 51.011526
33.431417 18.267183 -5.342533
33.431417 18.267183 46.356067
32.311625 19.386975 -6.462325
32.311625 19.386975 45.236275
33.119157 18.579443 -3.464065
33.119157 18.579443 48.234535
32.311625 19.386975 -2.891761
32.311625 19.386975 48.806839
32.311625 19.386975 -1.408011
32.311625 19.386975 50.290589
32.401581 18.278816 -0.687074
32.401581 18.278816 51.011526
31.191833 7.582117 33.431417
31.191833 59.280717 33.431417
29.313365 7.269857 33.119157
29.313365 58.968457 33.119157
28.741061 6.462325 32.311625
28.741061 58.160925 32.311625
27.257311 6.462325 32.311625
27.257311 58.160925 32.311625
26.536374 6.552281 33.419784
26.536374 58.250881 33.419784
31.191833 18.267183 -7.582117
31.191833 18.267183 44.116483
29.313365 18.579443 -7.269857
29.313365 18.579443 44.428743
28.741061 19.386975 -6.462325
28.741061 19.386975 45.236275
27.257311 19.386975 -6.462325
27.257311 19.386975 45.236275
26.536374 19.297019 -7.570484
26.536374 19.297019 44.128116
-5.342533 18.267183 33.431417
46.356067 18.267183 33.431417
-3.464065 18.579443 33.119157
48.234535 18.579443 33.119157
-2.891761 19.386975 32.311625
48.806839 19.386975 32.311625
-1.408011 19.386975 32.311625
50.290589 19.386975 32.311625
-0.687074 19.297019 33.419784
51.011526 19.297019 33.419784
-5.342533 7.582117 -7.582117
-5.342533 7.582117 44.116483
-5.342533 59.280717 -7.582117
-5.342533 59.280717 44.116483
46.356067 7.582117 -7.582117
46.356067 7.582117 44.116483
46.356067 59.280717 -7.582117
46.356067 59.280717 44.116483
-3.464065 7.269857 -7.269857
-3.464065 7.269857 44.428743
-3.464065 58.968457 -7.269857
-3.464065 58.968457 44.428743
48.234535 7.269857 -7.269857
48.234535 7.269857 44.428743
48.234535 58.968457 -7.269857
48.234535 58.968457 44.428743
-2.891761 6.462325 -6.462325
-2.891761 6.462325 45.236275
-2.891761 58.160925 -6.462325
-2.891761 58.160925 45.236275
48.806839 6.462325 -6.462325
48.806839 6.462325 45.236275
48.806839 58.160925 -6.462325
48.806839 58.160925 45.236275
-1.408011 6.462325 -6.462325
-1.408011 6.462325 45.236275
-1.408011 58.160925 -6.462325
-1.408011 58.160925 45.236275
50.290589 6.462325 -6.462325
50.290589 6.462325 45.236275
50.290589 58.160925 -6.462325
50.290589 58.160925 45.236275
-0.687074 6.552281 -7.570484
-0.687074 6.552281 44.128116
-0.687074 58.250881 -7.570484
-0.687074 58.250881 44.128116
51.011526 6.552281 -7.570484
51.011526 6.552281 44.128116
51.011526 58.250881 -7.570484
51.011526 58.250881 44.128116
33.431417 5.342533 33.431417
33.431417 57.041133 33.431417
33.119157 3.464065 33.119157
33.119157 55.162665 33.119157
32.311625 2.891761 32.311625
32.311625 54.590361 32.311625
32.311625 1.408011 32.311625
32.311625 53.106611 32.311625
33.419784 0.687074 32.401581
33.419784 52.385674 32.401581
-7.582117 5.342533 -7.582117
-7.582117 5.342533 44.116483
-7.582117 57.041133 -7.582117
-7.582117 57.041133 44.116483
44.116483 5.342533 -7.582117
44.116483 5.342533 44.116483
44.116483 57.041133 -7.582117
44.116483 57.041133 44.116483
-7.269857 3.464065 -7.269857
-7.269857 3.464065 44.428743
-7.269857 55.162665 -7.269857
-7.269857 55.162665 44.428743
44.428743 3.464065 -7.269857
44.428743 3.464065 44.428743
44.428743 55.162665 -7.269857
44.428743 55.162665 44.428743
-6.462325 2.891761 -6.462325
-6.462325 2.891761 45.236275
-6.462325 54.590361 -6.462325
-6.462325 54.590361 45.236275
45.236275 2.891761 -6.462325
45.236275 2.891761 45.236275
45.236275 54.590361 -6.462325
45.236275 54.590361 45.236275
-6.462325 1.408011 -6.462325
-6.462325 1.408011 45.236275
-6.462325 53.106611 -6.462325
-6.462325 53.106611 45.236275
45.236275 1.408011 -6.462325
45.236275 1.408011 45.236275
45.236275 53.106611 -6.462325
45.236275 53.106611 45.236275
-7.570484 0.687074 -6.552281
-7.570484 0.687074 45.146319
-7.570484 52.385674 -6.552281
-7.570484 52.385674 45.146319
44.128116 0.687074 -6.552281
44.128116 0.687074 45.146319
44.128116 52.385674 -6.552281
44.128116 52.385674 45.146319
33.431417 20.506767 -7.582117
33.431417 20.506767 44.116483
33.119157 22.385235 -7.269857
33.119157 22.385235 44.428743
32.311625 22.957539 -6.462325
32.311625 22.957539 45.236275
32.311625 24.441289 -6.462325
32.311625 24.441289 45.236275
33.419784 25.162226 -6.552281
33.419784 25.162226 45.146319
-7.582117 20.506767 33.431417
44.116483 20.506767 33.431417
-7.269857 22.385235 33.119157
44.428743 22.385235 33.119157
-6.462325 22.957539 32.311625
45.236275 22.957539 32.311625
-6.462325 24.441289 32.311625
45.236275 24.441289 32.311625
-7.570484 25.162226 32.401581
44.128116 25.162226 32.401581
33.431417 7.582117 -5.342533
33.431417 7.582117 46.356067
33.431417 59.280717 -5.342533
33.431417 59.280717 46.356067
32.311625 6.462325 -6.462325
32.311625 6.462325 45.236275
32.311625 58.160925 -6.462325
32.311625 58.160925 45.236275
33.119157 7.269857 -3.464065
33.119157 7.269857 48.234535
33.119157 58.968457 -3.464065
33.119157 58.968457 48.234535
32.311625 6.462325 -2.891761
32.311625 6.462325 48.806839
32.311625 58.160925 -2.891761
32.311625 58.160925 48.806839
32.311625 6.462325 -1.408011
32.311625 6.462325 50.290589
32.311625 58.160925 -1.408011
32.311625 58.160925 50.290589
36.181524 6.441129 -1.046121
36.181524 6.441129 50.652479
36.181524 58.139729 -1.046121
36.181524 58.139729 50.652479
36.872734 7.485699 -1.901216
36.872734 7.485699 49.797384
36.872734 59.184299 -1.901216
36.872734 59.184299 49.797384
-7.582117 18.267183 -5.342533
-7.582117 18.267183 46.356067
44.116483 18.267183 -5.342533
44.116483 18.267183 46.356067
-6.462325 19.386975 -6.462325
-6.462325 19.386975 45.236275
45.236275 19.386975 -6.462325
45.236275 19.386975 45.236275
-7.269857 18.579443 -3.464065
-7.269857 18.579443 48.234535
44.428743 18.579443 -3.464065
44.428743 18.579443 48.234535
-6.462325 19.386975 -2.891761
-6.462325 19.386975 48.806839
45.236275 19.386975 -2.891761
45.236275 19.386975 48.806839
-6.462325 19.386975 -1.408011
-6.462325 19.386975 50.290589
45.236275 19.386975 -1.408011
45.236275 19.386975 50.290589
41.366376 19.408171 -1.046121
41.366376 19.408171 50.652479
40.675166 18.363601 -1.901216
40.675166 18.363601 49.797384
33.431417 18.267183 31.191833
32.311625 19.386975 32.311625
33.119157 18.579443 29.313365
32.311625 19.386975 28.741061
32.311625 19.386975 27.257311
36.181524 19.408171 26.895421
36.872734 18.363601 27.750516
-7.582117 7.582117 31.191833
-7.582117 59.280717 31.191833
44.116483 7.582117 31.191833
44.116483 59.280717 31.191833
-6.462325 6.462325 32.311625
-6.462325 58.160925 32.311625
45.236275 6.462325 32.311625
45.236275 58.160925 32.311625
-7.269857 7.269857 29.313365
-7.269857 58.968457 29.313365
44.428743 7.269857 29.313365
44.428743 58.968457 29.313365
-6.462325 6.462325 28.741061
-6.462325 58.160925 28.741061
45.236275 6.462325 28.741061
45.236275 58.160925 28.741061
-6.462325 6.462325 27.257311
-6.462325 58.160925 27.257311
45.236275 6.462325 27.257311
45.236275 58.160925 27.257311
41.366376 6.441129 26.895421
41.366376 58.139729 26.895421
40.675166 7.485699 27.750516
40.675166 59.184299 27.750516
33.431417 5.342533 -7.582117
33.431417 5.342533 44.116483
33.431417 57.041133 -7.582117
33.431417 57.041133 44.116483
33.119157 3.464065 -7.269857
33.119157 3.464065 44.428743
33.119157 55.162665 -7.269857
33.119157 55.162665 44.428743
32.311625 2.891761 -6.462325
32.311625 2.891761 45.236275
32.311625 54.590361 -6.462325
32.311625 54.590361 45.236275
32.311625 1.408011 -6.462325
32.311625 1.408011 45.236275
32.311625 53.106611 -6.462325
32.311625 53.106611 45.236275
32.290429 1.046121 41.366376
32.290429 52.744721 41.366376
33.334999 1.901216 40.675166
33.334999 53.599816 40.675166
-7.582117 5.342533 33.431417
-7.582117 57.041133 33.431417
44.116483 5.342533 33.431417
44.116483 57.041133 33.431417
-7.269857 3.464065 33.119157
-7.269857 55.162665 33.119157
44.428743 3.464065 33.119157
44.428743 55.162665 33.119157
-6.462325 2.891761 32.311625
-6.462325 54.590361 32.311625
45.236275 2.891761 32.311625
45.236275 54.590361 32.311625
-6.462325 1.408011 32.311625
-6.462325 53.106611 32.311625
45.236275 1.408011 32.311625
45.236275 53.106611 32.311625
-6.441129 1.046121 36.181524
-6.441129 52.744721 36.181524
45.257471 1.046121 36.181524
45.257471 52.744721 36.181524
-7.485699 1.901216 36.872734
-7.485699 53.599816 36.872734
44.212901 1.901216 36.872734
44.212901 53.599816 36.872734
-7.582117 20.506767 -7.582117
-7.582117 20.506767 44.116483
44.116483 20.506767 -7.582117
44.116483 20.506767 44.116483
-7.269857 22.385235 -7.269857
-7.269857 22.385235 44.428743
44.428743 22.385235 -7.269857
44.428743 22.385235 44.428743
-6.462325 22.957539 -6.462325
-6.462325 22.957539 45.236275
45.236275 22.957539 -6.462325
45.236275 22.957539 45.236275
-6.462325 24.441289 -6.462325
-6.462325 24.441289 45.236275
45.236275 24.441289 -6.462325
45.236275 24.441289 45.236275
-6.441129 24.803179 41.366376
45.257471 24.803179 41.366376
-7.485699 23.948084 40.675166
44.212901 23.948084 40.675166
33.431417 20.506767 33.431417
33.119157 22.385235 33.119157
32.311625 22.957539 32.311625
32.311625 24.441289 32.311625
32.290429 24.803179 36.181524
33.334999 23.948084 36.872734
31.191833 7.582117 -7.582117
31.191833 7.582117 44.116483
31.191833 59.280717 -7.582117
31.191833 59.280717 44.116483
29.313365 7.269857 -7.269857
29.313365 7.269857 44.428743
29.313365 58.968457 -7.269857
29.313365 58.968457 44.428743
28.741061 6.462325 -6.462325
28.741061 6.462325 45.236275
28.741061 58.160925 -6.462325
28.741061 58.160925 45.236275
27.257311 6.462325 -6.462325
27.257311 6.462325 45.236275
27.257311 58.160925 -6.462325
27.257311 58.160925 45.236275
26.895421 10.332224 -6.441129
26.895421 10.332224 45.257471
27.750516 11.023434 -7.485699
27.750516 11.023434 44.212901
31.191833 18.267183 33.431417
29.313365 18.579443 33.119157
28.741061 19.386975 32.311625
27.257311 19.386975 32.311625
26.895421 15.517076 32.290429
27.750516 14.825866 33.334999
-5.342533 7.582117 33.431417
-5.342533 59.280717 33.431417
46.356067 7.582117 33.431417
46.356067 59.280717 33.431417
-3.464065 7.269857 33.119157
-3.464065 58.968457 33.119157
48.234535 7.269857 33.119157
48.234535 58.968457 33.119157
-2.891761 6.462325 32.311625
-2.891761 58.160925 32.311625
48.806839 6.462325 32.311625
48.806839 58.160925 32.311625
-1.408011 6.462325 32.311625
-1.408011 58.160925 32.311625
50.290589 6.462325 32.311625
50.290589 58.160925 32.311625
-1.311076 8.818489 32.556159
50.387524 8.818489 32.556159
-1.046121 10.332224 32.290429
50.652479 10.332224 32.290429
-1.901216 11.023434 33.334999
49.797384 11.023434 33.334999
-5.342533 18.267183 -7.582117
-5.342533 18.267183 44.116483
46.356067 18.267183 -7.582117
46.356067 18.267183 44.116483
-3.464065 18.579443 -7.269857
-3.464065 18.579443 44.428743
48.234535 18.579443 -7.269857
48.234535 18.579443 44.428743
-2.891761 19.386975 -6.462325
-2.891761 19.386975 45.236275
48.806839 19.386975 -6.462325
48.806839 19.386975 45.236275
-1.408011 19.386975 -6.462325
-1.408011 19.386975 45.236275
50.290589 19.386975 -6.462325
50.290589 19.386975 45.236275
-1.046121 15.517076 -6.441129
-1.046121 15.517076 45.257471
50.652479 15.517076 -6.441129
50.652479 15.517076 45.257471
-1.901216 14.825866 -7.485699
-1.901216 14.825866 44.212901
49.797384 14.825866 -7.485699
49.797384 14.825866 44.212901
-6.552281 18.278816 -0.687074
-6.552281 18.278816 51.011526
45.146319 18.278816 -0.687074
45.146319 18.278816 51.011526
-6.706859 17.030811 -1.311076
-6.706859 17.030811 50.387524
44.991741 17.030811 -1.311076
44.991741 17.030811 50.387524
-6.441129 15.517076 -1.046121
-6.441129 15.517076 50.652479
45.257471 15.517076 -1.046121
45.257471 15.517076 50.652479
-7.485699 14.825866 -1.901216
-7.485699 14.825866 49.797384
44.212901 14.825866 -1.901216
44.212901 14.825866 49.797384
32.401581 7.570484 -0.687074
32.401581 7.570484 51.011526
32.401581 59.269084 -0.687074
32.401581 59.269084 51.011526
32.556159 8.818489 -1.311076
32.556159 8.818489 50.387524
32.290429 10.332224 -1.046121
32.290429 10.332224 50.652479
33.334999 11.023434 -1.901216
33.334999 11.023434 49.797384
32.401581 18.278816 26.536374
32.556159 17.030811 27.160376
32.290429 15.517076 26.895421
33.334999 14.825866 27.750516
-6.552281 7.570484 26.536374
-6.552281 59.269084 26.536374
45.146319 7.570484 26.536374
45.146319 59.269084 26.536374
-6.706859 8.818489 27.160376
44.991741 8.818489 27.160376
-6.441129 10.332224 26.895421
45.257471 10.332224 26.895421
-7.485699 11.023434 27.750516
44.212901 11.023434 27.750516
-0.687074 19.297019 -7.570484
-0.687074 19.297019 44.128116
51.011526 19.297019 -7.570484
51.011526 19.297019 44.128116
-1.311076 19.142441 42.880111
50.387524 19.142441 42.880111
-1.046121 19.408171 41.366376
50.652479 19.408171 41.366376
-1.901216 18.363601 40.675166
49.797384 18.363601 40.675166
-0.687074 6.552281 33.419784
-0.687074 58.250881 33.419784
51.011526 6.552281 33.419784
51.011526 58.250881 33.419784
-1.311076 6.706859 34.667789
-1.311076 58.405459 34.667789
50.387524 6.706859 34.667789
50.387524 58.405459 34.667789
-1.046121 6.441129 36.181524
-1.046121 58.139729 36.181524
50.652479 6.441129 36.181524
50.652479 58.139729 36.181524
-1.901216 7.485699 36.872734
-1.901216 59.184299 36.872734
49.797384 7.485699 36.872734
49.797384 59.184299 36.872734
26.536374 6.552281 -7.570484
26.536374 6.552281 44.128116
26.536374 58.250881 -7.570484
26.536374 58.250881 44.128116
27.160376 6.706859 42.880111
27.160376 58.405459 42.880111
26.895421 6.441129 41.366376
26.895421 58.139729 41.366376
27.750516 7.485699 40.675166
27.750516 59.184299 40.675166
26.536374 19.297019 33.419784
27.160376 19.142441 34.667789
26.895421 19.408171 36.181524
27.750516 18.363601 36.872734
-7.570484 25.162226 -6.552281
-7.570484 25.162226 45.146319
44.128116 25.162226 -6.552281
44.128116 25.162226 45.146319
42.880111 24.538224 -6.706859
42.880111 24.538224 44.991741
41.366376 24.803179 -6.441129
41.366376 24.803179 45.257471
40.675166 23.948084 -7.485699
40.675166 23.948084 44.212901
33.419784 25.162226 32.401581
34.667789 24.538224 32.556159
36.181524 24.803179 32.290429
36.872734 23.948084 33.334999
-7.570484 0.687074 32.401581
-7.570484 52.385674 32.401581
44.128116 0.687074 32.401581
44.128116 52.385674 32.401581
42.880111 1.311076 32.556159
42.880111 53.009676 32.556159
41.366376 1.046121 32.290429
41.366376 52.744721 32.290429
40.675166 1.901216 33.334999
40.675166 53.599816 33.334999
33.419784 0.687074 -6.552281
33.419784 0.687074 45.146319
33.419784 52.385674 -6.552281
33.419784 52.385674 45.146319
34.667789 1.311076 -6.706859
34.667789 1.311076 44.991741
34.667789 53.009676 -6.706859
34.667789 53.009676 44.991741
36.181524 1.046121 -6.441129
36.181524 1.046121 45.257471
36.181524 52.744721 -6.441129
36.181524 52.744721 45.257471
36.872734 1.901216 -7.485699
36.872734 1.901216 44.212901
36.872734 53.599816 -7.485699
36.872734 53.599816 44.212901
33.119157 20.194507 42.238015
32.311625 19.386975 41.665711
32.311625 19.386975 40.181961
32.401581 20.495134 39.461024
-7.269857 5.654793 42.238015
-7.269857 57.353393 42.238015
44.428743 5.654793 42.238015
44.428743 57.353393 42.238015
-6.462325 6.462325 41.665711
-6.462325 58.160925 41.665711
45.236275 6.462325 41.665711
45.236275 58.160925 41.665711
-6.462325 6.462325 40.181961
-6.462325 58.160925 40.181961
45.236275 6.462325 40.181961
45.236275 58.160925 40.181961
-6.552281 5.354166 39.461024
-6.552281 57.052766 39.461024
45.146319 5.354166 39.461024
45.146319 57.052766 39.461024
-7.269857 20.194507 35.309885
44.428743 20.194507 35.309885
-6.462325 19.386975 35.882189
45.236275 19.386975 35.882189
-6.462325 19.386975 37.365939
45.236275 19.386975 37.365939
-6.552281 20.495134 38.086876
45.146319 20.495134 38.086876
33.119157 5.654793 35.309885
33.119157 57.353393 35.309885
32.311625 6.462325 35.882189
32.311625 58.160925 35.882189
32.311625 6.462325 37.365939
32.311625 58.160925 37.365939
32.401581 5.354166 38.086876
32.401581 57.052766 38.086876
31.191833 20.506767 -5.342533
31.191833 20.506767 46.356067
29.313365 20.194507 -5.654793
29.313365 20.194507 46.043807
26.536374 19.476931 -5.354166
26.536374 19.476931 46.344434
27.160376 19.631509 -4.106161
27.160376 19.631509 47.592439
26.895421 19.365779 -2.592426
26.895421 19.365779 49.106174
27.750516 20.410349 -1.901216
27.750516 20.410349 49.797384
31.191833 5.342533 31.191833
31.191833 57.041133 31.191833
29.313365 5.654793 31.504093
29.313365 57.353393 31.504093
26.536374 6.372369 31.203466
26.536374 58.070969 31.203466
27.160376 6.217791 29.955461
27.160376 57.916391 29.955461
26.895421 6.483521 28.441726
26.895421 58.182121 28.441726
27.750516 5.438951 27.750516
27.750516 57.137551 27.750516
-5.342533 5.342533 -5.342533
-5.342533 5.342533 46.356067
-5.342533 57.041133 -5.342533
-5.342533 57.041133 46.356067
46.356067 5.342533 -5.342533
46.356067 5.342533 46.356067
46.356067 57.041133 -5.342533
46.356067 57.041133 46.356067
-3.464065 5.654793 -5.654793
-3.464065 5.654793 46.043807
-3.464065 57.353393 -5.654793
-3.464065 57.353393 46.043807
48.234535 5.654793 -5.654793
48.234535 5.654793 46.043807
48.234535 57.353393 -5.654793
48.234535 57.353393 46.043807
-0.687074 6.372369 -5.354166
-0.687074 6.372369 46.344434
-0.687074 58.070969 -5.354166
-0.687074 58.070969 46.344434
51.011526 6.372369 -5.354166
51.011526 6.372369 46.344434
51.011526 58.070969 -5.354166
51.011526 58.070969 46.344434
-1.311076 6.217791 -4.106161
-1.311076 6.217791 47.592439
-1.311076 57.916391 -4.106161
-1.311076 57.916391 47.592439
50.387524 6.217791 -4.106161
50.387524 6.217791 47.592439
50.387524 57.916391 -4.106161
50.387524 57.916391 47.592439
-1.046121 6.483521 -2.592426
-1.046121 6.483521 49.106174
-1.046121 58.182121 -2.592426
-1.046121 58.182121 49.106174
50.652479 6.483521 -2.592426
50.652479 6.483521 49.106174
50.652479 58.182121 -2.592426
50.652479 58.182121 49.106174
-1.901216 5.438951 -1.901216
-1.901216 5.438951 49.797384
-1.901216 57.137551 -1.901216
-1.901216 57.137551 49.797384
49.797384 5.438951 -1.901216
49.797384 5.438951 49.797384
49.797384 57.137551 -1.901216
49.797384 57.137551 49.797384
-5.342533 20.506767 31.191833
46.356067 20.506767 31.191833
-3.464065 20.194507 31.504093
48.234535 20.194507 31.504093
-0.687074 19.476931 31.203466
51.011526 19.476931 31.203466
-1.311076 19.631509 29.955461
50.387524 19.631509 29.955461
-1.046121 19.365779 28.441726
50.652479 19.365779 28.441726
-1.901216 20.410349 27.750516
49.797384 20.410349 27.750516
33.119157 16.388715 -5.654793
33.119157 16.388715 46.043807
32.311625 15.816411 -6.462325
32.311625 15.816411 45.236275
32.311625 14.332661 -6.462325
32.311625 14.332661 45.236275
33.419784 13.611724 -6.372369
33.419784 13.611724 45.326231
34.667789 14.235726 -6.217791
34.667789 14.235726 45.480809
36.181524 13.970771 -6.483521
36.181524 13.970771 45.215079
36.872734 14.825866 -5.438951
36.872734 14.825866 46.259649
-7.269857 16.388715 31.504093
44.428743 16.388715 31.504093
-6.462325 15.816411 32.311625
45.236275 15.816411 32.311625
-6.462325 14.332661 32.311625
45.236275 14.332661 32.311625
-7.570484 13.611724 32.221669
44.128116 13.611724 32.221669
42.880111 14.235726 32.067091
41.366376 13.970771 32.332821
40.675166 14.825866 31.288251
33.119157 9.460585 31.504093
32.311625 10.032889 32.311625
32.311625 11.516639 32.311625
33.419784 12.237576 32.221669
34.667789 11.613574 32.067091
36.181524 11.878529 32.332821
36.872734 11.023434 31.288251
-7.269857 9.460585 -5.654793
-7.269857 9.460585 46.043807
44.428743 9.460585 -5.654793
44.428743 9.460585 46.043807
-6.462325 10.032889 -6.462325
-6.462325 10.032889 45.236275
45.236275 10.032889 -6.462325
45.236275 10.032889 45.236275
-6.462325 11.516639 -6.462325
-6.462325 11.516639 45.236275
45.236275 11.516639 -6.462325
45.236275 11.516639 45.236275
-7.570484 12.237576 -6.372369
-7.570484 12.237576 45.326231
44.128116 12.237576 -6.372369
44.128116 12.237576 45.326231
42.880111 11.613574 -6.217791
42.880111 11.613574 45.480809
41.366376 11.878529 -6.483521
41.366376 11.878529 45.215079
40.675166 11.023434 -5.438951
40.675166 11.023434 46.259649
33.119157 20.194507 35.309885
32.311625 19.386975 35.882189
32.311625 19.386975 37.365939
-7.269857 5.654793 35.309885
-7.269857 57.353393 35.309885
44.428743 5.654793 35.309885
44.428743 57.353393 35.309885
-6.462325 6.462325 35.882189
-6.462325 58.160925 35.882189
45.236275 6.462325 35.882189
45.236275 58.160925 35.882189
-6.462325 6.462325 37.365939
-6.462325 58.160925 37.365939
45.236275 6.462325 37.365939
45.236275 58.160925 37.365939
33.119157 5.654793 42.238015
33.119157 57.353393 42.238015
32.311625 6.462325 41.665711
32.311625 58.160925 41.665711
32.311625 6.462325 40.181961
32.311625 58.160925 40.181961
-7.269857 20.194507 42.238015
44.428743 20.194507 42.238015
-6.462325 19.386975 41.665711
45.236275 19.386975 41.665711
-6.462325 19.386975 40.181961
45.236275 19.386975 40.181961
33.119157 16.388715 31.504093
32.311625 15.816411 32.311625
32.311625 14.332661 32.311625
32.290429 13.970771 28.441726
-7.269857 16.388715 -5.654793
-7.269857 16.388715 46.043807
44.428743 16.388715 -5.654793
44.428743 16.388715 46.043807
-6.462325 15.816411 -6.462325
-6.462325 15.816411 45.236275
45.236275 15.816411 -6.462325
45.236275 15.816411 45.236275
-6.462325 14.332661 -6.462325
-6.462325 14.332661 45.236275
45.236275 14.332661 -6.462325
45.236275 14.332661 45.236275
-6.441129 13.970771 -2.592426
-6.441129 13.970771 49.106174
45.257471 13.970771 -2.592426
45.257471 13.970771 49.106174
-7.269857 9.460585 31.504093
44.428743 9.460585 31.504093
-6.462325 10.032889 32.311625
45.236275 10.032889 32.311625
-6.462325 11.516639 32.311625
45.236275 11.516639 32.311625
-6.441129 11.878529 28.441726
45.257471 11.878529 28.441726
33.119157 9.460585 -5.654793
33.119157 9.460585 46.043807
32.311625 10.032889 -6.462325
32.311625 10.032889 45.236275
32.311625 11.516639 -6.462325
32.311625 11.516639 45.236275
32.290429 11.878529 -2.592426
32.290429 11.878529 49.106174
31.191833 20.506767 31.191833
29.313365 20.194507 31.504093
31.191833 5.342533 -5.342533
31.191833 5.342533 46.356067
31.191833 57.041133 -5.342533
31.191833 57.041133 46.356067
29.313365 5.654793 -5.654793
29.313365 5.654793 46.043807
29.313365 57.353393 -5.654793
29.313365 57.353393 46.043807
-5.342533 20.506767 -5.342533
-5.342533 20.506767 46.356067
46.356067 20.506767 -5.342533
46.356067 20.506767 46.356067
-3.464065 20.194507 -5.654793
-3.464065 20.194507 46.043807
48.234535 20.194507 -5.654793
48.234535 20.194507 46.043807
-5.342533 5.342533 31.191833
-5.342533 57.041133 31.191833
46.356067 5.342533 31.191833
46.356067 57.041133 31.191833
-3.464065 5.654793 31.504093
-3.464065 57.353393 31.504093
48.234535 5.654793 31.504093
48.234535 57.353393 31.504093
-6.552281 5.354166 38.086876
-6.552281 57.052766 38.086876
45.146319 5.354166 38.086876
45.146319 57.052766 38.086876
-6.706859 4.106161 37.462874
-6.706859 55.804761 37.462874
44.991741 4.106161 37.462874
44.991741 55.804761 37.462874
-6.441129 2.592426 37.727829
-6.441129 54.291026 37.727829
45.257471 2.592426 37.727829
45.257471 54.291026 37.727829
32.401581 20.495134 38.086876
32.556159 21.743139 37.462874
32.290429 23.256874 37.727829
32.401581 5.354166 39.461024
32.401581 57.052766 39.461024
32.556159 4.106161 40.085026
32.556159 55.804761 40.085026
32.290429 2.592426 39.820071
32.290429 54.291026 39.820071
-6.552281 20.495134 39.461024
45.146319 20.495134 39.461024
-6.706859 21.743139 40.085026
44.991741 21.743139 40.085026
-6.441129 23.256874 39.820071
45.257471 23.256874 39.820071
-0.687074 6.372369 31.203466
-0.687074 58.070969 31.203466
51.011526 6.372369 31.203466
51.011526 58.070969 31.203466
-0.687074 19.476931 -5.354166
-0.687074 19.476931 46.344434
51.011526 19.476931 -5.354166
51.011526 19.476931 46.344434
26.536374 19.476931 31.203466
26.536374 6.372369 -5.354166
26.536374 6.372369 46.344434
26.536374 58.070969 -5.354166
26.536374 58.070969 46.344434
-7.570484 12.237576 32.221669
44.128116 12.237576 32.221669
33.419784 12.237576 -6.372369
33.419784 12.237576 45.326231
-7.570484 13.611724 -6.372369
-7.570484 13.611724 45.326231
44.128116 13.611724 -6.372369
44.128116 13.611724 45.326231
33.419784 13.611724 32.221669
41.366376 6.483521 39.820071
41.366376 58.182121 39.820071
40.675166 5.438951 40.675166
40.675166 57.137551 40.675166
36.181524 19.365779 39.820071
36.872734 20.410349 40.675166
41.366376 19.365779 37.727829
40.675166 20.410349 36.872734
36.181524 6.483521 37.727829
36.181524 58.182121 37.727829
36.872734 5.438951 36.872734
36.872734 57.137551 36.872734
-1.046121 2.592426 -6.483521
-1.046121 2.592426 45.215079
-1.046121 54.291026 -6.483521
-1.046121 54.291026 45.215079
50.652479 2.592426 -6.483521
50.652479 2.592426 45.215079
50.652479 54.291026 -6.483521
50.652479 54.291026 45.215079
-1.901216 1.901216 -5.438951
-1.901216 1.901216 46.259649
-1.901216 53.599816 -5.438951
-1.901216 53.599816 46.259649
49.797384 1.901216 -5.438951
49.797384 1.901216 46.259649
49.797384 53.599816 -5.438951
49.797384 53.599816 46.259649
-1.046121 23.256874 32.332821
50.652479 23.256874 32.332821
-1.901216 23.948084 31.288251
49.797384 23.948084 31.288251
26.895421 2.592426 32.332821
26.895421 54.291026 32.332821
27.750516 1.901216 31.288251
27.750516 53.599816 31.288251
26.895421 23.256874 -6.483521
26.895421 23.256874 45.215079
27.750516 23.948084 -5.438951
27.750516 23.948084 46.259649
-5.654793 7.269857 42.238015
-5.654793 58.968457 42.238015
46.043807 7.269857 42.238015
46.043807 58.968457 42.238015
-6.372369 7.570484 39.461024
-6.372369 59.269084 39.461024
45.326231 7.570484 39.461024
45.326231 59.269084 39.461024
-6.217791 8.818489 40.085026
45.480809 8.818489 40.085026
-6.483521 10.332224 39.820071
45.215079 10.332224 39.820071
-5.438951 11.023434 40.675166
46.259649 11.023434 40.675166
31.504093 18.579443 42.238015
32.221669 18.278816 39.461024
32.067091 17.030811 40.085026
32.332821 15.517076 39.820071
31.288251 14.825866 40.675166
31.504093 7.269857 35.309885
31.504093 58.968457 35.309885
32.221669 7.570484 38.086876
32.221669 59.269084 38.086876
32.067091 8.818489 37.462874
32.332821 10.332224 37.727829
31.288251 11.023434 36.872734
-5.654793 18.579443 35.309885
46.043807 18.579443 35.309885
-6.372369 18.278816 38.086876
45.326231 18.278816 38.086876
-6.217791 17.030811 37.462874
45.480809 17.030811 37.462874
-6.483521 15.517076 37.727829
45.215079 15.517076 37.727829
-5.438951 14.825866 36.872734
46.259649 14.825866 36.872734
42.238015 7.269857 -5.654793
42.238015 7.269857 46.043807
42.238015 58.968457 -5.654793
42.238015 58.968457 46.043807
41.665711 6.462325 -6.462325
41.665711 6.462325 45.236275
41.665711 58.160925 -6.462325
41.665711 58.160925 45.236275
40.181961 6.462325 -6.462325
40.181961 6.462325 45.236275
40.181961 58.160925 -6.462325
40.181961 58.160925 45.236275
39.461024 6.552281 -5.354166
39.461024 6.552281 46.344434
39.461024 58.250881 -5.354166
39.461024 58.250881 46.344434
42.238015 18.579443 31.504093
41.665711 19.386975 32.311625
40.181961 19.386975 32.311625
39.461024 19.297019 31.203466
35.309885 18.579443 -5.654793
35.309885 18.579443 46.043807
35.882189 19.386975 -6.462325
35.882189 19.386975 45.236275
37.365939 19.386975 -6.462325
37.365939 19.386975 45.236275
38.086876 19.297019 -5.354166
38.086876 19.297019 46.344434
35.309885 7.269857 31.504093
35.309885 58.968457 31.504093
35.882189 6.462325 32.311625
35.882189 58.160925 32.311625
37.365939 6.462325 32.311625
37.365939 58.160925 32.311625
38.086876 6.552281 31.203466
38.086876 58.250881 31.203466
-5.654793 3.464065 -5.654793
-5.654793 3.464065 46.043807
-5.654793 55.162665 -5.654793
-5.654793 55.162665 46.043807
46.043807 3.464065 -5.654793
46.043807 3.464065 46.043807
46.043807 55.162665 -5.654793
46.043807 55.162665 46.043807
-5.354166 0.687074 -6.372369
-5.354166 0.687074 45.326231
-5.354166 52.385674 -6.372369
-5.354166 52.385674 45.326231
46.344434 0.687074 -6.372369
46.344434 0.687074 45.326231
46.344434 52.385674 -6.372369
46.344434 52.385674 45.326231
-4.106161 1.311076 -6.217791
-4.106161 1.311076 45.480809
-4.106161 53.009676 -6.217791
-4.106161 53.009676 45.480809
47.592439 1.311076 -6.217791
47.592439 1.311076 45.480809
47.592439 53.009676 -6.217791
47.592439 53.009676 45.480809
-2.592426 1.046121 -6.483521
-2.592426 1.046121 45.215079
-2.592426 52.744721 -6.483521
-2.592426 52.744721 45.215079
49.106174 1.046121 -6.483521
49.106174 1.046121 45.215079
49.106174 52.744721 -6.483521
49.106174 52.744721 45.215079
31.504093 3.464065 31.504093
31.504093 55.162665 31.504093
31.203466 0.687074 32.221669
31.203466 52.385674 32.221669
29.955461 1.311076 32.067091
29.955461 53.009676 32.067091
28.441726 1.046121 32.332821
28.441726 52.744721 32.332821
-5.654793 22.385235 31.504093
46.043807 22.385235 31.504093
-5.354166 25.162226 32.221669
46.344434 25.162226 32.221669
-4.106161 24.538224 32.067091
47.592439 24.538224 32.067091
-2.592426 24.803179 32.332821
49.106174 24.803179 32.332821
31.504093 22.385235 -5.654793
31.504093 22.385235 46.043807
31.203466 25.162226 -6.372369
31.203466 25.162226 45.326231
29.955461 24.538224 -6.217791
29.955461 24.538224 45.480809
28.441726 24.803179 -6.483521
28.441726 24.803179 45.215079
-5.654793 7.269857 35.309885
-5.654793 58.968457 35.309885
46.043807 7.269857 35.309885
46.043807 58.968457 35.309885
-2.592426 6.441129 37.727829
-2.592426 58.139729 37.727829
49.106174 6.441129 37.727829
49.106174 58.139729 37.727829
31.504093 18.579443 35.309885
28.441726 19.408171 37.727829
-5.654793 18.579443 42.238015
46.043807 18.579443 42.238015
-2.592426 19.408171 39.820071
49.106174 19.408171 39.820071
31.504093 7.269857 42.238015
31.504093 58.968457 42.238015
28.441726 6.441129 39.820071
28.441726 58.139729 39.820071
-5.654793 3.464065 31.504093
-5.654793 55.162665 31.504093
46.043807 3.464065 31.504093
46.043807 55.162665 31.504093
31.504093 3.464065 -5.654793
31.504093 3.464065 46.043807
31.504093 55.162665 -5.654793
31.504093 55.162665 46.043807
31.504093 22.385235 31.504093
-5.654793 22.385235 -5.654793
-5.654793 22.385235 46.043807
46.043807 22.385235 -5.654793
46.043807 22.385235 46.043807
42.238015 7.269857 31.504093
42.238015 58.968457 31.504093
41.665711 6.462325 32.311625
41.665711 58.160925 32.311625
40.181961 6.462325 32.311625
40.181961 58.160925 32.311625
42.238015 18.579443 -5.654793
42.238015 18.579443 46.043807
41.665711 19.386975 -6.462325
41.665711 19.386975 45.236275
40.181961 19.386975 -6.462325
40.181961 19.386975 45.236275
35.309885 7.269857 -5.654793
35.309885 7.269857 46.043807
35.309885 58.968457 -5.654793
35.309885 58.968457 46.043807
35.882189 6.462325 -6.462325
35.882189 6.462325 45.236275
35.882189 58.160925 -6.462325
35.882189 58.160925 45.236275
37.365939 6.462325 -6.462325
37.365939 6.462325 45.236275
37.365939 58.160925 -6.462325
37.365939 58.160925 45.236275
35.309885 18.579443 31.504093
35.882189 19.386975 32.311625
37.365939 19.386975 32.311625
32.221669 18.278816 38.086876
-6.372369 7.570484 38.086876
-6.372369 59.269084 38.086876
45.326231 7.570484 38.086876
45.326231 59.269084 38.086876
-6.372369 18.278816 39.461024
45.326231 18.278816 39.461024
32.221669 7.570484 39.461024
32.221669 59.269084 39.461024
38.086876 19.297019 31.203466
37.462874 19.142441 29.955461
37.727829 19.408171 28.441726
38.086876 6.552281 -5.354166
38.086876 6.552281 46.344434
38.086876 58.250881 -5.354166
38.086876 58.250881 46.344434
37.462874 6.706859 -4.106161
37.462874 6.706859 47.592439
37.462874 58.405459 -4.106161
37.462874 58.405459 47.592439
37.727829 6.441129 -2.592426
37.727829 6.441129 49.106174
37.727829 58.139729 -2.592426
37.727829 58.139729 49.106174
39.461024 6.552281 31.203466
39.461024 58.250881 31.203466
40.085026 6.706859 29.955461
40.085026 58.405459 29.955461
39.820071 6.441129 28.441726
39.820071 58.139729 28.441726
39.461024 19.297019 -5.354166
39.461024 19.297019 46.344434
40.085026 19.142441 -4.106161
40.085026 19.142441 47.592439
39.820071 19.408171 -2.592426
39.820071 19.408171 49.106174
31.203466 25.162226 32.221669
-5.354166 25.162226 -6.372369
-5.354166 25.162226 45.326231
46.344434 25.162226 -6.372369
46.344434 25.162226 45.326231
31.203466 0.687074 -6.372369
31.203466 0.687074 45.326231
31.203466 52.385674 -6.372369
31.203466 52.385674 45.326231
-5.354166 0.687074 32.221669
-5.354166 52.385674 32.221669
46.344434 0.687074 32.221669
46.344434 52.385674 32.221669
32.332821 24.803179 -2.592426
32.332821 24.803179 49.106174
31.288251 23.948084 -1.901216
31.288251 23.948084 49.797384
-6.483521 24.803179 28.441726
45.215079 24.803179 28.441726
-5.438951 23.948084 27.750516
46.259649 23.948084 27.750516
-6.483521 1.046121 -2.592426
-6.483521 1.046121 49.106174
-6.483521 52.744721 -2.592426
-6.483521 52.744721 49.106174
45.215079 1.046121 -2.592426
45.215079 1.046121 49.106174
45.215079 52.744721 -2.592426
45.215079 52.744721 49.106174
-5.438951 1.901216 -1.901216
-5.438951 1.901216 49.797384
-5.438951 53.599816 -1.901216
-5.438951 53.599816 49.797384
46.259649 1.901216 -1.901216
46.259649 1.901216 49.797384
46.259649 53.599816 -1.901216
46.259649 53.599816 49.797384
32.332821 1.046121 28.441726
32.332821 52.744721 28.441726
31.288251 1.901216 27.750516
31.288251 53.599816 27.750516
37.727829 15.517076 -6.483521
37.727829 15.517076 45.215079
37.727829 10.332224 32.332821
39.820071 15.517076 32.332821
39.820071 10.332224 -6.483521
39.820071 10.332224 45.215079
-5.654793 20.194507 29.313365
46.043807 20.194507 29.313365
-6.372369 20.495134 26.536374
45.326231 20.495134 26.536374
-6.217791 21.743139 27.160376
45.480809 21.743139 27.160376
-6.483521 23.256874 26.895421
45.215079 23.256874 26.895421
31.504093 5.654793 29.313365
31.504093 57.353393 29.313365
32.221669 5.354166 26.536374
32.221669 57.052766 26.536374
32.067091 4.106161 27.160376
32.067091 55.804761 27.160376
32.332821 2.592426 26.895421
32.332821 54.291026 26.895421
31.504093 20.194507 -3.464065
31.504093 20.194507 48.234535
32.221669 20.495134 -0.687074
32.221669 20.495134 51.011526
32.067091 21.743139 -1.311076
32.067091 21.743139 50.387524
32.332821 23.256874 -1.046121
32.332821 23.256874 50.652479
-5.654793 5.654793 -3.464065
-5.654793 5.654793 48.234535
-5.654793 57.353393 -3.464065
-5.654793 57.353393 48.234535
46.043807 5.654793 -3.464065
46.043807 5.654793 48.234535
46.043807 57.353393 -3.464065
46.043807 57.353393 48.234535
-6.372369 5.354166 -0.687074
-6.372369 5.354166 51.011526
-6.372369 57.052766 -0.687074
-6.372369 57.052766 51.011526
45.326231 5.354166 -0.687074
45.326231 5.354166 51.011526
45.326231 57.052766 -0.687074
45.326231 57.052766 51.011526
-6.217791 4.106161 -1.311076
-6.217791 4.106161 50.387524
-6.217791 55.804761 -1.311076
-6.217791 55.804761 50.387524
45.480809 4.106161 -1.311076
45.480809 4.106161 50.387524
45.480809 55.804761 -1.311076
45.480809 55.804761 50.387524
-6.483521 2.592426 -1.046121
-6.483521 2.592426 50.652479
-6.483521 54.291026 -1.046121
-6.483521 54.291026 50.652479
45.215079 2.592426 -1.046121
45.215079 2.592426 50.652479
45.215079 54.291026 -1.046121
45.215079 54.291026 50.652479
42.238015 20.194507 33.119157
39.461024 19.476931 33.419784
40.085026 19.631509 34.667789
39.820071 19.365779 36.181524
42.238015 5.654793 -7.269857
42.238015 5.654793 44.428743
42.238015 57.353393 -7.269857
42.238015 57.353393 44.428743
39.461024 6.372369 -7.570484
39.461024 6.372369 44.128116
39.461024 58.070969 -7.570484
39.461024 58.070969 44.128116
40.085026 6.217791 42.880111
40.085026 57.916391 42.880111
39.820071 6.483521 41.366376
39.820071 58.182121 41.366376
35.309885 5.654793 33.119157
35.309885 57.353393 33.119157
38.086876 6.372369 33.419784
38.086876 58.070969 33.419784
37.462874 6.217791 34.667789
37.462874 57.916391 34.667789
37.727829 6.483521 36.181524
37.727829 58.182121 36.181524
35.309885 20.194507 -7.269857
35.309885 20.194507 44.428743
38.086876 19.476931 -7.570484
38.086876 19.476931 44.128116
37.462874 19.631509 42.880111
37.727829 19.365779 41.366376
-5.654793 16.388715 33.119157
46.043807 16.388715 33.119157
-5.354166 13.611724 32.401581
46.344434 13.611724 32.401581
31.504093 16.388715 -7.269857
31.504093 16.388715 44.428743
31.203466 13.611724 -6.552281
31.203466 13.611724 45.146319
-5.654793 9.460585 -7.269857
-5.654793 9.460585 44.428743
46.043807 9.460585 -7.269857
46.043807 9.460585 44.428743
-5.354166 12.237576 -6.552281
-5.354166 12.237576 45.146319
46.344434 12.237576 -6.552281
46.344434 12.237576 45.146319
31.504093 9.460585 33.119157
31.203466 12.237576 32.401581
-5.654793 20.194507 -3.464065
-5.654793 20.194507 48.234535
46.043807 20.194507 -3.464065
46.043807 20.194507 48.234535
31.504093 5.654793 -3.464065
31.504093 5.654793 48.234535
31.504093 57.353393 -3.464065
31.504093 57.353393 48.234535
-5.654793 5.654793 29.313365
-5.654793 57.353393 29.313365
46.043807 5.654793 29.313365
46.043807 57.353393 29.313365
31.504093 20.194507 29.313365
-5.654793 16.388715 -7.269857
-5.654793 16.388715 44.428743
46.043807 16.388715 -7.269857
46.043807 16.388715 44.428743
31.504093 16.388715 33.119157
31.504093 9.460585 -7.269857
31.504093 9.460585 44.428743
-5.654793 9.460585 33.119157
46.043807 9.460585 33.119157
42.238015 20.194507 -7.269857
42.238015 20.194507 44.428743
39.820071 23.256874 -6.441129
39.820071 23.256874 45.257471
42.238015 5.654793 33.119157
42.238015 57.353393 33.119157
39.820071 2.592426 32.290429
39.820071 54.291026 32.290429
35.309885 20.194507 33.119157
37.727829 23.256874 32.290429
35.309885 5.654793 -7.269857
35.309885 5.654793 44.428743
35.309885 57.353393 -7.269857
35.309885 57.353393 44.428743
37.727829 2.592426 -6.441129
37.727829 2.592426 45.257471
37.727829 54.291026 -6.441129
37.727829 54.291026 45.257471
32.221669 5.354166 -0.687074
32.221669 5.354166 51.011526
32.221669 57.052766 -0.687074
32.221669 57.052766 51.011526
-6.372369 20.495134 -0.687074
-6.372369 20.495134 51.011526
45.326231 20.495134 -0.687074
45.326231 20.495134 51.011526
-6.372369 5.354166 26.536374
-6.372369 57.052766 26.536374
45.326231 5.354166 26.536374
45.326231 57.052766 26.536374
32.221669 20.495134 26.536374
38.086876 6.372369 -7.570484
38.086876 6.372369 44.128116
38.086876 58.070969 -7.570484
38.086876 58.070969 44.128116
38.086876 19.476931 33.419784
39.461024 19.476931 -7.570484
39.461024 19.476931 44.128116
39.461024 6.372369 33.419784
39.461024 58.070969 33.419784
31.203466 12.237576 -6.552281
31.203466 12.237576 45.146319
29.955461 11.613574 -6.706859
29.955461 11.613574 44.991741
28.441726 11.878529 -6.441129
28.441726 11.878529 45.257471
-5.354166 12.237576 32.401581
46.344434 12.237576 32.401581
-4.106161 11.613574 32.556159
47.592439 11.613574 32.556159
-2.592426 11.878529 32.290429
49.106174 11.878529 32.290429
31.203466 13.611724 32.401581
29.955461 14.235726 32.556159
28.441726 13.970771 32.290429
-5.354166 13.611724 -6.552281
-5.354166 13.611724 45.146319
46.344434 13.611724 -6.552281
46.344434 13.611724 45.146319
-4.106161 14.235726 -6.706859
-4.106161 14.235726 44.991741
47.592439 14.235726 -6.706859
47.592439 14.235726 44.991741
-2.592426 13.970771 -6.441129
-2.592426 13.970771 45.257471
49.106174 13.970771 -6.441129
49.106174 13.970771 45.257471
28.441726 6.483521 26.895421
28.441726 58.182121 26.895421
-2.592426 19.365779 26.895421
49.106174 19.365779 26.895421
28.441726 19.365779 -1.046121
28.441726 19.365779 50.652479
-2.592426 6.483521 -1.046121
-2.592426 6.483521 50.652479
-2.592426 58.182121 -1.046121
-2.592426 58.182121 50.652479
49.106174 6.483521 -1.046121
49.106174 6.483521 50.652479
49.106174 58.182121 -1.046121
49.106174 58.182121 50.652479
32.332821 11.878529 36.181524
-6.483521 11.878529 41.366376
45.215079 11.878529 41.366376
-6.483521 13.970771 36.181524
45.215079 13.970771 36.181524
32.332821 13.970771 41.366376
39.892966 19.228519 30.360003
37.654934 19.545431 34.263247
39.892966 6.303869 34.263247
39.892966 58.002469 34.263247
37.654934 6.620781 30.360003
37.654934 58.319381 30.360003
39.892966 19.545431 43.284653
37.654934 19.228519 -4.510703
37.654934 19.228519 47.187897
37.654934 6.303869 43.284653
37.654934 58.002469 43.284653
39.892966 6.620781 -4.510703
39.892966 6.620781 47.187897
39.892966 58.319381 -4.510703
39.892966 58.319381 47.187897
36.315682 6.644046 -0.127954
36.315682 6.644046 51.570646
36.315682 58.342646 -0.127954
36.315682 58.342646 51.570646
35.250949 6.440612 -1.237664
35.250949 6.440612 50.460936
35.250949 58.139212 -1.237664
35.250949 58.139212 50.460936
36.544706 5.584483 -1.237664
36.544706 5.584483 50.460936
36.544706 57.283083 -1.237664
36.544706 57.283083 50.460936
36.227277 7.939354 -2.430610
36.227277 7.939354 49.267990
37.393339 8.085920 -1.380611
37.393339 8.085920 50.317989
38.638500 6.569858 -2.355130
38.638500 6.569858 49.343470
38.638500 58.268458 -2.355130
38.638500 58.268458 49.343470
37.442453 5.567164 -2.353579
37.442453 5.567164 49.345021
37.442453 57.265764 -2.353579
37.442453 57.265764 49.345021
41.232218 19.205254 -0.127954
41.232218 19.205254 51.570646
42.296951 19.408688 -1.237664
42.296951 19.408688 50.460936
41.003194 20.264817 -1.237664
41.003194 20.264817 50.460936
41.320623 17.909946 -2.430610
41.320623 17.909946 49.267990
40.154561 17.763380 -1.380611
40.154561 17.763380 50.317989
38.909400 19.279442 -2.355130
38.909400 19.279442 49.343470
40.105447 20.282136 -2.353579
40.105447 20.282136 49.345021
40.098727 7.350507 41.095734
40.098727 59.049107 41.095734
38.902163 6.350139 41.161391
38.902163 58.048739 41.161391
40.230300 4.814432 40.114236
40.230300 56.513032 40.114236
41.276162 5.014506 41.276162
41.276162 56.713106 41.276162
41.789529 7.122775 40.381518
41.789529 58.821375 40.381518
42.018296 6.062953 39.271808
42.018296 57.761553 39.271808
40.724538 6.919082 39.271808
40.724538 58.617682 39.271808
37.449173 18.498793 41.095734
38.645737 19.499161 41.161391
37.317600 21.034868 40.114236
36.271738 20.834794 41.276162
35.758371 18.726525 40.381518
35.529604 19.786347 39.271808
36.823362 18.930218 39.271808
36.315682 6.280604 38.645996
36.315682 57.979204 38.645996
36.544706 7.340167 37.536286
36.544706 59.038767 37.536286
35.250949 6.484038 37.536286
35.250949 58.182638 37.536286
37.317600 4.814432 37.433664
37.317600 56.513032 37.433664
36.271738 5.014506 36.271738
36.271738 56.713106 36.271738
37.449173 7.350507 36.452166
37.449173 59.049107 36.452166
38.645737 6.350139 36.386509
38.645737 58.048739 36.386509
40.098727 18.498793 36.452166
38.902163 19.499161 36.386509
40.230300 21.034868 37.433664
41.276162 20.834794 36.271738
41.232218 19.568696 38.645996
41.003194 18.509133 37.536286
42.296951 19.365262 37.536286
-2.458268 6.644046 38.645996
-2.458268 58.342646 38.645996
49.240332 6.644046 38.645996
49.240332 58.342646 38.645996
-3.523001 6.440612 37.536286
-3.523001 58.139212 37.536286
48.175599 6.440612 37.536286
48.175599 58.139212 37.536286
-2.229244 5.584483 37.536286
-2.229244 57.283083 37.536286
49.469356 5.584483 37.536286
49.469356 57.283083 37.536286
-1.340286 8.110218 37.317600
50.358314 8.110218 37.317600
-2.502212 7.910144 36.271738
49.196388 7.910144 36.271738
-1.309784 5.554498 36.398141
-1.309784 57.253098 36.398141
50.388816 5.554498 36.398141
50.388816 57.253098 36.398141
-0.128213 6.574511 36.386509
-0.128213 58.273111 36.386509
51.570387 6.574511 36.386509
51.570387 58.273111 36.386509
-3.015579 20.047425 40.381518
48.683021 20.047425 40.381518
-1.950588 19.843732 39.271808
49.748012 19.843732 39.271808
-3.244346 18.987603 39.271808
48.454254 18.987603 39.271808
-1.340286 17.739082 40.230300
50.358314 17.739082 40.230300
-2.502212 17.939156 41.276162
49.196388 17.939156 41.276162
-1.309784 20.294802 41.149759
50.388816 20.294802 41.149759
-0.128213 19.274789 41.161391
51.570387 19.274789 41.161391
-3.015579 18.726525 27.456868
48.683021 18.726525 27.456868
-3.244346 19.786347 26.347158
48.454254 19.786347 26.347158
-1.950588 18.930218 26.347158
49.748012 18.930218 26.347158
-2.430610 20.864004 28.395973
49.267990 20.864004 28.395973
-1.380611 21.010570 27.229911
50.317989 21.010570 27.229911
-0.120458 19.474863 28.258455
51.578142 19.474863 28.258455
-1.331497 18.491814 28.202879
50.367103 18.491814 28.202879
-1.119016 19.228519 34.263247
50.579584 19.228519 34.263247
-1.119016 6.303869 30.360003
-1.119016 58.002469 30.360003
50.579584 6.303869 30.360003
50.579584 58.002469 30.360003
-1.119016 6.620781 43.284653
-1.119016 58.319381 43.284653
50.579584 6.620781 43.284653
50.579584 58.319381 43.284653
-1.119016 19.545431 -4.510703
-1.119016 19.545431 47.187897
50.579584 19.545431 -4.510703
50.579584 19.545431 47.187897
-0.120458 6.374437 -2.409155
-0.120458 6.374437 49.289445
-0.120458 58.073037 -2.409155
-0.120458 58.073037 49.289445
51.578142 6.374437 -2.409155
51.578142 6.374437 49.289445
51.578142 58.073037 -2.409155
51.578142 58.073037 49.289445
-1.331497 7.357486 -2.353579
-1.331497 7.357486 49.345021
-1.331497 59.056086 -2.353579
-1.331497 59.056086 49.345021
50.367103 7.357486 -2.353579
50.367103 7.357486 49.345021
50.367103 59.056086 -2.353579
50.367103 59.056086 49.345021
-2.430610 4.985296 -2.546673
-2.430610 4.985296 49.151927
-2.430610 56.683896 -2.546673
-2.430610 56.683896 49.151927
49.267990 4.985296 -2.546673
49.267990 4.985296 49.151927
49.267990 56.683896 -2.546673
49.267990 56.683896 49.151927
-1.380611 4.838730 -1.380611
-1.380611 4.838730 50.317989
-1.380611 56.537330 -1.380611
-1.380611 56.537330 50.317989
50.317989 4.838730 -1.380611
50.317989 4.838730 50.317989
50.317989 56.537330 -1.380611
50.317989 56.537330 50.317989
-2.458268 6.280604 -0.127954
-2.458268 6.280604 51.570646
-2.458268 57.979204 -0.127954
-2.458268 57.979204 51.570646
49.240332 6.280604 -0.127954
49.240332 6.280604 51.570646
49.240332 57.979204 -0.127954
49.240332 57.979204 51.570646
-2.229244 7.340167 -1.237664
-2.229244 7.340167 50.460936
-2.229244 59.038767 -1.237664
-2.229244 59.038767 50.460936
49.469356 7.340167 -1.237664
49.469356 7.340167 50.460936
49.469356 59.038767 -1.237664
49.469356 59.038767 50.460936
-3.523001 6.484038 -1.237664
-3.523001 6.484038 50.460936
-3.523001 58.182638 -1.237664
-3.523001 58.182638 50.460936
48.175599 6.484038 -1.237664
48.175599 6.484038 50.460936
48.175599 58.182638 -1.237664
48.175599 58.182638 50.460936
28.307568 19.568696 -0.127954
28.307568 19.568696 51.570646
28.078544 18.509133 -1.237664
28.078544 18.509133 50.460936
29.372301 19.365262 -1.237664
29.372301 19.365262 50.460936
28.279910 20.864004 -2.546673
28.279910 20.864004 49.151927
27.229911 21.010570 -1.380611
27.229911 21.010570 50.317989
25.969758 19.474863 -2.409155
25.969758 19.474863 49.289445
27.180797 18.491814 -2.353579
27.180797 18.491814 49.345021
26.968316 6.303869 -4.510703
26.968316 6.303869 47.187897
26.968316 58.002469 -4.510703
26.968316 58.002469 47.187897
26.968316 19.228519 43.284653
27.159084 5.554498 41.149759
27.159084 57.253098 41.149759
25.977513 6.574511 41.161391
25.977513 58.273111 41.161391
27.189586 8.110218 40.230300
28.351512 7.910144 41.276162
28.864879 5.801875 40.381518
28.864879 57.500475 40.381518
27.799888 6.005568 39.271808
27.799888 57.704168 39.271808
29.093646 6.861697 39.271808
29.093646 58.560297 39.271808
28.307568 19.205254 38.645996
29.372301 19.408688 37.536286
28.078544 20.264817 37.536286
27.189586 17.739082 37.317600
28.351512 17.939156 36.271738
27.159084 20.294802 36.398141
25.977513 19.274789 36.386509
26.968316 19.545431 30.360003
26.968316 6.620781 34.263247
26.968316 58.319381 34.263247
25.969758 6.374437 28.258455
25.969758 58.073037 28.258455
27.180797 7.357486 28.202879
27.180797 59.056086 28.202879
28.279910 4.985296 28.395973
28.279910 56.683896 28.395973
27.229911 4.838730 27.229911
27.229911 56.537330 27.229911
28.864879 7.122775 27.456868
28.864879 58.821375 27.456868
29.093646 6.062953 26.347158
29.093646 57.761553 26.347158
27.799888 6.919082 26.347158
27.799888 58.617682 26.347158
38.638500 19.279442 28.204430
37.442453 20.282136 28.202879
36.227277 17.909946 28.279910
37.393339 17.763380 27.229911
35.758371 20.047425 27.456868
36.823362 19.843732 26.347158
35.529604 18.987603 26.347158
41.789529 5.801875 27.456868
41.789529 57.500475 27.456868
40.724538 6.005568 26.347158
40.724538 57.704168 26.347158
42.018296 6.861697 26.347158
42.018296 58.560297 26.347158
41.320623 7.939354 28.279910
40.154561 8.085920 27.229911
38.909400 6.569858 28.204430
38.909400 58.268458 28.204430
40.105447 5.567164 28.202879
40.105447 57.265764 28.202879
32.972075 1.607568 28.864879
32.972075 53.306168 28.864879
31.912253 0.497858 29.093646
31.912253 52.196458 29.093646
32.768382 0.497858 27.799888
32.768382 52.196458 27.799888
30.663732 1.340286 27.305650
30.663732 53.038886 27.305650
30.863806 2.502212 28.351512
30.863806 54.200812 28.351512
33.199807 2.321784 27.174077
33.199807 54.020384 27.174077
32.199439 2.387441 25.977513
32.199439 54.086041 25.977513
-5.554498 10.548841 27.159084
46.144102 10.548841 27.159084
-6.574511 10.537209 25.977513
45.124089 10.537209 25.977513
43.588382 11.468300 27.189586
43.788456 10.422438 28.351512
-6.644046 12.796696 28.307568
45.054554 12.796696 28.307568
-6.440612 11.686986 29.372301
45.257988 11.686986 29.372301
-5.584483 11.686986 28.078544
46.114117 11.686986 28.078544
31.651175 14.532218 28.864879
31.854868 13.422508 27.799888
32.710997 13.422508 29.093646
33.959518 14.381000 27.189586
33.759444 15.426862 28.351512
31.403798 15.300459 27.159084
32.423811 15.312091 25.977513
32.153169 21.338597 26.968316
32.470081 8.413947 26.968316
-6.303869 4.510703 26.968316
-6.303869 56.209303 26.968316
45.394731 4.510703 26.968316
45.394731 56.209303 26.968316
-6.620781 17.435353 26.968316
45.077819 17.435353 26.968316
-7.350507 23.527516 27.174077
44.348093 23.527516 27.174077
-6.350139 23.461859 25.977513
45.348461 23.461859 25.977513
-4.814432 24.509014 27.305650
46.884168 24.509014 27.305650
-5.014506 23.347088 28.351512
46.684094 23.347088 28.351512
-6.280604 25.721346 28.307568
45.417996 25.721346 28.307568
-7.340167 24.611636 28.078544
44.358433 24.611636 28.078544
-6.484038 24.611636 29.372301
45.214562 24.611636 29.372301
32.493346 25.721346 36.315682
32.289912 24.611636 35.250949
31.433783 24.611636 36.544706
33.788654 23.418690 36.227277
33.935220 24.468689 37.393339
32.419158 23.494170 38.638500
31.416464 23.495721 37.442453
32.470081 21.338597 39.892966
-6.303869 17.435353 39.892966
45.394731 17.435353 39.892966
32.153169 17.435353 37.654934
-6.569858 23.494170 38.909400
45.128742 23.494170 38.909400
-5.567164 23.495721 40.105447
46.131436 23.495721 40.105447
43.759246 23.418690 41.320623
43.612680 24.468689 40.154561
-6.644046 25.721346 41.232218
45.054554 25.721346 41.232218
-6.440612 24.611636 42.296951
45.257988 24.611636 42.296951
-5.584483 24.611636 41.003194
46.114117 24.611636 41.003194
32.129904 25.721346 -2.458268
32.129904 25.721346 49.240332
33.189467 24.611636 -2.229244
33.189467 24.611636 49.469356
32.333338 24.611636 -3.523001
32.333338 24.611636 48.175599
30.663732 24.509014 -1.456350
30.663732 24.509014 50.242250
30.863806 23.347088 -2.502212
30.863806 23.347088 49.196388
33.199807 23.527516 -1.324777
33.199807 23.527516 50.373823
32.199439 23.461859 -0.128213
32.199439 23.461859 51.570387
-6.303869 21.338597 -1.119016
-6.303869 21.338597 50.579584
45.394731 21.338597 -1.119016
45.394731 21.338597 50.579584
-5.554498 15.300459 -1.309784
-5.554498 15.300459 50.388816
46.144102 15.300459 -1.309784
46.144102 15.300459 50.388816
-6.574511 15.312091 -0.128213
-6.574511 15.312091 51.570387
45.124089 15.312091 -0.128213
45.124089 15.312091 51.570387
43.588382 14.381000 -1.340286
43.588382 14.381000 50.358314
43.788456 15.426862 -2.502212
43.788456 15.426862 49.196388
-5.801875 14.532218 -3.015579
-5.801875 14.532218 48.683021
45.896725 14.532218 -3.015579
45.896725 14.532218 48.683021
-6.005568 13.422508 -1.950588
-6.005568 13.422508 49.748012
45.693032 13.422508 -1.950588
45.693032 13.422508 49.748012
-6.861697 13.422508 -3.244346
-6.861697 13.422508 48.454254
44.836903 13.422508 -3.244346
44.836903 13.422508 48.454254
32.493346 12.796696 -2.458268
32.493346 12.796696 49.240332
32.289912 11.686986 -3.523001
32.289912 11.686986 48.175599
31.433783 11.686986 -2.229244
31.433783 11.686986 49.469356
33.959518 11.468300 -1.340286
33.959518 11.468300 50.358314
33.759444 10.422438 -2.502212
33.759444 10.422438 49.196388
31.403798 10.548841 -1.309784
31.403798 10.548841 50.388816
32.423811 10.537209 -0.128213
32.423811 10.537209 51.570387
-6.620781 8.413947 -1.119016
-6.620781 8.413947 50.579584
45.077819 8.413947 -1.119016
45.077819 8.413947 50.579584
32.153169 4.510703 -1.119016
32.153169 4.510703 50.579584
32.153169 56.209303 -1.119016
32.153169 56.209303 50.579584
30.360003 14.043666 -6.620781
30.360003 14.043666 45.077819
34.239724 11.762465 -6.305678
34.239724 11.762465 45.392922
32.223737 15.333805 38.894408
33.206786 15.278229 40.105447
30.834596 15.471323 41.204560
30.688030 14.305261 40.154561
32.972075 14.532218 41.789529
31.912253 13.422508 42.018296
32.768382 13.422508 40.724538
-6.374437 15.333805 38.653492
45.324163 15.333805 38.653492
-7.357486 15.278229 37.442453
44.341114 15.278229 37.442453
-4.985296 15.471323 36.343340
46.713304 15.471323 36.343340
-4.838730 14.305261 37.393339
46.859870 14.305261 37.393339
-7.122775 14.532218 35.758371
44.575825 14.532218 35.758371
-6.062953 13.422508 35.529604
45.635647 13.422508 35.529604
-6.919082 13.422508 36.823362
44.779518 13.422508 36.823362
32.129904 12.796696 36.315682
33.189467 11.686986 36.544706
32.333338 11.686986 35.250949
30.834596 10.377977 36.343340
30.688030 11.544039 37.393339
32.223737 10.515495 38.653492
33.206786 10.571071 37.442453
-6.374437 10.515495 38.894408
45.324163 10.515495 38.894408
-7.357486 10.571071 40.105447
44.341114 10.571071 40.105447
-4.985296 10.377977 41.204560
46.713304 10.377977 41.204560
-4.838730 11.544039 40.154561
46.859870 11.544039 40.154561
-6.280604 12.796696 41.232218
45.417996 12.796696 41.232218
-7.340167 11.686986 41.003194
44.358433 11.686986 41.003194
-6.484038 11.686986 42.296951
45.214562 11.686986 42.296951
32.419158 2.355130 38.909400
32.419158 54.053730 38.909400
31.416464 2.353579 40.105447
31.416464 54.052179 40.105447
33.788654 2.430610 41.320623
33.788654 54.129210 41.320623
33.935220 1.380611 40.154561
33.935220 53.079211 40.154561
31.651175 1.607568 41.789529
31.651175 53.306168 41.789529
31.854868 0.497858 40.724538
31.854868 52.196458 40.724538
32.710997 0.497858 42.018296
32.710997 52.196458 42.018296
-6.569858 2.355130 38.638500
-6.569858 54.053730 38.638500
45.128742 2.355130 38.638500
45.128742 54.053730 38.638500
-5.567164 2.353579 37.442453
-5.567164 54.052179 37.442453
46.131436 2.353579 37.442453
46.131436 54.052179 37.442453
43.759246 2.430610 36.227277
43.759246 54.129210 36.227277
43.612680 1.380611 37.393339
43.612680 53.079211 37.393339
-5.801875 1.607568 35.758371
-5.801875 53.306168 35.758371
45.896725 1.607568 35.758371
45.896725 53.306168 35.758371
-6.005568 0.497858 36.823362
-6.005568 52.196458 36.823362
45.693032 0.497858 36.823362
45.693032 52.196458 36.823362
-6.861697 0.497858 35.529604
-6.861697 52.196458 35.529604
44.836903 0.497858 35.529604
44.836903 52.196458 35.529604
32.470081 17.435353 -1.119016
32.470081 17.435353 50.579584
37.647696 3.534116 -6.539097
37.647696 3.534116 45.159503
37.647696 55.232716 -6.539097
37.647696 55.232716 45.159503
37.435215 2.338328 -5.573885
37.435215 2.338328 46.124715
37.435215 54.036928 -5.573885
37.435215 54.036928 46.124715
38.635656 2.338328 -6.556416
38.635656 2.338328 45.142184
38.635656 54.036928 -6.556416
38.635656 54.036928 45.142184
37.317600 1.340286 43.588382
37.317600 53.038886 43.588382
36.271738 2.502212 43.788456
36.271738 54.200812 43.788456
36.398141 1.309784 -5.554498
36.398141 1.309784 46.144102
36.398141 53.008384 -5.554498
36.398141 53.008384 46.144102
36.386509 0.128213 -6.574511
36.386509 0.128213 45.124089
36.386509 51.826813 -6.574511
36.386509 51.826813 45.124089
28.171084 1.324777 33.199807
28.171084 53.023377 33.199807
28.236741 0.128213 32.199439
28.236741 51.826813 32.199439
27.189586 1.456350 30.663732
27.189586 53.154950 30.663732
28.351512 2.502212 30.863806
28.351512 54.200812 30.863806
26.975554 3.534116 32.234853
26.975554 55.232716 32.234853
25.987594 2.338328 32.217534
25.987594 54.036928 32.217534
27.188035 2.338328 33.200065
27.188035 54.036928 33.200065
26.458310 10.984919 -5.907082
26.458310 10.984919 45.791518
26.246087 9.789130 -6.872295
26.246087 9.789130 44.826305
27.446528 9.789130 -5.889763
27.446528 9.789130 45.808837
28.279910 10.377977 43.759246
27.229911 11.544039 43.612680
28.204430 12.789200 -6.569858
28.204430 12.789200 45.128742
28.202879 11.593153 -5.567164
28.202879 11.593153 46.131436
28.204430 13.060100 32.419158
28.202879 14.256147 31.416464
28.279910 15.471323 33.788654
27.229911 14.305261 33.935220
26.975554 16.458766 32.388397
27.188035 15.262978 31.423185
25.987594 15.262978 32.405716
26.458310 23.909569 -7.017568
26.458310 23.909569 44.681032
27.446528 22.713780 -7.034887
27.446528 22.713780 44.663713
26.246087 22.713780 -6.052355
26.246087 22.713780 45.646245
27.189586 24.392950 -4.814432
27.189586 24.392950 46.884168
28.351512 23.347088 -5.014506
28.351512 23.347088 46.684094
28.171084 24.524523 -7.350507
28.171084 24.524523 44.348093
28.236741 25.721087 -6.350139
28.236741 25.721087 45.348461
36.398141 24.539516 31.403798
36.386509 25.721087 32.423811
37.317600 24.509014 33.959518
36.271738 23.347088 33.759444
38.164940 23.909569 31.756382
38.377163 22.713780 32.721595
37.176722 22.713780 31.739063
39.382960 23.909569 -5.907082
39.382960 23.909569 45.791518
39.170737 22.713780 -6.872295
39.170737 22.713780 44.826305
40.371178 22.713780 -5.889763
40.371178 22.713780 45.808837
40.230300 24.509014 43.588382
41.276162 23.347088 43.788456
41.149759 24.539516 -5.554498
41.149759 24.539516 46.144102
41.161391 25.721087 -6.574511
41.161391 25.721087 45.124089
-2.321784 24.524523 33.199807
49.376816 24.524523 33.199807
-2.387441 25.721087 32.199439
49.311159 25.721087 32.199439
-1.340286 24.392950 30.663732
50.358314 24.392950 30.663732
-2.502212 23.347088 30.863806
49.196388 23.347088 30.863806
-0.609010 23.909569 32.866868
51.089590 23.909569 32.866868
-1.597228 22.713780 32.884187
50.101372 22.713780 32.884187
-0.396787 22.713780 31.901655
51.301813 22.713780 31.901655
-1.126254 16.458766 -6.539097
-1.126254 16.458766 45.159503
50.572346 16.458766 -6.539097
50.572346 16.458766 45.159503
-1.338735 15.262978 -5.573885
-1.338735 15.262978 46.124715
50.359865 15.262978 -5.573885
50.359865 15.262978 46.124715
-0.138294 15.262978 -6.556416
-0.138294 15.262978 45.142184
51.560306 15.262978 -6.556416
51.560306 15.262978 45.142184
-2.430610 15.471323 43.759246
49.267990 15.471323 43.759246
-1.380611 14.305261 43.612680
50.317989 14.305261 43.612680
-2.355130 13.060100 -6.569858
-2.355130 13.060100 45.128742
49.343470 13.060100 -6.569858
49.343470 13.060100 45.128742
-2.353579 14.256147 -5.567164
-2.353579 14.256147 46.131436
49.345021 14.256147 -5.567164
49.345021 14.256147 46.131436
-2.355130 12.789200 32.419158
49.343470 12.789200 32.419158
-2.353579 11.593153 31.416464
49.345021 11.593153 31.416464
-2.430610 10.377977 33.788654
49.267990 10.377977 33.788654
-1.380611 11.544039 33.935220
50.317989 11.544039 33.935220
-0.120458 10.515495 32.399513
51.578142 10.515495 32.399513
-1.331497 10.571071 31.416464
50.367103 10.571071 31.416464
-1.126254 3.534116 -6.385553
-1.126254 3.534116 45.313047
-1.126254 55.232716 -6.385553
-1.126254 55.232716 45.313047
50.572346 3.534116 -6.385553
50.572346 3.534116 45.313047
50.572346 55.232716 -6.385553
50.572346 55.232716 45.313047
-0.138294 2.338328 -6.368234
-0.138294 2.338328 45.330366
-0.138294 54.036928 -6.368234
-0.138294 54.036928 45.330366
51.560306 2.338328 -6.368234
51.560306 2.338328 45.330366
51.560306 54.036928 -6.368234
51.560306 54.036928 45.330366
-1.338735 2.338328 -7.350765
-1.338735 2.338328 44.347835
-1.338735 54.036928 -7.350765
-1.338735 54.036928 44.347835
50.359865 2.338328 -7.350765
50.359865 2.338328 44.347835
50.359865 54.036928 -7.350765
50.359865 54.036928 44.347835
-1.340286 1.456350 -4.814432
-1.340286 1.456350 46.884168
-1.340286 53.154950 -4.814432
-1.340286 53.154950 46.884168
50.358314 1.456350 -4.814432
50.358314 1.456350 46.884168
50.358314 53.154950 -4.814432
50.358314 53.154950 46.884168
-2.502212 2.502212 -5.014506
-2.502212 2.502212 46.684094
-2.502212 54.200812 -5.014506
-2.502212 54.200812 46.684094
49.196388 2.502212 -5.014506
49.196388 2.502212 46.684094
49.196388 54.200812 -5.014506
49.196388 54.200812 46.684094
-2.321784 1.324777 -7.350507
-2.321784 1.324777 44.348093
-2.321784 53.023377 -7.350507
-2.321784 53.023377 44.348093
49.376816 1.324777 -7.350507
49.376816 1.324777 44.348093
49.376816 53.023377 -7.350507
49.376816 53.023377 44.348093
-2.387441 0.128213 -6.350139
-2.387441 0.128213 45.348461
-2.387441 51.826813 -6.350139
-2.387441 51.826813 45.348461
49.311159 0.128213 -6.350139
49.311159 0.128213 45.348461
49.311159 51.826813 -6.350139
49.311159 51.826813 45.348461
41.149759 1.309784 31.403798
41.149759 53.008384 31.403798
41.161391 0.128213 32.423811
41.161391 51.826813 32.423811
40.230300 1.340286 33.959518
40.230300 53.038886 33.959518
41.276162 2.502212 33.759444
41.276162 54.200812 33.759444
39.900204 3.534116 32.388397
39.900204 55.232716 32.388397
40.112685 2.338328 31.423185
40.112685 54.036928 31.423185
38.912244 2.338328 32.405716
38.912244 54.036928 32.405716
39.382960 10.984919 -7.017568
39.382960 10.984919 44.681032
40.371178 9.789130 -7.034887
40.371178 9.789130 44.663713
39.170737 9.789130 -6.052355
39.170737 9.789130 45.646245
41.320623 10.494040 -4.985296
41.320623 10.494040 46.713304
40.154561 11.544039 -4.838730
40.154561 11.544039 46.859870
41.183105 12.804192 -6.374437
41.183105 12.804192 45.324163
41.127529 11.593153 -7.357486
41.127529 11.593153 44.341114
41.183105 13.045108 32.223737
41.127529 14.256147 33.206786
41.320623 15.355260 30.834596
40.154561 14.305261 30.688030
39.900204 16.458766 32.234853
38.912244 15.262978 32.217534
40.112685 15.262978 33.200065
37.647696 16.458766 -6.385553
37.647696 16.458766 45.313047
38.635656 15.262978 -6.368234
38.635656 15.262978 45.330366
37.435215 15.262978 -7.350765
37.435215 15.262978 44.347835
36.227277 15.355260 -4.985296
36.227277 15.355260 46.713304
37.393339 14.305261 -4.838730
37.393339 14.305261 46.859870
36.364795 13.045108 -6.374437
36.364795 13.045108 45.324163
36.420371 14.256147 -7.357486
36.420371 14.256147 44.341114
36.364795 12.804192 32.223737
36.420371 11.593153 33.206786
36.227277 10.494040 30.834596
37.393339 11.544039 30.688030
38.164940 10.984919 32.866868
37.176722 9.789130 32.884187
38.377163 9.789130 31.901655
30.360003 1.119016 -6.303869
30.360003 1.119016 45.394731
30.360003 52.817616 -6.303869
30.360003 52.817616 45.394731
34.263247 1.119016 32.470081
34.263247 52.817616 32.470081
-4.510703 1.119016 32.153169
-4.510703 52.817616 32.153169
47.187897 1.119016 32.153169
47.187897 52.817616 32.153169
43.284653 1.119016 -6.620781
43.284653 1.119016 45.077819
43.284653 52.817616 -6.620781
43.284653 52.817616 45.077819
-4.510703 24.730284 -6.303869
-4.510703 24.730284 45.394731
47.187897 24.730284 -6.303869
47.187897 24.730284 45.394731
43.284653 24.730284 32.470081
34.263247 24.730284 -6.620781
34.263247 24.730284 45.077819
30.360003 24.730284 32.153169
-4.510703 14.043666 32.470081
47.187897 14.043666 32.470081
43.308176 11.762465 32.154978
43.308176 14.086835 -6.305678
43.308176 14.086835 45.392922
-4.510703 11.805634 -6.620781
-4.510703 11.805634 45.077819
47.187897 11.805634 -6.620781
47.187897 11.805634 45.077819
30.360003 11.805634 32.470081
34.239724 14.086835 32.154978
-6.303869 8.413947 37.654934
45.394731 8.413947 37.654934
-6.620781 4.510703 39.892966
-6.620781 56.209303 39.892966
45.077819 4.510703 39.892966
45.077819 56.209303 39.892966
-6.620781 21.338597 37.654934
45.077819 21.338597 37.654934
32.153169 8.413947 39.892966
32.470081 4.510703 37.654934
32.470081 56.209303 37.654934
-7.350507 2.321784 -1.324777
-7.350507 2.321784 50.373823
-7.350507 54.020384 -1.324777
-7.350507 54.020384 50.373823
44.348093 2.321784 -1.324777
44.348093 2.321784 50.373823
44.348093 54.020384 -1.324777
44.348093 54.020384 50.373823
-6.350139 2.387441 -0.128213
-6.350139 2.387441 51.570387
-6.350139 54.086041 -0.128213
-6.350139 54.086041 51.570387
45.348461 2.387441 -0.128213
45.348461 2.387441 51.570387
45.348461 54.086041 -0.128213
45.348461 54.086041 51.570387
-4.814432 1.340286 -1.456350
-4.814432 1.340286 50.242250
-4.814432 53.038886 -1.456350
-4.814432 53.038886 50.242250
46.884168 1.340286 -1.456350
46.884168 1.340286 50.242250
46.884168 53.038886 -1.456350
46.884168 53.038886 50.242250
-5.014506 2.502212 -2.502212
-5.014506 2.502212 49.196388
-5.014506 54.200812 -2.502212
-5.014506 54.200812 49.196388
46.684094 2.502212 -2.502212
46.684094 2.502212 49.196388
46.684094 54.200812 -2.502212
46.684094 54.200812 49.196388
-7.122775 1.607568 -3.015579
-7.122775 1.607568 48.683021
-7.122775 53.306168 -3.015579
-7.122775 53.306168 48.683021
44.575825 1.607568 -3.015579
44.575825 1.607568 48.683021
44.575825 53.306168 -3.015579
44.575825 53.306168 48.683021
-6.062953 0.497858 -3.244346
-6.062953 0.497858 48.454254
-6.062953 52.196458 -3.244346
-6.062953 52.196458 48.454254
45.635647 0.497858 -3.244346
45.635647 0.497858 48.454254
45.635647 52.196458 -3.244346
45.635647 52.196458 48.454254
-6.919082 0.497858 -1.950588
-6.919082 0.497858 49.748012
-6.919082 52.196458 -1.950588
-6.919082 52.196458 49.748012
44.779518 0.497858 -1.950588
44.779518 0.497858 49.748012
44.779518 52.196458 -1.950588
44.779518 52.196458 49.748012
33.431417 33.431417 5.342533
33.431417 33.431417 57.041133
32.311625 32.311625 6.462325
32.311625 32.311625 58.160925
33.119157 33.119157 3.464065
33.119157 33.119157 55.162665
32.311625 32.311625 2.891761
32.311625 32.311625 54.590361
32.311625 32.311625 1.408011
32.311625 32.311625 53.106611
32.401581 33.419784 0.687074
32.401581 33.419784 52.385674
-7.582117 -7.582117 5.342533
-7.582117 -7.582117 57.041133
-7.582117 44.116483 5.342533
-7.582117 44.116483 57.041133
44.116483 -7.582117 5.342533
44.116483 -7.582117 57.041133
44.116483 44.116483 5.342533
44.116483 44.116483 57.041133
-6.462325 -6.462325 6.462325
-6.462325 -6.462325 58.160925
-6.462325 45.236275 6.462325
-6.462325 45.236275 58.160925
45.236275 -6.462325 6.462325
45.236275 -6.462325 58.160925
45.236275 45.236275 6.462325
45.236275 45.236275 58.160925
-7.269857 -7.269857 3.464065
-7.269857 -7.269857 55.162665
-7.269857 44.428743 3.464065
-7.269857 44.428743 55.162665
44.428743 -7.269857 3.464065
44.428743 -7.269857 55.162665
44.428743 44.428743 3.464065
44.428743 44.428743 55.162665
-6.462325 -6.462325 2.891761
-6.462325 -6.462325 54.590361
-6.462325 45.236275 2.891761
-6.462325 45.236275 54.590361
45.236275 -6.462325 2.891761
45.236275 -6.462325 54.590361
45.236275 45.236275 2.891761
45.236275 45.236275 54.590361
-6.462325 -6.462325 1.408011
-6.462325 -6.462325 53.106611
-6.462325 45.236275 1.408011
-6.462325 45.236275 53.106611
45.236275 -6.462325 1.408011
45.236275 -6.462325 53.106611
45.236275 45.236275 1.408011
45.236275 45.236275 53.106611
-6.552281 -7.570484 0.687074
-6.552281 -7.570484 52.385674
-6.552281 44.128116 0.687074
-6.552281 44.128116 52.385674
45.146319 -7.570484 0.687074
45.146319 -7.570484 52.385674
45.146319 44.128116 0.687074
45.146319 44.128116 52.385674
-7.582117 33.431417 20.506767
44.116483 33.431417 20.506767
-6.462325 32.311625 19.386975
45.236275 32.311625 19.386975
-7.269857 33.119157 22.385235
44.428743 33.119157 22.385235
-6.462325 32.311625 22.957539
45.236275 32.311625 22.957539
-6.462325 32.311625 24.441289
45.236275 32.311625 24.441289
-6.552281 33.419784 25.162226
45.146319 33.419784 25.162226
33.431417 -7.582117 20.506767
33.431417 44.116483 20.506767
32.311625 -6.462325 19.386975
32.311625 45.236275 19.386975
33.119157 -7.269857 22.385235
33.119157 44.428743 22.385235
32.311625 -6.462325 22.957539
32.311625 45.236275 22.957539
32.311625 -6.462325 24.441289
32.311625 45.236275 24.441289
32.401581 -7.570484 25.162226
32.401581 44.128116 25.162226
31.191833 33.431417 7.582117
31.191833 33.431417 59.280717
29.313365 33.119157 7.269857
29.313365 33.119157 58.968457
28.741061 32.311625 6.462325
28.741061 32.311625 58.160925
27.257311 32.311625 6.462325
27.257311 32.311625 58.160925
26.536374 32.401581 7.570484
26.536374 32.401581 59.269084
31.191833 -7.582117 18.267183
31.191833 44.116483 18.267183
29.313365 -7.269857 18.579443
29.313365 44.428743 18.579443
28.741061 -6.462325 19.386975
28.741061 45.236275 19.386975
27.257311 -6.462325 19.386975
27.257311 45.236275 19.386975
26.536374 -6.552281 18.278816
26.536374 45.146319 18.278816
-5.342533 -7.582117 7.582117
-5.342533 -7.582117 59.280717
-5.342533 44.116483 7.582117
-5.342533 44.116483 59.280717
46.356067 -7.582117 7.582117
46.356067 -7.582117 59.280717
46.356067 44.116483 7.582117
46.356067 44.116483 59.280717
-3.464065 -7.269857 7.269857
-3.464065 -7.269857 58.968457
-3.464065 44.428743 7.269857
-3.464065 44.428743 58.968457
48.234535 -7.269857 7.269857
48.234535 -7.269857 58.968457
48.234535 44.428743 7.269857
48.234535 44.428743 58.968457
-2.891761 -6.462325 6.462325
-2.891761 -6.462325 58.160925
-2.891761 45.236275 6.462325
-2.891761 45.236275 58.160925
48.806839 -6.462325 6.462325
48.806839 -6.462325 58.160925
48.806839 45.236275 6.462325
48.806839 45.236275 58.160925
-1.408011 -6.462325 6.462325
-1.408011 -6.462325 58.160925
-1.408011 45.236275 6.462325
-1.408011 45.236275 58.160925
50.290589 -6.462325 6.462325
50.290589 -6.462325 58.160925
50.290589 45.236275 6.462325
50.290589 45.236275 58.160925
-0.687074 -6.552281 7.570484
-0.687074 -6.552281 59.269084
-0.687074 45.146319 7.570484
-0.687074 45.146319 59.269084
51.011526 -6.552281 7.570484
51.011526 -6.552281 59.269084
51.011526 45.146319 7.570484
51.011526 45.146319 59.269084
-5.342533 33.431417 18.267183
46.356067 33.431417 18.267183
-3.464065 33.119157 18.579443
48.234535 33.119157 18.579443
-2.891761 32.311625 19.386975
48.806839 32.311625 19.386975
-1.408011 32.311625 19.386975
50.290589 32.311625 19.386975
-0.687074 32.401581 18.278816
51.011526 32.401581 18.278816
33.431417 31.191833 7.582117
33.431417 31.191833 59.280717
33.119157 29.313365 7.269857
33.119157 29.313365 58.968457
32.311625 28.741061 6.462325
32.311625 28.741061 58.160925
32.311625 27.257311 6.462325
32.311625 27.257311 58.160925
33.419784 26.536374 6.552281
33.419784 26.536374 58.250881
-7.582117 31.191833 18.267183
44.116483 31.191833 18.267183
-7.269857 29.313365 18.579443
44.428743 29.313365 18.579443
-6.462325 28.741061 19.386975
45.236275 28.741061 19.386975
-6.462325 27.257311 19.386975
45.236275 27.257311 19.386975
-7.570484 26.536374 19.297019
44.128116 26.536374 19.297019
33.431417 -5.342533 18.267183
33.431417 46.356067 18.267183
33.119157 -3.464065 18.579443
33.119157 48.234535 18.579443
32.311625 -2.891761 19.386975
32.311625 48.806839 19.386975
32.311625 -1.408011 19.386975
32.311625 50.290589 19.386975
33.419784 -0.687074 19.297019
33.419784 51.011526 19.297019
-7.582117 -5.342533 7.582117
-7.582117 -5.342533 59.280717
-7.582117 46.356067 7.582117
-7.582117 46.356067 59.280717
44.116483 -5.342533 7.582117
44.116483 -5.342533 59.280717
44.116483 46.356067 7.582117
44.116483 46.356067 59.280717
-7.269857 -3.464065 7.269857
-7.269857 -3.464065 58.968457
-7.269857 48.234535 7.269857
-7.269857 48.234535 58.968457
44.428743 -3.464065 7.269857
44.428743 -3.464065 58.968457
44.428743 48.234535 7.269857
44.428743 48.234535 58.968457
-6.462325 -2.891761 6.462325
-6.462325 -2.891761 58.160925
-6.462325 48.806839 6.462325
-6.462325 48.806839 58.160925
45.236275 -2.891761 6.462325
45.236275 -2.891761 58.160925
45.236275 48.806839 6.462325
45.236275 48.806839 58.160925
-6.462325 -1.408011 6.462325
-6.462325 -1.408011 58.160925
-6.462325 50.290589 6.462325
-6.462325 50.290589 58.160925
45.236275 -1.408011 6.462325
45.236275 -1.408011 58.160925
45.236275 50.290589 6.462325
45.236275 50.290589 58.160925
-7.570484 -0.687074 6.552281
-7.570484 -0.687074 58.250881
-7.570484 51.011526 6.552281
-7.570484 51.011526 58.250881
44.128116 -0.687074 6.552281
44.128116 -0.687074 58.250881
44.128116 51.011526 6.552281
44.128116 51.011526 58.250881
33.431417 33.431417 20.506767
32.311625 32.311625 19.386975
33.119157 33.119157 22.385235
32.311625 32.311625 22.957539
32.311625 32.311625 24.441289
36.181524 32.290429 24.803179
36.872734 33.334999 23.948084
-7.582117 -7.582117 20.506767
-7.582117 44.116483 20.506767
44.116483 -7.582117 20.506767
44.116483 44.116483 20.506767
-6.462325 -6.462325 19.386975
-6.462325 45.236275 19.386975
45.236275 -6.462325 19.386975
45.236275 45.236275 19.386975
-7.269857 -7.269857 22.385235
-7.269857 44.428743 22.385235
44.428743 -7.269857 22.385235
44.428743 44.428743 22.385235
-6.462325 -6.462325 22.957539
-6.462325 45.236275 22.957539
45.236275 -6.462325 22.957539
45.236275 45.236275 22.957539
-6.462325 -6.462325 24.441289
-6.462325 45.236275 24.441289
45.236275 -6.462325 24.441289
45.236275 45.236275 24.441289
41.366376 -6.441129 24.803179
41.366376 45.257471 24.803179
40.675166 -7.485699 23.948084
40.675166 44.212901 23.948084
33.431417 -7.582117 5.342533
33.431417 -7.582117 57.041133
33.431417 44.116483 5.342533
33.431417 44.116483 57.041133
32.311625 -6.462325 6.462325
32.311625 -6.462325 58.160925
32.311625 45.236275 6.462325
32.311625 45.236275 58.160925
33.119157 -7.269857 3.464065
33.119157 -7.269857 55.162665
33.119157 44.428743 3.464065
33.119157 44.428743 55.162665
32.311625 -6.462325 2.891761
32.311625 -6.462325 54.590361
32.311625 45.236275 2.891761
32.311625 45.236275 54.590361
32.311625 -6.462325 1.408011
32.311625 -6.462325 53.106611
32.311625 45.236275 1.408011
32.311625 45.236275 53.106611
36.181524 -6.441129 1.046121
36.181524 -6.441129 52.744721
36.181524 45.257471 1.046121
36.181524 45.257471 52.744721
36.872734 -7.485699 1.901216
36.872734 -7.485699 53.599816
36.872734 44.212901 1.901216
36.872734 44.212901 53.599816
-7.582117 33.431417 5.342533
-7.582117 33.431417 57.041133
44.116483 33.431417 5.342533
44.116483 33.431417 57.041133
-6.462325 32.311625 6.462325
-6.462325 32.311625 58.160925
45.236275 32.311625 6.462325
45.236275 32.311625 58.160925
-7.269857 33.119157 3.464065
-7.269857 33.119157 55.162665
44.428743 33.119157 3.464065
44.428743 33.119157 55.162665
-6.462325 32.311625 2.891761
-6.462325 32.311625 54.590361
45.236275 32.311625 2.891761
45.236275 32.311625 54.590361
-6.462325 32.311625 1.408011
-6.462325 32.311625 53.106611
45.236275 32.311625 1.408011
45.236275 32.311625 53.106611
41.366376 32.290429 1.046121
41.366376 32.290429 52.744721
40.675166 33.334999 1.901216
40.675166 33.334999 53.599816
33.431417 31.191833 18.267183
33.119157 29.313365 18.579443
32.311625 28.741061 19.386975
32.311625 27.257311 19.386975
32.290429 26.895421 15.517076
33.334999 27.750516 14.825866
-7.582117 31.191833 7.582117
-7.582117 31.191833 59.280717
44.116483 31.191833 7.582117
44.116483 31.191833 59.280717
-7.269857 29.313365 7.269857
-7.269857 29.313365 58.968457
44.428743 29.313365 7.269857
44.428743 29.313365 58.968457
-6.462325 28.741061 6.462325
-6.462325 28.741061 58.160925
45.236275 28.741061 6.462325
45.236275 28.741061 58.160925
-6.462325 27.257311 6.462325
-6.462325 27.257311 58.160925
45.236275 27.257311 6.462325
45.236275 27.257311 58.160925
-6.441129 26.895421 10.332224
45.257471 26.895421 10.332224
-7.485699 27.750516 11.023434
44.212901 27.750516 11.023434
-7.582117 -5.342533 18.267183
-7.582117 46.356067 18.267183
44.116483 -5.342533 18.267183
44.116483 46.356067 18.267183
-7.269857 -3.464065 18.579443
-7.269857 48.234535 18.579443
44.428743 -3.464065 18.579443
44.428743 48.234535 18.579443
-6.462325 -2.891761 19.386975
-6.462325 48.806839 19.386975
45.236275 -2.891761 19.386975
45.236275 48.806839 19.386975
-6.462325 -1.408011 19.386975
-6.462325 50.290589 19.386975
45.236275 -1.408011 19.386975
45.236275 50.290589 19.386975
-6.441129 -1.046121 15.517076
-6.441129 50.652479 15.517076
45.257471 -1.046121 15.517076
45.257471 50.652479 15.517076
-7.485699 -1.901216 14.825866
-7.485699 49.797384 14.825866
44.212901 -1.901216 14.825866
44.212901 49.797384 14.825866
33.431417 -5.342533 7.582117
33.431417 -5.342533 59.280717
33.431417 46.356067 7.582117
33.431417 46.356067 59.280717
33.119157 -3.464065 7.269857
33.119157 -3.464065 58.968457
33.119157 48.234535 7.269857
33.119157 48.234535 58.968457
32.311625 -2.891761 6.462325
32.311625 -2.891761 58.160925
32.311625 48.806839 6.462325
32.311625 48.806839 58.160925
32.311625 -1.408011 6.462325
32.311625 -1.408011 58.160925
32.311625 50.290589 6.462325
32.311625 50.290589 58.160925
32.290429 -1.046121 10.332224
32.290429 50.652479 10.332224
33.334999 -1.901216 11.023434
33.334999 49.797384 11.023434
31.191833 33.431417 18.267183
29.313365 33.119157 18.579443
28.741061 32.311625 19.386975
27.257311 32.311625 19.386975
26.895421 36.181524 19.408171
27.750516 36.872734 18.363601
31.191833 -7.582117 7.582117
31.191833 -7.582117 59.280717
31.191833 44.116483 7.582117
31.191833 44.116483 59.280717
29.313365 -7.269857 7.269857
29.313365 -7.269857 58.968457
29.313365 44.428743 7.269857
29.313365 44.428743 58.968457
28.741061 -6.462325 6.462325
28.741061 -6.462325 58.160925
28.741061 45.236275 6.462325
28.741061 45.236275 58.160925
27.257311 -6.462325 6.462325
27.257311 -6.462325 58.160925
27.257311 45.236275 6.462325
27.257311 45.236275 58.160925
26.895421 41.366376 6.441129
26.895421 41.366376 58.139729
27.750516 40.675166 7.485699
27.750516 40.675166 59.184299
-5.342533 33.431417 7.582117
-5.342533 33.431417 59.280717
46.356067 33.431417 7.582117
46.356067 33.431417 59.280717
-3.464065 33.119157 7.269857
-3.464065 33.119157 58.968457
48.234535 33.119157 7.269857
48.234535 33.119157 58.968457
-2.891761 32.311625 6.462325
-2.891761 32.311625 58.160925
48.806839 32.311625 6.462325
48.806839 32.311625 58.160925
-1.408011 32.311625 6.462325
-1.408011 32.311625 58.160925
50.290589 32.311625 6.462325
50.290589 32.311625 58.160925
-1.311076 34.667789 6.706859
-1.311076 34.667789 58.405459
50.387524 34.667789 6.706859
50.387524 34.667789 58.405459
-1.046121 36.181524 6.441129
-1.046121 36.181524 58.139729
50.652479 36.181524 6.441129
50.652479 36.181524 58.139729
-1.901216 36.872734 7.485699
-1.901216 36.872734 59.184299
49.797384 36.872734 7.485699
49.797384 36.872734 59.184299
-5.342533 -7.582117 18.267183
-5.342533 44.116483 18.267183
46.356067 -7.582117 18.267183
46.356067 44.116483 18.267183
-3.464065 -7.269857 18.579443
-3.464065 44.428743 18.579443
48.234535 -7.269857 18.579443
48.234535 44.428743 18.579443
-2.891761 -6.462325 19.386975
-2.891761 45.236275 19.386975
48.806839 -6.462325 19.386975
48.806839 45.236275 19.386975
-1.408011 -6.462325 19.386975
-1.408011 45.236275 19.386975
50.290589 -6.462325 19.386975
50.290589 45.236275 19.386975
-1.046121 41.366376 19.408171
50.652479 41.366376 19.408171
-1.901216 40.675166 18.363601
49.797384 40.675166 18.363601
-6.552281 -7.570484 25.162226
-6.552281 44.128116 25.162226
45.146319 -7.570484 25.162226
45.146319 44.128116 25.162226
-6.706859 42.880111 24.538224
44.991741 42.880111 24.538224
-6.441129 41.366376 24.803179
45.257471 41.366376 24.803179
-7.485699 40.675166 23.948084
44.212901 40.675166 23.948084
32.401581 33.419784 25.162226
32.556159 34.667789 24.538224
32.290429 36.181524 24.803179
33.334999 36.872734 23.948084
32.401581 -7.570484 0.687074
32.401581 -7.570484 52.385674
32.401581 44.128116 0.687074
32.401581 44.128116 52.385674
32.556159 42.880111 1.311076
32.556159 42.880111 53.009676
32.290429 41.366376 1.046121
32.290429 41.366376 52.744721
33.334999 40.675166 1.901216
33.334999 40.675166 53.599816
-6.552281 33.419784 0.687074
-6.552281 33.419784 52.385674
45.146319 33.419784 0.687074
45.146319 33.419784 52.385674
-6.706859 34.667789 1.311076
-6.706859 34.667789 53.009676
44.991741 34.667789 1.311076
44.991741 34.667789 53.009676
-6.441129 36.181524 1.046121
-6.441129 36.181524 52.744721
45.257471 36.181524 1.046121
45.257471 36.181524 52.744721
-7.485699 36.872734 1.901216
-7.485699 36.872734 53.599816
44.212901 36.872734 1.901216
44.212901 36.872734 53.599816
-0.687074 -6.552281 18.278816
-0.687074 45.146319 18.278816
51.011526 -6.552281 18.278816
51.011526 45.146319 18.278816
-1.311076 -6.706859 17.030811
-1.311076 44.991741 17.030811
50.387524 -6.706859 17.030811
50.387524 44.991741 17.030811
-1.046121 -6.441129 15.517076
-1.046121 45.257471 15.517076
50.652479 -6.441129 15.517076
50.652479 45.257471 15.517076
-1.901216 -7.485699 14.825866
-1.901216 44.212901 14.825866
49.797384 -7.485699 14.825866
49.797384 44.212901 14.825866
-0.687074 32.401581 7.570484
-0.687074 32.401581 59.269084
51.011526 32.401581 7.570484
51.011526 32.401581 59.269084
-1.311076 32.556159 8.818489
50.387524 32.556159 8.818489
-1.046121 32.290429 10.332224
50.652479 32.290429 10.332224
-1.901216 33.334999 11.023434
49.797384 33.334999 11.023434
26.536374 32.401581 18.278816
27.160376 32.556159 17.030811
26.895421 32.290429 15.517076
27.750516 33.334999 14.825866
26.536374 -6.552281 7.570484
26.536374 -6.552281 59.269084
26.536374 45.146319 7.570484
26.536374 45.146319 59.269084
27.160376 -6.706859 8.818489
27.160376 44.991741 8.818489
26.895421 -6.441129 10.332224
26.895421 45.257471 10.332224
27.750516 -7.485699 11.023434
27.750516 44.212901 11.023434
-7.570484 -0.687074 19.297019
-7.570484 51.011526 19.297019
44.128116 -0.687074 19.297019
44.128116 51.011526 19.297019
42.880111 -1.311076 19.142441
42.880111 50.387524 19.142441
41.366376 -1.046121 19.408171
41.366376 50.652479 19.408171
40.675166 -1.901216 18.363601
40.675166 49.797384 18.363601
33.419784 -0.687074 6.552281
33.419784 -0.687074 58.250881
33.419784 51.011526 6.552281
33.419784 51.011526 58.250881
34.667789 -1.311076 6.706859
34.667789 -1.311076 58.405459
34.667789 50.387524 6.706859
34.667789 50.387524 58.405459
36.181524 -1.046121 6.441129
36.181524 -1.046121 58.139729
36.181524 50.652479 6.441129
36.181524 50.652479 58.139729
36.872734 -1.901216 7.485699
36.872734 -1.901216 59.184299
36.872734 49.797384 7.485699
36.872734 49.797384 59.184299
-7.570484 26.536374 6.552281
-7.570484 26.536374 58.250881
44.128116 26.536374 6.552281
44.128116 26.536374 58.250881
42.880111 27.160376 6.706859
42.880111 27.160376 58.405459
41.366376 26.895421 6.441129
41.366376 26.895421 58.139729
40.675166 27.750516 7.485699
40.675166 27.750516 59.184299
33.419784 26.536374 19.297019
34.667789 27.160376 19.142441
36.181524 26.895421 19.408171
36.872734 27.750516 18.363601
33.119157 -5.654793 16.388715
33.119157 46.043807 16.388715
32.311625 -6.462325 15.816411
32.311625 45.236275 15.816411
32.311625 -6.462325 14.332661
32.311625 45.236275 14.332661
32.401581 -5.354166 13.611724
32.401581 46.344434 13.611724
-7.269857 31.504093 16.388715
44.428743 31.504093 16.388715
-6.462325 32.311625 15.816411
45.236275 32.311625 15.816411
-6.462325 32.311625 14.332661
45.236275 32.311625 14.332661
-6.552281 31.203466 13.611724
45.146319 31.203466 13.611724
-7.269857 -5.654793 9.460585
-7.269857 46.043807 9.460585
44.428743 -5.654793 9.460585
44.428743 46.043807 9.460585
-6.462325 -6.462325 10.032889
-6.462325 45.236275 10.032889
45.236275 -6.462325 10.032889
45.236275 45.236275 10.032889
-6.462325 -6.462325 11.516639
-6.462325 45.236275 11.516639
45.236275 -6.462325 11.516639
45.236275 45.236275 11.516639
-6.552281 -5.354166 12.237576
-6.552281 46.344434 12.237576
45.146319 -5.354166 12.237576
45.146319 46.344434 12.237576
33.119157 31.504093 9.460585
32.311625 32.311625 10.032889
32.311625 32.311625 11.516639
32.401581 31.203466 12.237576
31.191833 -5.342533 20.506767
31.191833 46.356067 20.506767
29.313365 -5.654793 20.194507
29.313365 46.043807 20.194507
26.536374 -6.372369 20.495134
26.536374 45.326231 20.495134
27.160376 -6.217791 21.743139
27.160376 45.480809 21.743139
26.895421 -6.483521 23.256874
26.895421 45.215079 23.256874
27.750516 -5.438951 23.948084
27.750516 46.259649 23.948084
31.191833 31.191833 5.342533
31.191833 31.191833 57.041133
29.313365 31.504093 5.654793
29.313365 31.504093 57.353393
26.536374 32.221669 5.354166
26.536374 32.221669 57.052766
27.160376 32.067091 4.106161
27.160376 32.067091 55.804761
26.895421 32.332821 2.592426
26.895421 32.332821 54.291026
27.750516 31.288251 1.901216
27.750516 31.288251 53.599816
-5.342533 31.191833 20.506767
46.356067 31.191833 20.506767
-3.464065 31.504093 20.194507
48.234535 31.504093 20.194507
-0.687074 32.221669 20.495134
51.011526 32.221669 20.495134
-1.311076 32.067091 21.743139
50.387524 32.067091 21.743139
-1.046121 32.332821 23.256874
50.652479 32.332821 23.256874
-1.901216 31.288251 23.948084
49.797384 31.288251 23.948084
-5.342533 -5.342533 5.342533
-5.342533 -5.342533 57.041133
-5.342533 46.356067 5.342533
-5.342533 46.356067 57.041133
46.356067 -5.342533 5.342533
46.356067 -5.342533 57.041133
46.356067 46.356067 5.342533
46.356067 46.356067 57.041133
-3.464065 -5.654793 5.654793
-3.464065 -5.654793 57.353393
-3.464065 46.043807 5.654793
-3.464065 46.043807 57.353393
48.234535 -5.654793 5.654793
48.234535 -5.654793 57.353393
48.234535 46.043807 5.654793
48.234535 46.043807 57.353393
-0.687074 -6.372369 5.354166
-0.687074 -6.372369 57.052766
-0.687074 45.326231 5.354166
-0.687074 45.326231 57.052766
51.011526 -6.372369 5.354166
51.011526 -6.372369 57.052766
51.011526 45.326231 5.354166
51.011526 45.326231 57.052766
-1.311076 -6.217791 4.106161
-1.311076 -6.217791 55.804761
-1.311076 45.480809 4.106161
-1.311076 45.480809 55.804761
50.387524 -6.217791 4.106161
50.387524 -6.217791 55.804761
50.387524 45.480809 4.106161
50.387524 45.480809 55.804761
-1.046121 -6.483521 2.592426
-1.046121 -6.483521 54.291026
-1.046121 45.215079 2.592426
-1.046121 45.215079 54.291026
50.652479 -6.483521 2.592426
50.652479 -6.483521 54.291026
50.652479 45.215079 2.592426
50.652479 45.215079 54.291026
-1.901216 -5.438951 1.901216
-1.901216 -5.438951 53.599816
-1.901216 46.259649 1.901216
-1.901216 46.259649 53.599816
49.797384 -5.438951 1.901216
49.797384 -5.438951 53.599816
49.797384 46.259649 1.901216
49.797384 46.259649 53.599816
33.119157 42.238015 20.194507
32.311625 41.665711 19.386975
32.311625 40.181961 19.386975
33.419784 39.461024 19.476931
34.667789 40.085026 19.631509
36.181524 39.820071 19.365779
36.872734 40.675166 20.410349
-7.269857 42.238015 5.654793
-7.269857 42.238015 57.353393
44.428743 42.238015 5.654793
44.428743 42.238015 57.353393
-6.462325 41.665711 6.462325
-6.462325 41.665711 58.160925
45.236275 41.665711 6.462325
45.236275 41.665711 58.160925
-6.462325 40.181961 6.462325
-6.462325 40.181961 58.160925
45.236275 40.181961 6.462325
45.236275 40.181961 58.160925
-7.570484 39.461024 6.372369
-7.570484 39.461024 58.070969
44.128116 39.461024 6.372369
44.128116 39.461024 58.070969
42.880111 40.085026 6.217791
42.880111 40.085026 57.916391
41.366376 39.820071 6.483521
41.366376 39.820071 58.182121
40.675166 40.675166 5.438951
40.675166 40.675166 57.137551
33.119157 35.309885 5.654793
33.119157 35.309885 57.353393
32.311625 35.882189 6.462325
32.311625 35.882189 58.160925
32.311625 37.365939 6.462325
32.311625 37.365939 58.160925
33.419784 38.086876 6.372369
33.419784 38.086876 58.070969
34.667789 37.462874 6.217791
34.667789 37.462874 57.916391
36.181524 37.727829 6.483521
36.181524 37.727829 58.182121
36.872734 36.872734 5.438951
36.872734 36.872734 57.137551
-7.269857 35.309885 20.194507
44.428743 35.309885 20.194507
-6.462325 35.882189 19.386975
45.236275 35.882189 19.386975
-6.462325 37.365939 19.386975
45.236275 37.365939 19.386975
-7.570484 38.086876 19.476931
44.128116 38.086876 19.476931
42.880111 37.462874 19.631509
41.366376 37.727829 19.365779
40.675166 36.872734 20.410349
33.119157 -5.654793 9.460585
33.119157 46.043807 9.460585
32.311625 -6.462325 10.032889
32.311625 45.236275 10.032889
32.311625 -6.462325 11.516639
32.311625 45.236275 11.516639
-7.269857 31.504093 9.460585
44.428743 31.504093 9.460585
-6.462325 32.311625 10.032889
45.236275 32.311625 10.032889
-6.462325 32.311625 11.516639
45.236275 32.311625 11.516639
33.119157 31.504093 16.388715
32.311625 32.311625 15.816411
32.311625 32.311625 14.332661
-7.269857 -5.654793 16.388715
-7.269857 46.043807 16.388715
44.428743 -5.654793 16.388715
44.428743 46.043807 16.388715
-6.462325 -6.462325 15.816411
-6.462325 45.236275 15.816411
45.236275 -6.462325 15.816411
45.236275 45.236275 15.816411
-6.462325 -6.462325 14.332661
-6.462325 45.236275 14.332661
45.236275 -6.462325 14.332661
45.236275 45.236275 14.332661
33.119157 42.238015 5.654793
33.119157 42.238015 57.353393
32.311625 41.665711 6.462325
32.311625 41.665711 58.160925
32.311625 40.181961 6.462325
32.311625 40.181961 58.160925
32.290429 39.820071 2.592426
32.290429 39.820071 54.291026
-7.269857 42.238015 20.194507
44.428743 42.238015 20.194507
-6.462325 41.665711 19.386975
45.236275 41.665711 19.386975
-6.462325 40.181961 19.386975
45.236275 40.181961 19.386975
-6.441129 39.820071 23.256874
45.257471 39.820071 23.256874
-7.269857 35.309885 5.654793
-7.269857 35.309885 57.353393
44.428743 35.309885 5.654793
44.428743 35.309885 57.353393
-6.462325 35.882189 6.462325
-6.462325 35.882189 58.160925
45.236275 35.882189 6.462325
45.236275 35.882189 58.160925
-6.462325 37.365939 6.462325
-6.462325 37.365939 58.160925
45.236275 37.365939 6.462325
45.236275 37.365939 58.160925
-6.441129 37.727829 2.592426
-6.441129 37.727829 54.291026
45.257471 37.727829 2.592426
45.257471 37.727829 54.291026
33.119157 35.309885 20.194507
32.311625 35.882189 19.386975
32.311625 37.365939 19.386975
32.290429 37.727829 23.256874
31.191833 -5.342533 5.342533
31.191833 -5.342533 57.041133
31.191833 46.356067 5.342533
31.191833 46.356067 57.041133
29.313365 -5.654793 5.654793
29.313365 -5.654793 57.353393
29.313365 46.043807 5.654793
29.313365 46.043807 57.353393
31.191833 31.191833 20.506767
29.313365 31.504093 20.194507
-5.342533 -5.342533 20.506767
-5.342533 46.356067 20.506767
46.356067 -5.342533 20.506767
46.356067 46.356067 20.506767
-3.464065 -5.654793 20.194507
-3.464065 46.043807 20.194507
48.234535 -5.654793 20.194507
48.234535 46.043807 20.194507
-5.342533 31.191833 5.342533
-5.342533 31.191833 57.041133
46.356067 31.191833 5.342533
46.356067 31.191833 57.041133
-3.464065 31.504093 5.654793
-3.464065 31.504093 57.353393
48.234535 31.504093 5.654793
48.234535 31.504093 57.353393
-6.552281 31.203466 12.237576
45.146319 31.203466 12.237576
-6.706859 29.955461 11.613574
44.991741 29.955461 11.613574
-6.441129 28.441726 11.878529
45.257471 28.441726 11.878529
32.401581 -5.354166 12.237576
32.401581 46.344434 12.237576
32.556159 -4.106161 11.613574
32.556159 47.592439 11.613574
32.290429 -2.592426 11.878529
32.290429 49.106174 11.878529
32.401581 31.203466 13.611724
32.556159 29.955461 14.235726
32.290429 28.441726 13.970771
-6.552281 -5.354166 13.611724
-6.552281 46.344434 13.611724
45.146319 -5.354166 13.611724
45.146319 46.344434 13.611724
-6.706859 -4.106161 14.235726
-6.706859 47.592439 14.235726
44.991741 -4.106161 14.235726
44.991741 47.592439 14.235726
-6.441129 -2.592426 13.970771
-6.441129 49.106174 13.970771
45.257471 -2.592426 13.970771
45.257471 49.106174 13.970771
-0.687074 32.221669 5.354166
-0.687074 32.221669 57.052766
51.011526 32.221669 5.354166
51.011526 32.221669 57.052766
-0.687074 -6.372369 20.495134
-0.687074 45.326231 20.495134
51.011526 -6.372369 20.495134
51.011526 45.326231 20.495134
26.536374 -6.372369 5.354166
26.536374 -6.372369 57.052766
26.536374 45.326231 5.354166
26.536374 45.326231 57.052766
26.536374 32.221669 20.495134
-7.570484 38.086876 6.372369
-7.570484 38.086876 58.070969
44.128116 38.086876 6.372369
44.128116 38.086876 58.070969
33.419784 38.086876 19.476931
-7.570484 39.461024 19.476931
44.128116 39.461024 19.476931
33.419784 39.461024 6.372369
33.419784 39.461024 58.070969
41.366376 32.332821 13.970771
40.675166 31.288251 14.825866
36.181524 -6.483521 13.970771
36.181524 45.215079 13.970771
36.872734 -5.438951 14.825866
36.872734 46.259649 14.825866
41.366376 -6.483521 11.878529
41.366376 45.215079 11.878529
40.675166 -5.438951 11.023434
40.675166 46.259649 11.023434
36.181524 32.332821 11.878529
36.872734 31.288251 11.023434
-1.046121 28.441726 19.365779
50.652479 28.441726 19.365779
-1.901216 27.750516 20.410349
49.797384 27.750516 20.410349
-1.046121 -2.592426 6.483521
-1.046121 -2.592426 58.182121
-1.046121 49.106174 6.483521
-1.046121 49.106174 58.182121
50.652479 -2.592426 6.483521
50.652479 -2.592426 58.182121
50.652479 49.106174 6.483521
50.652479 49.106174 58.182121
-1.901216 -1.901216 5.438951
-1.901216 -1.901216 57.137551
-1.901216 49.797384 5.438951
-1.901216 49.797384 57.137551
49.797384 -1.901216 5.438951
49.797384 -1.901216 57.137551
49.797384 49.797384 5.438951
49.797384 49.797384 57.137551
26.895421 28.441726 6.483521
26.895421 28.441726 58.182121
27.750516 27.750516 5.438951
27.750516 27.750516 57.137551
26.895421 -2.592426 19.365779
26.895421 49.106174 19.365779
27.750516 -1.901216 20.410349
27.750516 49.797384 20.410349
-5.654793 33.119157 16.388715
46.043807 33.119157 16.388715
-6.372369 33.419784 13.611724
45.326231 33.419784 13.611724
-6.217791 34.667789 14.235726
45.480809 34.667789 14.235726
-6.483521 36.181524 13.970771
45.215079 36.181524 13.970771
-5.438951 36.872734 14.825866
46.259649 36.872734 14.825866
31.504093 -7.269857 16.388715
31.504093 44.428743 16.388715
32.221669 -7.570484 13.611724
32.221669 44.128116 13.611724
32.067091 42.880111 14.235726
32.332821 41.366376 13.970771
31.288251 40.675166 14.825866
31.504093 33.119157 9.460585
32.221669 33.419784 12.237576
32.067091 34.667789 11.613574
32.332821 36.181524 11.878529
31.288251 36.872734 11.023434
-5.654793 -7.269857 9.460585
-5.654793 44.428743 9.460585
46.043807 -7.269857 9.460585
46.043807 44.428743 9.460585
-6.372369 -7.570484 12.237576
-6.372369 44.128116 12.237576
45.326231 -7.570484 12.237576
45.326231 44.128116 12.237576
-6.217791 42.880111 11.613574
45.480809 42.880111 11.613574
-6.483521 41.366376 11.878529
45.215079 41.366376 11.878529
-5.438951 40.675166 11.023434
46.259649 40.675166 11.023434
42.238015 33.119157 20.194507
41.665711 32.311625 19.386975
40.181961 32.311625 19.386975
39.461024 32.401581 20.495134
42.238015 -7.269857 5.654793
42.238015 -7.269857 57.353393
42.238015 44.428743 5.654793
42.238015 44.428743 57.353393
41.665711 -6.462325 6.462325
41.665711 -6.462325 58.160925
41.665711 45.236275 6.462325
41.665711 45.236275 58.160925
40.181961 -6.462325 6.462325
40.181961 -6.462325 58.160925
40.181961 45.236275 6.462325
40.181961 45.236275 58.160925
39.461024 -6.552281 5.354166
39.461024 -6.552281 57.052766
39.461024 45.146319 5.354166
39.461024 45.146319 57.052766
35.309885 -7.269857 20.194507
35.309885 44.428743 20.194507
35.882189 -6.462325 19.386975
35.882189 45.236275 19.386975
37.365939 -6.462325 19.386975
37.365939 45.236275 19.386975
38.086876 -6.552281 20.495134
38.086876 45.146319 20.495134
35.309885 33.119157 5.654793
35.309885 33.119157 57.353393
35.882189 32.311625 6.462325
35.882189 32.311625 58.160925
37.365939 32.311625 6.462325
37.365939 32.311625 58.160925
38.086876 32.401581 5.354166
38.086876 32.401581 57.052766
-5.654793 29.313365 20.194507
46.043807 29.313365 20.194507
-5.354166 26.536374 19.476931
46.344434 26.536374 19.476931
-4.106161 27.160376 19.631509
47.592439 27.160376 19.631509
-2.592426 26.895421 19.365779
49.106174 26.895421 19.365779
31.504093 29.313365 5.654793
31.504093 29.313365 57.353393
31.203466 26.536374 6.372369
31.203466 26.536374 58.070969
29.955461 27.160376 6.217791
29.955461 27.160376 57.916391
28.441726 26.895421 6.483521
28.441726 26.895421 58.182121
-5.654793 -3.464065 5.654793
-5.654793 -3.464065 57.353393
-5.654793 48.234535 5.654793
-5.654793 48.234535 57.353393
46.043807 -3.464065 5.654793
46.043807 -3.464065 57.353393
46.043807 48.234535 5.654793
46.043807 48.234535 57.353393
-5.354166 -0.687074 6.372369
-5.354166 -0.687074 58.070969
-5.354166 51.011526 6.372369
-5.354166 51.011526 58.070969
46.344434 -0.687074 6.372369
46.344434 -0.687074 58.070969
46.344434 51.011526 6.372369
46.344434 51.011526 58.070969
-4.106161 -1.311076 6.217791
-4.106161 -1.311076 57.916391
-4.106161 50.387524 6.217791
-4.106161 50.387524 57.916391
47.592439 -1.311076 6.217791
47.592439 -1.311076 57.916391
47.592439 50.387524 6.217791
47.592439 50.387524 57.916391
-2.592426 -1.046121 6.483521
-2.592426 -1.046121 58.182121
-2.592426 50.652479 6.483521
-2.592426 50.652479 58.182121
49.106174 -1.046121 6.483521
49.106174 -1.046121 58.182121
49.106174 50.652479 6.483521
49.106174 50.652479 58.182121
31.504093 -3.464065 20.194507
31.504093 48.234535 20.194507
31.203466 -0.687074 19.476931
31.203466 51.011526 19.476931
29.955461 -1.311076 19.631509
29.955461 50.387524 19.631509
28.441726 -1.046121 19.365779
28.441726 50.652479 19.365779
-5.654793 33.119157 9.460585
46.043807 33.119157 9.460585
-2.592426 32.290429 11.878529
49.106174 32.290429 11.878529
31.504093 -7.269857 9.460585
31.504093 44.428743 9.460585
28.441726 -6.441129 11.878529
28.441726 45.257471 11.878529
-5.654793 -7.269857 16.388715
-5.654793 44.428743 16.388715
46.043807 -7.269857 16.388715
46.043807 44.428743 16.388715
-2.592426 -6.441129 13.970771
-2.592426 45.257471 13.970771
49.106174 -6.441129 13.970771
49.106174 45.257471 13.970771
31.504093 33.119157 16.388715
28.441726 32.290429 13.970771
-5.654793 29.313365 5.654793
-5.654793 29.313365 57.353393
46.043807 29.313365 5.654793
46.043807 29.313365 57.353393
31.504093 29.313365 20.194507
31.504093 -3.464065 5.654793
31.504093 -3.464065 57.353393
31.504093 48.234535 5.654793
31.504093 48.234535 57.353393
-5.654793 -3.464065 20.194507
-5.654793 48.234535 20.194507
46.043807 -3.464065 20.194507
46.043807 48.234535 20.194507
42.238015 33.119157 5.654793
42.238015 33.119157 57.353393
41.665711 32.311625 6.462325
41.665711 32.311625 58.160925
40.181961 32.311625 6.462325
40.181961 32.311625 58.160925
42.238015 -7.269857 20.194507
42.238015 44.428743 20.194507
41.665711 -6.462325 19.386975
41.665711 45.236275 19.386975
40.181961 -6.462325 19.386975
40.181961 45.236275 19.386975
35.309885 33.119157 20.194507
35.882189 32.311625 19.386975
37.365939 32.311625 19.386975
35.309885 -7.269857 5.654793
35.309885 -7.269857 57.353393
35.309885 44.428743 5.654793
35.309885 44.428743 57.353393
35.882189 -6.462325 6.462325
35.882189 -6.462325 58.160925
35.882189 45.236275 6.462325
35.882189 45.236275 58.160925
37.365939 -6.462325 6.462325
37.365939 -6.462325 58.160925
37.365939 45.236275 6.462325
37.365939 45.236275 58.160925
32.221669 -7.570484 12.237576
32.221669 44.128116 12.237576
-6.372369 33.419784 12.237576
45.326231 33.419784 12.237576
-6.372369 -7.570484 13.611724
-6.372369 44.128116 13.611724
45.326231 -7.570484 13.611724
45.326231 44.128116 13.611724
32.221669 33.419784 13.611724
38.086876 -6.552281 5.354166
38.086876 -6.552281 57.052766
38.086876 45.146319 5.354166
38.086876 45.146319 57.052766
37.462874 -6.706859 4.106161
37.462874 -6.706859 55.804761
37.462874 44.991741 4.106161
37.462874 44.991741 55.804761
37.727829 -6.441129 2.592426
37.727829 -6.441129 54.291026
37.727829 45.257471 2.592426
37.727829 45.257471 54.291026
38.086876 32.401581 20.495134
37.462874 32.556159 21.743139
37.727829 32.290429 23.256874
39.461024 32.401581 5.354166
39.461024 32.401581 57.052766
40.085026 32.556159 4.106161
40.085026 32.556159 55.804761
39.820071 32.290429 2.592426
39.820071 32.290429 54.291026
39.461024 -6.552281 20.495134
39.461024 45.146319 20.495134
40.085026 -6.706859 21.743139
40.085026 44.991741 21.743139
39.820071 -6.441129 23.256874
39.820071 45.257471 23.256874
31.203466 -0.687074 6.372369
31.203466 -0.687074 58.070969
31.203466 51.011526 6.372369
31.203466 51.011526 58.070969
-5.354166 -0.687074 19.476931
-5.354166 51.011526 19.476931
46.344434 -0.687074 19.476931
46.344434 51.011526 19.476931
31.203466 26.536374 19.476931
-5.354166 26.536374 6.372369
-5.354166 26.536374 58.070969
46.344434 26.536374 6.372369
46.344434 26.536374 58.070969
32.332821 -1.046121 23.256874
32.332821 50.652479 23.256874
31.288251 -1.901216 23.948084
31.288251 49.797384 23.948084
-6.483521 -1.046121 2.592426
-6.483521 -1.046121 54.291026
-6.483521 50.652479 2.592426
-6.483521 50.652479 54.291026
45.215079 -1.046121 2.592426
45.215079 -1.046121 54.291026
45.215079 50.652479 2.592426
45.215079 50.652479 54.291026
-5.438951 -1.901216 1.901216
-5.438951 -1.901216 53.599816
-5.438951 49.797384 1.901216
-5.438951 49.797384 53.599816
46.259649 -1.901216 1.901216
46.259649 -1.901216 53.599816
46.259649 49.797384 1.901216
46.259649 49.797384 53.599816
-6.483521 26.895421 23.256874
45.215079 26.895421 23.256874
-5.438951 27.750516 23.948084
46.259649 27.750516 23.948084
32.332821 26.895421 2.592426
32.332821 26.895421 54.291026
31.288251 27.750516 1.901216
31.288251 27.750516 53.599816
37.727829 41.366376 19.365779
37.727829 36.181524 6.483521
37.727829 36.181524 58.182121
39.820071 41.366376 6.483521
39.820071 41.366376 58.182121
39.820071 36.181524 19.365779
-5.654793 -5.654793 3.464065
-5.654793 -5.654793 55.162665
-5.654793 46.043807 3.464065
-5.654793 46.043807 55.162665
46.043807 -5.654793 3.464065
46.043807 -5.654793 55.162665
46.043807 46.043807 3.464065
46.043807 46.043807 55.162665
-6.372369 -5.354166 0.687074
-6.372369 -5.354166 52.385674
-6.372369 46.344434 0.687074
-6.372369 46.344434 52.385674
45.326231 -5.354166 0.687074
45.326231 -5.354166 52.385674
45.326231 46.344434 0.687074
45.326231 46.344434 52.385674
-6.217791 -4.106161 1.311076
-6.217791 -4.106161 53.009676
-6.217791 47.592439 1.311076
-6.217791 47.592439 53.009676
45.480809 -4.106161 1.311076
45.480809 -4.106161 53.009676
45.480809 47.592439 1.311076
45.480809 47.592439 53.009676
-6.483521 -2.592426 1.046121
-6.483521 -2.592426 52.744721
-6.483521 49.106174 1.046121
-6.483521 49.106174 52.744721
45.215079 -2.592426 1.046121
45.215079 -2.592426 52.744721
45.215079 49.106174 1.046121
45.215079 49.106174 52.744721
31.504093 31.504093 3.464065
31.504093 31.504093 55.162665
32.221669 31.203466 0.687074
32.221669 31.203466 52.385674
32.067091 29.955461 1.311076
32.067091 29.955461 53.009676
32.332821 28.441726 1.046121
32.332821 28.441726 52.744721
31.504093 -5.654793 22.385235
31.504093 46.043807 22.385235
32.221669 -5.354166 25.162226
32.221669 46.344434 25.162226
32.067091 -4.106161 24.538224
32.067091 47.592439 24.538224
32.332821 -2.592426 24.803179
32.332821 49.106174 24.803179
-5.654793 31.504093 22.385235
46.043807 31.504093 22.385235
-6.372369 31.203466 25.162226
45.326231 31.203466 25.162226
-6.217791 29.955461 24.538224
45.480809 29.955461 24.538224
-6.483521 28.441726 24.803179
45.215079 28.441726 24.803179
42.238015 -5.654793 7.269857
42.238015 -5.654793 58.968457
42.238015 46.043807 7.269857
42.238015 46.043807 58.968457
39.461024 -6.372369 7.570484
39.461024 -6.372369 59.269084
39.461024 45.326231 7.570484
39.461024 45.326231 59.269084
40.085026 -6.217791 8.818489
40.085026 45.480809 8.818489
39.820071 -6.483521 10.332224
39.820071 45.215079 10.332224
42.238015 31.504093 18.579443
39.461024 32.221669 18.278816
40.085026 32.067091 17.030811
39.820071 32.332821 15.517076
35.309885 31.504093 7.269857
35.309885 31.504093 58.968457
38.086876 32.221669 7.570484
38.086876 32.221669 59.269084
37.462874 32.067091 8.818489
37.727829 32.332821 10.332224
35.309885 -5.654793 18.579443
35.309885 46.043807 18.579443
38.086876 -6.372369 18.278816
38.086876 45.326231 18.278816
37.462874 -6.217791 17.030811
37.462874 45.480809 17.030811
37.727829 -6.483521 15.517076
37.727829 45.215079 15.517076
-5.654793 42.238015 7.269857
-5.654793 42.238015 58.968457
46.043807 42.238015 7.269857
46.043807 42.238015 58.968457
-5.354166 39.461024 6.552281
-5.354166 39.461024 58.250881
46.344434 39.461024 6.552281
46.344434 39.461024 58.250881
31.504093 42.238015 18.579443
31.203466 39.461024 19.297019
-5.654793 35.309885 18.579443
46.043807 35.309885 18.579443
-5.354166 38.086876 19.297019
46.344434 38.086876 19.297019
31.504093 35.309885 7.269857
31.504093 35.309885 58.968457
31.203466 38.086876 6.552281
31.203466 38.086876 58.250881
-5.654793 -5.654793 22.385235
-5.654793 46.043807 22.385235
46.043807 -5.654793 22.385235
46.043807 46.043807 22.385235
31.504093 31.504093 22.385235
-5.654793 31.504093 3.464065
-5.654793 31.504093 55.162665
46.043807 31.504093 3.464065
46.043807 31.504093 55.162665
31.504093 -5.654793 3.464065
31.504093 -5.654793 55.162665
31.504093 46.043807 3.464065
31.504093 46.043807 55.162665
-5.654793 42.238015 18.579443
46.043807 42.238015 18.579443
31.504093 42.238015 7.269857
31.504093 42.238015 58.968457
31.504093 35.309885 18.579443
-5.654793 35.309885 7.269857
-5.654793 35.309885 58.968457
46.043807 35.309885 7.269857
46.043807 35.309885 58.968457
42.238015 -5.654793 18.579443
42.238015 46.043807 18.579443
39.820071 -2.592426 19.408171
39.820071 49.106174 19.408171
42.238015 31.504093 7.269857
42.238015 31.504093 58.968457
39.820071 28.441726 6.441129
39.820071 28.441726 58.139729
35.309885 -5.654793 7.269857
35.309885 -5.654793 58.968457
35.309885 46.043807 7.269857
35.309885 46.043807 58.968457
37.727829 -2.592426 6.441129
37.727829 -2.592426 58.139729
37.727829 49.106174 6.441129
37.727829 49.106174 58.139729
35.309885 31.504093 18.579443
37.727829 28.441726 19.408171
32.221669 31.203466 25.162226
-6.372369 -5.354166 25.162226
-6.372369 46.344434 25.162226
45.326231 -5.354166 25.162226
45.326231 46.344434 25.162226
-6.372369 31.203466 0.687074
-6.372369 31.203466 52.385674
45.326231 31.203466 0.687074
45.326231 31.203466 52.385674
32.221669 -5.354166 0.687074
32.221669 -5.354166 52.385674
32.221669 46.344434 0.687074
32.221669 46.344434 52.385674
38.086876 32.221669 18.278816
38.086876 -6.372369 7.570484
38.086876 -6.372369 59.269084
38.086876 45.326231 7.570484
38.086876 45.326231 59.269084
39.461024 -6.372369 18.278816
39.461024 45.326231 18.278816
39.461024 32.221669 7.570484
39.461024 32.221669 59.269084
31.203466 38.086876 19.297019
29.955461 37.462874 19.142441
28.441726 37.727829 19.408171
-5.354166 38.086876 6.552281
-5.354166 38.086876 58.250881
46.344434 38.086876 6.552281
46.344434 38.086876 58.250881
-4.106161 37.462874 6.706859
-4.106161 37.462874 58.405459
47.592439 37.462874 6.706859
47.592439 37.462874 58.405459
-2.592426 37.727829 6.441129
-2.592426 37.727829 58.139729
49.106174 37.727829 6.441129
49.106174 37.727829 58.139729
31.203466 39.461024 6.552281
31.203466 39.461024 58.250881
29.955461 40.085026 6.706859
29.955461 40.085026 58.405459
28.441726 39.820071 6.441129
28.441726 39.820071 58.139729
-5.354166 39.461024 19.297019
46.344434 39.461024 19.297019
-4.106161 40.085026 19.142441
47.592439 40.085026 19.142441
-2.592426 39.820071 19.408171
49.106174 39.820071 19.408171
28.441726 32.332821 1.046121
28.441726 32.332821 52.744721
-2.592426 -6.483521 1.046121
-2.592426 -6.483521 52.744721
-2.592426 45.215079 1.046121
-2.592426 45.215079 52.744721
49.106174 -6.483521 1.046121
49.106174 -6.483521 52.744721
49.106174 45.215079 1.046121
49.106174 45.215079 52.744721
28.441726 -6.483521 24.803179
28.441726 45.215079 24.803179
-2.592426 32.332821 24.803179
49.106174 32.332821 24.803179
32.332821 37.727829 10.332224
-6.483521 37.727829 15.517076
45.215079 37.727829 15.517076
-6.483521 39.820071 10.332224
45.215079 39.820071 10.332224
32.332821 39.820071 15.517076
39.892966 -6.620781 4.510703
39.892966 -6.620781 56.209303
39.892966 45.077819 4.510703
39.892966 45.077819 56.209303
37.654934 -6.303869 8.413947
37.654934 45.394731 8.413947
39.892966 32.153169 8.413947
37.654934 32.470081 4.510703
37.654934 32.470081 56.209303
39.892966 -6.303869 17.435353
39.892966 45.394731 17.435353
37.654934 -6.620781 21.338597
37.654934 45.077819 21.338597
37.654934 32.153169 17.435353
39.892966 32.470081 21.338597
36.315682 32.493346 25.721346
35.250949 32.289912 24.611636
36.544706 31.433783 24.611636
36.227277 33.788654 23.418690
37.393339 33.935220 24.468689
38.638500 32.419158 23.494170
37.442453 31.416464 23.495721
41.232218 -6.644046 25.721346
41.232218 45.054554 25.721346
42.296951 -6.440612 24.611636
42.296951 45.257988 24.611636
41.003194 -5.584483 24.611636
41.003194 46.114117 24.611636
41.320623 43.759246 23.418690
40.154561 43.612680 24.468689
38.909400 -6.569858 23.494170
38.909400 45.128742 23.494170
40.105447 -5.567164 23.495721
40.105447 46.131436 23.495721
40.098727 33.199807 15.246434
38.902163 32.199439 15.312091
40.230300 30.663732 14.264936
41.276162 30.863806 15.426862
41.789529 32.972075 14.532218
42.018296 31.912253 13.422508
40.724538 32.768382 13.422508
37.449173 -7.350507 15.246434
37.449173 44.348093 15.246434
38.645737 -6.350139 15.312091
38.645737 45.348461 15.312091
37.317600 -4.814432 14.264936
37.317600 46.884168 14.264936
36.271738 -5.014506 15.426862
36.271738 46.684094 15.426862
35.758371 -7.122775 14.532218
35.758371 44.575825 14.532218
35.529604 -6.062953 13.422508
35.529604 45.635647 13.422508
36.823362 -6.919082 13.422508
36.823362 44.779518 13.422508
36.315682 32.129904 12.796696
36.544706 33.189467 11.686986
35.250949 32.333338 11.686986
37.317600 30.663732 11.584364
36.271738 30.863806 10.422438
37.449173 33.199807 10.602866
38.645737 32.199439 10.537209
40.098727 -7.350507 10.602866
40.098727 44.348093 10.602866
38.902163 -6.350139 10.537209
38.902163 45.348461 10.537209
40.230300 -4.814432 11.584364
40.230300 46.884168 11.584364
41.276162 -5.014506 10.422438
41.276162 46.684094 10.422438
41.232218 -6.280604 12.796696
41.232218 45.417996 12.796696
41.003194 -7.340167 11.686986
41.003194 44.358433 11.686986
42.296951 -6.484038 11.686986
42.296951 45.214562 11.686986
-2.458268 32.493346 12.796696
49.240332 32.493346 12.796696
-3.523001 32.289912 11.686986
48.175599 32.289912 11.686986
-2.229244 31.433783 11.686986
49.469356 31.433783 11.686986
-1.340286 33.959518 11.468300
50.358314 33.959518 11.468300
-2.502212 33.759444 10.422438
49.196388 33.759444 10.422438
-1.309784 31.403798 10.548841
50.388816 31.403798 10.548841
-0.128213 32.423811 10.537209
51.570387 32.423811 10.537209
-3.015579 -5.801875 14.532218
-3.015579 45.896725 14.532218
48.683021 -5.801875 14.532218
48.683021 45.896725 14.532218
-1.950588 -6.005568 13.422508
-1.950588 45.693032 13.422508
49.748012 -6.005568 13.422508
49.748012 45.693032 13.422508
-3.244346 -6.861697 13.422508
-3.244346 44.836903 13.422508
48.454254 -6.861697 13.422508
48.454254 44.836903 13.422508
-1.340286 43.588382 14.381000
50.358314 43.588382 14.381000
-2.502212 43.788456 15.426862
49.196388 43.788456 15.426862
-1.309784 -5.554498 15.300459
-1.309784 46.144102 15.300459
50.388816 -5.554498 15.300459
50.388816 46.144102 15.300459
-0.128213 -6.574511 15.312091
-0.128213 45.124089 15.312091
51.570387 -6.574511 15.312091
51.570387 45.124089 15.312091
-3.015579 -7.122775 1.607568
-3.015579 -7.122775 53.306168
-3.015579 44.575825 1.607568
-3.015579 44.575825 53.306168
48.683021 -7.122775 1.607568
48.683021 -7.122775 53.306168
48.683021 44.575825 1.607568
48.683021 44.575825 53.306168
-3.244346 -6.062953 0.497858
-3.244346 -6.062953 52.196458
-3.244346 45.635647 0.497858
-3.244346 45.635647 52.196458
48.454254 -6.062953 0.497858
48.454254 -6.062953 52.196458
48.454254 45.635647 0.497858
48.454254 45.635647 52.196458
-1.950588 -6.919082 0.497858
-1.950588 -6.919082 52.196458
-1.950588 44.779518 0.497858
-1.950588 44.779518 52.196458
49.748012 -6.919082 0.497858
49.748012 -6.919082 52.196458
49.748012 44.779518 0.497858
49.748012 44.779518 52.196458
-2.430610 -4.985296 2.546673
-2.430610 -4.985296 54.245273
-2.430610 46.713304 2.546673
-2.430610 46.713304 54.245273
49.267990 -4.985296 2.546673
49.267990 -4.985296 54.245273
49.267990 46.713304 2.546673
49.267990 46.713304 54.245273
-1.380611 -4.838730 1.380611
-1.380611 -4.838730 53.079211
-1.380611 46.859870 1.380611
-1.380611 46.859870 53.079211
50.317989 -4.838730 1.380611
50.317989 -4.838730 53.079211
50.317989 46.859870 1.380611
50.317989 46.859870 53.079211
-0.120458 -6.374437 2.409155
-0.120458 -6.374437 54.107755
-0.120458 45.324163 2.409155
-0.120458 45.324163 54.107755
51.578142 -6.374437 2.409155
51.578142 -6.374437 54.107755
51.578142 45.324163 2.409155
51.578142 45.324163 54.107755
-1.331497 -7.357486 2.353579
-1.331497 -7.357486 54.052179
-1.331497 44.341114 2.353579
-1.331497 44.341114 54.052179
50.367103 -7.357486 2.353579
50.367103 -7.357486 54.052179
50.367103 44.341114 2.353579
50.367103 44.341114 54.052179
-1.119016 -6.620781 8.413947
-1.119016 45.077819 8.413947
50.579584 -6.620781 8.413947
50.579584 45.077819 8.413947
-1.119016 32.153169 4.510703
-1.119016 32.153169 56.209303
50.579584 32.153169 4.510703
50.579584 32.153169 56.209303
-1.119016 32.470081 17.435353
50.579584 32.470081 17.435353
-1.119016 -6.303869 21.338597
-1.119016 45.394731 21.338597
50.579584 -6.303869 21.338597
50.579584 45.394731 21.338597
-0.120458 32.223737 23.440145
51.578142 32.223737 23.440145
-1.331497 33.206786 23.495721
50.367103 33.206786 23.495721
-2.430610 30.834596 23.302627
49.267990 30.834596 23.302627
-1.380611 30.688030 24.468689
50.317989 30.688030 24.468689
-2.458268 32.129904 25.721346
49.240332 32.129904 25.721346
-2.229244 33.189467 24.611636
49.469356 33.189467 24.611636
-3.523001 32.333338 24.611636
48.175599 32.333338 24.611636
28.307568 -6.280604 25.721346
28.307568 45.417996 25.721346
28.078544 -7.340167 24.611636
28.078544 44.358433 24.611636
29.372301 -6.484038 24.611636
29.372301 45.214562 24.611636
28.279910 -4.985296 23.302627
28.279910 46.713304 23.302627
27.229911 -4.838730 24.468689
27.229911 46.859870 24.468689
25.969758 -6.374437 23.440145
25.969758 45.324163 23.440145
27.180797 -7.357486 23.495721
27.180797 44.341114 23.495721
26.968316 32.153169 21.338597
26.968316 -6.620781 17.435353
26.968316 45.077819 17.435353
27.159084 31.403798 15.300459
25.977513 32.423811 15.312091
27.189586 33.959518 14.381000
28.351512 33.759444 15.426862
28.864879 31.651175 14.532218
27.799888 31.854868 13.422508
29.093646 32.710997 13.422508
28.307568 -6.644046 12.796696
28.307568 45.054554 12.796696
29.372301 -6.440612 11.686986
29.372301 45.257988 11.686986
28.078544 -5.584483 11.686986
28.078544 46.114117 11.686986
27.189586 43.588382 11.468300
28.351512 43.788456 10.422438
27.159084 -5.554498 10.548841
27.159084 46.144102 10.548841
25.977513 -6.574511 10.537209
25.977513 45.124089 10.537209
26.968316 -6.303869 4.510703
26.968316 -6.303869 56.209303
26.968316 45.394731 4.510703
26.968316 45.394731 56.209303
26.968316 32.470081 8.413947
25.969758 32.223737 2.409155
25.969758 32.223737 54.107755
27.180797 33.206786 2.353579
27.180797 33.206786 54.052179
28.279910 30.834596 2.546673
28.279910 30.834596 54.245273
27.229911 30.688030 1.380611
27.229911 30.688030 53.079211
28.864879 32.972075 1.607568
28.864879 32.972075 53.306168
29.093646 31.912253 0.497858
29.093646 31.912253 52.196458
27.799888 32.768382 0.497858
27.799888 32.768382 52.196458
38.638500 -6.569858 2.355130
38.638500 -6.569858 54.053730
38.638500 45.128742 2.355130
38.638500 45.128742 54.053730
37.442453 -5.567164 2.353579
37.442453 -5.567164 54.052179
37.442453 46.131436 2.353579
37.442453 46.131436 54.052179
36.227277 43.759246 2.430610
36.227277 43.759246 54.129210
37.393339 43.612680 1.380611
37.393339 43.612680 53.079211
35.758371 -5.801875 1.607568
35.758371 -5.801875 53.306168
35.758371 45.896725 1.607568
35.758371 45.896725 53.306168
36.823362 -6.005568 0.497858
36.823362 -6.005568 52.196458
36.823362 45.693032 0.497858
36.823362 45.693032 52.196458
35.529604 -6.861697 0.497858
35.529604 -6.861697 52.196458
35.529604 44.836903 0.497858
35.529604 44.836903 52.196458
41.789529 31.651175 1.607568
41.789529 31.651175 53.306168
40.724538 31.854868 0.497858
40.724538 31.854868 52.196458
42.018296 32.710997 0.497858
42.018296 32.710997 52.196458
41.320623 33.788654 2.430610
41.320623 33.788654 54.129210
40.154561 33.935220 1.380611
40.154561 33.935220 53.079211
38.909400 32.419158 2.355130
38.909400 32.419158 54.053730
40.105447 31.416464 2.353579
40.105447 31.416464 54.052179
32.972075 27.456868 3.015579
32.972075 27.456868 54.714179
31.912253 26.347158 3.244346
31.912253 26.347158 54.942946
32.768382 26.347158 1.950588
32.768382 26.347158 53.649188
30.663732 27.189586 1.456350
30.663732 27.189586 53.154950
30.863806 28.351512 2.502212
30.863806 28.351512 54.200812
33.199807 28.171084 1.324777
33.199807 28.171084 53.023377
32.199439 28.236741 0.128213
32.199439 28.236741 51.826813
-5.554498 36.398141 1.309784
-5.554498 36.398141 53.008384
46.144102 36.398141 1.309784
46.144102 36.398141 53.008384
-6.574511 36.386509 0.128213
-6.574511 36.386509 51.826813
45.124089 36.386509 0.128213
45.124089 36.386509 51.826813
43.588382 37.317600 1.340286
43.588382 37.317600 53.038886
43.788456 36.271738 2.502212
43.788456 36.271738 54.200812
-6.644046 38.645996 2.458268
-6.644046 38.645996 54.156868
45.054554 38.645996 2.458268
45.054554 38.645996 54.156868
-6.440612 37.536286 3.523001
-6.440612 37.536286 55.221601
45.257988 37.536286 3.523001
45.257988 37.536286 55.221601
-5.584483 37.536286 2.229244
-5.584483 37.536286 53.927844
46.114117 37.536286 2.229244
46.114117 37.536286 53.927844
31.651175 40.381518 3.015579
31.651175 40.381518 54.714179
31.854868 39.271808 1.950588
31.854868 39.271808 53.649188
32.710997 39.271808 3.244346
32.710997 39.271808 54.942946
33.959518 40.230300 1.340286
33.959518 40.230300 53.038886
33.759444 41.276162 2.502212
33.759444 41.276162 54.200812
31.403798 41.149759 1.309784
31.403798 41.149759 53.008384
32.423811 41.161391 0.128213
32.423811 41.161391 51.826813
32.153169 -4.510703 1.119016
32.153169 -4.510703 52.817616
32.153169 47.187897 1.119016
32.153169 47.187897 52.817616
32.470081 34.263247 1.119016
32.470081 34.263247 52.817616
-6.303869 30.360003 1.119016
-6.303869 30.360003 52.817616
45.394731 30.360003 1.119016
45.394731 30.360003 52.817616
-6.620781 43.284653 1.119016
-6.620781 43.284653 52.817616
45.077819 43.284653 1.119016
45.077819 43.284653 52.817616
-7.350507 -2.321784 1.324777
-7.350507 -2.321784 53.023377
-7.350507 49.376816 1.324777
-7.350507 49.376816 53.023377
44.348093 -2.321784 1.324777
44.348093 -2.321784 53.023377
44.348093 49.376816 1.324777
44.348093 49.376816 53.023377
-6.350139 -2.387441 0.128213
-6.350139 -2.387441 51.826813
-6.350139 49.311159 0.128213
-6.350139 49.311159 51.826813
45.348461 -2.387441 0.128213
45.348461 -2.387441 51.826813
45.348461 49.311159 0.128213
45.348461 49.311159 51.826813
-4.814432 -1.340286 1.456350
-4.814432 -1.340286 53.154950
-4.814432 50.358314 1.456350
-4.814432 50.358314 53.154950
46.884168 -1.340286 1.456350
46.884168 -1.340286 53.154950
46.884168 50.358314 1.456350
46.884168 50.358314 53.154950
-5.014506 -2.502212 2.502212
-5.014506 -2.502212 54.200812
-5.014506 49.196388 2.502212
-5.014506 49.196388 54.200812
46.684094 -2.502212 2.502212
46.684094 -2.502212 54.200812
46.684094 49.196388 2.502212
46.684094 49.196388 54.200812
-6.280604 -0.127954 2.458268
-6.280604 -0.127954 54.156868
-6.280604 51.570646 2.458268
-6.280604 51.570646 54.156868
45.417996 -0.127954 2.458268
45.417996 -0.127954 54.156868
45.417996 51.570646 2.458268
45.417996 51.570646 54.156868
-7.340167 -1.237664 2.229244
-7.340167 -1.237664 53.927844
-7.340167 50.460936 2.229244
-7.340167 50.460936 53.927844
44.358433 -1.237664 2.229244
44.358433 -1.237664 53.927844
44.358433 50.460936 2.229244
44.358433 50.460936 53.927844
-6.484038 -1.237664 3.523001
-6.484038 -1.237664 55.221601
-6.484038 50.460936 3.523001
-6.484038 50.460936 55.221601
45.214562 -1.237664 3.523001
45.214562 -1.237664 55.221601
45.214562 50.460936 3.523001
45.214562 50.460936 55.221601
32.493346 -0.127954 10.466382
32.493346 51.570646 10.466382
32.289912 -1.237664 9.401649
32.289912 50.460936 9.401649
31.433783 -1.237664 10.695406
31.433783 50.460936 10.695406
33.788654 -2.430610 10.377977
33.788654 49.267990 10.377977
33.935220 -1.380611 11.544039
33.935220 50.317989 11.544039
32.419158 -2.355130 12.789200
32.419158 49.343470 12.789200
31.416464 -2.353579 11.593153
31.416464 49.345021 11.593153
32.470081 -4.510703 14.043666
32.470081 47.187897 14.043666
-6.303869 43.284653 14.043666
45.394731 43.284653 14.043666
32.153169 43.284653 11.805634
-6.569858 -2.355130 13.060100
-6.569858 49.343470 13.060100
45.128742 -2.355130 13.060100
45.128742 49.343470 13.060100
-5.567164 -2.353579 14.256147
-5.567164 49.345021 14.256147
46.131436 -2.353579 14.256147
46.131436 49.345021 14.256147
43.759246 -2.430610 15.471323
43.759246 49.267990 15.471323
43.612680 -1.380611 14.305261
43.612680 50.317989 14.305261
-6.644046 -0.127954 15.382918
-6.644046 51.570646 15.382918
45.054554 -0.127954 15.382918
45.054554 51.570646 15.382918
-6.440612 -1.237664 16.447651
-6.440612 50.460936 16.447651
45.257988 -1.237664 16.447651
45.257988 50.460936 16.447651
-5.584483 -1.237664 15.153894
-5.584483 50.460936 15.153894
46.114117 -1.237664 15.153894
46.114117 50.460936 15.153894
32.129904 -0.127954 23.391032
32.129904 51.570646 23.391032
33.189467 -1.237664 23.620056
33.189467 50.460936 23.620056
32.333338 -1.237664 22.326299
32.333338 50.460936 22.326299
30.663732 -1.340286 24.392950
30.663732 50.358314 24.392950
30.863806 -2.502212 23.347088
30.863806 49.196388 23.347088
33.199807 -2.321784 24.524523
33.199807 49.376816 24.524523
32.199439 -2.387441 25.721087
32.199439 49.311159 25.721087
-6.303869 -4.510703 24.730284
-6.303869 47.187897 24.730284
45.394731 -4.510703 24.730284
45.394731 47.187897 24.730284
-5.554498 41.149759 24.539516
46.144102 41.149759 24.539516
-6.574511 41.161391 25.721087
45.124089 41.161391 25.721087
43.588382 40.230300 24.509014
43.788456 41.276162 23.347088
-5.801875 40.381518 22.833721
45.896725 40.381518 22.833721
-6.005568 39.271808 23.898712
45.693032 39.271808 23.898712
-6.861697 39.271808 22.604954
44.836903 39.271808 22.604954
32.493346 38.645996 23.391032
32.289912 37.536286 22.326299
31.433783 37.536286 23.620056
33.959518 37.317600 24.509014
33.759444 36.271738 23.347088
31.403798 36.398141 24.539516
32.423811 36.386509 25.721087
-6.620781 34.263247 24.730284
45.077819 34.263247 24.730284
32.153169 30.360003 24.730284
30.360003 39.892966 19.228519
34.239724 37.611765 19.543622
32.223737 41.183105 13.045108
33.206786 41.127529 14.256147
30.834596 41.320623 15.355260
30.688030 40.154561 14.305261
32.972075 40.381518 15.940229
31.912253 39.271808 16.168996
32.768382 39.271808 14.875238
-6.374437 41.183105 12.804192
45.324163 41.183105 12.804192
-7.357486 41.127529 11.593153
44.341114 41.127529 11.593153
-4.985296 41.320623 10.494040
46.713304 41.320623 10.494040
-4.838730 40.154561 11.544039
46.859870 40.154561 11.544039
-7.122775 40.381518 9.909071
44.575825 40.381518 9.909071
-6.062953 39.271808 9.680304
45.635647 39.271808 9.680304
-6.919082 39.271808 10.974062
44.779518 39.271808 10.974062
32.129904 38.645996 10.466382
33.189467 37.536286 10.695406
32.333338 37.536286 9.401649
30.834596 36.227277 10.494040
30.688030 37.393339 11.544039
32.223737 36.364795 12.804192
33.206786 36.420371 11.593153
-6.374437 36.364795 13.045108
45.324163 36.364795 13.045108
-7.357486 36.420371 14.256147
44.341114 36.420371 14.256147
-4.985296 36.227277 15.355260
46.713304 36.227277 15.355260
-4.838730 37.393339 14.305261
46.859870 37.393339 14.305261
-6.280604 38.645996 15.382918
45.417996 38.645996 15.382918
-7.340167 37.536286 15.153894
44.358433 37.536286 15.153894
-6.484038 37.536286 16.447651
45.214562 37.536286 16.447651
32.419158 28.204430 13.060100
31.416464 28.202879 14.256147
33.788654 28.279910 15.471323
33.935220 27.229911 14.305261
31.651175 27.456868 15.940229
31.854868 26.347158 14.875238
32.710997 26.347158 16.168996
-6.569858 28.204430 12.789200
45.128742 28.204430 12.789200
-5.567164 28.202879 11.593153
46.131436 28.202879 11.593153
43.759246 28.279910 10.377977
43.612680 27.229911 11.544039
-5.801875 27.456868 9.909071
45.896725 27.456868 9.909071
-6.005568 26.347158 10.974062
45.693032 26.347158 10.974062
-6.861697 26.347158 9.680304
44.836903 26.347158 9.680304
32.470081 43.284653 24.730284
37.647696 29.383416 19.310203
37.435215 28.187628 20.275415
38.635656 28.187628 19.292884
37.317600 27.189586 17.739082
36.271738 28.351512 17.939156
36.398141 27.159084 20.294802
36.386509 25.977513 19.274789
28.171084 27.174077 7.350507
28.171084 27.174077 59.049107
28.236741 25.977513 6.350139
28.236741 25.977513 58.048739
27.189586 27.305650 4.814432
27.189586 27.305650 56.513032
28.351512 28.351512 5.014506
28.351512 28.351512 56.713106
26.975554 29.383416 6.385553
26.975554 29.383416 58.084153
25.987594 28.187628 6.368234
25.987594 28.187628 58.066834
27.188035 28.187628 7.350765
27.188035 28.187628 59.049365
26.458310 36.834219 19.942218
26.246087 35.638430 18.977005
27.446528 35.638430 19.959537
28.279910 36.227277 17.909946
27.229911 37.393339 17.763380
28.204430 38.638500 19.279442
28.202879 37.442453 20.282136
28.204430 38.909400 6.569858
28.204430 38.909400 58.268458
28.202879 40.105447 5.567164
28.202879 40.105447 57.265764
28.279910 41.320623 7.939354
27.229911 40.154561 8.085920
26.975554 42.308066 6.539097
26.975554 42.308066 58.237697
27.188035 41.112278 5.573885
27.188035 41.112278 57.272485
25.987594 41.112278 6.556416
25.987594 41.112278 58.255016
26.458310 -1.939731 18.831732
26.458310 49.758869 18.831732
27.446528 -3.135520 18.814413
27.446528 48.563080 18.814413
26.246087 -3.135520 19.796945
26.246087 48.563080 19.796945
27.189586 -1.456350 21.034868
27.189586 50.242250 21.034868
28.351512 -2.502212 20.834794
28.351512 49.196388 20.834794
28.171084 -1.324777 18.498793
28.171084 50.373823 18.498793
28.236741 -0.128213 19.499161
28.236741 51.570387 19.499161
36.398141 -1.309784 5.554498
36.398141 -1.309784 57.253098
36.398141 50.388816 5.554498
36.398141 50.388816 57.253098
36.386509 -0.128213 6.574511
36.386509 -0.128213 58.273111
36.386509 51.570387 6.574511
36.386509 51.570387 58.273111
37.317600 -1.340286 8.110218
37.317600 50.358314 8.110218
36.271738 -2.502212 7.910144
36.271738 49.196388 7.910144
38.164940 -1.939731 5.907082
38.164940 -1.939731 57.605682
38.164940 49.758869 5.907082
38.164940 49.758869 57.605682
38.377163 -3.135520 6.872295
38.377163 -3.135520 58.570895
38.377163 48.563080 6.872295
38.377163 48.563080 58.570895
37.176722 -3.135520 5.889763
37.176722 -3.135520 57.588363
37.176722 48.563080 5.889763
37.176722 48.563080 57.588363
39.382960 -1.939731 19.942218
39.382960 49.758869 19.942218
39.170737 -3.135520 18.977005
39.170737 48.563080 18.977005
40.371178 -3.135520 19.959537
40.371178 48.563080 19.959537
40.230300 -1.340286 17.739082
40.230300 50.358314 17.739082
41.276162 -2.502212 17.939156
41.276162 49.196388 17.939156
41.149759 -1.309784 20.294802
41.149759 50.388816 20.294802
41.161391 -0.128213 19.274789
41.161391 51.570387 19.274789
-2.321784 -1.324777 7.350507
-2.321784 -1.324777 59.049107
-2.321784 50.373823 7.350507
-2.321784 50.373823 59.049107
49.376816 -1.324777 7.350507
49.376816 -1.324777 59.049107
49.376816 50.373823 7.350507
49.376816 50.373823 59.049107
-2.387441 -0.128213 6.350139
-2.387441 -0.128213 58.048739
-2.387441 51.570387 6.350139
-2.387441 51.570387 58.048739
49.311159 -0.128213 6.350139
49.311159 -0.128213 58.048739
49.311159 51.570387 6.350139
49.311159 51.570387 58.048739
-1.340286 -1.456350 4.814432
-1.340286 -1.456350 56.513032
-1.340286 50.242250 4.814432
-1.340286 50.242250 56.513032
50.358314 -1.456350 4.814432
50.358314 -1.456350 56.513032
50.358314 50.242250 4.814432
50.358314 50.242250 56.513032
-2.502212 -2.502212 5.014506
-2.502212 -2.502212 56.713106
-2.502212 49.196388 5.014506
-2.502212 49.196388 56.713106
49.196388 -2.502212 5.014506
49.196388 -2.502212 56.713106
49.196388 49.196388 5.014506
49.196388 49.196388 56.713106
-0.609010 -1.939731 7.017568
-0.609010 -1.939731 58.716168
-0.609010 49.758869 7.017568
-0.609010 49.758869 58.716168
51.089590 -1.939731 7.017568
51.089590 -1.939731 58.716168
51.089590 49.758869 7.017568
51.089590 49.758869 58.716168
-1.597228 -3.135520 7.034887
-1.597228 -3.135520 58.733487
-1.597228 48.563080 7.034887
-1.597228 48.563080 58.733487
50.101372 -3.135520 7.034887
50.101372 -3.135520 58.733487
50.101372 48.563080 7.034887
50.101372 48.563080 58.733487
-0.396787 -3.135520 6.052355
-0.396787 -3.135520 57.750955
-0.396787 48.563080 6.052355
-0.396787 48.563080 57.750955
51.301813 -3.135520 6.052355
51.301813 -3.135520 57.750955
51.301813 48.563080 6.052355
51.301813 48.563080 57.750955
-1.126254 42.308066 19.310203
50.572346 42.308066 19.310203
-1.338735 41.112278 20.275415
50.359865 41.112278 20.275415
-0.138294 41.112278 19.292884
51.560306 41.112278 19.292884
-2.430610 41.320623 17.909946
49.267990 41.320623 17.909946
-1.380611 40.154561 17.763380
50.317989 40.154561 17.763380
-2.355130 38.909400 19.279442
49.343470 38.909400 19.279442
-2.353579 40.105447 20.282136
49.345021 40.105447 20.282136
-2.355130 38.638500 6.569858
-2.355130 38.638500 58.268458
49.343470 38.638500 6.569858
49.343470 38.638500 58.268458
-2.353579 37.442453 5.567164
-2.353579 37.442453 57.265764
49.345021 37.442453 5.567164
49.345021 37.442453 57.265764
-2.430610 36.227277 7.939354
49.267990 36.227277 7.939354
-1.380611 37.393339 8.085920
50.317989 37.393339 8.085920
-0.120458 36.364795 6.550213
-0.120458 36.364795 58.248813
51.578142 36.364795 6.550213
51.578142 36.364795 58.248813
-1.331497 36.420371 5.567164
-1.331497 36.420371 57.265764
50.367103 36.420371 5.567164
50.367103 36.420371 57.265764
-1.126254 29.383416 19.463747
50.572346 29.383416 19.463747
-0.138294 28.187628 19.481066
51.560306 28.187628 19.481066
-1.338735 28.187628 18.498535
50.359865 28.187628 18.498535
-1.340286 27.305650 21.034868
50.358314 27.305650 21.034868
-2.502212 28.351512 20.834794
49.196388 28.351512 20.834794
-2.321784 27.174077 18.498793
49.376816 27.174077 18.498793
-2.387441 25.977513 19.499161
49.311159 25.977513 19.499161
41.149759 27.159084 5.554498
41.149759 27.159084 57.253098
41.161391 25.977513 6.574511
41.161391 25.977513 58.273111
40.230300 27.189586 8.110218
41.276162 28.351512 7.910144
39.900204 29.383416 6.539097
39.900204 29.383416 58.237697
40.112685 28.187628 5.573885
40.112685 28.187628 57.272485
38.912244 28.187628 6.556416
38.912244 28.187628 58.255016
39.382960 36.834219 18.831732
40.371178 35.638430 18.814413
39.170737 35.638430 19.796945
41.320623 36.343340 20.864004
40.154561 37.393339 21.010570
41.183105 38.653492 19.474863
41.127529 37.442453 18.491814
41.183105 38.894408 6.374437
41.183105 38.894408 58.073037
41.127529 40.105447 7.357486
41.127529 40.105447 59.056086
41.320623 41.204560 4.985296
41.320623 41.204560 56.683896
40.154561 40.154561 4.838730
40.154561 40.154561 56.537330
39.900204 42.308066 6.385553
39.900204 42.308066 58.084153
38.912244 41.112278 6.368234
38.912244 41.112278 58.066834
40.112685 41.112278 7.350765
40.112685 41.112278 59.049365
37.647696 42.308066 19.463747
38.635656 41.112278 19.481066
37.435215 41.112278 18.498535
36.227277 41.204560 20.864004
37.393339 40.154561 21.010570
36.364795 38.894408 19.474863
36.420371 40.105447 18.491814
36.364795 38.653492 6.374437
36.364795 38.653492 58.073037
36.420371 37.442453 7.357486
36.420371 37.442453 59.056086
36.227277 36.343340 4.985296
36.227277 36.343340 56.683896
37.393339 37.393339 4.838730
37.393339 37.393339 56.537330
38.164940 36.834219 7.017568
38.164940 36.834219 58.716168
37.176722 35.638430 7.034887
37.176722 35.638430 58.733487
38.377163 35.638430 6.052355
38.377163 35.638430 57.750955
30.360003 26.968316 19.545431
34.263247 26.968316 6.620781
34.263247 26.968316 58.319381
-4.510703 26.968316 6.303869
-4.510703 26.968316 58.002469
47.187897 26.968316 6.303869
47.187897 26.968316 58.002469
43.284653 26.968316 19.228519
-4.510703 -1.119016 19.545431
-4.510703 50.579584 19.545431
47.187897 -1.119016 19.545431
47.187897 50.579584 19.545431
43.284653 -1.119016 6.620781
43.284653 -1.119016 58.319381
43.284653 50.579584 6.620781
43.284653 50.579584 58.319381
34.263247 -1.119016 19.228519
34.263247 50.579584 19.228519
30.360003 -1.119016 6.303869
30.360003 -1.119016 58.002469
30.360003 50.579584 6.303869
30.360003 50.579584 58.002469
-4.510703 39.892966 6.620781
-4.510703 39.892966 58.319381
47.187897 39.892966 6.620781
47.187897 39.892966 58.319381
43.308176 37.611765 6.305678
43.308176 37.611765 58.004278
43.308176 39.936135 19.543622
-4.510703 37.654934 19.228519
47.187897 37.654934 19.228519
30.360003 37.654934 6.620781
30.360003 37.654934 58.319381
34.239724 39.936135 6.305678
34.239724 39.936135 58.004278
-6.303869 34.263247 11.805634
45.394731 34.263247 11.805634
-6.620781 30.360003 14.043666
45.077819 30.360003 14.043666
-6.620781 -4.510703 11.805634
-6.620781 47.187897 11.805634
45.077819 -4.510703 11.805634
45.077819 47.187897 11.805634
32.153169 34.263247 14.043666
32.470081 30.360003 11.805634
-7.350507 28.171084 24.524523
44.348093 28.171084 24.524523
-6.350139 28.236741 25.721087
45.348461 28.236741 25.721087
-4.814432 27.189586 24.392950
46.884168 27.189586 24.392950
-5.014506 28.351512 23.347088
46.684094 28.351512 23.347088
-7.122775 27.456868 22.833721
44.575825 27.456868 22.833721
-6.062953 26.347158 22.604954
45.635647 26.347158 22.604954
-6.919082 26.347158 23.898712
44.779518 26.347158 23.898712
33.431417 33.431417 31.191833
32.311625 32.311625 32.311625
33.119157 33.119157 29.313365
32.311625 32.311625 28.741061
32.311625 32.311625 27.257311
32.401581 33.419784 26.536374
-7.582117 -7.582117 31.191833
-7.582117 44.116483 31.191833
44.116483 -7.582117 31.191833
44.116483 44.116483 31.191833
-6.462325 -6.462325 32.311625
-6.462325 45.236275 32.311625
45.236275 -6.462325 32.311625
45.236275 45.236275 32.311625
-7.269857 -7.269857 29.313365
-7.269857 44.428743 29.313365
44.428743 -7.269857 29.313365
44.428743 44.428743 29.313365
-6.462325 -6.462325 28.741061
-6.462325 45.236275 28.741061
45.236275 -6.462325 28.741061
45.236275 45.236275 28.741061
-6.462325 -6.462325 27.257311
-6.462325 45.236275 27.257311
45.236275 -6.462325 27.257311
45.236275 45.236275 27.257311
-6.552281 -7.570484 26.536374
-6.552281 44.128116 26.536374
45.146319 -7.570484 26.536374
45.146319 44.128116 26.536374
-7.582117 33.431417 -5.342533
-7.582117 33.431417 46.356067
44.116483 33.431417 -5.342533
44.116483 33.431417 46.356067
-6.462325 32.311625 -6.462325
-6.462325 32.311625 45.236275
45.236275 32.311625 -6.462325
45.236275 32.311625 45.236275
-7.269857 33.119157 -3.464065
-7.269857 33.119157 48.234535
44.428743 33.119157 -3.464065
44.428743 33.119157 48.234535
-6.462325 32.311625 -2.891761
-6.462325 32.311625 48.806839
45.236275 32.311625 -2.891761
45.236275 32.311625 48.806839
-6.462325 32.311625 -1.408011
-6.462325 32.311625 50.290589
45.236275 32.311625 -1.408011
45.236275 32.311625 50.290589
-6.552281 33.419784 -0.687074
-6.552281 33.419784 51.011526
45.146319 33.419784 -0.687074
45.146319 33.419784 51.011526
33.431417 -7.582117 -5.342533
33.431417 -7.582117 46.356067
33.431417 44.116483 -5.342533
33.431417 44.116483 46.356067
32.311625 -6.462325 -6.462325
32.311625 -6.462325 45.236275
32.311625 45.236275 -6.462325
32.311625 45.236275 45.236275
33.119157 -7.269857 -3.464065
33.119157 -7.269857 48.234535
33.119157 44.428743 -3.464065
33.119157 44.428743 48.234535
32.311625 -6.462325 -2.891761
32.311625 -6.462325 48.806839
32.311625 45.236275 -2.891761
32.311625 45.236275 48.806839
32.311625 -6.462325 -1.408011
32.311625 -6.462325 50.290589
32.311625 45.236275 -1.408011
32.311625 45.236275 50.290589
32.401581 -7.570484 -0.687074
32.401581 -7.570484 51.011526
32.401581 44.128116 -0.687074
32.401581 44.128116 51.011526
31.191833 33.431417 33.431417
29.313365 33.119157 33.119157
28.741061 32.311625 32.311625
27.257311 32.311625 32.311625
26.536374 32.401581 33.419784
31.191833 -7.582117 -7.582117
31.191833 -7.582117 44.116483
31.191833 44.116483 -7.582117
31.191833 44.116483 44.116483
29.313365 -7.269857 -7.269857
29.313365 -7.269857 44.428743
29.313365 44.428743 -7.269857
29.313365 44.428743 44.428743
28.741061 -6.462325 -6.462325
28.741061 -6.462325 45.236275
28.741061 45.236275 -6.462325
28.741061 45.236275 45.236275
27.257311 -6.462325 -6.462325
27.257311 -6.462325 45.236275
27.257311 45.236275 -6.462325
27.257311 45.236275 45.236275
26.536374 -6.552281 -7.570484
26.536374 -6.552281 44.128116
26.536374 45.146319 -7.570484
26.536374 45.146319 44.128116
-5.342533 -7.582117 33.431417
-5.342533 44.116483 33.431417
46.356067 -7.582117 33.431417
46.356067 44.116483 33.431417
-3.464065 -7.269857 33.119157
-3.464065 44.428743 33.119157
48.234535 -7.269857 33.119157
48.234535 44.428743 33.119157
-2.891761 -6.462325 32.311625
-2.891761 45.236275 32.311625
48.806839 -6.462325 32.311625
48.806839 45.236275 32.311625
-1.408011 -6.462325 32.311625
-1.408011 45.236275 32.311625
50.290589 -6.462325 32.311625
50.290589 45.236275 32.311625
-0.687074 -6.552281 33.419784
-0.687074 45.146319 33.419784
51.011526 -6.552281 33.419784
51.011526 45.146319 33.419784
-5.342533 33.431417 -7.582117
-5.342533 33.431417 44.116483
46.356067 33.431417 -7.582117
46.356067 33.431417 44.116483
-3.464065 33.119157 -7.269857
-3.464065 33.119157 44.428743
48.234535 33.119157 -7.269857
48.234535 33.119157 44.428743
-2.891761 32.311625 -6.462325
-2.891761 32.311625 45.236275
48.806839 32.311625 -6.462325
48.806839 32.311625 45.236275
-1.408011 32.311625 -6.462325
-1.408011 32.311625 45.236275
50.290589 32.311625 -6.462325
50.290589 32.311625 45.236275
-0.687074 32.401581 -7.570484
-0.687074 32.401581 44.128116
51.011526 32.401581 -7.570484
51.011526 32.401581 44.128116
33.431417 31.191833 33.431417
33.119157 29.313365 33.119157
32.311625 28.741061 32.311625
32.311625 27.257311 32.311625
33.419784 26.536374 32.401581
-7.582117 31.191833 -7.582117
-7.582117 31.191833 44.116483
44.116483 31.191833 -7.582117
44.116483 31.191833 44.116483
-7.269857 29.313365 -7.269857
-7.269857 29.313365 44.428743
44.428743 29.313365 -7.269857
44.428743 29.313365 44.428743
-6.462325 28.741061 -6.462325
-6.462325 28.741061 45.236275
45.236275 28.741061 -6.462325
45.236275 28.741061 45.236275
-6.462325 27.257311 -6.462325
-6.462325 27.257311 45.236275
45.236275 27.257311 -6.462325
45.236275 27.257311 45.236275
-7.570484 26.536374 -6.552281
-7.570484 26.536374 45.146319
44.128116 26.536374 -6.552281
44.128116 26.536374 45.146319
33.431417 -5.342533 -7.582117
33.431417 -5.342533 44.116483
33.431417 46.356067 -7.582117
33.431417 46.356067 44.116483
33.119157 -3.464065 -7.269857
33.119157 -3.464065 44.428743
33.119157 48.234535 -7.269857
33.119157 48.234535 44.428743
32.311625 -2.891761 -6.462325
32.311625 -2.891761 45.236275
32.311625 48.806839 -6.462325
32.311625 48.806839 45.236275
32.311625 -1.408011 -6.462325
32.311625 -1.408011 45.236275
32.311625 50.290589 -6.462325
32.311625 50.290589 45.236275
33.419784 -0.687074 -6.552281
33.419784 -0.687074 45.146319
33.419784 51.011526 -6.552281
33.419784 51.011526 45.146319
-7.582117 -5.342533 33.431417
-7.582117 46.356067 33.431417
44.116483 -5.342533 33.431417
44.116483 46.356067 33.431417
-7.269857 -3.464065 33.119157
-7.269857 48.234535 33.119157
44.428743 -3.464065 33.119157
44.428743 48.234535 33.119157
-6.462325 -2.891761 32.311625
-6.462325 48.806839 32.311625
45.236275 -2.891761 32.311625
45.236275 48.806839 32.311625
-6.462325 -1.408011 32.311625
-6.462325 50.290589 32.311625
45.236275 -1.408011 32.311625
45.236275 50.290589 32.311625
-7.570484 -0.687074 32.401581
-7.570484 51.011526 32.401581
44.128116 -0.687074 32.401581
44.128116 51.011526 32.401581
33.431417 33.431417 -5.342533
33.431417 33.431417 46.356067
32.311625 32.311625 -6.462325
32.311625 32.311625 45.236275
33.119157 33.119157 -3.464065
33.119157 33.119157 48.234535
32.311625 32.311625 -2.891761
32.311625 32.311625 48.806839
32.311625 32.311625 -1.408011
32.311625 32.311625 50.290589
36.181524 32.290429 -1.046121
36.181524 32.290429 50.652479
36.872734 33.334999 -1.901216
36.872734 33.334999 49.797384
-7.582117 -7.582117 -5.342533
-7.582117 -7.582117 46.356067
-7.582117 44.116483 -5.342533
-7.582117 44.116483 46.356067
44.116483 -7.582117 -5.342533
44.116483 -7.582117 46.356067
44.116483 44.116483 -5.342533
44.116483 44.116483 46.356067
-6.462325 -6.462325 -6.462325
-6.462325 -6.462325 45.236275
-6.462325 45.236275 -6.462325
-6.462325 45.236275 45.236275
45.236275 -6.462325 -6.462325
45.236275 -6.462325 45.236275
45.236275 45.236275 -6.462325
45.236275 45.236275 45.236275
-7.269857 -7.269857 -3.464065
-7.269857 -7.269857 48.234535
-7.269857 44.428743 -3.464065
-7.269857 44.428743 48.234535
44.428743 -7.269857 -3.464065
44.428743 -7.269857 48.234535
44.428743 44.428743 -3.464065
44.428743 44.428743 48.234535
-6.462325 -6.462325 -2.891761
-6.462325 -6.462325 48.806839
-6.462325 45.236275 -2.891761
-6.462325 45.236275 48.806839
45.236275 -6.462325 -2.891761
45.236275 -6.462325 48.806839
45.236275 45.236275 -2.891761
45.236275 45.236275 48.806839
-6.462325 -6.462325 -1.408011
-6.462325 -6.462325 50.290589
-6.462325 45.236275 -1.408011
-6.462325 45.236275 50.290589
45.236275 -6.462325 -1.408011
45.236275 -6.462325 50.290589
45.236275 45.236275 -1.408011
45.236275 45.236275 50.290589
41.366376 -6.441129 -1.046121
41.366376 -6.441129 50.652479
41.366376 45.257471 -1.046121
41.366376 45.257471 50.652479
40.675166 -7.485699 -1.901216
40.675166 -7.485699 49.797384
40.675166 44.212901 -1.901216
40.675166 44.212901 49.797384
33.431417 -7.582117 31.191833
33.431417 44.116483 31.191833
32.311625 -6.462325 32.311625
32.311625 45.236275 32.311625
33.119157 -7.269857 29.313365
33.119157 44.428743 29.313365
32.311625 -6.462325 28.741061
32.311625 45.236275 28.741061
32.311625 -6.462325 27.257311
32.311625 45.236275 27.257311
36.181524 -6.441129 26.895421
36.181524 45.257471 26.895421
36.872734 -7.485699 27.750516
36.872734 44.212901 27.750516
-7.582117 33.431417 31.191833
44.116483 33.431417 31.191833
-6.462325 32.311625 32.311625
45.236275 32.311625 32.311625
-7.269857 33.119157 29.313365
44.428743 33.119157 29.313365
-6.462325 32.311625 28.741061
45.236275 32.311625 28.741061
-6.462325 32.311625 27.257311
45.236275 32.311625 27.257311
41.366376 32.290429 26.895421
40.675166 33.334999 27.750516
33.431417 31.191833 -7.582117
33.431417 31.191833 44.116483
33.119157 29.313365 -7.269857
33.119157 29.313365 44.428743
32.311625 28.741061 -6.462325
32.311625 28.741061 45.236275
32.311625 27.257311 -6.462325
32.311625 27.257311 45.236275
32.290429 26.895421 41.366376
33.334999 27.750516 40.675166
-7.582117 31.191833 33.431417
44.116483 31.191833 33.431417
-7.269857 29.313365 33.119157
44.428743 29.313365 33.119157
-6.462325 28.741061 32.311625
45.236275 28.741061 32.311625
-6.462325 27.257311 32.311625
45.236275 27.257311 32.311625
-6.441129 26.895421 36.181524
45.257471 26.895421 36.181524
-7.485699 27.750516 36.872734
44.212901 27.750516 36.872734
-7.582117 -5.342533 -7.582117
-7.582117 -5.342533 44.116483
-7.582117 46.356067 -7.582117
-7.582117 46.356067 44.116483
44.116483 -5.342533 -7.582117
44.116483 -5.342533 44.116483
44.116483 46.356067 -7.582117
44.116483 46.356067 44.116483
-7.269857 -3.464065 -7.269857
-7.269857 -3.464065 44.428743
-7.269857 48.234535 -7.269857
-7.269857 48.234535 44.428743
44.428743 -3.464065 -7.269857
44.428743 -3.464065 44.428743
44.428743 48.234535 -7.269857
44.428743 48.234535 44.428743
-6.462325 -2.891761 -6.462325
-6.462325 -2.891761 45.236275
-6.462325 48.806839 -6.462325
-6.462325 48.806839 45.236275
45.236275 -2.891761 -6.462325
45.236275 -2.891761 45.236275
45.236275 48.806839 -6.462325
45.236275 48.806839 45.236275
-6.462325 -1.408011 -6.462325
-6.462325 -1.408011 45.236275
-6.462325 50.290589 -6.462325
-6.462325 50.290589 45.236275
45.236275 -1.408011 -6.462325
45.236275 -1.408011 45.236275
45.236275 50.290589 -6.462325
45.236275 50.290589 45.236275
-6.441129 -1.046121 41.366376
-6.441129 50.652479 41.366376
45.257471 -1.046121 41.366376
45.257471 50.652479 41.366376
-7.485699 -1.901216 40.675166
-7.485699 49.797384 40.675166
44.212901 -1.901216 40.675166
44.212901 49.797384 40.675166
33.431417 -5.342533 33.431417
33.431417 46.356067 33.431417
33.119157 -3.464065 33.119157
33.119157 48.234535 33.119157
32.311625 -2.891761 32.311625
32.311625 48.806839 32.311625
32.311625 -1.408011 32.311625
32.311625 50.290589 32.311625
32.290429 -1.046121 36.181524
32.290429 50.652479 36.181524
33.334999 -1.901216 36.872734
33.334999 49.797384 36.872734
31.191833 33.431417 -7.582117
31.191833 33.431417 44.116483
29.313365 33.119157 -7.269857
29.313365 33.119157 44.428743
28.741061 32.311625 -6.462325
28.741061 32.311625 45.236275
27.257311 32.311625 -6.462325
27.257311 32.311625 45.236275
26.895421 36.181524 -6.441129
26.895421 36.181524 45.257471
27.750516 36.872734 -7.485699
27.750516 36.872734 44.212901
31.191833 -7.582117 33.431417
31.191833 44.116483 33.431417
29.313365 -7.269857 33.119157
29.313365 44.428743 33.119157
28.741061 -6.462325 32.311625
28.741061 45.236275 32.311625
27.257311 -6.462325 32.311625
27.257311 45.236275 32.311625
26.895421 41.366376 32.290429
27.750516 40.675166 33.334999
-5.342533 33.431417 33.431417
46.356067 33.431417 33.431417
-3.464065 33.119157 33.119157
48.234535 33.119157 33.119157
-2.891761 32.311625 32.311625
48.806839 32.311625 32.311625
-1.408011 32.311625 32.311625
50.290589 32.311625 32.311625
-1.311076 34.667789 32.556159
50.387524 34.667789 32.556159
-1.046121 36.181524 32.290429
50.652479 36.181524 32.290429
-1.901216 36.872734 33.334999
49.797384 36.872734 33.334999
-5.342533 -7.582117 -7.582117
-5.342533 -7.582117 44.116483
-5.342533 44.116483 -7.582117
-5.342533 44.116483 44.116483
46.356067 -7.582117 -7.582117
46.356067 -7.582117 44.116483
46.356067 44.116483 -7.582117
46.356067 44.116483 44.116483
-3.464065 -7.269857 -7.269857
-3.464065 -7.269857 44.428743
-3.464065 44.428743 -7.269857
-3.464065 44.428743 44.428743
48.234535 -7.269857 -7.269857
48.234535 -7.269857 44.428743
48.234535 44.428743 -7.269857
48.234535 44.428743 44.428743
-2.891761 -6.462325 -6.462325
-2.891761 -6.462325 45.236275
-2.891761 45.236275 -6.462325
-2.891761 45.236275 45.236275
48.806839 -6.462325 -6.462325
48.806839 -6.462325 45.236275
48.806839 45.236275 -6.462325
48.806839 45.236275 45.236275
-1.408011 -6.462325 -6.462325
-1.408011 -6.462325 45.236275
-1.408011 45.236275 -6.462325
-1.408011 45.236275 45.236275
50.290589 -6.462325 -6.462325
50.290589 -6.462325 45.236275
50.290589 45.236275 -6.462325
50.290589 45.236275 45.236275
-1.046121 41.366376 -6.441129
-1.046121 41.366376 45.257471
50.652479 41.366376 -6.441129
50.652479 41.366376 45.257471
-1.901216 40.675166 -7.485699
-1.901216 40.675166 44.212901
49.797384 40.675166 -7.485699
49.797384 40.675166 44.212901
-6.552281 -7.570484 -0.687074
-6.552281 -7.570484 51.011526
-6.552281 44.128116 -0.687074
-6.552281 44.128116 51.011526
45.146319 -7.570484 -0.687074
45.146319 -7.570484 51.011526
45.146319 44.128116 -0.687074
45.146319 44.128116 51.011526
-6.706859 42.880111 -1.311076
-6.706859 42.880111 50.387524
44.991741 42.880111 -1.311076
44.991741 42.880111 50.387524
-6.441129 41.366376 -1.046121
-6.441129 41.366376 50.652479
45.257471 41.366376 -1.046121
45.257471 41.366376 50.652479
-7.485699 40.675166 -1.901216
-7.485699 40.675166 49.797384
44.212901 40.675166 -1.901216
44.212901 40.675166 49.797384
32.401581 33.419784 -0.687074
32.401581 33.419784 51.011526
32.556159 34.667789 -1.311076
32.556159 34.667789 50.387524
32.290429 36.181524 -1.046121
32.290429 36.181524 50.652479
33.334999 36.872734 -1.901216
33.334999 36.872734 49.797384
32.401581 -7.570484 26.536374
32.401581 44.128116 26.536374
32.556159 42.880111 27.160376
32.290429 41.366376 26.895421
33.334999 40.675166 27.750516
-6.552281 33.419784 26.536374
45.146319 33.419784 26.536374
-6.706859 34.667789 27.160376
44.991741 34.667789 27.160376
-6.441129 36.181524 26.895421
45.257471 36.181524 26.895421
-7.485699 36.872734 27.750516
44.212901 36.872734 27.750516
-0.687074 -6.552281 -7.570484
-0.687074 -6.552281 44.128116
-0.687074 45.146319 -7.570484
-0.687074 45.146319 44.128116
51.011526 -6.552281 -7.570484
51.011526 -6.552281 44.128116
51.011526 45.146319 -7.570484
51.011526 45.146319 44.128116
-1.311076 -6.706859 42.880111
-1.311076 44.991741 42.880111
50.387524 -6.706859 42.880111
50.387524 44.991741 42.880111
-1.046121 -6.441129 41.366376
-1.046121 45.257471 41.366376
50.652479 -6.441129 41.366376
50.652479 45.257471 41.366376
-1.901216 -7.485699 40.675166
-1.901216 44.212901 40.675166
49.797384 -7.485699 40.675166
49.797384 44.212901 40.675166
-0.687074 32.401581 33.419784
51.011526 32.401581 33.419784
-1.311076 32.556159 34.667789
50.387524 32.556159 34.667789
-1.046121 32.290429 36.181524
50.652479 32.290429 36.181524
-1.901216 33.334999 36.872734
49.797384 33.334999 36.872734
26.536374 32.401581 -7.570484
26.536374 32.401581 44.128116
27.160376 32.556159 42.880111
26.895421 32.290429 41.366376
27.750516 33.334999 40.675166
26.536374 -6.552281 33.419784
26.536374 45.146319 33.419784
27.160376 -6.706859 34.667789
27.160376 44.991741 34.667789
26.895421 -6.441129 36.181524
26.895421 45.257471 36.181524
27.750516 -7.485699 36.872734
27.750516 44.212901 36.872734
-7.570484 -0.687074 -6.552281
-7.570484 -0.687074 45.146319
-7.570484 51.011526 -6.552281
-7.570484 51.011526 45.146319
44.128116 -0.687074 -6.552281
44.128116 -0.687074 45.146319
44.128116 51.011526 -6.552281
44.128116 51.011526 45.146319
42.880111 -1.311076 -6.706859
42.880111 -1.311076 44.991741
42.880111 50.387524 -6.706859
42.880111 50.387524 44.991741
41.366376 -1.046121 -6.441129
41.366376 -1.046121 45.257471
41.366376 50.652479 -6.441129
41.366376 50.652479 45.257471
40.675166 -1.901216 -7.485699
40.675166 -1.901216 44.212901
40.675166 49.797384 -7.485699
40.675166 49.797384 44.212901
33.419784 -0.687074 32.401581
33.419784 51.011526 32.401581
34.667789 -1.311076 32.556159
34.667789 50.387524 32.556159
36.181524 -1.046121 32.290429
36.181524 50.652479 32.290429
36.872734 -1.901216 33.334999
36.872734 49.797384 33.334999
-7.570484 26.536374 32.401581
44.128116 26.536374 32.401581
42.880111 27.160376 32.556159
41.366376 26.895421 32.290429
40.675166 27.750516 33.334999
33.419784 26.536374 -6.552281
33.419784 26.536374 45.146319
34.667789 27.160376 -6.706859
34.667789 27.160376 44.991741
36.181524 26.895421 -6.441129
36.181524 26.895421 45.257471
36.872734 27.750516 -7.485699
36.872734 27.750516 44.212901
33.119157 -5.654793 42.238015
33.119157 46.043807 42.238015
32.311625 -6.462325 41.665711
32.311625 45.236275 41.665711
32.311625 -6.462325 40.181961
32.311625 45.236275 40.181961
32.401581 -5.354166 39.461024
32.401581 46.344434 39.461024
-7.269857 31.504093 42.238015
44.428743 31.504093 42.238015
-6.462325 32.311625 41.665711
45.236275 32.311625 41.665711
-6.462325 32.311625 40.181961
45.236275 32.311625 40.181961
-6.552281 31.203466 39.461024
45.146319 31.203466 39.461024
-7.269857 -5.654793 35.309885
-7.269857 46.043807 35.309885
44.428743 -5.654793 35.309885
44.428743 46.043807 35.309885
-6.462325 -6.462325 35.882189
-6.462325 45.236275 35.882189
45.236275 -6.462325 35.882189
45.236275 45.236275 35.882189
-6.462325 -6.462325 37.365939
-6.462325 45.236275 37.365939
45.236275 -6.462325 37.365939
45.236275 45.236275 37.365939
-6.552281 -5.354166 38.086876
-6.552281 46.344434 38.086876
45.146319 -5.354166 38.086876
45.146319 46.344434 38.086876
33.119157 31.504093 35.309885
32.311625 32.311625 35.882189
32.311625 32.311625 37.365939
32.401581 31.203466 38.086876
31.191833 -5.342533 -5.342533
31.191833 -5.342533 46.356067
31.191833 46.356067 -5.342533
31.191833 46.356067 46.356067
29.313365 -5.654793 -5.654793
29.313365 -5.654793 46.043807
29.313365 46.043807 -5.654793
29.313365 46.043807 46.043807
26.536374 -6.372369 -5.354166
26.536374 -6.372369 46.344434
26.536374 45.326231 -5.354166
26.536374 45.326231 46.344434
27.160376 -6.217791 -4.106161
27.160376 -6.217791 47.592439
27.160376 45.480809 -4.106161
27.160376 45.480809 47.592439
26.895421 -6.483521 -2.592426
26.895421 -6.483521 49.106174
26.895421 45.215079 -2.592426
26.895421 45.215079 49.106174
27.750516 -5.438951 -1.901216
27.750516 -5.438951 49.797384
27.750516 46.259649 -1.901216
27.750516 46.259649 49.797384
31.191833 31.191833 31.191833
29.313365 31.504093 31.504093
26.536374 32.221669 31.203466
27.160376 32.067091 29.955461
26.895421 32.332821 28.441726
27.750516 31.288251 27.750516
-5.342533 31.191833 -5.342533
-5.342533 31.191833 46.356067
46.356067 31.191833 -5.342533
46.356067 31.191833 46.356067
-3.464065 31.504093 -5.654793
-3.464065 31.504093 46.043807
48.234535 31.504093 -5.654793
48.234535 31.504093 46.043807
-0.687074 32.221669 -5.354166
-0.687074 32.221669 46.344434
51.011526 32.221669 -5.354166
51.011526 32.221669 46.344434
-1.311076 32.067091 -4.106161
-1.311076 32.067091 47.592439
50.387524 32.067091 -4.106161
50.387524 32.067091 47.592439
-1.046121 32.332821 -2.592426
-1.046121 32.332821 49.106174
50.652479 32.332821 -2.592426
50.652479 32.332821 49.106174
-1.901216 31.288251 -1.901216
-1.901216 31.288251 49.797384
49.797384 31.288251 -1.901216
49.797384 31.288251 49.797384
-5.342533 -5.342533 31.191833
-5.342533 46.356067 31.191833
46.356067 -5.342533 31.191833
46.356067 46.356067 31.191833
-3.464065 -5.654793 31.504093
-3.464065 46.043807 31.504093
48.234535 -5.654793 31.504093
48.234535 46.043807 31.504093
-0.687074 -6.372369 31.203466
-0.687074 45.326231 31.203466
51.011526 -6.372369 31.203466
51.011526 45.326231 31.203466
-1.311076 -6.217791 29.955461
-1.311076 45.480809 29.955461
50.387524 -6.217791 29.955461
50.387524 45.480809 29.955461
-1.046121 -6.483521 28.441726
-1.046121 45.215079 28.441726
50.652479 -6.483521 28.441726
50.652479 45.215079 28.441726
-1.901216 -5.438951 27.750516
-1.901216 46.259649 27.750516
49.797384 -5.438951 27.750516
49.797384 46.259649 27.750516
33.119157 42.238015 -5.654793
33.119157 42.238015 46.043807
32.311625 41.665711 -6.462325
32.311625 41.665711 45.236275
32.311625 40.181961 -6.462325
32.311625 40.181961 45.236275
33.419784 39.461024 -6.372369
33.419784 39.461024 45.326231
34.667789 40.085026 -6.217791
34.667789 40.085026 45.480809
36.181524 39.820071 -6.483521
36.181524 39.820071 45.215079
36.872734 40.675166 -5.438951
36.872734 40.675166 46.259649
-7.269857 42.238015 31.504093
44.428743 42.238015 31.504093
-6.462325 41.665711 32.311625
45.236275 41.665711 32.311625
-6.462325 40.181961 32.311625
45.236275 40.181961 32.311625
-7.570484 39.461024 32.221669
44.128116 39.461024 32.221669
42.880111 40.085026 32.067091
41.366376 39.820071 32.332821
40.675166 40.675166 31.288251
33.119157 35.309885 31.504093
32.311625 35.882189 32.311625
32.311625 37.365939 32.311625
33.419784 38.086876 32.221669
34.667789 37.462874 32.067091
36.181524 37.727829 32.332821
36.872734 36.872734 31.288251
-7.269857 35.309885 -5.654793
-7.269857 35.309885 46.043807
44.428743 35.309885 -5.654793
44.428743 35.309885 46.043807
-6.462325 35.882189 -6.462325
-6.462325 35.882189 45.236275
45.236275 35.882189 -6.462325
45.236275 35.882189 45.236275
-6.462325 37.365939 -6.462325
-6.462325 37.365939 45.236275
45.236275 37.365939 -6.462325
45.236275 37.365939 45.236275
-7.570484 38.086876 -6.372369
-7.570484 38.086876 45.326231
44.128116 38.086876 -6.372369
44.128116 38.086876 45.326231
42.880111 37.462874 -6.217791
42.880111 37.462874 45.480809
41.366376 37.727829 -6.483521
41.366376 37.727829 45.215079
40.675166 36.872734 -5.438951
40.675166 36.872734 46.259649
33.119157 -5.654793 35.309885
33.119157 46.043807 35.309885
32.311625 -6.462325 35.882189
32.311625 45.236275 35.882189
32.311625 -6.462325 37.365939
32.311625 45.236275 37.365939
-7.269857 31.504093 35.309885
44.428743 31.504093 35.309885
-6.462325 32.311625 35.882189
45.236275 32.311625 35.882189
-6.462325 32.311625 37.365939
45.236275 32.311625 37.365939
33.119157 31.504093 42.238015
32.311625 32.311625 41.665711
32.311625 32.311625 40.181961
-7.269857 -5.654793 42.238015
-7.269857 46.043807 42.238015
44.428743 -5.654793 42.238015
44.428743 46.043807 42.238015
-6.462325 -6.462325 41.665711
-6.462325 45.236275 41.665711
45.236275 -6.462325 41.665711
45.236275 45.236275 41.665711
-6.462325 -6.462325 40.181961
-6.462325 45.236275 40.181961
45.236275 -6.462325 40.181961
45.236275 45.236275 40.181961
33.119157 42.238015 31.504093
32.311625 41.665711 32.311625
32.311625 40.181961 32.311625
32.290429 39.820071 28.441726
-7.269857 42.238015 -5.654793
-7.269857 42.238015 46.043807
44.428743 42.238015 -5.654793
44.428743 42.238015 46.043807
-6.462325 41.665711 -6.462325
-6.462325 41.665711 45.236275
45.236275 41.665711 -6.462325
45.236275 41.665711 45.236275
-6.462325 40.181961 -6.462325
-6.462325 40.181961 45.236275
45.236275 40.181961 -6.462325
45.236275 40.181961 45.236275
-6.441129 39.820071 -2.592426
-6.441129 39.820071 49.106174
45.257471 39.820071 -2.592426
45.257471 39.820071 49.106174
-7.269857 35.309885 31.504093
44.428743 35.309885 31.504093
-6.462325 35.882189 32.311625
45.236275 35.882189 32.311625
-6.462325 37.365939 32.311625
45.236275 37.365939 32.311625
-6.441129 37.727829 28.441726
45.257471 37.727829 28.441726
33.119157 35.309885 -5.654793
33.119157 35.309885 46.043807
32.311625 35.882189 -6.462325
32.311625 35.882189 45.236275
32.311625 37.365939 -6.462325
32.311625 37.365939 45.236275
32.290429 37.727829 -2.592426
32.290429 37.727829 49.106174
31.191833 -5.342533 31.191833
31.191833 46.356067 31.191833
29.313365 -5.654793 31.504093
29.313365 46.043807 31.504093
31.191833 31.191833 -5.342533
31.191833 31.191833 46.356067
29.313365 31.504093 -5.654793
29.313365 31.504093 46.043807
-5.342533 -5.342533 -5.342533
-5.342533 -5.342533 46.356067
-5.342533 46.356067 -5.342533
-5.342533 46.356067 46.356067
46.356067 -5.342533 -5.342533
46.356067 -5.342533 46.356067
46.356067 46.356067 -5.342533
46.356067 46.356067 46.356067
-3.464065 -5.654793 -5.654793
-3.464065 -5.654793 46.043807
-3.464065 46.043807 -5.654793
-3.464065 46.043807 46.043807
48.234535 -5.654793 -5.654793
48.234535 -5.654793 46.043807
48.234535 46.043807 -5.654793
48.234535 46.043807 46.043807
-5.342533 31.191833 31.191833
46.356067 31.191833 31.191833
-3.464065 31.504093 31.504093
48.234535 31.504093 31.504093
-6.552281 31.203466 38.086876
45.146319 31.203466 38.086876
-6.706859 29.955461 37.462874
44.991741 29.955461 37.462874
-6.441129 28.441726 37.727829
45.257471 28.441726 37.727829
32.401581 -5.354166 38.086876
32.401581 46.344434 38.086876
32.556159 -4.106161 37.462874
32.556159 47.592439 37.462874
32.290429 -2.592426 37.727829
32.290429 49.106174 37.727829
32.401581 31.203466 39.461024
32.556159 29.955461 40.085026
32.290429 28.441726 39.820071
-6.552281 -5.354166 39.461024
-6.552281 46.344434 39.461024
45.146319 -5.354166 39.461024
45.146319 46.344434 39.461024
-6.706859 -4.106161 40.085026
-6.706859 47.592439 40.085026
44.991741 -4.106161 40.085026
44.991741 47.592439 40.085026
-6.441129 -2.592426 39.820071
-6.441129 49.106174 39.820071
45.257471 -2.592426 39.820071
45.257471 49.106174 39.820071
-0.687074 32.221669 31.203466
51.011526 32.221669 31.203466
-0.687074 -6.372369 -5.354166
-0.687074 -6.372369 46.344434
-0.687074 45.326231 -5.354166
-0.687074 45.326231 46.344434
51.011526 -6.372369 -5.354166
51.011526 -6.372369 46.344434
51.011526 45.326231 -5.354166
51.011526 45.326231 46.344434
26.536374 -6.372369 31.203466
26.536374 45.326231 31.203466
26.536374 32.221669 -5.354166
26.536374 32.221669 46.344434
-7.570484 38.086876 32.221669
44.128116 38.086876 32.221669
33.419784 38.086876 -6.372369
33.419784 38.086876 45.326231
-7.570484 39.461024 -6.372369
-7.570484 39.461024 45.326231
44.128116 39.461024 -6.372369
44.128116 39.461024 45.326231
33.419784 39.461024 32.221669
41.366376 32.332821 39.820071
40.675166 31.288251 40.675166
36.181524 -6.483521 39.820071
36.181524 45.215079 39.820071
36.872734 -5.438951 40.675166
36.872734 46.259649 40.675166
41.366376 -6.483521 37.727829
41.366376 45.215079 37.727829
40.675166 -5.438951 36.872734
40.675166 46.259649 36.872734
36.181524 32.332821 37.727829
36.872734 31.288251 36.872734
-1.046121 28.441726 -6.483521
-1.046121 28.441726 45.215079
50.652479 28.441726 -6.483521
50.652479 28.441726 45.215079
-1.901216 27.750516 -5.438951
-1.901216 27.750516 46.259649
49.797384 27.750516 -5.438951
49.797384 27.750516 46.259649
-1.046121 -2.592426 32.332821
-1.046121 49.106174 32.332821
50.652479 -2.592426 32.332821
50.652479 49.106174 32.332821
-1.901216 -1.901216 31.288251
-1.901216 49.797384 31.288251
49.797384 -1.901216 31.288251
49.797384 49.797384 31.288251
26.895421 28.441726 32.332821
27.750516 27.750516 31.288251
26.895421 -2.592426 -6.483521
26.895421 -2.592426 45.215079
26.895421 49.106174 -6.483521
26.895421 49.106174 45.215079
27.750516 -1.901216 -5.438951
27.750516 -1.901216 46.259649
27.750516 49.797384 -5.438951
27.750516 49.797384 46.259649
-5.654793 33.119157 42.238015
46.043807 33.119157 42.238015
-6.372369 33.419784 39.461024
45.326231 33.419784 39.461024
-6.217791 34.667789 40.085026
45.480809 34.667789 40.085026
-6.483521 36.181524 39.820071
45.215079 36.181524 39.820071
-5.438951 36.872734 40.675166
46.259649 36.872734 40.675166
31.504093 -7.269857 42.238015
31.504093 44.428743 42.238015
32.221669 -7.570484 39.461024
32.221669 44.128116 39.461024
32.067091 42.880111 40.085026
32.332821 41.366376 39.820071
31.288251 40.675166 40.675166
31.504093 33.119157 35.309885
32.221669 33.419784 38.086876
32.067091 34.667789 37.462874
32.332821 36.181524 37.727829
31.288251 36.872734 36.872734
-5.654793 -7.269857 35.309885
-5.654793 44.428743 35.309885
46.043807 -7.269857 35.309885
46.043807 44.428743 35.309885
-6.372369 -7.570484 38.086876
-6.372369 44.128116 38.086876
45.326231 -7.570484 38.086876
45.326231 44.128116 38.086876
-6.217791 42.880111 37.462874
45.480809 42.880111 37.462874
-6.483521 41.366376 37.727829
45.215079 41.366376 37.727829
-5.438951 40.675166 36.872734
46.259649 40.675166 36.872734
42.238015 33.119157 -5.654793
42.238015 33.119157 46.043807
41.665711 32.311625 -6.462325
41.665711 32.311625 45.236275
40.181961 32.311625 -6.462325
40.181961 32.311625 45.236275
39.461024 32.401581 -5.354166
39.461024 32.401581 46.344434
42.238015 -7.269857 31.504093
42.238015 44.428743 31.504093
41.665711 -6.462325 32.311625
41.665711 45.236275 32.311625
40.181961 -6.462325 32.311625
40.181961 45.236275 32.311625
39.461024 -6.552281 31.203466
39.461024 45.146319 31.203466
35.309885 -7.269857 -5.654793
35.309885 -7.269857 46.043807
35.309885 44.428743 -5.654793
35.309885 44.428743 46.043807
35.882189 -6.462325 -6.462325
35.882189 -6.462325 45.236275
35.882189 45.236275 -6.462325
35.882189 45.236275 45.236275
37.365939 -6.462325 -6.462325
37.365939 -6.462325 45.236275
37.365939 45.236275 -6.462325
37.365939 45.236275 45.236275
38.086876 -6.552281 -5.354166
38.086876 -6.552281 46.344434
38.086876 45.146319 -5.354166
38.086876 45.146319 46.344434
35.309885 33.119157 31.504093
35.882189 32.311625 32.311625
37.365939 32.311625 32.311625
38.086876 32.401581 31.203466
-5.654793 29.313365 -5.654793
-5.654793 29.313365 46.043807
46.043807 29.313365 -5.654793
46.043807 29.313365 46.043807
-5.354166 26.536374 -6.372369
-5.354166 26.536374 45.326231
46.344434 26.536374 -6.372369
46.344434 26.536374 45.326231
-4.106161 27.160376 -6.217791
-4.106161 27.160376 45.480809
47.592439 27.160376 -6.217791
47.592439 27.160376 45.480809
-2.592426 26.895421 -6.483521
-2.592426 26.895421 45.215079
49.106174 26.895421 -6.483521
49.106174 26.895421 45.215079
31.504093 29.313365 31.504093
31.203466 26.536374 32.221669
29.955461 27.160376 32.067091
28.441726 26.895421 32.332821
-5.654793 -3.464065 31.504093
-5.654793 48.234535 31.504093
46.043807 -3.464065 31.504093
46.043807 48.234535 31.504093
-5.354166 -0.687074 32.221669
-5.354166 51.011526 32.221669
46.344434 -0.687074 32.221669
46.344434 51.011526 32.221669
-4.106161 -1.311076 32.067091
-4.106161 50.387524 32.067091
47.592439 -1.311076 32.067091
47.592439 50.387524 32.067091
-2.592426 -1.046121 32.332821
-2.592426 50.652479 32.332821
49.106174 -1.046121 32.332821
49.106174 50.652479 32.332821
31.504093 -3.464065 -5.654793
31.504093 -3.464065 46.043807
31.504093 48.234535 -5.654793
31.504093 48.234535 46.043807
31.203466 -0.687074 -6.372369
31.203466 -0.687074 45.326231
31.203466 51.011526 -6.372369
31.203466 51.011526 45.326231
29.955461 -1.311076 -6.217791
29.955461 -1.311076 45.480809
29.955461 50.387524 -6.217791
29.955461 50.387524 45.480809
28.441726 -1.046121 -6.483521
28.441726 -1.046121 45.215079
28.441726 50.652479 -6.483521
28.441726 50.652479 45.215079
-5.654793 33.119157 35.309885
46.043807 33.119157 35.309885
-2.592426 32.290429 37.727829
49.106174 32.290429 37.727829
31.504093 -7.269857 35.309885
31.504093 44.428743 35.309885
28.441726 -6.441129 37.727829
28.441726 45.257471 37.727829
-5.654793 -7.269857 42.238015
-5.654793 44.428743 42.238015
46.043807 -7.269857 42.238015
46.043807 44.428743 42.238015
-2.592426 -6.441129 39.820071
-2.592426 45.257471 39.820071
49.106174 -6.441129 39.820071
49.106174 45.257471 39.820071
31.504093 33.119157 42.238015
28.441726 32.290429 39.820071
-5.654793 29.313365 31.504093
46.043807 29.313365 31.504093
31.504093 29.313365 -5.654793
31.504093 29.313365 46.043807
31.504093 -3.464065 31.504093
31.504093 48.234535 31.504093
-5.654793 -3.464065 -5.654793
-5.654793 -3.464065 46.043807
-5.654793 48.234535 -5.654793
-5.654793 48.234535 46.043807
46.043807 -3.464065 -5.654793
46.043807 -3.464065 46.043807
46.043807 48.234535 -5.654793
46.043807 48.234535 46.043807
42.238015 33.119157 31.504093
41.665711 32.311625 32.311625
40.181961 32.311625 32.311625
42.238015 -7.269857 -5.654793
42.238015 -7.269857 46.043807
42.238015 44.428743 -5.654793
42.238015 44.428743 46.043807
41.665711 -6.462325 -6.462325
41.665711 -6.462325 45.236275
41.665711 45.236275 -6.462325
41.665711 45.236275 45.236275
40.181961 -6.462325 -6.462325
40.181961 -6.462325 45.236275
40.181961 45.236275 -6.462325
40.181961 45.236275 45.236275
35.309885 33.119157 -5.654793
35.309885 33.119157 46.043807
35.882189 32.311625 -6.462325
35.882189 32.311625 45.236275
37.365939 32.311625 -6.462325
37.365939 32.311625 45.236275
35.309885 -7.269857 31.504093
35.309885 44.428743 31.504093
35.882189 -6.462325 32.311625
35.882189 45.236275 32.311625
37.365939 -6.462325 32.311625
37.365939 45.236275 32.311625
32.221669 -7.570484 38.086876
32.221669 44.128116 38.086876
-6.372369 33.419784 38.086876
45.326231 33.419784 38.086876
-6.372369 -7.570484 39.461024
-6.372369 44.128116 39.461024
45.326231 -7.570484 39.461024
45.326231 44.128116 39.461024
32.221669 33.419784 39.461024
38.086876 -6.552281 31.203466
38.086876 45.146319 31.203466
37.462874 -6.706859 29.955461
37.462874 44.991741 29.955461
37.727829 -6.441129 28.441726
37.727829 45.257471 28.441726
38.086876 32.401581 -5.354166
38.086876 32.401581 46.344434
37.462874 32.556159 -4.106161
37.462874 32.556159 47.592439
37.727829 32.290429 -2.592426
37.727829 32.290429 49.106174
39.461024 32.401581 31.203466
40.085026 32.556159 29.955461
39.820071 32.290429 28.441726
39.461024 -6.552281 -5.354166
39.461024 -6.552281 46.344434
39.461024 45.146319 -5.354166
39.461024 45.146319 46.344434
40.085026 -6.706859 -4.106161
40.085026 -6.706859 47.592439
40.085026 44.991741 -4.106161
40.085026 44.991741 47.592439
39.820071 -6.441129 -2.592426
39.820071 -6.441129 49.106174
39.820071 45.257471 -2.592426
39.820071 45.257471 49.106174
31.203466 -0.687074 32.221669
31.203466 51.011526 32.221669
-5.354166 -0.687074 -6.372369
-5.354166 -0.687074 45.326231
-5.354166 51.011526 -6.372369
-5.354166 51.011526 45.326231
46.344434 -0.687074 -6.372369
46.344434 -0.687074 45.326231
46.344434 51.011526 -6.372369
46.344434 51.011526 45.326231
31.203466 26.536374 -6.372369
31.203466 26.536374 45.326231
-5.354166 26.536374 32.221669
46.344434 26.536374 32.221669
32.332821 -1.046121 -2.592426
32.332821 -1.046121 49.106174
32.332821 50.652479 -2.592426
32.332821 50.652479 49.106174
31.288251 -1.901216 -1.901216
31.288251 -1.901216 49.797384
31.288251 49.797384 -1.901216
31.288251 49.797384 49.797384
-6.483521 -1.046121 28.441726
-6.483521 50.652479 28.441726
45.215079 -1.046121 28.441726
45.215079 50.652479 28.441726
-5.438951 -1.901216 27.750516
-5.438951 49.797384 27.750516
46.259649 -1.901216 27.750516
46.259649 49.797384 27.750516
-6.483521 26.895421 -2.592426
-6.483521 26.895421 49.106174
45.215079 26.895421 -2.592426
45.215079 26.895421 49.106174
-5.438951 27.750516 -1.901216
-5.438951 27.750516 49.797384
46.259649 27.750516 -1.901216
46.259649 27.750516 49.797384
32.332821 26.895421 28.441726
31.288251 27.750516 27.750516
37.727829 41.366376 -6.483521
37.727829 41.366376 45.215079
37.727829 36.181524 32.332821
39.820071 41.366376 32.332821
39.820071 36.181524 -6.483521
39.820071 36.181524 45.215079
-5.654793 -5.654793 29.313365
-5.654793 46.043807 29.313365
46.043807 -5.654793 29.313365
46.043807 46.043807 29.313365
-6.372369 -5.354166 26.536374
-6.372369 46.344434 26.536374
45.326231 -5.354166 26.536374
45.326231 46.344434 26.536374
-6.217791 -4.106161 27.160376
-6.217791 47.592439 27.160376
45.480809 -4.106161 27.160376
45.480809 47.592439 27.160376
-6.483521 -2.592426 26.895421
-6.483521 49.106174 26.895421
45.215079 -2.592426 26.895421
45.215079 49.106174 26.895421
31.504093 31.504093 29.313365
32.221669 31.203466 26.536374
32.067091 29.955461 27.160376
32.332821 28.441726 26.895421
31.504093 -5.654793 -3.464065
31.504093 -5.654793 48.234535
31.504093 46.043807 -3.464065
31.504093 46.043807 48.234535
32.221669 -5.354166 -0.687074
32.221669 -5.354166 51.011526
32.221669 46.344434 -0.687074
32.221669 46.344434 51.011526
32.067091 -4.106161 -1.311076
32.067091 -4.106161 50.387524
32.067091 47.592439 -1.311076
32.067091 47.592439 50.387524
32.332821 -2.592426 -1.046121
32.332821 -2.592426 50.652479
32.332821 49.106174 -1.046121
32.332821 49.106174 50.652479
-5.654793 31.504093 -3.464065
-5.654793 31.504093 48.234535
46.043807 31.504093 -3.464065
46.043807 31.504093 48.234535
-6.372369 31.203466 -0.687074
-6.372369 31.203466 51.011526
45.326231 31.203466 -0.687074
45.326231 31.203466 51.011526
-6.217791 29.955461 -1.311076
-6.217791 29.955461 50.387524
45.480809 29.955461 -1.311076
45.480809 29.955461 50.387524
-6.483521 28.441726 -1.046121
-6.483521 28.441726 50.652479
45.215079 28.441726 -1.046121
45.215079 28.441726 50.652479
42.238015 -5.654793 33.119157
42.238015 46.043807 33.119157
39.461024 -6.372369 33.419784
39.461024 45.326231 33.419784
40.085026 -6.217791 34.667789
40.085026 45.480809 34.667789
39.820071 -6.483521 36.181524
39.820071 45.215079 36.181524
42.238015 31.504093 -7.269857
42.238015 31.504093 44.428743
39.461024 32.221669 -7.570484
39.461024 32.221669 44.128116
40.085026 32.067091 42.880111
39.820071 32.332821 41.366376
35.309885 31.504093 33.119157
38.086876 32.221669 33.419784
37.462874 32.067091 34.667789
37.727829 32.332821 36.181524
35.309885 -5.654793 -7.269857
35.309885 -5.654793 44.428743
35.309885 46.043807 -7.269857
35.309885 46.043807 44.428743
38.086876 -6.372369 -7.570484
38.086876 -6.372369 44.128116
38.086876 45.326231 -7.570484
38.086876 45.326231 44.128116
37.462874 -6.217791 42.880111
37.462874 45.480809 42.880111
37.727829 -6.483521 41.366376
37.727829 45.215079 41.366376
-5.654793 42.238015 33.119157
46.043807 42.238015 33.119157
-5.354166 39.461024 32.401581
46.344434 39.461024 32.401581
31.504093 42.238015 -7.269857
31.504093 42.238015 44.428743
31.203466 39.461024 -6.552281
31.203466 39.461024 45.146319
-5.654793 35.309885 -7.269857
-5.654793 35.309885 44.428743
46.043807 35.309885 -7.269857
46.043807 35.309885 44.428743
-5.354166 38.086876 -6.552281
-5.354166 38.086876 45.146319
46.344434 38.086876 -6.552281
46.344434 38.086876 45.146319
31.504093 35.309885 33.119157
31.203466 38.086876 32.401581
-5.654793 -5.654793 -3.464065
-5.654793 -5.654793 48.234535
-5.654793 46.043807 -3.464065
-5.654793 46.043807 48.234535
46.043807 -5.654793 -3.464065
46.043807 -5.654793 48.234535
46.043807 46.043807 -3.464065
46.043807 46.043807 48.234535
31.504093 31.504093 -3.464065
31.504093 31.504093 48.234535
-5.654793 31.504093 29.313365
46.043807 31.504093 29.313365
31.504093 -5.654793 29.313365
31.504093 46.043807 29.313365
-5.654793 42.238015 -7.269857
-5.654793 42.238015 44.428743
46.043807 42.238015 -7.269857
46.043807 42.238015 44.428743
31.504093 42.238015 33.119157
31.504093 35.309885 -7.269857
31.504093 35.309885 44.428743
-5.654793 35.309885 33.119157
46.043807 35.309885 33.119157
42.238015 -5.654793 -7.269857
42.238015 -5.654793 44.428743
42.238015 46.043807 -7.269857
42.238015 46.043807 44.428743
39.820071 -2.592426 -6.441129
39.820071 -2.592426 45.257471
39.820071 49.106174 -6.441129
39.820071 49.106174 45.257471
42.238015 31.504093 33.119157
39.820071 28.441726 32.290429
35.309885 -5.654793 33.119157
35.309885 46.043807 33.119157
37.727829 -2.592426 32.290429
37.727829 49.106174 32.290429
35.309885 31.504093 -7.269857
35.309885 31.504093 44.428743
37.727829 28.441726 -6.441129
37.727829 28.441726 45.257471
32.221669 31.203466 -0.687074
32.221669 31.203466 51.011526
-6.372369 -5.354166 -0.687074
-6.372369 -5.354166 51.011526
-6.372369 46.344434 -0.687074
-6.372369 46.344434 51.011526
45.326231 -5.354166 -0.687074
45.326231 -5.354166 51.011526
45.326231 46.344434 -0.687074
45.326231 46.344434 51.011526
-6.372369 31.203466 26.536374
45.326231 31.203466 26.536374
32.221669 -5.354166 26.536374
32.221669 46.344434 26.536374
38.086876 32.221669 -7.570484
38.086876 32.221669 44.128116
38.086876 -6.372369 33.419784
38.086876 45.326231 33.419784
39.461024 -6.372369 -7.570484
39.461024 -6.372369 44.128116
39.461024 45.326231 -7.570484
39.461024 45.326231 44.128116
39.461024 32.221669 33.419784
31.203466 38.086876 -6.552281
31.203466 38.086876 45.146319
29.955461 37.462874 -6.706859
29.955461 37.462874 44.991741
28.441726 37.727829 -6.441129
28.441726 37.727829 45.257471
-5.354166 38.086876 32.401581
46.344434 38.086876 32.401581
-4.106161 37.462874 32.556159
47.592439 37.462874 32.556159
-2.592426 37.727829 32.290429
49.106174 37.727829 32.290429
31.203466 39.461024 32.401581
29.955461 40.085026 32.556159
28.441726 39.820071 32.290429
-5.354166 39.461024 -6.552281
-5.354166 39.461024 45.146319
46.344434 39.461024 -6.552281
46.344434 39.461024 45.146319
-4.106161 40.085026 -6.706859
-4.106161 40.085026 44.991741
47.592439 40.085026 -6.706859
47.592439 40.085026 44.991741
-2.592426 39.820071 -6.441129
-2.592426 39.820071 45.257471
49.106174 39.820071 -6.441129
49.106174 39.820071 45.257471
28.441726 32.332821 26.895421
-2.592426 -6.483521 26.895421
-2.592426 45.215079 26.895421
49.106174 -6.483521 26.895421
49.106174 45.215079 26.895421
28.441726 -6.483521 -1.046121
28.441726 -6.483521 50.652479
28.441726 45.215079 -1.046121
28.441726 45.215079 50.652479
-2.592426 32.332821 -1.046121
-2.592426 32.332821 50.652479
49.106174 32.332821 -1.046121
49.106174 32.332821 50.652479
32.332821 37.727829 36.181524
-6.483521 37.727829 41.366376
45.215079 37.727829 41.366376
-6.483521 39.820071 36.181524
45.215079 39.820071 36.181524
32.332821 39.820071 41.366376
39.892966 -6.620781 30.360003
39.892966 45.077819 30.360003
37.654934 -6.303869 34.263247
37.654934 45.394731 34.263247
39.892966 32.153169 34.263247
37.654934 32.470081 30.360003
39.892966 -6.303869 43.284653
39.892966 45.394731 43.284653
37.654934 -6.620781 -4.510703
37.654934 -6.620781 47.187897
37.654934 45.077819 -4.510703
37.654934 45.077819 47.187897
37.654934 32.153169 43.284653
39.892966 32.470081 -4.510703
39.892966 32.470081 47.187897
36.315682 32.493346 -0.127954
36.315682 32.493346 51.570646
35.250949 32.289912 -1.237664
35.250949 32.289912 50.460936
36.544706 31.433783 -1.237664
36.544706 31.433783 50.460936
36.227277 33.788654 -2.430610
36.227277 33.788654 49.267990
37.393339 33.935220 -1.380611
37.393339 33.935220 50.317989
38.638500 32.419158 -2.355130
38.638500 32.419158 49.343470
37.442453 31.416464 -2.353579
37.442453 31.416464 49.345021
41.232218 -6.644046 -0.127954
41.232218 -6.644046 51.570646
41.232218 45.054554 -0.127954
41.232218 45.054554 51.570646
42.296951 -6.440612 -1.237664
42.296951 -6.440612 50.460936
42.296951 45.257988 -1.237664
42.296951 45.257988 50.460936
41.003194 -5.584483 -1.237664
41.003194 -5.584483 50.460936
41.003194 46.114117 -1.237664
41.003194 46.114117 50.460936
41.320623 43.759246 -2.430610
41.320623 43.759246 49.267990
40.154561 43.612680 -1.380611
40.154561 43.612680 50.317989
38.909400 -6.569858 -2.355130
38.909400 -6.569858 49.343470
38.909400 45.128742 -2.355130
38.909400 45.128742 49.343470
40.105447 -5.567164 -2.353579
40.105447 -5.567164 49.345021
40.105447 46.131436 -2.353579
40.105447 46.131436 49.345021
40.098727 33.199807 41.095734
38.902163 32.199439 41.161391
40.230300 30.663732 40.114236
41.276162 30.863806 41.276162
41.789529 32.972075 40.381518
42.018296 31.912253 39.271808
40.724538 32.768382 39.271808
37.449173 -7.350507 41.095734
37.449173 44.348093 41.095734
38.645737 -6.350139 41.161391
38.645737 45.348461 41.161391
37.317600 -4.814432 40.114236
37.317600 46.884168 40.114236
36.271738 -5.014506 41.276162
36.271738 46.684094 41.276162
35.758371 -7.122775 40.381518
35.758371 44.575825 40.381518
35.529604 -6.062953 39.271808
35.529604 45.635647 39.271808
36.823362 -6.919082 39.271808
36.823362 44.779518 39.271808
36.315682 32.129904 38.645996
36.544706 33.189467 37.536286
35.250949 32.333338 37.536286
37.317600 30.663732 37.433664
36.271738 30.863806 36.271738
37.449173 33.199807 36.452166
38.645737 32.199439 36.386509
40.098727 -7.350507 36.452166
40.098727 44.348093 36.452166
38.902163 -6.350139 36.386509
38.902163 45.348461 36.386509
40.230300 -4.814432 37.433664
40.230300 46.884168 37.433664
41.276162 -5.014506 36.271738
41.276162 46.684094 36.271738
41.232218 -6.280604 38.645996
41.232218 45.417996 38.645996
41.003194 -7.340167 37.536286
41.003194 44.358433 37.536286
42.296951 -6.484038 37.536286
42.296951 45.214562 37.536286
-2.458268 32.493346 38.645996
49.240332 32.493346 38.645996
-3.523001 32.289912 37.536286
48.175599 32.289912 37.536286
-2.229244 31.433783 37.536286
49.469356 31.433783 37.536286
-1.340286 33.959518 37.317600
50.358314 33.959518 37.317600
-2.502212 33.759444 36.271738
49.196388 33.759444 36.271738
-1.309784 31.403798 36.398141
50.388816 31.403798 36.398141
-0.128213 32.423811 36.386509
51.570387 32.423811 36.386509
-3.015579 -5.801875 40.381518
-3.015579 45.896725 40.381518
48.683021 -5.801875 40.381518
48.683021 45.896725 40.381518
-1.950588 -6.005568 39.271808
-1.950588 45.693032 39.271808
49.748012 -6.005568 39.271808
49.748012 45.693032 39.271808
-3.244346 -6.861697 39.271808
-3.244346 44.836903 39.271808
48.454254 -6.861697 39.271808
48.454254 44.836903 39.271808
-1.340286 43.588382 40.230300
50.358314 43.588382 40.230300
-2.502212 43.788456 41.276162
49.196388 43.788456 41.276162
-1.309784 -5.554498 41.149759
-1.309784 46.144102 41.149759
50.388816 -5.554498 41.149759
50.388816 46.144102 41.149759
-0.128213 -6.574511 41.161391
-0.128213 45.124089 41.161391
51.570387 -6.574511 41.161391
51.570387 45.124089 41.161391
-3.015579 -7.122775 27.456868
-3.015579 44.575825 27.456868
48.683021 -7.122775 27.456868
48.683021 44.575825 27.456868
-3.244346 -6.062953 26.347158
-3.244346 45.635647 26.347158
48.454254 -6.062953 26.347158
48.454254 45.635647 26.347158
-1.950588 -6.919082 26.347158
-1.950588 44.779518 26.347158
49.748012 -6.919082 26.347158
49.748012 44.779518 26.347158
-2.430610 -4.985296 28.395973
-2.430610 46.713304 28.395973
49.267990 -4.985296 28.395973
49.267990 46.713304 28.395973
-1.380611 -4.838730 27.229911
-1.380611 46.859870 27.229911
50.317989 -4.838730 27.229911
50.317989 46.859870 27.229911
-0.120458 -6.374437 28.258455
-0.120458 45.324163 28.258455
51.578142 -6.374437 28.258455
51.578142 45.324163 28.258455
-1.331497 -7.357486 28.202879
-1.331497 44.341114 28.202879
50.367103 -7.357486 28.202879
50.367103 44.341114 28.202879
-1.119016 -6.620781 34.263247
-1.119016 45.077819 34.263247
50.579584 -6.620781 34.263247
50.579584 45.077819 34.263247
-1.119016 32.153169 30.360003
50.579584 32.153169 30.360003
-1.119016 32.470081 43.284653
50.579584 32.470081 43.284653
-1.119016 -6.303869 -4.510703
-1.119016 -6.303869 47.187897
-1.119016 45.394731 -4.510703
-1.119016 45.394731 47.187897
50.579584 -6.303869 -4.510703
50.579584 -6.303869 47.187897
50.579584 45.394731 -4.510703
50.579584 45.394731 47.187897
-0.120458 32.223737 -2.409155
-0.120458 32.223737 49.289445
51.578142 32.223737 -2.409155
51.578142 32.223737 49.289445
-1.331497 33.206786 -2.353579
-1.331497 33.206786 49.345021
50.367103 33.206786 -2.353579
50.367103 33.206786 49.345021
-2.430610 30.834596 -2.546673
-2.430610 30.834596 49.151927
49.267990 30.834596 -2.546673
49.267990 30.834596 49.151927
-1.380611 30.688030 -1.380611
-1.380611 30.688030 50.317989
50.317989 30.688030 -1.380611
50.317989 30.688030 50.317989
-2.458268 32.129904 -0.127954
-2.458268 32.129904 51.570646
49.240332 32.129904 -0.127954
49.240332 32.129904 51.570646
-2.229244 33.189467 -1.237664
-2.229244 33.189467 50.460936
49.469356 33.189467 -1.237664
49.469356 33.189467 50.460936
-3.523001 32.333338 -1.237664
-3.523001 32.333338 50.460936
48.175599 32.333338 -1.237664
48.175599 32.333338 50.460936
28.307568 -6.280604 -0.127954
28.307568 -6.280604 51.570646
28.307568 45.417996 -0.127954
28.307568 45.417996 51.570646
28.078544 -7.340167 -1.237664
28.078544 -7.340167 50.460936
28.078544 44.358433 -1.237664
28.078544 44.358433 50.460936
29.372301 -6.484038 -1.237664
29.372301 -6.484038 50.460936
29.372301 45.214562 -1.237664
29.372301 45.214562 50.460936
28.279910 -4.985296 -2.546673
28.279910 -4.985296 49.151927
28.279910 46.713304 -2.546673
28.279910 46.713304 49.151927
27.229911 -4.838730 -1.380611
27.229911 -4.838730 50.317989
27.229911 46.859870 -1.380611
27.229911 46.859870 50.317989
25.969758 -6.374437 -2.409155
25.969758 -6.374437 49.289445
25.969758 45.324163 -2.409155
25.969758 45.324163 49.289445
27.180797 -7.357486 -2.353579
27.180797 -7.357486 49.345021
27.180797 44.341114 -2.353579
27.180797 44.341114 49.345021
26.968316 32.153169 -4.510703
26.968316 32.153169 47.187897
26.968316 -6.620781 43.284653
26.968316 45.077819 43.284653
27.159084 31.403798 41.149759
25.977513 32.423811 41.161391
27.189586 33.959518 40.230300
28.351512 33.759444 41.276162
28.864879 31.651175 40.381518
27.799888 31.854868 39.271808
29.093646 32.710997 39.271808
28.307568 -6.644046 38.645996
28.307568 45.054554 38.645996
29.372301 -6.440612 37.536286
29.372301 45.257988 37.536286
28.078544 -5.584483 37.536286
28.078544 46.114117 37.536286
27.189586 43.588382 37.317600
28.351512 43.788456 36.271738
27.159084 -5.554498 36.398141
27.159084 46.144102 36.398141
25.977513 -6.574511 36.386509
25.977513 45.124089 36.386509
26.968316 -6.303869 30.360003
26.968316 45.394731 30.360003
26.968316 32.470081 34.263247
25.969758 32.223737 28.258455
27.180797 33.206786 28.202879
28.279910 30.834596 28.395973
27.229911 30.688030 27.229911
28.864879 32.972075 27.456868
29.093646 31.912253 26.347158
27.799888 32.768382 26.347158
38.638500 -6.569858 28.204430
38.638500 45.128742 28.204430
37.442453 -5.567164 28.202879
37.442453 46.131436 28.202879
36.227277 43.759246 28.279910
37.393339 43.612680 27.229911
35.758371 -5.801875 27.456868
35.758371 45.896725 27.456868
36.823362 -6.005568 26.347158
36.823362 45.693032 26.347158
35.529604 -6.861697 26.347158
35.529604 44.836903 26.347158
41.789529 31.651175 27.456868
40.724538 31.854868 26.347158
42.018296 32.710997 26.347158
41.320623 33.788654 28.279910
40.154561 33.935220 27.229911
38.909400 32.419158 28.204430
40.105447 31.416464 28.202879
32.972075 27.456868 28.864879
31.912253 26.347158 29.093646
32.768382 26.347158 27.799888
30.663732 27.189586 27.305650
30.863806 28.351512 28.351512
33.199807 28.171084 27.174077
32.199439 28.236741 25.977513
-5.554498 36.398141 27.159084
46.144102 36.398141 27.159084
-6.574511 36.386509 25.977513
45.124089 36.386509 25.977513
43.588382 37.317600 27.189586
43.788456 36.271738 28.351512
-6.644046 38.645996 28.307568
45.054554 38.645996 28.307568
-6.440612 37.536286 29.372301
45.257988 37.536286 29.372301
-5.584483 37.536286 28.078544
46.114117 37.536286 28.078544
31.651175 40.381518 28.864879
31.854868 39.271808 27.799888
32.710997 39.271808 29.093646
33.959518 40.230300 27.189586
33.759444 41.276162 28.351512
31.403798 41.149759 27.159084
32.423811 41.161391 25.977513
32.153169 -4.510703 26.968316
32.153169 47.187897 26.968316
32.470081 34.263247 26.968316
-6.303869 30.360003 26.968316
45.394731 30.360003 26.968316
-6.620781 43.284653 26.968316
45.077819 43.284653 26.968316
-7.350507 -2.321784 27.174077
-7.350507 49.376816 27.174077
44.348093 -2.321784 27.174077
44.348093 49.376816 27.174077
-6.350139 -2.387441 25.977513
-6.350139 49.311159 25.977513
45.348461 -2.387441 25.977513
45.348461 49.311159 25.977513
-4.814432 -1.340286 27.305650
-4.814432 50.358314 27.305650
46.884168 -1.340286 27.305650
46.884168 50.358314 27.305650
-5.014506 -2.502212 28.351512
-5.014506 49.196388 28.351512
46.684094 -2.502212 28.351512
46.684094 49.196388 28.351512
-6.280604 -0.127954 28.307568
-6.280604 51.570646 28.307568
45.417996 -0.127954 28.307568
45.417996 51.570646 28.307568
-7.340167 -1.237664 28.078544
-7.340167 50.460936 28.078544
44.358433 -1.237664 28.078544
44.358433 50.460936 28.078544
-6.484038 -1.237664 29.372301
-6.484038 50.460936 29.372301
45.214562 -1.237664 29.372301
45.214562 50.460936 29.372301
32.493346 -0.127954 36.315682
32.493346 51.570646 36.315682
32.289912 -1.237664 35.250949
32.289912 50.460936 35.250949
31.433783 -1.237664 36.544706
31.433783 50.460936 36.544706
33.788654 -2.430610 36.227277
33.788654 49.267990 36.227277
33.935220 -1.380611 37.393339
33.935220 50.317989 37.393339
32.419158 -2.355130 38.638500
32.419158 49.343470 38.638500
31.416464 -2.353579 37.442453
31.416464 49.345021 37.442453
32.470081 -4.510703 39.892966
32.470081 47.187897 39.892966
-6.303869 43.284653 39.892966
45.394731 43.284653 39.892966
32.153169 43.284653 37.654934
-6.569858 -2.355130 38.909400
-6.569858 49.343470 38.909400
45.128742 -2.355130 38.909400
45.128742 49.343470 38.909400
-5.567164 -2.353579 40.105447
-5.567164 49.345021 40.105447
46.131436 -2.353579 40.105447
46.131436 49.345021 40.105447
43.759246 -2.430610 41.320623
43.759246 49.267990 41.320623
43.612680 -1.380611 40.154561
43.612680 50.317989 40.154561
-6.644046 -0.127954 41.232218
-6.644046 51.570646 41.232218
45.054554 -0.127954 41.232218
45.054554 51.570646 41.232218
-6.440612 -1.237664 42.296951
-6.440612 50.460936 42.296951
45.257988 -1.237664 42.296951
45.257988 50.460936 42.296951
-5.584483 -1.237664 41.003194
-5.584483 50.460936 41.003194
46.114117 -1.237664 41.003194
46.114117 50.460936 41.003194
32.129904 -0.127954 -2.458268
32.129904 -0.127954 49.240332
32.129904 51.570646 -2.458268
32.129904 51.570646 49.240332
33.189467 -1.237664 -2.229244
33.189467 -1.237664 49.469356
33.189467 50.460936 -2.229244
33.189467 50.460936 49.469356
32.333338 -1.237664 -3.523001
32.333338 -1.237664 48.175599
32.333338 50.460936 -3.523001
32.333338 50.460936 48.175599
30.663732 -1.340286 -1.456350
30.663732 -1.340286 50.242250
30.663732 50.358314 -1.456350
30.663732 50.358314 50.242250
30.863806 -2.502212 -2.502212
30.863806 -2.502212 49.196388
30.863806 49.196388 -2.502212
30.863806 49.196388 49.196388
33.199807 -2.321784 -1.324777
33.199807 -2.321784 50.373823
33.199807 49.376816 -1.324777
33.199807 49.376816 50.373823
32.199439 -2.387441 -0.128213
32.199439 -2.387441 51.570387
32.199439 49.311159 -0.128213
32.199439 49.311159 51.570387
-6.303869 -4.510703 -1.119016
-6.303869 -4.510703 50.579584
-6.303869 47.187897 -1.119016
-6.303869 47.187897 50.579584
45.394731 -4.510703 -1.119016
45.394731 -4.510703 50.579584
45.394731 47.187897 -1.119016
45.394731 47.187897 50.579584
-5.554498 41.149759 -1.309784
-5.554498 41.149759 50.388816
46.144102 41.149759 -1.309784
46.144102 41.149759 50.388816
-6.574511 41.161391 -0.128213
-6.574511 41.161391 51.570387
45.124089 41.161391 -0.128213
45.124089 41.161391 51.570387
43.588382 40.230300 -1.340286
43.588382 40.230300 50.358314
43.788456 41.276162 -2.502212
43.788456 41.276162 49.196388
-5.801875 40.381518 -3.015579
-5.801875 40.381518 48.683021
45.896725 40.381518 -3.015579
45.896725 40.381518 48.683021
-6.005568 39.271808 -1.950588
-6.005568 39.271808 49.748012
45.693032 39.271808 -1.950588
45.693032 39.271808 49.748012
-6.861697 39.271808 -3.244346
-6.861697 39.271808 48.454254
44.836903 39.271808 -3.244346
44.836903 39.271808 48.454254
32.493346 38.645996 -2.458268
32.493346 38.645996 49.240332
32.289912 37.536286 -3.523001
32.289912 37.536286 48.175599
31.433783 37.536286 -2.229244
31.433783 37.536286 49.469356
33.959518 37.317600 -1.340286
33.959518 37.317600 50.358314
33.759444 36.271738 -2.502212
33.759444 36.271738 49.196388
31.403798 36.398141 -1.309784
31.403798 36.398141 50.388816
32.423811 36.386509 -0.128213
32.423811 36.386509 51.570387
-6.620781 34.263247 -1.119016
-6.620781 34.263247 50.579584
45.077819 34.263247 -1.119016
45.077819 34.263247 50.579584
32.153169 30.360003 -1.119016
32.153169 30.360003 50.579584
30.360003 39.892966 -6.620781
30.360003 39.892966 45.077819
34.239724 37.611765 -6.305678
34.239724 37.611765 45.392922
32.223737 41.183105 38.894408
33.206786 41.127529 40.105447
30.834596 41.320623 41.204560
30.688030 40.154561 40.154561
32.972075 40.381518 41.789529
31.912253 39.271808 42.018296
32.768382 39.271808 40.724538
-6.374437 41.183105 38.653492
45.324163 41.183105 38.653492
-7.357486 41.127529 37.442453
44.341114 41.127529 37.442453
-4.985296 41.320623 36.343340
46.713304 41.320623 36.343340
-4.838730 40.154561 37.393339
46.859870 40.154561 37.393339
-7.122775 40.381518 35.758371
44.575825 40.381518 35.758371
-6.062953 39.271808 35.529604
45.635647 39.271808 35.529604
-6.919082 39.271808 36.823362
44.779518 39.271808 36.823362
32.129904 38.645996 36.315682
33.189467 37.536286 36.544706
32.333338 37.536286 35.250949
30.834596 36.227277 36.343340
30.688030 37.393339 37.393339
32.223737 36.364795 38.653492
33.206786 36.420371 37.442453
-6.374437 36.364795 38.894408
45.324163 36.364795 38.894408
-7.357486 36.420371 40.105447
44.341114 36.420371 40.105447
-4.985296 36.227277 41.204560
46.713304 36.227277 41.204560
-4.838730 37.393339 40.154561
46.859870 37.393339 40.154561
-6.280604 38.645996 41.232218
45.417996 38.645996 41.232218
-7.340167 37.536286 41.003194
44.358433 37.536286 41.003194
-6.484038 37.536286 42.296951
45.214562 37.536286 42.296951
32.419158 28.204430 38.909400
31.416464 28.202879 40.105447
33.788654 28.279910 41.320623
33.935220 27.229911 40.154561
31.651175 27.456868 41.789529
31.854868 26.347158 40.724538
32.710997 26.347158 42.018296
-6.569858 28.204430 38.638500
45.128742 28.204430 38.638500
-5.567164 28.202879 37.442453
46.131436 28.202879 37.442453
43.759246 28.279910 36.227277
43.612680 27.229911 37.393339
-5.801875 27.456868 35.758371
45.896725 27.456868 35.758371
-6.005568 26.347158 36.823362
45.693032 26.347158 36.823362
-6.861697 26.347158 35.529604
44.836903 26.347158 35.529604
32.470081 43.284653 -1.119016
32.470081 43.284653 50.579584
37.647696 29.383416 -6.539097
37.647696 29.383416 45.159503
37.435215 28.187628 -5.573885
37.435215 28.187628 46.124715
38.635656 28.187628 -6.556416
38.635656 28.187628 45.142184
37.317600 27.189586 43.588382
36.271738 28.351512 43.788456
36.398141 27.159084 -5.554498
36.398141 27.159084 46.144102
36.386509 25.977513 -6.574511
36.386509 25.977513 45.124089
28.171084 27.174077 33.199807
28.236741 25.977513 32.199439
27.189586 27.305650 30.663732
28.351512 28.351512 30.863806
26.975554 29.383416 32.234853
25.987594 28.187628 32.217534
27.188035 28.187628 33.200065
26.458310 36.834219 -5.907082
26.458310 36.834219 45.791518
26.246087 35.638430 -6.872295
26.246087 35.638430 44.826305
27.446528 35.638430 -5.889763
27.446528 35.638430 45.808837
28.279910 36.227277 43.759246
27.229911 37.393339 43.612680
28.204430 38.638500 -6.569858
28.204430 38.638500 45.128742
28.202879 37.442453 -5.567164
28.202879 37.442453 46.131436
28.204430 38.909400 32.419158
28.202879 40.105447 31.416464
28.279910 41.320623 33.788654
27.229911 40.154561 33.935220
26.975554 42.308066 32.388397
27.188035 41.112278 31.423185
25.987594 41.112278 32.405716
26.458310 -1.939731 -7.017568
26.458310 -1.939731 44.681032
26.458310 49.758869 -7.017568
26.458310 49.758869 44.681032
27.446528 -3.135520 -7.034887
27.446528 -3.135520 44.663713
27.446528 48.563080 -7.034887
27.446528 48.563080 44.663713
26.246087 -3.135520 -6.052355
26.246087 -3.135520 45.646245
26.246087 48.563080 -6.052355
26.246087 48.563080 45.646245
27.189586 -1.456350 -4.814432
27.189586 -1.456350 46.884168
27.189586 50.242250 -4.814432
27.189586 50.242250 46.884168
28.351512 -2.502212 -5.014506
28.351512 -2.502212 46.684094
28.351512 49.196388 -5.014506
28.351512 49.196388 46.684094
28.171084 -1.324777 -7.350507
28.171084 -1.324777 44.348093
28.171084 50.373823 -7.350507
28.171084 50.373823 44.348093
28.236741 -0.128213 -6.350139
28.236741 -0.128213 45.348461
28.236741 51.570387 -6.350139
28.236741 51.570387 45.348461
36.398141 -1.309784 31.403798
36.398141 50.388816 31.403798
36.386509 -0.128213 32.423811
36.386509 51.570387 32.423811
37.317600 -1.340286 33.959518
37.317600 50.358314 33.959518
36.271738 -2.502212 33.759444
36.271738 49.196388 33.759444
38.164940 -1.939731 31.756382
38.164940 49.758869 31.756382
38.377163 -3.135520 32.721595
38.377163 48.563080 32.721595
37.176722 -3.135520 31.739063
37.176722 48.563080 31.739063
39.382960 -1.939731 -5.907082
39.382960 -1.939731 45.791518
39.382960 49.758869 -5.907082
39.382960 49.758869 45.791518
39.170737 -3.135520 -6.872295
39.170737 -3.135520 44.826305
39.170737 48.563080 -6.872295
39.170737 48.563080 44.826305
40.371178 -3.135520 -5.889763
40.371178 -3.135520 45.808837
40.371178 48.563080 -5.889763
40.371178 48.563080 45.808837
40.230300 -1.340286 43.588382
40.230300 50.358314 43.588382
41.276162 -2.502212 43.788456
41.276162 49.196388 43.788456
41.149759 -1.309784 -5.554498
41.149759 -1.309784 46.144102
41.149759 50.388816 -5.554498
41.149759 50.388816 46.144102
41.161391 -0.128213 -6.574511
41.161391 -0.128213 45.124089
41.161391 51.570387 -6.574511
41.161391 51.570387 45.124089
-2.321784 -1.324777 33.199807
-2.321784 50.373823 33.199807
49.376816 -1.324777 33.199807
49.376816 50.373823 33.199807
-2.387441 -0.128213 32.199439
-2.387441 51.570387 32.199439
49.311159 -0.128213 32.199439
49.311159 51.570387 32.199439
-1.340286 -1.456350 30.663732
-1.340286 50.242250 30.663732
50.358314 -1.456350 30.663732
50.358314 50.242250 30.663732
-2.502212 -2.502212 30.863806
-2.502212 49.196388 30.863806
49.196388 -2.502212 30.863806
49.196388 49.196388 30.863806
-0.609010 -1.939731 32.866868
-0.609010 49.758869 32.866868
51.089590 -1.939731 32.866868
51.089590 49.758869 32.866868
-1.597228 -3.135520 32.884187
-1.597228 48.563080 32.884187
50.101372 -3.135520 32.884187
50.101372 48.563080 32.884187
-0.396787 -3.135520 31.901655
-0.396787 48.563080 31.901655
51.301813 -3.135520 31.901655
51.301813 48.563080 31.901655
-1.126254 42.308066 -6.539097
-1.126254 42.308066 45.159503
50.572346 42.308066 -6.539097
50.572346 42.308066 45.159503
-1.338735 41.112278 -5.573885
-1.338735 41.112278 46.124715
50.359865 41.112278 -5.573885
50.359865 41.112278 46.124715
-0.138294 41.112278 -6.556416
-0.138294 41.112278 45.142184
51.560306 41.112278 -6.556416
51.560306 41.112278 45.142184
-2.430610 41.320623 43.759246
49.267990 41.320623 43.759246
-1.380611 40.154561 43.612680
50.317989 40.154561 43.612680
-2.355130 38.909400 -6.569858
-2.355130 38.909400 45.128742
49.343470 38.909400 -6.569858
49.343470 38.909400 45.128742
-2.353579 40.105447 -5.567164
-2.353579 40.105447 46.131436
49.345021 40.105447 -5.567164
49.345021 40.105447 46.131436
-2.355130 38.638500 32.419158
49.343470 38.638500 32.419158
-2.353579 37.442453 31.416464
49.345021 37.442453 31.416464
-2.430610 36.227277 33.788654
49.267990 36.227277 33.788654
-1.380611 37.393339 33.935220
50.317989 37.393339 33.935220
-0.120458 36.364795 32.399513
51.578142 36.364795 32.399513
-1.331497 36.420371 31.416464
50.367103 36.420371 31.416464
-1.126254 29.383416 -6.385553
-1.126254 29.383416 45.313047
50.572346 29.383416 -6.385553
50.572346 29.383416 45.313047
-0.138294 28.187628 -6.368234
-0.138294 28.187628 45.330366
51.560306 28.187628 -6.368234
51.560306 28.187628 45.330366
-1.338735 28.187628 -7.350765
-1.338735 28.187628 44.347835
50.359865 28.187628 -7.350765
50.359865 28.187628 44.347835
-1.340286 27.305650 -4.814432
-1.340286 27.305650 46.884168
50.358314 27.305650 -4.814432
50.358314 27.305650 46.884168
-2.502212 28.351512 -5.014506
-2.502212 28.351512 46.684094
49.196388 28.351512 -5.014506
49.196388 28.351512 46.684094
-2.321784 27.174077 -7.350507
-2.321784 27.174077 44.348093
49.376816 27.174077 -7.350507
49.376816 27.174077 44.348093
-2.387441 25.977513 -6.350139
-2.387441 25.977513 45.348461
49.311159 25.977513 -6.350139
49.311159 25.977513 45.348461
41.149759 27.159084 31.403798
41.161391 25.977513 32.423811
40.230300 27.189586 33.959518
41.276162 28.351512 33.759444
39.900204 29.383416 32.388397
40.112685 28.187628 31.423185
38.912244 28.187628 32.405716
39.382960 36.834219 -7.017568
39.382960 36.834219 44.681032
40.371178 35.638430 -7.034887
40.371178 35.638430 44.663713
39.170737 35.638430 -6.052355
39.170737 35.638430 45.646245
41.320623 36.343340 -4.985296
41.320623 36.343340 46.713304
40.154561 37.393339 -4.838730
40.154561 37.393339 46.859870
41.183105 38.653492 -6.374437
41.183105 38.653492 45.324163
41.127529 37.442453 -7.357486
41.127529 37.442453 44.341114
41.183105 38.894408 32.223737
41.127529 40.105447 33.206786
41.320623 41.204560 30.834596
40.154561 40.154561 30.688030
39.900204 42.308066 32.234853
38.912244 41.112278 32.217534
40.112685 41.112278 33.200065
37.647696 42.308066 -6.385553
37.647696 42.308066 45.313047
38.635656 41.112278 -6.368234
38.635656 41.112278 45.330366
37.435215 41.112278 -7.350765
37.435215 41.112278 44.347835
36.227277 41.204560 -4.985296
36.227277 41.204560 46.713304
37.393339 40.154561 -4.838730
37.393339 40.154561 46.859870
36.364795 38.894408 -6.374437
36.364795 38.894408 45.324163
36.420371 40.105447 -7.357486
36.420371 40.105447 44.341114
36.364795 38.653492 32.223737
36.420371 37.442453 33.206786
36.227277 36.343340 30.834596
37.393339 37.393339 30.688030
38.164940 36.834219 32.866868
37.176722 35.638430 32.884187
38.377163 35.638430 31.901655
30.360003 26.968316 -6.303869
30.360003 26.968316 45.394731
34.263247 26.968316 32.470081
-4.510703 26.968316 32.153169
47.187897 26.968316 32.153169
43.284653 26.968316 -6.620781
43.284653 26.968316 45.077819
-4.510703 -1.119016 -6.303869
-4.510703 -1.119016 45.394731
-4.510703 50.579584 -6.303869
-4.510703 50.579584 45.394731
47.187897 -1.119016 -6.303869
47.187897 -1.119016 45.394731
47.187897 50.579584 -6.303869
47.187897 50.579584 45.394731
43.284653 -1.119016 32.470081
43.284653 50.579584 32.470081
34.263247 -1.119016 -6.620781
34.263247 -1.119016 45.077819
34.263247 50.579584 -6.620781
34.263247 50.579584 45.077819
30.360003 -1.119016 32.153169
30.360003 50.579584 32.153169
-4.510703 39.892966 32.470081
47.187897 39.892966 32.470081
43.308176 37.611765 32.154978
43.308176 39.936135 -6.305678
43.308176 39.936135 45.392922
-4.510703 37.654934 -6.620781
-4.510703 37.654934 45.077819
47.187897 37.654934 -6.620781
47.187897 37.654934 45.077819
30.360003 37.654934 32.470081
34.239724 39.936135 32.154978
-6.303869 34.263247 37.654934
45.394731 34.263247 37.654934
-6.620781 30.360003 39.892966
45.077819 30.360003 39.892966
-6.620781 -4.510703 37.654934
-6.620781 47.187897 37.654934
45.077819 -4.510703 37.654934
45.077819 47.187897 37.654934
32.153169 34.263247 39.892966
32.470081 30.360003 37.654934
-7.350507 28.171084 -1.324777
-7.350507 28.171084 50.373823
44.348093 28.171084 -1.324777
44.348093 28.171084 50.373823
-6.350139 28.236741 -0.128213
-6.350139 28.236741 51.570387
45.348461 28.236741 -0.128213
45.348461 28.236741 51.570387
-4.814432 27.189586 -1.456350
-4.814432 27.189586 50.242250
46.884168 27.189586 -1.456350
46.884168 27.189586 50.242250
-5.014506 28.351512 -2.502212
-5.014506 28.351512 49.196388
46.684094 28.351512 -2.502212
46.684094 28.351512 49.196388
-7.122775 27.456868 -3.015579
-7.122775 27.456868 48.683021
44.575825 27.456868 -3.015579
44.575825 27.456868 48.683021
-6.062953 26.347158 -3.244346
-6.062953 26.347158 48.454254
45.635647 26.347158 -3.244346
45.635647 26.347158 48.454254
-6.919082 26.347158 -1.950588
-6.919082 26.347158 49.748012
44.779518 26.347158 -1.950588
44.779518 26.347158 49.748012
LINES 20016 60048
2 0 8
2 0 16
2 0 714
2 0 977
2 1 9
2 1 17
2 1 715
2 1 978
2 2 10
2 2 18
2 2 979
2 3 11
2 3 19
2 3 980
2 4 12
2 4 20
2 4 716
2 5 13
2 5 21
2 5 717
2 6 14
2 6 22
2 7 15
2 7 23
2 8 84
2 8 154
2 8 617
2 9 85
2 9 155
2 9 618
2 10 86
2 10 156
2 10 619
2 11 87
2 11 157
2 11 620
2 12 88
2 12 158
2 12 621
2 13 89
2 13 159
2 13 622
2 14 90
2 14 160
2 14 623
2 15 91
2 15 161
2 15 624
2 16 24
2 17 25
2 18 26
2 19 27
2 20 28
2 21 29
2 22 30
2 23 31
2 24 32
2 24 1198
2 25 33
2 25 1199
2 26 34
2 26 1200
2 27 35
2 27 1201
2 28 36
2 28 1202
2 29 37
2 29 1203
2 30 38
2 30 1204
2 31 39
2 31 1205
2 32 40
2 32 1206
2 33 41
2 33 1207
2 34 42
2 34 1208
2 35 43
2 35 1209
2 36 44
2 36 1210
2 37 45
2 37 1211
2 38 46
2 38 1212
2 39 47
2 39 1213
2 40 1792
2 40 2727
2 41 1793
2 41 2728
2 42 2729
2 43 2730
2 44 1794
2 44 2731
2 45 1795
2 45 2732
2 46 2733
2 47 2734
2 48 50
2 48 52
2 48 700
2 48 965
2 49 51
2 49 53
2 49 701
2 49 966
2 50 134
2 50 214
2 50 677
2 51 135
2 51 215
2 51 678
2 52 54
2 53 55
2 54 56
2 54 1190
2 55 57
2 55 1191
2 56 58
2 56 1192
2 57 59
2 57 1193
2 58 1800
2 58 2719
2 59 1801
2 59 2720
2 60 62
2 60 64
2 60 736
2 60 957
2 61 63
2 61 65
2 61 958
2 62 144
2 62 194
2 62 665
2 63 145
2 63 195
2 63 666
2 64 66
2 65 67
2 66 68
2 66 1238
2 67 69
2 67 1239
2 68 70
2 68 1240
2 69 71
2 69 1241
2 70 1874
2 70 2755
2 71 2756
2 72 74
2 72 76
2 72 689
2 72 973
2 73 75
2 73 77
2 73 690
2 74 124
2 74 204
2 74 605
2 75 125
2 75 205
2 75 606
2 76 78
2 77 79
2 78 80
2 78 1230
2 79 81
2 79 1231
2 80 82
2 80 1232
2 81 83
2 81 1233
2 82 1962
2 82 2747
2 83 1963
2 83 2748
2 84 92
2 84 938
2 84 1286
2 85 93
2 85 1287
2 86 94
2 86 939
2 87 95
2 88 96
2 88 940
2 88 1288
2 89 97
2 89 1289
2 90 98
2 90 941
2 91 99
2 92 100
2 93 101
2 94 102
2 95 103
2 96 104
2 97 105
2 98 106
2 99 107
2 100 108
2 100 625
2 101 109
2 101 626
2 102 110
2 102 627
2 103 111
2 103 628
2 104 112
2 104 629
2 105 113
2 105 630
2 106 114
2 106 631
2 107 115
2 107 632
2 108 116
2 108 633
2 109 117
2 109 634
2 110 118
2 110 635
2 111 119
2 111 636
2 112 120
2 112 637
2 113 121
2 113 638
2 114 122
2 114 639
2 115 123
2 115 640
2 116 1596
2 116 9533
2 117 9534
2 118 1597
2 118 9535
2 119 9536
2 120 1598
2 120 9537
2 121 9538
2 122 1599
2 122 9539
2 123 9540
2 124 126
2 124 928
2 124 1280
2 125 127
2 125 929
2 125 1281
2 126 128
2 127 129
2 128 130
2 128 607
2 129 131
2 129 608
2 130 132
2 130 609
2 131 133
2 131 610
2 132 1552
2 132 9525
2 133 1553
2 133 9526
2 134 136
2 134 952
2 134 1276
2 135 137
2 135 1277
2 136 138
2 137 139
2 138 140
2 138 679
2 139 141
2 139 680
2 140 142
2 140 681
2 141 143
2 141 682
2 142 1512
2 142 9561
2 143 9562
2 144 146
2 144 921
2 144 1284
2 145 147
2 145 922
2 146 148
2 147 149
2 148 150
2 148 667
2 149 151
2 149 668
2 150 152
2 150 669
2 151 153
2 151 670
2 152 1517
2 152 9553
2 153 1518
2 153 9554
2 154 162
2 154 589
2 154 1260
2 155 163
2 155 1261
2 156 164
2 156 590
2 156 1262
2 157 165
2 157 1263
2 158 166
2 158 591
2 159 167
2 160 168
2 160 592
2 161 169
2 162 170
2 163 171
2 164 172
2 165 173
2 166 174
2 167 175
2 168 176
2 169 177
2 170 178
2 170 1001
2 171 179
2 171 1002
2 172 180
2 172 1003
2 173 181
2 173 1004
2 174 182
2 174 1005
2 175 183
2 175 1006
2 176 184
2 176 1007
2 177 185
2 177 1008
2 178 186
2 178 1009
2 179 187
2 179 1010
2 180 188
2 180 1011
2 181 189
2 181 1012
2 182 190
2 182 1013
2 183 191
2 183 1014
2 184 192
2 184 1015
2 185 193
2 185 1016
2 186 2220
2 186 5054
2 187 2221
2 187 5055
2 188 2222
2 188 5056
2 189 2223
2 189 5057
2 190 5058
2 191 5059
2 192 5060
2 193 5061
2 194 196
2 194 577
2 194 1252
2 195 197
2 195 578
2 195 1253
2 196 198
2 197 199
2 198 200
2 198 993
2 199 201
2 199 994
2 200 202
2 200 995
2 201 203
2 201 996
2 202 2228
2 202 5046
2 203 2229
2 203 5047
2 204 206
2 204 569
2 204 1272
2 205 207
2 205 570
2 206 208
2 207 209
2 208 210
2 208 1041
2 209 211
2 209 1042
2 210 212
2 210 1043
2 211 213
2 211 1044
2 212 2233
2 212 5082
2 213 5083
2 214 216
2 214 585
2 214 1246
2 215 217
2 215 1247
2 216 218
2 217 219
2 218 220
2 218 1033
2 219 221
2 219 1034
2 220 222
2 220 1035
2 221 223
2 221 1036
2 222 2231
2 222 5074
2 223 2232
2 223 5075
2 224 228
2 224 232
2 224 798
2 224 1095
2 225 229
2 225 233
2 225 1096
2 226 230
2 226 234
2 226 799
2 227 231
2 227 235
2 228 307
2 228 377
2 228 814
2 229 308
2 229 378
2 229 815
2 230 309
2 230 379
2 230 816
2 231 310
2 231 380
2 231 817
2 232 236
2 233 237
2 234 238
2 235 239
2 236 240
2 236 1295
2 237 241
2 237 1296
2 238 242
2 238 1297
2 239 243
2 239 1298
2 240 453
2 240 1334
2 241 454
2 241 1335
2 242 455
2 242 1336
2 243 456
2 243 1337
2 244 246
2 244 1418
2 244 1420
2 244 1422
2 245 247
2 245 1419
2 245 1421
2 245 1423
2 246 1126
2 246 1424
2 246 1425
2 247 1127
2 248 249
2 248 250
2 248 786
2 248 1092
2 249 351
2 249 443
2 249 822
2 250 251
2 251 252
2 251 1294
2 252 449
2 252 1338
2 253 254
2 253 1430
2 253 1431
2 253 1432
2 254 1142
2 254 1433
2 254 1434
2 255 259
2 255 263
2 255 770
2 255 1101
2 256 260
2 256 264
2 256 771
2 256 1102
2 257 261
2 257 265
2 257 772
2 258 262
2 258 266
2 258 773
2 259 357
2 259 397
2 259 806
2 260 358
2 260 398
2 260 807
2 261 359
2 261 399
2 261 808
2 262 360
2 262 400
2 262 809
2 263 267
2 264 268
2 265 269
2 266 270
2 267 271
2 267 1303
2 268 272
2 268 1304
2 269 273
2 269 1305
2 270 274
2 270 1306
2 271 463
2 271 1343
2 272 464
2 272 1344
2 273 465
2 273 1345
2 274 466
2 274 1346
2 275 277
2 275 1664
2 275 1666
2 275 1668
2 276 278
2 276 1665
2 276 1667
2 276 1669
2 277 1120
2 277 1660
2 277 1662
2 278 1121
2 278 1661
2 278 1663
2 279 283
2 279 287
2 279 790
2 279 1080
2 280 284
2 280 288
2 280 791
2 280 1081
2 281 285
2 281 289
2 281 1082
2 282 286
2 282 290
2 282 1083
2 283 331
2 283 421
2 283 824
2 284 332
2 284 422
2 284 825
2 285 333
2 285 423
2 285 826
2 286 334
2 286 424
2 286 827
2 287 291
2 288 292
2 289 293
2 290 294
2 291 295
2 291 1299
2 292 296
2 292 1300
2 293 297
2 293 1301
2 294 298
2 294 1302
2 295 479
2 295 1339
2 296 480
2 296 1340
2 297 481
2 297 1341
2 298 482
2 298 1342
2 299 303
2 299 1670
2 299 1674
2 299 1678
2 300 304
2 300 1671
2 300 1675
2 300 1679
2 301 305
2 301 1672
2 301 1676
2 301 1680
2 302 306
2 302 1673
2 302 1677
2 302 1681
2 303 1136
2 303 1682
2 303 1684
2 304 1137
2 304 1683
2 304 1685
2 305 1138
2 306 1139
2 307 311
2 307 755
2 307 1330
2 308 312
2 308 756
2 308 1331
2 309 313
2 309 757
2 310 314
2 310 758
2 311 315
2 312 316
2 313 317
2 314 318
2 315 319
2 315 1071
2 316 320
2 316 1072
2 317 321
2 317 1073
2 318 322
2 318 1074
2 319 559
2 319 1148
2 320 560
2 320 1149
2 321 561
2 321 1150
2 322 562
2 322 1151
2 323 327
2 323 1936
2 323 1940
2 323 1944
2 324 328
2 324 1937
2 324 1941
2 324 1945
2 325 329
2 325 1938
2 325 1942
2 325 1946
2 326 330
2 326 1939
2 326 1943
2 326 1947
2 327 852
2 327 1932
2 327 1934
2 328 853
2 328 1933
2 328 1935
2 329 854
2 330 855
2 331 335
2 331 749
2 331 1318
2 332 336
2 332 1319
2 333 337
2 333 750
2 333 1320
2 334 338
2 334 1321
2 335 339
2 336 340
2 337 341
2 338 342
2 339 343
2 339 1067
2 340 344
2 340 1068
2 341 345
2 341 1069
2 342 346
2 342 1070
2 343 543
2 343 1152
2 344 544
2 344 1153
2 345 545
2 345 1154
2 346 546
2 346 1155
2 347 349
2 347 1956
2 347 1958
2 347 1960
2 348 350
2 348 1957
2 348 1959
2 348 1961
2 349 836
2 349 1952
2 349 1954
2 350 837
2 350 1953
2 350 1955
2 351 352
2 351 767
2 351 1316
2 352 353
2 353 354
2 353 1079
2 354 529
2 354 1147
2 355 356
2 355 1837
2 355 1838
2 355 1839
2 356 858
2 356 1835
2 356 1836
2 357 361
2 357 743
2 357 1326
2 358 362
2 358 1327
2 359 363
2 359 744
2 360 364
2 361 365
2 362 366
2 363 367
2 364 368
2 365 369
2 365 1075
2 366 370
2 366 1076
2 367 371
2 367 1077
2 368 372
2 368 1078
2 369 533
2 369 1143
2 370 534
2 370 1144
2 371 535
2 371 1145
2 372 536
2 372 1146
2 373 375
2 373 1816
2 373 1818
2 373 1820
2 374 376
2 374 1817
2 374 1819
2 374 1821
2 375 842
2 375 1822
2 375 1823
2 376 843
2 377 381
2 377 1059
2 377 1312
2 378 382
2 378 1060
2 379 383
2 379 1061
2 379 1313
2 380 384
2 380 1062
2 381 385
2 382 386
2 383 387
2 384 388
2 385 389
2 385 818
2 386 390
2 386 819
2 387 391
2 387 820
2 388 392
2 388 821
2 389 503
2 389 868
2 390 504
2 390 869
2 391 505
2 391 870
2 392 506
2 392 871
2 393 395
2 393 2034
2 393 2036
2 393 2038
2 394 396
2 394 2035
2 394 2037
2 394 2039
2 395 1360
2 395 2040
2 395 2042
2 396 1361
2 396 2041
2 396 2043
2 397 401
2 397 1053
2 397 1308
2 398 402
2 398 1309
2 399 403
2 399 1054
2 399 1310
2 400 404
2 400 1311
2 401 405
2 402 406
2 403 407
2 404 408
2 405 409
2 405 810
2 406 410
2 406 811
2 407 411
2 407 812
2 408 412
2 408 813
2 409 519
2 409 864
2 410 520
2 410 865
2 411 521
2 411 866
2 412 522
2 412 867
2 413 417
2 413 2060
2 413 2064
2 413 2068
2 414 418
2 414 2061
2 414 2065
2 414 2069
2 415 419
2 415 2062
2 415 2066
2 415 2070
2 416 420
2 416 2063
2 416 2067
2 416 2071
2 417 1376
2 417 2056
2 417 2058
2 418 1377
2 419 1378
2 419 2057
2 419 2059
2 420 1379
2 421 425
2 421 1049
2 421 1314
2 422 426
2 422 1315
2 423 427
2 423 1050
2 424 428
2 425 429
2 426 430
2 427 431
2 428 432
2 429 433
2 429 828
2 430 434
2 430 829
2 431 435
2 431 830
2 432 436
2 432 831
2 433 493
2 433 859
2 434 494
2 434 860
2 435 495
2 435 861
2 436 496
2 436 862
2 437 439
2 438 440
2 439 441
2 439 2132
2 439 2134
2 440 442
2 440 2133
2 440 2135
2 441 1366
2 441 2130
2 441 2131
2 442 1367
2 443 444
2 443 1057
2 443 1307
2 444 445
2 445 446
2 445 823
2 446 489
2 446 863
2 447 448
2 447 2119
2 447 2120
2 447 2121
2 448 1382
2 448 2122
2 448 2123
2 449 450
2 449 2303
2 450 451
2 451 452
2 451 1855
2 451 1856
2 452 789
2 452 1857
2 452 1858
2 453 457
2 453 2294
2 454 2295
2 455 458
2 455 2296
2 456 2297
2 457 459
2 458 460
2 459 461
2 459 1870
2 459 1872
2 460 462
2 460 1871
2 460 1873
2 461 804
2 461 1868
2 461 1869
2 462 805
2 463 467
2 463 2348
2 464 468
2 464 2349
2 465 469
2 465 2350
2 466 470
2 466 2351
2 467 471
2 468 472
2 469 473
2 470 474
2 471 475
2 471 1780
2 471 1784
2 472 476
2 472 1781
2 472 1785
2 473 477
2 473 1782
2 473 1786
2 474 478
2 474 1783
2 474 1787
2 475 782
2 475 1776
2 475 1778
2 476 783
2 476 1777
2 476 1779
2 477 784
2 478 785
2 479 483
2 479 2324
2 480 484
2 480 2325
2 481 2326
2 482 2327
2 483 485
2 484 486
2 485 487
2 485 1750
2 485 1752
2 486 488
2 486 1751
2 486 1753
2 487 796
2 487 1754
2 487 1756
2 488 797
2 488 1755
2 488 1757
2 489 490
2 489 9138
2 490 491
2 491 492
2 491 1496
2 491 1497
2 492 1058
2 492 1494
2 492 1495
2 493 497
2 493 9130
2 494 9131
2 495 498
2 495 9132
2 496 9133
2 497 499
2 498 500
2 499 501
2 499 1487
2 499 1489
2 500 502
2 500 1488
2 500 1490
2 501 1051
2 501 1485
2 501 1486
2 502 1052
2 503 507
2 503 9175
2 504 508
2 504 9176
2 505 509
2 505 9177
2 506 510
2 506 9178
2 507 511
2 508 512
2 509 513
2 510 514
2 511 515
2 511 1554
2 511 1558
2 512 516
2 512 1555
2 512 1559
2 513 517
2 513 1556
2 513 1560
2 514 518
2 514 1557
2 514 1561
2 515 1063
2 515 1562
2 515 1564
2 516 1064
2 517 1065
2 517 1563
2 517 1565
2 518 1066
2 519 523
2 519 9155
2 520 9156
2 521 524
2 521 9157
2 522 9158
2 523 525
2 524 526
2 525 527
2 525 1588
2 525 1590
2 526 528
2 526 1589
2 526 1591
2 527 1055
2 527 1584
2 527 1586
2 528 1056
2 528 1585
2 528 1587
2 529 530
2 529 4685
2 530 531
2 531 532
2 531 2103
2 531 2104
2 532 1317
2 532 2101
2 532 2102
2 533 537
2 533 4677
2 534 538
2 534 4678
2 535 4679
2 536 4680
2 537 539
2 538 540
2 539 541
2 539 2086
2 539 2088
2 540 542
2 540 2087
2 540 2089
2 541 1328
2 541 2090
2 541 2091
2 542 1329
2 543 547
2 543 4722
2 544 548
2 544 4723
2 545 549
2 545 4724
2 546 550
2 546 4725
2 547 551
2 548 552
2 549 553
2 550 554
2 551 555
2 551 2150
2 551 2154
2 552 556
2 552 2151
2 552 2155
2 553 557
2 553 2152
2 553 2156
2 554 558
2 554 2153
2 554 2157
2 555 1322
2 555 2158
2 555 2160
2 556 1323
2 557 1324
2 557 2159
2 557 2161
2 558 1325
2 559 563
2 559 4702
2 560 564
2 560 4703
2 561 4704
2 562 4705
2 563 565
2 564 566
2 565 567
2 565 1974
2 565 1976
2 566 568
2 566 1975
2 566 1977
2 567 1332
2 567 1970
2 567 1972
2 568 1333
2 568 1971
2 568 1973
2 569 571
2 570 572
2 571 573
2 571 928
2 572 574
2 572 929
2 573 575
2 573 930
2 574 576
2 574 931
2 575 838
2 575 1828
2 576 839
2 576 1829
2 577 579
2 578 580
2 579 581
2 579 921
2 580 582
2 580 922
2 581 583
2 581 923
2 582 584
2 582 924
2 583 832
2 583 2251
2 584 833
2 584 2252
2 585 586
2 586 587
2 586 952
2 587 588
2 587 953
2 588 856
2 588 2253
2 589 593
2 590 594
2 591 595
2 592 596
2 593 597
2 593 938
2 594 598
2 594 939
2 595 599
2 595 940
2 596 600
2 596 941
2 597 601
2 597 942
2 598 602
2 598 943
2 599 603
2 599 944
2 600 604
2 600 945
2 601 844
2 601 2256
2 602 845
2 602 2257
2 603 846
2 603 2258
2 604 847
2 604 2259
2 605 607
2 605 1041
2 605 1230
2 606 608
2 606 1042
2 606 1231
2 609 611
2 609 9901
2 610 612
2 610 9902
2 611 613
2 612 614
2 613 615
2 613 1544
2 613 1546
2 614 616
2 614 1545
2 614 1547
2 615 1393
2 615 1540
2 615 1542
2 616 1394
2 616 1541
2 616 1543
2 617 625
2 617 1001
2 617 1198
2 618 626
2 618 1002
2 618 1199
2 619 627
2 619 1003
2 619 1200
2 620 628
2 620 1004
2 620 1201
2 621 629
2 621 1005
2 621 1202
2 622 630
2 622 1006
2 622 1203
2 623 631
2 623 1007
2 623 1204
2 624 632
2 624 1008
2 624 1205
2 633 641
2 633 9893
2 634 642
2 634 9894
2 635 643
2 635 9895
2 636 644
2 636 9896
2 637 645
2 637 9897
2 638 646
2 638 9898
2 639 647
2 639 9899
2 640 648
2 640 9900
2 641 649
2 642 650
2 643 651
2 644 652
2 645 653
2 646 654
2 647 655
2 648 656
2 649 657
2 649 1600
2 649 1608
2 650 658
2 650 1601
2 650 1609
2 651 659
2 651 1602
2 651 1610
2 652 660
2 652 1603
2 652 1611
2 653 661
2 653 1604
2 653 1612
2 654 662
2 654 1605
2 654 1613
2 655 663
2 655 1606
2 655 1614
2 656 664
2 656 1607
2 656 1615
2 657 1383
2 657 1616
2 657 1624
2 658 1384
2 658 1617
2 658 1625
2 659 1385
2 659 1618
2 659 1626
2 660 1386
2 660 1619
2 660 1627
2 661 1387
2 661 1620
2 661 1628
2 662 1388
2 662 1621
2 662 1629
2 663 1389
2 663 1622
2 663 1630
2 664 1390
2 664 1623
2 664 1631
2 665 667
2 665 993
2 665 1238
2 666 668
2 666 994
2 666 1239
2 669 671
2 669 9905
2 670 672
2 670 9906
2 671 673
2 672 674
2 673 675
2 673 1520
2 673 1522
2 674 676
2 674 1521
2 674 1523
2 675 1395
2 675 1524
2 675 1526
2 676 1396
2 676 1525
2 676 1527
2 677 679
2 677 1033
2 677 1190
2 678 680
2 678 1034
2 678 1191
2 681 683
2 681 9903
2 682 684
2 682 9904
2 683 685
2 684 686
2 685 687
2 685 1508
2 685 1510
2 686 688
2 686 1509
2 686 1511
2 687 1391
2 687 1504
2 687 1506
2 688 1392
2 688 1505
2 688 1507
2 689 691
2 690 692
2 691 693
2 691 1280
2 692 694
2 692 1281
2 693 695
2 693 1282
2 694 696
2 694 1283
2 695 697
2 695 874
2 696 875
2 697 698
2 698 699
2 698 2200
2 698 2201
2 699 1184
2 699 2198
2 699 2199
2 700 702
2 701 703
2 702 704
2 702 1276
2 703 705
2 703 1277
2 704 706
2 704 1278
2 705 707
2 705 1279
2 706 708
2 706 872
2 707 709
2 707 873
2 708 710
2 709 711
2 710 712
2 710 2181
2 710 2183
2 711 713
2 711 2182
2 711 2184
2 712 1187
2 712 2185
2 712 2187
2 713 1188
2 713 2186
2 713 2188
2 714 718
2 715 719
2 716 720
2 717 721
2 718 722
2 718 1286
2 719 723
2 719 1287
2 720 724
2 720 1288
2 721 725
2 721 1289
2 722 726
2 722 1290
2 723 727
2 723 1291
2 724 728
2 724 1292
2 725 729
2 725 1293
2 726 730
2 726 877
2 727 731
2 727 878
2 728 879
2 729 880
2 730 732
2 731 733
2 732 734
2 732 2202
2 732 2204
2 733 735
2 733 2203
2 733 2205
2 734 1185
2 734 2206
2 734 2208
2 735 1186
2 735 2207
2 735 2209
2 736 737
2 737 738
2 737 1284
2 738 739
2 738 1285
2 739 740
2 739 876
2 740 741
2 741 742
2 741 2179
2 741 2180
2 742 1189
2 742 2177
2 742 2178
2 743 745
2 744 746
2 745 747
2 745 1053
2 746 748
2 746 1054
2 747 838
2 747 1107
2 748 839
2 748 1108
2 749 751
2 750 752
2 751 753
2 751 1049
2 752 754
2 752 1050
2 753 832
2 753 1109
2 754 833
2 754 1110
2 755 759
2 756 760
2 757 761
2 758 762
2 759 763
2 759 1059
2 760 764
2 760 1060
2 761 765
2 761 1061
2 762 766
2 762 1062
2 763 844
2 763 1112
2 764 845
2 764 1113
2 765 846
2 765 1114
2 766 847
2 766 1115
2 767 768
2 768 769
2 768 1057
2 769 856
2 769 1111
2 770 774
2 771 775
2 772 776
2 773 777
2 774 778
2 774 1308
2 775 779
2 775 1309
2 776 780
2 776 1310
2 777 781
2 777 1311
2 778 877
2 778 1368
2 779 878
2 779 1369
2 780 879
2 780 1370
2 781 880
2 781 1371
2 782 1764
2 782 1768
2 782 1772
2 783 1765
2 783 1769
2 783 1773
2 784 1766
2 784 1770
2 784 1774
2 785 1767
2 785 1771
2 785 1775
2 786 787
2 787 788
2 787 1307
2 788 876
2 788 1380
2 789 1859
2 789 1860
2 789 1861
2 790 792
2 791 793
2 792 794
2 792 1314
2 793 795
2 793 1315
2 794 872
2 794 1362
2 795 873
2 795 1363
2 796 1758
2 796 1760
2 796 1762
2 797 1759
2 797 1761
2 797 1763
2 798 800
2 799 801
2 800 802
2 800 1312
2 801 803
2 801 1313
2 802 874
2 802 1356
2 803 875
2 803 1357
2 804 1862
2 804 1864
2 804 1866
2 805 1863
2 805 1865
2 805 1867
2 806 810
2 806 1075
2 806 1303
2 807 811
2 807 1076
2 807 1304
2 808 812
2 808 1077
2 808 1305
2 809 813
2 809 1078
2 809 1306
2 814 818
2 814 1071
2 814 1295
2 815 819
2 815 1072
2 815 1296
2 816 820
2 816 1073
2 816 1297
2 817 821
2 817 1074
2 817 1298
2 822 823
2 822 1079
2 822 1294
2 824 828
2 824 1067
2 824 1299
2 825 829
2 825 1068
2 825 1300
2 826 830
2 826 1069
2 826 1301
2 827 831
2 827 1070
2 827 1302
2 832 834
2 833 835
2 834 836
2 835 837
2 836 1948
2 836 1950
2 837 1949
2 837 1951
2 838 840
2 839 841
2 840 842
2 841 843
2 842 1824
2 842 1826
2 843 1825
2 843 1827
2 844 848
2 845 849
2 846 850
2 847 851
2 848 852
2 849 853
2 850 854
2 851 855
2 852 1924
2 852 1928
2 853 1925
2 853 1929
2 854 1926
2 854 1930
2 855 1927
2 855 1931
2 856 857
2 857 858
2 858 1833
2 858 1834
2 859 1513
2 859 9657
2 860 1514
2 860 9658
2 861 1515
2 861 9659
2 862 1516
2 862 9660
2 863 1519
2 863 9645
2 864 1592
2 864 9705
2 865 1593
2 865 9706
2 866 1594
2 866 9707
2 867 1595
2 867 9708
2 868 1548
2 868 9681
2 869 1549
2 869 9682
2 870 1550
2 870 9683
2 871 1551
2 871 9684
2 872 2240
2 873 2241
2 874 1881
2 876 2242
2 877 2248
2 878 2249
2 881 883
2 881 1445
2 881 1447
2 881 1449
2 882 884
2 882 1446
2 882 1448
2 882 1450
2 883 1258
2 883 1441
2 883 1443
2 884 1259
2 884 1442
2 884 1444
2 885 886
2 885 1455
2 885 1456
2 885 1457
2 886 1275
2 886 1453
2 886 1454
2 887 888
2 887 1476
2 887 1477
2 887 1478
2 888 1251
2 888 1474
2 888 1475
2 889 891
2 889 1458
2 889 1460
2 889 1462
2 890 892
2 890 1459
2 890 1461
2 890 1463
2 891 1270
2 891 1464
2 891 1466
2 892 1271
2 892 1465
2 892 1467
2 893 895
2 893 2136
2 893 2138
2 893 2140
2 894 896
2 894 2137
2 894 2139
2 894 2141
2 895 999
2 895 2142
2 895 2144
2 896 1000
2 896 2143
2 896 2145
2 897 899
2 897 2113
2 897 2115
2 897 2117
2 898 900
2 898 2114
2 898 2116
2 898 2118
2 899 1039
2 899 2109
2 899 2111
2 900 1040
2 900 2110
2 900 2112
2 901 909
2 901 2010
2 901 2018
2 901 2026
2 902 910
2 902 2011
2 902 2019
2 902 2027
2 903 911
2 903 2012
2 903 2020
2 903 2028
2 904 912
2 904 2013
2 904 2021
2 904 2029
2 905 913
2 905 2014
2 905 2022
2 905 2030
2 906 914
2 906 2015
2 906 2023
2 906 2031
2 907 915
2 907 2016
2 907 2024
2 907 2032
2 908 916
2 908 2017
2 908 2025
2 908 2033
2 909 1025
2 909 1994
2 909 2002
2 910 1026
2 910 1995
2 910 2003
2 911 1027
2 911 1996
2 911 2004
2 912 1028
2 912 1997
2 912 2005
2 913 1029
2 913 1998
2 913 2006
2 914 1030
2 914 1999
2 914 2007
2 915 1031
2 915 2000
2 915 2008
2 916 1032
2 916 2001
2 916 2009
2 917 919
2 917 2072
2 917 2074
2 917 2076
2 918 920
2 918 2073
2 918 2075
2 918 2077
2 919 1047
2 919 2078
2 919 2080
2 920 1048
2 920 2079
2 920 2081
2 923 925
2 923 1109
2 924 1110
2 925 926
2 926 927
2 926 1917
2 926 1918
2 927 1399
2 927 1919
2 927 1920
2 930 932
2 930 1107
2 931 933
2 931 1108
2 932 934
2 933 935
2 934 936
2 934 1882
2 934 1884
2 935 937
2 935 1883
2 935 1885
2 936 1401
2 936 1886
2 936 1888
2 937 1402
2 937 1887
2 937 1889
2 942 946
2 942 1112
2 943 1113
2 944 947
2 944 1114
2 945 1115
2 946 948
2 947 949
2 948 950
2 948 1913
2 948 1915
2 949 951
2 949 1914
2 949 1916
2 950 1397
2 950 1909
2 950 1911
2 951 1398
2 951 1910
2 951 1912
2 953 954
2 953 1111
2 954 955
2 955 956
2 955 1896
2 955 1897
2 956 1400
2 956 1898
2 956 1899
2 957 959
2 958 960
2 959 961
2 959 1252
2 960 962
2 960 1253
2 961 963
2 961 1254
2 962 964
2 962 1255
2 963 1122
2 963 1416
2 964 1123
2 964 1417
2 965 967
2 966 968
2 967 969
2 967 1246
2 968 970
2 968 1247
2 969 971
2 969 1248
2 970 972
2 970 1249
2 971 1116
2 971 1403
2 972 1117
2 972 1404
2 973 974
2 974 975
2 974 1272
2 975 976
2 975 1273
2 976 1140
2 976 1413
2 977 981
2 978 982
2 979 983
2 980 984
2 981 985
2 981 1260
2 982 986
2 982 1261
2 983 987
2 983 1262
2 984 988
2 984 1263
2 985 989
2 985 1264
2 986 990
2 986 1265
2 987 991
2 987 1266
2 988 992
2 988 1267
2 989 1128
2 989 1408
2 990 1129
2 990 1409
2 991 1130
2 991 1410
2 992 1131
2 992 1411
2 995 997
2 995 5661
2 996 998
2 996 5662
2 997 999
2 998 1000
2 999 2146
2 999 2148
2 1000 2147
2 1000 2149
2 1009 1017
2 1009 5653
2 1010 1018
2 1010 5654
2 1011 1019
2 1011 5655
2 1012 1020
2 1012 5656
2 1013 1021
2 1013 5657
2 1014 1022
2 1014 5658
2 1015 1023
2 1015 5659
2 1016 1024
2 1016 5660
2 1017 1025
2 1018 1026
2 1019 1027
2 1020 1028
2 1021 1029
2 1022 1030
2 1023 1031
2 1024 1032
2 1025 1978
2 1025 1986
2 1026 1979
2 1026 1987
2 1027 1980
2 1027 1988
2 1028 1981
2 1028 1989
2 1029 1982
2 1029 1990
2 1030 1983
2 1030 1991
2 1031 1984
2 1031 1992
2 1032 1985
2 1032 1993
2 1035 1037
2 1035 5665
2 1036 1038
2 1036 5666
2 1037 1039
2 1038 1040
2 1039 2105
2 1039 2107
2 1040 2106
2 1040 2108
2 1043 1045
2 1043 5663
2 1044 1046
2 1044 5664
2 1045 1047
2 1046 1048
2 1047 2082
2 1047 2084
2 1048 2083
2 1048 2085
2 1051 1479
2 1051 1481
2 1051 1483
2 1052 1480
2 1052 1482
2 1052 1484
2 1055 1578
2 1055 1580
2 1055 1582
2 1056 1579
2 1056 1581
2 1056 1583
2 1058 1491
2 1058 1492
2 1058 1493
2 1063 1566
2 1063 1570
2 1063 1574
2 1064 1567
2 1064 1571
2 1064 1575
2 1065 1568
2 1065 1572
2 1065 1576
2 1066 1569
2 1066 1573
2 1066 1577
2 1080 1084
2 1081 1085
2 1082 1086
2 1083 1087
2 1084 1088
2 1084 1318
2 1085 1089
2 1085 1319
2 1086 1090
2 1086 1320
2 1087 1091
2 1087 1321
2 1088 1128
2 1088 1352
2 1089 1129
2 1089 1353
2 1090 1130
2 1090 1354
2 1091 1131
2 1091 1355
2 1092 1093
2 1093 1094
2 1093 1316
2 1094 1140
2 1094 1351
2 1095 1097
2 1096 1098
2 1097 1099
2 1097 1330
2 1098 1100
2 1098 1331
2 1099 1122
2 1099 1347
2 1100 1123
2 1100 1348
2 1101 1103
2 1102 1104
2 1103 1105
2 1103 1326
2 1104 1106
2 1104 1327
2 1105 1116
2 1105 1349
2 1106 1117
2 1106 1350
2 1107 1831
2 1108 1832
2 1109 2250
2 1111 1830
2 1112 2254
2 1114 2255
2 1116 1118
2 1117 1119
2 1118 1120
2 1119 1121
2 1120 1656
2 1120 1658
2 1121 1657
2 1121 1659
2 1122 1124
2 1123 1125
2 1124 1126
2 1125 1127
2 1126 1426
2 1126 1428
2 1127 1427
2 1127 1429
2 1128 1132
2 1129 1133
2 1130 1134
2 1131 1135
2 1132 1136
2 1133 1137
2 1134 1138
2 1135 1139
2 1136 1686
2 1136 1690
2 1137 1687
2 1137 1691
2 1138 1688
2 1138 1692
2 1139 1689
2 1139 1693
2 1140 1141
2 1141 1142
2 1142 1435
2 1142 1436
2 1143 2234
2 1143 5514
2 1144 2235
2 1144 5515
2 1145 2236
2 1145 5516
2 1146 2237
2 1146 5517
2 1147 2230
2 1147 5507
2 1148 2216
2 1148 5546
2 1149 2217
2 1149 5547
2 1150 2218
2 1150 5548
2 1151 2219
2 1151 5549
2 1152 2224
2 1152 5530
2 1153 2225
2 1153 5531
2 1154 2226
2 1154 5532
2 1155 2227
2 1155 5533
2 1156 1158
2 1156 1840
2 1156 1842
2 1156 1844
2 1157 1159
2 1157 1841
2 1157 1843
2 1157 1845
2 1158 1236
2 1158 1846
2 1158 1848
2 1159 1237
2 1159 1847
2 1159 1849
2 1160 1162
2 1160 1810
2 1160 1812
2 1160 1814
2 1161 1163
2 1161 1811
2 1161 1813
2 1161 1815
2 1162 1196
2 1162 1806
2 1162 1808
2 1163 1197
2 1163 1807
2 1163 1809
2 1164 1166
2 1164 2268
2 1164 2270
2 1164 2272
2 1165 1167
2 1165 2269
2 1165 2271
2 1165 2273
2 1166 1244
2 1166 2264
2 1166 2266
2 1167 1245
2 1167 2265
2 1167 2267
2 1168 1176
2 1168 1694
2 1168 1702
2 1168 1710
2 1169 1177
2 1169 1695
2 1169 1703
2 1169 1711
2 1170 1178
2 1170 1696
2 1170 1704
2 1170 1712
2 1171 1179
2 1171 1697
2 1171 1705
2 1171 1713
2 1172 1180
2 1172 1698
2 1172 1706
2 1172 1714
2 1173 1181
2 1173 1699
2 1173 1707
2 1173 1715
2 1174 1182
2 1174 1700
2 1174 1708
2 1174 1716
2 1175 1183
2 1175 1701
2 1175 1709
2 1175 1717
2 1176 1222
2 1176 1718
2 1176 1726
2 1177 1223
2 1177 1719
2 1177 1727
2 1178 1224
2 1178 1720
2 1178 1728
2 1179 1225
2 1179 1721
2 1179 1729
2 1180 1226
2 1180 1722
2 1180 1730
2 1181 1227
2 1181 1723
2 1181 1731
2 1182 1228
2 1182 1724
2 1182 1732
2 1183 1229
2 1183 1725
2 1183 1733
2 1184 2195
2 1184 2196
2 1184 2197
2 1185 2210
2 1185 2212
2 1185 2214
2 1186 2211
2 1186 2213
2 1186 2215
2 1187 2189
2 1187 2191
2 1187 2193
2 1188 2190
2 1188 2192
2 1188 2194
2 1189 2174
2 1189 2175
2 1189 2176
2 1192 1194
2 1192 3603
2 1193 1195
2 1193 3604
2 1194 1196
2 1195 1197
2 1196 1802
2 1196 1804
2 1197 1803
2 1197 1805
2 1206 1214
2 1206 3595
2 1207 1215
2 1207 3596
2 1208 1216
2 1208 3597
2 1209 1217
2 1209 3598
2 1210 1218
2 1210 3599
2 1211 1219
2 1211 3600
2 1212 1220
2 1212 3601
2 1213 1221
2 1213 3602
2 1214 1222
2 1215 1223
2 1216 1224
2 1217 1225
2 1218 1226
2 1219 1227
2 1220 1228
2 1221 1229
2 1222 1734
2 1222 1742
2 1223 1735
2 1223 1743
2 1224 1736
2 1224 1744
2 1225 1737
2 1225 1745
2 1226 1738
2 1226 1746
2 1227 1739
2 1227 1747
2 1228 1740
2 1228 1748
2 1229 1741
2 1229 1749
2 1232 1234
2 1232 3607
2 1233 1235
2 1233 3608
2 1234 1236
2 1235 1237
2 1236 1850
2 1236 1852
2 1237 1851
2 1237 1853
2 1240 1242
2 1240 3605
2 1241 1243
2 1241 3606
2 1242 1244
2 1243 1245
2 1244 2260
2 1244 2262
2 1245 2261
2 1245 2263
2 1248 1250
2 1248 1349
2 1249 1350
2 1250 1251
2 1251 1472
2 1251 1473
2 1254 1256
2 1254 1347
2 1255 1257
2 1255 1348
2 1256 1258
2 1257 1259
2 1258 1437
2 1258 1439
2 1259 1438
2 1259 1440
2 1264 1268
2 1264 1352
2 1265 1353
2 1266 1269
2 1266 1354
2 1267 1355
2 1268 1270
2 1269 1271
2 1270 1468
2 1270 1470
2 1271 1469
2 1271 1471
2 1273 1274
2 1273 1351
2 1274 1275
2 1275 1451
2 1275 1452
2 1278 1362
2 1278 2238
2 1279 1363
2 1279 2239
2 1282 1356
2 1282 1879
2 1283 1357
2 1283 1880
2 1285 1380
2 1285 2243
2 1290 1368
2 1290 2244
2 1291 1369
2 1291 2245
2 1292 1370
2 1292 2246
2 1293 1371
2 1293 2247
2 1317 2098
2 1317 2099
2 1317 2100
2 1322 2162
2 1322 2166
2 1322 2170
2 1323 2163
2 1323 2167
2 1323 2171
2 1324 2164
2 1324 2168
2 1324 2172
2 1325 2165
2 1325 2169
2 1325 2173
2 1328 2092
2 1328 2094
2 1328 2096
2 1329 2093
2 1329 2095
2 1329 2097
2 1332 1964
2 1332 1966
2 1332 1968
2 1333 1965
2 1333 1967
2 1333 1969
2 1334 1875
2 1334 3462
2 1335 1876
2 1335 3463
2 1336 1877
2 1336 3464
2 1337 1878
2 1337 3465
2 1338 1854
2 1338 3455
2 1339 1796
2 1339 3494
2 1340 1797
2 1340 3495
2 1341 1798
2 1341 3496
2 1342 1799
2 1342 3497
2 1343 1788
2 1343 3478
2 1344 1789
2 1344 3479
2 1345 1790
2 1345 3480
2 1346 1791
2 1346 3481
2 1347 1414
2 1348 1415
2 1349 1405
2 1351 1412
2 1352 1406
2 1354 1407
2 1356 1358
2 1357 1359
2 1358 1360
2 1359 1361
2 1360 2044
2 1360 2046
2 1361 2045
2 1361 2047
2 1362 1364
2 1363 1365
2 1364 1366
2 1365 1367
2 1366 2126
2 1366 2128
2 1367 2127
2 1367 2129
2 1368 1372
2 1369 1373
2 1370 1374
2 1371 1375
2 1372 1376
2 1373 1377
2 1374 1378
2 1375 1379
2 1376 2048
2 1376 2052
2 1377 2049
2 1377 2053
2 1378 2050
2 1378 2054
2 1379 2051
2 1379 2055
2 1380 1381
2 1381 1382
2 1382 2124
2 1382 2125
2 1383 1632
2 1383 1640
2 1383 1648
2 1384 1633
2 1384 1641
2 1384 1649
2 1385 1634
2 1385 1642
2 1385 1650
2 1386 1635
2 1386 1643
2 1386 1651
2 1387 1636
2 1387 1644
2 1387 1652
2 1388 1637
2 1388 1645
2 1388 1653
2 1389 1638
2 1389 1646
2 1389 1654
2 1390 1639
2 1390 1647
2 1390 1655
2 1391 1498
2 1391 1500
2 1391 1502
2 1392 1499
2 1392 1501
2 1392 1503
2 1393 1534
2 1393 1536
2 1393 1538
2 1394 1535
2 1394 1537
2 1394 1539
2 1395 1528
2 1395 1530
2 1395 1532
2 1396 1529
2 1396 1531
2 1396 1533
2 1397 1903
2 1397 1905
2 1397 1907
2 1398 1904
2 1398 1906
2 1398 1908
2 1399 1921
2 1399 1922
2 1399 1923
2 1400 1900
2 1400 1901
2 1400 1902
2 1401 1890
2 1401 1892
2 1401 1894
2 1402 1891
2 1402 1893
2 1402 1895
2 2274 2278
2 2274 2282
2 2274 2985
2 2274 3253
2 2275 2279
2 2275 2283
2 2275 3254
2 2276 2280
2 2276 2284
2 2276 2986
2 2277 2281
2 2277 2285
2 2278 2352
2 2278 2417
2 2278 2902
2 2279 2353
2 2279 2418
2 2279 2903
2 2280 2354
2 2280 2419
2 2280 2904
2 2281 2355
2 2281 2420
2 2281 2905
2 2282 2286
2 2283 2287
2 2284 2288
2 2285 2289
2 2286 2290
2 2286 3458
2 2287 2291
2 2287 3459
2 2288 2292
2 2288 3460
2 2289 2293
2 2289 3461
2 2290 2294
2 2290 3462
2 2291 2295
2 2291 3463
2 2292 2296
2 2292 3464
2 2293 2297
2 2293 3465
2 2294 3998
2 2296 3999
2 2298 2299
2 2298 2300
2 2298 2978
2 2298 3241
2 2299 2392
2 2299 2477
2 2299 2950
2 2300 2301
2 2301 2302
2 2301 3454
2 2302 2303
2 2302 3455
2 2303 4002
2 2304 2308
2 2304 2312
2 2304 2996
2 2304 3225
2 2305 2309
2 2305 2313
2 2305 2997
2 2305 3226
2 2306 2310
2 2306 2314
2 2306 3227
2 2307 2311
2 2307 2315
2 2307 3228
2 2308 2397
2 2308 2437
2 2308 2926
2 2309 2398
2 2309 2438
2 2309 2927
2 2310 2399
2 2310 2439
2 2310 2928
2 2311 2400
2 2311 2440
2 2311 2929
2 2312 2316
2 2313 2317
2 2314 2318
2 2315 2319
2 2316 2320
2 2316 3490
2 2317 2321
2 2317 3491
2 2318 2322
2 2318 3492
2 2319 2323
2 2319 3493
2 2320 2324
2 2320 3494
2 2321 2325
2 2321 3495
2 2322 2326
2 2322 3496
2 2323 2327
2 2323 3497
2 2324 4102
2 2325 4103
2 2328 2332
2 2328 2336
2 2328 2956
2 2328 3245
2 2329 2333
2 2329 2337
2 2329 2957
2 2329 3246
2 2330 2334
2 2330 2338
2 2330 2958
2 2331 2335
2 2331 2339
2 2331 2959
2 2332 2372
2 2332 2457
2 2332 2878
2 2333 2373
2 2333 2458
2 2333 2879
2 2334 2374
2 2334 2459
2 2334 2880
2 2335 2375
2 2335 2460
2 2335 2881
2 2336 2340
2 2337 2341
2 2338 2342
2 2339 2343
2 2340 2344
2 2340 3474
2 2341 2345
2 2341 3475
2 2342 2346
2 2342 3476
2 2343 2347
2 2343 3477
2 2344 2348
2 2344 3478
2 2345 2349
2 2345 3479
2 2346 2350
2 2346 3480
2 2347 2351
2 2347 3481
2 2348 4198
2 2349 4199
2 2350 4200
2 2351 4201
2 2352 2356
2 2352 3206
2 2352 3550
2 2353 2357
2 2353 3207
2 2354 2358
2 2354 3208
2 2354 3551
2 2355 2359
2 2355 3209
2 2356 2360
2 2357 2361
2 2358 2362
2 2359 2363
2 2360 2364
2 2360 2906
2 2361 2365
2 2361 2907
2 2362 2366
2 2362 2908
2 2363 2367
2 2363 2909
2 2364 2368
2 2364 2910
2 2365 2369
2 2365 2911
2 2366 2370
2 2366 2912
2 2367 2371
2 2367 2913
2 2368 3898
2 2368 11779
2 2369 3899
2 2369 11780
2 2370 3900
2 2370 11781
2 2371 3901
2 2371 11782
2 2372 2376
2 2372 3538
2 2373 2377
2 2373 3196
2 2373 3539
2 2374 2378
2 2374 3540
2 2375 2379
2 2375 3197
2 2375 3541
2 2376 2380
2 2377 2381
2 2378 2382
2 2379 2383
2 2380 2384
2 2380 2882
2 2381 2385
2 2381 2883
2 2382 2386
2 2382 2884
2 2383 2387
2 2383 2885
2 2384 2388
2 2384 2886
2 2385 2389
2 2385 2887
2 2386 2390
2 2386 2888
2 2387 2391
2 2387 2889
2 2388 11769
2 2389 3856
2 2389 11770
2 2390 11771
2 2391 3857
2 2391 11772
2 2392 2393
2 2392 3220
2 2392 3536
2 2393 2394
2 2394 2395
2 2394 2951
2 2395 2396
2 2395 2952
2 2396 3785
2 2396 11805
2 2397 2401
2 2397 3546
2 2398 2402
2 2398 3189
2 2398 3547
2 2399 2403
2 2400 2404
2 2400 3190
2 2401 2405
2 2402 2406
2 2403 2407
2 2404 2408
2 2405 2409
2 2405 2930
2 2406 2410
2 2406 2931
2 2407 2411
2 2407 2932
2 2408 2412
2 2408 2933
2 2409 2413
2 2409 2934
2 2410 2414
2 2410 2935
2 2411 2415
2 2411 2936
2 2412 2416
2 2412 2937
2 2413 11795
2 2414 3788
2 2414 11796
2 2415 11797
2 2416 3789
2 2416 11798
2 2417 2421
2 2417 2862
2 2417 3522
2 2418 2422
2 2418 2863
2 2418 3523
2 2419 2423
2 2419 2864
2 2420 2424
2 2420 2865
2 2421 2425
2 2422 2426
2 2423 2427
2 2424 2428
2 2425 2429
2 2425 3277
2 2426 2430
2 2426 3278
2 2427 2431
2 2427 3279
2 2428 2432
2 2428 3280
2 2429 2433
2 2429 3281
2 2430 2434
2 2430 3282
2 2431 2435
2 2431 3283
2 2432 2436
2 2432 3284
2 2433 4456
2 2433 7306
2 2434 4457
2 2434 7307
2 2435 7308
2 2436 7309
2 2437 2441
2 2437 3510
2 2438 2442
2 2438 2850
2 2438 3511
2 2439 2443
2 2439 3512
2 2440 2444
2 2440 2851
2 2440 3513
2 2441 2445
2 2442 2446
2 2443 2447
2 2444 2448
2 2445 2449
2 2445 3261
2 2446 2450
2 2446 3262
2 2447 2451
2 2447 3263
2 2448 2452
2 2448 3264
2 2449 2453
2 2449 3265
2 2450 2454
2 2450 3266
2 2451 2455
2 2451 3267
2 2452 2456
2 2452 3268
2 2453 4460
2 2453 7290
2 2454 4461
2 2454 7291
2 2455 4462
2 2455 7292
2 2456 4463
2 2456 7293
2 2457 2461
2 2457 3530
2 2458 2462
2 2458 2842
2 2458 3531
2 2459 2463
2 2460 2464
2 2460 2843
2 2461 2465
2 2462 2466
2 2463 2467
2 2464 2468
2 2465 2469
2 2465 3297
2 2466 2470
2 2466 3298
2 2467 2471
2 2467 3299
2 2468 2472
2 2468 3300
2 2469 2473
2 2469 3301
2 2470 2474
2 2470 3302
2 2471 2475
2 2471 3303
2 2472 2476
2 2472 3304
2 2473 4467
2 2473 7320
2 2474 4468
2 2474 7321
2 2475 7322
2 2476 7323
2 2477 2478
2 2477 2858
2 2477 3506
2 2478 2479
2 2479 2480
2 2479 3293
2 2480 2481
2 2480 3294
2 2481 4466
2 2481 7316
2 2482 2490
2 2482 2498
2 2482 3057
2 2482 3357
2 2483 2491
2 2483 2499
2 2483 3058
2 2483 3358
2 2484 2492
2 2484 2500
2 2484 3359
2 2485 2493
2 2485 2501
2 2485 3360
2 2486 2494
2 2486 2502
2 2486 3059
2 2487 2495
2 2487 2503
2 2487 3060
2 2488 2496
2 2488 2504
2 2489 2497
2 2489 2505
2 2490 2570
2 2490 2644
2 2490 3077
2 2491 2571
2 2491 2645
2 2491 3078
2 2492 2572
2 2492 2646
2 2492 3079
2 2493 2573
2 2493 2647
2 2493 3080
2 2494 2574
2 2494 2648
2 2494 3081
2 2495 2575
2 2495 2649
2 2495 3082
2 2496 2576
2 2496 2650
2 2496 3083
2 2497 2577
2 2497 2651
2 2497 3084
2 2498 2506
2 2499 2507
2 2500 2508
2 2501 2509
2 2502 2510
2 2503 2511
2 2504 2512
2 2505 2513
2 2506 2514
2 2506 3556
2 2507 2515
2 2507 3557
2 2508 2516
2 2508 3558
2 2509 2517
2 2509 3559
2 2510 2518
2 2510 3560
2 2511 2519
2 2511 3561
2 2512 2520
2 2512 3562
2 2513 2521
2 2513 3563
2 2514 2727
2 2514 3595
2 2515 2728
2 2515 3596
2 2516 2729
2 2516 3597
2 2517 2730
2 2517 3598
2 2518 2731
2 2518 3599
2 2519 2732
2 2519 3600
2 2520 2733
2 2520 3601
2 2521 2734
2 2521 3602
2 2522 2526
2 2522 3679
2 2522 3683
2 2522 3687
2 2523 2527
2 2523 3680
2 2523 3684
2 2523 3688
2 2524 2528
2 2524 3681
2 2524 3685
2 2524 3689
2 2525 2529
2 2525 3682
2 2525 3686
2 2525 3690
2 2526 3392
2 2526 3691
2 2526 3693
2 2527 3393
2 2527 3692
2 2527 3694
2 2528 3394
2 2529 3395
2 2530 2532
2 2530 2534
2 2530 3045
2 2530 3351
2 2531 2533
2 2531 2535
2 2531 3046
2 2531 3352
2 2532 2622
2 2532 2707
2 2532 3093
2 2533 2623
2 2533 2708
2 2533 3094
2 2534 2536
2 2535 2537
2 2536 2538
2 2536 3554
2 2537 2539
2 2537 3555
2 2538 2719
2 2538 3603
2 2539 2720
2 2539 3604
2 2540 2542
2 2540 3703
2 2540 3705
2 2540 3707
2 2541 2543
2 2541 3704
2 2541 3706
2 2541 3708
2 2542 3406
2 2542 3709
2 2542 3711
2 2543 3407
2 2543 3710
2 2543 3712
2 2544 2546
2 2544 2548
2 2544 3037
2 2544 3369
2 2545 2547
2 2545 2549
2 2545 3038
2 2546 2632
2 2546 2684
2 2546 3073
2 2547 2633
2 2547 2685
2 2547 3074
2 2548 2550
2 2549 2551
2 2550 2552
2 2550 3566
2 2551 2553
2 2551 3567
2 2552 2747
2 2552 3607
2 2553 2748
2 2553 3608
2 2554 2555
2 2554 3934
2 2554 3935
2 2554 3936
2 2555 3383
2 2555 3932
2 2555 3933
2 2556 2558
2 2556 2560
2 2556 3053
2 2556 3345
2 2557 2559
2 2557 2561
2 2557 3346
2 2558 2610
2 2558 2696
2 2558 3097
2 2559 2611
2 2559 2697
2 2559 3098
2 2560 2562
2 2561 2563
2 2562 2564
2 2562 3564
2 2563 2565
2 2563 3565
2 2564 2755
2 2564 3605
2 2565 2756
2 2565 3606
2 2566 2568
2 2566 3937
2 2566 3939
2 2566 3941
2 2567 2569
2 2567 3938
2 2567 3940
2 2567 3942
2 2568 3400
2 2568 3943
2 2568 3944
2 2569 3401
2 2570 2578
2 2570 3587
2 2571 2579
2 2571 3022
2 2571 3588
2 2572 2580
2 2572 3589
2 2573 2581
2 2573 3023
2 2573 3590
2 2574 2582
2 2575 2583
2 2575 3024
2 2576 2584
2 2577 2585
2 2577 3025
2 2578 2586
2 2579 2587
2 2580 2588
2 2581 2589
2 2582 2590
2 2583 2591
2 2584 2592
2 2585 2593
2 2586 2594
2 2586 3333
2 2587 2595
2 2587 3334
2 2588 2596
2 2588 3335
2 2589 2597
2 2589 3336
2 2590 2598
2 2590 3337
2 2591 2599
2 2591 3338
2 2592 2600
2 2592 3339
2 2593 2601
2 2593 3340
2 2594 2822
2 2594 3412
2 2595 2823
2 2595 3413
2 2596 2824
2 2596 3414
2 2597 2825
2 2597 3415
2 2598 2826
2 2598 3416
2 2599 2827
2 2599 3417
2 2600 2828
2 2600 3418
2 2601 2829
2 2601 3419
2 2602 2606
2 2602 4172
2 2602 4176
2 2602 4180
2 2603 2607
2 2603 4173
2 2603 4177
2 2603 4181
2 2604 2608
2 2604 4174
2 2604 4178
2 2604 4182
2 2605 2609
2 2605 4175
2 2605 4179
2 2605 4183
2 2606 3121
2 2606 4168
2 2606 4170
2 2607 3122
2 2607 4169
2 2607 4171
2 2608 3123
2 2609 3124
2 2610 2612
2 2610 3016
2 2610 3581
2 2611 2613
2 2611 3017
2 2611 3582
2 2612 2614
2 2613 2615
2 2614 2616
2 2614 3331
2 2615 2617
2 2615 3332
2 2616 2814
2 2616 3420
2 2617 2815
2 2617 3421
2 2618 2620
2 2618 4192
2 2618 4194
2 2618 4196
2 2619 2621
2 2619 4193
2 2619 4195
2 2619 4197
2 2620 3105
2 2620 4188
2 2620 4190
2 2621 3106
2 2621 4189
2 2621 4191
2 2622 2624
2 2622 3577
2 2623 2625
2 2623 3034
2 2623 3578
2 2624 2626
2 2625 2627
2 2626 2628
2 2626 3343
2 2627 2629
2 2627 3344
2 2628 2801
2 2628 3410
2 2629 2802
2 2629 3411
2 2630 2631
2 2630 4031
2 2630 4032
2 2630 4033
2 2631 3127
2 2631 4029
2 2631 4030
2 2632 2634
2 2632 3010
2 2632 3585
2 2633 2635
2 2633 3011
2 2634 2636
2 2635 2637
2 2636 2638
2 2636 3341
2 2637 2639
2 2637 3342
2 2638 2809
2 2638 3408
2 2639 2810
2 2639 3409
2 2640 2642
2 2640 4010
2 2640 4012
2 2640 4014
2 2641 2643
2 2641 4011
2 2641 4013
2 2641 4015
2 2642 3111
2 2642 4016
2 2642 4017
2 2643 3112
2 2644 2652
2 2644 3572
2 2645 2653
2 2645 3323
2 2645 3573
2 2646 2654
2 2647 2655
2 2647 3324
2 2648 2656
2 2648 3574
2 2649 2657
2 2649 3325
2 2649 3575
2 2650 2658
2 2651 2659
2 2651 3326
2 2652 2660
2 2653 2661
2 2654 2662
2 2655 2663
2 2656 2664
2 2657 2665
2 2658 2666
2 2659 2667
2 2660 2668
2 2660 3085
2 2661 2669
2 2661 3086
2 2662 2670
2 2662 3087
2 2663 2671
2 2663 3088
2 2664 2672
2 2664 3089
2 2665 2673
2 2665 3090
2 2666 2674
2 2666 3091
2 2667 2675
2 2667 3092
2 2668 2773
2 2668 3134
2 2669 2774
2 2669 3135
2 2670 2775
2 2670 3136
2 2671 2776
2 2671 3137
2 2672 2777
2 2672 3138
2 2673 2778
2 2673 3139
2 2674 2779
2 2674 3140
2 2675 2780
2 2675 3141
2 2676 2680
2 2676 4254
2 2676 4258
2 2676 4262
2 2677 2681
2 2677 4255
2 2677 4259
2 2677 4263
2 2678 2682
2 2678 4256
2 2678 4260
2 2678 4264
2 2679 2683
2 2679 4257
2 2679 4261
2 2679 4265
2 2680 3626
2 2681 3627
2 2681 4266
2 2681 4268
2 2682 3628
2 2683 3629
2 2683 4267
2 2683 4269
2 2684 2686
2 2684 3317
2 2684 3570
2 2685 2687
2 2685 3318
2 2685 3571
2 2686 2688
2 2687 2689
2 2688 2690
2 2688 3075
2 2689 2691
2 2689 3076
2 2690 2793
2 2690 3132
2 2691 2794
2 2691 3133
2 2692 2694
2 2692 4286
2 2692 4288
2 2692 4290
2 2693 2695
2 2693 4287
2 2693 4289
2 2693 4291
2 2694 3637
2 2694 4282
2 2694 4284
2 2695 3638
2 2695 4283
2 2695 4285
2 2696 2698
2 2696 3313
2 2696 3576
2 2697 2699
2 2697 3314
2 2698 2700
2 2699 2701
2 2700 2702
2 2700 3099
2 2701 2703
2 2701 3100
2 2702 2765
2 2702 3128
2 2703 2766
2 2703 3129
2 2704 2705
2 2705 2706
2 2705 4362
2 2705 4363
2 2706 3632
2 2706 4360
2 2706 4361
2 2707 2709
2 2707 3568
2 2708 2710
2 2708 3321
2 2708 3569
2 2709 2711
2 2710 2712
2 2711 2713
2 2711 3095
2 2712 2714
2 2712 3096
2 2713 2760
2 2713 3130
2 2714 2761
2 2714 3131
2 2715 2717
2 2715 4346
2 2715 4348
2 2715 4350
2 2716 2718
2 2716 4347
2 2716 4349
2 2716 4351
2 2717 3643
2 2718 3644
2 2718 4352
2 2718 4353
2 2719 2721
2 2720 2722
2 2721 2723
2 2722 2724
2 2723 2725
2 2723 4064
2 2723 4066
2 2724 2726
2 2724 4065
2 2724 4067
2 2725 3051
2 2725 4068
2 2725 4070
2 2726 3052
2 2726 4069
2 2726 4071
2 2727 2735
2 2728 2736
2 2731 2737
2 2732 2738
2 2735 2739
2 2736 2740
2 2737 2741
2 2738 2742
2 2739 2743
2 2739 4094
2 2739 4098
2 2740 2744
2 2740 4095
2 2740 4099
2 2741 2745
2 2741 4096
2 2741 4100
2 2742 2746
2 2742 4097
2 2742 4101
2 2743 3069
2 2743 4090
2 2743 4092
2 2744 3070
2 2744 4091
2 2744 4093
2 2745 3071
2 2746 3072
2 2747 2749
2 2748 2750
2 2749 2751
2 2750 2752
2 2751 2753
2 2751 3992
2 2751 3994
2 2752 2754
2 2752 3993
2 2752 3995
2 2753 3043
2 2753 3990
2 2753 3991
2 2754 3044
2 2755 2757
2 2757 2758
2 2758 2759
2 2758 3977
2 2758 3978
2 2759 3056
2 2759 3979
2 2759 3980
2 2760 11382
2 2761 2762
2 2761 11383
2 2762 2763
2 2763 2764
2 2763 3776
2 2763 3777
2 2764 3322
2 2764 3774
2 2764 3775
2 2765 2767
2 2765 11372
2 2766 2768
2 2766 11373
2 2767 2769
2 2768 2770
2 2769 2771
2 2769 3767
2 2769 3769
2 2770 2772
2 2770 3768
2 2770 3770
2 2771 3315
2 2771 3765
2 2771 3766
2 2772 3316
2 2773 11426
2 2774 2781
2 2774 11427
2 2775 11428
2 2776 2782
2 2776 11429
2 2777 11430
2 2778 2783
2 2778 11431
2 2779 11432
2 2780 2784
2 2780 11433
2 2781 2785
2 2782 2786
2 2783 2787
2 2784 2788
2 2785 2789
2 2785 3858
2 2785 3862
2 2786 2790
2 2786 3859
2 2786 3863
2 2787 2791
2 2787 3860
2 2787 3864
2 2788 2792
2 2788 3861
2 2788 3865
2 2789 3327
2 2789 3866
2 2789 3868
2 2790 3328
2 2791 3329
2 2791 3867
2 2791 3869
2 2792 3330
2 2793 2795
2 2793 11392
2 2794 2796
2 2794 11393
2 2795 2797
2 2796 2798
2 2797 2799
2 2797 3892
2 2797 3894
2 2798 2800
2 2798 3893
2 2798 3895
2 2799 3319
2 2799 3888
2 2799 3890
2 2800 3320
2 2800 3889
2 2800 3891
2 2801 2803
2 2801 6934
2 2802 2804
2 2802 6935
2 2803 2805
2 2804 2806
2 2805 2807
2 2805 4335
2 2805 4337
2 2806 2808
2 2806 4336
2 2806 4338
2 2807 3579
2 2808 3580
2 2808 4333
2 2808 4334
2 2809 2811
2 2809 6924
2 2810 6925
2 2811 2812
2 2812 2813
2 2812 4320
2 2812 4321
2 2813 3586
2 2813 4322
2 2813 4323
2 2814 2816
2 2814 6984
2 2815 2817
2 2815 6985
2 2816 2818
2 2817 2819
2 2818 2820
2 2818 4392
2 2818 4394
2 2819 2821
2 2819 4393
2 2819 4395
2 2820 3583
2 2820 4396
2 2820 4398
2 2821 3584
2 2821 4397
2 2821 4399
2 2822 2830
2 2822 6968
2 2823 2831
2 2823 6969
2 2824 2832
2 2824 6970
2 2825 2833
2 2825 6971
2 2826 6972
2 2827 6973
2 2828 6974
2 2829 6975
2 2830 2834
2 2831 2835
2 2832 2836
2 2833 2837
2 2834 2838
2 2834 4218
2 2834 4222
2 2835 2839
2 2835 4219
2 2835 4223
2 2836 2840
2 2836 4220
2 2836 4224
2 2837 2841
2 2837 4221
2 2837 4225
2 2838 3591
2 2839 3592
2 2839 4214
2 2839 4216
2 2840 3593
2 2841 3594
2 2841 4215
2 2841 4217
2 2842 2844
2 2843 2845
2 2844 2846
2 2844 3196
2 2845 2847
2 2845 3197
2 2846 2848
2 2846 3198
2 2847 2849
2 2847 3199
2 2848 3107
2 2848 4022
2 2849 3108
2 2849 4023
2 2850 2852
2 2851 2853
2 2852 2854
2 2852 3189
2 2853 2855
2 2853 3190
2 2854 2856
2 2854 3191
2 2855 2857
2 2855 3192
2 2856 3101
2 2856 4481
2 2857 3102
2 2857 4482
2 2858 2859
2 2859 2860
2 2859 3220
2 2860 2861
2 2860 3221
2 2861 3125
2 2861 4483
2 2862 2866
2 2863 2867
2 2864 2868
2 2865 2869
2 2866 2870
2 2866 3206
2 2867 2871
2 2867 3207
2 2868 2872
2 2868 3208
2 2869 2873
2 2869 3209
2 2870 2874
2 2870 3210
2 2871 2875
2 2871 3211
2 2872 2876
2 2872 3212
2 2873 2877
2 2873 3213
2 2874 3113
2 2874 4486
2 2875 3114
2 2875 4487
2 2876 3115
2 2876 4488
2 2877 3116
2 2877 4489
2 2878 2882
2 2878 3297
2 2878 3474
2 2879 2883
2 2879 3298
2 2879 3475
2 2880 2884
2 2880 3299
2 2880 3476
2 2881 2885
2 2881 3300
2 2881 3477
2 2886 2890
2 2886 12143
2 2887 2891
2 2887 12144
2 2888 2892
2 2888 12145
2 2889 2893
2 2889 12146
2 2890 2894
2 2891 2895
2 2892 2896
2 2893 2897
2 2894 2898
2 2894 3840
2 2894 3844
2 2895 2899
2 2895 3841
2 2895 3845
2 2896 2900
2 2896 3842
2 2896 3846
2 2897 2901
2 2897 3843
2 2897 3847
2 2898 3650
2 2898 3832
2 2898 3836
2 2899 3651
2 2899 3833
2 2899 3837
2 2900 3652
2 2900 3834
2 2900 3838
2 2901 3653
2 2901 3835
2 2901 3839
2 2902 2906
2 2902 3277
2 2902 3458
2 2903 2907
2 2903 3278
2 2903 3459
2 2904 2908
2 2904 3279
2 2904 3460
2 2905 2909
2 2905 3280
2 2905 3461
2 2910 2914
2 2910 12139
2 2911 2915
2 2911 12140
2 2912 2916
2 2912 12141
2 2913 2917
2 2913 12142
2 2914 2918
2 2915 2919
2 2916 2920
2 2917 2921
2 2918 2922
2 2918 3902
2 2918 3906
2 2919 2923
2 2919 3903
2 2919 3907
2 2920 2924
2 2920 3904
2 2920 3908
2 2921 2925
2 2921 3905
2 2921 3909
2 2922 3645
2 2922 3910
2 2922 3914
2 2923 3646
2 2923 3911
2 2923 3915
2 2924 3647
2 2924 3912
2 2924 3916
2 2925 3648
2 2925 3913
2 2925 3917
2 2926 2930
2 2926 3261
2 2926 3490
2 2927 2931
2 2927 3262
2 2927 3491
2 2928 2932
2 2928 3263
2 2928 3492
2 2929 2933
2 2929 3264
2 2929 3493
2 2934 2938
2 2934 12148
2 2935 2939
2 2935 12149
2 2936 2940
2 2936 12150
2 2937 2941
2 2937 12151
2 2938 2942
2 2939 2943
2 2940 2944
2 2941 2945
2 2942 2946
2 2942 3792
2 2942 3796
2 2943 2947
2 2943 3793
2 2943 3797
2 2944 2948
2 2944 3794
2 2944 3798
2 2945 2949
2 2945 3795
2 2945 3799
2 2946 3654
2 2946 3800
2 2946 3804
2 2947 3655
2 2947 3801
2 2947 3805
2 2948 3656
2 2948 3802
2 2948 3806
2 2949 3657
2 2949 3803
2 2949 3807
2 2950 2951
2 2950 3293
2 2950 3454
2 2952 2953
2 2952 12147
2 2953 2954
2 2954 2955
2 2954 3783
2 2954 3784
2 2955 3649
2 2955 3781
2 2955 3782
2 2956 2960
2 2957 2961
2 2958 2962
2 2959 2963
2 2960 2964
2 2960 3538
2 2961 2965
2 2961 3539
2 2962 2966
2 2962 3540
2 2963 2967
2 2963 3541
2 2964 2968
2 2964 3542
2 2965 2969
2 2965 3543
2 2966 2970
2 2966 3544
2 2967 2971
2 2967 3545
2 2968 2972
2 2968 3143
2 2969 2973
2 2969 3144
2 2970 3145
2 2971 3146
2 2972 2974
2 2973 2975
2 2974 2976
2 2974 4437
2 2974 4439
2 2975 2977
2 2975 4438
2 2975 4440
2 2976 3448
2 2976 4433
2 2976 4435
2 2977 3449
2 2977 4434
2 2977 4436
2 2978 2979
2 2979 2980
2 2979 3536
2 2980 2981
2 2980 3537
2 2981 2982
2 2981 3142
2 2982 2983
2 2983 2984
2 2983 4420
2 2983 4421
2 2984 3451
2 2984 4422
2 2984 4423
2 2985 2987
2 2986 2988
2 2987 2989
2 2987 3550
2 2988 2990
2 2988 3551
2 2989 2991
2 2989 3552
2 2990 2992
2 2990 3553
2 2991 2993
2 2991 3149
2 2992 3150
2 2993 2994
2 2994 2995
2 2994 4441
2 2994 4442
2 2995 3450
2 2995 4443
2 2995 4444
2 2996 2998
2 2997 2999
2 2998 3000
2 2998 3546
2 2999 3001
2 2999 3547
2 3000 3002
2 3000 3548
2 3001 3003
2 3001 3549
2 3002 3004
2 3002 3147
2 3003 3005
2 3003 3148
2 3004 3006
2 3005 3007
2 3006 3008
2 3006 4416
2 3006 4418
2 3007 3009
2 3007 4417
2 3007 4419
2 3008 3452
2 3008 4412
2 3008 4414
2 3009 3453
2 3009 4413
2 3009 4415
2 3010 3012
2 3011 3013
2 3012 3014
2 3012 3317
2 3013 3015
2 3013 3318
2 3014 3107
2 3014 3372
2 3015 3108
2 3015 3373
2 3016 3018
2 3017 3019
2 3018 3020
2 3018 3313
2 3019 3021
2 3019 3314
2 3020 3101
2 3020 3374
2 3021 3102
2 3021 3375
2 3022 3026
2 3023 3027
2 3024 3028
2 3025 3029
2 3026 3030
2 3026 3323
2 3027 3031
2 3027 3324
2 3028 3032
2 3028 3325
2 3029 3033
2 3029 3326
2 3030 3113
2 3030 3377
2 3031 3114
2 3031 3378
2 3032 3115
2 3032 3379
2 3033 3116
2 3033 3380
2 3034 3035
2 3035 3036
2 3035 3321
2 3036 3125
2 3036 3376
2 3037 3039
2 3038 3040
2 3039 3041
2 3039 3570
2 3040 3042
2 3040 3571
2 3041 3149
2 3041 3633
2 3042 3150
2 3042 3634
2 3043 3984
2 3043 3986
2 3043 3988
2 3044 3985
2 3044 3987
2 3044 3989
2 3045 3047
2 3046 3048
2 3047 3049
2 3047 3568
2 3048 3050
2 3048 3569
2 3049 3147
2 3049 3639
2 3050 3148
2 3050 3640
2 3051 4072
2 3051 4074
2 3051 4076
2 3052 4073
2 3052 4075
2 3052 4077
2 3053 3054
2 3054 3055
2 3054 3576
2 3055 3142
2 3055 3630
2 3056 3981
2 3056 3982
2 3056 3983
2 3057 3061
2 3058 3062
2 3059 3063
2 3060 3064
2 3061 3065
2 3061 3572
2 3062 3066
2 3062 3573
2 3063 3067
2 3063 3574
2 3064 3068
2 3064 3575
2 3065 3143
2 3065 3618
2 3066 3144
2 3066 3619
2 3067 3145
2 3067 3620
2 3068 3146
2 3068 3621
2 3069 4078
2 3069 4082
2 3069 4086
2 3070 4079
2 3070 4083
2 3070 4087
2 3071 4080
2 3071 4084
2 3071 4088
2 3072 4081
2 3072 4085
2 3072 4089
2 3073 3075
2 3073 3341
2 3073 3566
2 3074 3076
2 3074 3342
2 3074 3567
2 3077 3085
2 3077 3333
2 3077 3556
2 3078 3086
2 3078 3334
2 3078 3557
2 3079 3087
2 3079 3335
2 3079 3558
2 3080 3088
2 3080 3336
2 3080 3559
2 3081 3089
2 3081 3337
2 3081 3560
2 3082 3090
2 3082 3338
2 3082 3561
2 3083 3091
2 3083 3339
2 3083 3562
2 3084 3092
2 3084 3340
2 3084 3563
2 3093 3095
2 3093 3343
2 3093 3554
2 3094 3096
2 3094 3344
2 3094 3555
2 3097 3099
2 3097 3331
2 3097 3564
2 3098 3100
2 3098 3332
2 3098 3565
2 3101 3103
2 3102 3104
2 3103 3105
2 3104 3106
2 3105 4184
2 3105 4186
2 3106 4185
2 3106 4187
2 3107 3109
2 3108 3110
2 3109 3111
2 3110 3112
2 3111 4018
2 3111 4020
2 3112 4019
2 3112 4021
2 3113 3117
2 3114 3118
2 3115 3119
2 3116 3120
2 3117 3121
2 3118 3122
2 3119 3123
2 3120 3124
2 3121 4160
2 3121 4164
2 3122 4161
2 3122 4165
2 3123 4162
2 3123 4166
2 3124 4163
2 3124 4167
2 3125 3126
2 3126 3127
2 3127 4027
2 3127 4028
2 3128 3786
2 3128 11901
2 3129 3787
2 3129 11902
2 3130 3790
2 3130 11889
2 3131 3791
2 3131 11890
2 3132 3896
2 3132 11961
2 3133 3897
2 3133 11962
2 3134 3848
2 3134 11925
2 3135 3849
2 3135 11926
2 3136 3850
2 3136 11927
2 3137 3851
2 3137 11928
2 3138 3852
2 3138 11929
2 3139 3853
2 3139 11930
2 3140 3854
2 3140 11931
2 3141 3855
2 3141 11932
2 3142 4472
2 3143 4116
2 3144 4117
2 3147 4473
2 3148 4474
2 3149 4479
2 3151 3153
2 3151 3725
2 3151 3727
2 3151 3729
2 3152 3154
2 3152 3726
2 3152 3728
2 3152 3730
2 3153 3520
2 3153 3721
2 3153 3723
2 3154 3521
2 3154 3722
2 3154 3724
2 3155 3156
2 3155 3735
2 3155 3736
2 3155 3737
2 3156 3535
2 3156 3733
2 3156 3734
2 3157 3158
2 3157 3756
2 3157 3757
2 3157 3758
2 3158 3509
2 3158 3754
2 3158 3755
2 3159 3161
2 3159 3738
2 3159 3740
2 3159 3742
2 3160 3162
2 3160 3739
2 3160 3741
2 3160 3743
2 3161 3528
2 3161 3744
2 3161 3746
2 3162 3529
2 3162 3745
2 3162 3747
2 3163 3167
2 3163 4364
2 3163 4368
2 3163 4372
2 3164 3168
2 3164 4365
2 3164 4369
2 3164 4373
2 3165 3169
2 3165 4366
2 3165 4370
2 3165 4374
2 3166 3170
2 3166 4367
2 3166 4371
2 3166 4375
2 3167 3273
2 3167 4376
2 3167 4380
2 3168 3274
2 3168 4377
2 3168 4381
2 3169 3275
2 3169 4378
2 3169 4382
2 3170 3276
2 3170 4379
2 3170 4383
2 3171 3172
2 3171 4343
2 3171 4344
2 3171 4345
2 3172 3296
2 3172 4341
2 3172 4342
2 3173 3177
2 3173 4242
2 3173 4246
2 3173 4250
2 3174 3178
2 3174 4243
2 3174 4247
2 3174 4251
2 3175 3179
2 3175 4244
2 3175 4248
2 3175 4252
2 3176 3180
2 3176 4245
2 3176 4249
2 3176 4253
2 3177 3289
2 3177 4234
2 3177 4238
2 3178 3290
2 3178 4235
2 3178 4239
2 3179 3291
2 3179 4236
2 3179 4240
2 3180 3292
2 3180 4237
2 3180 4241
2 3181 3185
2 3181 4292
2 3181 4296
2 3181 4300
2 3182 3186
2 3182 4293
2 3182 4297
2 3182 4301
2 3183 3187
2 3183 4294
2 3183 4298
2 3183 4302
2 3184 3188
2 3184 4295
2 3184 4299
2 3184 4303
2 3185 3309
2 3185 4304
2 3185 4308
2 3186 3310
2 3186 4305
2 3186 4309
2 3187 3311
2 3187 4306
2 3187 4310
2 3188 3312
2 3188 4307
2 3188 4311
2 3191 3193
2 3191 3374
2 3192 3375
2 3193 3194
2 3194 3195
2 3194 4153
2 3194 4154
2 3195 3660
2 3195 4155
2 3195 4156
2 3198 3200
2 3198 3372
2 3199 3201
2 3199 3373
2 3200 3202
2 3201 3203
2 3202 3204
2 3202 4118
2 3202 4120
2 3203 3205
2 3203 4119
2 3203 4121
2 3204 3662
2 3204 4122
2 3204 4124
2 3205 3663
2 3205 4123
2 3205 4125
2 3210 3214
2 3210 3377
2 3211 3378
2 3212 3215
2 3212 3379
2 3213 3380
2 3214 3216
2 3215 3217
2 3216 3218
2 3216 4149
2 3216 4151
2 3217 3219
2 3217 4150
2 3217 4152
2 3218 3658
2 3218 4145
2 3218 4147
2 3219 3659
2 3219 4146
2 3219 4148
2 3221 3222
2 3221 3376
2 3222 3223
2 3223 3224
2 3223 4132
2 3223 4133
2 3224 3661
2 3224 4134
2 3224 4135
2 3225 3229
2 3226 3230
2 3227 3231
2 3228 3232
2 3229 3233
2 3229 3510
2 3230 3234
2 3230 3511
2 3231 3235
2 3231 3512
2 3232 3236
2 3232 3513
2 3233 3237
2 3233 3514
2 3234 3238
2 3234 3515
2 3235 3239
2 3235 3516
2 3236 3240
2 3236 3517
2 3237 3384
2 3237 3675
2 3238 3385
2 3238 3676
2 3239 3386
2 3239 3677
2 3240 3387
2 3240 3678
2 3241 3242
2 3242 3243
2 3242 3506
2 3243 3244
2 3243 3507
2 3244 3381
2 3244 3664
2 3245 3247
2 3246 3248
2 3247 3249
2 3247 3530
2 3248 3250
2 3248 3531
2 3249 3251
2 3249 3532
2 3250 3252
2 3250 3533
2 3251 3402
2 3251 3671
2 3252 3403
2 3252 3672
2 3253 3255
2 3254 3256
2 3255 3257
2 3255 3522
2 3256 3258
2 3256 3523
2 3257 3259
2 3257 3524
2 3258 3260
2 3258 3525
2 3259 3396
2 3259 3668
2 3260 3397
2 3260 3669
2 3265 3269
2 3265 7908
2 3266 3270
2 3266 7909
2 3267 3271
2 3267 7910
2 3268 3272
2 3268 7911
2 3269 3273
2 3270 3274
2 3271 3275
2 3272 3276
2 3273 4384
2 3273 4388
2 3274 4385
2 3274 4389
2 3275 4386
2 3275 4390
2 3276 4387
2 3276 4391
2 3281 3285
2 3281 7904
2 3282 3286
2 3282 7905
2 3283 3287
2 3283 7906
2 3284 3288
2 3284 7907
2 3285 3289
2 3286 3290
2 3287 3291
2 3288 3292
2 3289 4226
2 3289 4230
2 3290 4227
2 3290 4231
2 3291 4228
2 3291 4232
2 3292 4229
2 3292 4233
2 3294 3295
2 3294 7916
2 3295 3296
2 3296 4339
2 3296 4340
2 3301 3305
2 3301 7912
2 3302 3306
2 3302 7913
2 3303 3307
2 3303 7914
2 3304 3308
2 3304 7915
2 3305 3309
2 3306 3310
2 3307 3311
2 3308 3312
2 3309 4312
2 3309 4316
2 3310 4313
2 3310 4317
2 3311 4314
2 3311 4318
2 3312 4315
2 3312 4319
2 3315 3759
2 3315 3761
2 3315 3763
2 3316 3760
2 3316 3762
2 3316 3764
2 3319 3882
2 3319 3884
2 3319 3886
2 3320 3883
2 3320 3885
2 3320 3887
2 3322 3771
2 3322 3772
2 3322 3773
2 3327 3870
2 3327 3874
2 3327 3878
2 3328 3871
2 3328 3875
2 3328 3879
2 3329 3872
2 3329 3876
2 3329 3880
2 3330 3873
2 3330 3877
2 3330 3881
2 3345 3347
2 3346 3348
2 3347 3349
2 3347 3581
2 3348 3350
2 3348 3582
2 3349 3396
2 3349 3616
2 3350 3397
2 3350 3617
2 3351 3353
2 3352 3354
2 3353 3355
2 3353 3577
2 3354 3356
2 3354 3578
2 3355 3402
2 3355 3614
2 3356 3403
2 3356 3615
2 3357 3361
2 3358 3362
2 3359 3363
2 3360 3364
2 3361 3365
2 3361 3587
2 3362 3366
2 3362 3588
2 3363 3367
2 3363 3589
2 3364 3368
2 3364 3590
2 3365 3384
2 3365 3609
2 3366 3385
2 3366 3610
2 3367 3386
2 3367 3611
2 3368 3387
2 3368 3612
2 3369 3370
2 3370 3371
2 3370 3585
2 3371 3381
2 3371 3613
2 3372 4025
2 3373 4026
2 3374 4480
2 3376 4024
2 3377 4484
2 3379 4485
2 3381 3382
2 3382 3383
2 3383 3930
2 3383 3931
2 3384 3388
2 3385 3389
2 3386 3390
2 3387 3391
2 3388 3392
2 3389 3393
2 3390 3394
2 3391 3395
2 3392 3695
2 3392 3699
2 3393 3696
2 3393 3700
2 3394 3697
2 3394 3701
2 3395 3698
2 3395 3702
2 3396 3398
2 3397 3399
2 3398 3400
2 3399 3401
2 3400 3945
2 3400 3947
2 3401 3946
2 3401 3948
2 3402 3404
2 3403 3405
2 3404 3406
2 3405 3407
2 3406 3713
2 3406 3715
2 3407 3714
2 3407 3716
2 3408 4469
2 3408 7764
2 3409 4470
2 3409 7765
2 3410 4464
2 3410 7756
2 3411 4465
2 3411 7757
2 3412 4448
2 3412 7786
2 3413 4449
2 3413 7787
2 3414 4450
2 3414 7788
2 3415 4451
2 3415 7789
2 3416 4452
2 3416 7790
2 3417 4453
2 3417 7791
2 3418 4454
2 3418 7792
2 3419 4455
2 3419 7793
2 3420 4458
2 3420 7772
2 3421 4459
2 3421 7773
2 3422 3426
2 3422 4034
2 3422 4038
2 3422 4042
2 3423 3427
2 3423 4035
2 3423 4039
2 3423 4043
2 3424 3428
2 3424 4036
2 3424 4040
2 3424 4044
2 3425 3429
2 3425 4037
2 3425 4041
2 3425 4045
2 3426 3486
2 3426 4046
2 3426 4050
2 3427 3487
2 3427 4047
2 3427 4051
2 3428 3488
2 3428 4048
2 3428 4052
2 3429 3489
2 3429 4049
2 3429 4053
2 3430 3431
2 3430 4007
2 3430 4008
2 3430 4009
2 3431 3457
2 3431 4005
2 3431 4006
2 3432 3436
2 3432 4506
2 3432 4510
2 3432 4514
2 3433 3437
2 3433 4507
2 3433 4511
2 3433 4515
2 3434 3438
2 3434 4508
2 3434 4512
2 3434 4516
2 3435 3439
2 3435 4509
2 3435 4513
2 3435 4517
2 3436 3502
2 3436 4498
2 3436 4502
2 3437 3503
2 3437 4499
2 3437 4503
2 3438 3504
2 3438 4500
2 3438 4504
2 3439 3505
2 3439 4501
2 3439 4505
2 3440 3444
2 3440 3949
2 3440 3953
2 3440 3957
2 3441 3445
2 3441 3950
2 3441 3954
2 3441 3958
2 3442 3446
2 3442 3951
2 3442 3955
2 3442 3959
2 3443 3447
2 3443 3952
2 3443 3956
2 3443 3960
2 3444 3470
2 3444 3961
2 3444 3965
2 3445 3471
2 3445 3962
2 3445 3966
2 3446 3472
2 3446 3963
2 3446 3967
2 3447 3473
2 3447 3964
2 3447 3968
2 3448 4427
2 3448 4429
2 3448 4431
2 3449 4428
2 3449 4430
2 3449 4432
2 3450 4445
2 3450 4446
2 3450 4447
2 3451 4424
2 3451 4425
2 3451 4426
2 3452 4406
2 3452 4408
2 3452 4410
2 3453 4407
2 3453 4409
2 3453 4411
2 3455 3456
2 3456 3457
2 3457 4003
2 3457 4004
2 3462 3466
2 3463 3467
2 3464 3468
2 3465 3469
2 3466 3470
2 3467 3471
2 3468 3472
2 3469 3473
2 3470 3969
2 3470 3973
2 3471 3970
2 3471 3974
2 3472 3971
2 3472 3975
2 3473 3972
2 3473 3976
2 3478 3482
2 3479 3483
2 3480 3484
2 3481 3485
2 3482 3486
2 3483 3487
2 3484 3488
2 3485 3489
2 3486 4054
2 3486 4058
2 3487 4055
2 3487 4059
2 3488 4056
2 3488 4060
2 3489 4057
2 3489 4061
2 3494 3498
2 3495 3499
2 3496 3500
2 3497 3501
2 3498 3502
2 3499 3503
2 3500 3504
2 3501 3505
2 3502 4490
2 3502 4494
2 3503 4491
2 3503 4495
2 3504 4492
2 3504 4496
2 3505 4493
2 3505 4497
2 3507 3508
2 3507 3613
2 3508 3509
2 3509 3752
2 3509 3753
2 3514 3609
2 3515 3518
2 3515 3610
2 3516 3611
2 3517 3519
2 3517 3612
2 3518 3520
2 3519 3521
2 3520 3717
2 3520 3719
2 3521 3718
2 3521 3720
2 3524 3526
2 3524 3616
2 3525 3527
2 3525 3617
2 3526 3528
2 3527 3529
2 3528 3748
2 3528 3750
2 3529 3749
2 3529 3751
2 3532 3614
2 3533 3534
2 3533 3615
2 3534 3535
2 3535 3731
2 3535 3732
2 3537 3630
2 3537 4471
2 3542 3618
2 3542 4112
2 3543 3619
2 3543 4113
2 3544 3620
2 3544 4114
2 3545 3621
2 3545 4115
2 3548 3639
2 3548 4475
2 3549 3640
2 3549 4476
2 3552 3633
2 3552 4477
2 3553 3634
2 3553 4478
2 3579 4327
2 3579 4329
2 3579 4331
2 3580 4328
2 3580 4330
2 3580 4332
2 3583 4400
2 3583 4402
2 3583 4404
2 3584 4401
2 3584 4403
2 3584 4405
2 3586 4324
2 3586 4325
2 3586 4326
2 3591 4202
2 3591 4206
2 3591 4210
2 3592 4203
2 3592 4207
2 3592 4211
2 3593 4204
2 3593 4208
2 3593 4212
2 3594 4205
2 3594 4209
2 3594 4213
2 3595 4104
2 3596 4105
2 3597 4106
2 3598 4107
2 3599 4108
2 3600 4109
2 3601 4110
2 3602 4111
2 3603 4062
2 3604 4063
2 3605 4000
2 3606 4001
2 3607 3996
2 3608 3997
2 3610 3673
2 3612 3674
2 3613 3665
2 3615 3670
2 3616 3666
2 3617 3667
2 3618 3622
2 3619 3623
2 3620 3624
2 3621 3625
2 3622 3626
2 3623 3627
2 3624 3628
2 3625 3629
2 3626 4270
2 3626 4274
2 3627 4271
2 3627 4275
2 3628 4272
2 3628 4276
2 3629 4273
2 3629 4277
2 3630 3631
2 3631 3632
2 3632 4358
2 3632 4359
2 3633 3635
2 3634 3636
2 3635 3637
2 3636 3638
2 3637 4278
2 3637 4280
2 3638 4279
2 3638 4281
2 3639 3641
2 3640 3642
2 3641 3643
2 3642 3644
2 3643 4354
2 3643 4356
2 3644 4355
2 3644 4357
2 3645 3918
2 3645 3922
2 3645 3926
2 3646 3919
2 3646 3923
2 3646 3927
2 3647 3920
2 3647 3924
2 3647 3928
2 3648 3921
2 3648 3925
2 3648 3929
2 3649 3778
2 3649 3779
2 3649 3780
2 3650 3820
2 3650 3824
2 3650 3828
2 3651 3821
2 3651 3825
2 3651 3829
2 3652 3822
2 3652 3826
2 3652 3830
2 3653 3823
2 3653 3827
2 3653 3831
2 3654 3808
2 3654 3812
2 3654 3816
2 3655 3809
2 3655 3813
2 3655 3817
2 3656 3810
2 3656 3814
2 3656 3818
2 3657 3811
2 3657 3815
2 3657 3819
2 3658 4139
2 3658 4141
2 3658 4143
2 3659 4140
2 3659 4142
2 3659 4144
2 3660 4157
2 3660 4158
2 3660 4159
2 3661 4136
2 3661 4137
2 3661 4138
2 3662 4126
2 3662 4128
2 3662 4130
2 3663 4127
2 3663 4129
2 3663 4131
2 4518 4522
2 4518 4526
2 4518 5226
2 4518 5498
2 4519 4523
2 4519 4527
2 4519 5227
2 4519 5499
2 4520 4524
2 4520 4528
2 4520 5228
2 4521 4525
2 4521 4529
2 4521 5229
2 4522 4596
2 4522 4661
2 4522 5147
2 4523 4597
2 4523 4662
2 4523 5148
2 4524 4598
2 4524 4663
2 4524 5149
2 4525 4599
2 4525 4664
2 4525 5150
2 4526 4530
2 4527 4531
2 4528 4532
2 4529 4533
2 4530 4534
2 4530 5715
2 4531 4535
2 4531 5716
2 4532 4536
2 4532 5717
2 4533 4537
2 4533 5718
2 4534 4538
2 4534 5719
2 4535 4539
2 4535 5720
2 4536 4540
2 4536 5721
2 4537 4541
2 4537 5722
2 4538 6268
2 4538 7220
2 4539 6269
2 4539 7221
2 4540 6270
2 4540 7222
2 4541 6271
2 4541 7223
2 4542 4546
2 4542 4550
2 4542 5474
2 4543 4547
2 4543 4551
2 4543 5475
2 4544 4548
2 4544 4552
2 4544 5212
2 4544 5476
2 4545 4549
2 4545 4553
2 4545 5213
2 4545 5477
2 4546 4636
2 4546 4706
2 4546 5177
2 4547 4637
2 4547 4707
2 4547 5178
2 4548 4638
2 4548 4708
2 4548 5179
2 4549 4639
2 4549 4709
2 4549 5180
2 4550 4554
2 4551 4555
2 4552 4556
2 4553 4557
2 4554 4558
2 4554 5699
2 4555 4559
2 4555 5700
2 4556 4560
2 4556 5701
2 4557 4561
2 4557 5702
2 4558 4562
2 4558 5703
2 4559 4563
2 4559 5704
2 4560 4564
2 4560 5705
2 4561 4565
2 4561 5706
2 4562 7210
2 4563 7211
2 4564 6274
2 4564 7212
2 4565 6275
2 4565 7213
2 4566 4567
2 4566 4568
2 4566 5248
2 4566 5470
2 4567 4656
2 4567 4681
2 4567 5171
2 4568 4569
2 4569 4570
2 4569 5747
2 4570 4571
2 4570 5748
2 4571 6398
2 4571 7246
2 4572 4576
2 4572 4580
2 4572 5490
2 4573 4577
2 4573 4581
2 4573 5201
2 4573 5491
2 4574 4578
2 4574 4582
2 4575 4579
2 4575 4583
2 4575 5202
2 4576 4616
2 4576 4686
2 4576 5123
2 4577 4617
2 4577 4687
2 4577 5124
2 4578 4618
2 4578 4688
2 4578 5125
2 4579 4619
2 4579 4689
2 4579 5126
2 4580 4584
2 4581 4585
2 4582 4586
2 4583 4587
2 4584 4588
2 4584 5731
2 4585 4589
2 4585 5732
2 4586 4590
2 4586 5733
2 4587 4591
2 4587 5734
2 4588 4592
2 4588 5735
2 4589 4593
2 4589 5736
2 4590 4594
2 4590 5737
2 4591 4595
2 4591 5738
2 4592 7236
2 4593 6465
2 4593 7237
2 4594 7238
2 4595 6466
2 4595 7239
2 4596 4600
2 4596 5453
2 4596 5791
2 4597 4601
2 4597 5792
2 4598 4602
2 4598 5454
2 4598 5793
2 4599 4603
2 4599 5794
2 4600 4604
2 4601 4605
2 4602 4606
2 4603 4607
2 4604 4608
2 4604 5151
2 4605 4609
2 4605 5152
2 4606 4610
2 4606 5153
2 4607 4611
2 4607 5154
2 4608 4612
2 4608 5155
2 4609 4613
2 4609 5156
2 4610 4614
2 4610 5157
2 4611 4615
2 4611 5158
2 4612 6126
2 4612 14061
2 4613 14062
2 4614 6127
2 4614 14063
2 4615 14064
2 4616 4620
2 4616 5439
2 4617 4621
2 4617 5440
2 4617 5785
2 4618 4622
2 4618 5441
2 4619 4623
2 4619 5442
2 4619 5786
2 4620 4624
2 4621 4625
2 4622 4626
2 4623 4627
2 4624 4628
2 4624 5127
2 4625 4629
2 4625 5128
2 4626 4630
2 4626 5129
2 4627 4631
2 4627 5130
2 4628 4632
2 4628 5131
2 4629 4633
2 4629 5132
2 4630 4634
2 4630 5133
2 4631 4635
2 4631 5134
2 4632 6076
2 4632 14045
2 4633 6077
2 4633 14046
2 4634 6078
2 4634 14047
2 4635 6079
2 4635 14048
2 4636 4640
2 4636 5463
2 4637 4641
2 4638 4642
2 4638 5464
2 4638 5781
2 4639 4643
2 4639 5782
2 4640 4644
2 4641 4645
2 4642 4646
2 4643 4647
2 4644 4648
2 4644 5181
2 4645 4649
2 4645 5182
2 4646 4650
2 4646 5183
2 4647 4651
2 4647 5184
2 4648 4652
2 4648 5185
2 4649 4653
2 4649 5186
2 4650 4654
2 4650 5187
2 4651 4655
2 4651 5188
2 4652 6032
2 4652 14075
2 4653 14076
2 4654 6033
2 4654 14077
2 4655 14078
2 4656 4657
2 4656 5434
2 4656 5789
2 4657 4658
2 4658 4659
2 4658 5172
2 4659 4660
2 4659 5173
2 4660 6036
2 4660 14071
2 4661 4665
2 4661 5115
2 4661 5767
2 4662 4666
2 4662 5768
2 4663 4667
2 4663 5116
2 4664 4668
2 4665 4669
2 4666 4670
2 4667 4671
2 4668 4672
2 4669 4673
2 4669 5510
2 4670 4674
2 4670 5511
2 4671 4675
2 4671 5512
2 4672 4676
2 4672 5513
2 4673 4677
2 4673 5514
2 4674 4678
2 4674 5515
2 4675 4679
2 4675 5516
2 4676 4680
2 4676 5517
2 4677 6714
2 4678 6715
2 4681 4682
2 4681 5103
2 4681 5763
2 4682 4683
2 4683 4684
2 4683 5506
2 4684 4685
2 4684 5507
2 4685 6718
2 4686 4690
2 4686 5087
2 4686 5773
2 4687 4691
2 4687 5088
2 4687 5774
2 4688 4692
2 4688 5089
2 4689 4693
2 4689 5090
2 4690 4694
2 4691 4695
2 4692 4696
2 4693 4697
2 4694 4698
2 4694 5542
2 4695 4699
2 4695 5543
2 4696 4700
2 4696 5544
2 4697 4701
2 4697 5545
2 4698 4702
2 4698 5546
2 4699 4703
2 4699 5547
2 4700 4704
2 4700 5548
2 4701 4705
2 4701 5549
2 4702 6725
2 4703 6726
2 4706 4710
2 4706 5107
2 4706 5751
2 4707 4711
2 4707 5752
2 4708 4712
2 4708 5108
2 4708 5753
2 4709 4713
2 4709 5754
2 4710 4714
2 4711 4715
2 4712 4716
2 4713 4717
2 4714 4718
2 4714 5526
2 4715 4719
2 4715 5527
2 4716 4720
2 4716 5528
2 4717 4721
2 4717 5529
2 4718 4722
2 4718 5530
2 4719 4723
2 4719 5531
2 4720 4724
2 4720 5532
2 4721 4725
2 4721 5533
2 4722 6721
2 4723 6722
2 4724 6723
2 4725 6724
2 4726 4728
2 4726 4730
2 4726 5310
2 4726 5602
2 4727 4729
2 4727 4731
2 4727 5311
2 4728 4814
2 4728 4888
2 4728 5334
2 4729 4815
2 4729 4889
2 4729 5335
2 4730 4732
2 4731 4733
2 4732 4734
2 4732 5801
2 4733 4735
2 4733 5802
2 4734 4969
2 4734 5840
2 4735 4970
2 4735 5841
2 4736 4737
2 4736 5924
2 4736 5925
2 4736 5926
2 4737 5640
2 4737 5927
2 4737 5928
2 4738 4740
2 4738 4742
2 4738 5596
2 4739 4741
2 4739 4743
2 4739 5298
2 4739 5597
2 4740 4836
2 4740 4954
2 4740 5338
2 4741 4837
2 4741 4955
2 4741 5339
2 4742 4744
2 4743 4745
2 4744 4746
2 4744 5799
2 4745 4747
2 4745 5800
2 4746 4964
2 4746 5842
2 4747 4965
2 4747 5843
2 4748 4750
2 4748 5931
2 4748 5933
2 4748 5935
2 4749 4751
2 4749 5932
2 4749 5934
2 4749 5936
2 4750 5651
2 4751 5652
2 4751 5937
2 4751 5938
2 4752 4760
2 4752 4768
2 4752 5605
2 4753 4761
2 4753 4769
2 4753 5606
2 4754 4762
2 4754 4770
2 4754 5282
2 4754 5607
2 4755 4763
2 4755 4771
2 4755 5283
2 4755 5608
2 4756 4764
2 4756 4772
2 4757 4765
2 4757 4773
2 4758 4766
2 4758 4774
2 4758 5284
2 4759 4767
2 4759 4775
2 4759 5285
2 4760 4848
2 4760 4900
2 4760 5318
2 4761 4849
2 4761 4901
2 4761 5319
2 4762 4850
2 4762 4902
2 4762 5320
2 4763 4851
2 4763 4903
2 4763 5321
2 4764 4852
2 4764 4904
2 4764 5322
2 4765 4853
2 4765 4905
2 4765 5323
2 4766 4854
2 4766 4906
2 4766 5324
2 4767 4855
2 4767 4907
2 4767 5325
2 4768 4776
2 4769 4777
2 4770 4778
2 4771 4779
2 4772 4780
2 4773 4781
2 4774 4782
2 4775 4783
2 4776 4784
2 4776 5805
2 4777 4785
2 4777 5806
2 4778 4786
2 4778 5807
2 4779 4787
2 4779 5808
2 4780 4788
2 4780 5809
2 4781 4789
2 4781 5810
2 4782 4790
2 4782 5811
2 4783 4791
2 4783 5812
2 4784 4977
2 4784 5846
2 4785 4978
2 4785 5847
2 4786 4979
2 4786 5848
2 4787 4980
2 4787 5849
2 4788 4981
2 4788 5850
2 4789 4982
2 4789 5851
2 4790 4983
2 4790 5852
2 4791 4984
2 4791 5853
2 4792 4796
2 4792 6168
2 4792 6172
2 4792 6176
2 4793 4797
2 4793 6169
2 4793 6173
2 4793 6177
2 4794 4798
2 4794 6170
2 4794 6174
2 4794 6178
2 4795 4799
2 4795 6171
2 4795 6175
2 4795 6179
2 4796 5634
2 4797 5635
2 4798 5636
2 4798 6164
2 4798 6166
2 4799 5637
2 4799 6165
2 4799 6167
2 4800 4802
2 4800 4804
2 4800 5302
2 4800 5590
2 4801 4803
2 4801 4805
2 4801 5303
2 4801 5591
2 4802 4826
2 4802 4940
2 4802 5342
2 4803 4827
2 4803 4941
2 4803 5343
2 4804 4806
2 4805 4807
2 4806 4808
2 4806 5803
2 4807 4809
2 4807 5804
2 4808 4997
2 4808 5844
2 4809 4998
2 4809 5845
2 4810 4812
2 4810 6180
2 4810 6182
2 4810 6184
2 4811 4813
2 4811 6181
2 4811 6183
2 4811 6185
2 4812 5645
2 4812 6186
2 4812 6188
2 4813 5646
2 4813 6187
2 4813 6189
2 4814 4816
2 4814 5270
2 4814 5838
2 4815 4817
2 4815 5271
2 4816 4818
2 4817 4819
2 4818 4820
2 4818 5578
2 4819 4821
2 4819 5579
2 4820 5082
2 4820 5663
2 4821 5083
2 4821 5664
2 4822 4824
2 4822 6452
2 4822 6454
2 4822 6456
2 4823 4825
2 4823 6453
2 4823 6455
2 4823 6457
2 4824 5365
2 4824 6450
2 4824 6451
2 4825 5366
2 4826 4828
2 4826 5267
2 4826 5826
2 4827 4829
2 4827 5827
2 4828 4830
2 4829 4831
2 4830 4832
2 4830 5576
2 4831 4833
2 4831 5577
2 4832 5074
2 4832 5665
2 4833 5075
2 4833 5666
2 4834 4835
2 4834 6462
2 4834 6463
2 4834 6464
2 4835 5348
2 4835 6460
2 4835 6461
2 4836 4838
2 4836 5276
2 4836 5822
2 4837 4839
2 4837 5277
2 4837 5823
2 4838 4840
2 4839 4841
2 4840 4842
2 4840 5588
2 4841 4843
2 4841 5589
2 4842 5046
2 4842 5661
2 4843 5047
2 4843 5662
2 4844 4846
2 4844 6343
2 4844 6345
2 4844 6347
2 4845 4847
2 4845 6344
2 4845 6346
2 4845 6348
2 4846 5371
2 4846 6339
2 4846 6341
2 4847 5372
2 4847 6340
2 4847 6342
2 4848 4856
2 4848 5255
2 4848 5830
2 4849 4857
2 4849 5831
2 4850 4858
2 4850 5256
2 4850 5832
2 4851 4859
2 4851 5833
2 4852 4860
2 4852 5257
2 4853 4861
2 4854 4862
2 4854 5258
2 4855 4863
2 4856 4864
2 4857 4865
2 4858 4866
2 4859 4867
2 4860 4868
2 4861 4869
2 4862 4870
2 4863 4871
2 4864 4872
2 4864 5580
2 4865 4873
2 4865 5581
2 4866 4874
2 4866 5582
2 4867 4875
2 4867 5583
2 4868 4876
2 4868 5584
2 4869 4877
2 4869 5585
2 4870 4878
2 4870 5586
2 4871 4879
2 4871 5587
2 4872 5054
2 4872 5653
2 4873 5055
2 4873 5654
2 4874 5056
2 4874 5655
2 4875 5057
2 4875 5656
2 4876 5058
2 4876 5657
2 4877 5059
2 4877 5658
2 4878 5060
2 4878 5659
2 4879 5061
2 4879 5660
2 4880 4884
2 4880 6304
2 4880 6308
2 4880 6312
2 4881 4885
2 4881 6305
2 4881 6309
2 4881 6313
2 4882 4886
2 4882 6306
2 4882 6310
2 4882 6314
2 4883 4887
2 4883 6307
2 4883 6311
2 4883 6315
2 4884 5357
2 4884 6316
2 4884 6318
2 4885 5358
2 4885 6317
2 4885 6319
2 4886 5359
2 4887 5360
2 4888 4890
2 4888 5572
2 4888 5818
2 4889 4891
2 4889 5573
2 4889 5819
2 4890 4892
2 4891 4893
2 4892 4894
2 4892 5336
2 4893 4895
2 4893 5337
2 4894 5018
2 4894 5385
2 4895 5019
2 4895 5386
2 4896 4898
2 4896 6502
2 4896 6504
2 4896 6506
2 4897 4899
2 4897 6503
2 4897 6505
2 4897 6507
2 4898 5867
2 4898 6508
2 4898 6510
2 4899 5868
2 4899 6509
2 4899 6511
2 4900 4908
2 4900 5560
2 4901 4909
2 4902 4910
2 4902 5561
2 4902 5814
2 4903 4911
2 4903 5815
2 4904 4912
2 4904 5562
2 4905 4913
2 4906 4914
2 4906 5563
2 4906 5816
2 4907 4915
2 4907 5817
2 4908 4916
2 4909 4917
2 4910 4918
2 4911 4919
2 4912 4920
2 4913 4921
2 4914 4922
2 4915 4923
2 4916 4924
2 4916 5326
2 4917 4925
2 4917 5327
2 4918 4926
2 4918 5328
2 4919 4927
2 4919 5329
2 4920 4928
2 4920 5330
2 4921 4929
2 4921 5331
2 4922 4930
2 4922 5332
2 4923 4931
2 4923 5333
2 4924 5026
2 4924 5377
2 4925 5027
2 4925 5378
2 4926 5028
2 4926 5379
2 4927 5029
2 4927 5380
2 4928 5030
2 4928 5381
2 4929 5031
2 4929 5382
2 4930 5032
2 4930 5383
2 4931 5033
2 4931 5384
2 4932 4936
2 4932 6528
2 4932 6532
2 4932 6536
2 4933 4937
2 4933 6529
2 4933 6533
2 4933 6537
2 4934 4938
2 4934 6530
2 4934 6534
2 4934 6538
2 4935 4939
2 4935 6531
2 4935 6535
2 4935 6539
2 4936 5883
2 4936 6524
2 4936 6526
2 4937 5884
2 4938 5885
2 4938 6525
2 4938 6527
2 4939 5886
2 4940 4942
2 4940 5558
2 4940 5820
2 4941 4943
2 4941 5821
2 4942 4944
2 4943 4945
2 4944 4946
2 4944 5344
2 4945 4947
2 4945 5345
2 4946 5013
2 4946 5373
2 4947 5014
2 4947 5374
2 4948 4950
2 4949 4951
2 4950 4952
2 4950 6647
2 4950 6649
2 4951 4953
2 4951 6648
2 4951 6650
2 4952 5873
2 4952 6645
2 4952 6646
2 4953 5874
2 4954 4956
2 4954 5568
2 4955 4957
2 4955 5569
2 4955 5813
2 4956 4958
2 4957 4959
2 4958 4960
2 4958 5340
2 4959 4961
2 4959 5341
2 4960 5005
2 4960 5375
2 4961 5006
2 4961 5376
2 4962 4963
2 4962 6634
2 4962 6635
2 4962 6636
2 4963 5889
2 4963 6637
2 4963 6638
2 4964 6784
2 4965 4966
2 4965 6785
2 4966 4967
2 4967 4968
2 4967 6379
2 4967 6380
2 4968 5301
2 4968 6381
2 4968 6382
2 4969 4971
2 4969 6772
2 4970 4972
2 4970 6773
2 4971 4973
2 4972 4974
2 4973 4975
2 4973 6394
2 4973 6396
2 4974 4976
2 4974 6395
2 4974 6397
2 4975 5316
2 4975 6392
2 4975 6393
2 4976 5317
2 4977 6838
2 4978 6839
2 4979 4985
2 4979 6840
2 4980 4986
2 4980 6841
2 4981 6842
2 4982 6843
2 4983 4987
2 4983 6844
2 4984 4988
2 4984 6845
2 4985 4989
2 4986 4990
2 4987 4991
2 4988 4992
2 4989 4993
2 4989 6252
2 4989 6256
2 4990 4994
2 4990 6253
2 4990 6257
2 4991 4995
2 4991 6254
2 4991 6258
2 4992 4996
2 4992 6255
2 4992 6259
2 4993 5294
2 4993 6248
2 4993 6250
2 4994 5295
2 4994 6249
2 4994 6251
2 4995 5296
2 4996 5297
2 4997 4999
2 4997 6796
2 4998 5000
2 4998 6797
2 4999 5001
2 5000 5002
2 5001 5003
2 5001 6222
2 5001 6224
2 5002 5004
2 5002 6223
2 5002 6225
2 5003 5308
2 5003 6226
2 5003 6228
2 5004 5309
2 5004 6227
2 5004 6229
2 5005 5007
2 5005 13656
2 5006 5008
2 5006 13657
2 5007 5009
2 5008 5010
2 5009 5011
2 5009 6000
2 5009 6002
2 5010 5012
2 5010 6001
2 5010 6003
2 5011 5570
2 5012 5571
2 5012 5998
2 5012 5999
2 5013 5015
2 5013 13646
2 5014 13647
2 5015 5016
2 5016 5017
2 5016 5990
2 5016 5991
2 5017 5559
2 5017 5988
2 5017 5989
2 5018 5020
2 5018 13706
2 5019 5021
2 5019 13707
2 5020 5022
2 5021 5023
2 5022 5024
2 5022 6080
2 5022 6082
2 5023 5025
2 5023 6081
2 5023 6083
2 5024 5574
2 5024 6084
2 5024 6086
2 5025 5575
2 5025 6085
2 5025 6087
2 5026 5034
2 5026 13690
2 5027 13691
2 5028 5035
2 5028 13692
2 5029 13693
2 5030 5036
2 5030 13694
2 5031 13695
2 5032 5037
2 5032 13696
2 5033 13697
2 5034 5038
2 5035 5039
2 5036 5040
2 5037 5041
2 5038 5042
2 5038 6110
2 5038 6114
2 5039 5043
2 5039 6111
2 5039 6115
2 5040 5044
2 5040 6112
2 5040 6116
2 5041 5045
2 5041 6113
2 5041 6117
2 5042 5564
2 5043 5565
2 5043 6106
2 5043 6108
2 5044 5566
2 5045 5567
2 5045 6107
2 5045 6109
2 5046 5048
2 5047 5049
2 5048 5050
2 5049 5051
2 5050 5052
2 5050 6602
2 5050 6604
2 5051 5053
2 5051 6603
2 5051 6605
2 5052 5824
2 5052 6598
2 5052 6600
2 5053 5825
2 5053 6599
2 5053 6601
2 5054 5062
2 5055 5063
2 5056 5064
2 5057 5065
2 5062 5066
2 5063 5067
2 5064 5068
2 5065 5069
2 5066 5070
2 5066 6568
2 5066 6572
2 5067 5071
2 5067 6569
2 5067 6573
2 5068 5072
2 5068 6570
2 5068 6574
2 5069 5073
2 5069 6571
2 5069 6575
2 5070 5834
2 5070 6576
2 5070 6578
2 5071 5835
2 5072 5836
2 5072 6577
2 5072 6579
2 5073 5837
2 5074 5076
2 5075 5077
2 5076 5078
2 5077 5079
2 5078 5080
2 5078 6658
2 5078 6660
2 5079 5081
2 5079 6659
2 5079 6661
2 5080 5828
2 5080 6662
2 5080 6663
2 5081 5829
2 5082 5084
2 5084 5085
2 5085 5086
2 5085 6472
2 5085 6473
2 5086 5839
2 5086 6470
2 5086 6471
2 5087 5091
2 5088 5092
2 5089 5093
2 5090 5094
2 5091 5095
2 5091 5439
2 5092 5096
2 5092 5440
2 5093 5097
2 5093 5441
2 5094 5098
2 5094 5442
2 5095 5099
2 5095 5443
2 5096 5100
2 5096 5444
2 5097 5101
2 5097 5445
2 5098 5102
2 5098 5446
2 5099 5349
2 5099 6328
2 5100 5350
2 5100 6329
2 5101 5351
2 5101 6330
2 5102 5352
2 5102 6331
2 5103 5104
2 5104 5105
2 5104 5434
2 5105 5106
2 5105 5435
2 5106 5346
2 5106 6748
2 5107 5109
2 5108 5110
2 5109 5111
2 5109 5463
2 5110 5112
2 5110 5464
2 5111 5113
2 5111 5465
2 5112 5114
2 5112 5466
2 5113 5367
2 5113 6749
2 5114 5368
2 5114 6750
2 5115 5117
2 5116 5118
2 5117 5119
2 5117 5453
2 5118 5120
2 5118 5454
2 5119 5121
2 5119 5455
2 5120 5122
2 5120 5456
2 5121 5361
2 5121 6753
2 5122 5362
2 5122 6754
2 5123 5127
2 5123 5542
2 5123 5731
2 5124 5128
2 5124 5543
2 5124 5732
2 5125 5129
2 5125 5544
2 5125 5733
2 5126 5130
2 5126 5545
2 5126 5734
2 5131 5135
2 5131 14419
2 5132 5136
2 5132 14420
2 5133 5137
2 5133 14421
2 5134 5138
2 5134 14422
2 5135 5139
2 5136 5140
2 5137 5141
2 5138 5142
2 5139 5143
2 5139 6066
2 5139 6070
2 5140 5144
2 5140 6067
2 5140 6071
2 5141 5145
2 5141 6068
2 5141 6072
2 5142 5146
2 5142 6069
2 5142 6073
2 5143 5898
2 5143 6058
2 5143 6062
2 5144 5899
2 5144 6059
2 5144 6063
2 5145 5900
2 5145 6060
2 5145 6064
2 5146 5901
2 5146 6061
2 5146 6065
2 5147 5151
2 5147 5510
2 5147 5715
2 5148 5152
2 5148 5511
2 5148 5716
2 5149 5153
2 5149 5512
2 5149 5717
2 5150 5154
2 5150 5513
2 5150 5718
2 5155 5159
2 5155 14415
2 5156 5160
2 5156 14416
2 5157 5161
2 5157 14417
2 5158 5162
2 5158 14418
2 5159 5163
2 5160 5164
2 5161 5165
2 5162 5166
2 5163 5167
2 5163 6128
2 5163 6132
2 5164 5168
2 5164 6129
2 5164 6133
2 5165 5169
2 5165 6130
2 5165 6134
2 5166 5170
2 5166 6131
2 5166 6135
2 5167 5890
2 5167 6136
2 5167 6140
2 5168 5891
2 5168 6137
2 5168 6141
2 5169 5892
2 5169 6138
2 5169 6142
2 5170 5893
2 5170 6139
2 5170 6143
2 5171 5172
2 5171 5506
2 5171 5747
2 5173 5174
2 5173 14427
2 5174 5175
2 5175 5176
2 5175 6039
2 5175 6040
2 5176 5902
2 5176 6041
2 5176 6042
2 5177 5181
2 5177 5526
2 5177 5699
2 5178 5182
2 5178 5527
2 5178 5700
2 5179 5183
2 5179 5528
2 5179 5701
2 5180 5184
2 5180 5529
2 5180 5702
2 5185 5189
2 5185 14423
2 5186 5190
2 5186 14424
2 5187 5191
2 5187 14425
2 5188 5192
2 5188 14426
2 5189 5193
2 5190 5194
2 5191 5195
2 5192 5196
2 5193 5197
2 5193 6024
2 5193 6028
2 5194 5198
2 5194 6025
2 5194 6029
2 5195 5199
2 5195 6026
2 5195 6030
2 5196 5200
2 5196 6027
2 5196 6031
2 5197 5894
2 5197 6016
2 5197 6020
2 5198 5895
2 5198 6017
2 5198 6021
2 5199 5896
2 5199 6018
2 5199 6022
2 5200 5897
2 5200 6019
2 5200 6023
2 5201 5203
2 5202 5204
2 5203 5205
2 5203 5785
2 5204 5206
2 5204 5786
2 5205 5207
2 5205 5787
2 5206 5208
2 5206 5788
2 5207 5209
2 5207 5389
2 5208 5390
2 5209 5210
2 5210 5211
2 5210 6696
2 5210 6697
2 5211 5693
2 5211 6694
2 5211 6695
2 5212 5214
2 5213 5215
2 5214 5216
2 5214 5781
2 5215 5217
2 5215 5782
2 5216 5218
2 5216 5783
2 5217 5219
2 5217 5784
2 5218 5220
2 5218 5387
2 5219 5221
2 5219 5388
2 5220 5222
2 5221 5223
2 5222 5224
2 5222 6677
2 5222 6679
2 5223 5225
2 5223 6678
2 5223 6680
2 5224 5696
2 5224 6681
2 5224 6683
2 5225 5697
2 5225 6682
2 5225 6684
2 5226 5230
2 5227 5231
2 5228 5232
2 5229 5233
2 5230 5234
2 5230 5791
2 5231 5235
2 5231 5792
2 5232 5236
2 5232 5793
2 5233 5237
2 5233 5794
2 5234 5238
2 5234 5795
2 5235 5239
2 5235 5796
2 5236 5240
2 5236 5797
2 5237 5241
2 5237 5798
2 5238 5242
2 5238 5392
2 5239 5243
2 5239 5393
2 5240 5394
2 5241 5395
2 5242 5244
2 5243 5245
2 5244 5246
2 5244 6698
2 5244 6700
2 5245 5247
2 5245 6699
2 5245 6701
2 5246 5694
2 5246 6702
2 5246 6704
2 5247 5695
2 5247 6703
2 5247 6705
2 5248 5249
2 5249 5250
2 5249 5789
2 5250 5251
2 5250 5790
2 5251 5252
2 5251 5391
2 5252 5253
2 5253 5254
2 5253 6675
2 5253 6676
2 5254 5698
2 5254 6673
2 5254 6674
2 5255 5259
2 5256 5260
2 5257 5261
2 5258 5262
2 5259 5263
2 5259 5560
2 5260 5264
2 5260 5561
2 5261 5265
2 5261 5562
2 5262 5266
2 5262 5563
2 5263 5349
2 5263 5617
2 5264 5350
2 5264 5618
2 5265 5351
2 5265 5619
2 5266 5352
2 5266 5620
2 5267 5268
2 5268 5269
2 5268 5558
2 5269 5346
2 5269 5621
2 5270 5272
2 5271 5273
2 5272 5274
2 5272 5572
2 5273 5275
2 5273 5573
2 5274 5361
2 5274 5624
2 5275 5362
2 5275 5625
2 5276 5278
2 5277 5279
2 5278 5280
2 5278 5568
2 5279 5281
2 5279 5569
2 5280 5367
2 5280 5622
2 5281 5368
2 5281 5623
2 5282 5286
2 5283 5287
2 5284 5288
2 5285 5289
2 5286 5290
2 5286 5814
2 5287 5291
2 5287 5815
2 5288 5292
2 5288 5816
2 5289 5293
2 5289 5817
2 5290 5392
2 5290 5875
2 5291 5393
2 5291 5876
2 5292 5394
2 5292 5877
2 5293 5395
2 5293 5878
2 5294 6236
2 5294 6240
2 5294 6244
2 5295 6237
2 5295 6241
2 5295 6245
2 5296 6238
2 5296 6242
2 5296 6246
2 5297 6239
2 5297 6243
2 5297 6247
2 5298 5299
2 5299 5300
2 5299 5813
2 5300 5391
2 5300 5887
2 5301 6383
2 5301 6384
2 5301 6385
2 5302 5304
2 5303 5305
2 5304 5306
2 5304 5820
2 5305 5307
2 5305 5821
2 5306 5387
2 5306 5869
2 5307 5388
2 5307 5870
2 5308 6230
2 5308 6232
2 5308 6234
2 5309 6231
2 5309 6233
2 5309 6235
2 5310 5312
2 5311 5313
2 5312 5314
2 5312 5818
2 5313 5315
2 5313 5819
2 5314 5389
2 5314 5863
2 5315 5390
2 5315 5864
2 5316 6386
2 5316 6388
2 5316 6390
2 5317 6387
2 5317 6389
2 5317 6391
2 5318 5326
2 5318 5580
2 5318 5805
2 5319 5327
2 5319 5581
2 5319 5806
2 5320 5328
2 5320 5582
2 5320 5807
2 5321 5329
2 5321 5583
2 5321 5808
2 5322 5330
2 5322 5584
2 5322 5809
2 5323 5331
2 5323 5585
2 5323 5810
2 5324 5332
2 5324 5586
2 5324 5811
2 5325 5333
2 5325 5587
2 5325 5812
2 5334 5336
2 5334 5578
2 5334 5801
2 5335 5337
2 5335 5579
2 5335 5802
2 5338 5340
2 5338 5588
2 5338 5799
2 5339 5341
2 5339 5589
2 5339 5800
2 5342 5344
2 5342 5576
2 5342 5803
2 5343 5345
2 5343 5577
2 5343 5804
2 5346 5347
2 5347 5348
2 5348 6458
2 5348 6459
2 5349 5353
2 5350 5354
2 5351 5355
2 5352 5356
2 5353 5357
2 5354 5358
2 5355 5359
2 5356 5360
2 5357 6320
2 5357 6324
2 5358 6321
2 5358 6325
2 5359 6322
2 5359 6326
2 5360 6323
2 5360 6327
2 5361 5363
2 5362 5364
2 5363 5365
2 5364 5366
2 5365 6446
2 5365 6448
2 5366 6447
2 5366 6449
2 5367 5369
2 5368 5370
2 5369 5371
2 5370 5372
2 5371 6335
2 5371 6337
2 5372 6336
2 5372 6338
2 5373 6034
2 5373 14177
2 5374 6035
2 5374 14178
2 5375 6037
2 5375 14165
2 5376 6038
2 5376 14166
2 5377 6118
2 5377 14213
2 5378 6119
2 5378 14214
2 5379 6120
2 5379 14215
2 5380 6121
2 5380 14216
2 5381 6122
2 5381 14217
2 5382 6123
2 5382 14218
2 5383 6124
2 5383 14219
2 5384 6125
2 5384 14220
2 5385 6074
2 5385 14189
2 5386 6075
2 5386 14190
2 5387 6737
2 5388 6738
2 5389 6403
2 5391 6739
2 5392 6745
2 5393 6746
2 5396 5397
2 5396 5947
2 5396 5948
2 5396 5949
2 5397 5766
2 5397 5945
2 5397 5946
2 5398 5400
2 5398 5958
2 5398 5960
2 5398 5962
2 5399 5401
2 5399 5959
2 5399 5961
2 5399 5963
2 5400 5779
2 5400 5954
2 5400 5956
2 5401 5780
2 5401 5955
2 5401 5957
2 5402 5404
2 5402 5979
2 5402 5981
2 5402 5983
2 5403 5405
2 5403 5980
2 5403 5982
2 5403 5984
2 5404 5761
2 5404 5975
2 5404 5977
2 5405 5762
2 5405 5976
2 5405 5978
2 5406 5407
2 5406 5964
2 5406 5965
2 5406 5966
2 5407 5772
2 5407 5967
2 5407 5968
2 5408 5409
2 5408 6651
2 5408 6652
2 5408 6653
2 5409 5509
2 5409 6654
2 5409 6655
2 5410 5414
2 5410 6622
2 5410 6626
2 5410 6630
2 5411 5415
2 5411 6623
2 5411 6627
2 5411 6631
2 5412 5416
2 5412 6624
2 5412 6628
2 5412 6632
2 5413 5417
2 5413 6625
2 5413 6629
2 5413 6633
2 5414 5538
2 5414 6614
2 5414 6618
2 5415 5539
2 5415 6615
2 5415 6619
2 5416 5540
2 5416 6616
2 5416 6620
2 5417 5541
2 5417 6617
2 5417 6621
2 5418 5422
2 5418 6490
2 5418 6494
2 5418 6498
2 5419 5423
2 5419 6491
2 5419 6495
2 5419 6499
2 5420 5424
2 5420 6492
2 5420 6496
2 5420 6500
2 5421 5425
2 5421 6493
2 5421 6497
2 5421 6501
2 5422 5522
2 5422 6482
2 5422 6486
2 5423 5523
2 5423 6483
2 5423 6487
2 5424 5524
2 5424 6484
2 5424 6488
2 5425 5525
2 5425 6485
2 5425 6489
2 5426 5430
2 5426 6540
2 5426 6544
2 5426 6548
2 5427 5431
2 5427 6541
2 5427 6545
2 5427 6549
2 5428 5432
2 5428 6542
2 5428 6546
2 5428 6550
2 5429 5433
2 5429 6543
2 5429 6547
2 5429 6551
2 5430 5554
2 5430 6552
2 5430 6556
2 5431 5555
2 5431 6553
2 5431 6557
2 5432 5556
2 5432 6554
2 5432 6558
2 5433 5557
2 5433 6555
2 5433 6559
2 5435 5436
2 5435 5621
2 5436 5437
2 5437 5438
2 5437 6439
2 5437 6440
2 5438 5905
2 5438 6441
2 5438 6442
2 5443 5617
2 5444 5447
2 5444 5618
2 5445 5619
2 5446 5448
2 5446 5620
2 5447 5449
2 5448 5450
2 5449 5451
2 5449 6404
2 5449 6406
2 5450 5452
2 5450 6405
2 5450 6407
2 5451 5907
2 5451 6408
2 5451 6410
2 5452 5908
2 5452 6409
2 5452 6411
2 5455 5457
2 5455 5624
2 5456 5458
2 5456 5625
2 5457 5459
2 5458 5460
2 5459 5461
2 5459 6435
2 5459 6437
2 5460 5462
2 5460 6436
2 5460 6438
2 5461 5903
2 5461 6431
2 5461 6433
2 5462 5904
2 5462 6432
2 5462 6434
2 5465 5622
2 5466 5467
2 5466 5623
2 5467 5468
2 5468 5469
2 5468 6418
2 5468 6419
2 5469 5906
2 5469 6420
2 5469 6421
2 5470 5471
2 5471 5472
2 5471 5763
2 5472 5473
2 5472 5764
2 5473 5638
2 5473 5923
2 5474 5478
2 5475 5479
2 5476 5480
2 5477 5481
2 5478 5482
2 5478 5751
2 5479 5483
2 5479 5752
2 5480 5484
2 5480 5753
2 5481 5485
2 5481 5754
2 5482 5486
2 5482 5755
2 5483 5487
2 5483 5756
2 5484 5488
2 5484 5757
2 5485 5489
2 5485 5758
2 5486 5626
2 5486 5909
2 5487 5627
2 5487 5910
2 5488 5628
2 5488 5911
2 5489 5629
2 5489 5912
2 5490 5492
2 5491 5493
2 5492 5494
2 5492 5773
2 5493 5495
2 5493 5774
2 5494 5496
2 5494 5775
2 5495 5497
2 5495 5776
2 5496 5647
2 5496 5920
2 5497 5648
2 5497 5921
2 5498 5500
2 5499 5501
2 5500 5502
2 5500 5767
2 5501 5503
2 5501 5768
2 5502 5504
2 5502 5769
2 5503 5505
2 5503 5770
2 5504 5641
2 5504 5916
2 5505 5642
2 5505 5917
2 5507 5508
2 5508 5509
2 5509 6656
2 5509 6657
2 5514 5518
2 5515 5519
2 5516 5520
2 5517 5521
2 5518 5522
2 5519 5523
2 5520 5524
2 5521 5525
2 5522 6474
2 5522 6478
2 5523 6475
2 5523 6479
2 5524 6476
2 5524 6480
2 5525 6477
2 5525 6481
2 5530 5534
2 5531 5535
2 5532 5536
2 5533 5537
2 5534 5538
2 5535 5539
2 5536 5540
2 5537 5541
2 5538 6606
2 5538 6610
2 5539 6607
2 5539 6611
2 5540 6608
2 5540 6612
2 5541 6609
2 5541 6613
2 5546 5550
2 5547 5551
2 5548 5552
2 5549 5553
2 5550 5554
2 5551 5555
2 5552 5556
2 5553 5557
2 5554 6560
2 5554 6564
2 5555 6561
2 5555 6565
2 5556 6562
2 5556 6566
2 5557 6563
2 5557 6567
2 5559 5985
2 5559 5986
2 5559 5987
2 5564 6094
2 5564 6098
2 5564 6102
2 5565 6095
2 5565 6099
2 5565 6103
2 5566 6096
2 5566 6100
2 5566 6104
2 5567 6097
2 5567 6101
2 5567 6105
2 5570 5992
2 5570 5994
2 5570 5996
2 5571 5993
2 5571 5995
2 5571 5997
2 5574 6088
2 5574 6090
2 5574 6092
2 5575 6089
2 5575 6091
2 5575 6093
2 5590 5592
2 5591 5593
2 5592 5594
2 5592 5826
2 5593 5595
2 5593 5827
2 5594 5641
2 5594 5861
2 5595 5642
2 5595 5862
2 5596 5598
2 5597 5599
2 5598 5600
2 5598 5822
2 5599 5601
2 5599 5823
2 5600 5647
2 5600 5859
2 5601 5648
2 5601 5860
2 5602 5603
2 5603 5604
2 5603 5838
2 5604 5638
2 5604 5854
2 5605 5609
2 5606 5610
2 5607 5611
2 5608 5612
2 5609 5613
2 5609 5830
2 5610 5614
2 5610 5831
2 5611 5615
2 5611 5832
2 5612 5616
2 5612 5833
2 5613 5626
2 5613 5855
2 5614 5627
2 5614 5856
2 5615 5628
2 5615 5857
2 5616 5629
2 5616 5858
2 5618 6333
2 5620 6334
2 5621 6747
2 5623 6332
2 5624 6751
2 5625 6752
2 5626 5630
2 5627 5631
2 5628 5632
2 5629 5633
2 5630 5634
2 5631 5635
2 5632 5636
2 5633 5637
2 5634 6156
2 5634 6160
2 5635 6157
2 5635 6161
2 5636 6158
2 5636 6162
2 5637 6159
2 5637 6163
2 5638 5639
2 5639 5640
2 5640 5929
2 5640 5930
2 5641 5643
2 5642 5644
2 5643 5645
2 5644 5646
2 5645 6190
2 5645 6192
2 5646 6191
2 5646 6193
2 5647 5649
2 5648 5650
2 5649 5651
2 5650 5652
2 5651 5939
2 5651 5941
2 5652 5940
2 5652 5942
2 5653 6727
2 5654 6728
2 5655 6729
2 5656 6730
2 5657 6731
2 5658 6732
2 5659 6733
2 5660 6734
2 5661 6719
2 5662 6720
2 5663 6712
2 5664 6713
2 5665 6716
2 5666 6717
2 5667 5671
2 5667 6349
2 5667 6353
2 5667 6357
2 5668 5672
2 5668 6350
2 5668 6354
2 5668 6358
2 5669 5673
2 5669 6351
2 5669 6355
2 5669 6359
2 5670 5674
2 5670 6352
2 5670 6356
2 5670 6360
2 5671 5743
2 5671 6361
2 5671 6365
2 5672 5744
2 5672 6362
2 5672 6366
2 5673 5745
2 5673 6363
2 5673 6367
2 5674 5746
2 5674 6364
2 5674 6368
2 5675 5679
2 5675 6292
2 5675 6296
2 5675 6300
2 5676 5680
2 5676 6293
2 5676 6297
2 5676 6301
2 5677 5681
2 5677 6294
2 5677 6298
2 5677 6302
2 5678 5682
2 5678 6295
2 5678 6299
2 5678 6303
2 5679 5711
2 5679 6284
2 5679 6288
2 5680 5712
2 5680 6285
2 5680 6289
2 5681 5713
2 5681 6286
2 5681 6290
2 5682 5714
2 5682 6287
2 5682 6291
2 5683 5684
2 5683 6759
2 5683 6760
2 5683 6761
2 5684 5750
2 5684 6757
2 5684 6758
2 5685 5689
2 5685 6194
2 5685 6198
2 5685 6202
2 5686 5690
2 5686 6195
2 5686 6199
2 5686 6203
2 5687 5691
2 5687 6196
2 5687 6200
2 5687 6204
2 5688 5692
2 5688 6197
2 5688 6201
2 5688 6205
2 5689 5727
2 5689 6206
2 5689 6210
2 5690 5728
2 5690 6207
2 5690 6211
2 5691 5729
2 5691 6208
2 5691 6212
2 5692 5730
2 5692 6209
2 5692 6213
2 5693 6691
2 5693 6692
2 5693 6693
2 5694 6706
2 5694 6708
2 5694 6710
2 5695 6707
2 5695 6709
2 5695 6711
2 5696 6685
2 5696 6687
2 5696 6689
2 5697 6686
2 5697 6688
2 5697 6690
2 5698 6670
2 5698 6671
2 5698 6672
2 5703 5707
2 5703 8099
2 5704 5708
2 5704 8100
2 5705 5709
2 5705 8101
2 5706 5710
2 5706 8102
2 5707 5711
2 5708 5712
2 5709 5713
2 5710 5714
2 5711 6276
2 5711 6280
2 5712 6277
2 5712 6281
2 5713 6278
2 5713 6282
2 5714 6279
2 5714 6283
2 5719 5723
2 5719 8095
2 5720 5724
2 5720 8096
2 5721 5725
2 5721 8097
2 5722 5726
2 5722 8098
2 5723 5727
2 5724 5728
2 5725 5729
2 5726 5730
2 5727 6214
2 5727 6218
2 5728 6215
2 5728 6219
2 5729 6216
2 5729 6220
2 5730 6217
2 5730 6221
2 5735 5739
2 5735 8104
2 5736 5740
2 5736 8105
2 5737 5741
2 5737 8106
2 5738 5742
2 5738 8107
2 5739 5743
2 5740 5744
2 5741 5745
2 5742 5746
2 5743 6369
2 5743 6373
2 5744 6370
2 5744 6374
2 5745 6371
2 5745 6375
2 5746 6372
2 5746 6376
2 5748 5749
2 5748 8103
2 5749 5750
2 5750 6755
2 5750 6756
2 5755 5759
2 5755 5855
2 5756 5856
2 5757 5760
2 5757 5857
2 5758 5858
2 5759 5761
2 5760 5762
2 5761 5971
2 5761 5973
2 5762 5972
2 5762 5974
2 5764 5765
2 5764 5854
2 5765 5766
2 5766 5943
2 5766 5944
2 5769 5771
2 5769 5861
2 5770 5862
2 5771 5772
2 5772 5969
2 5772 5970
2 5775 5777
2 5775 5859
2 5776 5778
2 5776 5860
2 5777 5779
2 5778 5780
2 5779 5950
2 5779 5952
2 5780 5951
2 5780 5953
2 5783 5869
2 5783 6735
2 5784 5870
2 5784 6736
2 5787 5863
2 5787 6401
2 5788 5864
2 5788 6402
2 5790 5887
2 5790 6740
2 5795 5875
2 5795 6741
2 5796 5876
2 5796 6742
2 5797 5877
2 5797 6743
2 5798 5878
2 5798 6744
2 5824 6592
2 5824 6594
2 5824 6596
2 5825 6593
2 5825 6595
2 5825 6597
2 5828 6664
2 5828 6666
2 5828 6668
2 5829 6665
2 5829 6667
2 5829 6669
2 5834 6580
2 5834 6584
2 5834 6588
2 5835 6581
2 5835 6585
2 5835 6589
2 5836 6582
2 5836 6586
2 5836 6590
2 5837 6583
2 5837 6587
2 5837 6591
2 5839 6467
2 5839 6468
2 5839 6469
2 5840 6399
2 5840 7961
2 5841 6400
2 5841 7962
2 5842 6377
2 5842 7953
2 5843 6378
2 5843 7954
2 5844 6272
2 5844 8001
2 5845 6273
2 5845 8002
2 5846 6260
2 5846 7975
2 5847 6261
2 5847 7976
2 5848 6262
2 5848 7977
2 5849 6263
2 5849 7978
2 5850 6264
2 5850 7979
2 5851 6265
2 5851 7980
2 5852 6266
2 5852 7981
2 5853 6267
2 5853 7982
2 5854 5922
2 5855 5913
2 5857 5914
2 5859 5918
2 5860 5919
2 5861 5915
2 5863 5865
2 5864 5866
2 5865 5867
2 5866 5868
2 5867 6512
2 5867 6514
2 5868 6513
2 5868 6515
2 5869 5871
2 5870 5872
2 5871 5873
2 5872 5874
2 5873 6641
2 5873 6643
2 5874 6642
2 5874 6644
2 5875 5879
2 5876 5880
2 5877 5881
2 5878 5882
2 5879 5883
2 5880 5884
2 5881 5885
2 5882 5886
2 5883 6516
2 5883 6520
2 5884 6517
2 5884 6521
2 5885 6518
2 5885 6522
2 5886 6519
2 5886 6523
2 5887 5888
2 5888 5889
2 5889 6639
2 5889 6640
2 5890 6144
2 5890 6148
2 5890 6152
2 5891 6145
2 5891 6149
2 5891 6153
2 5892 6146
2 5892 6150
2 5892 6154
2 5893 6147
2 5893 6151
2 5893 6155
2 5894 6004
2 5894 6008
2 5894 6012
2 5895 6005
2 5895 6009
2 5895 6013
2 5896 6006
2 5896 6010
2 5896 6014
2 5897 6007
2 5897 6011
2 5897 6015
2 5898 6046
2 5898 6050
2 5898 6054
2 5899 6047
2 5899 6051
2 5899 6055
2 5900 6048
2 5900 6052
2 5900 6056
2 5901 6049
2 5901 6053
2 5901 6057
2 5902 6043
2 5902 6044
2 5902 6045
2 5903 6425
2 5903 6427
2 5903 6429
2 5904 6426
2 5904 6428
2 5904 6430
2 5905 6443
2 5905 6444
2 5905 6445
2 5906 6422
2 5906 6423
2 5906 6424
2 5907 6412
2 5907 6414
2 5907 6416
2 5908 6413
2 5908 6415
2 5908 6417
2 6762 6764
2 6762 6766
2 6762 7479
2 6762 7750
2 6763 6765
2 6763 6767
2 6763 7480
2 6764 6846
2 6764 6916
2 6764 7414
2 6765 6847
2 6765 6917
2 6765 7415
2 6766 6768
2 6767 6769
2 6768 6770
2 6768 7959
2 6769 6771
2 6769 7960
2 6770 6772
2 6770 7961
2 6771 6773
2 6771 7962
2 6772 8492
2 6773 8493
2 6774 6776
2 6774 6778
2 6774 7726
2 6775 6777
2 6775 6779
2 6775 7472
2 6775 7727
2 6776 6896
2 6776 6976
2 6776 7438
2 6777 6897
2 6777 6977
2 6777 7439
2 6778 6780
2 6779 6781
2 6780 6782
2 6780 7951
2 6781 6783
2 6781 7952
2 6782 6784
2 6782 7953
2 6783 6785
2 6783 7954
2 6785 8495
2 6786 6788
2 6786 6790
2 6786 7490
2 6786 7718
2 6787 6789
2 6787 6791
2 6787 7491
2 6787 7719
2 6788 6906
2 6788 6926
2 6788 7426
2 6789 6907
2 6789 6927
2 6789 7427
2 6790 6792
2 6791 6793
2 6792 6794
2 6792 7999
2 6793 6795
2 6793 8000
2 6794 6796
2 6794 8001
2 6795 6797
2 6795 8002
2 6796 8653
2 6797 8654
2 6798 6806
2 6798 6814
2 6798 7734
2 6799 6807
2 6799 6815
2 6799 7735
2 6800 6808
2 6800 6816
2 6800 7450
2 6800 7736
2 6801 6809
2 6801 6817
2 6801 7451
2 6801 7737
2 6802 6810
2 6802 6818
2 6803 6811
2 6803 6819
2 6804 6812
2 6804 6820
2 6804 7452
2 6805 6813
2 6805 6821
2 6805 7453
2 6806 6856
2 6806 6936
2 6806 7366
2 6807 6857
2 6807 6937
2 6807 7367
2 6808 6858
2 6808 6938
2 6808 7368
2 6809 6859
2 6809 6939
2 6809 7369
2 6810 6860
2 6810 6940
2 6810 7370
2 6811 6861
2 6811 6941
2 6811 7371
2 6812 6862
2 6812 6942
2 6812 7372
2 6813 6863
2 6813 6943
2 6813 7373
2 6814 6822
2 6815 6823
2 6816 6824
2 6817 6825
2 6818 6826
2 6819 6827
2 6820 6828
2 6821 6829
2 6822 6830
2 6822 7967
2 6823 6831
2 6823 7968
2 6824 6832
2 6824 7969
2 6825 6833
2 6825 7970
2 6826 6834
2 6826 7971
2 6827 6835
2 6827 7972
2 6828 6836
2 6828 7973
2 6829 6837
2 6829 7974
2 6830 6838
2 6830 7975
2 6831 6839
2 6831 7976
2 6832 6840
2 6832 7977
2 6833 6841
2 6833 7978
2 6834 6842
2 6834 7979
2 6835 6843
2 6835 7980
2 6836 6844
2 6836 7981
2 6837 6845
2 6837 7982
2 6840 8726
2 6841 8727
2 6844 8728
2 6845 8729
2 6846 6848
2 6846 7701
2 6846 8051
2 6847 6849
2 6847 7702
2 6847 8052
2 6848 6850
2 6849 6851
2 6850 6852
2 6850 7416
2 6851 6853
2 6851 7417
2 6852 6854
2 6852 7418
2 6853 6855
2 6853 7419
2 6854 8420
2 6854 16335
2 6855 8421
2 6855 16336
2 6856 6864
2 6857 6865
2 6857 7687
2 6858 6866
2 6858 8039
2 6859 6867
2 6859 7688
2 6859 8040
2 6860 6868
2 6861 6869
2 6861 7689
2 6862 6870
2 6862 8041
2 6863 6871
2 6863 7690
2 6863 8042
2 6864 6872
2 6865 6873
2 6866 6874
2 6867 6875
2 6868 6876
2 6869 6877
2 6870 6878
2 6871 6879
2 6872 6880
2 6872 7374
2 6873 6881
2 6873 7375
2 6874 6882
2 6874 7376
2 6875 6883
2 6875 7377
2 6876 6884
2 6876 7378
2 6877 6885
2 6877 7379
2 6878 6886
2 6878 7380
2 6879 6887
2 6879 7381
2 6880 6888
2 6880 7382
2 6881 6889
2 6881 7383
2 6882 6890
2 6882 7384
2 6883 6891
2 6883 7385
2 6884 6892
2 6884 7386
2 6885 6893
2 6885 7387
2 6886 6894
2 6886 7388
2 6887 6895
2 6887 7389
2 6888 16315
2 6889 8374
2 6889 16316
2 6890 16317
2 6891 8375
2 6891 16318
2 6892 16319
2 6893 8376
2 6893 16320
2 6894 16321
2 6895 8377
2 6895 16322
2 6896 6898
2 6896 7711
2 6897 6899
2 6897 7712
2 6897 8037
2 6898 6900
2 6899 6901
2 6900 6902
2 6900 7440
2 6901 6903
2 6901 7441
2 6902 6904
2 6902 7442
2 6903 6905
2 6903 7443
2 6904 8292
2 6904 16348
2 6905 8293
2 6905 16349
2 6906 6908
2 6906 8047
2 6907 6909
2 6907 7682
2 6907 8048
2 6908 6910
2 6909 6911
2 6910 6912
2 6910 7428
2 6911 6913
2 6911 7429
2 6912 6914
2 6912 7430
2 6913 6915
2 6913 7431
2 6914 16343
2 6915 8295
2 6915 16344
2 6916 6918
2 6916 7358
2 6916 8021
2 6917 6919
2 6917 7359
2 6918 6920
2 6919 6921
2 6920 6922
2 6920 7762
2 6921 6923
2 6921 7763
2 6922 6924
2 6922 7764
2 6923 6925
2 6923 7765
2 6924 8987
2 6926 6928
2 6926 8015
2 6927 6929
2 6927 7346
2 6927 8016
2 6928 6930
2 6929 6931
2 6930 6932
2 6930 7754
2 6931 6933
2 6931 7755
2 6932 6934
2 6932 7756
2 6933 6935
2 6933 7757
2 6934 8989
2 6935 8990
2 6936 6944
2 6936 8025
2 6937 6945
2 6937 7330
2 6937 8026
2 6938 6946
2 6938 8027
2 6939 6947
2 6939 7331
2 6939 8028
2 6940 6948
2 6941 6949
2 6941 7332
2 6942 6950
2 6943 6951
2 6943 7333
2 6944 6952
2 6945 6953
2 6946 6954
2 6947 6955
2 6948 6956
2 6949 6957
2 6950 6958
2 6951 6959
2 6952 6960
2 6952 7778
2 6953 6961
2 6953 7779
2 6954 6962
2 6954 7780
2 6955 6963
2 6955 7781
2 6956 6964
2 6956 7782
2 6957 6965
2 6957 7783
2 6958 6966
2 6958 7784
2 6959 6967
2 6959 7785
2 6960 6968
2 6960 7786
2 6961 6969
2 6961 7787
2 6962 6970
2 6962 7788
2 6963 6971
2 6963 7789
2 6964 6972
2 6964 7790
2 6965 6973
2 6965 7791
2 6966 6974
2 6966 7792
2 6967 6975
2 6967 7793
2 6968 8997
2 6969 8998
2 6970 8999
2 6971 9000
2 6976 6978
2 6976 7350
2 6976 8007
2 6977 6979
2 6977 7351
2 6977 8008
2 6978 6980
2 6979 6981
2 6980 6982
2 6980 7770
2 6981 6983
2 6981 7771
2 6982 6984
2 6982 7772
2 6983 6985
2 6983 7773
2 6984 8995
2 6985 8996
2 6986 6990
2 6986 6994
2 6986 7551
2 6986 7856
2 6987 6991
2 6987 6995
2 6987 7552
2 6987 7857
2 6988 6992
2 6988 6996
2 6988 7553
2 6989 6993
2 6989 6997
2 6989 7554
2 6990 7069
2 6990 7139
2 6990 7575
2 6991 7070
2 6991 7140
2 6991 7576
2 6992 7071
2 6992 7141
2 6992 7577
2 6993 7072
2 6993 7142
2 6993 7578
2 6994 6998
2 6995 6999
2 6996 7000
2 6997 7001
2 6998 7002
2 6998 8059
2 6999 7003
2 6999 8060
2 7000 7004
2 7000 8061
2 7001 7005
2 7001 8062
2 7002 7220
2 7002 8095
2 7003 7221
2 7003 8096
2 7004 7222
2 7004 8097
2 7005 7223
2 7005 8098
2 7006 7008
2 7006 8179
2 7006 8181
2 7006 8183
2 7007 7009
2 7007 8180
2 7007 8182
2 7007 8184
2 7008 7887
2 7008 8185
2 7008 8187
2 7009 7888
2 7009 8186
2 7009 8188
2 7010 7014
2 7010 7018
2 7010 7844
2 7011 7015
2 7011 7019
2 7011 7845
2 7012 7016
2 7012 7020
2 7012 7539
2 7012 7846
2 7013 7017
2 7013 7021
2 7013 7540
2 7013 7847
2 7014 7095
2 7014 7190
2 7014 7583
2 7015 7096
2 7015 7191
2 7015 7584
2 7016 7097
2 7016 7192
2 7016 7585
2 7017 7098
2 7017 7193
2 7017 7586
2 7018 7022
2 7019 7023
2 7020 7024
2 7021 7025
2 7022 7026
2 7022 8055
2 7023 7027
2 7023 8056
2 7024 7028
2 7024 8057
2 7025 7029
2 7025 8058
2 7026 7210
2 7026 8099
2 7027 7211
2 7027 8100
2 7028 7212
2 7028 8101
2 7029 7213
2 7029 8102
2 7030 7034
2 7030 8193
2 7030 8197
2 7030 8201
2 7031 7035
2 7031 8194
2 7031 8198
2 7031 8202
2 7032 7036
2 7032 8195
2 7032 8199
2 7032 8203
2 7033 7037
2 7033 8196
2 7033 8200
2 7033 8204
2 7034 7900
2 7035 7901
2 7036 7902
2 7036 8205
2 7036 8207
2 7037 7903
2 7037 8206
2 7037 8208
2 7038 7042
2 7038 7046
2 7038 7862
2 7039 7043
2 7039 7047
2 7039 7531
2 7039 7863
2 7040 7044
2 7040 7048
2 7041 7045
2 7041 7049
2 7041 7532
2 7042 7115
2 7042 7163
2 7042 7567
2 7043 7116
2 7043 7164
2 7043 7568
2 7044 7117
2 7044 7165
2 7044 7569
2 7045 7118
2 7045 7166
2 7045 7570
2 7046 7050
2 7047 7051
2 7048 7052
2 7049 7053
2 7050 7054
2 7050 8064
2 7051 7055
2 7051 8065
2 7052 7056
2 7052 8066
2 7053 7057
2 7053 8067
2 7054 7236
2 7054 8104
2 7055 7237
2 7055 8105
2 7056 7238
2 7056 8106
2 7057 7239
2 7057 8107
2 7058 7060
2 7058 8442
2 7058 8444
2 7058 8446
2 7059 7061
2 7059 8443
2 7059 8445
2 7059 8447
2 7060 7881
2 7061 7882
2 7061 8440
2 7061 8441
2 7062 7063
2 7062 7064
2 7062 7547
2 7062 7841
2 7063 7089
2 7063 7183
2 7063 7591
2 7064 7065
2 7065 7066
2 7065 8063
2 7066 7246
2 7066 8103
2 7067 7068
2 7067 8448
2 7067 8449
2 7067 8450
2 7068 7891
2 7068 8451
2 7068 8452
2 7069 7073
2 7069 8091
2 7070 7074
2 7070 7519
2 7070 8092
2 7071 7075
2 7072 7076
2 7072 7520
2 7073 7077
2 7074 7078
2 7075 7079
2 7076 7080
2 7077 7081
2 7077 7829
2 7078 7082
2 7078 7830
2 7079 7083
2 7079 7831
2 7080 7084
2 7080 7832
2 7081 7320
2 7081 7912
2 7082 7321
2 7082 7913
2 7083 7322
2 7083 7914
2 7084 7323
2 7084 7915
2 7085 7087
2 7085 8713
2 7085 8715
2 7085 8717
2 7086 7088
2 7086 8714
2 7086 8716
2 7086 8718
2 7087 7612
2 7087 8711
2 7087 8712
2 7088 7613
2 7089 7090
2 7089 7516
2 7089 8085
2 7090 7091
2 7091 7092
2 7091 7828
2 7092 7316
2 7092 7916
2 7093 7094
2 7093 8723
2 7093 8724
2 7093 8725
2 7094 7595
2 7094 8721
2 7094 8722
2 7095 7099
2 7095 8077
2 7096 7100
2 7096 7525
2 7096 8078
2 7097 7101
2 7097 8079
2 7098 7102
2 7098 7526
2 7098 8080
2 7099 7103
2 7100 7104
2 7101 7105
2 7102 7106
2 7103 7107
2 7103 7837
2 7104 7108
2 7104 7838
2 7105 7109
2 7105 7839
2 7106 7110
2 7106 7840
2 7107 7290
2 7107 7908
2 7108 7291
2 7108 7909
2 7109 7292
2 7109 7910
2 7110 7293
2 7110 7911
2 7111 7113
2 7111 8549
2 7111 8551
2 7111 8553
2 7112 7114
2 7112 8550
2 7112 8552
2 7112 8554
2 7113 7618
2 7113 8545
2 7113 8547
2 7114 7619
2 7114 8546
2 7114 8548
2 7115 7119
2 7115 7504
2 7115 8087
2 7116 7120
2 7116 7505
2 7116 8088
2 7117 7121
2 7117 7506
2 7118 7122
2 7118 7507
2 7119 7123
2 7120 7124
2 7121 7125
2 7122 7126
2 7123 7127
2 7123 7833
2 7124 7128
2 7124 7834
2 7125 7129
2 7125 7835
2 7126 7130
2 7126 7836
2 7127 7306
2 7127 7904
2 7128 7307
2 7128 7905
2 7129 7308
2 7129 7906
2 7130 7309
2 7130 7907
2 7131 7135
2 7131 8510
2 7131 8514
2 7131 8518
2 7132 7136
2 7132 8511
2 7132 8515
2 7132 8519
2 7133 7137
2 7133 8512
2 7133 8516
2 7133 8520
2 7134 7138
2 7134 8513
2 7134 8517
2 7134 8521
2 7135 7604
2 7135 8522
2 7135 8524
2 7136 7605
2 7136 8523
2 7136 8525
2 7137 7606
2 7138 7607
2 7139 7143
2 7139 8072
2 7140 7144
2 7140 7824
2 7140 8073
2 7141 7145
2 7141 8074
2 7142 7146
2 7142 7825
2 7142 8075
2 7143 7147
2 7144 7148
2 7145 7149
2 7146 7150
2 7147 7151
2 7147 7579
2 7148 7152
2 7148 7580
2 7149 7153
2 7149 7581
2 7150 7154
2 7150 7582
2 7151 7264
2 7151 7629
2 7152 7265
2 7152 7630
2 7153 7266
2 7153 7631
2 7154 7267
2 7154 7632
2 7155 7159
2 7155 8756
2 7155 8760
2 7155 8764
2 7156 7160
2 7156 8757
2 7156 8761
2 7156 8765
2 7157 7161
2 7157 8758
2 7157 8762
2 7157 8766
2 7158 7162
2 7158 8759
2 7158 8763
2 7158 8767
2 7159 8125
2 7160 8126
2 7160 8768
2 7160 8770
2 7161 8127
2 7162 8128
2 7162 8769
2 7162 8771
2 7163 7167
2 7163 7812
2 7164 7168
2 7164 7813
2 7164 8070
2 7165 7169
2 7165 7814
2 7166 7170
2 7166 7815
2 7166 8071
2 7167 7171
2 7168 7172
2 7169 7173
2 7170 7174
2 7171 7175
2 7171 7571
2 7172 7176
2 7172 7572
2 7173 7177
2 7173 7573
2 7174 7178
2 7174 7574
2 7175 7274
2 7175 7625
2 7176 7275
2 7176 7626
2 7177 7276
2 7177 7627
2 7178 7277
2 7178 7628
2 7179 7181
2 7179 8788
2 7179 8790
2 7179 8792
2 7180 7182
2 7180 8789
2 7180 8791
2 7180 8793
2 7181 8136
2 7181 8784
2 7181 8786
2 7182 8137
2 7182 8785
2 7182 8787
2 7183 7184
2 7183 7810
2 7183 8076
2 7184 7185
2 7185 7186
2 7185 7592
2 7186 7260
2 7186 7620
2 7187 7188
2 7188 7189
2 7188 8918
2 7188 8919
2 7189 8131
2 7189 8916
2 7189 8917
2 7190 7194
2 7191 7195
2 7191 7820
2 7192 7196
2 7192 8068
2 7193 7197
2 7193 7821
2 7193 8069
2 7194 7198
2 7195 7199
2 7196 7200
2 7197 7201
2 7198 7202
2 7198 7587
2 7199 7203
2 7199 7588
2 7200 7204
2 7200 7589
2 7201 7205
2 7201 7590
2 7202 7250
2 7202 7621
2 7203 7251
2 7203 7622
2 7204 7252
2 7204 7623
2 7205 7253
2 7205 7624
2 7206 7208
2 7206 8902
2 7206 8904
2 7206 8906
2 7207 7209
2 7207 8903
2 7207 8905
2 7207 8907
2 7208 8142
2 7209 8143
2 7209 8908
2 7209 8909
2 7212 7214
2 7213 7215
2 7214 7216
2 7215 7217
2 7216 7218
2 7216 8615
2 7216 8617
2 7217 7219
2 7217 8616
2 7217 8618
2 7218 7545
2 7218 8619
2 7218 8621
2 7219 7546
2 7219 8620
2 7219 8622
2 7220 7224
2 7221 7225
2 7222 7226
2 7223 7227
2 7224 7228
2 7225 7229
2 7226 7230
2 7227 7231
2 7228 7232
2 7228 8645
2 7228 8649
2 7229 7233
2 7229 8646
2 7229 8650
2 7230 7234
2 7230 8647
2 7230 8651
2 7231 7235
2 7231 8648
2 7231 8652
2 7232 7563
2 7232 8641
2 7232 8643
2 7233 7564
2 7233 8642
2 7233 8644
2 7234 7565
2 7235 7566
2 7237 7240
2 7239 7241
2 7240 7242
2 7241 7243
2 7242 7244
2 7242 8484
2 7242 8486
2 7243 7245
2 7243 8485
2 7243 8487
2 7244 7537
2 7244 8482
2 7244 8483
2 7245 7538
2 7246 7247
2 7247 7248
2 7248 7249
2 7248 8469
2 7248 8470
2 7249 7550
2 7249 8471
2 7249 8472
2 7250 15927
2 7251 7254
2 7251 15928
2 7252 15929
2 7253 7255
2 7253 15930
2 7254 7256
2 7255 7257
2 7256 7258
2 7256 8274
2 7256 8276
2 7257 7259
2 7257 8275
2 7257 8277
2 7258 7822
2 7259 7823
2 7259 8272
2 7259 8273
2 7260 7261
2 7260 15910
2 7261 7262
2 7262 7263
2 7262 8264
2 7262 8265
2 7263 7811
2 7263 8262
2 7263 8263
2 7264 15967
2 7265 7268
2 7265 15968
2 7266 15969
2 7267 7269
2 7267 15970
2 7268 7270
2 7269 7271
2 7270 7272
2 7270 8378
2 7270 8380
2 7271 7273
2 7271 8379
2 7271 8381
2 7272 7826
2 7272 8382
2 7272 8384
2 7273 7827
2 7273 8383
2 7273 8385
2 7274 7278
2 7274 15947
2 7275 7279
2 7275 15948
2 7276 7280
2 7276 15949
2 7277 7281
2 7277 15950
2 7278 7282
2 7279 7283
2 7280 7284
2 7281 7285
2 7282 7286
2 7282 8408
2 7282 8412
2 7283 7287
2 7283 8409
2 7283 8413
2 7284 7288
2 7284 8410
2 7284 8414
2 7285 7289
2 7285 8411
2 7285 8415
2 7286 7816
2 7287 7817
2 7287 8404
2 7287 8406
2 7288 7818
2 7289 7819
2 7289 8405
2 7289 8407
2 7290 7294
2 7291 7295
2 7292 7296
2 7293 7297
2 7294 7298
2 7295 7299
2 7296 7300
2 7297 7301
2 7298 7302
2 7298 8880
2 7298 8884
2 7299 7303
2 7299 8881
2 7299 8885
2 7300 7304
2 7300 8882
2 7300 8886
2 7301 7305
2 7301 8883
2 7301 8887
2 7302 8081
2 7303 8082
2 7303 8876
2 7303 8878
2 7304 8083
2 7305 8084
2 7305 8877
2 7305 8879
2 7306 7310
2 7307 7311
2 7310 7312
2 7311 7313
2 7312 7314
2 7312 8850
2 7312 8852
2 7313 7315
2 7313 8851
2 7313 8853
2 7314 8089
2 7314 8854
2 7314 8856
2 7315 8090
2 7315 8855
2 7315 8857
2 7316 7317
2 7317 7318
2 7318 7319
2 7318 8934
2 7318 8935
2 7319 8086
2 7319 8936
2 7319 8937
2 7320 7324
2 7321 7325
2 7324 7326
2 7325 7327
2 7326 7328
2 7326 8738
2 7326 8740
2 7327 7329
2 7327 8739
2 7327 8741
2 7328 8093
2 7329 8094
2 7329 8736
2 7329 8737
2 7330 7334
2 7331 7335
2 7332 7336
2 7333 7337
2 7334 7338
2 7334 7687
2 7335 7339
2 7335 7688
2 7336 7340
2 7336 7689
2 7337 7341
2 7337 7690
2 7338 7342
2 7338 7691
2 7339 7343
2 7339 7692
2 7340 7344
2 7340 7693
2 7341 7345
2 7341 7694
2 7342 7596
2 7342 8534
2 7343 7597
2 7343 8535
2 7344 7598
2 7344 8536
2 7345 7599
2 7345 8537
2 7346 7347
2 7347 7348
2 7347 7682
2 7348 7349
2 7348 7683
2 7349 7593
2 7349 9015
2 7350 7352
2 7351 7353
2 7352 7354
2 7352 7711
2 7353 7355
2 7353 7712
2 7354 7356
2 7354 7713
2 7355 7357
2 7355 7714
2 7356 7614
2 7356 9016
2 7357 7615
2 7357 9017
2 7358 7360
2 7359 7361
2 7360 7362
2 7360 7701
2 7361 7363
2 7361 7702
2 7362 7364
2 7362 7703
2 7363 7365
2 7363 7704
2 7364 7608
2 7364 9020
2 7365 7609
2 7365 9021
2 7366 7374
2 7366 7778
2 7366 7967
2 7367 7375
2 7367 7779
2 7367 7968
2 7368 7376
2 7368 7780
2 7368 7969
2 7369 7377
2 7369 7781
2 7369 7970
2 7370 7378
2 7370 7782
2 7370 7971
2 7371 7379
2 7371 7783
2 7371 7972
2 7372 7380
2 7372 7784
2 7372 7973
2 7373 7381
2 7373 7785
2 7373 7974
2 7382 7390
2 7382 16685
2 7383 7391
2 7383 16686
2 7384 7392
2 7384 16687
2 7385 7393
2 7385 16688
2 7386 7394
2 7386 16689
2 7387 7395
2 7387 16690
2 7388 7396
2 7388 16691
2 7389 7397
2 7389 16692
2 7390 7398
2 7391 7399
2 7392 7400
2 7393 7401
2 7394 7402
2 7395 7403
2 7396 7404
2 7397 7405
2 7398 7406
2 7398 8354
2 7398 8362
2 7399 7407
2 7399 8355
2 7399 8363
2 7400 7408
2 7400 8356
2 7400 8364
2 7401 7409
2 7401 8357
2 7401 8365
2 7402 7410
2 7402 8358
2 7402 8366
2 7403 7411
2 7403 8359
2 7403 8367
2 7404 7412
2 7404 8360
2 7404 8368
2 7405 7413
2 7405 8361
2 7405 8369
2 7406 8148
2 7406 8338
2 7406 8346
2 7407 8149
2 7407 8339
2 7407 8347
2 7408 8150
2 7408 8340
2 7408 8348
2 7409 8151
2 7409 8341
2 7409 8349
2 7410 8152
2 7410 8342
2 7410 8350
2 7411 8153
2 7411 8343
2 7411 8351
2 7412 8154
2 7412 8344
2 7412 8352
2 7413 8155
2 7413 8345
2 7413 8353
2 7414 7416
2 7414 7762
2 7414 7959
2 7415 7417
2 7415 7763
2 7415 7960
2 7418 7420
2 7418 16683
2 7419 7421
2 7419 16684
2 7420 7422
2 7421 7423
2 7422 7424
2 7422 8422
2 7422 8424
2 7423 7425
2 7423 8423
2 7423 8425
2 7424 8144
2 7424 8426
2 7424 8428
2 7425 8145
2 7425 8427
2 7425 8429
2 7426 7428
2 7426 7754
2 7426 7999
2 7427 7429
2 7427 7755
2 7427 8000
2 7430 7432
2 7430 16695
2 7431 7433
2 7431 16696
2 7432 7434
2 7433 7435
2 7434 7436
2 7434 8300
2 7434 8302
2 7435 7437
2 7435 8301
2 7435 8303
2 7436 8156
2 7436 8304
2 7436 8306
2 7437 8157
2 7437 8305
2 7437 8307
2 7438 7440
2 7438 7770
2 7438 7951
2 7439 7441
2 7439 7771
2 7439 7952
2 7442 7444
2 7442 16693
2 7443 7445
2 7443 16694
2 7444 7446
2 7445 7447
2 7446 7448
2 7446 8288
2 7446 8290
2 7447 7449
2 7447 8289
2 7447 8291
2 7448 8146
2 7448 8284
2 7448 8286
2 7449 8147
2 7449 8285
2 7449 8287
2 7450 7454
2 7451 7455
2 7452 7456
2 7453 7457
2 7454 7458
2 7454 8039
2 7455 7459
2 7455 8040
2 7456 7460
2 7456 8041
2 7457 7461
2 7457 8042
2 7458 7462
2 7458 8043
2 7459 7463
2 7459 8044
2 7460 7464
2 7460 8045
2 7461 7465
2 7461 8046
2 7462 7466
2 7462 7634
2 7463 7467
2 7463 7635
2 7464 7636
2 7465 7637
2 7466 7468
2 7467 7469
2 7468 7470
2 7468 8972
2 7468 8974
2 7469 7471
2 7469 8973
2 7469 8975
2 7470 7945
2 7470 8968
2 7470 8970
2 7471 7946
2 7471 8969
2 7471 8971
2 7472 7473
2 7473 7474
2 7473 8037
2 7474 7475
2 7474 8038
2 7475 7476
2 7475 7633
2 7476 7477
2 7477 7478
2 7477 8955
2 7477 8956
2 7478 7948
2 7478 8957
2 7478 8958
2 7479 7481
2 7480 7482
2 7481 7483
2 7481 8051
2 7482 7484
2 7482 8052
2 7483 7485
2 7483 8053
2 7484 7486
2 7484 8054
2 7485 7487
2 7485 7640
2 7486 7641
2 7487 7488
2 7488 7489
2 7488 8976
2 7488 8977
2 7489 7947
2 7489 8978
2 7489 8979
2 7490 7492
2 7491 7493
2 7492 7494
2 7492 8047
2 7493 7495
2 7493 8048
2 7494 7496
2 7494 8049
2 7495 7497
2 7495 8050
2 7496 7498
2 7496 7638
2 7497 7499
2 7497 7639
2 7498 7500
2 7499 7501
2 7500 7502
2 7500 8951
2 7500 8953
2 7501 7503
2 7501 8952
2 7501 8954
2 7502 7949
2 7502 8947
2 7502 8949
2 7503 7950
2 7503 8948
2 7503 8950
2 7504 7508
2 7505 7509
2 7506 7510
2 7507 7511
2 7508 7512
2 7508 7812
2 7509 7513
2 7509 7813
2 7510 7514
2 7510 7814
2 7511 7515
2 7511 7815
2 7512 7596
2 7512 7868
2 7513 7597
2 7513 7869
2 7514 7598
2 7514 7870
2 7515 7599
2 7515 7871
2 7516 7517
2 7517 7518
2 7517 7810
2 7518 7593
2 7518 7872
2 7519 7521
2 7520 7522
2 7521 7523
2 7521 7824
2 7522 7524
2 7522 7825
2 7523 7608
2 7523 7875
2 7524 7609
2 7524 7876
2 7525 7527
2 7526 7528
2 7527 7529
2 7527 7820
2 7528 7530
2 7528 7821
2 7529 7614
2 7529 7873
2 7530 7615
2 7530 7874
2 7531 7533
2 7532 7534
2 7533 7535
2 7533 8070
2 7534 7536
2 7534 8071
2 7535 7640
2 7535 8132
2 7536 7641
2 7536 8133
2 7537 8476
2 7537 8478
2 7537 8480
2 7538 8477
2 7538 8479
2 7538 8481
2 7539 7541
2 7540 7542
2 7541 7543
2 7541 8068
2 7542 7544
2 7542 8069
2 7543 7638
2 7543 8138
2 7544 7639
2 7544 8139
2 7545 8623
2 7545 8625
2 7545 8627
2 7546 8624
2 7546 8626
2 7546 8628
2 7547 7548
2 7548 7549
2 7548 8076
2 7549 7633
2 7549 8129
2 7550 8473
2 7550 8474
2 7550 8475
2 7551 7555
2 7552 7556
2 7553 7557
2 7554 7558
2 7555 7559
2 7555 8072
2 7556 7560
2 7556 8073
2 7557 7561
2 7557 8074
2 7558 7562
2 7558 8075
2 7559 7634
2 7559 8117
2 7560 7635
2 7560 8118
2 7561 7636
2 7561 8119
2 7562 7637
2 7562 8120
2 7563 8629
2 7563 8633
2 7563 8637
2 7564 8630
2 7564 8634
2 7564 8638
2 7565 8631
2 7565 8635
2 7565 8639
2 7566 8632
2 7566 8636
2 7566 8640
2 7567 7571
2 7567 7833
2 7567 8064
2 7568 7572
2 7568 7834
2 7568 8065
2 7569 7573
2 7569 7835
2 7569 8066
2 7570 7574
2 7570 7836
2 7570 8067
2 7575 7579
2 7575 7829
2 7575 8059
2 7576 7580
2 7576 7830
2 7576 8060
2 7577 7581
2 7577 7831
2 7577 8061
2 7578 7582
2 7578 7832
2 7578 8062
2 7583 7587
2 7583 7837
2 7583 8055
2 7584 7588
2 7584 7838
2 7584 8056
2 7585 7589
2 7585 7839
2 7585 8057
2 7586 7590
2 7586 7840
2 7586 8058
2 7591 7592
2 7591 7828
2 7591 8063
2 7593 7594
2 7594 7595
2 7595 8719
2 7595 8720
2 7596 7600
2 7597 7601
2 7598 7602
2 7599 7603
2 7600 7604
2 7601 7605
2 7602 7606
2 7603 7607
2 7604 8526
2 7604 8530
2 7605 8527
2 7605 8531
2 7606 8528
2 7606 8532
2 7607 8529
2 7607 8533
2 7608 7610
2 7609 7611
2 7610 7612
2 7611 7613
2 7612 8707
2 7612 8709
2 7613 8708
2 7613 8710
2 7614 7616
2 7615 7617
2 7616 7618
2 7617 7619
2 7618 8541
2 7618 8543
2 7619 8542
2 7619 8544
2 7620 8294
2 7620 16459
2 7621 8296
2 7621 16441
2 7622 8297
2 7622 16442
2 7623 8298
2 7623 16443
2 7624 8299
2 7624 16444
2 7625 8416
2 7625 16495
2 7626 8417
2 7626 16496
2 7627 8418
2 7627 16497
2 7628 8419
2 7628 16498
2 7629 8370
2 7629 16471
2 7630 8371
2 7630 16472
2 7631 8372
2 7631 16473
2 7632 8373
2 7632 16474
2 7633 9006
2 7634 8663
2 7635 8664
2 7638 9007
2 7639 9008
2 7640 9013
2 7642 7643
2 7642 8221
2 7642 8222
2 7642 8223
2 7643 8020
2 7643 8219
2 7643 8220
2 7644 7646
2 7644 8232
2 7644 8234
2 7644 8236
2 7645 7647
2 7645 8233
2 7645 8235
2 7645 8237
2 7646 8035
2 7646 8228
2 7646 8230
2 7647 8036
2 7647 8229
2 7647 8231
2 7648 7650
2 7648 8253
2 7648 8255
2 7648 8257
2 7649 7651
2 7649 8254
2 7649 8256
2 7649 8258
2 7650 8013
2 7650 8249
2 7650 8251
2 7651 8014
2 7651 8250
2 7651 8252
2 7652 7653
2 7652 8238
2 7652 8239
2 7652 8240
2 7653 8024
2 7653 8241
2 7653 8242
2 7654 7656
2 7654 8920
2 7654 8922
2 7654 8924
2 7655 7657
2 7655 8921
2 7655 8923
2 7655 8925
2 7656 7760
2 7656 8926
2 7656 8928
2 7657 7761
2 7657 8927
2 7657 8929
2 7658 7660
2 7658 8896
2 7658 8898
2 7658 8900
2 7659 7661
2 7659 8897
2 7659 8899
2 7659 8901
2 7660 7776
2 7660 8892
2 7660 8894
2 7661 7777
2 7661 8893
2 7661 8895
2 7662 7664
2 7662 8750
2 7662 8752
2 7662 8754
2 7663 7665
2 7663 8751
2 7663 8753
2 7663 8755
2 7664 7768
2 7664 8746
2 7664 8748
2 7665 7769
2 7665 8747
2 7665 8749
2 7666 7674
2 7666 8794
2 7666 8802
2 7666 8810
2 7667 7675
2 7667 8795
2 7667 8803
2 7667 8811
2 7668 7676
2 7668 8796
2 7668 8804
2 7668 8812
2 7669 7677
2 7669 8797
2 7669 8805
2 7669 8813
2 7670 7678
2 7670 8798
2 7670 8806
2 7670 8814
2 7671 7679
2 7671 8799
2 7671 8807
2 7671 8815
2 7672 7680
2 7672 8800
2 7672 8808
2 7672 8816
2 7673 7681
2 7673 8801
2 7673 8809
2 7673 8817
2 7674 7802
2 7674 8818
2 7674 8826
2 7675 7803
2 7675 8819
2 7675 8827
2 7676 7804
2 7676 8820
2 7676 8828
2 7677 7805
2 7677 8821
2 7677 8829
2 7678 7806
2 7678 8822
2 7678 8830
2 7679 7807
2 7679 8823
2 7679 8831
2 7680 7808
2 7680 8824
2 7680 8832
2 7681 7809
2 7681 8825
2 7681 8833
2 7683 7684
2 7683 7872
2 7684 7685
2 7685 7686
2 7685 8700
2 7685 8701
2 7686 8160
2 7686 8702
2 7686 8703
2 7691 7868
2 7692 7695
2 7692 7869
2 7693 7870
2 7694 7696
2 7694 7871
2 7695 7697
2 7696 7698
2 7697 7699
2 7697 8665
2 7697 8667
2 7698 7700
2 7698 8666
2 7698 8668
2 7699 8162
2 7699 8669
2 7699 8671
2 7700 8163
2 7700 8670
2 7700 8672
2 7703 7705
2 7703 7875
2 7704 7706
2 7704 7876
2 7705 7707
2 7706 7708
2 7707 7709
2 7707 8696
2 7707 8698
2 7708 7710
2 7708 8697
2 7708 8699
2 7709 8158
2 7709 8692
2 7709 8694
2 7710 8159
2 7710 8693
2 7710 8695
2 7713 7873
2 7714 7715
2 7714 7874
2 7715 7716
2 7716 7717
2 7716 8679
2 7716 8680
2 7717 8161
2 7717 8681
2 7717 8682
2 7718 7720
2 7719 7721
2 7720 7722
2 7720 8015
2 7721 7723
2 7721 8016
2 7722 7724
2 7722 8017
2 7723 7725
2 7723 8018
2 7724 7883
2 7724 8177
2 7725 7884
2 7725 8178
2 7726 7728
2 7727 7729
2 7728 7730
2 7728 8007
2 7729 7731
2 7729 8008
2 7730 7732
2 7730 8009
2 7731 7733
2 7731 8010
2 7732 7877
2 7732 8164
2 7733 7878
2 7733 8165
2 7734 7738
2 7735 7739
2 7736 7740
2 7737 7741
2 7738 7742
2 7738 8025
2 7739 7743
2 7739 8026
2 7740 7744
2 7740 8027
2 7741 7745
2 7741 8028
2 7742 7746
2 7742 8029
2 7743 7747
2 7743 8030
2 7744 7748
2 7744 8031
2 7745 7749
2 7745 8032
2 7746 7892
2 7746 8172
2 7747 7893
2 7747 8173
2 7748 7894
2 7748 8174
2 7749 7895
2 7749 8175
2 7750 7751
2 7751 7752
2 7751 8021
2 7752 7753
2 7752 8022
2 7753 7889
2 7753 8169
2 7756 7758
2 7757 7759
2 7758 7760
2 7759 7761
2 7760 8930
2 7760 8932
2 7761 8931
2 7761 8933
2 7764 7766
2 7765 7767
2 7766 7768
2 7767 7769
2 7768 8742
2 7768 8744
2 7769 8743
2 7769 8745
2 7772 7774
2 7773 7775
2 7774 7776
2 7775 7777
2 7776 8888
2 7776 8890
2 7777 8889
2 7777 8891
2 7786 7794
2 7787 7795
2 7788 7796
2 7789 7797
2 7790 7798
2 7791 7799
2 7792 7800
2 7793 7801
2 7794 7802
2 7795 7803
2 7796 7804
2 7797 7805
2 7798 7806
2 7799 7807
2 7800 7808
2 7801 7809
2 7802 8834
2 7802 8842
2 7803 8835
2 7803 8843
2 7804 8836
2 7804 8844
2 7805 8837
2 7805 8845
2 7806 8838
2 7806 8846
2 7807 8839
2 7807 8847
2 7808 8840
2 7808 8848
2 7809 8841
2 7809 8849
2 7811 8259
2 7811 8260
2 7811 8261
2 7816 8392
2 7816 8396
2 7816 8400
2 7817 8393
2 7817 8397
2 7817 8401
2 7818 8394
2 7818 8398
2 7818 8402
2 7819 8395
2 7819 8399
2 7819 8403
2 7822 8266
2 7822 8268
2 7822 8270
2 7823 8267
2 7823 8269
2 7823 8271
2 7826 8386
2 7826 8388
2 7826 8390
2 7827 8387
2 7827 8389
2 7827 8391
2 7841 7842
2 7842 7843
2 7842 8085
2 7843 7889
2 7843 8116
2 7844 7848
2 7845 7849
2 7846 7850
2 7847 7851
2 7848 7852
2 7848 8077
2 7849 7853
2 7849 8078
2 7850 7854
2 7850 8079
2 7851 7855
2 7851 8080
2 7852 7892
2 7852 8112
2 7853 7893
2 7853 8113
2 7854 7894
2 7854 8114
2 7855 7895
2 7855 8115
2 7856 7858
2 7857 7859
2 7858 7860
2 7858 8091
2 7859 7861
2 7859 8092
2 7860 7883
2 7860 8108
2 7861 7884
2 7861 8109
2 7862 7864
2 7863 7865
2 7864 7866
2 7864 8087
2 7865 7867
2 7865 8088
2 7866 7877
2 7866 8110
2 7867 7878
2 7867 8111
2 7869 8539
2 7871 8540
2 7872 9014
2 7874 8538
2 7875 9018
2 7876 9019
2 7877 7879
2 7878 7880
2 7879 7881
2 7880 7882
2 7881 8436
2 7881 8438
2 7882 8437
2 7882 8439
2 7883 7885
2 7884 7886
2 7885 7887
2 7886 7888
2 7887 8189
2 7887 8191
2 7888 8190
2 7888 8192
2 7889 7890
2 7890 7891
2 7891 8453
2 7891 8454
2 7892 7896
2 7893 7897
2 7894 7898
2 7895 7899
2 7896 7900
2 7897 7901
2 7898 7902
2 7899 7903
2 7900 8209
2 7900 8213
2 7901 8210
2 7901 8214
2 7902 8211
2 7902 8215
2 7903 8212
2 7903 8216
2 7904 9001
2 7905 9002
2 7906 9003
2 7907 9004
2 7908 8991
2 7909 8992
2 7910 8993
2 7911 8994
2 7912 8983
2 7913 8984
2 7914 8985
2 7915 8986
2 7916 8988
2 7917 7925
2 7917 8555
2 7917 8563
2 7917 8571
2 7918 7926
2 7918 8556
2 7918 8564
2 7918 8572
2 7919 7927
2 7919 8557
2 7919 8565
2 7919 8573
2 7920 7928
2 7920 8558
2 7920 8566
2 7920 8574
2 7921 7929
2 7921 8559
2 7921 8567
2 7921 8575
2 7922 7930
2 7922 8560
2 7922 8568
2 7922 8576
2 7923 7931
2 7923 8561
2 7923 8569
2 7923 8577
2 7924 7932
2 7924 8562
2 7924 8570
2 7924 8578
2 7925 7991
2 7925 8579
2 7925 8587
2 7926 7992
2 7926 8580
2 7926 8588
2 7927 7993
2 7927 8581
2 7927 8589
2 7928 7994
2 7928 8582
2 7928 8590
2 7929 7995
2 7929 8583
2 7929 8591
2 7930 7996
2 7930 8584
2 7930 8592
2 7931 7997
2 7931 8585
2 7931 8593
2 7932 7998
2 7932 8586
2 7932 8594
2 7933 7935
2 7933 8504
2 7933 8506
2 7933 8508
2 7934 7936
2 7934 8505
2 7934 8507
2 7934 8509
2 7935 7957
2 7935 8500
2 7935 8502
2 7936 7958
2 7936 8501
2 7936 8503
2 7937 7939
2 7937 9030
2 7937 9032
2 7937 9034
2 7938 7940
2 7938 9031
2 7938 9033
2 7938 9035
2 7939 8005
2 7939 9026
2 7939 9028
2 7940 8006
2 7940 9027
2 7940 9029
2 7941 7943
2 7941 8455
2 7941 8457
2 7941 8459
2 7942 7944
2 7942 8456
2 7942 8458
2 7942 8460
2 7943 7965
2 7943 8461
2 7943 8463
2 7944 7966
2 7944 8462
2 7944 8464
2 7945 8962
2 7945 8964
2 7945 8966
2 7946 8963
2 7946 8965
2 7946 8967
2 7947 8980
2 7947 8981
2 7947 8982
2 7948 8959
2 7948 8960
2 7948 8961
2 7949 8941
2 7949 8943
2 7949 8945
2 7950 8942
2 7950 8944
2 7950 8946
2 7953 7955
2 7954 7956
2 7955 7957
2 7956 7958
2 7957 8496
2 7957 8498
2 7958 8497
2 7958 8499
2 7961 7963
2 7962 7964
2 7963 7965
2 7964 7966
2 7965 8465
2 7965 8467
2 7966 8466
2 7966 8468
2 7975 7983
2 7976 7984
2 7977 7985
2 7978 7986
2 7979 7987
2 7980 7988
2 7981 7989
2 7982 7990
2 7983 7991
2 7984 7992
2 7985 7993
2 7986 7994
2 7987 7995
2 7988 7996
2 7989 7997
2 7990 7998
2 7991 8595
2 7991 8603
2 7992 8596
2 7992 8604
2 7993 8597
2 7993 8605
2 7994 8598
2 7994 8606
2 7995 8599
2 7995 8607
2 7996 8600
2 7996 8608
2 7997 8601
2 7997 8609
2 7998 8602
2 7998 8610
2 8001 8003
2 8002 8004
2 8003 8005
2 8004 8006
2 8005 9022
2 8005 9024
2 8006 9023
2 8006 9025
2 8009 8011
2 8009 8110
2 8010 8012
2 8010 8111
2 8011 8013
2 8012 8014
2 8013 8245
2 8013 8247
2 8014 8246
2 8014 8248
2 8017 8108
2 8018 8019
2 8018 8109
2 8019 8020
2 8020 8217
2 8020 8218
2 8022 8023
2 8022 8116
2 8023 8024
2 8024 8243
2 8024 8244
2 8029 8112
2 8030 8033
2 8030 8113
2 8031 8114
2 8032 8034
2 8032 8115
2 8033 8035
2 8034 8036
2 8035 8224
2 8035 8226
2 8036 8225
2 8036 8227
2 8038 8129
2 8038 9005
2 8043 8117
2 8043 8659
2 8044 8118
2 8044 8660
2 8045 8119
2 8045 8661
2 8046 8120
2 8046 8662
2 8049 8138
2 8049 9009
2 8050 8139
2 8050 9010
2 8053 8132
2 8053 9011
2 8054 8133
2 8054 9012
2 8081 8864
2 8081 8868
2 8081 8872
2 8082 8865
2 8082 8869
2 8082 8873
2 8083 8866
2 8083 8870
2 8083 8874
2 8084 8867
2 8084 8871
2 8084 8875
2 8086 8938
2 8086 8939
2 8086 8940
2 8089 8858
2 8089 8860
2 8089 8862
2 8090 8859
2 8090 8861
2 8090 8863
2 8093 8730
2 8093 8732
2 8093 8734
2 8094 8731
2 8094 8733
2 8094 8735
2 8095 8655
2 8096 8656
2 8097 8657
2 8098 8658
2 8099 8611
2 8100 8612
2 8101 8613
2 8102 8614
2 8103 8494
2 8104 8488
2 8105 8489
2 8106 8490
2 8107 8491
2 8109 8176
2 8110 8166
2 8111 8167
2 8113 8170
2 8115 8171
2 8116 8168
2 8117 8121
2 8118 8122
2 8119 8123
2 8120 8124
2 8121 8125
2 8122 8126
2 8123 8127
2 8124 8128
2 8125 8772
2 8125 8776
2 8126 8773
2 8126 8777
2 8127 8774
2 8127 8778
2 8128 8775
2 8128 8779
2 8129 8130
2 8130 8131
2 8131 8914
2 8131 8915
2 8132 8134
2 8133 8135
2 8134 8136
2 8135 8137
2 8136 8780
2 8136 8782
2 8137 8781
2 8137 8783
2 8138 8140
2 8139 8141
2 8140 8142
2 8141 8143
2 8142 8910
2 8142 8912
2 8143 8911
2 8143 8913
2 8144 8430
2 8144 8432
2 8144 8434
2 8145 8431
2 8145 8433
2 8145 8435
2 8146 8278
2 8146 8280
2 8146 8282
2 8147 8279
2 8147 8281
2 8147 8283
2 8148 8314
2 8148 8322
2 8148 8330
2 8149 8315
2 8149 8323
2 8149 8331
2 8150 8316
2 8150 8324
2 8150 8332
2 8151 8317
2 8151 8325
2 8151 8333
2 8152 8318
2 8152 8326
2 8152 8334
2 8153 8319
2 8153 8327
2 8153 8335
2 8154 8320
2 8154 8328
2 8154 8336
2 8155 8321
2 8155 8329
2 8155 8337
2 8156 8308
2 8156 8310
2 8156 8312
2 8157 8309
2 8157 8311
2 8157 8313
2 8158 8686
2 8158 8688
2 8158 8690
2 8159 8687
2 8159 8689
2 8159 8691
2 8160 8704
2 8160 8705
2 8160 8706
2 8161 8683
2 8161 8684
2 8161 8685
2 8162 8673
2 8162 8675
2 8162 8677
2 8163 8674
2 8163 8676
2 8163 8678
2 9036 9040
2 9036 9044
2 9036 9750
2 9036 10010
2 9037 9041
2 9037 9045
2 9037 9751
2 9037 10011
2 9038 9042
2 9038 9046
2 9038 10012
2 9039 9043
2 9039 9047
2 9039 10013
2 9040 9114
2 9040 9179
2 9040 9649
2 9041 9115
2 9041 9180
2 9041 9650
2 9042 9116
2 9042 9181
2 9042 9651
2 9043 9117
2 9043 9182
2 9043 9652
2 9044 9048
2 9045 9049
2 9046 9050
2 9047 9051
2 9048 9052
2 9048 10235
2 9049 9053
2 9049 10236
2 9050 9054
2 9050 10237
2 9051 9055
2 9051 10238
2 9052 9056
2 9052 10239
2 9053 9057
2 9053 10240
2 9054 9058
2 9054 10241
2 9055 9059
2 9055 10242
2 9056 10782
2 9056 11745
2 9057 10783
2 9057 11746
2 9058 11747
2 9059 11748
2 9060 9064
2 9060 9068
2 9060 9728
2 9061 9065
2 9061 9069
2 9061 9729
2 9062 9066
2 9062 9070
2 9062 9730
2 9062 9998
2 9063 9067
2 9063 9071
2 9063 9731
2 9063 9999
2 9064 9139
2 9064 9224
2 9064 9697
2 9065 9140
2 9065 9225
2 9065 9698
2 9066 9141
2 9066 9226
2 9066 9699
2 9067 9142
2 9067 9227
2 9067 9700
2 9068 9072
2 9069 9073
2 9070 9074
2 9071 9075
2 9072 9076
2 9072 10219
2 9073 9077
2 9073 10220
2 9074 9078
2 9074 10221
2 9075 9079
2 9075 10222
2 9076 9080
2 9076 10223
2 9077 9081
2 9077 10224
2 9078 9082
2 9078 10225
2 9079 9083
2 9079 10226
2 9080 10792
2 9080 11729
2 9081 10793
2 9081 11730
2 9082 10794
2 9082 11731
2 9083 10795
2 9083 11732
2 9084 9088
2 9084 9092
2 9084 9764
2 9085 9089
2 9085 9093
2 9086 9090
2 9086 9094
2 9086 9765
2 9086 9990
2 9087 9091
2 9087 9095
2 9087 9991
2 9088 9159
2 9088 9199
2 9088 9673
2 9089 9160
2 9089 9200
2 9089 9674
2 9090 9161
2 9090 9201
2 9090 9675
2 9091 9162
2 9091 9202
2 9091 9676
2 9092 9096
2 9093 9097
2 9094 9098
2 9095 9099
2 9096 9100
2 9096 10255
2 9097 9101
2 9097 10256
2 9098 9102
2 9098 10257
2 9099 9103
2 9099 10258
2 9100 9104
2 9100 10259
2 9101 9105
2 9101 10260
2 9102 9106
2 9102 10261
2 9103 9107
2 9103 10262
2 9104 10875
2 9104 11759
2 9105 11760
2 9106 10876
2 9106 11761
2 9107 11762
2 9108 9109
2 9108 9110
2 9108 9721
2 9108 10006
2 9109 9134
2 9109 9219
2 9109 9643
2 9110 9111
2 9111 9112
2 9111 10251
2 9112 9113
2 9112 10252
2 9113 10961
2 9113 11755
2 9114 9118
2 9114 9973
2 9114 10315
2 9115 9119
2 9115 10316
2 9116 9120
2 9116 9974
2 9117 9121
2 9118 9122
2 9119 9123
2 9120 9124
2 9121 9125
2 9122 9126
2 9122 9653
2 9123 9127
2 9123 9654
2 9124 9128
2 9124 9655
2 9125 9129
2 9125 9656
2 9126 9130
2 9126 9657
2 9127 9131
2 9127 9658
2 9128 9132
2 9128 9659
2 9129 9133
2 9129 9660
2 9130 10646
2 9132 10647
2 9134 9135
2 9134 9968
2 9134 10309
2 9135 9136
2 9136 9137
2 9136 9644
2 9137 9138
2 9137 9645
2 9138 10624
2 9139 9143
2 9139 9980
2 9139 10301
2 9140 9144
2 9140 10302
2 9141 9145
2 9141 9981
2 9141 10303
2 9142 9146
2 9142 10304
2 9143 9147
2 9144 9148
2 9145 9149
2 9146 9150
2 9147 9151
2 9147 9701
2 9148 9152
2 9148 9702
2 9149 9153
2 9149 9703
2 9150 9154
2 9150 9704
2 9151 9155
2 9151 9705
2 9152 9156
2 9152 9706
2 9153 9157
2 9153 9707
2 9154 9158
2 9154 9708
2 9155 10571
2 9157 10572
2 9159 9163
2 9159 9954
2 9159 10311
2 9160 9164
2 9160 9955
2 9161 9165
2 9161 9956
2 9161 10312
2 9162 9166
2 9162 9957
2 9163 9167
2 9164 9168
2 9165 9169
2 9166 9170
2 9167 9171
2 9167 9677
2 9168 9172
2 9168 9678
2 9169 9173
2 9169 9679
2 9170 9174
2 9170 9680
2 9171 9175
2 9171 9681
2 9172 9176
2 9172 9682
2 9173 9177
2 9173 9683
2 9174 9178
2 9174 9684
2 9175 10581
2 9176 10582
2 9177 10583
2 9178 10584
2 9179 9183
2 9179 9635
2 9179 10285
2 9180 9184
2 9180 10286
2 9181 9185
2 9181 9636
2 9181 10287
2 9182 9186
2 9182 10288
2 9183 9187
2 9184 9188
2 9185 9189
2 9186 9190
2 9187 9191
2 9187 10042
2 9188 9192
2 9188 10043
2 9189 9193
2 9189 10044
2 9190 9194
2 9190 10045
2 9191 9195
2 9191 10046
2 9192 9196
2 9192 10047
2 9193 9197
2 9193 10048
2 9194 9198
2 9194 10049
2 9195 11207
2 9195 14095
2 9196 11208
2 9196 14096
2 9197 11209
2 9197 14097
2 9198 11210
2 9198 14098
2 9199 9203
2 9199 9611
2 9200 9204
2 9200 9612
2 9201 9205
2 9201 9613
2 9201 10277
2 9202 9206
2 9202 9614
2 9202 10278
2 9203 9207
2 9204 9208
2 9205 9209
2 9206 9210
2 9207 9211
2 9207 10026
2 9208 9212
2 9208 10027
2 9209 9213
2 9209 10028
2 9210 9214
2 9210 10029
2 9211 9215
2 9211 10030
2 9212 9216
2 9212 10031
2 9213 9217
2 9213 10032
2 9214 9218
2 9214 10033
2 9215 14085
2 9216 14086
2 9217 11219
2 9217 14087
2 9218 11220
2 9218 14088
2 9219 9220
2 9219 9607
2 9219 10297
2 9220 9221
2 9221 9222
2 9221 10074
2 9222 9223
2 9222 10075
2 9223 11225
2 9223 14121
2 9224 9228
2 9224 9627
2 9225 9229
2 9226 9230
2 9226 9628
2 9226 10271
2 9227 9231
2 9227 10272
2 9228 9232
2 9229 9233
2 9230 9234
2 9231 9235
2 9232 9236
2 9232 10058
2 9233 9237
2 9233 10059
2 9234 9238
2 9234 10060
2 9235 9239
2 9235 10061
2 9236 9240
2 9236 10062
2 9237 9241
2 9237 10063
2 9238 9242
2 9238 10064
2 9239 9243
2 9239 10065
2 9240 14111
2 9241 14112
2 9242 11223
2 9242 14113
2 9243 11224
2 9243 14114
2 9244 9246
2 9244 9248
2 9244 9834
2 9244 10125
2 9245 9247
2 9245 9249
2 9245 10126
2 9246 9332
2 9246 9406
2 9246 9842
2 9247 9333
2 9247 9407
2 9247 9843
2 9248 9250
2 9249 9251
2 9250 9252
2 9250 10321
2 9251 9253
2 9251 10322
2 9252 9492
2 9252 10360
2 9253 9493
2 9253 10361
2 9254 9256
2 9254 10444
2 9254 10446
2 9254 10448
2 9255 9257
2 9255 10445
2 9255 10447
2 9255 10449
2 9256 10156
2 9256 10450
2 9256 10451
2 9257 10157
2 9258 9260
2 9258 9262
2 9258 9810
2 9259 9261
2 9259 9263
2 9259 9811
2 9259 10122
2 9260 9384
2 9260 9472
2 9260 9846
2 9261 9385
2 9261 9473
2 9261 9847
2 9262 9264
2 9263 9265
2 9264 9266
2 9264 10319
2 9265 9267
2 9265 10320
2 9266 9484
2 9266 10362
2 9267 9485
2 9267 10363
2 9268 9269
2 9268 10456
2 9268 10457
2 9268 10458
2 9269 10172
2 9269 10459
2 9269 10460
2 9270 9272
2 9270 9274
2 9270 9802
2 9270 10131
2 9271 9273
2 9271 9275
2 9271 9803
2 9271 10132
2 9272 9396
2 9272 9416
2 9272 9838
2 9273 9397
2 9273 9417
2 9273 9839
2 9274 9276
2 9275 9277
2 9276 9278
2 9276 10331
2 9277 9279
2 9277 10332
2 9278 9497
2 9278 10372
2 9279 9498
2 9279 10373
2 9280 9282
2 9280 10684
2 9280 10686
2 9280 10688
2 9281 9283
2 9281 10685
2 9281 10687
2 9281 10689
2 9282 10150
2 9282 10680
2 9282 10682
2 9283 10151
2 9283 10681
2 9283 10683
2 9284 9292
2 9284 9300
2 9284 9818
2 9285 9293
2 9285 9301
2 9285 9819
2 9286 9294
2 9286 9302
2 9287 9295
2 9287 9303
2 9288 9296
2 9288 9304
2 9288 9820
2 9288 10110
2 9289 9297
2 9289 9305
2 9289 9821
2 9289 10111
2 9290 9298
2 9290 9306
2 9290 10112
2 9291 9299
2 9291 9307
2 9291 10113
2 9292 9344
2 9292 9428
2 9292 9850
2 9293 9345
2 9293 9429
2 9293 9851
2 9294 9346
2 9294 9430
2 9294 9852
2 9295 9347
2 9295 9431
2 9295 9853
2 9296 9348
2 9296 9432
2 9296 9854
2 9297 9349
2 9297 9433
2 9297 9855
2 9298 9350
2 9298 9434
2 9298 9856
2 9299 9351
2 9299 9435
2 9299 9857
2 9300 9308
2 9301 9309
2 9302 9310
2 9303 9311
2 9304 9312
2 9305 9313
2 9306 9314
2 9307 9315
2 9308 9316
2 9308 10323
2 9309 9317
2 9309 10324
2 9310 9318
2 9310 10325
2 9311 9319
2 9311 10326
2 9312 9320
2 9312 10327
2 9313 9321
2 9313 10328
2 9314 9322
2 9314 10329
2 9315 9323
2 9315 10330
2 9316 9505
2 9316 10364
2 9317 9506
2 9317 10365
2 9318 9507
2 9318 10366
2 9319 9508
2 9319 10367
2 9320 9509
2 9320 10368
2 9321 9510
2 9321 10369
2 9322 9511
2 9322 10370
2 9323 9512
2 9323 10371
2 9324 9328
2 9324 10690
2 9324 10694
2 9324 10698
2 9325 9329
2 9325 10691
2 9325 10695
2 9325 10699
2 9326 9330
2 9326 10692
2 9326 10696
2 9326 10700
2 9327 9331
2 9327 10693
2 9327 10697
2 9327 10701
2 9328 10166
2 9328 10702
2 9328 10704
2 9329 10167
2 9329 10703
2 9329 10705
2 9330 10168
2 9331 10169
2 9332 9334
2 9332 9790
2 9332 10356
2 9333 9335
2 9333 9791
2 9333 10357
2 9334 9336
2 9335 9337
2 9336 9338
2 9336 10104
2 9337 9339
2 9337 10105
2 9338 9599
2 9338 10177
2 9339 9600
2 9339 10178
2 9340 9342
2 9340 10931
2 9340 10933
2 9340 10935
2 9341 9343
2 9341 10932
2 9341 10934
2 9341 10936
2 9342 9885
2 9342 10927
2 9342 10929
2 9343 9886
2 9343 10928
2 9343 10930
2 9344 9352
2 9344 9778
2 9345 9353
2 9346 9354
2 9346 9779
2 9347 9355
2 9348 9356
2 9348 9780
2 9348 10344
2 9349 9357
2 9349 10345
2 9350 9358
2 9350 9781
2 9350 10346
2 9351 9359
2 9351 10347
2 9352 9360
2 9353 9361
2 9354 9362
2 9355 9363
2 9356 9364
2 9357 9365
2 9358 9366
2 9359 9367
2 9360 9368
2 9360 10096
2 9361 9369
2 9361 10097
2 9362 9370
2 9362 10098
2 9363 9371
2 9363 10099
2 9364 9372
2 9364 10100
2 9365 9373
2 9365 10101
2 9366 9374
2 9366 10102
2 9367 9375
2 9367 10103
2 9368 9579
2 9368 10179
2 9369 9580
2 9369 10180
2 9370 9581
2 9370 10181
2 9371 9582
2 9371 10182
2 9372 9583
2 9372 10183
2 9373 9584
2 9373 10184
2 9374 9585
2 9374 10185
2 9375 9586
2 9375 10186
2 9376 9380
2 9376 10949
2 9376 10953
2 9376 10957
2 9377 9381
2 9377 10950
2 9377 10954
2 9377 10958
2 9378 9382
2 9378 10951
2 9378 10955
2 9378 10959
2 9379 9383
2 9379 10952
2 9379 10956
2 9379 10960
2 9380 9874
2 9381 9875
2 9382 9876
2 9382 10945
2 9382 10947
2 9383 9877
2 9383 10946
2 9383 10948
2 9384 9386
2 9384 9796
2 9385 9387
2 9385 9797
2 9385 10342
2 9386 9388
2 9387 9389
2 9388 9390
2 9388 10108
2 9389 9391
2 9389 10109
2 9390 9566
2 9390 10175
2 9391 9567
2 9391 10176
2 9392 9394
2 9392 10841
2 9392 10843
2 9392 10845
2 9393 9395
2 9393 10842
2 9393 10844
2 9393 10846
2 9394 9891
2 9395 9892
2 9395 10839
2 9395 10840
2 9396 9398
2 9396 9775
2 9396 10352
2 9397 9399
2 9397 10353
2 9398 9400
2 9399 9401
2 9400 9402
2 9400 10106
2 9401 9403
2 9401 10107
2 9402 9571
2 9402 10173
2 9403 9572
2 9403 10174
2 9404 9405
2 9404 10824
2 9404 10825
2 9404 10826
2 9405 9880
2 9405 10827
2 9405 10828
2 9406 9408
2 9406 10092
2 9406 10337
2 9407 9409
2 9407 10093
2 9408 9410
2 9409 9411
2 9410 9412
2 9410 9844
2 9411 9413
2 9411 9845
2 9412 9553
2 9412 9905
2 9413 9554
2 9413 9906
2 9414 9415
2 9414 11004
2 9414 11005
2 9414 11006
2 9415 10385
2 9415 11007
2 9415 11008
2 9416 9418
2 9416 10086
2 9416 10335
2 9417 9419
2 9417 10336
2 9418 9420
2 9419 9421
2 9420 9422
2 9420 9840
2 9421 9423
2 9421 9841
2 9422 9561
2 9422 9903
2 9423 9562
2 9423 9904
2 9424 9426
2 9424 11017
2 9424 11019
2 9424 11021
2 9425 9427
2 9425 11018
2 9425 11020
2 9425 11022
2 9426 10402
2 9426 11015
2 9426 11016
2 9427 10403
2 9428 9436
2 9428 10078
2 9428 10338
2 9429 9437
2 9429 10339
2 9430 9438
2 9430 10079
2 9431 9439
2 9432 9440
2 9432 10080
2 9432 10340
2 9433 9441
2 9433 10341
2 9434 9442
2 9434 10081
2 9435 9443
2 9436 9444
2 9437 9445
2 9438 9446
2 9439 9447
2 9440 9448
2 9441 9449
2 9442 9450
2 9443 9451
2 9444 9452
2 9444 9858
2 9445 9453
2 9445 9859
2 9446 9454
2 9446 9860
2 9447 9455
2 9447 9861
2 9448 9456
2 9448 9862
2 9449 9457
2 9449 9863
2 9450 9458
2 9450 9864
2 9451 9459
2 9451 9865
2 9452 9533
2 9452 9893
2 9453 9534
2 9453 9894
2 9454 9535
2 9454 9895
2 9455 9536
2 9455 9896
2 9456 9537
2 9456 9897
2 9457 9538
2 9457 9898
2 9458 9539
2 9458 9899
2 9459 9540
2 9459 9900
2 9460 9464
2 9461 9465
2 9462 9466
2 9463 9467
2 9464 9468
2 9464 11103
2 9464 11107
2 9465 9469
2 9465 11104
2 9465 11108
2 9466 9470
2 9466 11105
2 9466 11109
2 9467 9471
2 9467 11106
2 9467 11110
2 9468 10394
2 9468 11099
2 9468 11101
2 9469 10395
2 9470 10396
2 9470 11100
2 9470 11102
2 9471 10397
2 9472 9474
2 9472 10088
2 9472 10333
2 9473 9475
2 9473 10089
2 9473 10334
2 9474 9476
2 9475 9477
2 9476 9478
2 9476 9848
2 9477 9479
2 9477 9849
2 9478 9525
2 9478 9901
2 9479 9526
2 9479 9902
2 9480 9482
2 9480 11077
2 9480 11079
2 9480 11081
2 9481 9483
2 9481 11078
2 9481 11080
2 9481 11082
2 9482 10408
2 9482 11083
2 9482 11085
2 9483 10409
2 9483 11084
2 9483 11086
2 9484 9486
2 9484 11302
2 9485 9487
2 9485 11303
2 9486 9488
2 9487 9489
2 9488 9490
2 9488 10856
2 9488 10858
2 9489 9491
2 9489 10857
2 9489 10859
2 9490 9816
2 9491 9817
2 9491 10860
2 9491 10861
2 9492 9494
2 9492 11290
2 9493 11291
2 9494 9495
2 9495 9496
2 9495 10873
2 9495 10874
2 9496 9837
2 9496 10871
2 9496 10872
2 9497 9499
2 9497 11362
2 9498 9500
2 9498 11363
2 9499 9501
2 9500 9502
2 9501 9503
2 9501 10776
2 9501 10778
2 9502 9504
2 9502 10777
2 9502 10779
2 9503 9808
2 9503 10772
2 9503 10774
2 9504 9809
2 9504 10773
2 9504 10775
2 9505 9513
2 9505 11344
2 9506 9514
2 9506 11345
2 9507 11346
2 9508 11347
2 9509 9515
2 9509 11348
2 9510 9516
2 9510 11349
2 9511 11350
2 9512 11351
2 9513 9517
2 9514 9518
2 9515 9519
2 9516 9520
2 9517 9521
2 9517 10742
2 9517 10746
2 9518 9522
2 9518 10743
2 9518 10747
2 9519 9523
2 9519 10744
2 9519 10748
2 9520 9524
2 9520 10745
2 9520 10749
2 9521 9830
2 9522 9831
2 9523 9832
2 9523 10750
2 9523 10752
2 9524 9833
2 9524 10751
2 9524 10753
2 9525 9527
2 9526 9528
2 9527 9529
2 9528 9530
2 9529 9531
2 9529 10539
2 9529 10541
2 9530 9532
2 9530 10540
2 9530 10542
2 9531 10090
2 9531 10535
2 9531 10537
2 9532 10091
2 9532 10536
2 9532 10538
2 9533 9541
2 9535 9542
2 9537 9543
2 9539 9544
2 9541 9545
2 9542 9546
2 9543 9547
2 9544 9548
2 9545 9549
2 9545 10521
2 9545 10525
2 9546 9550
2 9546 10522
2 9546 10526
2 9547 9551
2 9547 10523
2 9547 10527
2 9548 9552
2 9548 10524
2 9548 10528
2 9549 10082
2 9549 10517
2 9549 10519
2 9550 10083
2 9551 10084
2 9551 10518
2 9551 10520
2 9552 10085
2 9553 9555
2 9554 9556
2 9555 9557
2 9556 9558
2 9557 9559
2 9557 10625
2 9557 10627
2 9558 9560
2 9558 10626
2 9558 10628
2 9559 10094
2 9559 10629
2 9559 10630
2 9560 10095
2 9561 9563
2 9563 9564
2 9564 9565
2 9564 10642
2 9564 10643
2 9565 10087
2 9565 10640
2 9565 10641
2 9566 13726
2 9567 9568
2 9567 13727
2 9568 9569
2 9569 9570
2 9569 11047
2 9569 11048
2 9570 10343
2 9570 11045
2 9570 11046
2 9571 9573
2 9571 13716
2 9572 9574
2 9572 13717
2 9573 9575
2 9574 9576
2 9575 9577
2 9575 11030
2 9575 11032
2 9576 9578
2 9576 11031
2 9576 11033
2 9577 10354
2 9577 11034
2 9577 11035
2 9578 10355
2 9579 13770
2 9580 13771
2 9581 13772
2 9582 13773
2 9583 9587
2 9583 13774
2 9584 9588
2 9584 13775
2 9585 9589
2 9585 13776
2 9586 9590
2 9586 13777
2 9587 9591
2 9588 9592
2 9589 9593
2 9590 9594
2 9591 9595
2 9591 11139
2 9591 11143
2 9592 9596
2 9592 11140
2 9592 11144
2 9593 9597
2 9593 11141
2 9593 11145
2 9594 9598
2 9594 11142
2 9594 11146
2 9595 10348
2 9595 11147
2 9595 11149
2 9596 10349
2 9597 10350
2 9597 11148
2 9597 11150
2 9598 10351
2 9599 9601
2 9599 13736
2 9600 9602
2 9600 13737
2 9601 9603
2 9602 9604
2 9603 9605
2 9603 10972
2 9603 10974
2 9604 9606
2 9604 10973
2 9604 10975
2 9605 10358
2 9605 10968
2 9605 10970
2 9606 10359
2 9606 10969
2 9606 10971
2 9607 9608
2 9608 9609
2 9608 9968
2 9609 9610
2 9609 9969
2 9610 9878
2 9610 10831
2 9611 9615
2 9612 9616
2 9613 9617
2 9614 9618
2 9615 9619
2 9615 9954
2 9616 9620
2 9616 9955
2 9617 9621
2 9617 9956
2 9618 9622
2 9618 9957
2 9619 9623
2 9619 9958
2 9620 9624
2 9620 9959
2 9621 9625
2 9621 9960
2 9622 9626
2 9622 9961
2 9623 9866
2 9623 11243
2 9624 9867
2 9624 11244
2 9625 9868
2 9625 11245
2 9626 9869
2 9626 11246
2 9627 9629
2 9628 9630
2 9629 9631
2 9629 9980
2 9630 9632
2 9630 9981
2 9631 9633
2 9631 9982
2 9632 9634
2 9632 9983
2 9633 9887
2 9633 11247
2 9634 9888
2 9634 11248
2 9635 9637
2 9636 9638
2 9637 9639
2 9637 9973
2 9638 9640
2 9638 9974
2 9639 9641
2 9639 9975
2 9640 9642
2 9640 9976
2 9641 9881
2 9641 11250
2 9642 9882
2 9642 11251
2 9643 9644
2 9643 10074
2 9643 10251
2 9645 9646
2 9646 9647
2 9647 9648
2 9647 10620
2 9647 10621
2 9648 10418
2 9648 10618
2 9648 10619
2 9649 9653
2 9649 10042
2 9649 10235
2 9650 9654
2 9650 10043
2 9650 10236
2 9651 9655
2 9651 10044
2 9651 10237
2 9652 9656
2 9652 10045
2 9652 10238
2 9657 9661
2 9658 9662
2 9659 9663
2 9660 9664
2 9661 9665
2 9662 9666
2 9663 9667
2 9664 9668
2 9665 9669
2 9665 10648
2 9665 10652
2 9666 9670
2 9666 10649
2 9666 10653
2 9667 9671
2 9667 10650
2 9667 10654
2 9668 9672
2 9668 10651
2 9668 10655
2 9669 10410
2 9669 10656
2 9669 10660
2 9670 10411
2 9670 10657
2 9670 10661
2 9671 10412
2 9671 10658
2 9671 10662
2 9672 10413
2 9672 10659
2 9672 10663
2 9673 9677
2 9673 10026
2 9673 10255
2 9674 9678
2 9674 10027
2 9674 10256
2 9675 9679
2 9675 10028
2 9675 10257
2 9676 9680
2 9676 10029
2 9676 10258
2 9681 9685
2 9682 9686
2 9683 9687
2 9684 9688
2 9685 9689
2 9686 9690
2 9687 9691
2 9688 9692
2 9689 9693
2 9689 10587
2 9689 10591
2 9690 9694
2 9690 10588
2 9690 10592
2 9691 9695
2 9691 10589
2 9691 10593
2 9692 9696
2 9692 10590
2 9692 10594
2 9693 10419
2 9693 10595
2 9693 10599
2 9694 10420
2 9694 10596
2 9694 10600
2 9695 10421
2 9695 10597
2 9695 10601
2 9696 10422
2 9696 10598
2 9696 10602
2 9697 9701
2 9697 10058
2 9697 10219
2 9698 9702
2 9698 10059
2 9698 10220
2 9699 9703
2 9699 10060
2 9699 10221
2 9700 9704
2 9700 10061
2 9700 10222
2 9705 9709
2 9706 9710
2 9707 9711
2 9708 9712
2 9709 9713
2 9710 9714
2 9711 9715
2 9712 9716
2 9713 9717
2 9713 10563
2 9713 10567
2 9714 9718
2 9714 10564
2 9714 10568
2 9715 9719
2 9715 10565
2 9715 10569
2 9716 9720
2 9716 10566
2 9716 10570
2 9717 10414
2 9717 10555
2 9717 10559
2 9718 10415
2 9718 10556
2 9718 10560
2 9719 10416
2 9719 10557
2 9719 10561
2 9720 10417
2 9720 10558
2 9720 10562
2 9721 9722
2 9722 9723
2 9722 10309
2 9723 9724
2 9723 10310
2 9724 9725
2 9724 9911
2 9725 9726
2 9726 9727
2 9726 11189
2 9726 11190
2 9727 10213
2 9727 11187
2 9727 11188
2 9728 9732
2 9729 9733
2 9730 9734
2 9731 9735
2 9732 9736
2 9732 10301
2 9733 9737
2 9733 10302
2 9734 9738
2 9734 10303
2 9735 9739
2 9735 10304
2 9736 9740
2 9736 10305
2 9737 9741
2 9737 10306
2 9738 9742
2 9738 10307
2 9739 9743
2 9739 10308
2 9740 9907
2 9741 9908
2 9742 9744
2 9742 9909
2 9743 9745
2 9743 9910
2 9744 9746
2 9745 9747
2 9746 9748
2 9746 11170
2 9746 11172
2 9747 9749
2 9747 11171
2 9747 11173
2 9748 10216
2 9748 11174
2 9748 11176
2 9749 10217
2 9749 11175
2 9749 11177
2 9750 9752
2 9751 9753
2 9752 9754
2 9752 10315
2 9753 9755
2 9753 10316
2 9754 9756
2 9754 10317
2 9755 9757
2 9755 10318
2 9756 9758
2 9756 9914
2 9757 9759
2 9757 9915
2 9758 9760
2 9759 9761
2 9760 9762
2 9760 11191
2 9760 11193
2 9761 9763
2 9761 11192
2 9761 11194
2 9762 10214
2 9762 11195
2 9762 11197
2 9763 10215
2 9763 11196
2 9763 11198
2 9764 9766
2 9765 9767
2 9766 9768
2 9766 10311
2 9767 9769
2 9767 10312
2 9768 9770
2 9768 10313
2 9769 9771
2 9769 10314
2 9770 9912
2 9771 9772
2 9771 9913
2 9772 9773
2 9773 9774
2 9773 11168
2 9773 11169
2 9774 10218
2 9774 11166
2 9774 11167
2 9775 9776
2 9776 9777
2 9776 10086
2 9777 9878
2 9777 10137
2 9778 9782
2 9779 9783
2 9780 9784
2 9781 9785
2 9782 9786
2 9782 10078
2 9783 9787
2 9783 10079
2 9784 9788
2 9784 10080
2 9785 9789
2 9785 10081
2 9786 9866
2 9786 10138
2 9787 9867
2 9787 10139
2 9788 9868
2 9788 10140
2 9789 9869
2 9789 10141
2 9790 9792
2 9791 9793
2 9792 9794
2 9792 10092
2 9793 9795
2 9793 10093
2 9794 9881
2 9794 10144
2 9795 9882
2 9795 10145
2 9796 9798
2 9797 9799
2 9798 9800
2 9798 10088
2 9799 9801
2 9799 10089
2 9800 9887
2 9800 10142
2 9801 9888
2 9801 10143
2 9802 9804
2 9803 9805
2 9804 9806
2 9804 10335
2 9805 9807
2 9805 10336
2 9806 9914
2 9806 10398
2 9807 9915
2 9807 10399
2 9808 10766
2 9808 10768
2 9808 10770
2 9809 10767
2 9809 10769
2 9809 10771
2 9810 9812
2 9811 9813
2 9812 9814
2 9812 10333
2 9813 9815
2 9813 10334
2 9814 9912
2 9814 10404
2 9815 9913
2 9815 10405
2 9816 10862
2 9816 10864
2 9816 10866
2 9817 10863
2 9817 10865
2 9817 10867
2 9818 9822
2 9819 9823
2 9820 9824
2 9821 9825
2 9822 9826
2 9822 10338
2 9823 9827
2 9823 10339
2 9824 9828
2 9824 10340
2 9825 9829
2 9825 10341
2 9826 9907
2 9826 10386
2 9827 9908
2 9827 10387
2 9828 9909
2 9828 10388
2 9829 9910
2 9829 10389
2 9830 10754
2 9830 10758
2 9830 10762
2 9831 10755
2 9831 10759
2 9831 10763
2 9832 10756
2 9832 10760
2 9832 10764
2 9833 10757
2 9833 10761
2 9833 10765
2 9834 9835
2 9835 9836
2 9835 10337
2 9836 9911
2 9836 10383
2 9837 10868
2 9837 10869
2 9837 10870
2 9838 9840
2 9838 10106
2 9838 10331
2 9839 9841
2 9839 10107
2 9839 10332
2 9842 9844
2 9842 10104
2 9842 10321
2 9843 9845
2 9843 10105
2 9843 10322
2 9846 9848
2 9846 10108
2 9846 10319
2 9847 9849
2 9847 10109
2 9847 10320
2 9850 9858
2 9850 10096
2 9850 10323
2 9851 9859
2 9851 10097
2 9851 10324
2 9852 9860
2 9852 10098
2 9852 10325
2 9853 9861
2 9853 10099
2 9853 10326
2 9854 9862
2 9854 10100
2 9854 10327
2 9855 9863
2 9855 10101
2 9855 10328
2 9856 9864
2 9856 10102
2 9856 10329
2 9857 9865
2 9857 10103
2 9857 10330
2 9866 9870
2 9867 9871
2 9868 9872
2 9869 9873
2 9870 9874
2 9871 9875
2 9872 9876
2 9873 9877
2 9874 10937
2 9874 10941
2 9875 10938
2 9875 10942
2 9876 10939
2 9876 10943
2 9877 10940
2 9877 10944
2 9878 9879
2 9879 9880
2 9880 10829
2 9880 10830
2 9881 9883
2 9882 9884
2 9883 9885
2 9884 9886
2 9885 10923
2 9885 10925
2 9886 10924
2 9886 10926
2 9887 9889
2 9888 9890
2 9889 9891
2 9890 9892
2 9891 10835
2 9891 10837
2 9892 10836
2 9892 10838
2 9893 10573
2 9894 10574
2 9895 10575
2 9896 10576
2 9897 10577
2 9898 10578
2 9899 10579
2 9900 10580
2 9901 10585
2 9902 10586
2 9903 10644
2 9904 10645
2 9905 10622
2 9906 10623
2 9909 11232
2 9910 11233
2 9911 10880
2 9913 11234
2 9914 11239
2 9915 11240
2 9916 9918
2 9916 10471
2 9916 10473
2 9916 10475
2 9917 9919
2 9917 10472
2 9917 10474
2 9917 10476
2 9918 10283
2 9918 10467
2 9918 10469
2 9919 10284
2 9919 10468
2 9919 10470
2 9920 9921
2 9920 10481
2 9920 10482
2 9920 10483
2 9921 10300
2 9921 10479
2 9921 10480
2 9922 9923
2 9922 10502
2 9922 10503
2 9922 10504
2 9923 10276
2 9923 10500
2 9923 10501
2 9924 9926
2 9924 10484
2 9924 10486
2 9924 10488
2 9925 9927
2 9925 10485
2 9925 10487
2 9925 10489
2 9926 10295
2 9926 10490
2 9926 10492
2 9927 10296
2 9927 10491
2 9927 10493
2 9928 9932
2 9928 11111
2 9928 11115
2 9928 11119
2 9929 9933
2 9929 11112
2 9929 11116
2 9929 11120
2 9930 9934
2 9930 11113
2 9930 11117
2 9930 11121
2 9931 9935
2 9931 11114
2 9931 11118
2 9931 11122
2 9932 10038
2 9932 11123
2 9932 11127
2 9933 10039
2 9933 11124
2 9933 11128
2 9934 10040
2 9934 11125
2 9934 11129
2 9935 10041
2 9935 11126
2 9935 11130
2 9936 9940
2 9936 11065
2 9936 11069
2 9936 11073
2 9937 9941
2 9937 11066
2 9937 11070
2 9937 11074
2 9938 9942
2 9938 11067
2 9938 11071
2 9938 11075
2 9939 9943
2 9939 11068
2 9939 11072
2 9939 11076
2 9940 10070
2 9940 11057
2 9940 11061
2 9941 10071
2 9941 11058
2 9941 11062
2 9942 10072
2 9942 11059
2 9942 11063
2 9943 10073
2 9943 11060
2 9943 11064
2 9944 9948
2 9944 10992
2 9944 10996
2 9944 11000
2 9945 9949
2 9945 10993
2 9945 10997
2 9945 11001
2 9946 9950
2 9946 10994
2 9946 10998
2 9946 11002
2 9947 9951
2 9947 10995
2 9947 10999
2 9947 11003
2 9948 10054
2 9948 10984
2 9948 10988
2 9949 10055
2 9949 10985
2 9949 10989
2 9950 10056
2 9950 10986
2 9950 10990
2 9951 10057
2 9951 10987
2 9951 10991
2 9952 9953
2 9952 11023
2 9952 11024
2 9952 11025
2 9953 10077
2 9953 11026
2 9953 11027
2 9958 9962
2 9958 10138
2 9959 10139
2 9960 9963
2 9960 10140
2 9961 10141
2 9962 9964
2 9963 9965
2 9964 9966
2 9964 10909
2 9964 10911
2 9965 9967
2 9965 10910
2 9965 10912
2 9966 10424
2 9966 10913
2 9966 10915
2 9967 10425
2 9967 10914
2 9967 10916
2 9969 9970
2 9969 10137
2 9970 9971
2 9971 9972
2 9971 10881
2 9971 10882
2 9972 10428
2 9972 10883
2 9972 10884
2 9975 9977
2 9975 10144
2 9976 10145
2 9977 9978
2 9978 9979
2 9978 10907
2 9978 10908
2 9979 10423
2 9979 10905
2 9979 10906
2 9982 9984
2 9982 10142
2 9983 9985
2 9983 10143
2 9984 9986
2 9985 9987
2 9986 9988
2 9986 10888
2 9986 10890
2 9987 9989
2 9987 10889
2 9987 10891
2 9988 10426
2 9988 10892
2 9988 10894
2 9989 10427
2 9989 10893
2 9989 10895
2 9990 9992
2 9991 9993
2 9992 9994
2 9992 10277
2 9993 9995
2 9993 10278
2 9994 9996
2 9994 10279
2 9995 9997
2 9995 10280
2 9996 10152
2 9996 10442
2 9997 10153
2 9997 10443
2 9998 10000
2 9999 10001
2 10000 10002
2 10000 10271
2 10001 10003
2 10001 10272
2 10002 10004
2 10002 10273
2 10003 10005
2 10003 10274
2 10004 10146
2 10004 10429
2 10005 10147
2 10005 10430
2 10006 10007
2 10007 10008
2 10007 10297
2 10008 10009
2 10008 10298
2 10009 10170
2 10009 10439
2 10010 10014
2 10011 10015
2 10012 10016
2 10013 10017
2 10014 10018
2 10014 10285
2 10015 10019
2 10015 10286
2 10016 10020
2 10016 10287
2 10017 10021
2 10017 10288
2 10018 10022
2 10018 10289
2 10019 10023
2 10019 10290
2 10020 10024
2 10020 10291
2 10021 10025
2 10021 10292
2 10022 10158
2 10022 10434
2 10023 10159
2 10023 10435
2 10024 10160
2 10024 10436
2 10025 10161
2 10025 10437
2 10030 10034
2 10030 14703
2 10031 10035
2 10031 14704
2 10032 10036
2 10032 14705
2 10033 10037
2 10033 14706
2 10034 10038
2 10035 10039
2 10036 10040
2 10037 10041
2 10038 11131
2 10038 11135
2 10039 11132
2 10039 11136
2 10040 11133
2 10040 11137
2 10041 11134
2 10041 11138
2 10046 10050
2 10046 14699
2 10047 10051
2 10047 14700
2 10048 10052
2 10048 14701
2 10049 10053
2 10049 14702
2 10050 10054
2 10051 10055
2 10052 10056
2 10053 10057
2 10054 10976
2 10054 10980
2 10055 10977
2 10055 10981
2 10056 10978
2 10056 10982
2 10057 10979
2 10057 10983
2 10062 10066
2 10062 14708
2 10063 10067
2 10063 14709
2 10064 10068
2 10064 14710
2 10065 10069
2 10065 14711
2 10066 10070
2 10067 10071
2 10068 10072
2 10069 10073
2 10070 11049
2 10070 11053
2 10071 11050
2 10071 11054
2 10072 11051
2 10072 11055
2 10073 11052
2 10073 11056
2 10075 10076
2 10075 14707
2 10076 10077
2 10077 11028
2 10077 11029
2 10082 10505
2 10082 10509
2 10082 10513
2 10083 10506
2 10083 10510
2 10083 10514
2 10084 10507
2 10084 10511
2 10084 10515
2 10085 10508
2 10085 10512
2 10085 10516
2 10087 10637
2 10087 10638
2 10087 10639
2 10090 10529
2 10090 10531
2 10090 10533
2 10091 10530
2 10091 10532
2 10091 10534
2 10094 10631
2 10094 10633
2 10094 10635
2 10095 10632
2 10095 10634
2 10095 10636
2 10110 10114
2 10111 10115
2 10112 10116
2 10113 10117
2 10114 10118
2 10114 10344
2 10115 10119
2 10115 10345
2 10116 10120
2 10116 10346
2 10117 10121
2 10117 10347
2 10118 10158
2 10118 10379
2 10119 10159
2 10119 10380
2 10120 10160
2 10120 10381
2 10121 10161
2 10121 10382
2 10122 10123
2 10123 10124
2 10123 10342
2 10124 10170
2 10124 10378
2 10125 10127
2 10126 10128
2 10127 10129
2 10127 10356
2 10128 10130
2 10128 10357
2 10129 10152
2 10129 10374
2 10130 10153
2 10130 10375
2 10131 10133
2 10132 10134
2 10133 10135
2 10133 10352
2 10134 10136
2 10134 10353
2 10135 10146
2 10135 10376
2 10136 10147
2 10136 10377
2 10137 10834
2 10138 11241
2 10140 11242
2 10142 10832
2 10143 10833
2 10144 11249
2 10146 10148
2 10147 10149
2 10148 10150
2 10149 10151
2 10150 10676
2 10150 10678
2 10151 10677
2 10151 10679
2 10152 10154
2 10153 10155
2 10154 10156
2 10155 10157
2 10156 10452
2 10156 10454
2 10157 10453
2 10157 10455
2 10158 10162
2 10159 10163
2 10160 10164
2 10161 10165
2 10162 10166
2 10163 10167
2 10164 10168
2 10165 10169
2 10166 10706
2 10166 10710
2 10167 10707
2 10167 10711
2 10168 10708
2 10168 10712
2 10169 10709
2 10169 10713
2 10170 10171
2 10171 10172
2 10172 10461
2 10172 10462
2 10173 11226
2 10173 14559
2 10174 11227
2 10174 14560
2 10175 11221
2 10175 14551
2 10176 11222
2 10176 14552
2 10177 11205
2 10177 14599
2 10178 11206
2 10178 14600
2 10179 11211
2 10179 14573
2 10180 11212
2 10180 14574
2 10181 11213
2 10181 14575
2 10182 11214
2 10182 14576
2 10183 11215
2 10183 14577
2 10184 11216
2 10184 14578
2 10185 11217
2 10185 14579
2 10186 11218
2 10186 14580
2 10187 10188
2 10187 10847
2 10187 10848
2 10187 10849
2 10188 10254
2 10188 10850
2 10188 10851
2 10189 10193
2 10189 10812
2 10189 10816
2 10189 10820
2 10190 10194
2 10190 10813
2 10190 10817
2 10190 10821
2 10191 10195
2 10191 10814
2 10191 10818
2 10191 10822
2 10192 10196
2 10192 10815
2 10192 10819
2 10192 10823
2 10193 10231
2 10193 10804
2 10193 10808
2 10194 10232
2 10194 10805
2 10194 10809
2 10195 10233
2 10195 10806
2 10195 10810
2 10196 10234
2 10196 10807
2 10196 10811
2 10197 10201
2 10197 11268
2 10197 11272
2 10197 11276
2 10198 10202
2 10198 11269
2 10198 11273
2 10198 11277
2 10199 10203
2 10199 11270
2 10199 11274
2 10199 11278
2 10200 10204
2 10200 11271
2 10200 11275
2 10200 11279
2 10201 10267
2 10201 11260
2 10201 11264
2 10202 10268
2 10202 11261
2 10202 11265
2 10203 10269
2 10203 11262
2 10203 11266
2 10204 10270
2 10204 11263
2 10204 11267
2 10205 10209
2 10205 10714
2 10205 10718
2 10205 10722
2 10206 10210
2 10206 10715
2 10206 10719
2 10206 10723
2 10207 10211
2 10207 10716
2 10207 10720
2 10207 10724
2 10208 10212
2 10208 10717
2 10208 10721
2 10208 10725
2 10209 10247
2 10209 10726
2 10209 10730
2 10210 10248
2 10210 10727
2 10210 10731
2 10211 10249
2 10211 10728
2 10211 10732
2 10212 10250
2 10212 10729
2 10212 10733
2 10213 11184
2 10213 11185
2 10213 11186
2 10214 11199
2 10214 11201
2 10214 11203
2 10215 11200
2 10215 11202
2 10215 11204
2 10216 11178
2 10216 11180
2 10216 11182
2 10217 11179
2 10217 11181
2 10217 11183
2 10218 11163
2 10218 11164
2 10218 11165
2 10223 10227
2 10223 12618
2 10224 10228
2 10224 12619
2 10225 10229
2 10225 12620
2 10226 10230
2 10226 12621
2 10227 10231
2 10228 10232
2 10229 10233
2 10230 10234
2 10231 10796
2 10231 10800
2 10232 10797
2 10232 10801
2 10233 10798
2 10233 10802
2 10234 10799
2 10234 10803
2 10239 10243
2 10239 12614
2 10240 10244
2 10240 12615
2 10241 10245
2 10241 12616
2 10242 10246
2 10242 12617
2 10243 10247
2 10244 10248
2 10245 10249
2 10246 10250
2 10247 10734
2 10247 10738
2 10248 10735
2 10248 10739
2 10249 10736
2 10249 10740
2 10250 10737
2 10250 10741
2 10252 10253
2 10252 12626
2 10253 10254
2 10254 10852
2 10254 10853
2 10259 10263
2 10259 12622
2 10260 10264
2 10260 12623
2 10261 10265
2 10261 12624
2 10262 10266
2 10262 12625
2 10263 10267
2 10264 10268
2 10265 10269
2 10266 10270
2 10267 11252
2 10267 11256
2 10268 11253
2 10268 11257
2 10269 11254
2 10269 11258
2 10270 11255
2 10270 11259
2 10273 10275
2 10273 10376
2 10274 10377
2 10275 10276
2 10276 10498
2 10276 10499
2 10279 10281
2 10279 10374
2 10280 10282
2 10280 10375
2 10281 10283
2 10282 10284
2 10283 10463
2 10283 10465
2 10284 10464
2 10284 10466
2 10289 10293
2 10289 10379
2 10290 10380
2 10291 10294
2 10291 10381
2 10292 10382
2 10293 10295
2 10294 10296
2 10295 10494
2 10295 10496
2 10296 10495
2 10296 10497
2 10298 10299
2 10298 10378
2 10299 10300
2 10300 10477
2 10300 10478
2 10305 10386
2 10305 11228
2 10306 10387
2 10306 11229
2 10307 10388
2 10307 11230
2 10308 10389
2 10308 11231
2 10310 10383
2 10310 10879
2 10313 10404
2 10313 11235
2 10314 10405
2 10314 11236
2 10317 10398
2 10317 11237
2 10318 10399
2 10318 11238
2 10343 11042
2 10343 11043
2 10343 11044
2 10348 11151
2 10348 11155
2 10348 11159
2 10349 11152
2 10349 11156
2 10349 11160
2 10350 11153
2 10350 11157
2 10350 11161
2 10351 11154
2 10351 11158
2 10351 11162
2 10354 11036
2 10354 11038
2 10354 11040
2 10355 11037
2 10355 11039
2 10355 11041
2 10358 10962
2 10358 10964
2 10358 10966
2 10359 10963
2 10359 10965
2 10359 10967
2 10360 10877
2 10360 12480
2 10361 10878
2 10361 12481
2 10362 10854
2 10362 12472
2 10363 10855
2 10363 12473
2 10364 10784
2 10364 12502
2 10365 10785
2 10365 12503
2 10366 10786
2 10366 12504
2 10367 10787
2 10367 12505
2 10368 10788
2 10368 12506
2 10369 10789
2 10369 12507
2 10370 10790
2 10370 12508
2 10371 10791
2 10371 12509
2 10372 10780
2 10372 12488
2 10373 10781
2 10373 12489
2 10374 10440
2 10375 10441
2 10376 10431
2 10378 10438
2 10379 10432
2 10381 10433
2 10383 10384
2 10384 10385
2 10385 11009
2 10385 11010
2 10386 10390
2 10387 10391
2 10388 10392
2 10389 10393
2 10390 10394
2 10391 10395
2 10392 10396
2 10393 10397
2 10394 11091
2 10394 11095
2 10395 11092
2 10395 11096
2 10396 11093
2 10396 11097
2 10397 11094
2 10397 11098
2 10398 10400
2 10399 10401
2 10400 10402
2 10401 10403
2 10402 11011
2 10402 11013
2 10403 11012
2 10403 11014
2 10404 10406
2 10405 10407
2 10406 10408
2 10407 10409
2 10408 11087
2 10408 11089
2 10409 11088
2 10409 11090
2 10410 10664
2 10410 10668
2 10410 10672
2 10411 10665
2 10411 10669
2 10411 10673
2 10412 10666
2 10412 10670
2 10412 10674
2 10413 10667
2 10413 10671
2 10413 10675
2 10414 10543
2 10414 10547
2 10414 10551
2 10415 10544
2 10415 10548
2 10415 10552
2 10416 10545
2 10416 10549
2 10416 10553
2 10417 10546
2 10417 10550
2 10417 10554
2 10418 10615
2 10418 10616
2 10418 10617
2 10419 10603
2 10419 10607
2 10419 10611
2 10420 10604
2 10420 10608
2 10420 10612
2 10421 10605
2 10421 10609
2 10421 10613
2 10422 10606
2 10422 10610
2 10422 10614
2 10423 10902
2 10423 10903
2 10423 10904
2 10424 10917
2 10424 10919
2 10424 10921
2 10425 10918
2 10425 10920
2 10425 10922
2 10426 10896
2 10426 10898
2 10426 10900
2 10427 10897
2 10427 10899
2 10427 10901
2 10428 10885
2 10428 10886
2 10428 10887
2 11280 11282
2 11280 11284
2 11280 11994
2 11280 12265
2 11281 11283
2 11281 11285
2 11281 12266
2 11282 11364
2 11282 11434
2 11282 11897
2 11283 11365
2 11283 11435
2 11283 11898
2 11284 11286
2 11285 11287
2 11286 11288
2 11286 12478
2 11287 11289
2 11287 12479
2 11288 11290
2 11288 12480
2 11289 11291
2 11289 12481
2 11290 13008
2 11292 11294
2 11292 11296
2 11292 11983
2 11293 11295
2 11293 11297
2 11293 11984
2 11293 12253
2 11294 11384
2 11294 11494
2 11294 11957
2 11295 11385
2 11295 11495
2 11295 11958
2 11296 11298
2 11297 11299
2 11298 11300
2 11298 12470
2 11299 11301
2 11299 12471
2 11300 11302
2 11300 12472
2 11301 11303
2 11301 12473
2 11302 13013
2 11303 13014
2 11304 11312
2 11304 11320
2 11304 12001
2 11305 11313
2 11305 11321
2 11305 12002
2 11306 11314
2 11306 11322
2 11307 11315
2 11307 11323
2 11308 11316
2 11308 11324
2 11308 12003
2 11308 12237
2 11309 11317
2 11309 11325
2 11309 12004
2 11309 12238
2 11310 11318
2 11310 11326
2 11310 12239
2 11311 11319
2 11311 11327
2 11311 12240
2 11312 11394
2 11312 11444
2 11312 11909
2 11313 11395
2 11313 11445
2 11313 11910
2 11314 11396
2 11314 11446
2 11314 11911
2 11315 11397
2 11315 11447
2 11315 11912
2 11316 11398
2 11316 11448
2 11316 11913
2 11317 11399
2 11317 11449
2 11317 11914
2 11318 11400
2 11318 11450
2 11318 11915
2 11319 11401
2 11319 11451
2 11319 11916
2 11320 11328
2 11321 11329
2 11322 11330
2 11323 11331
2 11324 11332
2 11325 11333
2 11326 11334
2 11327 11335
2 11328 11336
2 11328 12494
2 11329 11337
2 11329 12495
2 11330 11338
2 11330 12496
2 11331 11339
2 11331 12497
2 11332 11340
2 11332 12498
2 11333 11341
2 11333 12499
2 11334 11342
2 11334 12500
2 11335 11343
2 11335 12501
2 11336 11344
2 11336 12502
2 11337 11345
2 11337 12503
2 11338 11346
2 11338 12504
2 11339 11347
2 11339 12505
2 11340 11348
2 11340 12506
2 11341 11349
2 11341 12507
2 11342 11350
2 11342 12508
2 11343 11351
2 11343 12509
2 11344 13108
2 11345 13109
2 11348 13110
2 11349 13111
2 11352 11354
2 11352 11356
2 11352 11969
2 11352 12257
2 11353 11355
2 11353 11357
2 11353 11970
2 11353 12258
2 11354 11374
2 11354 11484
2 11354 11885
2 11355 11375
2 11355 11485
2 11355 11886
2 11356 11358
2 11357 11359
2 11358 11360
2 11358 12486
2 11359 11361
2 11359 12487
2 11360 11362
2 11360 12488
2 11361 11363
2 11361 12489
2 11362 13200
2 11363 13201
2 11364 11366
2 11364 12220
2 11364 12572
2 11365 11367
2 11365 12221
2 11366 11368
2 11367 11369
2 11368 11370
2 11368 11899
2 11369 11371
2 11369 11900
2 11370 11372
2 11370 11901
2 11371 11373
2 11371 11902
2 11372 12939
2 11373 12940
2 11374 11376
2 11374 12560
2 11375 11377
2 11375 12215
2 11375 12561
2 11376 11378
2 11377 11379
2 11378 11380
2 11378 11887
2 11379 11381
2 11379 11888
2 11380 11382
2 11380 11889
2 11381 11383
2 11381 11890
2 11383 12918
2 11384 11386
2 11384 12227
2 11384 12556
2 11385 11387
2 11385 12228
2 11385 12557
2 11386 11388
2 11387 11389
2 11388 11390
2 11388 11959
2 11389 11391
2 11389 11960
2 11390 11392
2 11390 11961
2 11391 11393
2 11391 11962
2 11392 12830
2 11393 12831
2 11394 11402
2 11394 12564
2 11395 11403
2 11395 12201
2 11395 12565
2 11396 11404
2 11397 11405
2 11397 12202
2 11398 11406
2 11398 12566
2 11399 11407
2 11399 12203
2 11399 12567
2 11400 11408
2 11401 11409
2 11401 12204
2 11402 11410
2 11403 11411
2 11404 11412
2 11405 11413
2 11406 11414
2 11407 11415
2 11408 11416
2 11409 11417
2 11410 11418
2 11410 11917
2 11411 11419
2 11411 11918
2 11412 11420
2 11412 11919
2 11413 11421
2 11413 11920
2 11414 11422
2 11414 11921
2 11415 11423
2 11415 11922
2 11416 11424
2 11416 11923
2 11417 11425
2 11417 11924
2 11418 11426
2 11418 11925
2 11419 11427
2 11419 11926
2 11420 11428
2 11420 11927
2 11421 11429
2 11421 11928
2 11422 11430
2 11422 11929
2 11423 11431
2 11423 11930
2 11424 11432
2 11424 11931
2 11425 11433
2 11425 11932
2 11427 12836
2 11429 12837
2 11431 12838
2 11433 12839
2 11434 11436
2 11434 11877
2 11434 12542
2 11435 11437
2 11435 11878
2 11435 12543
2 11436 11438
2 11437 11439
2 11438 11440
2 11438 12305
2 11439 11441
2 11439 12306
2 11440 11442
2 11440 12307
2 11441 11443
2 11441 12308
2 11442 13458
2 11442 16376
2 11443 13459
2 11443 16377
2 11444 11452
2 11445 11453
2 11445 11853
2 11446 11454
2 11447 11455
2 11447 11854
2 11448 11456
2 11448 12530
2 11449 11457
2 11449 11855
2 11449 12531
2 11450 11458
2 11450 12532
2 11451 11459
2 11451 11856
2 11451 12533
2 11452 11460
2 11453 11461
2 11454 11462
2 11455 11463
2 11456 11464
2 11457 11465
2 11458 11466
2 11459 11467
2 11460 11468
2 11460 12273
2 11461 11469
2 11461 12274
2 11462 11470
2 11462 12275
2 11463 11471
2 11463 12276
2 11464 11472
2 11464 12277
2 11465 11473
2 11465 12278
2 11466 11474
2 11466 12279
2 11467 11475
2 11467 12280
2 11468 11476
2 11468 12281
2 11469 11477
2 11469 12282
2 11470 11478
2 11470 12283
2 11471 11479
2 11471 12284
2 11472 11480
2 11472 12285
2 11473 11481
2 11473 12286
2 11474 11482
2 11474 12287
2 11475 11483
2 11475 12288
2 11476 16356
2 11477 16357
2 11478 16358
2 11479 16359
2 11480 13464
2 11480 16360
2 11481 13465
2 11481 16361
2 11482 13466
2 11482 16362
2 11483 13467
2 11483 16363
2 11484 11486
2 11484 12550
2 11485 11487
2 11485 11849
2 11485 12551
2 11486 11488
2 11487 11489
2 11488 11490
2 11488 12321
2 11489 11491
2 11489 12322
2 11490 11492
2 11490 12323
2 11491 11493
2 11491 12324
2 11492 13473
2 11492 16389
2 11493 13474
2 11493 16390
2 11494 11496
2 11494 11869
2 11495 11497
2 11495 11870
2 11495 12526
2 11496 11498
2 11497 11499
2 11498 11500
2 11498 12313
2 11499 11501
2 11499 12314
2 11500 11502
2 11500 12315
2 11501 11503
2 11501 12316
2 11502 16384
2 11503 13472
2 11503 16385
2 11504 11508
2 11504 11512
2 11504 12078
2 11504 12372
2 11505 11509
2 11505 11513
2 11505 12079
2 11505 12373
2 11506 11510
2 11506 11514
2 11506 12374
2 11507 11511
2 11507 11515
2 11507 12375
2 11508 11587
2 11508 11657
2 11508 12088
2 11509 11588
2 11509 11658
2 11509 12089
2 11510 11589
2 11510 11659
2 11510 12090
2 11511 11590
2 11511 11660
2 11511 12091
2 11512 11516
2 11513 11517
2 11514 11518
2 11515 11519
2 11516 11520
2 11516 12578
2 11517 11521
2 11517 12579
2 11518 11522
2 11518 12580
2 11519 11523
2 11519 12581
2 11520 11745
2 11520 12614
2 11521 11746
2 11521 12615
2 11522 11747
2 11522 12616
2 11523 11748
2 11523 12617
2 11524 11528
2 11524 12698
2 11524 12702
2 11524 12706
2 11525 11529
2 11525 12699
2 11525 12703
2 11525 12707
2 11526 11530
2 11526 12700
2 11526 12704
2 11526 12708
2 11527 11531
2 11527 12701
2 11527 12705
2 11527 12709
2 11528 12407
2 11528 12710
2 11528 12712
2 11529 12408
2 11529 12711
2 11529 12713
2 11530 12409
2 11531 12410
2 11532 11536
2 11532 11540
2 11532 12054
2 11533 11537
2 11533 11541
2 11533 12055
2 11534 11538
2 11534 11542
2 11534 12056
2 11534 12366
2 11535 11539
2 11535 11543
2 11535 12057
2 11535 12367
2 11536 11631
2 11536 11705
2 11536 12096
2 11537 11632
2 11537 11706
2 11537 12097
2 11538 11633
2 11538 11707
2 11538 12098
2 11539 11634
2 11539 11708
2 11539 12099
2 11540 11544
2 11541 11545
2 11542 11546
2 11543 11547
2 11544 11548
2 11544 12574
2 11545 11549
2 11545 12575
2 11546 11550
2 11546 12576
2 11547 11551
2 11547 12577
2 11548 11729
2 11548 12618
2 11549 11730
2 11549 12619
2 11550 11731
2 11550 12620
2 11551 11732
2 11551 12621
2 11552 11554
2 11552 12722
2 11552 12724
2 11552 12726
2 11553 11555
2 11553 12723
2 11553 12725
2 11553 12727
2 11554 12421
2 11554 12728
2 11554 12730
2 11555 12422
2 11555 12729
2 11555 12731
2 11556 11557
2 11556 11558
2 11556 12050
2 11556 12384
2 11557 11651
2 11557 11677
2 11557 12086
2 11558 11559
2 11559 11560
2 11559 12586
2 11560 11755
2 11560 12626
2 11561 11562
2 11561 12959
2 11561 12960
2 11561 12961
2 11562 12398
2 11562 12957
2 11562 12958
2 11563 11567
2 11563 11571
2 11563 12070
2 11564 11568
2 11564 11572
2 11565 11569
2 11565 11573
2 11565 12071
2 11565 12360
2 11566 11570
2 11566 11574
2 11566 12361
2 11567 11607
2 11567 11683
2 11567 12104
2 11568 11608
2 11568 11684
2 11568 12105
2 11569 11609
2 11569 11685
2 11569 12106
2 11570 11610
2 11570 11686
2 11570 12107
2 11571 11575
2 11572 11576
2 11573 11577
2 11574 11578
2 11575 11579
2 11575 12582
2 11576 11580
2 11576 12583
2 11577 11581
2 11577 12584
2 11578 11582
2 11578 12585
2 11579 11759
2 11579 12622
2 11580 11760
2 11580 12623
2 11581 11761
2 11581 12624
2 11582 11762
2 11582 12625
2 11583 11585
2 11583 12962
2 11583 12964
2 11583 12966
2 11584 11586
2 11584 12963
2 11584 12965
2 11584 12967
2 11585 12415
2 11585 12968
2 11585 12969
2 11586 12416
2 11587 11591
2 11587 12606
2 11588 11592
2 11588 12038
2 11588 12607
2 11589 11593
2 11589 12608
2 11590 11594
2 11590 12039
2 11590 12609
2 11591 11595
2 11592 11596
2 11593 11597
2 11594 11598
2 11595 11599
2 11595 12351
2 11596 11600
2 11596 12352
2 11597 11601
2 11597 12353
2 11598 11602
2 11598 12354
2 11599 11833
2 11599 12428
2 11600 11834
2 11600 12429
2 11601 11835
2 11601 12430
2 11602 11836
2 11602 12431
2 11603 11605
2 11603 13170
2 11603 13172
2 11603 13174
2 11604 11606
2 11604 13171
2 11604 13173
2 11604 13175
2 11605 12131
2 11605 13166
2 11605 13168
2 11606 12132
2 11606 13167
2 11606 13169
2 11607 11611
2 11607 12026
2 11608 11612
2 11608 12027
2 11609 11613
2 11609 12028
2 11609 12600
2 11610 11614
2 11610 12029
2 11610 12601
2 11611 11615
2 11612 11616
2 11613 11617
2 11614 11618
2 11615 11619
2 11615 12347
2 11616 11620
2 11616 12348
2 11617 11621
2 11617 12349
2 11618 11622
2 11618 12350
2 11619 11823
2 11619 12432
2 11620 11824
2 11620 12433
2 11621 11825
2 11621 12434
2 11622 11826
2 11622 12435
2 11623 11627
2 11623 13188
2 11623 13192
2 11623 13196
2 11624 11628
2 11624 13189
2 11624 13193
2 11624 13197
2 11625 11629
2 11625 13190
2 11625 13194
2 11625 13198
2 11626 11630
2 11626 13191
2 11626 13195
2 11626 13199
2 11627 12120
2 11628 12121
2 11629 12122
2 11629 13184
2 11629 13186
2 11630 12123
2 11630 13185
2 11630 13187
2 11631 11635
2 11632 11636
2 11632 12044
2 11633 11637
2 11633 12596
2 11634 11638
2 11634 12045
2 11634 12597
2 11635 11639
2 11636 11640
2 11637 11641
2 11638 11642
2 11639 11643
2 11639 12356
2 11640 11644
2 11640 12357
2 11641 11645
2 11641 12358
2 11642 11646
2 11642 12359
2 11643 11809
2 11643 12424
2 11644 11810
2 11644 12425
2 11645 11811
2 11645 12426
2 11646 11812
2 11646 12427
2 11647 11649
2 11647 13046
2 11647 13048
2 11647 13050
2 11648 11650
2 11648 13047
2 11648 13049
2 11648 13051
2 11649 12137
2 11650 12138
2 11650 13044
2 11650 13045
2 11651 11652
2 11651 12023
2 11651 12604
2 11652 11653
2 11653 11654
2 11653 12355
2 11654 11819
2 11654 12423
2 11655 11656
2 11655 13029
2 11655 13030
2 11655 13031
2 11656 12126
2 11656 13032
2 11656 13033
2 11657 11661
2 11657 12592
2 11658 11662
2 11658 12343
2 11658 12593
2 11659 11663
2 11660 11664
2 11660 12344
2 11661 11665
2 11662 11666
2 11663 11667
2 11664 11668
2 11665 11669
2 11665 12092
2 11666 11670
2 11666 12093
2 11667 11671
2 11667 12094
2 11668 11672
2 11668 12095
2 11669 11795
2 11669 12148
2 11670 11796
2 11670 12149
2 11671 11797
2 11671 12150
2 11672 11798
2 11672 12151
2 11673 11675
2 11673 13240
2 11673 13242
2 11673 13244
2 11674 11676
2 11674 13241
2 11674 13243
2 11674 13245
2 11675 12640
2 11676 12641
2 11676 13246
2 11676 13247
2 11677 11678
2 11677 12337
2 11677 12591
2 11678 11679
2 11679 11680
2 11679 12087
2 11680 11805
2 11680 12147
2 11681 11682
2 11681 13256
2 11681 13257
2 11681 13258
2 11682 12650
2 11682 13254
2 11682 13255
2 11683 11687
2 11683 12329
2 11683 12594
2 11684 11688
2 11684 12330
2 11685 11689
2 11685 12331
2 11685 12595
2 11686 11690
2 11686 12332
2 11687 11691
2 11688 11692
2 11689 11693
2 11690 11694
2 11691 11695
2 11691 12108
2 11692 11696
2 11692 12109
2 11693 11697
2 11693 12110
2 11694 11698
2 11694 12111
2 11695 11779
2 11695 12139
2 11696 11780
2 11696 12140
2 11697 11781
2 11697 12141
2 11698 11782
2 11698 12142
2 11699 11701
2 11700 11702
2 11701 11703
2 11701 13338
2 11701 13340
2 11702 11704
2 11702 13339
2 11702 13341
2 11703 12646
2 11703 13334
2 11703 13336
2 11704 12647
2 11704 13335
2 11704 13337
2 11705 11709
2 11705 12587
2 11706 11710
2 11706 12339
2 11706 12588
2 11707 11711
2 11707 12589
2 11708 11712
2 11708 12340
2 11708 12590
2 11709 11713
2 11710 11714
2 11711 11715
2 11712 11716
2 11713 11717
2 11713 12100
2 11714 11718
2 11714 12101
2 11715 11719
2 11715 12102
2 11716 11720
2 11716 12103
2 11717 11769
2 11717 12143
2 11718 11770
2 11718 12144
2 11719 11771
2 11719 12145
2 11720 11772
2 11720 12146
2 11721 11725
2 11721 13306
2 11721 13310
2 11721 13314
2 11722 11726
2 11722 13307
2 11722 13311
2 11722 13315
2 11723 11727
2 11723 13308
2 11723 13312
2 11723 13316
2 11724 11728
2 11724 13309
2 11724 13313
2 11724 13317
2 11725 12659
2 11726 12660
2 11726 13318
2 11726 13320
2 11727 12661
2 11728 12662
2 11728 13319
2 11728 13321
2 11729 11733
2 11730 11734
2 11731 11735
2 11732 11736
2 11733 11737
2 11734 11738
2 11735 11739
2 11736 11740
2 11737 11741
2 11737 13070
2 11737 13074
2 11738 11742
2 11738 13071
2 11738 13075
2 11739 11743
2 11739 13072
2 11739 13076
2 11740 11744
2 11740 13073
2 11740 13077
2 11741 12066
2 11742 12067
2 11743 12068
2 11743 13078
2 11743 13080
2 11744 12069
2 11744 13079
2 11744 13081
2 11745 11749
2 11746 11750
2 11749 11751
2 11750 11752
2 11751 11753
2 11751 13104
2 11751 13106
2 11752 11754
2 11752 13105
2 11752 13107
2 11753 12084
2 11753 13100
2 11753 13102
2 11754 12085
2 11754 13101
2 11754 13103
2 11755 11756
2 11756 11757
2 11757 11758
2 11757 13005
2 11757 13006
2 11758 12053
2 11758 13003
2 11758 13004
2 11759 11763
2 11761 11764
2 11763 11765
2 11764 11766
2 11765 11767
2 11765 12988
2 11765 12990
2 11766 11768
2 11766 12989
2 11766 12991
2 11767 12076
2 11768 12077
2 11768 12992
2 11768 12993
2 11770 11773
2 11772 11774
2 11773 11775
2 11774 11776
2 11775 11777
2 11775 12812
2 11775 12814
2 11776 11778
2 11776 12813
2 11776 12815
2 11777 12341
2 11777 12808
2 11777 12810
2 11778 12342
2 11778 12809
2 11778 12811
2 11779 11783
2 11780 11784
2 11781 11785
2 11782 11786
2 11783 11787
2 11784 11788
2 11785 11789
2 11786 11790
2 11787 11791
2 11787 12794
2 11787 12798
2 11788 11792
2 11788 12795
2 11788 12799
2 11789 11793
2 11789 12796
2 11789 12800
2 11790 11794
2 11790 12797
2 11790 12801
2 11791 12333
2 11791 12790
2 11791 12792
2 11792 12334
2 11793 12335
2 11793 12791
2 11793 12793
2 11794 12336
2 11796 11799
2 11798 11800
2 11799 11801
2 11800 11802
2 11801 11803
2 11801 12919
2 11801 12921
2 11802 11804
2 11802 12920
2 11802 12922
2 11803 12345
2 11803 12923
2 11803 12924
2 11804 12346
2 11805 11806
2 11806 11807
2 11807 11808
2 11807 12936
2 11807 12937
2 11808 12338
2 11808 12934
2 11808 12935
2 11809 15992
2 11810 15993
2 11811 11813
2 11811 15994
2 11812 11814
2 11812 15995
2 11813 11815
2 11814 11816
2 11815 11817
2 11815 13288
2 11815 13290
2 11816 11818
2 11816 13289
2 11816 13291
2 11817 12598
2 11818 12599
2 11818 13286
2 11818 13287
2 11819 11820
2 11819 15975
2 11820 11821
2 11821 11822
2 11821 13273
2 11821 13274
2 11822 12605
2 11822 13275
2 11822 13276
2 11823 16032
2 11824 16033
2 11825 11827
2 11825 16034
2 11826 11828
2 11826 16035
2 11827 11829
2 11828 11830
2 11829 11831
2 11829 13398
2 11829 13400
2 11830 11832
2 11830 13399
2 11830 13401
2 11831 12602
2 11831 13402
2 11831 13404
2 11832 12603
2 11832 13403
2 11832 13405
2 11833 11837
2 11833 16012
2 11834 11838
2 11834 16013
2 11835 11839
2 11835 16014
2 11836 11840
2 11836 16015
2 11837 11841
2 11838 11842
2 11839 11843
2 11840 11844
2 11841 11845
2 11841 13218
2 11841 13222
2 11842 11846
2 11842 13219
2 11842 13223
2 11843 11847
2 11843 13220
2 11843 13224
2 11844 11848
2 11844 13221
2 11844 13225
2 11845 12610
2 11846 12611
2 11846 13214
2 11846 13216
2 11847 12612
2 11848 12613
2 11848 13215
2 11848 13217
2 11849 11850
2 11850 11851
2 11850 12215
2 11851 11852
2 11851 12216
2 11852 12124
2 11852 13036
2 11853 11857
2 11854 11858
2 11855 11859
2 11856 11860
2 11857 11861
2 11857 12201
2 11858 11862
2 11858 12202
2 11859 11863
2 11859 12203
2 11860 11864
2 11860 12204
2 11861 11865
2 11861 12205
2 11862 11866
2 11862 12206
2 11863 11867
2 11863 12207
2 11864 11868
2 11864 12208
2 11865 12112
2 11865 13489
2 11866 12113
2 11866 13490
2 11867 12114
2 11867 13491
2 11868 12115
2 11868 13492
2 11869 11871
2 11870 11872
2 11871 11873
2 11871 12227
2 11872 11874
2 11872 12228
2 11873 11875
2 11873 12229
2 11874 11876
2 11874 12230
2 11875 12133
2 11875 13493
2 11876 12134
2 11876 13494
2 11877 11879
2 11878 11880
2 11879 11881
2 11879 12220
2 11880 11882
2 11880 12221
2 11881 11883
2 11881 12222
2 11882 11884
2 11882 12223
2 11883 12127
2 11883 13496
2 11884 12128
2 11884 13497
2 11885 11887
2 11885 12321
2 11885 12486
2 11886 11888
2 11886 12322
2 11886 12487
2 11889 11891
2 11890 11892
2 11891 11893
2 11892 11894
2 11893 11895
2 11893 12910
2 11893 12912
2 11894 11896
2 11894 12911
2 11894 12913
2 11895 12667
2 11895 12906
2 11895 12908
2 11896 12668
2 11896 12907
2 11896 12909
2 11897 11899
2 11897 12305
2 11897 12478
2 11898 11900
2 11898 12306
2 11898 12479
2 11901 11903
2 11902 11904
2 11903 11905
2 11904 11906
2 11905 11907
2 11905 12941
2 11905 12943
2 11906 11908
2 11906 12942
2 11906 12944
2 11907 12663
2 11907 12945
2 11907 12947
2 11908 12664
2 11908 12946
2 11908 12948
2 11909 11917
2 11909 12273
2 11909 12494
2 11910 11918
2 11910 12274
2 11910 12495
2 11911 11919
2 11911 12275
2 11911 12496
2 11912 11920
2 11912 12276
2 11912 12497
2 11913 11921
2 11913 12277
2 11913 12498
2 11914 11922
2 11914 12278
2 11914 12499
2 11915 11923
2 11915 12279
2 11915 12500
2 11916 11924
2 11916 12280
2 11916 12501
2 11925 11933
2 11926 11934
2 11927 11935
2 11928 11936
2 11929 11937
2 11930 11938
2 11931 11939
2 11932 11940
2 11933 11941
2 11934 11942
2 11935 11943
2 11936 11944
2 11937 11945
2 11938 11946
2 11939 11947
2 11940 11948
2 11941 11949
2 11941 12844
2 11941 12852
2 11942 11950
2 11942 12845
2 11942 12853
2 11943 11951
2 11943 12846
2 11943 12854
2 11944 11952
2 11944 12847
2 11944 12855
2 11945 11953
2 11945 12848
2 11945 12856
2 11946 11954
2 11946 12849
2 11946 12857
2 11947 11955
2 11947 12850
2 11947 12858
2 11948 11956
2 11948 12851
2 11948 12859
2 11949 12669
2 11949 12860
2 11949 12868
2 11950 12670
2 11950 12861
2 11950 12869
2 11951 12671
2 11951 12862
2 11951 12870
2 11952 12672
2 11952 12863
2 11952 12871
2 11953 12673
2 11953 12864
2 11953 12872
2 11954 12674
2 11954 12865
2 11954 12873
2 11955 12675
2 11955 12866
2 11955 12874
2 11956 12676
2 11956 12867
2 11956 12875
2 11957 11959
2 11957 12313
2 11957 12470
2 11958 11960
2 11958 12314
2 11958 12471
2 11961 11963
2 11962 11964
2 11963 11965
2 11964 11966
2 11965 11967
2 11965 12826
2 11965 12828
2 11966 11968
2 11966 12827
2 11966 12829
2 11967 12665
2 11967 12822
2 11967 12824
2 11968 12666
2 11968 12823
2 11968 12825
2 11969 11971
2 11970 11972
2 11971 11973
2 11971 12560
2 11972 11974
2 11972 12561
2 11973 11975
2 11973 12562
2 11974 11976
2 11974 12563
2 11975 11977
2 11975 12154
2 11976 11978
2 11976 12155
2 11977 11979
2 11978 11980
2 11979 11981
2 11979 13443
2 11979 13445
2 11980 11982
2 11980 13444
2 11980 13446
2 11981 12464
2 11981 13439
2 11981 13441
2 11982 12465
2 11982 13440
2 11982 13442
2 11983 11985
2 11984 11986
2 11985 11987
2 11985 12556
2 11986 11988
2 11986 12557
2 11987 11989
2 11987 12558
2 11988 11990
2 11988 12559
2 11989 12152
2 11990 11991
2 11990 12153
2 11991 11992
2 11992 11993
2 11992 13426
2 11992 13427
2 11993 12467
2 11993 13428
2 11993 13429
2 11994 11995
2 11995 11996
2 11995 12572
2 11996 11997
2 11996 12573
2 11997 11998
2 11997 12160
2 11998 11999
2 11999 12000
2 11999 13447
2 11999 13448
2 12000 12466
2 12000 13449
2 12000 13450
2 12001 12005
2 12002 12006
2 12003 12007
2 12004 12008
2 12005 12009
2 12005 12564
2 12006 12010
2 12006 12565
2 12007 12011
2 12007 12566
2 12008 12012
2 12008 12567
2 12009 12013
2 12009 12568
2 12010 12014
2 12010 12569
2 12011 12015
2 12011 12570
2 12012 12016
2 12012 12571
2 12013 12156
2 12014 12157
2 12015 12017
2 12015 12158
2 12016 12018
2 12016 12159
2 12017 12019
2 12018 12020
2 12019 12021
2 12019 13422
2 12019 13424
2 12020 12022
2 12020 13423
2 12020 13425
2 12021 12468
2 12021 13418
2 12021 13420
2 12022 12469
2 12022 13419
2 12022 13421
2 12023 12024
2 12024 12025
2 12024 12337
2 12025 12124
2 12025 12387
2 12026 12030
2 12027 12031
2 12028 12032
2 12029 12033
2 12030 12034
2 12030 12329
2 12031 12035
2 12031 12330
2 12032 12036
2 12032 12331
2 12033 12037
2 12033 12332
2 12034 12112
2 12034 12388
2 12035 12113
2 12035 12389
2 12036 12114
2 12036 12390
2 12037 12115
2 12037 12391
2 12038 12040
2 12039 12041
2 12040 12042
2 12040 12343
2 12041 12043
2 12041 12344
2 12042 12127
2 12042 12394
2 12043 12128
2 12043 12395
2 12044 12046
2 12045 12047
2 12046 12048
2 12046 12339
2 12047 12049
2 12047 12340
2 12048 12133
2 12048 12392
2 12049 12134
2 12049 12393
2 12050 12051
2 12051 12052
2 12051 12591
2 12052 12160
2 12052 12648
2 12053 13000
2 12053 13001
2 12053 13002
2 12054 12058
2 12055 12059
2 12056 12060
2 12057 12061
2 12058 12062
2 12058 12587
2 12059 12063
2 12059 12588
2 12060 12064
2 12060 12589
2 12061 12065
2 12061 12590
2 12062 12156
2 12062 12651
2 12063 12157
2 12063 12652
2 12064 12158
2 12064 12653
2 12065 12159
2 12065 12654
2 12066 13082
2 12066 13086
2 12066 13090
2 12067 13083
2 12067 13087
2 12067 13091
2 12068 13084
2 12068 13088
2 12068 13092
2 12069 13085
2 12069 13089
2 12069 13093
2 12070 12072
2 12071 12073
2 12072 12074
2 12072 12594
2 12073 12075
2 12073 12595
2 12074 12152
2 12074 12642
2 12075 12153
2 12075 12643
2 12076 12994
2 12076 12996
2 12076 12998
2 12077 12995
2 12077 12997
2 12077 12999
2 12078 12080
2 12079 12081
2 12080 12082
2 12080 12592
2 12081 12083
2 12081 12593
2 12082 12154
2 12082 12636
2 12083 12155
2 12083 12637
2 12084 13094
2 12084 13096
2 12084 13098
2 12085 13095
2 12085 13097
2 12085 13099
2 12086 12087
2 12086 12355
2 12086 12586
2 12088 12092
2 12088 12351
2 12088 12578
2 12089 12093
2 12089 12352
2 12089 12579
2 12090 12094
2 12090 12353
2 12090 12580
2 12091 12095
2 12091 12354
2 12091 12581
2 12096 12100
2 12096 12356
2 12096 12574
2 12097 12101
2 12097 12357
2 12097 12575
2 12098 12102
2 12098 12358
2 12098 12576
2 12099 12103
2 12099 12359
2 12099 12577
2 12104 12108
2 12104 12347
2 12104 12582
2 12105 12109
2 12105 12348
2 12105 12583
2 12106 12110
2 12106 12349
2 12106 12584
2 12107 12111
2 12107 12350
2 12107 12585
2 12112 12116
2 12113 12117
2 12114 12118
2 12115 12119
2 12116 12120
2 12117 12121
2 12118 12122
2 12119 12123
2 12120 13176
2 12120 13180
2 12121 13177
2 12121 13181
2 12122 13178
2 12122 13182
2 12123 13179
2 12123 13183
2 12124 12125
2 12125 12126
2 12126 13034
2 12126 13035
2 12127 12129
2 12128 12130
2 12129 12131
2 12130 12132
2 12131 13162
2 12131 13164
2 12132 13163
2 12132 13165
2 12133 12135
2 12134 12136
2 12135 12137
2 12136 12138
2 12137 13040
2 12137 13042
2 12138 13041
2 12138 13043
2 12139 12832
2 12140 12833
2 12141 12834
2 12142 12835
2 12143 12840
2 12144 12841
2 12145 12842
2 12146 12843
2 12147 12938
2 12148 12914
2 12149 12915
2 12150 12916
2 12151 12917
2 12153 13478
2 12154 13118
2 12155 13119
2 12158 13479
2 12159 13480
2 12160 13486
2 12161 12163
2 12161 12744
2 12161 12746
2 12161 12748
2 12162 12164
2 12162 12745
2 12162 12747
2 12162 12749
2 12163 12540
2 12163 12740
2 12163 12742
2 12164 12541
2 12164 12741
2 12164 12743
2 12165 12166
2 12165 12754
2 12165 12755
2 12165 12756
2 12166 12555
2 12166 12752
2 12166 12753
2 12167 12168
2 12167 12775
2 12167 12776
2 12167 12777
2 12168 12529
2 12168 12773
2 12168 12774
2 12169 12171
2 12169 12757
2 12169 12759
2 12169 12761
2 12170 12172
2 12170 12758
2 12170 12760
2 12170 12762
2 12171 12548
2 12171 12763
2 12171 12765
2 12172 12549
2 12172 12764
2 12172 12766
2 12173 12181
2 12173 13342
2 12173 13350
2 12173 13358
2 12174 12182
2 12174 13343
2 12174 13351
2 12174 13359
2 12175 12183
2 12175 13344
2 12175 13352
2 12175 13360
2 12176 12184
2 12176 13345
2 12176 13353
2 12176 13361
2 12177 12185
2 12177 13346
2 12177 13354
2 12177 13362
2 12178 12186
2 12178 13347
2 12178 13355
2 12178 13363
2 12179 12187
2 12179 13348
2 12179 13356
2 12179 13364
2 12180 12188
2 12180 13349
2 12180 13357
2 12180 13365
2 12181 12297
2 12181 13366
2 12181 13374
2 12182 12298
2 12182 13367
2 12182 13375
2 12183 12299
2 12183 13368
2 12183 13376
2 12184 12300
2 12184 13369
2 12184 13377
2 12185 12301
2 12185 13370
2 12185 13378
2 12186 12302
2 12186 13371
2 12186 13379
2 12187 12303
2 12187 13372
2 12187 13380
2 12188 12304
2 12188 13373
2 12188 13381
2 12189 12191
2 12189 13300
2 12189 13302
2 12189 13304
2 12190 12192
2 12190 13301
2 12190 13303
2 12190 13305
2 12191 12319
2 12191 13296
2 12191 13298
2 12192 12320
2 12192 13297
2 12192 13299
2 12193 12195
2 12193 13234
2 12193 13236
2 12193 13238
2 12194 12196
2 12194 13235
2 12194 13237
2 12194 13239
2 12195 12311
2 12195 13230
2 12195 13232
2 12196 12312
2 12196 13231
2 12196 13233
2 12197 12199
2 12197 13259
2 12197 13261
2 12197 13263
2 12198 12200
2 12198 13260
2 12198 13262
2 12198 13264
2 12199 12327
2 12199 13265
2 12199 13267
2 12200 12328
2 12200 13266
2 12200 13268
2 12205 12209
2 12205 12388
2 12206 12389
2 12207 12210
2 12207 12390
2 12208 12391
2 12209 12211
2 12210 12212
2 12211 12213
2 12211 13148
2 12211 13150
2 12212 12214
2 12212 13149
2 12212 13151
2 12213 12678
2 12213 13152
2 12213 13154
2 12214 12679
2 12214 13153
2 12214 13155
2 12216 12217
2 12216 12387
2 12217 12218
2 12218 12219
2 12218 13120
2 12218 13121
2 12219 12682
2 12219 13122
2 12219 13123
2 12222 12224
2 12222 12394
2 12223 12395
2 12224 12225
2 12225 12226
2 12225 13146
2 12225 13147
2 12226 12677
2 12226 13144
2 12226 13145
2 12229 12231
2 12229 12392
2 12230 12232
2 12230 12393
2 12231 12233
2 12232 12234
2 12233 12235
2 12233 13127
2 12233 13129
2 12234 12236
2 12234 13128
2 12234 13130
2 12235 12680
2 12235 13131
2 12235 13133
2 12236 12681
2 12236 13132
2 12236 13134
2 12237 12241
2 12238 12242
2 12239 12243
2 12240 12244
2 12241 12245
2 12241 12530
2 12242 12246
2 12242 12531
2 12243 12247
2 12243 12532
2 12244 12248
2 12244 12533
2 12245 12249
2 12245 12534
2 12246 12250
2 12246 12535
2 12247 12251
2 12247 12536
2 12248 12252
2 12248 12537
2 12249 12399
2 12249 12694
2 12250 12400
2 12250 12695
2 12251 12401
2 12251 12696
2 12252 12402
2 12252 12697
2 12253 12254
2 12254 12255
2 12254 12526
2 12255 12256
2 12255 12527
2 12256 12396
2 12256 12683
2 12257 12259
2 12258 12260
2 12259 12261
2 12259 12550
2 12260 12262
2 12260 12551
2 12261 12263
2 12261 12552
2 12262 12264
2 12262 12553
2 12263 12417
2 12263 12690
2 12264 12418
2 12264 12691
2 12265 12267
2 12266 12268
2 12267 12269
2 12267 12542
2 12268 12270
2 12268 12543
2 12269 12271
2 12269 12544
2 12270 12272
2 12270 12545
2 12271 12411
2 12271 12687
2 12272 12412
2 12272 12688
2 12281 12289
2 12281 16965
2 12282 12290
2 12282 16966
2 12283 12291
2 12283 16967
2 12284 12292
2 12284 16968
2 12285 12293
2 12285 16969
2 12286 12294
2 12286 16970
2 12287 12295
2 12287 16971
2 12288 12296
2 12288 16972
2 12289 12297
2 12290 12298
2 12291 12299
2 12292 12300
2 12293 12301
2 12294 12302
2 12295 12303
2 12296 12304
2 12297 13382
2 12297 13390
2 12298 13383
2 12298 13391
2 12299 13384
2 12299 13392
2 12300 13385
2 12300 13393
2 12301 13386
2 12301 13394
2 12302 13387
2 12302 13395
2 12303 13388
2 12303 13396
2 12304 13389
2 12304 13397
2 12307 12309
2 12307 16963
2 12308 12310
2 12308 16964
2 12309 12311
2 12310 12312
2 12311 13226
2 12311 13228
2 12312 13227
2 12312 13229
2 12315 12317
2 12315 16975
2 12316 12318
2 12316 16976
2 12317 12319
2 12318 12320
2 12319 13292
2 12319 13294
2 12320 13293
2 12320 13295
2 12323 12325
2 12323 16973
2 12324 12326
2 12324 16974
2 12325 12327
2 12326 12328
2 12327 13269
2 12327 13271
2 12328 13270
2 12328 13272
2 12333 12778
2 12333 12782
2 12333 12786
2 12334 12779
2 12334 12783
2 12334 12787
2 12335 12780
2 12335 12784
2 12335 12788
2 12336 12781
2 12336 12785
2 12336 12789
2 12338 12931
2 12338 12932
2 12338 12933
2 12341 12802
2 12341 12804
2 12341 12806
2 12342 12803
2 12342 12805
2 12342 12807
2 12345 12925
2 12345 12927
2 12345 12929
2 12346 12926
2 12346 12928
2 12346 12930
2 12360 12362
2 12361 12363
2 12362 12364
2 12362 12600
2 12363 12365
2 12363 12601
2 12364 12411
2 12364 12634
2 12365 12412
2 12365 12635
2 12366 12368
2 12367 12369
2 12368 12370
2 12368 12596
2 12369 12371
2 12369 12597
2 12370 12417
2 12370 12632
2 12371 12418
2 12371 12633
2 12372 12376
2 12373 12377
2 12374 12378
2 12375 12379
2 12376 12380
2 12376 12606
2 12377 12381
2 12377 12607
2 12378 12382
2 12378 12608
2 12379 12383
2 12379 12609
2 12380 12399
2 12380 12627
2 12381 12400
2 12381 12628
2 12382 12401
2 12382 12629
2 12383 12402
2 12383 12630
2 12384 12385
2 12385 12386
2 12385 12604
2 12386 12396
2 12386 12631
2 12387 13039
2 12388 13487
2 12390 13488
2 12392 13037
2 12393 13038
2 12394 13495
2 12396 12397
2 12397 12398
2 12398 12955
2 12398 12956
2 12399 12403
2 12400 12404
2 12401 12405
2 12402 12406
2 12403 12407
2 12404 12408
2 12405 12409
2 12406 12410
2 12407 12714
2 12407 12718
2 12408 12715
2 12408 12719
2 12409 12716
2 12409 12720
2 12410 12717
2 12410 12721
2 12411 12413
2 12412 12414
2 12413 12415
2 12414 12416
2 12415 12970
2 12415 12972
2 12416 12971
2 12416 12973
2 12417 12419
2 12418 12420
2 12419 12421
2 12420 12422
2 12421 12732
2 12421 12734
2 12422 12733
2 12422 12735
2 12423 13475
2 12423 16833
2 12424 13468
2 12424 16820
2 12425 13469
2 12425 16821
2 12426 13470
2 12426 16822
2 12427 13471
2 12427 16823
2 12428 13454
2 12428 16856
2 12429 13455
2 12429 16857
2 12430 13456
2 12430 16858
2 12431 13457
2 12431 16859
2 12432 13460
2 12432 16840
2 12433 13461
2 12433 16841
2 12434 13462
2 12434 16842
2 12435 13463
2 12435 16843
2 12436 12438
2 12436 13052
2 12436 13054
2 12436 13056
2 12437 12439
2 12437 13053
2 12437 13055
2 12437 13057
2 12438 12492
2 12438 13058
2 12438 13060
2 12439 12493
2 12439 13059
2 12439 13061
2 12440 12442
2 12440 13023
2 12440 13025
2 12440 13027
2 12441 12443
2 12441 13024
2 12441 13026
2 12441 13028
2 12442 12476
2 12442 13019
2 12442 13021
2 12443 12477
2 12443 13020
2 12443 13022
2 12444 12452
2 12444 13530
2 12444 13538
2 12444 13546
2 12445 12453
2 12445 13531
2 12445 13539
2 12445 13547
2 12446 12454
2 12446 13532
2 12446 13540
2 12446 13548
2 12447 12455
2 12447 13533
2 12447 13541
2 12447 13549
2 12448 12456
2 12448 13534
2 12448 13542
2 12448 13550
2 12449 12457
2 12449 13535
2 12449 13543
2 12449 13551
2 12450 12458
2 12450 13536
2 12450 13544
2 12450 13552
2 12451 12459
2 12451 13537
2 12451 13545
2 12451 13553
2 12452 12518
2 12452 13514
2 12452 13522
2 12453 12519
2 12453 13515
2 12453 13523
2 12454 12520
2 12454 13516
2 12454 13524
2 12455 12521
2 12455 13517
2 12455 13525
2 12456 12522
2 12456 13518
2 12456 13526
2 12457 12523
2 12457 13519
2 12457 13527
2 12458 12524
2 12458 13520
2 12458 13528
2 12459 12525
2 12459 13521
2 12459 13529
2 12460 12462
2 12460 12974
2 12460 12976
2 12460 12978
2 12461 12463
2 12461 12975
2 12461 12977
2 12461 12979
2 12462 12484
2 12462 12980
2 12462 12982
2 12463 12485
2 12463 12981
2 12463 12983
2 12464 13433
2 12464 13435
2 12464 13437
2 12465 13434
2 12465 13436
2 12465 13438
2 12466 13451
2 12466 13452
2 12466 13453
2 12467 13430
2 12467 13431
2 12467 13432
2 12468 13412
2 12468 13414
2 12468 13416
2 12469 13413
2 12469 13415
2 12469 13417
2 12472 12474
2 12473 12475
2 12474 12476
2 12475 12477
2 12476 13015
2 12476 13017
2 12477 13016
2 12477 13018
2 12480 12482
2 12481 12483
2 12482 12484
2 12483 12485
2 12484 12984
2 12484 12986
2 12485 12985
2 12485 12987
2 12488 12490
2 12489 12491
2 12490 12492
2 12491 12493
2 12492 13062
2 12492 13064
2 12493 13063
2 12493 13065
2 12502 12510
2 12503 12511
2 12504 12512
2 12505 12513
2 12506 12514
2 12507 12515
2 12508 12516
2 12509 12517
2 12510 12518
2 12511 12519
2 12512 12520
2 12513 12521
2 12514 12522
2 12515 12523
2 12516 12524
2 12517 12525
2 12518 13498
2 12518 13506
2 12519 13499
2 12519 13507
2 12520 13500
2 12520 13508
2 12521 13501
2 12521 13509
2 12522 13502
2 12522 13510
2 12523 13503
2 12523 13511
2 12524 13504
2 12524 13512
2 12525 13505
2 12525 13513
2 12527 12528
2 12527 12631
2 12528 12529
2 12529 12771
2 12529 12772
2 12534 12627
2 12535 12538
2 12535 12628
2 12536 12629
2 12537 12539
2 12537 12630
2 12538 12540
2 12539 12541
2 12540 12736
2 12540 12738
2 12541 12737
2 12541 12739
2 12544 12546
2 12544 12634
2 12545 12547
2 12545 12635
2 12546 12548
2 12547 12549
2 12548 12767
2 12548 12769
2 12549 12768
2 12549 12770
2 12552 12632
2 12553 12554
2 12553 12633
2 12554 12555
2 12555 12750
2 12555 12751
2 12558 12642
2 12558 13476
2 12559 12643
2 12559 13477
2 12562 12636
2 12562 13116
2 12563 12637
2 12563 13117
2 12568 12651
2 12568 13481
2 12569 12652
2 12569 13482
2 12570 12653
2 12570 13483
2 12571 12654
2 12571 13484
2 12573 12648
2 12573 13485
2 12598 13280
2 12598 13282
2 12598 13284
2 12599 13281
2 12599 13283
2 12599 13285
2 12602 13406
2 12602 13408
2 12602 13410
2 12603 13407
2 12603 13409
2 12603 13411
2 12605 13277
2 12605 13278
2 12605 13279
2 12610 13202
2 12610 13206
2 12610 13210
2 12611 13203
2 12611 13207
2 12611 13211
2 12612 13204
2 12612 13208
2 12612 13212
2 12613 13205
2 12613 13209
2 12613 13213
2 12614 13112
2 12615 13113
2 12616 13114
2 12617 13115
2 12618 13066
2 12619 13067
2 12620 13068
2 12621 13069
2 12622 13009
2 12623 13010
2 12624 13011
2 12625 13012
2 12626 13007
2 12628 12692
2 12630 12693
2 12631 12684
2 12633 12689
2 12634 12685
2 12635 12686
2 12636 12638
2 12637 12639
2 12638 12640
2 12639 12641
2 12640 13248
2 12640 13250
2 12641 13249
2 12641 13251
2 12642 12644
2 12643 12645
2 12644 12646
2 12645 12647
2 12646 13330
2 12646 13332
2 12647 13331
2 12647 13333
2 12648 12649
2 12649 12650
2 12650 13252
2 12650 13253
2 12651 12655
2 12652 12656
2 12653 12657
2 12654 12658
2 12655 12659
2 12656 12660
2 12657 12661
2 12658 12662
2 12659 13322
2 12659 13326
2 12660 13323
2 12660 13327
2 12661 13324
2 12661 13328
2 12662 13325
2 12662 13329
2 12663 12949
2 12663 12951
2 12663 12953
2 12664 12950
2 12664 12952
2 12664 12954
2 12665 12816
2 12665 12818
2 12665 12820
2 12666 12817
2 12666 12819
2 12666 12821
2 12667 12900
2 12667 12902
2 12667 12904
2 12668 12901
2 12668 12903
2 12668 12905
2 12669 12876
2 12669 12884
2 12669 12892
2 12670 12877
2 12670 12885
2 12670 12893
2 12671 12878
2 12671 12886
2 12671 12894
2 12672 12879
2 12672 12887
2 12672 12895
2 12673 12880
2 12673 12888
2 12673 12896
2 12674 12881
2 12674 12889
2 12674 12897
2 12675 12882
2 12675 12890
2 12675 12898
2 12676 12883
2 12676 12891
2 12676 12899
2 12677 13141
2 12677 13142
2 12677 13143
2 12678 13156
2 12678 13158
2 12678 13160
2 12679 13157
2 12679 13159
2 12679 13161
2 12680 13135
2 12680 13137
2 12680 13139
2 12681 13136
2 12681 13138
2 12681 13140
2 12682 13124
2 12682 13125
2 12682 13126
2 13554 13556
2 13554 13558
2 13554 14274
2 13554 14541
2 13555 13557
2 13555 13559
2 13555 14275
2 13555 14542
2 13556 13638
2 13556 13708
2 13556 14173
2 13557 13639
2 13557 13709
2 13557 14174
2 13558 13560
2 13559 13561
2 13560 13562
2 13560 14778
2 13561 13563
2 13561 14779
2 13562 13564
2 13562 14780
2 13563 13565
2 13563 14781
2 13564 15306
2 13564 16294
2 13565 15307
2 13565 16295
2 13566 13574
2 13566 13582
2 13567 13575
2 13567 13583
2 13568 13576
2 13568 13584
2 13568 14252
2 13569 13577
2 13569 13585
2 13569 14253
2 13570 13578
2 13570 13586
2 13570 14517
2 13571 13579
2 13571 13587
2 13571 14518
2 13572 13580
2 13572 13588
2 13572 14254
2 13572 14519
2 13573 13581
2 13573 13589
2 13573 14255
2 13573 14520
2 13574 13658
2 13574 13738
2 13574 14197
2 13575 13659
2 13575 13739
2 13575 14198
2 13576 13660
2 13576 13740
2 13576 14199
2 13577 13661
2 13577 13741
2 13577 14200
2 13578 13662
2 13578 13742
2 13578 14201
2 13579 13663
2 13579 13743
2 13579 14202
2 13580 13664
2 13580 13744
2 13580 14203
2 13581 13665
2 13581 13745
2 13581 14204
2 13582 13590
2 13583 13591
2 13584 13592
2 13585 13593
2 13586 13594
2 13587 13595
2 13588 13596
2 13589 13597
2 13590 13598
2 13590 14746
2 13591 13599
2 13591 14747
2 13592 13600
2 13592 14748
2 13593 13601
2 13593 14749
2 13594 13602
2 13594 14750
2 13595 13603
2 13595 14751
2 13596 13604
2 13596 14752
2 13597 13605
2 13597 14753
2 13598 13606
2 13598 14754
2 13599 13607
2 13599 14755
2 13600 13608
2 13600 14756
2 13601 13609
2 13601 14757
2 13602 13610
2 13602 14758
2 13603 13611
2 13603 14759
2 13604 13612
2 13604 14760
2 13605 13613
2 13605 14761
2 13606 16274
2 13607 16275
2 13608 15312
2 13608 16276
2 13609 15313
2 13609 16277
2 13610 16278
2 13611 16279
2 13612 15314
2 13612 16280
2 13613 15315
2 13613 16281
2 13614 13616
2 13614 13618
2 13614 14288
2 13615 13617
2 13615 13619
2 13615 14289
2 13615 14513
2 13616 13698
2 13616 13718
2 13616 14185
2 13617 13699
2 13617 13719
2 13617 14186
2 13618 13620
2 13619 13621
2 13620 13622
2 13620 14794
2 13621 13623
2 13621 14795
2 13622 13624
2 13622 14796
2 13623 13625
2 13623 14797
2 13624 15452
2 13624 16307
2 13625 15453
2 13625 16308
2 13626 13628
2 13626 13630
2 13626 14533
2 13627 13629
2 13627 13631
2 13627 14245
2 13627 14534
2 13628 13648
2 13628 13728
2 13628 14161
2 13629 13649
2 13629 13729
2 13629 14162
2 13630 13632
2 13631 13633
2 13632 13634
2 13632 14786
2 13633 13635
2 13633 14787
2 13634 13636
2 13634 14788
2 13635 13637
2 13635 14789
2 13636 16302
2 13637 15518
2 13637 16303
2 13638 13640
2 13638 14494
2 13638 14846
2 13639 13641
2 13639 14847
2 13640 13642
2 13641 13643
2 13642 13644
2 13642 14175
2 13643 13645
2 13643 14176
2 13644 13646
2 13644 14177
2 13645 13647
2 13645 14178
2 13646 15197
2 13648 13650
2 13648 14487
2 13649 13651
2 13649 14488
2 13649 14840
2 13650 13652
2 13651 13653
2 13652 13654
2 13652 14163
2 13653 13655
2 13653 14164
2 13654 13656
2 13654 14165
2 13655 13657
2 13655 14166
2 13656 15172
2 13657 15173
2 13658 13666
2 13658 14499
2 13659 13667
2 13660 13668
2 13660 14500
2 13660 14832
2 13661 13669
2 13661 14833
2 13662 13670
2 13662 14501
2 13663 13671
2 13664 13672
2 13664 14502
2 13664 14834
2 13665 13673
2 13665 14835
2 13666 13674
2 13667 13675
2 13668 13676
2 13669 13677
2 13670 13678
2 13671 13679
2 13672 13680
2 13673 13681
2 13674 13682
2 13674 14205
2 13675 13683
2 13675 14206
2 13676 13684
2 13676 14207
2 13677 13685
2 13677 14208
2 13678 13686
2 13678 14209
2 13679 13687
2 13679 14210
2 13680 13688
2 13680 14211
2 13681 13689
2 13681 14212
2 13682 13690
2 13682 14213
2 13683 13691
2 13683 14214
2 13684 13692
2 13684 14215
2 13685 13693
2 13685 14216
2 13686 13694
2 13686 14217
2 13687 13695
2 13687 14218
2 13688 13696
2 13688 14219
2 13689 13697
2 13689 14220
2 13690 15129
2 13692 15130
2 13694 15131
2 13696 15132
2 13698 13700
2 13698 14477
2 13698 14842
2 13699 13701
2 13699 14478
2 13699 14843
2 13700 13702
2 13701 13703
2 13702 13704
2 13702 14187
2 13703 13705
2 13703 14188
2 13704 13706
2 13704 14189
2 13705 13707
2 13705 14190
2 13706 15137
2 13707 15138
2 13708 13710
2 13708 14157
2 13708 14818
2 13709 13711
2 13709 14819
2 13710 13712
2 13711 13713
2 13712 13714
2 13712 14557
2 13713 13715
2 13713 14558
2 13714 13716
2 13714 14559
2 13715 13717
2 13715 14560
2 13716 15770
2 13717 15771
2 13718 13720
2 13718 14133
2 13719 13721
2 13719 14134
2 13719 14814
2 13720 13722
2 13721 13723
2 13722 13724
2 13722 14549
2 13723 13725
2 13723 14550
2 13724 13726
2 13724 14551
2 13725 13727
2 13725 14552
2 13727 15776
2 13728 13730
2 13728 14125
2 13728 14824
2 13729 13731
2 13729 14126
2 13729 14825
2 13730 13732
2 13731 13733
2 13732 13734
2 13732 14597
2 13733 13735
2 13733 14598
2 13734 13736
2 13734 14599
2 13735 13737
2 13735 14600
2 13736 15785
2 13737 15786
2 13738 13746
2 13738 14141
2 13739 13747
2 13740 13748
2 13740 14142
2 13741 13749
2 13742 13750
2 13742 14143
2 13742 14802
2 13743 13751
2 13743 14803
2 13744 13752
2 13744 14144
2 13744 14804
2 13745 13753
2 13745 14805
2 13746 13754
2 13747 13755
2 13748 13756
2 13749 13757
2 13750 13758
2 13751 13759
2 13752 13760
2 13753 13761
2 13754 13762
2 13754 14565
2 13755 13763
2 13755 14566
2 13756 13764
2 13756 14567
2 13757 13765
2 13757 14568
2 13758 13766
2 13758 14569
2 13759 13767
2 13759 14570
2 13760 13768
2 13760 14571
2 13761 13769
2 13761 14572
2 13762 13770
2 13762 14573
2 13763 13771
2 13763 14574
2 13764 13772
2 13764 14575
2 13765 13773
2 13765 14576
2 13766 13774
2 13766 14577
2 13767 13775
2 13767 14578
2 13768 13776
2 13768 14579
2 13769 13777
2 13769 14580
2 13774 15781
2 13775 15782
2 13776 15783
2 13777 15784
2 13778 13779
2 13778 13780
2 13778 14358
2 13778 14648
2 13779 13861
2 13779 13931
2 13779 14370
2 13780 13781
2 13781 13782
2 13781 14854
2 13782 14015
2 13782 14890
2 13783 13784
2 13783 14974
2 13783 14975
2 13783 14976
2 13784 14686
2 13784 14977
2 13784 14978
2 13785 13789
2 13785 13793
2 13786 13790
2 13786 13794
2 13786 14334
2 13787 13791
2 13787 13795
2 13787 14642
2 13788 13792
2 13788 13796
2 13788 14335
2 13788 14643
2 13789 13887
2 13789 13985
2 13789 14372
2 13790 13888
2 13790 13986
2 13790 14373
2 13791 13889
2 13791 13987
2 13791 14374
2 13792 13890
2 13792 13988
2 13792 14375
2 13793 13797
2 13794 13798
2 13795 13799
2 13796 13800
2 13797 13801
2 13797 14850
2 13798 13802
2 13798 14851
2 13799 13803
2 13799 14852
2 13800 13804
2 13800 14853
2 13801 14005
2 13801 14891
2 13802 14006
2 13802 14892
2 13803 14007
2 13803 14893
2 13804 14008
2 13804 14894
2 13805 13807
2 13805 14981
2 13805 14983
2 13805 14985
2 13806 13808
2 13806 14982
2 13806 14984
2 13806 14986
2 13807 14697
2 13808 14698
2 13808 14987
2 13808 14988
2 13809 13813
2 13809 13817
2 13809 14651
2 13810 13814
2 13810 13818
2 13810 14652
2 13811 13815
2 13811 13819
2 13811 14326
2 13811 14653
2 13812 13816
2 13812 13820
2 13812 14327
2 13812 14654
2 13813 13911
2 13813 13937
2 13813 14362
2 13814 13912
2 13814 13938
2 13814 14363
2 13815 13913
2 13815 13939
2 13815 14364
2 13816 13914
2 13816 13940
2 13816 14365
2 13817 13821
2 13818 13822
2 13819 13823
2 13820 13824
2 13821 13825
2 13821 14859
2 13822 13826
2 13822 14860
2 13823 13827
2 13823 14861
2 13824 13828
2 13824 14862
2 13825 14019
2 13825 14899
2 13826 14020
2 13826 14900
2 13827 14021
2 13827 14901
2 13828 14022
2 13828 14902
2 13829 13833
2 13829 15224
2 13829 15228
2 13829 15232
2 13830 13834
2 13830 15225
2 13830 15229
2 13830 15233
2 13831 13835
2 13831 15226
2 13831 15230
2 13831 15234
2 13832 13836
2 13832 15227
2 13832 15231
2 13832 15235
2 13833 14680
2 13834 14681
2 13835 14682
2 13835 15220
2 13835 15222
2 13836 14683
2 13836 15221
2 13836 15223
2 13837 13841
2 13837 13845
2 13837 14342
2 13838 13842
2 13838 13846
2 13838 14343
2 13839 13843
2 13839 13847
2 13839 14344
2 13839 14636
2 13840 13844
2 13840 13848
2 13840 14345
2 13840 14637
2 13841 13867
2 13841 13957
2 13841 14380
2 13842 13868
2 13842 13958
2 13842 14381
2 13843 13869
2 13843 13959
2 13843 14382
2 13844 13870
2 13844 13960
2 13844 14383
2 13845 13849
2 13846 13850
2 13847 13851
2 13848 13852
2 13849 13853
2 13849 14855
2 13850 13854
2 13850 14856
2 13851 13855
2 13851 14857
2 13852 13856
2 13852 14858
2 13853 14029
2 13853 14895
2 13854 14030
2 13854 14896
2 13855 14031
2 13855 14897
2 13856 14032
2 13856 14898
2 13857 13859
2 13857 15236
2 13857 15238
2 13857 15240
2 13858 13860
2 13858 15237
2 13858 15239
2 13858 15241
2 13859 14691
2 13859 15242
2 13859 15244
2 13860 14692
2 13860 15243
2 13860 15245
2 13861 13862
2 13861 14311
2 13861 14888
2 13862 13863
2 13863 13864
2 13863 14627
2 13864 14121
2 13864 14707
2 13865 13866
2 13865 15503
2 13865 15504
2 13865 15505
2 13866 14402
2 13866 15501
2 13866 15502
2 13867 13871
2 13867 14305
2 13868 13872
2 13869 13873
2 13869 14306
2 13869 14876
2 13870 13874
2 13870 14877
2 13871 13875
2 13872 13876
2 13873 13877
2 13874 13878
2 13875 13879
2 13875 14623
2 13876 13880
2 13876 14624
2 13877 13881
2 13877 14625
2 13878 13882
2 13878 14626
2 13879 14111
2 13879 14708
2 13880 14112
2 13880 14709
2 13881 14113
2 13881 14710
2 13882 14114
2 13882 14711
2 13883 13885
2 13883 15512
2 13883 15514
2 13883 15516
2 13884 13886
2 13884 15513
2 13884 15515
2 13884 15517
2 13885 14392
2 13886 14393
2 13886 15510
2 13886 15511
2 13887 13891
2 13887 14314
2 13888 13892
2 13888 14315
2 13889 13893
2 13889 14316
2 13889 14872
2 13890 13894
2 13890 14317
2 13890 14873
2 13891 13895
2 13892 13896
2 13893 13897
2 13894 13898
2 13895 13899
2 13895 14632
2 13896 13900
2 13896 14633
2 13897 13901
2 13897 14634
2 13898 13902
2 13898 14635
2 13899 14085
2 13899 14703
2 13900 14086
2 13900 14704
2 13901 14087
2 13901 14705
2 13902 14088
2 13902 14706
2 13903 13907
2 13903 15403
2 13903 15407
2 13903 15411
2 13904 13908
2 13904 15404
2 13904 15408
2 13904 15412
2 13905 13909
2 13905 15405
2 13905 15409
2 13905 15413
2 13906 13910
2 13906 15406
2 13906 15410
2 13906 15414
2 13907 14411
2 13908 14412
2 13909 14413
2 13909 15399
2 13909 15401
2 13910 14414
2 13910 15400
2 13910 15402
2 13911 13915
2 13911 14299
2 13911 14880
2 13912 13916
2 13912 14881
2 13913 13917
2 13913 14300
2 13913 14882
2 13914 13918
2 13914 14883
2 13915 13919
2 13916 13920
2 13917 13921
2 13918 13922
2 13919 13923
2 13919 14628
2 13920 13924
2 13920 14629
2 13921 13925
2 13921 14630
2 13922 13926
2 13922 14631
2 13923 14095
2 13923 14699
2 13924 14096
2 13924 14700
2 13925 14097
2 13925 14701
2 13926 14098
2 13926 14702
2 13927 13929
2 13927 15372
2 13927 15374
2 13927 15376
2 13928 13930
2 13928 15373
2 13928 15375
2 13928 15377
2 13929 14398
2 13929 15378
2 13929 15380
2 13930 14399
2 13930 15379
2 13930 15381
2 13931 13932
2 13931 14621
2 13931 14867
2 13932 13933
2 13933 13934
2 13933 14371
2 13934 14071
2 13934 14427
2 13935 13936
2 13935 15540
2 13935 15541
2 13935 15542
2 13936 14914
2 13936 15543
2 13936 15544
2 13937 13941
2 13937 14609
2 13938 13942
2 13939 13943
2 13939 14610
2 13939 14865
2 13940 13944
2 13940 14866
2 13941 13945
2 13942 13946
2 13943 13947
2 13944 13948
2 13945 13949
2 13945 14366
2 13946 13950
2 13946 14367
2 13947 13951
2 13947 14368
2 13948 13952
2 13948 14369
2 13949 14075
2 13949 14423
2 13950 14076
2 13950 14424
2 13951 14077
2 13951 14425
2 13952 14078
2 13952 14426
2 13953 13955
2 13953 15553
2 13953 15555
2 13953 15557
2 13954 13956
2 13954 15554
2 13954 15556
2 13954 15558
2 13955 14931
2 13955 15551
2 13955 15552
2 13956 14932
2 13957 13961
2 13957 14605
2 13957 14868
2 13958 13962
2 13958 14869
2 13959 13963
2 13959 14606
2 13959 14870
2 13960 13964
2 13960 14871
2 13961 13965
2 13962 13966
2 13963 13967
2 13964 13968
2 13965 13969
2 13965 14384
2 13966 13970
2 13966 14385
2 13967 13971
2 13967 14386
2 13968 13972
2 13968 14387
2 13969 14061
2 13969 14415
2 13970 14062
2 13970 14416
2 13971 14063
2 13971 14417
2 13972 14064
2 13972 14418
2 13973 13977
2 13974 13978
2 13975 13979
2 13976 13980
2 13977 13981
2 13977 15693
2 13977 15697
2 13978 13982
2 13978 15694
2 13978 15698
2 13979 13983
2 13979 15695
2 13979 15699
2 13980 13984
2 13980 15696
2 13980 15700
2 13981 14923
2 13981 15689
2 13981 15691
2 13982 14924
2 13983 14925
2 13983 15690
2 13983 15692
2 13984 14926
2 13985 13989
2 13985 14613
2 13986 13990
2 13986 14614
2 13986 14863
2 13987 13991
2 13987 14615
2 13988 13992
2 13988 14616
2 13988 14864
2 13989 13993
2 13990 13994
2 13991 13995
2 13992 13996
2 13993 13997
2 13993 14376
2 13994 13998
2 13994 14377
2 13995 13999
2 13995 14378
2 13996 14000
2 13996 14379
2 13997 14045
2 13997 14419
2 13998 14046
2 13998 14420
2 13999 14047
2 13999 14421
2 14000 14048
2 14000 14422
2 14001 14003
2 14001 15667
2 14001 15669
2 14001 15671
2 14002 14004
2 14002 15668
2 14002 15670
2 14002 15672
2 14003 14937
2 14003 15673
2 14003 15675
2 14004 14938
2 14004 15674
2 14004 15676
2 14005 15854
2 14006 14009
2 14006 15855
2 14007 15856
2 14008 14010
2 14008 15857
2 14009 14011
2 14010 14012
2 14011 14013
2 14011 15433
2 14011 15435
2 14012 14014
2 14012 15434
2 14012 15436
2 14013 14340
2 14014 14341
2 14014 15437
2 14014 15438
2 14015 14016
2 14015 15833
2 14016 14017
2 14017 14018
2 14017 15450
2 14017 15451
2 14018 14361
2 14018 15448
2 14018 15449
2 14019 15902
2 14020 15903
2 14021 14023
2 14021 15904
2 14022 14024
2 14022 15905
2 14023 14025
2 14024 14026
2 14025 14027
2 14025 15298
2 14025 15300
2 14026 14028
2 14026 15299
2 14026 15301
2 14027 14332
2 14027 15294
2 14027 15296
2 14028 14333
2 14028 15295
2 14028 15297
2 14029 14033
2 14029 15878
2 14030 14034
2 14030 15879
2 14031 14035
2 14031 15880
2 14032 14036
2 14032 15881
2 14033 14037
2 14034 14038
2 14035 14039
2 14036 14040
2 14037 14041
2 14037 15264
2 14037 15268
2 14038 14042
2 14038 15265
2 14038 15269
2 14039 14043
2 14039 15266
2 14039 15270
2 14040 14044
2 14040 15267
2 14040 15271
2 14041 14354
2 14042 14355
2 14043 14356
2 14043 15272
2 14043 15274
2 14044 14357
2 14044 15273
2 14044 15275
2 14045 14049
2 14046 14050
2 14047 14051
2 14048 14052
2 14049 14053
2 14050 14054
2 14051 14055
2 14052 14056
2 14053 14057
2 14053 15065
2 14053 15069
2 14054 14058
2 14054 15066
2 14054 15070
2 14055 14059
2 14055 15067
2 14055 15071
2 14056 14060
2 14056 15068
2 14056 15072
2 14057 14617
2 14058 14618
2 14058 15061
2 14058 15063
2 14059 14619
2 14060 14620
2 14060 15062
2 14060 15064
2 14061 14065
2 14063 14066
2 14065 14067
2 14066 14068
2 14067 14069
2 14067 15045
2 14067 15047
2 14068 14070
2 14068 15046
2 14068 15048
2 14069 14607
2 14069 15041
2 14069 15043
2 14070 14608
2 14070 15042
2 14070 15044
2 14071 14072
2 14072 14073
2 14073 14074
2 14073 15174
2 14073 15175
2 14074 14622
2 14074 15176
2 14074 15177
2 14075 14079
2 14077 14080
2 14079 14081
2 14080 14082
2 14081 14083
2 14081 15189
2 14081 15191
2 14082 14084
2 14082 15190
2 14082 15192
2 14083 14611
2 14084 14612
2 14084 15187
2 14084 15188
2 14087 14089
2 14088 14090
2 14089 14091
2 14090 14092
2 14091 14093
2 14091 15607
2 14091 15609
2 14092 14094
2 14092 15608
2 14092 15610
2 14093 14874
2 14093 15603
2 14093 15605
2 14094 14875
2 14094 15604
2 14094 15606
2 14095 14099
2 14096 14100
2 14097 14101
2 14098 14102
2 14099 14103
2 14100 14104
2 14101 14105
2 14102 14106
2 14103 14107
2 14103 15573
2 14103 15577
2 14104 14108
2 14104 15574
2 14104 15578
2 14105 14109
2 14105 15575
2 14105 15579
2 14106 14110
2 14106 15576
2 14106 15580
2 14107 14884
2 14107 15581
2 14107 15583
2 14108 14885
2 14109 14886
2 14109 15582
2 14109 15584
2 14110 14887
2 14113 14115
2 14114 14116
2 14115 14117
2 14116 14118
2 14117 14119
2 14117 15715
2 14117 15717
2 14118 14120
2 14118 15716
2 14118 15718
2 14119 14878
2 14119 15719
2 14119 15720
2 14120 14879
2 14121 14122
2 14122 14123
2 14123 14124
2 14123 15524
2 14123 15525
2 14124 14889
2 14124 15522
2 14124 15523
2 14125 14127
2 14126 14128
2 14127 14129
2 14127 14487
2 14128 14130
2 14128 14488
2 14129 14131
2 14129 14489
2 14130 14132
2 14130 14490
2 14131 14394
2 14131 15386
2 14132 14395
2 14132 15387
2 14133 14135
2 14134 14136
2 14135 14137
2 14135 14477
2 14136 14138
2 14136 14478
2 14137 14139
2 14137 14479
2 14138 14140
2 14138 14480
2 14139 14388
2 14139 15806
2 14140 14389
2 14140 15807
2 14141 14145
2 14142 14146
2 14143 14147
2 14144 14148
2 14145 14149
2 14145 14499
2 14146 14150
2 14146 14500
2 14147 14151
2 14147 14501
2 14148 14152
2 14148 14502
2 14149 14153
2 14149 14503
2 14150 14154
2 14150 14504
2 14151 14155
2 14151 14505
2 14152 14156
2 14152 14506
2 14153 14403
2 14153 15808
2 14154 14404
2 14154 15809
2 14155 14405
2 14155 15810
2 14156 14406
2 14156 15811
2 14157 14158
2 14158 14159
2 14158 14494
2 14159 14160
2 14159 14495
2 14160 14400
2 14160 15813
2 14161 14163
2 14161 14597
2 14161 14786
2 14162 14164
2 14162 14598
2 14162 14787
2 14165 14167
2 14166 14168
2 14167 14169
2 14168 14170
2 14169 14171
2 14169 15167
2 14169 15169
2 14170 14172
2 14170 15168
2 14170 15170
2 14171 14949
2 14171 15163
2 14171 15165
2 14172 14950
2 14172 15164
2 14172 15166
2 14173 14175
2 14173 14557
2 14173 14778
2 14174 14176
2 14174 14558
2 14174 14779
2 14177 14179
2 14178 14180
2 14179 14181
2 14180 14182
2 14181 14183
2 14181 15198
2 14181 15200
2 14182 14184
2 14182 15199
2 14182 15201
2 14183 14939
2 14183 15202
2 14183 15204
2 14184 14940
2 14184 15203
2 14184 15205
2 14185 14187
2 14185 14549
2 14185 14794
2 14186 14188
2 14186 14550
2 14186 14795
2 14189 14191
2 14190 14192
2 14191 14193
2 14192 14194
2 14193 14195
2 14193 15143
2 14193 15145
2 14194 14196
2 14194 15144
2 14194 15146
2 14195 14951
2 14195 15147
2 14195 15149
2 14196 14952
2 14196 15148
2 14196 15150
2 14197 14205
2 14197 14565
2 14197 14746
2 14198 14206
2 14198 14566
2 14198 14747
2 14199 14207
2 14199 14567
2 14199 14748
2 14200 14208
2 14200 14568
2 14200 14749
2 14201 14209
2 14201 14569
2 14201 14750
2 14202 14210
2 14202 14570
2 14202 14751
2 14203 14211
2 14203 14571
2 14203 14752
2 14204 14212
2 14204 14572
2 14204 14753
2 14213 14221
2 14214 14222
2 14215 14223
2 14216 14224
2 14217 14225
2 14218 14226
2 14219 14227
2 14220 14228
2 14221 14229
2 14222 14230
2 14223 14231
2 14224 14232
2 14225 14233
2 14226 14234
2 14227 14235
2 14228 14236
2 14229 14237
2 14229 15113
2 14229 15121
2 14230 14238
2 14230 15114
2 14230 15122
2 14231 14239
2 14231 15115
2 14231 15123
2 14232 14240
2 14232 15116
2 14232 15124
2 14233 14241
2 14233 15117
2 14233 15125
2 14234 14242
2 14234 15118
2 14234 15126
2 14235 14243
2 14235 15119
2 14235 15127
2 14236 14244
2 14236 15120
2 14236 15128
2 14237 14941
2 14237 15097
2 14237 15105
2 14238 14942
2 14238 15098
2 14238 15106
2 14239 14943
2 14239 15099
2 14239 15107
2 14240 14944
2 14240 15100
2 14240 15108
2 14241 14945
2 14241 15101
2 14241 15109
2 14242 14946
2 14242 15102
2 14242 15110
2 14243 14947
2 14243 15103
2 14243 15111
2 14244 14948
2 14244 15104
2 14244 15112
2 14245 14246
2 14246 14247
2 14246 14840
2 14247 14248
2 14247 14841
2 14248 14249
2 14248 14432
2 14249 14250
2 14250 14251
2 14250 15753
2 14250 15754
2 14251 14740
2 14251 15751
2 14251 15752
2 14252 14256
2 14253 14257
2 14254 14258
2 14255 14259
2 14256 14260
2 14256 14832
2 14257 14261
2 14257 14833
2 14258 14262
2 14258 14834
2 14259 14263
2 14259 14835
2 14260 14264
2 14260 14836
2 14261 14265
2 14261 14837
2 14262 14266
2 14262 14838
2 14263 14267
2 14263 14839
2 14264 14428
2 14265 14429
2 14266 14268
2 14266 14430
2 14267 14269
2 14267 14431
2 14268 14270
2 14269 14271
2 14270 14272
2 14270 15734
2 14270 15736
2 14271 14273
2 14271 15735
2 14271 15737
2 14272 14743
2 14272 15738
2 14272 15740
2 14273 14744
2 14273 15739
2 14273 15741
2 14274 14276
2 14275 14277
2 14276 14278
2 14276 14846
2 14277 14279
2 14277 14847
2 14278 14280
2 14278 14848
2 14279 14281
2 14279 14849
2 14280 14282
2 14280 14435
2 14281 14283
2 14281 14436
2 14282 14284
2 14283 14285
2 14284 14286
2 14284 15755
2 14284 15757
2 14285 14287
2 14285 15756
2 14285 15758
2 14286 14741
2 14286 15759
2 14286 15761
2 14287 14742
2 14287 15760
2 14287 15762
2 14288 14290
2 14289 14291
2 14290 14292
2 14290 14842
2 14291 14293
2 14291 14843
2 14292 14294
2 14292 14844
2 14293 14295
2 14293 14845
2 14294 14433
2 14295 14296
2 14295 14434
2 14296 14297
2 14297 14298
2 14297 15732
2 14297 15733
2 14298 14745
2 14298 15730
2 14298 15731
2 14299 14301
2 14300 14302
2 14301 14303
2 14301 14609
2 14302 14304
2 14302 14610
2 14303 14394
2 14303 14663
2 14304 14395
2 14304 14664
2 14305 14307
2 14306 14308
2 14307 14309
2 14307 14605
2 14308 14310
2 14308 14606
2 14309 14388
2 14309 14665
2 14310 14389
2 14310 14666
2 14311 14312
2 14312 14313
2 14312 14621
2 14313 14400
2 14313 14671
2 14314 14318
2 14315 14319
2 14316 14320
2 14317 14321
2 14318 14322
2 14318 14613
2 14319 14323
2 14319 14614
2 14320 14324
2 14320 14615
2 14321 14325
2 14321 14616
2 14322 14403
2 14322 14667
2 14323 14404
2 14323 14668
2 14324 14405
2 14324 14669
2 14325 14406
2 14325 14670
2 14326 14328
2 14327 14329
2 14328 14330
2 14328 14865
2 14329 14331
2 14329 14866
2 14330 14435
2 14330 14927
2 14331 14436
2 14331 14928
2 14332 15288
2 14332 15290
2 14332 15292
2 14333 15289
2 14333 15291
2 14333 15293
2 14334 14336
2 14335 14337
2 14336 14338
2 14336 14863
2 14337 14339
2 14337 14864
2 14338 14433
2 14338 14933
2 14339 14434
2 14339 14934
2 14340 15439
2 14340 15441
2 14340 15443
2 14341 15440
2 14341 15442
2 14341 15444
2 14342 14346
2 14343 14347
2 14344 14348
2 14345 14349
2 14346 14350
2 14346 14868
2 14347 14351
2 14347 14869
2 14348 14352
2 14348 14870
2 14349 14353
2 14349 14871
2 14350 14428
2 14350 14915
2 14351 14429
2 14351 14916
2 14352 14430
2 14352 14917
2 14353 14431
2 14353 14918
2 14354 15276
2 14354 15280
2 14354 15284
2 14355 15277
2 14355 15281
2 14355 15285
2 14356 15278
2 14356 15282
2 14356 15286
2 14357 15279
2 14357 15283
2 14357 15287
2 14358 14359
2 14359 14360
2 14359 14867
2 14360 14432
2 14360 14912
2 14361 15445
2 14361 15446
2 14361 15447
2 14362 14366
2 14362 14628
2 14362 14859
2 14363 14367
2 14363 14629
2 14363 14860
2 14364 14368
2 14364 14630
2 14364 14861
2 14365 14369
2 14365 14631
2 14365 14862
2 14370 14371
2 14370 14627
2 14370 14854
2 14372 14376
2 14372 14632
2 14372 14850
2 14373 14377
2 14373 14633
2 14373 14851
2 14374 14378
2 14374 14634
2 14374 14852
2 14375 14379
2 14375 14635
2 14375 14853
2 14380 14384
2 14380 14623
2 14380 14855
2 14381 14385
2 14381 14624
2 14381 14856
2 14382 14386
2 14382 14625
2 14382 14857
2 14383 14387
2 14383 14626
2 14383 14858
2 14388 14390
2 14389 14391
2 14390 14392
2 14391 14393
2 14392 15506
2 14392 15508
2 14393 15507
2 14393 15509
2 14394 14396
2 14395 14397
2 14396 14398
2 14397 14399
2 14398 15382
2 14398 15384
2 14399 15383
2 14399 15385
2 14400 14401
2 14401 14402
2 14402 15499
2 14402 15500
2 14403 14407
2 14404 14408
2 14405 14409
2 14406 14410
2 14407 14411
2 14408 14412
2 14409 14413
2 14410 14414
2 14411 15391
2 14411 15395
2 14412 15392
2 14412 15396
2 14413 15393
2 14413 15397
2 14414 15394
2 14414 15398
2 14415 15133
2 14416 15134
2 14417 15135
2 14418 15136
2 14419 15139
2 14420 15140
2 14421 15141
2 14422 15142
2 14423 15193
2 14424 15194
2 14425 15195
2 14426 15196
2 14427 15171
2 14430 15795
2 14431 15796
2 14432 15456
2 14434 15797
2 14435 15802
2 14436 15803
2 14437 14438
2 14437 14997
2 14437 14998
2 14437 14999
2 14438 14817
2 14438 14995
2 14438 14996
2 14439 14441
2 14439 15008
2 14439 15010
2 14439 15012
2 14440 14442
2 14440 15009
2 14440 15011
2 14440 15013
2 14441 14830
2 14441 15004
2 14441 15006
2 14442 14831
2 14442 15005
2 14442 15007
2 14443 14445
2 14443 15029
2 14443 15031
2 14443 15033
2 14444 14446
2 14444 15030
2 14444 15032
2 14444 15034
2 14445 14812
2 14445 15025
2 14445 15027
2 14446 14813
2 14446 15026
2 14446 15028
2 14447 14448
2 14447 15014
2 14447 15015
2 14447 15016
2 14448 14823
2 14448 15017
2 14448 15018
2 14449 14451
2 14449 15701
2 14449 15703
2 14449 15705
2 14450 14452
2 14450 15702
2 14450 15704
2 14450 15706
2 14451 14555
2 14451 15707
2 14451 15709
2 14452 14556
2 14452 15708
2 14452 15710
2 14453 14461
2 14453 15643
2 14453 15651
2 14453 15659
2 14454 14462
2 14454 15644
2 14454 15652
2 14454 15660
2 14455 14463
2 14455 15645
2 14455 15653
2 14455 15661
2 14456 14464
2 14456 15646
2 14456 15654
2 14456 15662
2 14457 14465
2 14457 15647
2 14457 15655
2 14457 15663
2 14458 14466
2 14458 15648
2 14458 15656
2 14458 15664
2 14459 14467
2 14459 15649
2 14459 15657
2 14459 15665
2 14460 14468
2 14460 15650
2 14460 15658
2 14460 15666
2 14461 14589
2 14461 15627
2 14461 15635
2 14462 14590
2 14462 15628
2 14462 15636
2 14463 14591
2 14463 15629
2 14463 15637
2 14464 14592
2 14464 15630
2 14464 15638
2 14465 14593
2 14465 15631
2 14465 15639
2 14466 14594
2 14466 15632
2 14466 15640
2 14467 14595
2 14467 15633
2 14467 15641
2 14468 14596
2 14468 15634
2 14468 15642
2 14469 14471
2 14469 15534
2 14469 15536
2 14469 15538
2 14470 14472
2 14470 15535
2 14470 15537
2 14470 15539
2 14471 14563
2 14471 15530
2 14471 15532
2 14472 14564
2 14472 15531
2 14472 15533
2 14473 14475
2 14473 15559
2 14473 15561
2 14473 15563
2 14474 14476
2 14474 15560
2 14474 15562
2 14474 15564
2 14475 14603
2 14475 15565
2 14475 15567
2 14476 14604
2 14476 15566
2 14476 15568
2 14479 14481
2 14479 14665
2 14480 14482
2 14480 14666
2 14481 14483
2 14482 14484
2 14483 14485
2 14483 15485
2 14483 15487
2 14484 14486
2 14484 15486
2 14484 15488
2 14485 14954
2 14485 15489
2 14485 15491
2 14486 14955
2 14486 15490
2 14486 15492
2 14489 14663
2 14490 14491
2 14490 14664
2 14491 14492
2 14492 14493
2 14492 15457
2 14492 15458
2 14493 14958
2 14493 15459
2 14493 15460
2 14495 14496
2 14495 14671
2 14496 14497
2 14497 14498
2 14497 15483
2 14497 15484
2 14498 14953
2 14498 15481
2 14498 15482
2 14503 14667
2 14504 14507
2 14504 14668
2 14505 14669
2 14506 14508
2 14506 14670
2 14507 14509
2 14508 14510
2 14509 14511
2 14509 15464
2 14509 15466
2 14510 14512
2 14510 15465
2 14510 15467
2 14511 14956
2 14511 15468
2 14511 15470
2 14512 14957
2 14512 15469
2 14512 15471
2 14513 14514
2 14514 14515
2 14514 14814
2 14515 14516
2 14515 14815
2 14516 14684
2 14516 14973
2 14517 14521
2 14518 14522
2 14519 14523
2 14520 14524
2 14521 14525
2 14521 14802
2 14522 14526
2 14522 14803
2 14523 14527
2 14523 14804
2 14524 14528
2 14524 14805
2 14525 14529
2 14525 14806
2 14526 14530
2 14526 14807
2 14527 14531
2 14527 14808
2 14528 14532
2 14528 14809
2 14529 14672
2 14529 14959
2 14530 14673
2 14530 14960
2 14531 14674
2 14531 14961
2 14532 14675
2 14532 14962
2 14533 14535
2 14534 14536
2 14535 14537
2 14535 14824
2 14536 14538
2 14536 14825
2 14537 14539
2 14537 14826
2 14538 14540
2 14538 14827
2 14539 14693
2 14539 14970
2 14540 14694
2 14540 14971
2 14541 14543
2 14542 14544
2 14543 14545
2 14543 14818
2 14544 14546
2 14544 14819
2 14545 14547
2 14545 14820
2 14546 14548
2 14546 14821
2 14547 14687
2 14547 14966
2 14548 14688
2 14548 14967
2 14551 14553
2 14552 14554
2 14553 14555
2 14554 14556
2 14555 15711
2 14555 15713
2 14556 15712
2 14556 15714
2 14559 14561
2 14560 14562
2 14561 14563
2 14562 14564
2 14563 15526
2 14563 15528
2 14564 15527
2 14564 15529
2 14573 14581
2 14574 14582
2 14575 14583
2 14576 14584
2 14577 14585
2 14578 14586
2 14579 14587
2 14580 14588
2 14581 14589
2 14582 14590
2 14583 14591
2 14584 14592
2 14585 14593
2 14586 14594
2 14587 14595
2 14588 14596
2 14589 15611
2 14589 15619
2 14590 15612
2 14590 15620
2 14591 15613
2 14591 15621
2 14592 15614
2 14592 15622
2 14593 15615
2 14593 15623
2 14594 15616
2 14594 15624
2 14595 15617
2 14595 15625
2 14596 15618
2 14596 15626
2 14599 14601
2 14600 14602
2 14601 14603
2 14602 14604
2 14603 15569
2 14603 15571
2 14604 15570
2 14604 15572
2 14607 15035
2 14607 15037
2 14607 15039
2 14608 15036
2 14608 15038
2 14608 15040
2 14611 15181
2 14611 15183
2 14611 15185
2 14612 15182
2 14612 15184
2 14612 15186
2 14617 15049
2 14617 15053
2 14617 15057
2 14618 15050
2 14618 15054
2 14618 15058
2 14619 15051
2 14619 15055
2 14619 15059
2 14620 15052
2 14620 15056
2 14620 15060
2 14622 15178
2 14622 15179
2 14622 15180
2 14636 14638
2 14637 14639
2 14638 14640
2 14638 14876
2 14639 14641
2 14639 14877
2 14640 14687
2 14640 14910
2 14641 14688
2 14641 14911
2 14642 14644
2 14643 14645
2 14644 14646
2 14644 14872
2 14645 14647
2 14645 14873
2 14646 14693
2 14646 14908
2 14647 14694
2 14647 14909
2 14648 14649
2 14649 14650
2 14649 14888
2 14650 14684
2 14650 14903
2 14651 14655
2 14652 14656
2 14653 14657
2 14654 14658
2 14655 14659
2 14655 14880
2 14656 14660
2 14656 14881
2 14657 14661
2 14657 14882
2 14658 14662
2 14658 14883
2 14659 14672
2 14659 14904
2 14660 14673
2 14660 14905
2 14661 14674
2 14661 14906
2 14662 14675
2 14662 14907
2 14664 15390
2 14665 15804
2 14666 15805
2 14668 15388
2 14670 15389
2 14671 15812
2 14672 14676
2 14673 14677
2 14674 14678
2 14675 14679
2 14676 14680
2 14677 14681
2 14678 14682
2 14679 14683
2 14680 15212
2 14680 15216
2 14681 15213
2 14681 15217
2 14682 15214
2 14682 15218
2 14683 15215
2 14683 15219
2 14684 14685
2 14685 14686
2 14686 14979
2 14686 14980
2 14687 14689
2 14688 14690
2 14689 14691
2 14690 14692
2 14691 15246
2 14691 15248
2 14692 15247
2 14692 15249
2 14693 14695
2 14694 14696
2 14695 14697
2 14696 14698
2 14697 14989
2 14697 14991
2 14698 14990
2 14698 14992
2 14699 15787
2 14700 15788
2 14701 15789
2 14702 15790
2 14703 15777
2 14704 15778
2 14705 15779
2 14706 15780
2 14707 15769
2 14708 15772
2 14709 15773
2 14710 15774
2 14711 15775
2 14712 14714
2 14712 15415
2 14712 15417
2 14712 15419
2 14713 14715
2 14713 15416
2 14713 15418
2 14713 15420
2 14714 14792
2 14714 15421
2 14714 15423
2 14715 14793
2 14715 15422
2 14715 15424
2 14716 14724
2 14716 15348
2 14716 15356
2 14716 15364
2 14717 14725
2 14717 15349
2 14717 15357
2 14717 15365
2 14718 14726
2 14718 15350
2 14718 15358
2 14718 15366
2 14719 14727
2 14719 15351
2 14719 15359
2 14719 15367
2 14720 14728
2 14720 15352
2 14720 15360
2 14720 15368
2 14721 14729
2 14721 15353
2 14721 15361
2 14721 15369
2 14722 14730
2 14722 15354
2 14722 15362
2 14722 15370
2 14723 14731
2 14723 15355
2 14723 15363
2 14723 15371
2 14724 14770
2 14724 15332
2 14724 15340
2 14725 14771
2 14725 15333
2 14725 15341
2 14726 14772
2 14726 15334
2 14726 15342
2 14727 14773
2 14727 15335
2 14727 15343
2 14728 14774
2 14728 15336
2 14728 15344
2 14729 14775
2 14729 15337
2 14729 15345
2 14730 14776
2 14730 15338
2 14730 15346
2 14731 14777
2 14731 15339
2 14731 15347
2 14732 14734
2 14732 15822
2 14732 15824
2 14732 15826
2 14733 14735
2 14733 15823
2 14733 15825
2 14733 15827
2 14734 14800
2 14734 15818
2 14734 15820
2 14735 14801
2 14735 15819
2 14735 15821
2 14736 14738
2 14736 15250
2 14736 15252
2 14736 15254
2 14737 14739
2 14737 15251
2 14737 15253
2 14737 15255
2 14738 14784
2 14738 15256
2 14738 15258
2 14739 14785
2 14739 15257
2 14739 15259
2 14740 15748
2 14740 15749
2 14740 15750
2 14741 15763
2 14741 15765
2 14741 15767
2 14742 15764
2 14742 15766
2 14742 15768
2 14743 15742
2 14743 15744
2 14743 15746
2 14744 15743
2 14744 15745
2 14744 15747
2 14745 15727
2 14745 15728
2 14745 15729
2 14754 14762
2 14754 17152
2 14755 14763
2 14755 17153
2 14756 14764
2 14756 17154
2 14757 14765
2 14757 17155
2 14758 14766
2 14758 17156
2 14759 14767
2 14759 17157
2 14760 14768
2 14760 17158
2 14761 14769
2 14761 17159
2 14762 14770
2 14763 14771
2 14764 14772
2 14765 14773
2 14766 14774
2 14767 14775
2 14768 14776
2 14769 14777
2 14770 15316
2 14770 15324
2 14771 15317
2 14771 15325
2 14772 15318
2 14772 15326
2 14773 15319
2 14773 15327
2 14774 15320
2 14774 15328
2 14775 15321
2 14775 15329
2 14776 15322
2 14776 15330
2 14777 15323
2 14777 15331
2 14780 14782
2 14780 17150
2 14781 14783
2 14781 17151
2 14782 14784
2 14783 14785
2 14784 15260
2 14784 15262
2 14785 15261
2 14785 15263
2 14788 14790
2 14788 17162
2 14789 14791
2 14789 17163
2 14790 14792
2 14791 14793
2 14792 15425
2 14792 15427
2 14793 15426
2 14793 15428
2 14796 14798
2 14796 17160
2 14797 14799
2 14797 17161
2 14798 14800
2 14799 14801
2 14800 15814
2 14800 15816
2 14801 15815
2 14801 15817
2 14806 14810
2 14806 14904
2 14807 14905
2 14808 14811
2 14808 14906
2 14809 14907
2 14810 14812
2 14811 14813
2 14812 15021
2 14812 15023
2 14813 15022
2 14813 15024
2 14815 14816
2 14815 14903
2 14816 14817
2 14817 14993
2 14817 14994
2 14820 14822
2 14820 14910
2 14821 14911
2 14822 14823
2 14823 15019
2 14823 15020
2 14826 14828
2 14826 14908
2 14827 14829
2 14827 14909
2 14828 14830
2 14829 14831
2 14830 15000
2 14830 15002
2 14831 15001
2 14831 15003
2 14836 14915
2 14836 15791
2 14837 14916
2 14837 15792
2 14838 14917
2 14838 15793
2 14839 14918
2 14839 15794
2 14841 14912
2 14841 15455
2 14844 14933
2 14844 15798
2 14845 14934
2 14845 15799
2 14848 14927
2 14848 15800
2 14849 14928
2 14849 15801
2 14874 15597
2 14874 15599
2 14874 15601
2 14875 15598
2 14875 15600
2 14875 15602
2 14878 15721
2 14878 15723
2 14878 15725
2 14879 15722
2 14879 15724
2 14879 15726
2 14884 15585
2 14884 15589
2 14884 15593
2 14885 15586
2 14885 15590
2 14885 15594
2 14886 15587
2 14886 15591
2 14886 15595
2 14887 15588
2 14887 15592
2 14887 15596
2 14889 15519
2 14889 15520
2 14889 15521
2 14890 15454
2 14890 17026
2 14891 15429
2 14891 17013
2 14892 15430
2 14892 17014
2 14893 15431
2 14893 17015
2 14894 15432
2 14894 17016
2 14895 15308
2 14895 17049
2 14896 15309
2 14896 17050
2 14897 15310
2 14897 17051
2 14898 15311
2 14898 17052
2 14899 15302
2 14899 17033
2 14900 15303
2 14900 17034
2 14901 15304
2 14901 17035
2 14902 15305
2 14902 17036
2 14903 14972
2 14904 14963
2 14906 14964
2 14908 14968
2 14909 14969
2 14910 14965
2 14912 14913
2 14913 14914
2 14914 15545
2 14914 15546
2 14915 14919
2 14916 14920
2 14917 14921
2 14918 14922
2 14919 14923
2 14920 14924
2 14921 14925
2 14922 14926
2 14923 15681
2 14923 15685
2 14924 15682
2 14924 15686
2 14925 15683
2 14925 15687
2 14926 15684
2 14926 15688
2 14927 14929
2 14928 14930
2 14929 14931
2 14930 14932
2 14931 15547
2 14931 15549
2 14932 15548
2 14932 15550
2 14933 14935
2 14934 14936
2 14935 14937
2 14936 14938
2 14937 15677
2 14937 15679
2 14938 15678
2 14938 15680
2 14939 15206
2 14939 15208
2 14939 15210
2 14940 15207
2 14940 15209
2 14940 15211
2 14941 15073
2 14941 15081
2 14941 15089
2 14942 15074
2 14942 15082
2 14942 15090
2 14943 15075
2 14943 15083
2 14943 15091
2 14944 15076
2 14944 15084
2 14944 15092
2 14945 15077
2 14945 15085
2 14945 15093
2 14946 15078
2 14946 15086
2 14946 15094
2 14947 15079
2 14947 15087
2 14947 15095
2 14948 15080
2 14948 15088
2 14948 15096
2 14949 15157
2 14949 15159
2 14949 15161
2 14950 15158
2 14950 15160
2 14950 15162
2 14951 15151
2 14951 15153
2 14951 15155
2 14952 15152
2 14952 15154
2 14952 15156
2 14953 15478
2 14953 15479
2 14953 15480
2 14954 15493
2 14954 15495
2 14954 15497
2 14955 15494
2 14955 15496
2 14955 15498
2 14956 15472
2 14956 15474
2 14956 15476
2 14957 15473
2 14957 15475
2 14957 15477
2 14958 15461
2 14958 15462
2 14958 15463
2 15828 15829
2 15828 15830
2 15828 16536
2 15828 16812
2 15829 15906
2 15829 15971
2 15829 16457
2 15830 15831
2 15831 15832
2 15831 17025
2 15832 15833
2 15832 17026
2 15833 17532
2 15834 15838
2 15834 15842
2 15835 15839
2 15835 15843
2 15835 16525
2 15836 15840
2 15836 15844
2 15836 16788
2 15837 15841
2 15837 15845
2 15837 16526
2 15837 16789
2 15838 15931
2 15838 16016
2 15838 16487
2 15839 15932
2 15839 16017
2 15839 16488
2 15840 15933
2 15840 16018
2 15840 16489
2 15841 15934
2 15841 16019
2 15841 16490
2 15842 15846
2 15843 15847
2 15844 15848
2 15845 15849
2 15846 15850
2 15846 17009
2 15847 15851
2 15847 17010
2 15848 15852
2 15848 17011
2 15849 15853
2 15849 17012
2 15850 15854
2 15850 17013
2 15851 15855
2 15851 17014
2 15852 15856
2 15852 17015
2 15853 15857
2 15853 17016
2 15855 17535
2 15857 17536
2 15858 15862
2 15858 15866
2 15858 16543
2 15859 15863
2 15859 15867
2 15859 16544
2 15860 15864
2 15860 15868
2 15860 16545
2 15860 16780
2 15861 15865
2 15861 15869
2 15861 16546
2 15861 16781
2 15862 15951
2 15862 15976
2 15862 16463
2 15863 15952
2 15863 15977
2 15863 16464
2 15864 15953
2 15864 15978
2 15864 16465
2 15865 15954
2 15865 15979
2 15865 16466
2 15866 15870
2 15867 15871
2 15868 15872
2 15869 15873
2 15870 15874
2 15870 17045
2 15871 15875
2 15871 17046
2 15872 15876
2 15872 17047
2 15873 15877
2 15873 17048
2 15874 15878
2 15874 17049
2 15875 15879
2 15875 17050
2 15876 15880
2 15876 17051
2 15877 15881
2 15877 17052
2 15878 17682
2 15879 17683
2 15880 17684
2 15881 17685
2 15882 15886
2 15882 15890
2 15882 16796
2 15883 15887
2 15883 15891
2 15883 16797
2 15884 15888
2 15884 15892
2 15884 16511
2 15884 16798
2 15885 15889
2 15885 15893
2 15885 16512
2 15885 16799
2 15886 15911
2 15886 15996
2 15886 16433
2 15887 15912
2 15887 15997
2 15887 16434
2 15888 15913
2 15888 15998
2 15888 16435
2 15889 15914
2 15889 15999
2 15889 16436
2 15890 15894
2 15891 15895
2 15892 15896
2 15893 15897
2 15894 15898
2 15894 17029
2 15895 15899
2 15895 17030
2 15896 15900
2 15896 17031
2 15897 15901
2 15897 17032
2 15898 15902
2 15898 17033
2 15899 15903
2 15899 17034
2 15900 15904
2 15900 17035
2 15901 15905
2 15901 17036
2 15904 17753
2 15905 17754
2 15906 15907
2 15906 16761
2 15906 17107
2 15907 15908
2 15908 15909
2 15908 16458
2 15909 15910
2 15909 16459
2 15910 17477
2 15911 15915
2 15912 15916
2 15912 16754
2 15913 15917
2 15913 17095
2 15914 15918
2 15914 16755
2 15914 17096
2 15915 15919
2 15916 15920
2 15917 15921
2 15918 15922
2 15919 15923
2 15919 16437
2 15920 15924
2 15920 16438
2 15921 15925
2 15921 16439
2 15922 15926
2 15922 16440
2 15923 15927
2 15923 16441
2 15924 15928
2 15924 16442
2 15925 15929
2 15925 16443
2 15926 15930
2 15926 16444
2 15928 17454
2 15930 17455
2 15931 15935
2 15931 16766
2 15932 15936
2 15932 16767
2 15932 17091
2 15933 15937
2 15933 16768
2 15934 15938
2 15934 16769
2 15934 17092
2 15935 15939
2 15936 15940
2 15937 15941
2 15938 15942
2 15939 15943
2 15939 16491
2 15940 15944
2 15940 16492
2 15941 15945
2 15941 16493
2 15942 15946
2 15942 16494
2 15943 15947
2 15943 16495
2 15944 15948
2 15944 16496
2 15945 15949
2 15945 16497
2 15946 15950
2 15946 16498
2 15947 17380
2 15948 17381
2 15949 17382
2 15950 17383
2 15951 15955
2 15951 17099
2 15952 15956
2 15952 16744
2 15952 17100
2 15953 15957
2 15953 17101
2 15954 15958
2 15954 16745
2 15954 17102
2 15955 15959
2 15956 15960
2 15957 15961
2 15958 15962
2 15959 15963
2 15959 16467
2 15960 15964
2 15960 16468
2 15961 15965
2 15961 16469
2 15962 15966
2 15962 16470
2 15963 15967
2 15963 16471
2 15964 15968
2 15964 16472
2 15965 15969
2 15965 16473
2 15966 15970
2 15966 16474
2 15968 17386
2 15970 17387
2 15971 15972
2 15971 16429
2 15971 17075
2 15972 15973
2 15973 15974
2 15973 16832
2 15974 15975
2 15974 16833
2 15975 18002
2 15976 15980
2 15977 15981
2 15977 16405
2 15978 15982
2 15978 17069
2 15979 15983
2 15979 16406
2 15979 17070
2 15980 15984
2 15981 15985
2 15982 15986
2 15983 15987
2 15984 15988
2 15984 16816
2 15985 15989
2 15985 16817
2 15986 15990
2 15986 16818
2 15987 15991
2 15987 16819
2 15988 15992
2 15988 16820
2 15989 15993
2 15989 16821
2 15990 15994
2 15990 16822
2 15991 15995
2 15991 16823
2 15994 18005
2 15995 18006
2 15996 16000
2 15996 17079
2 15997 16001
2 15997 16397
2 15997 17080
2 15998 16002
2 15998 17081
2 15999 16003
2 15999 16398
2 15999 17082
2 16000 16004
2 16001 16005
2 16002 16006
2 16003 16007
2 16004 16008
2 16004 16852
2 16005 16009
2 16005 16853
2 16006 16010
2 16006 16854
2 16007 16011
2 16007 16855
2 16008 16012
2 16008 16856
2 16009 16013
2 16009 16857
2 16010 16014
2 16010 16858
2 16011 16015
2 16011 16859
2 16012 18017
2 16013 18018
2 16014 18019
2 16015 18020
2 16016 16020
2 16016 16413
2 16017 16021
2 16017 16414
2 16018 16022
2 16018 16415
2 16018 17061
2 16019 16023
2 16019 16416
2 16019 17062
2 16020 16024
2 16021 16025
2 16022 16026
2 16023 16027
2 16024 16028
2 16024 16836
2 16025 16029
2 16025 16837
2 16026 16030
2 16026 16838
2 16027 16031
2 16027 16839
2 16028 16032
2 16028 16840
2 16029 16033
2 16029 16841
2 16030 16034
2 16030 16842
2 16031 16035
2 16031 16843
2 16034 18015
2 16035 18016
2 16036 16038
2 16036 16040
2 16036 16620
2 16036 16915
2 16037 16039
2 16037 16041
2 16037 16621
2 16037 16916
2 16038 16124
2 16038 16198
2 16038 16632
2 16039 16125
2 16039 16199
2 16039 16633
2 16040 16042
2 16041 16043
2 16042 16044
2 16042 17117
2 16043 16045
2 16043 17118
2 16044 16294
2 16044 17150
2 16045 16295
2 16045 17151
2 16046 16048
2 16046 17234
2 16046 17236
2 16046 17238
2 16047 16049
2 16047 17235
2 16047 17237
2 16047 17239
2 16048 16946
2 16048 17240
2 16048 17242
2 16049 16947
2 16049 17241
2 16049 17243
2 16050 16058
2 16050 16066
2 16051 16059
2 16051 16067
2 16052 16060
2 16052 16068
2 16052 16596
2 16053 16061
2 16053 16069
2 16053 16597
2 16054 16062
2 16054 16070
2 16054 16903
2 16055 16063
2 16055 16071
2 16055 16904
2 16056 16064
2 16056 16072
2 16056 16598
2 16056 16905
2 16057 16065
2 16057 16073
2 16057 16599
2 16057 16906
2 16058 16146
2 16058 16234
2 16058 16636
2 16059 16147
2 16059 16235
2 16059 16637
2 16060 16148
2 16060 16236
2 16060 16638
2 16061 16149
2 16061 16237
2 16061 16639
2 16062 16150
2 16062 16238
2 16062 16640
2 16063 16151
2 16063 16239
2 16063 16641
2 16064 16152
2 16064 16240
2 16064 16642
2 16065 16153
2 16065 16241
2 16065 16643
2 16066 16074
2 16067 16075
2 16068 16076
2 16069 16077
2 16070 16078
2 16071 16079
2 16072 16080
2 16073 16081
2 16074 16082
2 16074 17109
2 16075 16083
2 16075 17110
2 16076 16084
2 16076 17111
2 16077 16085
2 16077 17112
2 16078 16086
2 16078 17113
2 16079 16087
2 16079 17114
2 16080 16088
2 16080 17115
2 16081 16089
2 16081 17116
2 16082 16274
2 16082 17152
2 16083 16275
2 16083 17153
2 16084 16276
2 16084 17154
2 16085 16277
2 16085 17155
2 16086 16278
2 16086 17156
2 16087 16279
2 16087 17157
2 16088 16280
2 16088 17158
2 16089 16281
2 16089 17159
2 16090 16094
2 16090 17248
2 16090 17252
2 16090 17256
2 16091 16095
2 16091 17249
2 16091 17253
2 16091 17257
2 16092 16096
2 16092 17250
2 16092 17254
2 16092 17258
2 16093 16097
2 16093 17251
2 16093 17255
2 16093 17259
2 16094 16959
2 16095 16960
2 16096 16961
2 16096 17260
2 16096 17262
2 16097 16962
2 16097 17261
2 16097 17263
2 16098 16100
2 16098 16102
2 16098 16921
2 16099 16101
2 16099 16103
2 16099 16592
2 16099 16922
2 16100 16186
2 16100 16210
2 16100 16628
2 16101 16187
2 16101 16211
2 16101 16629
2 16102 16104
2 16103 16105
2 16104 16106
2 16104 17121
2 16105 16107
2 16105 17122
2 16106 16302
2 16106 17162
2 16107 16303
2 16107 17163
2 16108 16110
2 16108 17491
2 16108 17493
2 16108 17495
2 16109 16111
2 16109 17492
2 16109 17494
2 16109 17496
2 16110 16940
2 16111 16941
2 16111 17489
2 16111 17490
2 16112 16114
2 16112 16116
2 16112 16612
2 16113 16115
2 16113 16117
2 16113 16613
2 16113 16900
2 16114 16134
2 16114 16220
2 16114 16652
2 16115 16135
2 16115 16221
2 16115 16653
2 16116 16118
2 16117 16119
2 16118 16120
2 16118 17119
2 16119 16121
2 16119 17120
2 16120 16307
2 16120 17160
2 16121 16308
2 16121 17161
2 16122 16123
2 16122 17497
2 16122 17498
2 16122 17499
2 16123 16950
2 16123 17500
2 16123 17501
2 16124 16126
2 16124 17146
2 16125 16127
2 16125 16577
2 16125 17147
2 16126 16128
2 16127 16129
2 16128 16130
2 16128 16888
2 16129 16131
2 16129 16889
2 16130 16389
2 16130 16973
2 16131 16390
2 16131 16974
2 16132 16133
2 16132 17738
2 16132 17739
2 16132 17740
2 16133 16670
2 16133 17736
2 16133 17737
2 16134 16136
2 16134 16571
2 16135 16137
2 16135 16572
2 16135 17140
2 16136 16138
2 16137 16139
2 16138 16140
2 16138 16886
2 16139 16141
2 16139 16887
2 16140 16384
2 16140 16975
2 16141 16385
2 16141 16976
2 16142 16144
2 16142 17747
2 16142 17749
2 16142 17751
2 16143 16145
2 16143 17748
2 16143 17750
2 16143 17752
2 16144 16660
2 16145 16661
2 16145 17745
2 16145 17746
2 16146 16154
2 16147 16155
2 16147 16580
2 16148 16156
2 16149 16157
2 16149 16581
2 16150 16158
2 16150 17132
2 16151 16159
2 16151 16582
2 16151 17133
2 16152 16160
2 16152 17134
2 16153 16161
2 16153 16583
2 16153 17135
2 16154 16162
2 16155 16163
2 16156 16164
2 16157 16165
2 16158 16166
2 16159 16167
2 16160 16168
2 16161 16169
2 16162 16170
2 16162 16892
2 16163 16171
2 16163 16893
2 16164 16172
2 16164 16894
2 16165 16173
2 16165 16895
2 16166 16174
2 16166 16896
2 16167 16175
2 16167 16897
2 16168 16176
2 16168 16898
2 16169 16177
2 16169 16899
2 16170 16356
2 16170 16965
2 16171 16357
2 16171 16966
2 16172 16358
2 16172 16967
2 16173 16359
2 16173 16968
2 16174 16360
2 16174 16969
2 16175 16361
2 16175 16970
2 16176 16362
2 16176 16971
2 16177 16363
2 16177 16972
2 16178 16182
2 16178 17596
2 16178 17600
2 16178 17604
2 16179 16183
2 16179 17597
2 16179 17601
2 16179 17605
2 16180 16184
2 16180 17598
2 16180 17602
2 16180 17606
2 16181 16185
2 16181 17599
2 16181 17603
2 16181 17607
2 16182 16679
2 16183 16680
2 16184 16681
2 16184 17592
2 16184 17594
2 16185 16682
2 16185 17593
2 16185 17595
2 16186 16188
2 16186 16565
2 16186 17142
2 16187 16189
2 16187 16566
2 16187 17143
2 16188 16190
2 16189 16191
2 16190 16192
2 16190 16890
2 16191 16193
2 16191 16891
2 16192 16376
2 16192 16963
2 16193 16377
2 16193 16964
2 16194 16196
2 16194 17565
2 16194 17567
2 16194 17569
2 16195 16197
2 16195 17566
2 16195 17568
2 16195 17570
2 16196 16666
2 16196 17571
2 16196 17573
2 16197 16667
2 16197 17572
2 16197 17574
2 16198 16200
2 16198 17128
2 16199 16201
2 16199 16884
2 16199 17129
2 16200 16202
2 16201 16203
2 16202 16204
2 16202 16634
2 16203 16205
2 16203 16635
2 16204 16343
2 16204 16695
2 16205 16344
2 16205 16696
2 16206 16208
2 16206 17774
2 16206 17776
2 16206 17778
2 16207 16209
2 16207 17775
2 16207 17777
2 16207 17779
2 16208 17177
2 16209 17178
2 16209 17780
2 16209 17781
2 16210 16212
2 16210 16872
2 16211 16213
2 16211 16873
2 16211 17127
2 16212 16214
2 16213 16215
2 16214 16216
2 16214 16630
2 16215 16217
2 16215 16631
2 16216 16348
2 16216 16693
2 16217 16349
2 16217 16694
2 16218 16219
2 16218 17790
2 16218 17791
2 16218 17792
2 16219 17187
2 16219 17788
2 16219 17789
2 16220 16222
2 16220 16868
2 16220 17130
2 16221 16223
2 16221 16869
2 16221 17131
2 16222 16224
2 16223 16225
2 16224 16226
2 16224 16654
2 16225 16227
2 16225 16655
2 16226 16335
2 16226 16683
2 16227 16336
2 16227 16684
2 16228 16230
2 16229 16231
2 16230 16232
2 16230 17919
2 16230 17921
2 16231 16233
2 16231 17920
2 16231 17922
2 16232 17183
2 16232 17915
2 16232 17917
2 16233 17184
2 16233 17916
2 16233 17918
2 16234 16242
2 16235 16243
2 16235 16876
2 16236 16244
2 16236 17123
2 16237 16245
2 16237 16877
2 16237 17124
2 16238 16246
2 16239 16247
2 16239 16878
2 16240 16248
2 16240 17125
2 16241 16249
2 16241 16879
2 16241 17126
2 16242 16250
2 16243 16251
2 16244 16252
2 16245 16253
2 16246 16254
2 16247 16255
2 16248 16256
2 16249 16257
2 16250 16258
2 16250 16644
2 16251 16259
2 16251 16645
2 16252 16260
2 16252 16646
2 16253 16261
2 16253 16647
2 16254 16262
2 16254 16648
2 16255 16263
2 16255 16649
2 16256 16264
2 16256 16650
2 16257 16265
2 16257 16651
2 16258 16315
2 16258 16685
2 16259 16316
2 16259 16686
2 16260 16317
2 16260 16687
2 16261 16318
2 16261 16688
2 16262 16319
2 16262 16689
2 16263 16320
2 16263 16690
2 16264 16321
2 16264 16691
2 16265 16322
2 16265 16692
2 16266 16270
2 16266 17887
2 16266 17891
2 16266 17895
2 16267 16271
2 16267 17888
2 16267 17892
2 16267 17896
2 16268 16272
2 16268 17889
2 16268 17893
2 16268 17897
2 16269 16273
2 16269 17890
2 16269 17894
2 16269 17898
2 16270 17196
2 16271 17197
2 16271 17899
2 16271 17901
2 16272 17198
2 16273 17199
2 16273 17900
2 16273 17902
2 16276 16282
2 16277 16283
2 16280 16284
2 16281 16285
2 16282 16286
2 16283 16287
2 16284 16288
2 16285 16289
2 16286 16290
2 16286 17644
2 16286 17648
2 16287 16291
2 16287 17645
2 16287 17649
2 16288 16292
2 16288 17646
2 16288 17650
2 16289 16293
2 16289 17647
2 16289 17651
2 16290 16608
2 16291 16609
2 16292 16610
2 16292 17652
2 16292 17654
2 16293 16611
2 16293 17653
2 16293 17655
2 16294 16296
2 16295 16297
2 16296 16298
2 16297 16299
2 16298 16300
2 16298 17678
2 16298 17680
2 16299 16301
2 16299 17679
2 16299 17681
2 16300 16626
2 16300 17674
2 16300 17676
2 16301 16627
2 16301 17675
2 16301 17677
2 16303 16304
2 16304 16305
2 16305 16306
2 16305 17528
2 16305 17529
2 16306 16595
2 16306 17526
2 16306 17527
2 16307 16309
2 16308 16310
2 16309 16311
2 16310 16312
2 16311 16313
2 16311 17511
2 16311 17513
2 16312 16314
2 16312 17512
2 16312 17514
2 16313 16618
2 16314 16619
2 16314 17515
2 16314 17516
2 16316 16323
2 16318 16324
2 16320 16325
2 16322 16326
2 16323 16327
2 16324 16328
2 16325 16329
2 16326 16330
2 16327 16331
2 16327 17344
2 16327 17348
2 16328 16332
2 16328 17345
2 16328 17349
2 16329 16333
2 16329 17346
2 16329 17350
2 16330 16334
2 16330 17347
2 16330 17351
2 16331 16880
2 16332 16881
2 16332 17340
2 16332 17342
2 16333 16882
2 16334 16883
2 16334 17341
2 16334 17343
2 16335 16337
2 16336 16338
2 16337 16339
2 16338 16340
2 16339 16341
2 16339 17324
2 16339 17326
2 16340 16342
2 16340 17325
2 16340 17327
2 16341 16870
2 16341 17320
2 16341 17322
2 16342 16871
2 16342 17321
2 16342 17323
2 16344 16345
2 16345 16346
2 16346 16347
2 16346 17456
2 16346 17457
2 16347 16885
2 16347 17458
2 16347 17459
2 16348 16350
2 16349 16351
2 16350 16352
2 16351 16353
2 16352 16354
2 16352 17471
2 16352 17473
2 16353 16355
2 16353 17472
2 16353 17474
2 16354 16874
2 16355 16875
2 16355 17469
2 16355 17470
2 16360 16364
2 16361 16365
2 16362 16366
2 16363 16367
2 16364 16368
2 16365 16369
2 16366 16370
2 16367 16371
2 16368 16372
2 16368 17851
2 16368 17855
2 16369 16373
2 16369 17852
2 16369 17856
2 16370 16374
2 16370 17853
2 16370 17857
2 16371 16375
2 16371 17854
2 16371 17858
2 16372 17136
2 16373 17137
2 16373 17847
2 16373 17849
2 16374 17138
2 16375 17139
2 16375 17848
2 16375 17850
2 16376 16378
2 16377 16379
2 16378 16380
2 16379 16381
2 16380 16382
2 16380 17821
2 16380 17823
2 16381 16383
2 16381 17822
2 16381 17824
2 16382 17144
2 16382 17825
2 16382 17827
2 16383 17145
2 16383 17826
2 16383 17828
2 16385 16386
2 16386 16387
2 16387 16388
2 16387 17951
2 16387 17952
2 16388 17141
2 16388 17953
2 16388 17954
2 16389 16391
2 16390 16392
2 16391 16393
2 16392 16394
2 16393 16395
2 16393 17763
2 16393 17765
2 16394 16396
2 16394 17764
2 16394 17766
2 16395 17148
2 16396 17149
2 16396 17761
2 16396 17762
2 16397 16399
2 16398 16400
2 16399 16401
2 16399 16754
2 16400 16402
2 16400 16755
2 16401 16403
2 16401 16756
2 16402 16404
2 16402 16757
2 16403 16662
2 16403 17579
2 16404 16663
2 16404 17580
2 16405 16407
2 16406 16408
2 16407 16409
2 16407 16744
2 16408 16410
2 16408 16745
2 16409 16411
2 16409 16746
2 16410 16412
2 16410 16747
2 16411 16656
2 16411 18036
2 16412 16657
2 16412 18037
2 16413 16417
2 16414 16418
2 16415 16419
2 16416 16420
2 16417 16421
2 16417 16766
2 16418 16422
2 16418 16767
2 16419 16423
2 16419 16768
2 16420 16424
2 16420 16769
2 16421 16425
2 16421 16770
2 16422 16426
2 16422 16771
2 16423 16427
2 16423 16772
2 16424 16428
2 16424 16773
2 16425 16671
2 16425 18038
2 16426 16672
2 16426 18039
2 16427 16673
2 16427 18040
2 16428 16674
2 16428 18041
2 16429 16430
2 16430 16431
2 16430 16761
2 16431 16432
2 16431 16762
2 16432 16668
2 16432 18043
2 16433 16437
2 16433 16852
2 16433 17029
2 16434 16438
2 16434 16853
2 16434 17030
2 16435 16439
2 16435 16854
2 16435 17031
2 16436 16440
2 16436 16855
2 16436 17032
2 16441 16445
2 16442 16446
2 16443 16447
2 16444 16448
2 16445 16449
2 16446 16450
2 16447 16451
2 16448 16452
2 16449 16453
2 16449 17444
2 16449 17448
2 16450 16454
2 16450 17445
2 16450 17449
2 16451 16455
2 16451 17446
2 16451 17450
2 16452 16456
2 16452 17447
2 16452 17451
2 16453 17205
2 16453 17436
2 16453 17440
2 16454 17206
2 16454 17437
2 16454 17441
2 16455 17207
2 16455 17438
2 16455 17442
2 16456 17208
2 16456 17439
2 16456 17443
2 16457 16458
2 16457 16832
2 16457 17025
2 16459 16460
2 16460 16461
2 16461 16462
2 16461 17478
2 16461 17479
2 16462 17200
2 16462 17480
2 16462 17481
2 16463 16467
2 16463 16816
2 16463 17045
2 16464 16468
2 16464 16817
2 16464 17046
2 16465 16469
2 16465 16818
2 16465 17047
2 16466 16470
2 16466 16819
2 16466 17048
2 16471 16475
2 16472 16476
2 16473 16477
2 16474 16478
2 16475 16479
2 16476 16480
2 16477 16481
2 16478 16482
2 16479 16483
2 16479 17396
2 16479 17400
2 16480 16484
2 16480 17397
2 16480 17401
2 16481 16485
2 16481 17398
2 16481 17402
2 16482 16486
2 16482 17399
2 16482 17403
2 16483 17209
2 16483 17404
2 16483 17408
2 16484 17210
2 16484 17405
2 16484 17409
2 16485 17211
2 16485 17406
2 16485 17410
2 16486 17212
2 16486 17407
2 16486 17411
2 16487 16491
2 16487 16836
2 16487 17009
2 16488 16492
2 16488 16837
2 16488 17010
2 16489 16493
2 16489 16838
2 16489 17011
2 16490 16494
2 16490 16839
2 16490 17012
2 16495 16499
2 16496 16500
2 16497 16501
2 16498 16502
2 16499 16503
2 16500 16504
2 16501 16505
2 16502 16506
2 16503 16507
2 16503 17372
2 16503 17376
2 16504 16508
2 16504 17373
2 16504 17377
2 16505 16509
2 16505 17374
2 16505 17378
2 16506 16510
2 16506 17375
2 16506 17379
2 16507 17201
2 16507 17364
2 16507 17368
2 16508 17202
2 16508 17365
2 16508 17369
2 16509 17203
2 16509 17366
2 16509 17370
2 16510 17204
2 16510 17367
2 16510 17371
2 16511 16513
2 16512 16514
2 16513 16515
2 16513 17095
2 16514 16516
2 16514 17096
2 16515 16517
2 16515 17097
2 16516 16518
2 16516 17098
2 16517 16519
2 16517 16699
2 16518 16520
2 16518 16700
2 16519 16521
2 16520 16522
2 16521 16523
2 16521 17989
2 16521 17991
2 16522 16524
2 16522 17990
2 16522 17992
2 16523 17003
2 16523 17985
2 16523 17987
2 16524 17004
2 16524 17986
2 16524 17988
2 16525 16527
2 16526 16528
2 16527 16529
2 16527 17091
2 16528 16530
2 16528 17092
2 16529 16531
2 16529 17093
2 16530 16532
2 16530 17094
2 16531 16697
2 16532 16533
2 16532 16698
2 16533 16534
2 16534 16535
2 16534 17972
2 16534 17973
2 16535 17006
2 16535 17974
2 16535 17975
2 16536 16537
2 16537 16538
2 16537 17107
2 16538 16539
2 16538 17108
2 16539 16540
2 16539 16705
2 16540 16541
2 16541 16542
2 16541 17993
2 16541 17994
2 16542 17005
2 16542 17995
2 16542 17996
2 16543 16547
2 16544 16548
2 16545 16549
2 16546 16550
2 16547 16551
2 16547 17099
2 16548 16552
2 16548 17100
2 16549 16553
2 16549 17101
2 16550 16554
2 16550 17102
2 16551 16555
2 16551 17103
2 16552 16556
2 16552 17104
2 16553 16557
2 16553 17105
2 16554 16558
2 16554 17106
2 16555 16701
2 16556 16702
2 16557 16559
2 16557 16703
2 16558 16560
2 16558 16704
2 16559 16561
2 16560 16562
2 16561 16563
2 16561 17968
2 16561 17970
2 16562 16564
2 16562 17969
2 16562 17971
2 16563 17007
2 16563 17964
2 16563 17966
2 16564 17008
2 16564 17965
2 16564 17967
2 16565 16567
2 16566 16568
2 16567 16569
2 16567 16872
2 16568 16570
2 16568 16873
2 16569 16662
2 16569 16927
2 16570 16663
2 16570 16928
2 16571 16573
2 16572 16574
2 16573 16575
2 16573 16868
2 16574 16576
2 16574 16869
2 16575 16656
2 16575 16929
2 16576 16657
2 16576 16930
2 16577 16578
2 16578 16579
2 16578 16884
2 16579 16668
2 16579 16935
2 16580 16584
2 16581 16585
2 16582 16586
2 16583 16587
2 16584 16588
2 16584 16876
2 16585 16589
2 16585 16877
2 16586 16590
2 16586 16878
2 16587 16591
2 16587 16879
2 16588 16671
2 16588 16931
2 16589 16672
2 16589 16932
2 16590 16673
2 16590 16933
2 16591 16674
2 16591 16934
2 16592 16593
2 16593 16594
2 16593 17127
2 16594 16705
2 16594 17185
2 16595 17523
2 16595 17524
2 16595 17525
2 16596 16600
2 16597 16601
2 16598 16602
2 16599 16603
2 16600 16604
2 16600 17123
2 16601 16605
2 16601 17124
2 16602 16606
2 16602 17125
2 16603 16607
2 16603 17126
2 16604 16701
2 16604 17188
2 16605 16702
2 16605 17189
2 16606 16703
2 16606 17190
2 16607 16704
2 16607 17191
2 16608 17656
2 16608 17660
2 16608 17664
2 16609 17657
2 16609 17661
2 16609 17665
2 16610 17658
2 16610 17662
2 16610 17666
2 16611 17659
2 16611 17663
2 16611 17667
2 16612 16614
2 16613 16615
2 16614 16616
2 16614 17130
2 16615 16617
2 16615 17131
2 16616 16697
2 16616 17179
2 16617 16698
2 16617 17180
2 16618 17517
2 16618 17519
2 16618 17521
2 16619 17518
2 16619 17520
2 16619 17522
2 16620 16622
2 16621 16623
2 16622 16624
2 16622 17128
2 16623 16625
2 16623 17129
2 16624 16699
2 16624 17173
2 16625 16700
2 16625 17174
2 16626 17668
2 16626 17670
2 16626 17672
2 16627 17669
2 16627 17671
2 16627 17673
2 16628 16630
2 16628 16890
2 16628 17121
2 16629 16631
2 16629 16891
2 16629 17122
2 16632 16634
2 16632 16888
2 16632 17117
2 16633 16635
2 16633 16889
2 16633 17118
2 16636 16644
2 16636 16892
2 16636 17109
2 16637 16645
2 16637 16893
2 16637 17110
2 16638 16646
2 16638 16894
2 16638 17111
2 16639 16647
2 16639 16895
2 16639 17112
2 16640 16648
2 16640 16896
2 16640 17113
2 16641 16649
2 16641 16897
2 16641 17114
2 16642 16650
2 16642 16898
2 16642 17115
2 16643 16651
2 16643 16899
2 16643 17116
2 16652 16654
2 16652 16886
2 16652 17119
2 16653 16655
2 16653 16887
2 16653 17120
2 16656 16658
2 16657 16659
2 16658 16660
2 16659 16661
2 16660 17741
2 16660 17743
2 16661 17742
2 16661 17744
2 16662 16664
2 16663 16665
2 16664 16666
2 16665 16667
2 16666 17575
2 16666 17577
2 16667 17576
2 16667 17578
2 16668 16669
2 16669 16670
2 16670 17734
2 16670 17735
2 16671 16675
2 16672 16676
2 16673 16677
2 16674 16678
2 16675 16679
2 16676 16680
2 16677 16681
2 16678 16682
2 16679 17584
2 16679 17588
2 16680 17585
2 16680 17589
2 16681 17586
2 16681 17590
2 16682 17587
2 16682 17591
2 16683 17384
2 16684 17385
2 16685 17388
2 16686 17389
2 16687 17390
2 16688 17391
2 16689 17392
2 16690 17393
2 16691 17394
2 16692 17395
2 16693 17475
2 16694 17476
2 16695 17452
2 16696 17453
2 16698 18025
2 16699 17690
2 16700 17691
2 16703 18026
2 16704 18027
2 16705 18033
2 16706 16707
2 16706 17276
2 16706 17277
2 16706 17278
2 16707 17074
2 16707 17274
2 16707 17275
2 16708 16710
2 16708 17287
2 16708 17289
2 16708 17291
2 16709 16711
2 16709 17288
2 16709 17290
2 16709 17292
2 16710 17089
2 16710 17283
2 16710 17285
2 16711 17090
2 16711 17284
2 16711 17286
2 16712 16714
2 16712 17308
2 16712 17310
2 16712 17312
2 16713 16715
2 16713 17309
2 16713 17311
2 16713 17313
2 16714 17067
2 16714 17304
2 16714 17306
2 16715 17068
2 16715 17305
2 16715 17307
2 16716 16717
2 16716 17293
2 16716 17294
2 16716 17295
2 16717 17078
2 16717 17296
2 16717 17297
2 16718 16722
2 16718 17923
2 16718 17927
2 16718 17931
2 16719 16723
2 16719 17924
2 16719 17928
2 16719 17932
2 16720 16724
2 16720 17925
2 16720 17929
2 16720 17933
2 16721 16725
2 16721 17926
2 16721 17930
2 16721 17934
2 16722 16828
2 16722 17935
2 16722 17939
2 16723 16829
2 16723 17936
2 16723 17940
2 16724 16830
2 16724 17937
2 16724 17941
2 16725 16831
2 16725 17938
2 16725 17942
2 16726 16730
2 16726 17875
2 16726 17879
2 16726 17883
2 16727 16731
2 16727 17876
2 16727 17880
2 16727 17884
2 16728 16732
2 16728 17877
2 16728 17881
2 16728 17885
2 16729 16733
2 16729 17878
2 16729 17882
2 16729 17886
2 16730 16848
2 16730 17867
2 16730 17871
2 16731 16849
2 16731 17868
2 16731 17872
2 16732 16850
2 16732 17869
2 16732 17873
2 16733 16851
2 16733 17870
2 16733 17874
2 16734 16735
2 16734 17771
2 16734 17772
2 16734 17773
2 16735 16835
2 16735 17769
2 16735 17770
2 16736 16740
2 16736 17793
2 16736 17797
2 16736 17801
2 16737 16741
2 16737 17794
2 16737 17798
2 16737 17802
2 16738 16742
2 16738 17795
2 16738 17799
2 16738 17803
2 16739 16743
2 16739 17796
2 16739 17800
2 16739 17804
2 16740 16864
2 16740 17805
2 16740 17809
2 16741 16865
2 16741 17806
2 16741 17810
2 16742 16866
2 16742 17807
2 16742 17811
2 16743 16867
2 16743 17808
2 16743 17812
2 16746 16748
2 16746 16929
2 16747 16749
2 16747 16930
2 16748 16750
2 16749 16751
2 16750 16752
2 16750 17720
2 16750 17722
2 16751 16753
2 16751 17721
2 16751 17723
2 16752 17214
2 16752 17724
2 16752 17726
2 16753 17215
2 16753 17725
2 16753 17727
2 16756 16927
2 16757 16758
2 16757 16928
2 16758 16759
2 16759 16760
2 16759 17692
2 16759 17693
2 16760 17218
2 16760 17694
2 16760 17695
2 16762 16763
2 16762 16935
2 16763 16764
2 16764 16765
2 16764 17718
2 16764 17719
2 16765 17213
2 16765 17716
2 16765 17717
2 16770 16931
2 16771 16774
2 16771 16932
2 16772 16933
2 16773 16775
2 16773 16934
2 16774 16776
2 16775 16777
2 16776 16778
2 16776 17699
2 16776 17701
2 16777 16779
2 16777 17700
2 16777 17702
2 16778 17216
2 16778 17703
2 16778 17705
2 16779 17217
2 16779 17704
2 16779 17706
2 16780 16782
2 16781 16783
2 16782 16784
2 16782 17069
2 16783 16785
2 16783 17070
2 16784 16786
2 16784 17071
2 16785 16787
2 16785 17072
2 16786 16942
2 16786 17232
2 16787 16943
2 16787 17233
2 16788 16790
2 16789 16791
2 16790 16792
2 16790 17061
2 16791 16793
2 16791 17062
2 16792 16794
2 16792 17063
2 16793 16795
2 16793 17064
2 16794 16936
2 16794 17219
2 16795 16937
2 16795 17220
2 16796 16800
2 16797 16801
2 16798 16802
2 16799 16803
2 16800 16804
2 16800 17079
2 16801 16805
2 16801 17080
2 16802 16806
2 16802 17081
2 16803 16807
2 16803 17082
2 16804 16808
2 16804 17083
2 16805 16809
2 16805 17084
2 16806 16810
2 16806 17085
2 16807 16811
2 16807 17086
2 16808 16951
2 16808 17227
2 16809 16952
2 16809 17228
2 16810 16953
2 16810 17229
2 16811 16954
2 16811 17230
2 16812 16813
2 16813 16814
2 16813 17075
2 16814 16815
2 16814 17076
2 16815 16948
2 16815 17224
2 16820 16824
2 16821 16825
2 16822 16826
2 16823 16827
2 16824 16828
2 16825 16829
2 16826 16830
2 16827 16831
2 16828 17943
2 16828 17947
2 16829 17944
2 16829 17948
2 16830 17945
2 16830 17949
2 16831 17946
2 16831 17950
2 16833 16834
2 16834 16835
2 16835 17767
2 16835 17768
2 16840 16844
2 16841 16845
2 16842 16846
2 16843 16847
2 16844 16848
2 16845 16849
2 16846 16850
2 16847 16851
2 16848 17859
2 16848 17863
2 16849 17860
2 16849 17864
2 16850 17861
2 16850 17865
2 16851 17862
2 16851 17866
2 16856 16860
2 16857 16861
2 16858 16862
2 16859 16863
2 16860 16864
2 16861 16865
2 16862 16866
2 16863 16867
2 16864 17813
2 16864 17817
2 16865 17814
2 16865 17818
2 16866 17815
2 16866 17819
2 16867 17816
2 16867 17820
2 16870 17314
2 16870 17316
2 16870 17318
2 16871 17315
2 16871 17317
2 16871 17319
2 16874 17463
2 16874 17465
2 16874 17467
2 16875 17464
2 16875 17466
2 16875 17468
2 16880 17328
2 16880 17332
2 16880 17336
2 16881 17329
2 16881 17333
2 16881 17337
2 16882 17330
2 16882 17334
2 16882 17338
2 16883 17331
2 16883 17335
2 16883 17339
2 16885 17460
2 16885 17461
2 16885 17462
2 16900 16901
2 16901 16902
2 16901 17140
2 16902 16948
2 16902 17172
2 16903 16907
2 16904 16908
2 16905 16909
2 16906 16910
2 16907 16911
2 16907 17132
2 16908 16912
2 16908 17133
2 16909 16913
2 16909 17134
2 16910 16914
2 16910 17135
2 16911 16951
2 16911 17168
2 16912 16952
2 16912 17169
2 16913 16953
2 16913 17170
2 16914 16954
2 16914 17171
2 16915 16917
2 16916 16918
2 16917 16919
2 16917 17146
2 16918 16920
2 16918 17147
2 16919 16942
2 16919 17164
2 16920 16943
2 16920 17165
2 16921 16923
2 16922 16924
2 16923 16925
2 16923 17142
2 16924 16926
2 16924 17143
2 16925 16936
2 16925 17166
2 16926 16937
2 16926 17167
2 16928 17583
2 16929 18034
2 16930 18035
2 16932 17581
2 16934 17582
2 16935 18042
2 16936 16938
2 16937 16939
2 16938 16940
2 16939 16941
2 16940 17485
2 16940 17487
2 16941 17486
2 16941 17488
2 16942 16944
2 16943 16945
2 16944 16946
2 16945 16947
2 16946 17244
2 16946 17246
2 16947 17245
2 16947 17247
2 16948 16949
2 16949 16950
2 16950 17502
2 16950 17503
2 16951 16955
2 16952 16956
2 16953 16957
2 16954 16958
2 16955 16959
2 16956 16960
2 16957 16961
2 16958 16962
2 16959 17264
2 16959 17268
2 16960 17265
2 16960 17269
2 16961 17266
2 16961 17270
2 16962 17267
2 16962 17271
2 16963 18021
2 16964 18022
2 16965 18007
2 16966 18008
2 16967 18009
2 16968 18010
2 16969 18011
2 16970 18012
2 16971 18013
2 16972 18014
2 16973 18000
2 16974 18001
2 16975 18003
2 16976 18004
2 16977 16981
2 16977 17608
2 16977 17612
2 16977 17616
2 16978 16982
2 16978 17609
2 16978 17613
2 16978 17617
2 16979 16983
2 16979 17610
2 16979 17614
2 16979 17618
2 16980 16984
2 16980 17611
2 16980 17615
2 16980 17619
2 16981 17041
2 16981 17620
2 16981 17624
2 16982 17042
2 16982 17621
2 16982 17625
2 16983 17043
2 16983 17622
2 16983 17626
2 16984 17044
2 16984 17623
2 16984 17627
2 16985 16989
2 16985 17553
2 16985 17557
2 16985 17561
2 16986 16990
2 16986 17554
2 16986 17558
2 16986 17562
2 16987 16991
2 16987 17555
2 16987 17559
2 16987 17563
2 16988 16992
2 16988 17556
2 16988 17560
2 16988 17564
2 16989 17021
2 16989 17545
2 16989 17549
2 16990 17022
2 16990 17546
2 16990 17550
2 16991 17023
2 16991 17547
2 16991 17551
2 16992 17024
2 16992 17548
2 16992 17552
2 16993 16997
2 16993 18060
2 16993 18064
2 16993 18068
2 16994 16998
2 16994 18061
2 16994 18065
2 16994 18069
2 16995 16999
2 16995 18062
2 16995 18066
2 16995 18070
2 16996 17000
2 16996 18063
2 16996 18067
2 16996 18071
2 16997 17057
2 16997 18052
2 16997 18056
2 16998 17058
2 16998 18053
2 16998 18057
2 16999 17059
2 16999 18054
2 16999 18058
2 17000 17060
2 17000 18055
2 17000 18059
2 17001 17002
2 17001 17504
2 17001 17505
2 17001 17506
2 17002 17028
2 17002 17507
2 17002 17508
2 17003 17979
2 17003 17981
2 17003 17983
2 17004 17980
2 17004 17982
2 17004 17984
2 17005 17997
2 17005 17998
2 17005 17999
2 17006 17976
2 17006 17977
2 17006 17978
2 17007 17958
2 17007 17960
2 17007 17962
2 17008 17959
2 17008 17961
2 17008 17963
2 17013 17017
2 17014 17018
2 17015 17019
2 17016 17020
2 17017 17021
2 17018 17022
2 17019 17023
2 17020 17024
2 17021 17537
2 17021 17541
2 17022 17538
2 17022 17542
2 17023 17539
2 17023 17543
2 17024 17540
2 17024 17544
2 17026 17027
2 17027 17028
2 17028 17509
2 17028 17510
2 17033 17037
2 17034 17038
2 17035 17039
2 17036 17040
2 17037 17041
2 17038 17042
2 17039 17043
2 17040 17044
2 17041 17628
2 17041 17632
2 17042 17629
2 17042 17633
2 17043 17630
2 17043 17634
2 17044 17631
2 17044 17635
2 17049 17053
2 17050 17054
2 17051 17055
2 17052 17056
2 17053 17057
2 17054 17058
2 17055 17059
2 17056 17060
2 17057 18044
2 17057 18048
2 17058 18045
2 17058 18049
2 17059 18046
2 17059 18050
2 17060 18047
2 17060 18051
2 17063 17065
2 17063 17166
2 17064 17066
2 17064 17167
2 17065 17067
2 17066 17068
2 17067 17300
2 17067 17302
2 17068 17301
2 17068 17303
2 17071 17164
2 17072 17073
2 17072 17165
2 17073 17074
2 17074 17272
2 17074 17273
2 17076 17077
2 17076 17172
2 17077 17078
2 17078 17298
2 17078 17299
2 17083 17168
2 17084 17087
2 17084 17169
2 17085 17170
2 17086 17088
2 17086 17171
2 17087 17089
2 17088 17090
2 17089 17279
2 17089 17281
2 17090 17280
2 17090 17282
2 17093 17179
2 17093 18023
2 17094 17180
2 17094 18024
2 17097 17173
2 17097 17688
2 17098 17174
2 17098 17689
2 17103 17188
2 17103 18028
2 17104 17189
2 17104 18029
2 17105 17190
2 17105 18030
2 17106 17191
2 17106 18031
2 17108 17185
2 17108 18032
2 17136 17835
2 17136 17839
2 17136 17843
2 17137 17836
2 17137 17840
2 17137 17844
2 17138 17837
2 17138 17841
2 17138 17845
2 17139 17838
2 17139 17842
2 17139 17846
2 17141 17955
2 17141 17956
2 17141 17957
2 17144 17829
2 17144 17831
2 17144 17833
2 17145 17830
2 17145 17832
2 17145 17834
2 17148 17755
2 17148 17757
2 17148 17759
2 17149 17756
2 17149 17758
2 17149 17760
2 17150 17686
2 17151 17687
2 17152 17636
2 17153 17637
2 17154 17638
2 17155 17639
2 17156 17640
2 17157 17641
2 17158 17642
2 17159 17643
2 17160 17533
2 17161 17534
2 17162 17530
2 17163 17531
2 17165 17231
2 17166 17221
2 17167 17222
2 17169 17225
2 17171 17226
2 17172 17223
2 17173 17175
2 17174 17176
2 17175 17177
2 17176 17178
2 17177 17782
2 17177 17784
2 17178 17783
2 17178 17785
2 17179 17181
2 17180 17182
2 17181 17183
2 17182 17184
2 17183 17911
2 17183 17913
2 17184 17912
2 17184 17914
2 17185 17186
2 17186 17187
2 17187 17786
2 17187 17787
2 17188 17192
2 17189 17193
2 17190 17194
2 17191 17195
2 17192 17196
2 17193 17197
2 17194 17198
2 17195 17199
2 17196 17903
2 17196 17907
2 17197 17904
2 17197 17908
2 17198 17905
2 17198 17909
2 17199 17906
2 17199 17910
2 17200 17482
2 17200 17483
2 17200 17484
2 17201 17352
2 17201 17356
2 17201 17360
2 17202 17353
2 17202 17357
2 17202 17361
2 17203 17354
2 17203 17358
2 17203 17362
2 17204 17355
2 17204 17359
2 17204 17363
2 17205 17424
2 17205 17428
2 17205 17432
2 17206 17425
2 17206 17429
2 17206 17433
2 17207 17426
2 17207 17430
2 17207 17434
2 17208 17427
2 17208 17431
2 17208 17435
2 17209 17412
2 17209 17416
2 17209 17420
2 17210 17413
2 17210 17417
2 17210 17421
2 17211 17414
2 17211 17418
2 17211 17422
2 17212 17415
2 17212 17419
2 17212 17423
2 17213 17713
2 17213 17714
2 17213 17715
2 17214 17728
2 17214 17730
2 17214 17732
2 17215 17729
2 17215 17731
2 17215 17733
2 17216 17707
2 17216 17709
2 17216 17711
2 17217 17708
2 17217 17710
2 17217 17712
2 17218 17696
2 17218 17697
2 17218 17698
