[double3(25.832000000000,0.000000000000,0.000000000000),double3(0.000000000000,25.832000000000,0.000000000000),double3(0.000000000000,0.000000000000,25.832000000000)]

double3(0.146700000000,0.103300000000,0.103300000000),
double3(0.125000000000,0.125000000000,0.125000000000),
double3(0.140950000000,0.109050000000,0.067000000000),
double3(0.125000000000,0.125000000000,0.055650000000),
double3(0.125000000000,0.125000000000,0.026900000000),
double3(0.141450000000,0.108550000000,0.013450000000),
double3(0.152450000000,0.097550000000,0.022400000000),
double3(0.396700000000,0.146700000000,0.103300000000),
double3(0.375000000000,0.125000000000,0.125000000000),
double3(0.390950000000,0.140950000000,0.067000000000),
double3(0.375000000000,0.125000000000,0.055650000000),
double3(0.375000000000,0.125000000000,0.026900000000),
double3(0.391450000000,0.141450000000,0.013450000000),
double3(0.402450000000,0.152450000000,0.022400000000),
double3(0.353300000000,0.396700000000,0.103300000000),
double3(0.375000000000,0.375000000000,0.125000000000),
double3(0.359050000000,0.390950000000,0.067000000000),
double3(0.375000000000,0.375000000000,0.055650000000),
double3(0.375000000000,0.375000000000,0.026900000000),
double3(0.358550000000,0.391450000000,0.013450000000),
double3(0.347550000000,0.402450000000,0.022400000000),
double3(0.103300000000,0.353300000000,0.103300000000),
double3(0.125000000000,0.375000000000,0.125000000000),
double3(0.109050000000,0.359050000000,0.067000000000),
double3(0.125000000000,0.375000000000,0.055650000000),
double3(0.125000000000,0.375000000000,0.026900000000),
double3(0.108550000000,0.358550000000,0.013450000000),
double3(0.097550000000,0.347550000000,0.022400000000),
double3(0.146700000000,0.396700000000,0.396700000000),
double3(0.125000000000,0.375000000000,0.375000000000),
double3(0.140950000000,0.390950000000,0.433000000000),
double3(0.125000000000,0.375000000000,0.444350000000),
double3(0.125000000000,0.375000000000,0.473100000000),
double3(0.141450000000,0.391450000000,0.486550000000),
double3(0.152450000000,0.402450000000,0.477600000000),
double3(0.103300000000,0.146700000000,0.396700000000),
double3(0.125000000000,0.125000000000,0.375000000000),
double3(0.109050000000,0.140950000000,0.433000000000),
double3(0.125000000000,0.125000000000,0.444350000000),
double3(0.125000000000,0.125000000000,0.473100000000),
double3(0.108550000000,0.141450000000,0.486550000000),
double3(0.097550000000,0.152450000000,0.477600000000),
double3(0.353300000000,0.103300000000,0.396700000000),
double3(0.375000000000,0.125000000000,0.375000000000),
double3(0.359050000000,0.109050000000,0.433000000000),
double3(0.375000000000,0.125000000000,0.444350000000),
double3(0.375000000000,0.125000000000,0.473100000000),
double3(0.358550000000,0.108550000000,0.486550000000),
double3(0.347550000000,0.097550000000,0.477600000000),
double3(0.396700000000,0.353300000000,0.396700000000),
double3(0.375000000000,0.375000000000,0.375000000000),
double3(0.390950000000,0.359050000000,0.433000000000),
double3(0.375000000000,0.375000000000,0.444350000000),
double3(0.375000000000,0.375000000000,0.473100000000),
double3(0.391450000000,0.358550000000,0.486550000000),
double3(0.402450000000,0.347550000000,0.477600000000),
double3(0.103300000000,0.146700000000,0.103300000000),
double3(0.067000000000,0.140950000000,0.109050000000),
double3(0.055650000000,0.125000000000,0.125000000000),
double3(0.026900000000,0.125000000000,0.125000000000),
double3(0.013450000000,0.141450000000,0.108550000000),
double3(0.022400000000,0.152450000000,0.097550000000),
double3(0.353300000000,0.103300000000,0.103300000000),
double3(0.359050000000,0.067000000000,0.109050000000),
double3(0.375000000000,0.055650000000,0.125000000000),
double3(0.375000000000,0.026900000000,0.125000000000),
double3(0.358550000000,0.013450000000,0.108550000000),
double3(0.347550000000,0.022400000000,0.097550000000),
double3(0.396700000000,0.353300000000,0.103300000000),
double3(0.433000000000,0.359050000000,0.109050000000),
double3(0.444350000000,0.375000000000,0.125000000000),
double3(0.473100000000,0.375000000000,0.125000000000),
double3(0.486550000000,0.358550000000,0.108550000000),
double3(0.477600000000,0.347550000000,0.097550000000),
double3(0.146700000000,0.396700000000,0.103300000000),
double3(0.140950000000,0.433000000000,0.109050000000),
double3(0.125000000000,0.444350000000,0.125000000000),
double3(0.125000000000,0.473100000000,0.125000000000),
double3(0.141450000000,0.486550000000,0.108550000000),
double3(0.152450000000,0.477600000000,0.097550000000),
double3(0.103300000000,0.353300000000,0.396700000000),
double3(0.067000000000,0.359050000000,0.390950000000),
double3(0.055650000000,0.375000000000,0.375000000000),
double3(0.026900000000,0.375000000000,0.375000000000),
double3(0.013450000000,0.358550000000,0.391450000000),
double3(0.022400000000,0.347550000000,0.402450000000),
double3(0.146700000000,0.103300000000,0.396700000000),
double3(0.140950000000,0.067000000000,0.390950000000),
double3(0.125000000000,0.055650000000,0.375000000000),
double3(0.125000000000,0.026900000000,0.375000000000),
double3(0.141450000000,0.013450000000,0.391450000000),
double3(0.152450000000,0.022400000000,0.402450000000),
double3(0.396700000000,0.146700000000,0.396700000000),
double3(0.433000000000,0.140950000000,0.390950000000),
double3(0.444350000000,0.125000000000,0.375000000000),
double3(0.473100000000,0.125000000000,0.375000000000),
double3(0.486550000000,0.141450000000,0.391450000000),
double3(0.477600000000,0.152450000000,0.402450000000),
double3(0.353300000000,0.396700000000,0.396700000000),
double3(0.359050000000,0.433000000000,0.390950000000),
double3(0.375000000000,0.444350000000,0.375000000000),
double3(0.375000000000,0.473100000000,0.375000000000),
double3(0.358550000000,0.486550000000,0.391450000000),
double3(0.347550000000,0.477600000000,0.402450000000),
double3(0.103300000000,0.103300000000,0.146700000000),
double3(0.109050000000,0.067000000000,0.140950000000),
double3(0.125000000000,0.055650000000,0.125000000000),
double3(0.125000000000,0.026900000000,0.125000000000),
double3(0.108550000000,0.013450000000,0.141450000000),
double3(0.097550000000,0.022400000000,0.152450000000),
double3(0.103300000000,0.396700000000,0.353300000000),
double3(0.109050000000,0.433000000000,0.359050000000),
double3(0.125000000000,0.444350000000,0.375000000000),
double3(0.125000000000,0.473100000000,0.375000000000),
double3(0.108550000000,0.486550000000,0.358550000000),
double3(0.097550000000,0.477600000000,0.347550000000),
double3(0.103300000000,0.103300000000,0.353300000000),
double3(0.067000000000,0.109050000000,0.359050000000),
double3(0.055650000000,0.125000000000,0.375000000000),
double3(0.026900000000,0.125000000000,0.375000000000),
double3(0.013450000000,0.108550000000,0.358550000000),
double3(0.022400000000,0.097550000000,0.347550000000),
double3(0.396700000000,0.103300000000,0.353300000000),
double3(0.390950000000,0.067000000000,0.359050000000),
double3(0.375000000000,0.055650000000,0.375000000000),
double3(0.375000000000,0.026900000000,0.375000000000),
double3(0.391450000000,0.013450000000,0.358550000000),
double3(0.402450000000,0.022400000000,0.347550000000),
double3(0.396700000000,0.396700000000,0.353300000000),
double3(0.433000000000,0.390950000000,0.359050000000),
double3(0.444350000000,0.375000000000,0.375000000000),
double3(0.473100000000,0.375000000000,0.375000000000),
double3(0.486550000000,0.391450000000,0.358550000000),
double3(0.477600000000,0.402450000000,0.347550000000),
double3(0.396700000000,0.396700000000,0.146700000000),
double3(0.390950000000,0.433000000000,0.140950000000),
double3(0.375000000000,0.444350000000,0.125000000000),
double3(0.375000000000,0.473100000000,0.125000000000),
double3(0.391450000000,0.486550000000,0.141450000000),
double3(0.402450000000,0.477600000000,0.152450000000),
double3(0.103300000000,0.396700000000,0.146700000000),
double3(0.067000000000,0.390950000000,0.140950000000),
double3(0.055650000000,0.375000000000,0.125000000000),
double3(0.026900000000,0.375000000000,0.125000000000),
double3(0.013450000000,0.391450000000,0.141450000000),
double3(0.022400000000,0.402450000000,0.152450000000),
double3(0.396700000000,0.103300000000,0.146700000000),
double3(0.433000000000,0.109050000000,0.140950000000),
double3(0.444350000000,0.125000000000,0.125000000000),
double3(0.473100000000,0.125000000000,0.125000000000),
double3(0.486550000000,0.108550000000,0.141450000000),
double3(0.477600000000,0.097550000000,0.152450000000),
double3(0.359050000000,0.390950000000,0.433000000000),
double3(0.358550000000,0.391450000000,0.486550000000),
double3(0.347550000000,0.402450000000,0.477600000000),
double3(0.109050000000,0.359050000000,0.433000000000),
double3(0.108550000000,0.358550000000,0.486550000000),
double3(0.097550000000,0.347550000000,0.477600000000),
double3(0.140950000000,0.109050000000,0.433000000000),
double3(0.141450000000,0.108550000000,0.486550000000),
double3(0.152450000000,0.097550000000,0.477600000000),
double3(0.390950000000,0.140950000000,0.433000000000),
double3(0.391450000000,0.141450000000,0.486550000000),
double3(0.402450000000,0.152450000000,0.477600000000),
double3(0.359050000000,0.109050000000,0.067000000000),
double3(0.358550000000,0.108550000000,0.013450000000),
double3(0.347550000000,0.097550000000,0.022400000000),
double3(0.390950000000,0.359050000000,0.067000000000),
double3(0.391450000000,0.358550000000,0.013450000000),
double3(0.402450000000,0.347550000000,0.022400000000),
double3(0.140950000000,0.390950000000,0.067000000000),
double3(0.141450000000,0.391450000000,0.013450000000),
double3(0.152450000000,0.402450000000,0.022400000000),
double3(0.109050000000,0.140950000000,0.067000000000),
double3(0.108550000000,0.141450000000,0.013450000000),
double3(0.097550000000,0.152450000000,0.022400000000),
double3(0.433000000000,0.359050000000,0.390950000000),
double3(0.486550000000,0.358550000000,0.391450000000),
double3(0.477600000000,0.347550000000,0.402450000000),
double3(0.140950000000,0.433000000000,0.390950000000),
double3(0.141450000000,0.486550000000,0.391450000000),
double3(0.152450000000,0.477600000000,0.402450000000),
double3(0.067000000000,0.140950000000,0.390950000000),
double3(0.013450000000,0.141450000000,0.391450000000),
double3(0.022400000000,0.152450000000,0.402450000000),
double3(0.359050000000,0.067000000000,0.390950000000),
double3(0.358550000000,0.013450000000,0.391450000000),
double3(0.347550000000,0.022400000000,0.402450000000),
double3(0.433000000000,0.140950000000,0.109050000000),
double3(0.486550000000,0.141450000000,0.108550000000),
double3(0.477600000000,0.152450000000,0.097550000000),
double3(0.359050000000,0.433000000000,0.109050000000),
double3(0.358550000000,0.486550000000,0.108550000000),
double3(0.347550000000,0.477600000000,0.097550000000),
double3(0.067000000000,0.359050000000,0.109050000000),
double3(0.013450000000,0.358550000000,0.108550000000),
double3(0.022400000000,0.347550000000,0.097550000000),
double3(0.140950000000,0.067000000000,0.109050000000),
double3(0.141450000000,0.013450000000,0.108550000000),
double3(0.152450000000,0.022400000000,0.097550000000),
double3(0.390950000000,0.433000000000,0.359050000000),
double3(0.391450000000,0.486550000000,0.358550000000),
double3(0.402450000000,0.477600000000,0.347550000000),
double3(0.390950000000,0.067000000000,0.140950000000),
double3(0.391450000000,0.013450000000,0.141450000000),
double3(0.402450000000,0.022400000000,0.152450000000),
double3(0.433000000000,0.390950000000,0.140950000000),
double3(0.486550000000,0.391450000000,0.141450000000),
double3(0.477600000000,0.402450000000,0.152450000000),
double3(0.109050000000,0.433000000000,0.140950000000),
double3(0.108550000000,0.486550000000,0.141450000000),
double3(0.097550000000,0.477600000000,0.152450000000),
double3(0.067000000000,0.109050000000,0.140950000000),
double3(0.013450000000,0.108550000000,0.141450000000),
double3(0.022400000000,0.097550000000,0.152450000000),
double3(0.109050000000,0.067000000000,0.359050000000),
double3(0.108550000000,0.013450000000,0.358550000000),
double3(0.097550000000,0.022400000000,0.347550000000),
double3(0.433000000000,0.109050000000,0.359050000000),
double3(0.486550000000,0.108550000000,0.358550000000),
double3(0.477600000000,0.097550000000,0.347550000000),
double3(0.067000000000,0.390950000000,0.359050000000),
double3(0.013450000000,0.391450000000,0.358550000000),
double3(0.022400000000,0.402450000000,0.347550000000),
double3(0.146700000000,0.353300000000,0.353300000000),
double3(0.140950000000,0.359050000000,0.317000000000),
double3(0.125000000000,0.375000000000,0.305650000000),
double3(0.125000000000,0.375000000000,0.276900000000),
double3(0.141450000000,0.358550000000,0.263450000000),
double3(0.152450000000,0.347550000000,0.272400000000),
double3(0.390950000000,0.390950000000,0.317000000000),
double3(0.375000000000,0.375000000000,0.305650000000),
double3(0.375000000000,0.375000000000,0.276900000000),
double3(0.391450000000,0.391450000000,0.263450000000),
double3(0.402450000000,0.402450000000,0.272400000000),
double3(0.353300000000,0.146700000000,0.353300000000),
double3(0.359050000000,0.140950000000,0.317000000000),
double3(0.375000000000,0.125000000000,0.305650000000),
double3(0.375000000000,0.125000000000,0.276900000000),
double3(0.358550000000,0.141450000000,0.263450000000),
double3(0.347550000000,0.152450000000,0.272400000000),
double3(0.109050000000,0.109050000000,0.317000000000),
double3(0.125000000000,0.125000000000,0.305650000000),
double3(0.125000000000,0.125000000000,0.276900000000),
double3(0.108550000000,0.108550000000,0.263450000000),
double3(0.097550000000,0.097550000000,0.272400000000),
double3(0.146700000000,0.146700000000,0.146700000000),
double3(0.140950000000,0.140950000000,0.183000000000),
double3(0.125000000000,0.125000000000,0.194350000000),
double3(0.125000000000,0.125000000000,0.223100000000),
double3(0.141450000000,0.141450000000,0.236550000000),
double3(0.152450000000,0.152450000000,0.227600000000),
double3(0.109050000000,0.390950000000,0.183000000000),
double3(0.125000000000,0.375000000000,0.194350000000),
double3(0.125000000000,0.375000000000,0.223100000000),
double3(0.108550000000,0.391450000000,0.236550000000),
double3(0.097550000000,0.402450000000,0.227600000000),
double3(0.353300000000,0.353300000000,0.146700000000),
double3(0.359050000000,0.359050000000,0.183000000000),
double3(0.375000000000,0.375000000000,0.194350000000),
double3(0.375000000000,0.375000000000,0.223100000000),
double3(0.358550000000,0.358550000000,0.236550000000),
double3(0.347550000000,0.347550000000,0.227600000000),
double3(0.390950000000,0.109050000000,0.183000000000),
double3(0.375000000000,0.125000000000,0.194350000000),
double3(0.375000000000,0.125000000000,0.223100000000),
double3(0.391450000000,0.108550000000,0.236550000000),
double3(0.402450000000,0.097550000000,0.227600000000),
double3(0.353300000000,0.353300000000,0.353300000000),
double3(0.359050000000,0.317000000000,0.359050000000),
double3(0.375000000000,0.305650000000,0.375000000000),
double3(0.375000000000,0.276900000000,0.375000000000),
double3(0.358550000000,0.263450000000,0.358550000000),
double3(0.347550000000,0.272400000000,0.347550000000),
double3(0.146700000000,0.146700000000,0.353300000000),
double3(0.140950000000,0.183000000000,0.359050000000),
double3(0.125000000000,0.194350000000,0.375000000000),
double3(0.125000000000,0.223100000000,0.375000000000),
double3(0.141450000000,0.236550000000,0.358550000000),
double3(0.152450000000,0.227600000000,0.347550000000),
double3(0.146700000000,0.353300000000,0.146700000000),
double3(0.140950000000,0.317000000000,0.140950000000),
double3(0.125000000000,0.305650000000,0.125000000000),
double3(0.125000000000,0.276900000000,0.125000000000),
double3(0.141450000000,0.263450000000,0.141450000000),
double3(0.152450000000,0.272400000000,0.152450000000),
double3(0.353300000000,0.146700000000,0.146700000000),
double3(0.359050000000,0.183000000000,0.140950000000),
double3(0.375000000000,0.194350000000,0.125000000000),
double3(0.375000000000,0.223100000000,0.125000000000),
double3(0.358550000000,0.236550000000,0.141450000000),
double3(0.347550000000,0.227600000000,0.152450000000),
double3(0.109050000000,0.317000000000,0.390950000000),
double3(0.125000000000,0.305650000000,0.375000000000),
double3(0.125000000000,0.276900000000,0.375000000000),
double3(0.108550000000,0.263450000000,0.391450000000),
double3(0.097550000000,0.272400000000,0.402450000000),
double3(0.109050000000,0.183000000000,0.109050000000),
double3(0.125000000000,0.194350000000,0.125000000000),
double3(0.125000000000,0.223100000000,0.125000000000),
double3(0.108550000000,0.236550000000,0.108550000000),
double3(0.097550000000,0.227600000000,0.097550000000),
double3(0.390950000000,0.317000000000,0.109050000000),
double3(0.375000000000,0.305650000000,0.125000000000),
double3(0.375000000000,0.276900000000,0.125000000000),
double3(0.391450000000,0.263450000000,0.108550000000),
double3(0.402450000000,0.272400000000,0.097550000000),
double3(0.390950000000,0.183000000000,0.390950000000),
double3(0.375000000000,0.194350000000,0.375000000000),
double3(0.375000000000,0.223100000000,0.375000000000),
double3(0.391450000000,0.236550000000,0.391450000000),
double3(0.402450000000,0.227600000000,0.402450000000),
double3(0.359050000000,0.140950000000,0.183000000000),
double3(0.358550000000,0.141450000000,0.236550000000),
double3(0.347550000000,0.152450000000,0.227600000000),
double3(0.109050000000,0.109050000000,0.183000000000),
double3(0.108550000000,0.108550000000,0.236550000000),
double3(0.097550000000,0.097550000000,0.227600000000),
double3(0.140950000000,0.359050000000,0.183000000000),
double3(0.141450000000,0.358550000000,0.236550000000),
double3(0.152450000000,0.347550000000,0.227600000000),
double3(0.390950000000,0.390950000000,0.183000000000),
double3(0.391450000000,0.391450000000,0.236550000000),
double3(0.402450000000,0.402450000000,0.227600000000),
double3(0.359050000000,0.359050000000,0.317000000000),
double3(0.358550000000,0.358550000000,0.263450000000),
double3(0.347550000000,0.347550000000,0.272400000000),
double3(0.390950000000,0.109050000000,0.317000000000),
double3(0.391450000000,0.108550000000,0.263450000000),
double3(0.402450000000,0.097550000000,0.272400000000),
double3(0.140950000000,0.140950000000,0.317000000000),
double3(0.141450000000,0.141450000000,0.263450000000),
double3(0.152450000000,0.152450000000,0.272400000000),
double3(0.109050000000,0.390950000000,0.317000000000),
double3(0.108550000000,0.391450000000,0.263450000000),
double3(0.097550000000,0.402450000000,0.272400000000),
double3(0.140950000000,0.183000000000,0.140950000000),
double3(0.141450000000,0.236550000000,0.141450000000),
double3(0.152450000000,0.227600000000,0.152450000000),
double3(0.359050000000,0.317000000000,0.140950000000),
double3(0.358550000000,0.263450000000,0.141450000000),
double3(0.347550000000,0.272400000000,0.152450000000),
double3(0.359050000000,0.183000000000,0.359050000000),
double3(0.358550000000,0.236550000000,0.358550000000),
double3(0.347550000000,0.227600000000,0.347550000000),
double3(0.140950000000,0.317000000000,0.359050000000),
double3(0.141450000000,0.263450000000,0.358550000000),
double3(0.152450000000,0.272400000000,0.347550000000),
double3(0.390950000000,0.183000000000,0.109050000000),
double3(0.391450000000,0.236550000000,0.108550000000),
double3(0.402450000000,0.227600000000,0.097550000000),
double3(0.390950000000,0.317000000000,0.390950000000),
double3(0.391450000000,0.263450000000,0.391450000000),
double3(0.402450000000,0.272400000000,0.402450000000),
double3(0.109050000000,0.183000000000,0.390950000000),
double3(0.108550000000,0.236550000000,0.391450000000),
double3(0.097550000000,0.227600000000,0.402450000000),
double3(0.109050000000,0.317000000000,0.109050000000),
double3(0.108550000000,0.263450000000,0.108550000000),
double3(0.097550000000,0.272400000000,0.097550000000),
double3(0.317000000000,0.140950000000,0.359050000000),
double3(0.305650000000,0.125000000000,0.375000000000),
double3(0.276900000000,0.125000000000,0.375000000000),
double3(0.263450000000,0.141450000000,0.358550000000),
double3(0.272400000000,0.152450000000,0.347550000000),
double3(0.183000000000,0.359050000000,0.359050000000),
double3(0.194350000000,0.375000000000,0.375000000000),
double3(0.223100000000,0.375000000000,0.375000000000),
double3(0.236550000000,0.358550000000,0.358550000000),
double3(0.227600000000,0.347550000000,0.347550000000),
double3(0.317000000000,0.359050000000,0.140950000000),
double3(0.305650000000,0.375000000000,0.125000000000),
double3(0.276900000000,0.375000000000,0.125000000000),
double3(0.263450000000,0.358550000000,0.141450000000),
double3(0.272400000000,0.347550000000,0.152450000000),
double3(0.183000000000,0.140950000000,0.140950000000),
double3(0.194350000000,0.125000000000,0.125000000000),
double3(0.223100000000,0.125000000000,0.125000000000),
double3(0.236550000000,0.141450000000,0.141450000000),
double3(0.227600000000,0.152450000000,0.152450000000),
double3(0.317000000000,0.109050000000,0.109050000000),
double3(0.305650000000,0.125000000000,0.125000000000),
double3(0.276900000000,0.125000000000,0.125000000000),
double3(0.263450000000,0.108550000000,0.108550000000),
double3(0.272400000000,0.097550000000,0.097550000000),
double3(0.183000000000,0.390950000000,0.109050000000),
double3(0.194350000000,0.375000000000,0.125000000000),
double3(0.223100000000,0.375000000000,0.125000000000),
double3(0.236550000000,0.391450000000,0.108550000000),
double3(0.227600000000,0.402450000000,0.097550000000),
double3(0.317000000000,0.390950000000,0.390950000000),
double3(0.305650000000,0.375000000000,0.375000000000),
double3(0.276900000000,0.375000000000,0.375000000000),
double3(0.263450000000,0.391450000000,0.391450000000),
double3(0.272400000000,0.402450000000,0.402450000000),
double3(0.183000000000,0.109050000000,0.390950000000),
double3(0.194350000000,0.125000000000,0.375000000000),
double3(0.223100000000,0.125000000000,0.375000000000),
double3(0.236550000000,0.108550000000,0.391450000000),
double3(0.227600000000,0.097550000000,0.402450000000),
double3(0.183000000000,0.359050000000,0.140950000000),
double3(0.236550000000,0.358550000000,0.141450000000),
double3(0.227600000000,0.347550000000,0.152450000000),
double3(0.317000000000,0.140950000000,0.140950000000),
double3(0.263450000000,0.141450000000,0.141450000000),
double3(0.272400000000,0.152450000000,0.152450000000),
double3(0.183000000000,0.140950000000,0.359050000000),
double3(0.236550000000,0.141450000000,0.358550000000),
double3(0.227600000000,0.152450000000,0.347550000000),
double3(0.317000000000,0.359050000000,0.359050000000),
double3(0.263450000000,0.358550000000,0.358550000000),
double3(0.272400000000,0.347550000000,0.347550000000),
double3(0.183000000000,0.390950000000,0.390950000000),
double3(0.236550000000,0.391450000000,0.391450000000),
double3(0.227600000000,0.402450000000,0.402450000000),
double3(0.317000000000,0.109050000000,0.390950000000),
double3(0.263450000000,0.108550000000,0.391450000000),
double3(0.272400000000,0.097550000000,0.402450000000),
double3(0.183000000000,0.109050000000,0.109050000000),
double3(0.236550000000,0.108550000000,0.108550000000),
double3(0.227600000000,0.097550000000,0.097550000000),
double3(0.317000000000,0.390950000000,0.109050000000),
double3(0.263450000000,0.391450000000,0.108550000000),
double3(0.272400000000,0.402450000000,0.097550000000),
double3(0.146700000000,0.103300000000,0.603300000000),
double3(0.125000000000,0.125000000000,0.625000000000),
double3(0.140950000000,0.109050000000,0.567000000000),
double3(0.125000000000,0.125000000000,0.555650000000),
double3(0.125000000000,0.125000000000,0.526900000000),
double3(0.141450000000,0.108550000000,0.513450000000),
double3(0.152450000000,0.097550000000,0.522400000000),
double3(0.396700000000,0.146700000000,0.603300000000),
double3(0.375000000000,0.125000000000,0.625000000000),
double3(0.390950000000,0.140950000000,0.567000000000),
double3(0.375000000000,0.125000000000,0.555650000000),
double3(0.375000000000,0.125000000000,0.526900000000),
double3(0.391450000000,0.141450000000,0.513450000000),
double3(0.402450000000,0.152450000000,0.522400000000),
double3(0.353300000000,0.396700000000,0.603300000000),
double3(0.375000000000,0.375000000000,0.625000000000),
double3(0.359050000000,0.390950000000,0.567000000000),
double3(0.375000000000,0.375000000000,0.555650000000),
double3(0.375000000000,0.375000000000,0.526900000000),
double3(0.358550000000,0.391450000000,0.513450000000),
double3(0.347550000000,0.402450000000,0.522400000000),
double3(0.103300000000,0.353300000000,0.603300000000),
double3(0.125000000000,0.375000000000,0.625000000000),
double3(0.109050000000,0.359050000000,0.567000000000),
double3(0.125000000000,0.375000000000,0.555650000000),
double3(0.125000000000,0.375000000000,0.526900000000),
double3(0.108550000000,0.358550000000,0.513450000000),
double3(0.097550000000,0.347550000000,0.522400000000),
double3(0.146700000000,0.396700000000,0.896700000000),
double3(0.125000000000,0.375000000000,0.875000000000),
double3(0.140950000000,0.390950000000,0.933000000000),
double3(0.125000000000,0.375000000000,0.944350000000),
double3(0.125000000000,0.375000000000,0.973100000000),
double3(0.141450000000,0.391450000000,0.986550000000),
double3(0.152450000000,0.402450000000,0.977600000000),
double3(0.103300000000,0.146700000000,0.896700000000),
double3(0.125000000000,0.125000000000,0.875000000000),
double3(0.109050000000,0.140950000000,0.933000000000),
double3(0.125000000000,0.125000000000,0.944350000000),
double3(0.125000000000,0.125000000000,0.973100000000),
double3(0.108550000000,0.141450000000,0.986550000000),
double3(0.097550000000,0.152450000000,0.977600000000),
double3(0.353300000000,0.103300000000,0.896700000000),
double3(0.375000000000,0.125000000000,0.875000000000),
double3(0.359050000000,0.109050000000,0.933000000000),
double3(0.375000000000,0.125000000000,0.944350000000),
double3(0.375000000000,0.125000000000,0.973100000000),
double3(0.358550000000,0.108550000000,0.986550000000),
double3(0.347550000000,0.097550000000,0.977600000000),
double3(0.396700000000,0.353300000000,0.896700000000),
double3(0.375000000000,0.375000000000,0.875000000000),
double3(0.390950000000,0.359050000000,0.933000000000),
double3(0.375000000000,0.375000000000,0.944350000000),
double3(0.375000000000,0.375000000000,0.973100000000),
double3(0.391450000000,0.358550000000,0.986550000000),
double3(0.402450000000,0.347550000000,0.977600000000),
double3(0.103300000000,0.146700000000,0.603300000000),
double3(0.067000000000,0.140950000000,0.609050000000),
double3(0.055650000000,0.125000000000,0.625000000000),
double3(0.026900000000,0.125000000000,0.625000000000),
double3(0.013450000000,0.141450000000,0.608550000000),
double3(0.022400000000,0.152450000000,0.597550000000),
double3(0.353300000000,0.103300000000,0.603300000000),
double3(0.359050000000,0.067000000000,0.609050000000),
double3(0.375000000000,0.055650000000,0.625000000000),
double3(0.375000000000,0.026900000000,0.625000000000),
double3(0.358550000000,0.013450000000,0.608550000000),
double3(0.347550000000,0.022400000000,0.597550000000),
double3(0.396700000000,0.353300000000,0.603300000000),
double3(0.433000000000,0.359050000000,0.609050000000),
double3(0.444350000000,0.375000000000,0.625000000000),
double3(0.473100000000,0.375000000000,0.625000000000),
double3(0.486550000000,0.358550000000,0.608550000000),
double3(0.477600000000,0.347550000000,0.597550000000),
double3(0.146700000000,0.396700000000,0.603300000000),
double3(0.140950000000,0.433000000000,0.609050000000),
double3(0.125000000000,0.444350000000,0.625000000000),
double3(0.125000000000,0.473100000000,0.625000000000),
double3(0.141450000000,0.486550000000,0.608550000000),
double3(0.152450000000,0.477600000000,0.597550000000),
double3(0.103300000000,0.353300000000,0.896700000000),
double3(0.067000000000,0.359050000000,0.890950000000),
double3(0.055650000000,0.375000000000,0.875000000000),
double3(0.026900000000,0.375000000000,0.875000000000),
double3(0.013450000000,0.358550000000,0.891450000000),
double3(0.022400000000,0.347550000000,0.902450000000),
double3(0.146700000000,0.103300000000,0.896700000000),
double3(0.140950000000,0.067000000000,0.890950000000),
double3(0.125000000000,0.055650000000,0.875000000000),
double3(0.125000000000,0.026900000000,0.875000000000),
double3(0.141450000000,0.013450000000,0.891450000000),
double3(0.152450000000,0.022400000000,0.902450000000),
double3(0.396700000000,0.146700000000,0.896700000000),
double3(0.433000000000,0.140950000000,0.890950000000),
double3(0.444350000000,0.125000000000,0.875000000000),
double3(0.473100000000,0.125000000000,0.875000000000),
double3(0.486550000000,0.141450000000,0.891450000000),
double3(0.477600000000,0.152450000000,0.902450000000),
double3(0.353300000000,0.396700000000,0.896700000000),
double3(0.359050000000,0.433000000000,0.890950000000),
double3(0.375000000000,0.444350000000,0.875000000000),
double3(0.375000000000,0.473100000000,0.875000000000),
double3(0.358550000000,0.486550000000,0.891450000000),
double3(0.347550000000,0.477600000000,0.902450000000),
double3(0.103300000000,0.103300000000,0.646700000000),
double3(0.109050000000,0.067000000000,0.640950000000),
double3(0.125000000000,0.055650000000,0.625000000000),
double3(0.125000000000,0.026900000000,0.625000000000),
double3(0.108550000000,0.013450000000,0.641450000000),
double3(0.097550000000,0.022400000000,0.652450000000),
double3(0.103300000000,0.396700000000,0.853300000000),
double3(0.109050000000,0.433000000000,0.859050000000),
double3(0.125000000000,0.444350000000,0.875000000000),
double3(0.125000000000,0.473100000000,0.875000000000),
double3(0.108550000000,0.486550000000,0.858550000000),
double3(0.097550000000,0.477600000000,0.847550000000),
double3(0.103300000000,0.103300000000,0.853300000000),
double3(0.067000000000,0.109050000000,0.859050000000),
double3(0.055650000000,0.125000000000,0.875000000000),
double3(0.026900000000,0.125000000000,0.875000000000),
double3(0.013450000000,0.108550000000,0.858550000000),
double3(0.022400000000,0.097550000000,0.847550000000),
double3(0.396700000000,0.103300000000,0.853300000000),
double3(0.390950000000,0.067000000000,0.859050000000),
double3(0.375000000000,0.055650000000,0.875000000000),
double3(0.375000000000,0.026900000000,0.875000000000),
double3(0.391450000000,0.013450000000,0.858550000000),
double3(0.402450000000,0.022400000000,0.847550000000),
double3(0.396700000000,0.396700000000,0.853300000000),
double3(0.433000000000,0.390950000000,0.859050000000),
double3(0.444350000000,0.375000000000,0.875000000000),
double3(0.473100000000,0.375000000000,0.875000000000),
double3(0.486550000000,0.391450000000,0.858550000000),
double3(0.477600000000,0.402450000000,0.847550000000),
double3(0.396700000000,0.396700000000,0.646700000000),
double3(0.390950000000,0.433000000000,0.640950000000),
double3(0.375000000000,0.444350000000,0.625000000000),
double3(0.375000000000,0.473100000000,0.625000000000),
double3(0.391450000000,0.486550000000,0.641450000000),
double3(0.402450000000,0.477600000000,0.652450000000),
double3(0.103300000000,0.396700000000,0.646700000000),
double3(0.067000000000,0.390950000000,0.640950000000),
double3(0.055650000000,0.375000000000,0.625000000000),
double3(0.026900000000,0.375000000000,0.625000000000),
double3(0.013450000000,0.391450000000,0.641450000000),
double3(0.022400000000,0.402450000000,0.652450000000),
double3(0.396700000000,0.103300000000,0.646700000000),
double3(0.433000000000,0.109050000000,0.640950000000),
double3(0.444350000000,0.125000000000,0.625000000000),
double3(0.473100000000,0.125000000000,0.625000000000),
double3(0.486550000000,0.108550000000,0.641450000000),
double3(0.477600000000,0.097550000000,0.652450000000),
double3(0.359050000000,0.390950000000,0.933000000000),
double3(0.358550000000,0.391450000000,0.986550000000),
double3(0.347550000000,0.402450000000,0.977600000000),
double3(0.109050000000,0.359050000000,0.933000000000),
double3(0.108550000000,0.358550000000,0.986550000000),
double3(0.097550000000,0.347550000000,0.977600000000),
double3(0.140950000000,0.109050000000,0.933000000000),
double3(0.141450000000,0.108550000000,0.986550000000),
double3(0.152450000000,0.097550000000,0.977600000000),
double3(0.390950000000,0.140950000000,0.933000000000),
double3(0.391450000000,0.141450000000,0.986550000000),
double3(0.402450000000,0.152450000000,0.977600000000),
double3(0.359050000000,0.109050000000,0.567000000000),
double3(0.358550000000,0.108550000000,0.513450000000),
double3(0.347550000000,0.097550000000,0.522400000000),
double3(0.390950000000,0.359050000000,0.567000000000),
double3(0.391450000000,0.358550000000,0.513450000000),
double3(0.402450000000,0.347550000000,0.522400000000),
double3(0.140950000000,0.390950000000,0.567000000000),
double3(0.141450000000,0.391450000000,0.513450000000),
double3(0.152450000000,0.402450000000,0.522400000000),
double3(0.109050000000,0.140950000000,0.567000000000),
double3(0.108550000000,0.141450000000,0.513450000000),
double3(0.097550000000,0.152450000000,0.522400000000),
double3(0.433000000000,0.359050000000,0.890950000000),
double3(0.486550000000,0.358550000000,0.891450000000),
double3(0.477600000000,0.347550000000,0.902450000000),
double3(0.140950000000,0.433000000000,0.890950000000),
double3(0.141450000000,0.486550000000,0.891450000000),
double3(0.152450000000,0.477600000000,0.902450000000),
double3(0.067000000000,0.140950000000,0.890950000000),
double3(0.013450000000,0.141450000000,0.891450000000),
double3(0.022400000000,0.152450000000,0.902450000000),
double3(0.359050000000,0.067000000000,0.890950000000),
double3(0.358550000000,0.013450000000,0.891450000000),
double3(0.347550000000,0.022400000000,0.902450000000),
double3(0.433000000000,0.140950000000,0.609050000000),
double3(0.486550000000,0.141450000000,0.608550000000),
double3(0.477600000000,0.152450000000,0.597550000000),
double3(0.359050000000,0.433000000000,0.609050000000),
double3(0.358550000000,0.486550000000,0.608550000000),
double3(0.347550000000,0.477600000000,0.597550000000),
double3(0.067000000000,0.359050000000,0.609050000000),
double3(0.013450000000,0.358550000000,0.608550000000),
double3(0.022400000000,0.347550000000,0.597550000000),
double3(0.140950000000,0.067000000000,0.609050000000),
double3(0.141450000000,0.013450000000,0.608550000000),
double3(0.152450000000,0.022400000000,0.597550000000),
double3(0.390950000000,0.433000000000,0.859050000000),
double3(0.391450000000,0.486550000000,0.858550000000),
double3(0.402450000000,0.477600000000,0.847550000000),
double3(0.390950000000,0.067000000000,0.640950000000),
double3(0.391450000000,0.013450000000,0.641450000000),
double3(0.402450000000,0.022400000000,0.652450000000),
double3(0.433000000000,0.390950000000,0.640950000000),
double3(0.486550000000,0.391450000000,0.641450000000),
double3(0.477600000000,0.402450000000,0.652450000000),
double3(0.109050000000,0.433000000000,0.640950000000),
double3(0.108550000000,0.486550000000,0.641450000000),
double3(0.097550000000,0.477600000000,0.652450000000),
double3(0.067000000000,0.109050000000,0.640950000000),
double3(0.013450000000,0.108550000000,0.641450000000),
double3(0.022400000000,0.097550000000,0.652450000000),
double3(0.109050000000,0.067000000000,0.859050000000),
double3(0.108550000000,0.013450000000,0.858550000000),
double3(0.097550000000,0.022400000000,0.847550000000),
double3(0.433000000000,0.109050000000,0.859050000000),
double3(0.486550000000,0.108550000000,0.858550000000),
double3(0.477600000000,0.097550000000,0.847550000000),
double3(0.067000000000,0.390950000000,0.859050000000),
double3(0.013450000000,0.391450000000,0.858550000000),
double3(0.022400000000,0.402450000000,0.847550000000),
double3(0.146700000000,0.353300000000,0.853300000000),
double3(0.140950000000,0.359050000000,0.817000000000),
double3(0.125000000000,0.375000000000,0.805650000000),
double3(0.125000000000,0.375000000000,0.776900000000),
double3(0.141450000000,0.358550000000,0.763450000000),
double3(0.152450000000,0.347550000000,0.772400000000),
double3(0.390950000000,0.390950000000,0.817000000000),
double3(0.375000000000,0.375000000000,0.805650000000),
double3(0.375000000000,0.375000000000,0.776900000000),
double3(0.391450000000,0.391450000000,0.763450000000),
double3(0.402450000000,0.402450000000,0.772400000000),
double3(0.353300000000,0.146700000000,0.853300000000),
double3(0.359050000000,0.140950000000,0.817000000000),
double3(0.375000000000,0.125000000000,0.805650000000),
double3(0.375000000000,0.125000000000,0.776900000000),
double3(0.358550000000,0.141450000000,0.763450000000),
double3(0.347550000000,0.152450000000,0.772400000000),
double3(0.109050000000,0.109050000000,0.817000000000),
double3(0.125000000000,0.125000000000,0.805650000000),
double3(0.125000000000,0.125000000000,0.776900000000),
double3(0.108550000000,0.108550000000,0.763450000000),
double3(0.097550000000,0.097550000000,0.772400000000),
double3(0.146700000000,0.146700000000,0.646700000000),
double3(0.140950000000,0.140950000000,0.683000000000),
double3(0.125000000000,0.125000000000,0.694350000000),
double3(0.125000000000,0.125000000000,0.723100000000),
double3(0.141450000000,0.141450000000,0.736550000000),
double3(0.152450000000,0.152450000000,0.727600000000),
double3(0.109050000000,0.390950000000,0.683000000000),
double3(0.125000000000,0.375000000000,0.694350000000),
double3(0.125000000000,0.375000000000,0.723100000000),
double3(0.108550000000,0.391450000000,0.736550000000),
double3(0.097550000000,0.402450000000,0.727600000000),
double3(0.353300000000,0.353300000000,0.646700000000),
double3(0.359050000000,0.359050000000,0.683000000000),
double3(0.375000000000,0.375000000000,0.694350000000),
double3(0.375000000000,0.375000000000,0.723100000000),
double3(0.358550000000,0.358550000000,0.736550000000),
double3(0.347550000000,0.347550000000,0.727600000000),
double3(0.390950000000,0.109050000000,0.683000000000),
double3(0.375000000000,0.125000000000,0.694350000000),
double3(0.375000000000,0.125000000000,0.723100000000),
double3(0.391450000000,0.108550000000,0.736550000000),
double3(0.402450000000,0.097550000000,0.727600000000),
double3(0.353300000000,0.353300000000,0.853300000000),
double3(0.359050000000,0.317000000000,0.859050000000),
double3(0.375000000000,0.305650000000,0.875000000000),
double3(0.375000000000,0.276900000000,0.875000000000),
double3(0.358550000000,0.263450000000,0.858550000000),
double3(0.347550000000,0.272400000000,0.847550000000),
double3(0.146700000000,0.146700000000,0.853300000000),
double3(0.140950000000,0.183000000000,0.859050000000),
double3(0.125000000000,0.194350000000,0.875000000000),
double3(0.125000000000,0.223100000000,0.875000000000),
double3(0.141450000000,0.236550000000,0.858550000000),
double3(0.152450000000,0.227600000000,0.847550000000),
double3(0.146700000000,0.353300000000,0.646700000000),
double3(0.140950000000,0.317000000000,0.640950000000),
double3(0.125000000000,0.305650000000,0.625000000000),
double3(0.125000000000,0.276900000000,0.625000000000),
double3(0.141450000000,0.263450000000,0.641450000000),
double3(0.152450000000,0.272400000000,0.652450000000),
double3(0.353300000000,0.146700000000,0.646700000000),
double3(0.359050000000,0.183000000000,0.640950000000),
double3(0.375000000000,0.194350000000,0.625000000000),
double3(0.375000000000,0.223100000000,0.625000000000),
double3(0.358550000000,0.236550000000,0.641450000000),
double3(0.347550000000,0.227600000000,0.652450000000),
double3(0.109050000000,0.317000000000,0.890950000000),
double3(0.125000000000,0.305650000000,0.875000000000),
double3(0.125000000000,0.276900000000,0.875000000000),
double3(0.108550000000,0.263450000000,0.891450000000),
double3(0.097550000000,0.272400000000,0.902450000000),
double3(0.109050000000,0.183000000000,0.609050000000),
double3(0.125000000000,0.194350000000,0.625000000000),
double3(0.125000000000,0.223100000000,0.625000000000),
double3(0.108550000000,0.236550000000,0.608550000000),
double3(0.097550000000,0.227600000000,0.597550000000),
double3(0.390950000000,0.317000000000,0.609050000000),
double3(0.375000000000,0.305650000000,0.625000000000),
double3(0.375000000000,0.276900000000,0.625000000000),
double3(0.391450000000,0.263450000000,0.608550000000),
double3(0.402450000000,0.272400000000,0.597550000000),
double3(0.390950000000,0.183000000000,0.890950000000),
double3(0.375000000000,0.194350000000,0.875000000000),
double3(0.375000000000,0.223100000000,0.875000000000),
double3(0.391450000000,0.236550000000,0.891450000000),
double3(0.402450000000,0.227600000000,0.902450000000),
double3(0.359050000000,0.140950000000,0.683000000000),
double3(0.358550000000,0.141450000000,0.736550000000),
double3(0.347550000000,0.152450000000,0.727600000000),
double3(0.109050000000,0.109050000000,0.683000000000),
double3(0.108550000000,0.108550000000,0.736550000000),
double3(0.097550000000,0.097550000000,0.727600000000),
double3(0.140950000000,0.359050000000,0.683000000000),
double3(0.141450000000,0.358550000000,0.736550000000),
double3(0.152450000000,0.347550000000,0.727600000000),
double3(0.390950000000,0.390950000000,0.683000000000),
double3(0.391450000000,0.391450000000,0.736550000000),
double3(0.402450000000,0.402450000000,0.727600000000),
double3(0.359050000000,0.359050000000,0.817000000000),
double3(0.358550000000,0.358550000000,0.763450000000),
double3(0.347550000000,0.347550000000,0.772400000000),
double3(0.390950000000,0.109050000000,0.817000000000),
double3(0.391450000000,0.108550000000,0.763450000000),
double3(0.402450000000,0.097550000000,0.772400000000),
double3(0.140950000000,0.140950000000,0.817000000000),
double3(0.141450000000,0.141450000000,0.763450000000),
double3(0.152450000000,0.152450000000,0.772400000000),
double3(0.109050000000,0.390950000000,0.817000000000),
double3(0.108550000000,0.391450000000,0.763450000000),
double3(0.097550000000,0.402450000000,0.772400000000),
double3(0.140950000000,0.183000000000,0.640950000000),
double3(0.141450000000,0.236550000000,0.641450000000),
double3(0.152450000000,0.227600000000,0.652450000000),
double3(0.359050000000,0.317000000000,0.640950000000),
double3(0.358550000000,0.263450000000,0.641450000000),
double3(0.347550000000,0.272400000000,0.652450000000),
double3(0.359050000000,0.183000000000,0.859050000000),
double3(0.358550000000,0.236550000000,0.858550000000),
double3(0.347550000000,0.227600000000,0.847550000000),
double3(0.140950000000,0.317000000000,0.859050000000),
double3(0.141450000000,0.263450000000,0.858550000000),
double3(0.152450000000,0.272400000000,0.847550000000),
double3(0.390950000000,0.183000000000,0.609050000000),
double3(0.391450000000,0.236550000000,0.608550000000),
double3(0.402450000000,0.227600000000,0.597550000000),
double3(0.390950000000,0.317000000000,0.890950000000),
double3(0.391450000000,0.263450000000,0.891450000000),
double3(0.402450000000,0.272400000000,0.902450000000),
double3(0.109050000000,0.183000000000,0.890950000000),
double3(0.108550000000,0.236550000000,0.891450000000),
double3(0.097550000000,0.227600000000,0.902450000000),
double3(0.109050000000,0.317000000000,0.609050000000),
double3(0.108550000000,0.263450000000,0.608550000000),
double3(0.097550000000,0.272400000000,0.597550000000),
double3(0.317000000000,0.140950000000,0.859050000000),
double3(0.305650000000,0.125000000000,0.875000000000),
double3(0.276900000000,0.125000000000,0.875000000000),
double3(0.263450000000,0.141450000000,0.858550000000),
double3(0.272400000000,0.152450000000,0.847550000000),
double3(0.183000000000,0.359050000000,0.859050000000),
double3(0.194350000000,0.375000000000,0.875000000000),
double3(0.223100000000,0.375000000000,0.875000000000),
double3(0.236550000000,0.358550000000,0.858550000000),
double3(0.227600000000,0.347550000000,0.847550000000),
double3(0.317000000000,0.359050000000,0.640950000000),
double3(0.305650000000,0.375000000000,0.625000000000),
double3(0.276900000000,0.375000000000,0.625000000000),
double3(0.263450000000,0.358550000000,0.641450000000),
double3(0.272400000000,0.347550000000,0.652450000000),
double3(0.183000000000,0.140950000000,0.640950000000),
double3(0.194350000000,0.125000000000,0.625000000000),
double3(0.223100000000,0.125000000000,0.625000000000),
double3(0.236550000000,0.141450000000,0.641450000000),
double3(0.227600000000,0.152450000000,0.652450000000),
double3(0.317000000000,0.109050000000,0.609050000000),
double3(0.305650000000,0.125000000000,0.625000000000),
double3(0.276900000000,0.125000000000,0.625000000000),
double3(0.263450000000,0.108550000000,0.608550000000),
double3(0.272400000000,0.097550000000,0.597550000000),
double3(0.183000000000,0.390950000000,0.609050000000),
double3(0.194350000000,0.375000000000,0.625000000000),
double3(0.223100000000,0.375000000000,0.625000000000),
double3(0.236550000000,0.391450000000,0.608550000000),
double3(0.227600000000,0.402450000000,0.597550000000),
double3(0.317000000000,0.390950000000,0.890950000000),
double3(0.305650000000,0.375000000000,0.875000000000),
double3(0.276900000000,0.375000000000,0.875000000000),
double3(0.263450000000,0.391450000000,0.891450000000),
double3(0.272400000000,0.402450000000,0.902450000000),
double3(0.183000000000,0.109050000000,0.890950000000),
double3(0.194350000000,0.125000000000,0.875000000000),
double3(0.223100000000,0.125000000000,0.875000000000),
double3(0.236550000000,0.108550000000,0.891450000000),
double3(0.227600000000,0.097550000000,0.902450000000),
double3(0.183000000000,0.359050000000,0.640950000000),
double3(0.236550000000,0.358550000000,0.641450000000),
double3(0.227600000000,0.347550000000,0.652450000000),
double3(0.317000000000,0.140950000000,0.640950000000),
double3(0.263450000000,0.141450000000,0.641450000000),
double3(0.272400000000,0.152450000000,0.652450000000),
double3(0.183000000000,0.140950000000,0.859050000000),
double3(0.236550000000,0.141450000000,0.858550000000),
double3(0.227600000000,0.152450000000,0.847550000000),
double3(0.317000000000,0.359050000000,0.859050000000),
double3(0.263450000000,0.358550000000,0.858550000000),
double3(0.272400000000,0.347550000000,0.847550000000),
double3(0.183000000000,0.390950000000,0.890950000000),
double3(0.236550000000,0.391450000000,0.891450000000),
double3(0.227600000000,0.402450000000,0.902450000000),
double3(0.317000000000,0.109050000000,0.890950000000),
double3(0.263450000000,0.108550000000,0.891450000000),
double3(0.272400000000,0.097550000000,0.902450000000),
double3(0.183000000000,0.109050000000,0.609050000000),
double3(0.236550000000,0.108550000000,0.608550000000),
double3(0.227600000000,0.097550000000,0.597550000000),
double3(0.317000000000,0.390950000000,0.609050000000),
double3(0.263450000000,0.391450000000,0.608550000000),
double3(0.272400000000,0.402450000000,0.597550000000),
double3(0.146700000000,0.603300000000,0.103300000000),
double3(0.125000000000,0.625000000000,0.125000000000),
double3(0.140950000000,0.609050000000,0.067000000000),
double3(0.125000000000,0.625000000000,0.055650000000),
double3(0.125000000000,0.625000000000,0.026900000000),
double3(0.141450000000,0.608550000000,0.013450000000),
double3(0.152450000000,0.597550000000,0.022400000000),
double3(0.396700000000,0.646700000000,0.103300000000),
double3(0.375000000000,0.625000000000,0.125000000000),
double3(0.390950000000,0.640950000000,0.067000000000),
double3(0.375000000000,0.625000000000,0.055650000000),
double3(0.375000000000,0.625000000000,0.026900000000),
double3(0.391450000000,0.641450000000,0.013450000000),
double3(0.402450000000,0.652450000000,0.022400000000),
double3(0.353300000000,0.896700000000,0.103300000000),
double3(0.375000000000,0.875000000000,0.125000000000),
double3(0.359050000000,0.890950000000,0.067000000000),
double3(0.375000000000,0.875000000000,0.055650000000),
double3(0.375000000000,0.875000000000,0.026900000000),
double3(0.358550000000,0.891450000000,0.013450000000),
double3(0.347550000000,0.902450000000,0.022400000000),
double3(0.103300000000,0.853300000000,0.103300000000),
double3(0.125000000000,0.875000000000,0.125000000000),
double3(0.109050000000,0.859050000000,0.067000000000),
double3(0.125000000000,0.875000000000,0.055650000000),
double3(0.125000000000,0.875000000000,0.026900000000),
double3(0.108550000000,0.858550000000,0.013450000000),
double3(0.097550000000,0.847550000000,0.022400000000),
double3(0.146700000000,0.896700000000,0.396700000000),
double3(0.125000000000,0.875000000000,0.375000000000),
double3(0.140950000000,0.890950000000,0.433000000000),
double3(0.125000000000,0.875000000000,0.444350000000),
double3(0.125000000000,0.875000000000,0.473100000000),
double3(0.141450000000,0.891450000000,0.486550000000),
double3(0.152450000000,0.902450000000,0.477600000000),
double3(0.103300000000,0.646700000000,0.396700000000),
double3(0.125000000000,0.625000000000,0.375000000000),
double3(0.109050000000,0.640950000000,0.433000000000),
double3(0.125000000000,0.625000000000,0.444350000000),
double3(0.125000000000,0.625000000000,0.473100000000),
double3(0.108550000000,0.641450000000,0.486550000000),
double3(0.097550000000,0.652450000000,0.477600000000),
double3(0.353300000000,0.603300000000,0.396700000000),
double3(0.375000000000,0.625000000000,0.375000000000),
double3(0.359050000000,0.609050000000,0.433000000000),
double3(0.375000000000,0.625000000000,0.444350000000),
double3(0.375000000000,0.625000000000,0.473100000000),
double3(0.358550000000,0.608550000000,0.486550000000),
double3(0.347550000000,0.597550000000,0.477600000000),
double3(0.396700000000,0.853300000000,0.396700000000),
double3(0.375000000000,0.875000000000,0.375000000000),
double3(0.390950000000,0.859050000000,0.433000000000),
double3(0.375000000000,0.875000000000,0.444350000000),
double3(0.375000000000,0.875000000000,0.473100000000),
double3(0.391450000000,0.858550000000,0.486550000000),
double3(0.402450000000,0.847550000000,0.477600000000),
double3(0.103300000000,0.646700000000,0.103300000000),
double3(0.067000000000,0.640950000000,0.109050000000),
double3(0.055650000000,0.625000000000,0.125000000000),
double3(0.026900000000,0.625000000000,0.125000000000),
double3(0.013450000000,0.641450000000,0.108550000000),
double3(0.022400000000,0.652450000000,0.097550000000),
double3(0.353300000000,0.603300000000,0.103300000000),
double3(0.359050000000,0.567000000000,0.109050000000),
double3(0.375000000000,0.555650000000,0.125000000000),
double3(0.375000000000,0.526900000000,0.125000000000),
double3(0.358550000000,0.513450000000,0.108550000000),
double3(0.347550000000,0.522400000000,0.097550000000),
double3(0.396700000000,0.853300000000,0.103300000000),
double3(0.433000000000,0.859050000000,0.109050000000),
double3(0.444350000000,0.875000000000,0.125000000000),
double3(0.473100000000,0.875000000000,0.125000000000),
double3(0.486550000000,0.858550000000,0.108550000000),
double3(0.477600000000,0.847550000000,0.097550000000),
double3(0.146700000000,0.896700000000,0.103300000000),
double3(0.140950000000,0.933000000000,0.109050000000),
double3(0.125000000000,0.944350000000,0.125000000000),
double3(0.125000000000,0.973100000000,0.125000000000),
double3(0.141450000000,0.986550000000,0.108550000000),
double3(0.152450000000,0.977600000000,0.097550000000),
double3(0.103300000000,0.853300000000,0.396700000000),
double3(0.067000000000,0.859050000000,0.390950000000),
double3(0.055650000000,0.875000000000,0.375000000000),
double3(0.026900000000,0.875000000000,0.375000000000),
double3(0.013450000000,0.858550000000,0.391450000000),
double3(0.022400000000,0.847550000000,0.402450000000),
double3(0.146700000000,0.603300000000,0.396700000000),
double3(0.140950000000,0.567000000000,0.390950000000),
double3(0.125000000000,0.555650000000,0.375000000000),
double3(0.125000000000,0.526900000000,0.375000000000),
double3(0.141450000000,0.513450000000,0.391450000000),
double3(0.152450000000,0.522400000000,0.402450000000),
double3(0.396700000000,0.646700000000,0.396700000000),
double3(0.433000000000,0.640950000000,0.390950000000),
double3(0.444350000000,0.625000000000,0.375000000000),
double3(0.473100000000,0.625000000000,0.375000000000),
double3(0.486550000000,0.641450000000,0.391450000000),
double3(0.477600000000,0.652450000000,0.402450000000),
double3(0.353300000000,0.896700000000,0.396700000000),
double3(0.359050000000,0.933000000000,0.390950000000),
double3(0.375000000000,0.944350000000,0.375000000000),
double3(0.375000000000,0.973100000000,0.375000000000),
double3(0.358550000000,0.986550000000,0.391450000000),
double3(0.347550000000,0.977600000000,0.402450000000),
double3(0.103300000000,0.603300000000,0.146700000000),
double3(0.109050000000,0.567000000000,0.140950000000),
double3(0.125000000000,0.555650000000,0.125000000000),
double3(0.125000000000,0.526900000000,0.125000000000),
double3(0.108550000000,0.513450000000,0.141450000000),
double3(0.097550000000,0.522400000000,0.152450000000),
double3(0.103300000000,0.896700000000,0.353300000000),
double3(0.109050000000,0.933000000000,0.359050000000),
double3(0.125000000000,0.944350000000,0.375000000000),
double3(0.125000000000,0.973100000000,0.375000000000),
double3(0.108550000000,0.986550000000,0.358550000000),
double3(0.097550000000,0.977600000000,0.347550000000),
double3(0.103300000000,0.603300000000,0.353300000000),
double3(0.067000000000,0.609050000000,0.359050000000),
double3(0.055650000000,0.625000000000,0.375000000000),
double3(0.026900000000,0.625000000000,0.375000000000),
double3(0.013450000000,0.608550000000,0.358550000000),
double3(0.022400000000,0.597550000000,0.347550000000),
double3(0.396700000000,0.603300000000,0.353300000000),
double3(0.390950000000,0.567000000000,0.359050000000),
double3(0.375000000000,0.555650000000,0.375000000000),
double3(0.375000000000,0.526900000000,0.375000000000),
double3(0.391450000000,0.513450000000,0.358550000000),
double3(0.402450000000,0.522400000000,0.347550000000),
double3(0.396700000000,0.896700000000,0.353300000000),
double3(0.433000000000,0.890950000000,0.359050000000),
double3(0.444350000000,0.875000000000,0.375000000000),
double3(0.473100000000,0.875000000000,0.375000000000),
double3(0.486550000000,0.891450000000,0.358550000000),
double3(0.477600000000,0.902450000000,0.347550000000),
double3(0.396700000000,0.896700000000,0.146700000000),
double3(0.390950000000,0.933000000000,0.140950000000),
double3(0.375000000000,0.944350000000,0.125000000000),
double3(0.375000000000,0.973100000000,0.125000000000),
double3(0.391450000000,0.986550000000,0.141450000000),
double3(0.402450000000,0.977600000000,0.152450000000),
double3(0.103300000000,0.896700000000,0.146700000000),
double3(0.067000000000,0.890950000000,0.140950000000),
double3(0.055650000000,0.875000000000,0.125000000000),
double3(0.026900000000,0.875000000000,0.125000000000),
double3(0.013450000000,0.891450000000,0.141450000000),
double3(0.022400000000,0.902450000000,0.152450000000),
double3(0.396700000000,0.603300000000,0.146700000000),
double3(0.433000000000,0.609050000000,0.140950000000),
double3(0.444350000000,0.625000000000,0.125000000000),
double3(0.473100000000,0.625000000000,0.125000000000),
double3(0.486550000000,0.608550000000,0.141450000000),
double3(0.477600000000,0.597550000000,0.152450000000),
double3(0.359050000000,0.890950000000,0.433000000000),
double3(0.358550000000,0.891450000000,0.486550000000),
double3(0.347550000000,0.902450000000,0.477600000000),
double3(0.109050000000,0.859050000000,0.433000000000),
double3(0.108550000000,0.858550000000,0.486550000000),
double3(0.097550000000,0.847550000000,0.477600000000),
double3(0.140950000000,0.609050000000,0.433000000000),
double3(0.141450000000,0.608550000000,0.486550000000),
double3(0.152450000000,0.597550000000,0.477600000000),
double3(0.390950000000,0.640950000000,0.433000000000),
double3(0.391450000000,0.641450000000,0.486550000000),
double3(0.402450000000,0.652450000000,0.477600000000),
double3(0.359050000000,0.609050000000,0.067000000000),
double3(0.358550000000,0.608550000000,0.013450000000),
double3(0.347550000000,0.597550000000,0.022400000000),
double3(0.390950000000,0.859050000000,0.067000000000),
double3(0.391450000000,0.858550000000,0.013450000000),
double3(0.402450000000,0.847550000000,0.022400000000),
double3(0.140950000000,0.890950000000,0.067000000000),
double3(0.141450000000,0.891450000000,0.013450000000),
double3(0.152450000000,0.902450000000,0.022400000000),
double3(0.109050000000,0.640950000000,0.067000000000),
double3(0.108550000000,0.641450000000,0.013450000000),
double3(0.097550000000,0.652450000000,0.022400000000),
double3(0.433000000000,0.859050000000,0.390950000000),
double3(0.486550000000,0.858550000000,0.391450000000),
double3(0.477600000000,0.847550000000,0.402450000000),
double3(0.140950000000,0.933000000000,0.390950000000),
double3(0.141450000000,0.986550000000,0.391450000000),
double3(0.152450000000,0.977600000000,0.402450000000),
double3(0.067000000000,0.640950000000,0.390950000000),
double3(0.013450000000,0.641450000000,0.391450000000),
double3(0.022400000000,0.652450000000,0.402450000000),
double3(0.359050000000,0.567000000000,0.390950000000),
double3(0.358550000000,0.513450000000,0.391450000000),
double3(0.347550000000,0.522400000000,0.402450000000),
double3(0.433000000000,0.640950000000,0.109050000000),
double3(0.486550000000,0.641450000000,0.108550000000),
double3(0.477600000000,0.652450000000,0.097550000000),
double3(0.359050000000,0.933000000000,0.109050000000),
double3(0.358550000000,0.986550000000,0.108550000000),
double3(0.347550000000,0.977600000000,0.097550000000),
double3(0.067000000000,0.859050000000,0.109050000000),
double3(0.013450000000,0.858550000000,0.108550000000),
double3(0.022400000000,0.847550000000,0.097550000000),
double3(0.140950000000,0.567000000000,0.109050000000),
double3(0.141450000000,0.513450000000,0.108550000000),
double3(0.152450000000,0.522400000000,0.097550000000),
double3(0.390950000000,0.933000000000,0.359050000000),
double3(0.391450000000,0.986550000000,0.358550000000),
double3(0.402450000000,0.977600000000,0.347550000000),
double3(0.390950000000,0.567000000000,0.140950000000),
double3(0.391450000000,0.513450000000,0.141450000000),
double3(0.402450000000,0.522400000000,0.152450000000),
double3(0.433000000000,0.890950000000,0.140950000000),
double3(0.486550000000,0.891450000000,0.141450000000),
double3(0.477600000000,0.902450000000,0.152450000000),
double3(0.109050000000,0.933000000000,0.140950000000),
double3(0.108550000000,0.986550000000,0.141450000000),
double3(0.097550000000,0.977600000000,0.152450000000),
double3(0.067000000000,0.609050000000,0.140950000000),
double3(0.013450000000,0.608550000000,0.141450000000),
double3(0.022400000000,0.597550000000,0.152450000000),
double3(0.109050000000,0.567000000000,0.359050000000),
double3(0.108550000000,0.513450000000,0.358550000000),
double3(0.097550000000,0.522400000000,0.347550000000),
double3(0.433000000000,0.609050000000,0.359050000000),
double3(0.486550000000,0.608550000000,0.358550000000),
double3(0.477600000000,0.597550000000,0.347550000000),
double3(0.067000000000,0.890950000000,0.359050000000),
double3(0.013450000000,0.891450000000,0.358550000000),
double3(0.022400000000,0.902450000000,0.347550000000),
double3(0.146700000000,0.853300000000,0.353300000000),
double3(0.140950000000,0.859050000000,0.317000000000),
double3(0.125000000000,0.875000000000,0.305650000000),
double3(0.125000000000,0.875000000000,0.276900000000),
double3(0.141450000000,0.858550000000,0.263450000000),
double3(0.152450000000,0.847550000000,0.272400000000),
double3(0.390950000000,0.890950000000,0.317000000000),
double3(0.375000000000,0.875000000000,0.305650000000),
double3(0.375000000000,0.875000000000,0.276900000000),
double3(0.391450000000,0.891450000000,0.263450000000),
double3(0.402450000000,0.902450000000,0.272400000000),
double3(0.353300000000,0.646700000000,0.353300000000),
double3(0.359050000000,0.640950000000,0.317000000000),
double3(0.375000000000,0.625000000000,0.305650000000),
double3(0.375000000000,0.625000000000,0.276900000000),
double3(0.358550000000,0.641450000000,0.263450000000),
double3(0.347550000000,0.652450000000,0.272400000000),
double3(0.109050000000,0.609050000000,0.317000000000),
double3(0.125000000000,0.625000000000,0.305650000000),
double3(0.125000000000,0.625000000000,0.276900000000),
double3(0.108550000000,0.608550000000,0.263450000000),
double3(0.097550000000,0.597550000000,0.272400000000),
double3(0.146700000000,0.646700000000,0.146700000000),
double3(0.140950000000,0.640950000000,0.183000000000),
double3(0.125000000000,0.625000000000,0.194350000000),
double3(0.125000000000,0.625000000000,0.223100000000),
double3(0.141450000000,0.641450000000,0.236550000000),
double3(0.152450000000,0.652450000000,0.227600000000),
double3(0.109050000000,0.890950000000,0.183000000000),
double3(0.125000000000,0.875000000000,0.194350000000),
double3(0.125000000000,0.875000000000,0.223100000000),
double3(0.108550000000,0.891450000000,0.236550000000),
double3(0.097550000000,0.902450000000,0.227600000000),
double3(0.353300000000,0.853300000000,0.146700000000),
double3(0.359050000000,0.859050000000,0.183000000000),
double3(0.375000000000,0.875000000000,0.194350000000),
double3(0.375000000000,0.875000000000,0.223100000000),
double3(0.358550000000,0.858550000000,0.236550000000),
double3(0.347550000000,0.847550000000,0.227600000000),
double3(0.390950000000,0.609050000000,0.183000000000),
double3(0.375000000000,0.625000000000,0.194350000000),
double3(0.375000000000,0.625000000000,0.223100000000),
double3(0.391450000000,0.608550000000,0.236550000000),
double3(0.402450000000,0.597550000000,0.227600000000),
double3(0.353300000000,0.853300000000,0.353300000000),
double3(0.359050000000,0.817000000000,0.359050000000),
double3(0.375000000000,0.805650000000,0.375000000000),
double3(0.375000000000,0.776900000000,0.375000000000),
double3(0.358550000000,0.763450000000,0.358550000000),
double3(0.347550000000,0.772400000000,0.347550000000),
double3(0.146700000000,0.646700000000,0.353300000000),
double3(0.140950000000,0.683000000000,0.359050000000),
double3(0.125000000000,0.694350000000,0.375000000000),
double3(0.125000000000,0.723100000000,0.375000000000),
double3(0.141450000000,0.736550000000,0.358550000000),
double3(0.152450000000,0.727600000000,0.347550000000),
double3(0.146700000000,0.853300000000,0.146700000000),
double3(0.140950000000,0.817000000000,0.140950000000),
double3(0.125000000000,0.805650000000,0.125000000000),
double3(0.125000000000,0.776900000000,0.125000000000),
double3(0.141450000000,0.763450000000,0.141450000000),
double3(0.152450000000,0.772400000000,0.152450000000),
double3(0.353300000000,0.646700000000,0.146700000000),
double3(0.359050000000,0.683000000000,0.140950000000),
double3(0.375000000000,0.694350000000,0.125000000000),
double3(0.375000000000,0.723100000000,0.125000000000),
double3(0.358550000000,0.736550000000,0.141450000000),
double3(0.347550000000,0.727600000000,0.152450000000),
double3(0.109050000000,0.817000000000,0.390950000000),
double3(0.125000000000,0.805650000000,0.375000000000),
double3(0.125000000000,0.776900000000,0.375000000000),
double3(0.108550000000,0.763450000000,0.391450000000),
double3(0.097550000000,0.772400000000,0.402450000000),
double3(0.109050000000,0.683000000000,0.109050000000),
double3(0.125000000000,0.694350000000,0.125000000000),
double3(0.125000000000,0.723100000000,0.125000000000),
double3(0.108550000000,0.736550000000,0.108550000000),
double3(0.097550000000,0.727600000000,0.097550000000),
double3(0.390950000000,0.817000000000,0.109050000000),
double3(0.375000000000,0.805650000000,0.125000000000),
double3(0.375000000000,0.776900000000,0.125000000000),
double3(0.391450000000,0.763450000000,0.108550000000),
double3(0.402450000000,0.772400000000,0.097550000000),
double3(0.390950000000,0.683000000000,0.390950000000),
double3(0.375000000000,0.694350000000,0.375000000000),
double3(0.375000000000,0.723100000000,0.375000000000),
double3(0.391450000000,0.736550000000,0.391450000000),
double3(0.402450000000,0.727600000000,0.402450000000),
double3(0.359050000000,0.640950000000,0.183000000000),
double3(0.358550000000,0.641450000000,0.236550000000),
double3(0.347550000000,0.652450000000,0.227600000000),
double3(0.109050000000,0.609050000000,0.183000000000),
double3(0.108550000000,0.608550000000,0.236550000000),
double3(0.097550000000,0.597550000000,0.227600000000),
double3(0.140950000000,0.859050000000,0.183000000000),
double3(0.141450000000,0.858550000000,0.236550000000),
double3(0.152450000000,0.847550000000,0.227600000000),
double3(0.390950000000,0.890950000000,0.183000000000),
double3(0.391450000000,0.891450000000,0.236550000000),
double3(0.402450000000,0.902450000000,0.227600000000),
double3(0.359050000000,0.859050000000,0.317000000000),
double3(0.358550000000,0.858550000000,0.263450000000),
double3(0.347550000000,0.847550000000,0.272400000000),
double3(0.390950000000,0.609050000000,0.317000000000),
double3(0.391450000000,0.608550000000,0.263450000000),
double3(0.402450000000,0.597550000000,0.272400000000),
double3(0.140950000000,0.640950000000,0.317000000000),
double3(0.141450000000,0.641450000000,0.263450000000),
double3(0.152450000000,0.652450000000,0.272400000000),
double3(0.109050000000,0.890950000000,0.317000000000),
double3(0.108550000000,0.891450000000,0.263450000000),
double3(0.097550000000,0.902450000000,0.272400000000),
double3(0.140950000000,0.683000000000,0.140950000000),
double3(0.141450000000,0.736550000000,0.141450000000),
double3(0.152450000000,0.727600000000,0.152450000000),
double3(0.359050000000,0.817000000000,0.140950000000),
double3(0.358550000000,0.763450000000,0.141450000000),
double3(0.347550000000,0.772400000000,0.152450000000),
double3(0.359050000000,0.683000000000,0.359050000000),
double3(0.358550000000,0.736550000000,0.358550000000),
double3(0.347550000000,0.727600000000,0.347550000000),
double3(0.140950000000,0.817000000000,0.359050000000),
double3(0.141450000000,0.763450000000,0.358550000000),
double3(0.152450000000,0.772400000000,0.347550000000),
double3(0.390950000000,0.683000000000,0.109050000000),
double3(0.391450000000,0.736550000000,0.108550000000),
double3(0.402450000000,0.727600000000,0.097550000000),
double3(0.390950000000,0.817000000000,0.390950000000),
double3(0.391450000000,0.763450000000,0.391450000000),
double3(0.402450000000,0.772400000000,0.402450000000),
double3(0.109050000000,0.683000000000,0.390950000000),
double3(0.108550000000,0.736550000000,0.391450000000),
double3(0.097550000000,0.727600000000,0.402450000000),
double3(0.109050000000,0.817000000000,0.109050000000),
double3(0.108550000000,0.763450000000,0.108550000000),
double3(0.097550000000,0.772400000000,0.097550000000),
double3(0.317000000000,0.640950000000,0.359050000000),
double3(0.305650000000,0.625000000000,0.375000000000),
double3(0.276900000000,0.625000000000,0.375000000000),
double3(0.263450000000,0.641450000000,0.358550000000),
double3(0.272400000000,0.652450000000,0.347550000000),
double3(0.183000000000,0.859050000000,0.359050000000),
double3(0.194350000000,0.875000000000,0.375000000000),
double3(0.223100000000,0.875000000000,0.375000000000),
double3(0.236550000000,0.858550000000,0.358550000000),
double3(0.227600000000,0.847550000000,0.347550000000),
double3(0.317000000000,0.859050000000,0.140950000000),
double3(0.305650000000,0.875000000000,0.125000000000),
double3(0.276900000000,0.875000000000,0.125000000000),
double3(0.263450000000,0.858550000000,0.141450000000),
double3(0.272400000000,0.847550000000,0.152450000000),
double3(0.183000000000,0.640950000000,0.140950000000),
double3(0.194350000000,0.625000000000,0.125000000000),
double3(0.223100000000,0.625000000000,0.125000000000),
double3(0.236550000000,0.641450000000,0.141450000000),
double3(0.227600000000,0.652450000000,0.152450000000),
double3(0.317000000000,0.609050000000,0.109050000000),
double3(0.305650000000,0.625000000000,0.125000000000),
double3(0.276900000000,0.625000000000,0.125000000000),
double3(0.263450000000,0.608550000000,0.108550000000),
double3(0.272400000000,0.597550000000,0.097550000000),
double3(0.183000000000,0.890950000000,0.109050000000),
double3(0.194350000000,0.875000000000,0.125000000000),
double3(0.223100000000,0.875000000000,0.125000000000),
double3(0.236550000000,0.891450000000,0.108550000000),
double3(0.227600000000,0.902450000000,0.097550000000),
double3(0.317000000000,0.890950000000,0.390950000000),
double3(0.305650000000,0.875000000000,0.375000000000),
double3(0.276900000000,0.875000000000,0.375000000000),
double3(0.263450000000,0.891450000000,0.391450000000),
double3(0.272400000000,0.902450000000,0.402450000000),
double3(0.183000000000,0.609050000000,0.390950000000),
double3(0.194350000000,0.625000000000,0.375000000000),
double3(0.223100000000,0.625000000000,0.375000000000),
double3(0.236550000000,0.608550000000,0.391450000000),
double3(0.227600000000,0.597550000000,0.402450000000),
double3(0.183000000000,0.859050000000,0.140950000000),
double3(0.236550000000,0.858550000000,0.141450000000),
double3(0.227600000000,0.847550000000,0.152450000000),
double3(0.317000000000,0.640950000000,0.140950000000),
double3(0.263450000000,0.641450000000,0.141450000000),
double3(0.272400000000,0.652450000000,0.152450000000),
double3(0.183000000000,0.640950000000,0.359050000000),
double3(0.236550000000,0.641450000000,0.358550000000),
double3(0.227600000000,0.652450000000,0.347550000000),
double3(0.317000000000,0.859050000000,0.359050000000),
double3(0.263450000000,0.858550000000,0.358550000000),
double3(0.272400000000,0.847550000000,0.347550000000),
double3(0.183000000000,0.890950000000,0.390950000000),
double3(0.236550000000,0.891450000000,0.391450000000),
double3(0.227600000000,0.902450000000,0.402450000000),
double3(0.317000000000,0.609050000000,0.390950000000),
double3(0.263450000000,0.608550000000,0.391450000000),
double3(0.272400000000,0.597550000000,0.402450000000),
double3(0.183000000000,0.609050000000,0.109050000000),
double3(0.236550000000,0.608550000000,0.108550000000),
double3(0.227600000000,0.597550000000,0.097550000000),
double3(0.317000000000,0.890950000000,0.109050000000),
double3(0.263450000000,0.891450000000,0.108550000000),
double3(0.272400000000,0.902450000000,0.097550000000),
double3(0.146700000000,0.603300000000,0.603300000000),
double3(0.125000000000,0.625000000000,0.625000000000),
double3(0.140950000000,0.609050000000,0.567000000000),
double3(0.125000000000,0.625000000000,0.555650000000),
double3(0.125000000000,0.625000000000,0.526900000000),
double3(0.141450000000,0.608550000000,0.513450000000),
double3(0.152450000000,0.597550000000,0.522400000000),
double3(0.396700000000,0.646700000000,0.603300000000),
double3(0.375000000000,0.625000000000,0.625000000000),
double3(0.390950000000,0.640950000000,0.567000000000),
double3(0.375000000000,0.625000000000,0.555650000000),
double3(0.375000000000,0.625000000000,0.526900000000),
double3(0.391450000000,0.641450000000,0.513450000000),
double3(0.402450000000,0.652450000000,0.522400000000),
double3(0.353300000000,0.896700000000,0.603300000000),
double3(0.375000000000,0.875000000000,0.625000000000),
double3(0.359050000000,0.890950000000,0.567000000000),
double3(0.375000000000,0.875000000000,0.555650000000),
double3(0.375000000000,0.875000000000,0.526900000000),
double3(0.358550000000,0.891450000000,0.513450000000),
double3(0.347550000000,0.902450000000,0.522400000000),
double3(0.103300000000,0.853300000000,0.603300000000),
double3(0.125000000000,0.875000000000,0.625000000000),
double3(0.109050000000,0.859050000000,0.567000000000),
double3(0.125000000000,0.875000000000,0.555650000000),
double3(0.125000000000,0.875000000000,0.526900000000),
double3(0.108550000000,0.858550000000,0.513450000000),
double3(0.097550000000,0.847550000000,0.522400000000),
double3(0.146700000000,0.896700000000,0.896700000000),
double3(0.125000000000,0.875000000000,0.875000000000),
double3(0.140950000000,0.890950000000,0.933000000000),
double3(0.125000000000,0.875000000000,0.944350000000),
double3(0.125000000000,0.875000000000,0.973100000000),
double3(0.141450000000,0.891450000000,0.986550000000),
double3(0.152450000000,0.902450000000,0.977600000000),
double3(0.103300000000,0.646700000000,0.896700000000),
double3(0.125000000000,0.625000000000,0.875000000000),
double3(0.109050000000,0.640950000000,0.933000000000),
double3(0.125000000000,0.625000000000,0.944350000000),
double3(0.125000000000,0.625000000000,0.973100000000),
double3(0.108550000000,0.641450000000,0.986550000000),
double3(0.097550000000,0.652450000000,0.977600000000),
double3(0.353300000000,0.603300000000,0.896700000000),
double3(0.375000000000,0.625000000000,0.875000000000),
double3(0.359050000000,0.609050000000,0.933000000000),
double3(0.375000000000,0.625000000000,0.944350000000),
double3(0.375000000000,0.625000000000,0.973100000000),
double3(0.358550000000,0.608550000000,0.986550000000),
double3(0.347550000000,0.597550000000,0.977600000000),
double3(0.396700000000,0.853300000000,0.896700000000),
double3(0.375000000000,0.875000000000,0.875000000000),
double3(0.390950000000,0.859050000000,0.933000000000),
double3(0.375000000000,0.875000000000,0.944350000000),
double3(0.375000000000,0.875000000000,0.973100000000),
double3(0.391450000000,0.858550000000,0.986550000000),
double3(0.402450000000,0.847550000000,0.977600000000),
double3(0.103300000000,0.646700000000,0.603300000000),
double3(0.067000000000,0.640950000000,0.609050000000),
double3(0.055650000000,0.625000000000,0.625000000000),
double3(0.026900000000,0.625000000000,0.625000000000),
double3(0.013450000000,0.641450000000,0.608550000000),
double3(0.022400000000,0.652450000000,0.597550000000),
double3(0.353300000000,0.603300000000,0.603300000000),
double3(0.359050000000,0.567000000000,0.609050000000),
double3(0.375000000000,0.555650000000,0.625000000000),
double3(0.375000000000,0.526900000000,0.625000000000),
double3(0.358550000000,0.513450000000,0.608550000000),
double3(0.347550000000,0.522400000000,0.597550000000),
double3(0.396700000000,0.853300000000,0.603300000000),
double3(0.433000000000,0.859050000000,0.609050000000),
double3(0.444350000000,0.875000000000,0.625000000000),
double3(0.473100000000,0.875000000000,0.625000000000),
double3(0.486550000000,0.858550000000,0.608550000000),
double3(0.477600000000,0.847550000000,0.597550000000),
double3(0.146700000000,0.896700000000,0.603300000000),
double3(0.140950000000,0.933000000000,0.609050000000),
double3(0.125000000000,0.944350000000,0.625000000000),
double3(0.125000000000,0.973100000000,0.625000000000),
double3(0.141450000000,0.986550000000,0.608550000000),
double3(0.152450000000,0.977600000000,0.597550000000),
double3(0.103300000000,0.853300000000,0.896700000000),
double3(0.067000000000,0.859050000000,0.890950000000),
double3(0.055650000000,0.875000000000,0.875000000000),
double3(0.026900000000,0.875000000000,0.875000000000),
double3(0.013450000000,0.858550000000,0.891450000000),
double3(0.022400000000,0.847550000000,0.902450000000),
double3(0.146700000000,0.603300000000,0.896700000000),
double3(0.140950000000,0.567000000000,0.890950000000),
double3(0.125000000000,0.555650000000,0.875000000000),
double3(0.125000000000,0.526900000000,0.875000000000),
double3(0.141450000000,0.513450000000,0.891450000000),
double3(0.152450000000,0.522400000000,0.902450000000),
double3(0.396700000000,0.646700000000,0.896700000000),
double3(0.433000000000,0.640950000000,0.890950000000),
double3(0.444350000000,0.625000000000,0.875000000000),
double3(0.473100000000,0.625000000000,0.875000000000),
double3(0.486550000000,0.641450000000,0.891450000000),
double3(0.477600000000,0.652450000000,0.902450000000),
double3(0.353300000000,0.896700000000,0.896700000000),
double3(0.359050000000,0.933000000000,0.890950000000),
double3(0.375000000000,0.944350000000,0.875000000000),
double3(0.375000000000,0.973100000000,0.875000000000),
double3(0.358550000000,0.986550000000,0.891450000000),
double3(0.347550000000,0.977600000000,0.902450000000),
double3(0.103300000000,0.603300000000,0.646700000000),
double3(0.109050000000,0.567000000000,0.640950000000),
double3(0.125000000000,0.555650000000,0.625000000000),
double3(0.125000000000,0.526900000000,0.625000000000),
double3(0.108550000000,0.513450000000,0.641450000000),
double3(0.097550000000,0.522400000000,0.652450000000),
double3(0.103300000000,0.896700000000,0.853300000000),
double3(0.109050000000,0.933000000000,0.859050000000),
double3(0.125000000000,0.944350000000,0.875000000000),
double3(0.125000000000,0.973100000000,0.875000000000),
double3(0.108550000000,0.986550000000,0.858550000000),
double3(0.097550000000,0.977600000000,0.847550000000),
double3(0.103300000000,0.603300000000,0.853300000000),
double3(0.067000000000,0.609050000000,0.859050000000),
double3(0.055650000000,0.625000000000,0.875000000000),
double3(0.026900000000,0.625000000000,0.875000000000),
double3(0.013450000000,0.608550000000,0.858550000000),
double3(0.022400000000,0.597550000000,0.847550000000),
double3(0.396700000000,0.603300000000,0.853300000000),
double3(0.390950000000,0.567000000000,0.859050000000),
double3(0.375000000000,0.555650000000,0.875000000000),
double3(0.375000000000,0.526900000000,0.875000000000),
double3(0.391450000000,0.513450000000,0.858550000000),
double3(0.402450000000,0.522400000000,0.847550000000),
double3(0.396700000000,0.896700000000,0.853300000000),
double3(0.433000000000,0.890950000000,0.859050000000),
double3(0.444350000000,0.875000000000,0.875000000000),
double3(0.473100000000,0.875000000000,0.875000000000),
double3(0.486550000000,0.891450000000,0.858550000000),
double3(0.477600000000,0.902450000000,0.847550000000),
double3(0.396700000000,0.896700000000,0.646700000000),
double3(0.390950000000,0.933000000000,0.640950000000),
double3(0.375000000000,0.944350000000,0.625000000000),
double3(0.375000000000,0.973100000000,0.625000000000),
double3(0.391450000000,0.986550000000,0.641450000000),
double3(0.402450000000,0.977600000000,0.652450000000),
double3(0.103300000000,0.896700000000,0.646700000000),
double3(0.067000000000,0.890950000000,0.640950000000),
double3(0.055650000000,0.875000000000,0.625000000000),
double3(0.026900000000,0.875000000000,0.625000000000),
double3(0.013450000000,0.891450000000,0.641450000000),
double3(0.022400000000,0.902450000000,0.652450000000),
double3(0.396700000000,0.603300000000,0.646700000000),
double3(0.433000000000,0.609050000000,0.640950000000),
double3(0.444350000000,0.625000000000,0.625000000000),
double3(0.473100000000,0.625000000000,0.625000000000),
double3(0.486550000000,0.608550000000,0.641450000000),
double3(0.477600000000,0.597550000000,0.652450000000),
double3(0.359050000000,0.890950000000,0.933000000000),
double3(0.358550000000,0.891450000000,0.986550000000),
double3(0.347550000000,0.902450000000,0.977600000000),
double3(0.109050000000,0.859050000000,0.933000000000),
double3(0.108550000000,0.858550000000,0.986550000000),
double3(0.097550000000,0.847550000000,0.977600000000),
double3(0.140950000000,0.609050000000,0.933000000000),
double3(0.141450000000,0.608550000000,0.986550000000),
double3(0.152450000000,0.597550000000,0.977600000000),
double3(0.390950000000,0.640950000000,0.933000000000),
double3(0.391450000000,0.641450000000,0.986550000000),
double3(0.402450000000,0.652450000000,0.977600000000),
double3(0.359050000000,0.609050000000,0.567000000000),
double3(0.358550000000,0.608550000000,0.513450000000),
double3(0.347550000000,0.597550000000,0.522400000000),
double3(0.390950000000,0.859050000000,0.567000000000),
double3(0.391450000000,0.858550000000,0.513450000000),
double3(0.402450000000,0.847550000000,0.522400000000),
double3(0.140950000000,0.890950000000,0.567000000000),
double3(0.141450000000,0.891450000000,0.513450000000),
double3(0.152450000000,0.902450000000,0.522400000000),
double3(0.109050000000,0.640950000000,0.567000000000),
double3(0.108550000000,0.641450000000,0.513450000000),
double3(0.097550000000,0.652450000000,0.522400000000),
double3(0.433000000000,0.859050000000,0.890950000000),
double3(0.486550000000,0.858550000000,0.891450000000),
double3(0.477600000000,0.847550000000,0.902450000000),
double3(0.140950000000,0.933000000000,0.890950000000),
double3(0.141450000000,0.986550000000,0.891450000000),
double3(0.152450000000,0.977600000000,0.902450000000),
double3(0.067000000000,0.640950000000,0.890950000000),
double3(0.013450000000,0.641450000000,0.891450000000),
double3(0.022400000000,0.652450000000,0.902450000000),
double3(0.359050000000,0.567000000000,0.890950000000),
double3(0.358550000000,0.513450000000,0.891450000000),
double3(0.347550000000,0.522400000000,0.902450000000),
double3(0.433000000000,0.640950000000,0.609050000000),
double3(0.486550000000,0.641450000000,0.608550000000),
double3(0.477600000000,0.652450000000,0.597550000000),
double3(0.359050000000,0.933000000000,0.609050000000),
double3(0.358550000000,0.986550000000,0.608550000000),
double3(0.347550000000,0.977600000000,0.597550000000),
double3(0.067000000000,0.859050000000,0.609050000000),
double3(0.013450000000,0.858550000000,0.608550000000),
double3(0.022400000000,0.847550000000,0.597550000000),
double3(0.140950000000,0.567000000000,0.609050000000),
double3(0.141450000000,0.513450000000,0.608550000000),
double3(0.152450000000,0.522400000000,0.597550000000),
double3(0.390950000000,0.933000000000,0.859050000000),
double3(0.391450000000,0.986550000000,0.858550000000),
double3(0.402450000000,0.977600000000,0.847550000000),
double3(0.390950000000,0.567000000000,0.640950000000),
double3(0.391450000000,0.513450000000,0.641450000000),
double3(0.402450000000,0.522400000000,0.652450000000),
double3(0.433000000000,0.890950000000,0.640950000000),
double3(0.486550000000,0.891450000000,0.641450000000),
double3(0.477600000000,0.902450000000,0.652450000000),
double3(0.109050000000,0.933000000000,0.640950000000),
double3(0.108550000000,0.986550000000,0.641450000000),
double3(0.097550000000,0.977600000000,0.652450000000),
double3(0.067000000000,0.609050000000,0.640950000000),
double3(0.013450000000,0.608550000000,0.641450000000),
double3(0.022400000000,0.597550000000,0.652450000000),
double3(0.109050000000,0.567000000000,0.859050000000),
double3(0.108550000000,0.513450000000,0.858550000000),
double3(0.097550000000,0.522400000000,0.847550000000),
double3(0.433000000000,0.609050000000,0.859050000000),
double3(0.486550000000,0.608550000000,0.858550000000),
double3(0.477600000000,0.597550000000,0.847550000000),
double3(0.067000000000,0.890950000000,0.859050000000),
double3(0.013450000000,0.891450000000,0.858550000000),
double3(0.022400000000,0.902450000000,0.847550000000),
double3(0.146700000000,0.853300000000,0.853300000000),
double3(0.140950000000,0.859050000000,0.817000000000),
double3(0.125000000000,0.875000000000,0.805650000000),
double3(0.125000000000,0.875000000000,0.776900000000),
double3(0.141450000000,0.858550000000,0.763450000000),
double3(0.152450000000,0.847550000000,0.772400000000),
double3(0.390950000000,0.890950000000,0.817000000000),
double3(0.375000000000,0.875000000000,0.805650000000),
double3(0.375000000000,0.875000000000,0.776900000000),
double3(0.391450000000,0.891450000000,0.763450000000),
double3(0.402450000000,0.902450000000,0.772400000000),
double3(0.353300000000,0.646700000000,0.853300000000),
double3(0.359050000000,0.640950000000,0.817000000000),
double3(0.375000000000,0.625000000000,0.805650000000),
double3(0.375000000000,0.625000000000,0.776900000000),
double3(0.358550000000,0.641450000000,0.763450000000),
double3(0.347550000000,0.652450000000,0.772400000000),
double3(0.109050000000,0.609050000000,0.817000000000),
double3(0.125000000000,0.625000000000,0.805650000000),
double3(0.125000000000,0.625000000000,0.776900000000),
double3(0.108550000000,0.608550000000,0.763450000000),
double3(0.097550000000,0.597550000000,0.772400000000),
double3(0.146700000000,0.646700000000,0.646700000000),
double3(0.140950000000,0.640950000000,0.683000000000),
double3(0.125000000000,0.625000000000,0.694350000000),
double3(0.125000000000,0.625000000000,0.723100000000),
double3(0.141450000000,0.641450000000,0.736550000000),
double3(0.152450000000,0.652450000000,0.727600000000),
double3(0.109050000000,0.890950000000,0.683000000000),
double3(0.125000000000,0.875000000000,0.694350000000),
double3(0.125000000000,0.875000000000,0.723100000000),
double3(0.108550000000,0.891450000000,0.736550000000),
double3(0.097550000000,0.902450000000,0.727600000000),
double3(0.353300000000,0.853300000000,0.646700000000),
double3(0.359050000000,0.859050000000,0.683000000000),
double3(0.375000000000,0.875000000000,0.694350000000),
double3(0.375000000000,0.875000000000,0.723100000000),
double3(0.358550000000,0.858550000000,0.736550000000),
double3(0.347550000000,0.847550000000,0.727600000000),
double3(0.390950000000,0.609050000000,0.683000000000),
double3(0.375000000000,0.625000000000,0.694350000000),
double3(0.375000000000,0.625000000000,0.723100000000),
double3(0.391450000000,0.608550000000,0.736550000000),
double3(0.402450000000,0.597550000000,0.727600000000),
double3(0.353300000000,0.853300000000,0.853300000000),
double3(0.359050000000,0.817000000000,0.859050000000),
double3(0.375000000000,0.805650000000,0.875000000000),
double3(0.375000000000,0.776900000000,0.875000000000),
double3(0.358550000000,0.763450000000,0.858550000000),
double3(0.347550000000,0.772400000000,0.847550000000),
double3(0.146700000000,0.646700000000,0.853300000000),
double3(0.140950000000,0.683000000000,0.859050000000),
double3(0.125000000000,0.694350000000,0.875000000000),
double3(0.125000000000,0.723100000000,0.875000000000),
double3(0.141450000000,0.736550000000,0.858550000000),
double3(0.152450000000,0.727600000000,0.847550000000),
double3(0.146700000000,0.853300000000,0.646700000000),
double3(0.140950000000,0.817000000000,0.640950000000),
double3(0.125000000000,0.805650000000,0.625000000000),
double3(0.125000000000,0.776900000000,0.625000000000),
double3(0.141450000000,0.763450000000,0.641450000000),
double3(0.152450000000,0.772400000000,0.652450000000),
double3(0.353300000000,0.646700000000,0.646700000000),
double3(0.359050000000,0.683000000000,0.640950000000),
double3(0.375000000000,0.694350000000,0.625000000000),
double3(0.375000000000,0.723100000000,0.625000000000),
double3(0.358550000000,0.736550000000,0.641450000000),
double3(0.347550000000,0.727600000000,0.652450000000),
double3(0.109050000000,0.817000000000,0.890950000000),
double3(0.125000000000,0.805650000000,0.875000000000),
double3(0.125000000000,0.776900000000,0.875000000000),
double3(0.108550000000,0.763450000000,0.891450000000),
double3(0.097550000000,0.772400000000,0.902450000000),
double3(0.109050000000,0.683000000000,0.609050000000),
double3(0.125000000000,0.694350000000,0.625000000000),
double3(0.125000000000,0.723100000000,0.625000000000),
double3(0.108550000000,0.736550000000,0.608550000000),
double3(0.097550000000,0.727600000000,0.597550000000),
double3(0.390950000000,0.817000000000,0.609050000000),
double3(0.375000000000,0.805650000000,0.625000000000),
double3(0.375000000000,0.776900000000,0.625000000000),
double3(0.391450000000,0.763450000000,0.608550000000),
double3(0.402450000000,0.772400000000,0.597550000000),
double3(0.390950000000,0.683000000000,0.890950000000),
double3(0.375000000000,0.694350000000,0.875000000000),
double3(0.375000000000,0.723100000000,0.875000000000),
double3(0.391450000000,0.736550000000,0.891450000000),
double3(0.402450000000,0.727600000000,0.902450000000),
double3(0.359050000000,0.640950000000,0.683000000000),
double3(0.358550000000,0.641450000000,0.736550000000),
double3(0.347550000000,0.652450000000,0.727600000000),
double3(0.109050000000,0.609050000000,0.683000000000),
double3(0.108550000000,0.608550000000,0.736550000000),
double3(0.097550000000,0.597550000000,0.727600000000),
double3(0.140950000000,0.859050000000,0.683000000000),
double3(0.141450000000,0.858550000000,0.736550000000),
double3(0.152450000000,0.847550000000,0.727600000000),
double3(0.390950000000,0.890950000000,0.683000000000),
double3(0.391450000000,0.891450000000,0.736550000000),
double3(0.402450000000,0.902450000000,0.727600000000),
double3(0.359050000000,0.859050000000,0.817000000000),
double3(0.358550000000,0.858550000000,0.763450000000),
double3(0.347550000000,0.847550000000,0.772400000000),
double3(0.390950000000,0.609050000000,0.817000000000),
double3(0.391450000000,0.608550000000,0.763450000000),
double3(0.402450000000,0.597550000000,0.772400000000),
double3(0.140950000000,0.640950000000,0.817000000000),
double3(0.141450000000,0.641450000000,0.763450000000),
double3(0.152450000000,0.652450000000,0.772400000000),
double3(0.109050000000,0.890950000000,0.817000000000),
double3(0.108550000000,0.891450000000,0.763450000000),
double3(0.097550000000,0.902450000000,0.772400000000),
double3(0.140950000000,0.683000000000,0.640950000000),
double3(0.141450000000,0.736550000000,0.641450000000),
double3(0.152450000000,0.727600000000,0.652450000000),
double3(0.359050000000,0.817000000000,0.640950000000),
double3(0.358550000000,0.763450000000,0.641450000000),
double3(0.347550000000,0.772400000000,0.652450000000),
double3(0.359050000000,0.683000000000,0.859050000000),
double3(0.358550000000,0.736550000000,0.858550000000),
double3(0.347550000000,0.727600000000,0.847550000000),
double3(0.140950000000,0.817000000000,0.859050000000),
double3(0.141450000000,0.763450000000,0.858550000000),
double3(0.152450000000,0.772400000000,0.847550000000),
double3(0.390950000000,0.683000000000,0.609050000000),
double3(0.391450000000,0.736550000000,0.608550000000),
double3(0.402450000000,0.727600000000,0.597550000000),
double3(0.390950000000,0.817000000000,0.890950000000),
double3(0.391450000000,0.763450000000,0.891450000000),
double3(0.402450000000,0.772400000000,0.902450000000),
double3(0.109050000000,0.683000000000,0.890950000000),
double3(0.108550000000,0.736550000000,0.891450000000),
double3(0.097550000000,0.727600000000,0.902450000000),
double3(0.109050000000,0.817000000000,0.609050000000),
double3(0.108550000000,0.763450000000,0.608550000000),
double3(0.097550000000,0.772400000000,0.597550000000),
double3(0.317000000000,0.640950000000,0.859050000000),
double3(0.305650000000,0.625000000000,0.875000000000),
double3(0.276900000000,0.625000000000,0.875000000000),
double3(0.263450000000,0.641450000000,0.858550000000),
double3(0.272400000000,0.652450000000,0.847550000000),
double3(0.183000000000,0.859050000000,0.859050000000),
double3(0.194350000000,0.875000000000,0.875000000000),
double3(0.223100000000,0.875000000000,0.875000000000),
double3(0.236550000000,0.858550000000,0.858550000000),
double3(0.227600000000,0.847550000000,0.847550000000),
double3(0.317000000000,0.859050000000,0.640950000000),
double3(0.305650000000,0.875000000000,0.625000000000),
double3(0.276900000000,0.875000000000,0.625000000000),
double3(0.263450000000,0.858550000000,0.641450000000),
double3(0.272400000000,0.847550000000,0.652450000000),
double3(0.183000000000,0.640950000000,0.640950000000),
double3(0.194350000000,0.625000000000,0.625000000000),
double3(0.223100000000,0.625000000000,0.625000000000),
double3(0.236550000000,0.641450000000,0.641450000000),
double3(0.227600000000,0.652450000000,0.652450000000),
double3(0.317000000000,0.609050000000,0.609050000000),
double3(0.305650000000,0.625000000000,0.625000000000),
double3(0.276900000000,0.625000000000,0.625000000000),
double3(0.263450000000,0.608550000000,0.608550000000),
double3(0.272400000000,0.597550000000,0.597550000000),
double3(0.183000000000,0.890950000000,0.609050000000),
double3(0.194350000000,0.875000000000,0.625000000000),
double3(0.223100000000,0.875000000000,0.625000000000),
double3(0.236550000000,0.891450000000,0.608550000000),
double3(0.227600000000,0.902450000000,0.597550000000),
double3(0.317000000000,0.890950000000,0.890950000000),
double3(0.305650000000,0.875000000000,0.875000000000),
double3(0.276900000000,0.875000000000,0.875000000000),
double3(0.263450000000,0.891450000000,0.891450000000),
double3(0.272400000000,0.902450000000,0.902450000000),
double3(0.183000000000,0.609050000000,0.890950000000),
double3(0.194350000000,0.625000000000,0.875000000000),
double3(0.223100000000,0.625000000000,0.875000000000),
double3(0.236550000000,0.608550000000,0.891450000000),
double3(0.227600000000,0.597550000000,0.902450000000),
double3(0.183000000000,0.859050000000,0.640950000000),
double3(0.236550000000,0.858550000000,0.641450000000),
double3(0.227600000000,0.847550000000,0.652450000000),
double3(0.317000000000,0.640950000000,0.640950000000),
double3(0.263450000000,0.641450000000,0.641450000000),
double3(0.272400000000,0.652450000000,0.652450000000),
double3(0.183000000000,0.640950000000,0.859050000000),
double3(0.236550000000,0.641450000000,0.858550000000),
double3(0.227600000000,0.652450000000,0.847550000000),
double3(0.317000000000,0.859050000000,0.859050000000),
double3(0.263450000000,0.858550000000,0.858550000000),
double3(0.272400000000,0.847550000000,0.847550000000),
double3(0.183000000000,0.890950000000,0.890950000000),
double3(0.236550000000,0.891450000000,0.891450000000),
double3(0.227600000000,0.902450000000,0.902450000000),
double3(0.317000000000,0.609050000000,0.890950000000),
double3(0.263450000000,0.608550000000,0.891450000000),
double3(0.272400000000,0.597550000000,0.902450000000),
double3(0.183000000000,0.609050000000,0.609050000000),
double3(0.236550000000,0.608550000000,0.608550000000),
double3(0.227600000000,0.597550000000,0.597550000000),
double3(0.317000000000,0.890950000000,0.609050000000),
double3(0.263450000000,0.891450000000,0.608550000000),
double3(0.272400000000,0.902450000000,0.597550000000),
double3(0.646700000000,0.103300000000,0.103300000000),
double3(0.625000000000,0.125000000000,0.125000000000),
double3(0.640950000000,0.109050000000,0.067000000000),
double3(0.625000000000,0.125000000000,0.055650000000),
double3(0.625000000000,0.125000000000,0.026900000000),
double3(0.641450000000,0.108550000000,0.013450000000),
double3(0.652450000000,0.097550000000,0.022400000000),
double3(0.896700000000,0.146700000000,0.103300000000),
double3(0.875000000000,0.125000000000,0.125000000000),
double3(0.890950000000,0.140950000000,0.067000000000),
double3(0.875000000000,0.125000000000,0.055650000000),
double3(0.875000000000,0.125000000000,0.026900000000),
double3(0.891450000000,0.141450000000,0.013450000000),
double3(0.902450000000,0.152450000000,0.022400000000),
double3(0.853300000000,0.396700000000,0.103300000000),
double3(0.875000000000,0.375000000000,0.125000000000),
double3(0.859050000000,0.390950000000,0.067000000000),
double3(0.875000000000,0.375000000000,0.055650000000),
double3(0.875000000000,0.375000000000,0.026900000000),
double3(0.858550000000,0.391450000000,0.013450000000),
double3(0.847550000000,0.402450000000,0.022400000000),
double3(0.603300000000,0.353300000000,0.103300000000),
double3(0.625000000000,0.375000000000,0.125000000000),
double3(0.609050000000,0.359050000000,0.067000000000),
double3(0.625000000000,0.375000000000,0.055650000000),
double3(0.625000000000,0.375000000000,0.026900000000),
double3(0.608550000000,0.358550000000,0.013450000000),
double3(0.597550000000,0.347550000000,0.022400000000),
double3(0.646700000000,0.396700000000,0.396700000000),
double3(0.625000000000,0.375000000000,0.375000000000),
double3(0.640950000000,0.390950000000,0.433000000000),
double3(0.625000000000,0.375000000000,0.444350000000),
double3(0.625000000000,0.375000000000,0.473100000000),
double3(0.641450000000,0.391450000000,0.486550000000),
double3(0.652450000000,0.402450000000,0.477600000000),
double3(0.603300000000,0.146700000000,0.396700000000),
double3(0.625000000000,0.125000000000,0.375000000000),
double3(0.609050000000,0.140950000000,0.433000000000),
double3(0.625000000000,0.125000000000,0.444350000000),
double3(0.625000000000,0.125000000000,0.473100000000),
double3(0.608550000000,0.141450000000,0.486550000000),
double3(0.597550000000,0.152450000000,0.477600000000),
double3(0.853300000000,0.103300000000,0.396700000000),
double3(0.875000000000,0.125000000000,0.375000000000),
double3(0.859050000000,0.109050000000,0.433000000000),
double3(0.875000000000,0.125000000000,0.444350000000),
double3(0.875000000000,0.125000000000,0.473100000000),
double3(0.858550000000,0.108550000000,0.486550000000),
double3(0.847550000000,0.097550000000,0.477600000000),
double3(0.896700000000,0.353300000000,0.396700000000),
double3(0.875000000000,0.375000000000,0.375000000000),
double3(0.890950000000,0.359050000000,0.433000000000),
double3(0.875000000000,0.375000000000,0.444350000000),
double3(0.875000000000,0.375000000000,0.473100000000),
double3(0.891450000000,0.358550000000,0.486550000000),
double3(0.902450000000,0.347550000000,0.477600000000),
double3(0.603300000000,0.146700000000,0.103300000000),
double3(0.567000000000,0.140950000000,0.109050000000),
double3(0.555650000000,0.125000000000,0.125000000000),
double3(0.526900000000,0.125000000000,0.125000000000),
double3(0.513450000000,0.141450000000,0.108550000000),
double3(0.522400000000,0.152450000000,0.097550000000),
double3(0.853300000000,0.103300000000,0.103300000000),
double3(0.859050000000,0.067000000000,0.109050000000),
double3(0.875000000000,0.055650000000,0.125000000000),
double3(0.875000000000,0.026900000000,0.125000000000),
double3(0.858550000000,0.013450000000,0.108550000000),
double3(0.847550000000,0.022400000000,0.097550000000),
double3(0.896700000000,0.353300000000,0.103300000000),
double3(0.933000000000,0.359050000000,0.109050000000),
double3(0.944350000000,0.375000000000,0.125000000000),
double3(0.973100000000,0.375000000000,0.125000000000),
double3(0.986550000000,0.358550000000,0.108550000000),
double3(0.977600000000,0.347550000000,0.097550000000),
double3(0.646700000000,0.396700000000,0.103300000000),
double3(0.640950000000,0.433000000000,0.109050000000),
double3(0.625000000000,0.444350000000,0.125000000000),
double3(0.625000000000,0.473100000000,0.125000000000),
double3(0.641450000000,0.486550000000,0.108550000000),
double3(0.652450000000,0.477600000000,0.097550000000),
double3(0.603300000000,0.353300000000,0.396700000000),
double3(0.567000000000,0.359050000000,0.390950000000),
double3(0.555650000000,0.375000000000,0.375000000000),
double3(0.526900000000,0.375000000000,0.375000000000),
double3(0.513450000000,0.358550000000,0.391450000000),
double3(0.522400000000,0.347550000000,0.402450000000),
double3(0.646700000000,0.103300000000,0.396700000000),
double3(0.640950000000,0.067000000000,0.390950000000),
double3(0.625000000000,0.055650000000,0.375000000000),
double3(0.625000000000,0.026900000000,0.375000000000),
double3(0.641450000000,0.013450000000,0.391450000000),
double3(0.652450000000,0.022400000000,0.402450000000),
double3(0.896700000000,0.146700000000,0.396700000000),
double3(0.933000000000,0.140950000000,0.390950000000),
double3(0.944350000000,0.125000000000,0.375000000000),
double3(0.973100000000,0.125000000000,0.375000000000),
double3(0.986550000000,0.141450000000,0.391450000000),
double3(0.977600000000,0.152450000000,0.402450000000),
double3(0.853300000000,0.396700000000,0.396700000000),
double3(0.859050000000,0.433000000000,0.390950000000),
double3(0.875000000000,0.444350000000,0.375000000000),
double3(0.875000000000,0.473100000000,0.375000000000),
double3(0.858550000000,0.486550000000,0.391450000000),
double3(0.847550000000,0.477600000000,0.402450000000),
double3(0.603300000000,0.103300000000,0.146700000000),
double3(0.609050000000,0.067000000000,0.140950000000),
double3(0.625000000000,0.055650000000,0.125000000000),
double3(0.625000000000,0.026900000000,0.125000000000),
double3(0.608550000000,0.013450000000,0.141450000000),
double3(0.597550000000,0.022400000000,0.152450000000),
double3(0.603300000000,0.396700000000,0.353300000000),
double3(0.609050000000,0.433000000000,0.359050000000),
double3(0.625000000000,0.444350000000,0.375000000000),
double3(0.625000000000,0.473100000000,0.375000000000),
double3(0.608550000000,0.486550000000,0.358550000000),
double3(0.597550000000,0.477600000000,0.347550000000),
double3(0.603300000000,0.103300000000,0.353300000000),
double3(0.567000000000,0.109050000000,0.359050000000),
double3(0.555650000000,0.125000000000,0.375000000000),
double3(0.526900000000,0.125000000000,0.375000000000),
double3(0.513450000000,0.108550000000,0.358550000000),
double3(0.522400000000,0.097550000000,0.347550000000),
double3(0.896700000000,0.103300000000,0.353300000000),
double3(0.890950000000,0.067000000000,0.359050000000),
double3(0.875000000000,0.055650000000,0.375000000000),
double3(0.875000000000,0.026900000000,0.375000000000),
double3(0.891450000000,0.013450000000,0.358550000000),
double3(0.902450000000,0.022400000000,0.347550000000),
double3(0.896700000000,0.396700000000,0.353300000000),
double3(0.933000000000,0.390950000000,0.359050000000),
double3(0.944350000000,0.375000000000,0.375000000000),
double3(0.973100000000,0.375000000000,0.375000000000),
double3(0.986550000000,0.391450000000,0.358550000000),
double3(0.977600000000,0.402450000000,0.347550000000),
double3(0.896700000000,0.396700000000,0.146700000000),
double3(0.890950000000,0.433000000000,0.140950000000),
double3(0.875000000000,0.444350000000,0.125000000000),
double3(0.875000000000,0.473100000000,0.125000000000),
double3(0.891450000000,0.486550000000,0.141450000000),
double3(0.902450000000,0.477600000000,0.152450000000),
double3(0.603300000000,0.396700000000,0.146700000000),
double3(0.567000000000,0.390950000000,0.140950000000),
double3(0.555650000000,0.375000000000,0.125000000000),
double3(0.526900000000,0.375000000000,0.125000000000),
double3(0.513450000000,0.391450000000,0.141450000000),
double3(0.522400000000,0.402450000000,0.152450000000),
double3(0.896700000000,0.103300000000,0.146700000000),
double3(0.933000000000,0.109050000000,0.140950000000),
double3(0.944350000000,0.125000000000,0.125000000000),
double3(0.973100000000,0.125000000000,0.125000000000),
double3(0.986550000000,0.108550000000,0.141450000000),
double3(0.977600000000,0.097550000000,0.152450000000),
double3(0.859050000000,0.390950000000,0.433000000000),
double3(0.858550000000,0.391450000000,0.486550000000),
double3(0.847550000000,0.402450000000,0.477600000000),
double3(0.609050000000,0.359050000000,0.433000000000),
double3(0.608550000000,0.358550000000,0.486550000000),
double3(0.597550000000,0.347550000000,0.477600000000),
double3(0.640950000000,0.109050000000,0.433000000000),
double3(0.641450000000,0.108550000000,0.486550000000),
double3(0.652450000000,0.097550000000,0.477600000000),
double3(0.890950000000,0.140950000000,0.433000000000),
double3(0.891450000000,0.141450000000,0.486550000000),
double3(0.902450000000,0.152450000000,0.477600000000),
double3(0.859050000000,0.109050000000,0.067000000000),
double3(0.858550000000,0.108550000000,0.013450000000),
double3(0.847550000000,0.097550000000,0.022400000000),
double3(0.890950000000,0.359050000000,0.067000000000),
double3(0.891450000000,0.358550000000,0.013450000000),
double3(0.902450000000,0.347550000000,0.022400000000),
double3(0.640950000000,0.390950000000,0.067000000000),
double3(0.641450000000,0.391450000000,0.013450000000),
double3(0.652450000000,0.402450000000,0.022400000000),
double3(0.609050000000,0.140950000000,0.067000000000),
double3(0.608550000000,0.141450000000,0.013450000000),
double3(0.597550000000,0.152450000000,0.022400000000),
double3(0.933000000000,0.359050000000,0.390950000000),
double3(0.986550000000,0.358550000000,0.391450000000),
double3(0.977600000000,0.347550000000,0.402450000000),
double3(0.640950000000,0.433000000000,0.390950000000),
double3(0.641450000000,0.486550000000,0.391450000000),
double3(0.652450000000,0.477600000000,0.402450000000),
double3(0.567000000000,0.140950000000,0.390950000000),
double3(0.513450000000,0.141450000000,0.391450000000),
double3(0.522400000000,0.152450000000,0.402450000000),
double3(0.859050000000,0.067000000000,0.390950000000),
double3(0.858550000000,0.013450000000,0.391450000000),
double3(0.847550000000,0.022400000000,0.402450000000),
double3(0.933000000000,0.140950000000,0.109050000000),
double3(0.986550000000,0.141450000000,0.108550000000),
double3(0.977600000000,0.152450000000,0.097550000000),
double3(0.859050000000,0.433000000000,0.109050000000),
double3(0.858550000000,0.486550000000,0.108550000000),
double3(0.847550000000,0.477600000000,0.097550000000),
double3(0.567000000000,0.359050000000,0.109050000000),
double3(0.513450000000,0.358550000000,0.108550000000),
double3(0.522400000000,0.347550000000,0.097550000000),
double3(0.640950000000,0.067000000000,0.109050000000),
double3(0.641450000000,0.013450000000,0.108550000000),
double3(0.652450000000,0.022400000000,0.097550000000),
double3(0.890950000000,0.433000000000,0.359050000000),
double3(0.891450000000,0.486550000000,0.358550000000),
double3(0.902450000000,0.477600000000,0.347550000000),
double3(0.890950000000,0.067000000000,0.140950000000),
double3(0.891450000000,0.013450000000,0.141450000000),
double3(0.902450000000,0.022400000000,0.152450000000),
double3(0.933000000000,0.390950000000,0.140950000000),
double3(0.986550000000,0.391450000000,0.141450000000),
double3(0.977600000000,0.402450000000,0.152450000000),
double3(0.609050000000,0.433000000000,0.140950000000),
double3(0.608550000000,0.486550000000,0.141450000000),
double3(0.597550000000,0.477600000000,0.152450000000),
double3(0.567000000000,0.109050000000,0.140950000000),
double3(0.513450000000,0.108550000000,0.141450000000),
double3(0.522400000000,0.097550000000,0.152450000000),
double3(0.609050000000,0.067000000000,0.359050000000),
double3(0.608550000000,0.013450000000,0.358550000000),
double3(0.597550000000,0.022400000000,0.347550000000),
double3(0.933000000000,0.109050000000,0.359050000000),
double3(0.986550000000,0.108550000000,0.358550000000),
double3(0.977600000000,0.097550000000,0.347550000000),
double3(0.567000000000,0.390950000000,0.359050000000),
double3(0.513450000000,0.391450000000,0.358550000000),
double3(0.522400000000,0.402450000000,0.347550000000),
double3(0.646700000000,0.353300000000,0.353300000000),
double3(0.640950000000,0.359050000000,0.317000000000),
double3(0.625000000000,0.375000000000,0.305650000000),
double3(0.625000000000,0.375000000000,0.276900000000),
double3(0.641450000000,0.358550000000,0.263450000000),
double3(0.652450000000,0.347550000000,0.272400000000),
double3(0.890950000000,0.390950000000,0.317000000000),
double3(0.875000000000,0.375000000000,0.305650000000),
double3(0.875000000000,0.375000000000,0.276900000000),
double3(0.891450000000,0.391450000000,0.263450000000),
double3(0.902450000000,0.402450000000,0.272400000000),
double3(0.853300000000,0.146700000000,0.353300000000),
double3(0.859050000000,0.140950000000,0.317000000000),
double3(0.875000000000,0.125000000000,0.305650000000),
double3(0.875000000000,0.125000000000,0.276900000000),
double3(0.858550000000,0.141450000000,0.263450000000),
double3(0.847550000000,0.152450000000,0.272400000000),
double3(0.609050000000,0.109050000000,0.317000000000),
double3(0.625000000000,0.125000000000,0.305650000000),
double3(0.625000000000,0.125000000000,0.276900000000),
double3(0.608550000000,0.108550000000,0.263450000000),
double3(0.597550000000,0.097550000000,0.272400000000),
double3(0.646700000000,0.146700000000,0.146700000000),
double3(0.640950000000,0.140950000000,0.183000000000),
double3(0.625000000000,0.125000000000,0.194350000000),
double3(0.625000000000,0.125000000000,0.223100000000),
double3(0.641450000000,0.141450000000,0.236550000000),
double3(0.652450000000,0.152450000000,0.227600000000),
double3(0.609050000000,0.390950000000,0.183000000000),
double3(0.625000000000,0.375000000000,0.194350000000),
double3(0.625000000000,0.375000000000,0.223100000000),
double3(0.608550000000,0.391450000000,0.236550000000),
double3(0.597550000000,0.402450000000,0.227600000000),
double3(0.853300000000,0.353300000000,0.146700000000),
double3(0.859050000000,0.359050000000,0.183000000000),
double3(0.875000000000,0.375000000000,0.194350000000),
double3(0.875000000000,0.375000000000,0.223100000000),
double3(0.858550000000,0.358550000000,0.236550000000),
double3(0.847550000000,0.347550000000,0.227600000000),
double3(0.890950000000,0.109050000000,0.183000000000),
double3(0.875000000000,0.125000000000,0.194350000000),
double3(0.875000000000,0.125000000000,0.223100000000),
double3(0.891450000000,0.108550000000,0.236550000000),
double3(0.902450000000,0.097550000000,0.227600000000),
double3(0.853300000000,0.353300000000,0.353300000000),
double3(0.859050000000,0.317000000000,0.359050000000),
double3(0.875000000000,0.305650000000,0.375000000000),
double3(0.875000000000,0.276900000000,0.375000000000),
double3(0.858550000000,0.263450000000,0.358550000000),
double3(0.847550000000,0.272400000000,0.347550000000),
double3(0.646700000000,0.146700000000,0.353300000000),
double3(0.640950000000,0.183000000000,0.359050000000),
double3(0.625000000000,0.194350000000,0.375000000000),
double3(0.625000000000,0.223100000000,0.375000000000),
double3(0.641450000000,0.236550000000,0.358550000000),
double3(0.652450000000,0.227600000000,0.347550000000),
double3(0.646700000000,0.353300000000,0.146700000000),
double3(0.640950000000,0.317000000000,0.140950000000),
double3(0.625000000000,0.305650000000,0.125000000000),
double3(0.625000000000,0.276900000000,0.125000000000),
double3(0.641450000000,0.263450000000,0.141450000000),
double3(0.652450000000,0.272400000000,0.152450000000),
double3(0.853300000000,0.146700000000,0.146700000000),
double3(0.859050000000,0.183000000000,0.140950000000),
double3(0.875000000000,0.194350000000,0.125000000000),
double3(0.875000000000,0.223100000000,0.125000000000),
double3(0.858550000000,0.236550000000,0.141450000000),
double3(0.847550000000,0.227600000000,0.152450000000),
double3(0.609050000000,0.317000000000,0.390950000000),
double3(0.625000000000,0.305650000000,0.375000000000),
double3(0.625000000000,0.276900000000,0.375000000000),
double3(0.608550000000,0.263450000000,0.391450000000),
double3(0.597550000000,0.272400000000,0.402450000000),
double3(0.609050000000,0.183000000000,0.109050000000),
double3(0.625000000000,0.194350000000,0.125000000000),
double3(0.625000000000,0.223100000000,0.125000000000),
double3(0.608550000000,0.236550000000,0.108550000000),
double3(0.597550000000,0.227600000000,0.097550000000),
double3(0.890950000000,0.317000000000,0.109050000000),
double3(0.875000000000,0.305650000000,0.125000000000),
double3(0.875000000000,0.276900000000,0.125000000000),
double3(0.891450000000,0.263450000000,0.108550000000),
double3(0.902450000000,0.272400000000,0.097550000000),
double3(0.890950000000,0.183000000000,0.390950000000),
double3(0.875000000000,0.194350000000,0.375000000000),
double3(0.875000000000,0.223100000000,0.375000000000),
double3(0.891450000000,0.236550000000,0.391450000000),
double3(0.902450000000,0.227600000000,0.402450000000),
double3(0.859050000000,0.140950000000,0.183000000000),
double3(0.858550000000,0.141450000000,0.236550000000),
double3(0.847550000000,0.152450000000,0.227600000000),
double3(0.609050000000,0.109050000000,0.183000000000),
double3(0.608550000000,0.108550000000,0.236550000000),
double3(0.597550000000,0.097550000000,0.227600000000),
double3(0.640950000000,0.359050000000,0.183000000000),
double3(0.641450000000,0.358550000000,0.236550000000),
double3(0.652450000000,0.347550000000,0.227600000000),
double3(0.890950000000,0.390950000000,0.183000000000),
double3(0.891450000000,0.391450000000,0.236550000000),
double3(0.902450000000,0.402450000000,0.227600000000),
double3(0.859050000000,0.359050000000,0.317000000000),
double3(0.858550000000,0.358550000000,0.263450000000),
double3(0.847550000000,0.347550000000,0.272400000000),
double3(0.890950000000,0.109050000000,0.317000000000),
double3(0.891450000000,0.108550000000,0.263450000000),
double3(0.902450000000,0.097550000000,0.272400000000),
double3(0.640950000000,0.140950000000,0.317000000000),
double3(0.641450000000,0.141450000000,0.263450000000),
double3(0.652450000000,0.152450000000,0.272400000000),
double3(0.609050000000,0.390950000000,0.317000000000),
double3(0.608550000000,0.391450000000,0.263450000000),
double3(0.597550000000,0.402450000000,0.272400000000),
double3(0.640950000000,0.183000000000,0.140950000000),
double3(0.641450000000,0.236550000000,0.141450000000),
double3(0.652450000000,0.227600000000,0.152450000000),
double3(0.859050000000,0.317000000000,0.140950000000),
double3(0.858550000000,0.263450000000,0.141450000000),
double3(0.847550000000,0.272400000000,0.152450000000),
double3(0.859050000000,0.183000000000,0.359050000000),
double3(0.858550000000,0.236550000000,0.358550000000),
double3(0.847550000000,0.227600000000,0.347550000000),
double3(0.640950000000,0.317000000000,0.359050000000),
double3(0.641450000000,0.263450000000,0.358550000000),
double3(0.652450000000,0.272400000000,0.347550000000),
double3(0.890950000000,0.183000000000,0.109050000000),
double3(0.891450000000,0.236550000000,0.108550000000),
double3(0.902450000000,0.227600000000,0.097550000000),
double3(0.890950000000,0.317000000000,0.390950000000),
double3(0.891450000000,0.263450000000,0.391450000000),
double3(0.902450000000,0.272400000000,0.402450000000),
double3(0.609050000000,0.183000000000,0.390950000000),
double3(0.608550000000,0.236550000000,0.391450000000),
double3(0.597550000000,0.227600000000,0.402450000000),
double3(0.609050000000,0.317000000000,0.109050000000),
double3(0.608550000000,0.263450000000,0.108550000000),
double3(0.597550000000,0.272400000000,0.097550000000),
double3(0.817000000000,0.140950000000,0.359050000000),
double3(0.805650000000,0.125000000000,0.375000000000),
double3(0.776900000000,0.125000000000,0.375000000000),
double3(0.763450000000,0.141450000000,0.358550000000),
double3(0.772400000000,0.152450000000,0.347550000000),
double3(0.683000000000,0.359050000000,0.359050000000),
double3(0.694350000000,0.375000000000,0.375000000000),
double3(0.723100000000,0.375000000000,0.375000000000),
double3(0.736550000000,0.358550000000,0.358550000000),
double3(0.727600000000,0.347550000000,0.347550000000),
double3(0.817000000000,0.359050000000,0.140950000000),
double3(0.805650000000,0.375000000000,0.125000000000),
double3(0.776900000000,0.375000000000,0.125000000000),
double3(0.763450000000,0.358550000000,0.141450000000),
double3(0.772400000000,0.347550000000,0.152450000000),
double3(0.683000000000,0.140950000000,0.140950000000),
double3(0.694350000000,0.125000000000,0.125000000000),
double3(0.723100000000,0.125000000000,0.125000000000),
double3(0.736550000000,0.141450000000,0.141450000000),
double3(0.727600000000,0.152450000000,0.152450000000),
double3(0.817000000000,0.109050000000,0.109050000000),
double3(0.805650000000,0.125000000000,0.125000000000),
double3(0.776900000000,0.125000000000,0.125000000000),
double3(0.763450000000,0.108550000000,0.108550000000),
double3(0.772400000000,0.097550000000,0.097550000000),
double3(0.683000000000,0.390950000000,0.109050000000),
double3(0.694350000000,0.375000000000,0.125000000000),
double3(0.723100000000,0.375000000000,0.125000000000),
double3(0.736550000000,0.391450000000,0.108550000000),
double3(0.727600000000,0.402450000000,0.097550000000),
double3(0.817000000000,0.390950000000,0.390950000000),
double3(0.805650000000,0.375000000000,0.375000000000),
double3(0.776900000000,0.375000000000,0.375000000000),
double3(0.763450000000,0.391450000000,0.391450000000),
double3(0.772400000000,0.402450000000,0.402450000000),
double3(0.683000000000,0.109050000000,0.390950000000),
double3(0.694350000000,0.125000000000,0.375000000000),
double3(0.723100000000,0.125000000000,0.375000000000),
double3(0.736550000000,0.108550000000,0.391450000000),
double3(0.727600000000,0.097550000000,0.402450000000),
double3(0.683000000000,0.359050000000,0.140950000000),
double3(0.736550000000,0.358550000000,0.141450000000),
double3(0.727600000000,0.347550000000,0.152450000000),
double3(0.817000000000,0.140950000000,0.140950000000),
double3(0.763450000000,0.141450000000,0.141450000000),
double3(0.772400000000,0.152450000000,0.152450000000),
double3(0.683000000000,0.140950000000,0.359050000000),
double3(0.736550000000,0.141450000000,0.358550000000),
double3(0.727600000000,0.152450000000,0.347550000000),
double3(0.817000000000,0.359050000000,0.359050000000),
double3(0.763450000000,0.358550000000,0.358550000000),
double3(0.772400000000,0.347550000000,0.347550000000),
double3(0.683000000000,0.390950000000,0.390950000000),
double3(0.736550000000,0.391450000000,0.391450000000),
double3(0.727600000000,0.402450000000,0.402450000000),
double3(0.817000000000,0.109050000000,0.390950000000),
double3(0.763450000000,0.108550000000,0.391450000000),
double3(0.772400000000,0.097550000000,0.402450000000),
double3(0.683000000000,0.109050000000,0.109050000000),
double3(0.736550000000,0.108550000000,0.108550000000),
double3(0.727600000000,0.097550000000,0.097550000000),
double3(0.817000000000,0.390950000000,0.109050000000),
double3(0.763450000000,0.391450000000,0.108550000000),
double3(0.772400000000,0.402450000000,0.097550000000),
double3(0.646700000000,0.103300000000,0.603300000000),
double3(0.625000000000,0.125000000000,0.625000000000),
double3(0.640950000000,0.109050000000,0.567000000000),
double3(0.625000000000,0.125000000000,0.555650000000),
double3(0.625000000000,0.125000000000,0.526900000000),
double3(0.641450000000,0.108550000000,0.513450000000),
double3(0.652450000000,0.097550000000,0.522400000000),
double3(0.896700000000,0.146700000000,0.603300000000),
double3(0.875000000000,0.125000000000,0.625000000000),
double3(0.890950000000,0.140950000000,0.567000000000),
double3(0.875000000000,0.125000000000,0.555650000000),
double3(0.875000000000,0.125000000000,0.526900000000),
double3(0.891450000000,0.141450000000,0.513450000000),
double3(0.902450000000,0.152450000000,0.522400000000),
double3(0.853300000000,0.396700000000,0.603300000000),
double3(0.875000000000,0.375000000000,0.625000000000),
double3(0.859050000000,0.390950000000,0.567000000000),
double3(0.875000000000,0.375000000000,0.555650000000),
double3(0.875000000000,0.375000000000,0.526900000000),
double3(0.858550000000,0.391450000000,0.513450000000),
double3(0.847550000000,0.402450000000,0.522400000000),
double3(0.603300000000,0.353300000000,0.603300000000),
double3(0.625000000000,0.375000000000,0.625000000000),
double3(0.609050000000,0.359050000000,0.567000000000),
double3(0.625000000000,0.375000000000,0.555650000000),
double3(0.625000000000,0.375000000000,0.526900000000),
double3(0.608550000000,0.358550000000,0.513450000000),
double3(0.597550000000,0.347550000000,0.522400000000),
double3(0.646700000000,0.396700000000,0.896700000000),
double3(0.625000000000,0.375000000000,0.875000000000),
double3(0.640950000000,0.390950000000,0.933000000000),
double3(0.625000000000,0.375000000000,0.944350000000),
double3(0.625000000000,0.375000000000,0.973100000000),
double3(0.641450000000,0.391450000000,0.986550000000),
double3(0.652450000000,0.402450000000,0.977600000000),
double3(0.603300000000,0.146700000000,0.896700000000),
double3(0.625000000000,0.125000000000,0.875000000000),
double3(0.609050000000,0.140950000000,0.933000000000),
double3(0.625000000000,0.125000000000,0.944350000000),
double3(0.625000000000,0.125000000000,0.973100000000),
double3(0.608550000000,0.141450000000,0.986550000000),
double3(0.597550000000,0.152450000000,0.977600000000),
double3(0.853300000000,0.103300000000,0.896700000000),
double3(0.875000000000,0.125000000000,0.875000000000),
double3(0.859050000000,0.109050000000,0.933000000000),
double3(0.875000000000,0.125000000000,0.944350000000),
double3(0.875000000000,0.125000000000,0.973100000000),
double3(0.858550000000,0.108550000000,0.986550000000),
double3(0.847550000000,0.097550000000,0.977600000000),
double3(0.896700000000,0.353300000000,0.896700000000),
double3(0.875000000000,0.375000000000,0.875000000000),
double3(0.890950000000,0.359050000000,0.933000000000),
double3(0.875000000000,0.375000000000,0.944350000000),
double3(0.875000000000,0.375000000000,0.973100000000),
double3(0.891450000000,0.358550000000,0.986550000000),
double3(0.902450000000,0.347550000000,0.977600000000),
double3(0.603300000000,0.146700000000,0.603300000000),
double3(0.567000000000,0.140950000000,0.609050000000),
double3(0.555650000000,0.125000000000,0.625000000000),
double3(0.526900000000,0.125000000000,0.625000000000),
double3(0.513450000000,0.141450000000,0.608550000000),
double3(0.522400000000,0.152450000000,0.597550000000),
double3(0.853300000000,0.103300000000,0.603300000000),
double3(0.859050000000,0.067000000000,0.609050000000),
double3(0.875000000000,0.055650000000,0.625000000000),
double3(0.875000000000,0.026900000000,0.625000000000),
double3(0.858550000000,0.013450000000,0.608550000000),
double3(0.847550000000,0.022400000000,0.597550000000),
double3(0.896700000000,0.353300000000,0.603300000000),
double3(0.933000000000,0.359050000000,0.609050000000),
double3(0.944350000000,0.375000000000,0.625000000000),
double3(0.973100000000,0.375000000000,0.625000000000),
double3(0.986550000000,0.358550000000,0.608550000000),
double3(0.977600000000,0.347550000000,0.597550000000),
double3(0.646700000000,0.396700000000,0.603300000000),
double3(0.640950000000,0.433000000000,0.609050000000),
double3(0.625000000000,0.444350000000,0.625000000000),
double3(0.625000000000,0.473100000000,0.625000000000),
double3(0.641450000000,0.486550000000,0.608550000000),
double3(0.652450000000,0.477600000000,0.597550000000),
double3(0.603300000000,0.353300000000,0.896700000000),
double3(0.567000000000,0.359050000000,0.890950000000),
double3(0.555650000000,0.375000000000,0.875000000000),
double3(0.526900000000,0.375000000000,0.875000000000),
double3(0.513450000000,0.358550000000,0.891450000000),
double3(0.522400000000,0.347550000000,0.902450000000),
double3(0.646700000000,0.103300000000,0.896700000000),
double3(0.640950000000,0.067000000000,0.890950000000),
double3(0.625000000000,0.055650000000,0.875000000000),
double3(0.625000000000,0.026900000000,0.875000000000),
double3(0.641450000000,0.013450000000,0.891450000000),
double3(0.652450000000,0.022400000000,0.902450000000),
double3(0.896700000000,0.146700000000,0.896700000000),
double3(0.933000000000,0.140950000000,0.890950000000),
double3(0.944350000000,0.125000000000,0.875000000000),
double3(0.973100000000,0.125000000000,0.875000000000),
double3(0.986550000000,0.141450000000,0.891450000000),
double3(0.977600000000,0.152450000000,0.902450000000),
double3(0.853300000000,0.396700000000,0.896700000000),
double3(0.859050000000,0.433000000000,0.890950000000),
double3(0.875000000000,0.444350000000,0.875000000000),
double3(0.875000000000,0.473100000000,0.875000000000),
double3(0.858550000000,0.486550000000,0.891450000000),
double3(0.847550000000,0.477600000000,0.902450000000),
double3(0.603300000000,0.103300000000,0.646700000000),
double3(0.609050000000,0.067000000000,0.640950000000),
double3(0.625000000000,0.055650000000,0.625000000000),
double3(0.625000000000,0.026900000000,0.625000000000),
double3(0.608550000000,0.013450000000,0.641450000000),
double3(0.597550000000,0.022400000000,0.652450000000),
double3(0.603300000000,0.396700000000,0.853300000000),
double3(0.609050000000,0.433000000000,0.859050000000),
double3(0.625000000000,0.444350000000,0.875000000000),
double3(0.625000000000,0.473100000000,0.875000000000),
double3(0.608550000000,0.486550000000,0.858550000000),
double3(0.597550000000,0.477600000000,0.847550000000),
double3(0.603300000000,0.103300000000,0.853300000000),
double3(0.567000000000,0.109050000000,0.859050000000),
double3(0.555650000000,0.125000000000,0.875000000000),
double3(0.526900000000,0.125000000000,0.875000000000),
double3(0.513450000000,0.108550000000,0.858550000000),
double3(0.522400000000,0.097550000000,0.847550000000),
double3(0.896700000000,0.103300000000,0.853300000000),
double3(0.890950000000,0.067000000000,0.859050000000),
double3(0.875000000000,0.055650000000,0.875000000000),
double3(0.875000000000,0.026900000000,0.875000000000),
double3(0.891450000000,0.013450000000,0.858550000000),
double3(0.902450000000,0.022400000000,0.847550000000),
double3(0.896700000000,0.396700000000,0.853300000000),
double3(0.933000000000,0.390950000000,0.859050000000),
double3(0.944350000000,0.375000000000,0.875000000000),
double3(0.973100000000,0.375000000000,0.875000000000),
double3(0.986550000000,0.391450000000,0.858550000000),
double3(0.977600000000,0.402450000000,0.847550000000),
double3(0.896700000000,0.396700000000,0.646700000000),
double3(0.890950000000,0.433000000000,0.640950000000),
double3(0.875000000000,0.444350000000,0.625000000000),
double3(0.875000000000,0.473100000000,0.625000000000),
double3(0.891450000000,0.486550000000,0.641450000000),
double3(0.902450000000,0.477600000000,0.652450000000),
double3(0.603300000000,0.396700000000,0.646700000000),
double3(0.567000000000,0.390950000000,0.640950000000),
double3(0.555650000000,0.375000000000,0.625000000000),
double3(0.526900000000,0.375000000000,0.625000000000),
double3(0.513450000000,0.391450000000,0.641450000000),
double3(0.522400000000,0.402450000000,0.652450000000),
double3(0.896700000000,0.103300000000,0.646700000000),
double3(0.933000000000,0.109050000000,0.640950000000),
double3(0.944350000000,0.125000000000,0.625000000000),
double3(0.973100000000,0.125000000000,0.625000000000),
double3(0.986550000000,0.108550000000,0.641450000000),
double3(0.977600000000,0.097550000000,0.652450000000),
double3(0.859050000000,0.390950000000,0.933000000000),
double3(0.858550000000,0.391450000000,0.986550000000),
double3(0.847550000000,0.402450000000,0.977600000000),
double3(0.609050000000,0.359050000000,0.933000000000),
double3(0.608550000000,0.358550000000,0.986550000000),
double3(0.597550000000,0.347550000000,0.977600000000),
double3(0.640950000000,0.109050000000,0.933000000000),
double3(0.641450000000,0.108550000000,0.986550000000),
double3(0.652450000000,0.097550000000,0.977600000000),
double3(0.890950000000,0.140950000000,0.933000000000),
double3(0.891450000000,0.141450000000,0.986550000000),
double3(0.902450000000,0.152450000000,0.977600000000),
double3(0.859050000000,0.109050000000,0.567000000000),
double3(0.858550000000,0.108550000000,0.513450000000),
double3(0.847550000000,0.097550000000,0.522400000000),
double3(0.890950000000,0.359050000000,0.567000000000),
double3(0.891450000000,0.358550000000,0.513450000000),
double3(0.902450000000,0.347550000000,0.522400000000),
double3(0.640950000000,0.390950000000,0.567000000000),
double3(0.641450000000,0.391450000000,0.513450000000),
double3(0.652450000000,0.402450000000,0.522400000000),
double3(0.609050000000,0.140950000000,0.567000000000),
double3(0.608550000000,0.141450000000,0.513450000000),
double3(0.597550000000,0.152450000000,0.522400000000),
double3(0.933000000000,0.359050000000,0.890950000000),
double3(0.986550000000,0.358550000000,0.891450000000),
double3(0.977600000000,0.347550000000,0.902450000000),
double3(0.640950000000,0.433000000000,0.890950000000),
double3(0.641450000000,0.486550000000,0.891450000000),
double3(0.652450000000,0.477600000000,0.902450000000),
double3(0.567000000000,0.140950000000,0.890950000000),
double3(0.513450000000,0.141450000000,0.891450000000),
double3(0.522400000000,0.152450000000,0.902450000000),
double3(0.859050000000,0.067000000000,0.890950000000),
double3(0.858550000000,0.013450000000,0.891450000000),
double3(0.847550000000,0.022400000000,0.902450000000),
double3(0.933000000000,0.140950000000,0.609050000000),
double3(0.986550000000,0.141450000000,0.608550000000),
double3(0.977600000000,0.152450000000,0.597550000000),
double3(0.859050000000,0.433000000000,0.609050000000),
double3(0.858550000000,0.486550000000,0.608550000000),
double3(0.847550000000,0.477600000000,0.597550000000),
double3(0.567000000000,0.359050000000,0.609050000000),
double3(0.513450000000,0.358550000000,0.608550000000),
double3(0.522400000000,0.347550000000,0.597550000000),
double3(0.640950000000,0.067000000000,0.609050000000),
double3(0.641450000000,0.013450000000,0.608550000000),
double3(0.652450000000,0.022400000000,0.597550000000),
double3(0.890950000000,0.433000000000,0.859050000000),
double3(0.891450000000,0.486550000000,0.858550000000),
double3(0.902450000000,0.477600000000,0.847550000000),
double3(0.890950000000,0.067000000000,0.640950000000),
double3(0.891450000000,0.013450000000,0.641450000000),
double3(0.902450000000,0.022400000000,0.652450000000),
double3(0.933000000000,0.390950000000,0.640950000000),
double3(0.986550000000,0.391450000000,0.641450000000),
double3(0.977600000000,0.402450000000,0.652450000000),
double3(0.609050000000,0.433000000000,0.640950000000),
double3(0.608550000000,0.486550000000,0.641450000000),
double3(0.597550000000,0.477600000000,0.652450000000),
double3(0.567000000000,0.109050000000,0.640950000000),
double3(0.513450000000,0.108550000000,0.641450000000),
double3(0.522400000000,0.097550000000,0.652450000000),
double3(0.609050000000,0.067000000000,0.859050000000),
double3(0.608550000000,0.013450000000,0.858550000000),
double3(0.597550000000,0.022400000000,0.847550000000),
double3(0.933000000000,0.109050000000,0.859050000000),
double3(0.986550000000,0.108550000000,0.858550000000),
double3(0.977600000000,0.097550000000,0.847550000000),
double3(0.567000000000,0.390950000000,0.859050000000),
double3(0.513450000000,0.391450000000,0.858550000000),
double3(0.522400000000,0.402450000000,0.847550000000),
double3(0.646700000000,0.353300000000,0.853300000000),
double3(0.640950000000,0.359050000000,0.817000000000),
double3(0.625000000000,0.375000000000,0.805650000000),
double3(0.625000000000,0.375000000000,0.776900000000),
double3(0.641450000000,0.358550000000,0.763450000000),
double3(0.652450000000,0.347550000000,0.772400000000),
double3(0.890950000000,0.390950000000,0.817000000000),
double3(0.875000000000,0.375000000000,0.805650000000),
double3(0.875000000000,0.375000000000,0.776900000000),
double3(0.891450000000,0.391450000000,0.763450000000),
double3(0.902450000000,0.402450000000,0.772400000000),
double3(0.853300000000,0.146700000000,0.853300000000),
double3(0.859050000000,0.140950000000,0.817000000000),
double3(0.875000000000,0.125000000000,0.805650000000),
double3(0.875000000000,0.125000000000,0.776900000000),
double3(0.858550000000,0.141450000000,0.763450000000),
double3(0.847550000000,0.152450000000,0.772400000000),
double3(0.609050000000,0.109050000000,0.817000000000),
double3(0.625000000000,0.125000000000,0.805650000000),
double3(0.625000000000,0.125000000000,0.776900000000),
double3(0.608550000000,0.108550000000,0.763450000000),
double3(0.597550000000,0.097550000000,0.772400000000),
double3(0.646700000000,0.146700000000,0.646700000000),
double3(0.640950000000,0.140950000000,0.683000000000),
double3(0.625000000000,0.125000000000,0.694350000000),
double3(0.625000000000,0.125000000000,0.723100000000),
double3(0.641450000000,0.141450000000,0.736550000000),
double3(0.652450000000,0.152450000000,0.727600000000),
double3(0.609050000000,0.390950000000,0.683000000000),
double3(0.625000000000,0.375000000000,0.694350000000),
double3(0.625000000000,0.375000000000,0.723100000000),
double3(0.608550000000,0.391450000000,0.736550000000),
double3(0.597550000000,0.402450000000,0.727600000000),
double3(0.853300000000,0.353300000000,0.646700000000),
double3(0.859050000000,0.359050000000,0.683000000000),
double3(0.875000000000,0.375000000000,0.694350000000),
double3(0.875000000000,0.375000000000,0.723100000000),
double3(0.858550000000,0.358550000000,0.736550000000),
double3(0.847550000000,0.347550000000,0.727600000000),
double3(0.890950000000,0.109050000000,0.683000000000),
double3(0.875000000000,0.125000000000,0.694350000000),
double3(0.875000000000,0.125000000000,0.723100000000),
double3(0.891450000000,0.108550000000,0.736550000000),
double3(0.902450000000,0.097550000000,0.727600000000),
double3(0.853300000000,0.353300000000,0.853300000000),
double3(0.859050000000,0.317000000000,0.859050000000),
double3(0.875000000000,0.305650000000,0.875000000000),
double3(0.875000000000,0.276900000000,0.875000000000),
double3(0.858550000000,0.263450000000,0.858550000000),
double3(0.847550000000,0.272400000000,0.847550000000),
double3(0.646700000000,0.146700000000,0.853300000000),
double3(0.640950000000,0.183000000000,0.859050000000),
double3(0.625000000000,0.194350000000,0.875000000000),
double3(0.625000000000,0.223100000000,0.875000000000),
double3(0.641450000000,0.236550000000,0.858550000000),
double3(0.652450000000,0.227600000000,0.847550000000),
double3(0.646700000000,0.353300000000,0.646700000000),
double3(0.640950000000,0.317000000000,0.640950000000),
double3(0.625000000000,0.305650000000,0.625000000000),
double3(0.625000000000,0.276900000000,0.625000000000),
double3(0.641450000000,0.263450000000,0.641450000000),
double3(0.652450000000,0.272400000000,0.652450000000),
double3(0.853300000000,0.146700000000,0.646700000000),
double3(0.859050000000,0.183000000000,0.640950000000),
double3(0.875000000000,0.194350000000,0.625000000000),
double3(0.875000000000,0.223100000000,0.625000000000),
double3(0.858550000000,0.236550000000,0.641450000000),
double3(0.847550000000,0.227600000000,0.652450000000),
double3(0.609050000000,0.317000000000,0.890950000000),
double3(0.625000000000,0.305650000000,0.875000000000),
double3(0.625000000000,0.276900000000,0.875000000000),
double3(0.608550000000,0.263450000000,0.891450000000),
double3(0.597550000000,0.272400000000,0.902450000000),
double3(0.609050000000,0.183000000000,0.609050000000),
double3(0.625000000000,0.194350000000,0.625000000000),
double3(0.625000000000,0.223100000000,0.625000000000),
double3(0.608550000000,0.236550000000,0.608550000000),
double3(0.597550000000,0.227600000000,0.597550000000),
double3(0.890950000000,0.317000000000,0.609050000000),
double3(0.875000000000,0.305650000000,0.625000000000),
double3(0.875000000000,0.276900000000,0.625000000000),
double3(0.891450000000,0.263450000000,0.608550000000),
double3(0.902450000000,0.272400000000,0.597550000000),
double3(0.890950000000,0.183000000000,0.890950000000),
double3(0.875000000000,0.194350000000,0.875000000000),
double3(0.875000000000,0.223100000000,0.875000000000),
double3(0.891450000000,0.236550000000,0.891450000000),
double3(0.902450000000,0.227600000000,0.902450000000),
double3(0.859050000000,0.140950000000,0.683000000000),
double3(0.858550000000,0.141450000000,0.736550000000),
double3(0.847550000000,0.152450000000,0.727600000000),
double3(0.609050000000,0.109050000000,0.683000000000),
double3(0.608550000000,0.108550000000,0.736550000000),
double3(0.597550000000,0.097550000000,0.727600000000),
double3(0.640950000000,0.359050000000,0.683000000000),
double3(0.641450000000,0.358550000000,0.736550000000),
double3(0.652450000000,0.347550000000,0.727600000000),
double3(0.890950000000,0.390950000000,0.683000000000),
double3(0.891450000000,0.391450000000,0.736550000000),
double3(0.902450000000,0.402450000000,0.727600000000),
double3(0.859050000000,0.359050000000,0.817000000000),
double3(0.858550000000,0.358550000000,0.763450000000),
double3(0.847550000000,0.347550000000,0.772400000000),
double3(0.890950000000,0.109050000000,0.817000000000),
double3(0.891450000000,0.108550000000,0.763450000000),
double3(0.902450000000,0.097550000000,0.772400000000),
double3(0.640950000000,0.140950000000,0.817000000000),
double3(0.641450000000,0.141450000000,0.763450000000),
double3(0.652450000000,0.152450000000,0.772400000000),
double3(0.609050000000,0.390950000000,0.817000000000),
double3(0.608550000000,0.391450000000,0.763450000000),
double3(0.597550000000,0.402450000000,0.772400000000),
double3(0.640950000000,0.183000000000,0.640950000000),
double3(0.641450000000,0.236550000000,0.641450000000),
double3(0.652450000000,0.227600000000,0.652450000000),
double3(0.859050000000,0.317000000000,0.640950000000),
double3(0.858550000000,0.263450000000,0.641450000000),
double3(0.847550000000,0.272400000000,0.652450000000),
double3(0.859050000000,0.183000000000,0.859050000000),
double3(0.858550000000,0.236550000000,0.858550000000),
double3(0.847550000000,0.227600000000,0.847550000000),
double3(0.640950000000,0.317000000000,0.859050000000),
double3(0.641450000000,0.263450000000,0.858550000000),
double3(0.652450000000,0.272400000000,0.847550000000),
double3(0.890950000000,0.183000000000,0.609050000000),
double3(0.891450000000,0.236550000000,0.608550000000),
double3(0.902450000000,0.227600000000,0.597550000000),
double3(0.890950000000,0.317000000000,0.890950000000),
double3(0.891450000000,0.263450000000,0.891450000000),
double3(0.902450000000,0.272400000000,0.902450000000),
double3(0.609050000000,0.183000000000,0.890950000000),
double3(0.608550000000,0.236550000000,0.891450000000),
double3(0.597550000000,0.227600000000,0.902450000000),
double3(0.609050000000,0.317000000000,0.609050000000),
double3(0.608550000000,0.263450000000,0.608550000000),
double3(0.597550000000,0.272400000000,0.597550000000),
double3(0.817000000000,0.140950000000,0.859050000000),
double3(0.805650000000,0.125000000000,0.875000000000),
double3(0.776900000000,0.125000000000,0.875000000000),
double3(0.763450000000,0.141450000000,0.858550000000),
double3(0.772400000000,0.152450000000,0.847550000000),
double3(0.683000000000,0.359050000000,0.859050000000),
double3(0.694350000000,0.375000000000,0.875000000000),
double3(0.723100000000,0.375000000000,0.875000000000),
double3(0.736550000000,0.358550000000,0.858550000000),
double3(0.727600000000,0.347550000000,0.847550000000),
double3(0.817000000000,0.359050000000,0.640950000000),
double3(0.805650000000,0.375000000000,0.625000000000),
double3(0.776900000000,0.375000000000,0.625000000000),
double3(0.763450000000,0.358550000000,0.641450000000),
double3(0.772400000000,0.347550000000,0.652450000000),
double3(0.683000000000,0.140950000000,0.640950000000),
double3(0.694350000000,0.125000000000,0.625000000000),
double3(0.723100000000,0.125000000000,0.625000000000),
double3(0.736550000000,0.141450000000,0.641450000000),
double3(0.727600000000,0.152450000000,0.652450000000),
double3(0.817000000000,0.109050000000,0.609050000000),
double3(0.805650000000,0.125000000000,0.625000000000),
double3(0.776900000000,0.125000000000,0.625000000000),
double3(0.763450000000,0.108550000000,0.608550000000),
double3(0.772400000000,0.097550000000,0.597550000000),
double3(0.683000000000,0.390950000000,0.609050000000),
double3(0.694350000000,0.375000000000,0.625000000000),
double3(0.723100000000,0.375000000000,0.625000000000),
double3(0.736550000000,0.391450000000,0.608550000000),
double3(0.727600000000,0.402450000000,0.597550000000),
double3(0.817000000000,0.390950000000,0.890950000000),
double3(0.805650000000,0.375000000000,0.875000000000),
double3(0.776900000000,0.375000000000,0.875000000000),
double3(0.763450000000,0.391450000000,0.891450000000),
double3(0.772400000000,0.402450000000,0.902450000000),
double3(0.683000000000,0.109050000000,0.890950000000),
double3(0.694350000000,0.125000000000,0.875000000000),
double3(0.723100000000,0.125000000000,0.875000000000),
double3(0.736550000000,0.108550000000,0.891450000000),
double3(0.727600000000,0.097550000000,0.902450000000),
double3(0.683000000000,0.359050000000,0.640950000000),
double3(0.736550000000,0.358550000000,0.641450000000),
double3(0.727600000000,0.347550000000,0.652450000000),
double3(0.817000000000,0.140950000000,0.640950000000),
double3(0.763450000000,0.141450000000,0.641450000000),
double3(0.772400000000,0.152450000000,0.652450000000),
double3(0.683000000000,0.140950000000,0.859050000000),
double3(0.736550000000,0.141450000000,0.858550000000),
double3(0.727600000000,0.152450000000,0.847550000000),
double3(0.817000000000,0.359050000000,0.859050000000),
double3(0.763450000000,0.358550000000,0.858550000000),
double3(0.772400000000,0.347550000000,0.847550000000),
double3(0.683000000000,0.390950000000,0.890950000000),
double3(0.736550000000,0.391450000000,0.891450000000),
double3(0.727600000000,0.402450000000,0.902450000000),
double3(0.817000000000,0.109050000000,0.890950000000),
double3(0.763450000000,0.108550000000,0.891450000000),
double3(0.772400000000,0.097550000000,0.902450000000),
double3(0.683000000000,0.109050000000,0.609050000000),
double3(0.736550000000,0.108550000000,0.608550000000),
double3(0.727600000000,0.097550000000,0.597550000000),
double3(0.817000000000,0.390950000000,0.609050000000),
double3(0.763450000000,0.391450000000,0.608550000000),
double3(0.772400000000,0.402450000000,0.597550000000),
double3(0.646700000000,0.603300000000,0.103300000000),
double3(0.625000000000,0.625000000000,0.125000000000),
double3(0.640950000000,0.609050000000,0.067000000000),
double3(0.625000000000,0.625000000000,0.055650000000),
double3(0.625000000000,0.625000000000,0.026900000000),
double3(0.641450000000,0.608550000000,0.013450000000),
double3(0.652450000000,0.597550000000,0.022400000000),
double3(0.896700000000,0.646700000000,0.103300000000),
double3(0.875000000000,0.625000000000,0.125000000000),
double3(0.890950000000,0.640950000000,0.067000000000),
double3(0.875000000000,0.625000000000,0.055650000000),
double3(0.875000000000,0.625000000000,0.026900000000),
double3(0.891450000000,0.641450000000,0.013450000000),
double3(0.902450000000,0.652450000000,0.022400000000),
double3(0.853300000000,0.896700000000,0.103300000000),
double3(0.875000000000,0.875000000000,0.125000000000),
double3(0.859050000000,0.890950000000,0.067000000000),
double3(0.875000000000,0.875000000000,0.055650000000),
double3(0.875000000000,0.875000000000,0.026900000000),
double3(0.858550000000,0.891450000000,0.013450000000),
double3(0.847550000000,0.902450000000,0.022400000000),
double3(0.603300000000,0.853300000000,0.103300000000),
double3(0.625000000000,0.875000000000,0.125000000000),
double3(0.609050000000,0.859050000000,0.067000000000),
double3(0.625000000000,0.875000000000,0.055650000000),
double3(0.625000000000,0.875000000000,0.026900000000),
double3(0.608550000000,0.858550000000,0.013450000000),
double3(0.597550000000,0.847550000000,0.022400000000),
double3(0.646700000000,0.896700000000,0.396700000000),
double3(0.625000000000,0.875000000000,0.375000000000),
double3(0.640950000000,0.890950000000,0.433000000000),
double3(0.625000000000,0.875000000000,0.444350000000),
double3(0.625000000000,0.875000000000,0.473100000000),
double3(0.641450000000,0.891450000000,0.486550000000),
double3(0.652450000000,0.902450000000,0.477600000000),
double3(0.603300000000,0.646700000000,0.396700000000),
double3(0.625000000000,0.625000000000,0.375000000000),
double3(0.609050000000,0.640950000000,0.433000000000),
double3(0.625000000000,0.625000000000,0.444350000000),
double3(0.625000000000,0.625000000000,0.473100000000),
double3(0.608550000000,0.641450000000,0.486550000000),
double3(0.597550000000,0.652450000000,0.477600000000),
double3(0.853300000000,0.603300000000,0.396700000000),
double3(0.875000000000,0.625000000000,0.375000000000),
double3(0.859050000000,0.609050000000,0.433000000000),
double3(0.875000000000,0.625000000000,0.444350000000),
double3(0.875000000000,0.625000000000,0.473100000000),
double3(0.858550000000,0.608550000000,0.486550000000),
double3(0.847550000000,0.597550000000,0.477600000000),
double3(0.896700000000,0.853300000000,0.396700000000),
double3(0.875000000000,0.875000000000,0.375000000000),
double3(0.890950000000,0.859050000000,0.433000000000),
double3(0.875000000000,0.875000000000,0.444350000000),
double3(0.875000000000,0.875000000000,0.473100000000),
double3(0.891450000000,0.858550000000,0.486550000000),
double3(0.902450000000,0.847550000000,0.477600000000),
double3(0.603300000000,0.646700000000,0.103300000000),
double3(0.567000000000,0.640950000000,0.109050000000),
double3(0.555650000000,0.625000000000,0.125000000000),
double3(0.526900000000,0.625000000000,0.125000000000),
double3(0.513450000000,0.641450000000,0.108550000000),
double3(0.522400000000,0.652450000000,0.097550000000),
double3(0.853300000000,0.603300000000,0.103300000000),
double3(0.859050000000,0.567000000000,0.109050000000),
double3(0.875000000000,0.555650000000,0.125000000000),
double3(0.875000000000,0.526900000000,0.125000000000),
double3(0.858550000000,0.513450000000,0.108550000000),
double3(0.847550000000,0.522400000000,0.097550000000),
double3(0.896700000000,0.853300000000,0.103300000000),
double3(0.933000000000,0.859050000000,0.109050000000),
double3(0.944350000000,0.875000000000,0.125000000000),
double3(0.973100000000,0.875000000000,0.125000000000),
double3(0.986550000000,0.858550000000,0.108550000000),
double3(0.977600000000,0.847550000000,0.097550000000),
double3(0.646700000000,0.896700000000,0.103300000000),
double3(0.640950000000,0.933000000000,0.109050000000),
double3(0.625000000000,0.944350000000,0.125000000000),
double3(0.625000000000,0.973100000000,0.125000000000),
double3(0.641450000000,0.986550000000,0.108550000000),
double3(0.652450000000,0.977600000000,0.097550000000),
double3(0.603300000000,0.853300000000,0.396700000000),
double3(0.567000000000,0.859050000000,0.390950000000),
double3(0.555650000000,0.875000000000,0.375000000000),
double3(0.526900000000,0.875000000000,0.375000000000),
double3(0.513450000000,0.858550000000,0.391450000000),
double3(0.522400000000,0.847550000000,0.402450000000),
double3(0.646700000000,0.603300000000,0.396700000000),
double3(0.640950000000,0.567000000000,0.390950000000),
double3(0.625000000000,0.555650000000,0.375000000000),
double3(0.625000000000,0.526900000000,0.375000000000),
double3(0.641450000000,0.513450000000,0.391450000000),
double3(0.652450000000,0.522400000000,0.402450000000),
double3(0.896700000000,0.646700000000,0.396700000000),
double3(0.933000000000,0.640950000000,0.390950000000),
double3(0.944350000000,0.625000000000,0.375000000000),
double3(0.973100000000,0.625000000000,0.375000000000),
double3(0.986550000000,0.641450000000,0.391450000000),
double3(0.977600000000,0.652450000000,0.402450000000),
double3(0.853300000000,0.896700000000,0.396700000000),
double3(0.859050000000,0.933000000000,0.390950000000),
double3(0.875000000000,0.944350000000,0.375000000000),
double3(0.875000000000,0.973100000000,0.375000000000),
double3(0.858550000000,0.986550000000,0.391450000000),
double3(0.847550000000,0.977600000000,0.402450000000),
double3(0.603300000000,0.603300000000,0.146700000000),
double3(0.609050000000,0.567000000000,0.140950000000),
double3(0.625000000000,0.555650000000,0.125000000000),
double3(0.625000000000,0.526900000000,0.125000000000),
double3(0.608550000000,0.513450000000,0.141450000000),
double3(0.597550000000,0.522400000000,0.152450000000),
double3(0.603300000000,0.896700000000,0.353300000000),
double3(0.609050000000,0.933000000000,0.359050000000),
double3(0.625000000000,0.944350000000,0.375000000000),
double3(0.625000000000,0.973100000000,0.375000000000),
double3(0.608550000000,0.986550000000,0.358550000000),
double3(0.597550000000,0.977600000000,0.347550000000),
double3(0.603300000000,0.603300000000,0.353300000000),
double3(0.567000000000,0.609050000000,0.359050000000),
double3(0.555650000000,0.625000000000,0.375000000000),
double3(0.526900000000,0.625000000000,0.375000000000),
double3(0.513450000000,0.608550000000,0.358550000000),
double3(0.522400000000,0.597550000000,0.347550000000),
double3(0.896700000000,0.603300000000,0.353300000000),
double3(0.890950000000,0.567000000000,0.359050000000),
double3(0.875000000000,0.555650000000,0.375000000000),
double3(0.875000000000,0.526900000000,0.375000000000),
double3(0.891450000000,0.513450000000,0.358550000000),
double3(0.902450000000,0.522400000000,0.347550000000),
double3(0.896700000000,0.896700000000,0.353300000000),
double3(0.933000000000,0.890950000000,0.359050000000),
double3(0.944350000000,0.875000000000,0.375000000000),
double3(0.973100000000,0.875000000000,0.375000000000),
double3(0.986550000000,0.891450000000,0.358550000000),
double3(0.977600000000,0.902450000000,0.347550000000),
double3(0.896700000000,0.896700000000,0.146700000000),
double3(0.890950000000,0.933000000000,0.140950000000),
double3(0.875000000000,0.944350000000,0.125000000000),
double3(0.875000000000,0.973100000000,0.125000000000),
double3(0.891450000000,0.986550000000,0.141450000000),
double3(0.902450000000,0.977600000000,0.152450000000),
double3(0.603300000000,0.896700000000,0.146700000000),
double3(0.567000000000,0.890950000000,0.140950000000),
double3(0.555650000000,0.875000000000,0.125000000000),
double3(0.526900000000,0.875000000000,0.125000000000),
double3(0.513450000000,0.891450000000,0.141450000000),
double3(0.522400000000,0.902450000000,0.152450000000),
double3(0.896700000000,0.603300000000,0.146700000000),
double3(0.933000000000,0.609050000000,0.140950000000),
double3(0.944350000000,0.625000000000,0.125000000000),
double3(0.973100000000,0.625000000000,0.125000000000),
double3(0.986550000000,0.608550000000,0.141450000000),
double3(0.977600000000,0.597550000000,0.152450000000),
double3(0.859050000000,0.890950000000,0.433000000000),
double3(0.858550000000,0.891450000000,0.486550000000),
double3(0.847550000000,0.902450000000,0.477600000000),
double3(0.609050000000,0.859050000000,0.433000000000),
double3(0.608550000000,0.858550000000,0.486550000000),
double3(0.597550000000,0.847550000000,0.477600000000),
double3(0.640950000000,0.609050000000,0.433000000000),
double3(0.641450000000,0.608550000000,0.486550000000),
double3(0.652450000000,0.597550000000,0.477600000000),
double3(0.890950000000,0.640950000000,0.433000000000),
double3(0.891450000000,0.641450000000,0.486550000000),
double3(0.902450000000,0.652450000000,0.477600000000),
double3(0.859050000000,0.609050000000,0.067000000000),
double3(0.858550000000,0.608550000000,0.013450000000),
double3(0.847550000000,0.597550000000,0.022400000000),
double3(0.890950000000,0.859050000000,0.067000000000),
double3(0.891450000000,0.858550000000,0.013450000000),
double3(0.902450000000,0.847550000000,0.022400000000),
double3(0.640950000000,0.890950000000,0.067000000000),
double3(0.641450000000,0.891450000000,0.013450000000),
double3(0.652450000000,0.902450000000,0.022400000000),
double3(0.609050000000,0.640950000000,0.067000000000),
double3(0.608550000000,0.641450000000,0.013450000000),
double3(0.597550000000,0.652450000000,0.022400000000),
double3(0.933000000000,0.859050000000,0.390950000000),
double3(0.986550000000,0.858550000000,0.391450000000),
double3(0.977600000000,0.847550000000,0.402450000000),
double3(0.640950000000,0.933000000000,0.390950000000),
double3(0.641450000000,0.986550000000,0.391450000000),
double3(0.652450000000,0.977600000000,0.402450000000),
double3(0.567000000000,0.640950000000,0.390950000000),
double3(0.513450000000,0.641450000000,0.391450000000),
double3(0.522400000000,0.652450000000,0.402450000000),
double3(0.859050000000,0.567000000000,0.390950000000),
double3(0.858550000000,0.513450000000,0.391450000000),
double3(0.847550000000,0.522400000000,0.402450000000),
double3(0.933000000000,0.640950000000,0.109050000000),
double3(0.986550000000,0.641450000000,0.108550000000),
double3(0.977600000000,0.652450000000,0.097550000000),
double3(0.859050000000,0.933000000000,0.109050000000),
double3(0.858550000000,0.986550000000,0.108550000000),
double3(0.847550000000,0.977600000000,0.097550000000),
double3(0.567000000000,0.859050000000,0.109050000000),
double3(0.513450000000,0.858550000000,0.108550000000),
double3(0.522400000000,0.847550000000,0.097550000000),
double3(0.640950000000,0.567000000000,0.109050000000),
double3(0.641450000000,0.513450000000,0.108550000000),
double3(0.652450000000,0.522400000000,0.097550000000),
double3(0.890950000000,0.933000000000,0.359050000000),
double3(0.891450000000,0.986550000000,0.358550000000),
double3(0.902450000000,0.977600000000,0.347550000000),
double3(0.890950000000,0.567000000000,0.140950000000),
double3(0.891450000000,0.513450000000,0.141450000000),
double3(0.902450000000,0.522400000000,0.152450000000),
double3(0.933000000000,0.890950000000,0.140950000000),
double3(0.986550000000,0.891450000000,0.141450000000),
double3(0.977600000000,0.902450000000,0.152450000000),
double3(0.609050000000,0.933000000000,0.140950000000),
double3(0.608550000000,0.986550000000,0.141450000000),
double3(0.597550000000,0.977600000000,0.152450000000),
double3(0.567000000000,0.609050000000,0.140950000000),
double3(0.513450000000,0.608550000000,0.141450000000),
double3(0.522400000000,0.597550000000,0.152450000000),
double3(0.609050000000,0.567000000000,0.359050000000),
double3(0.608550000000,0.513450000000,0.358550000000),
double3(0.597550000000,0.522400000000,0.347550000000),
double3(0.933000000000,0.609050000000,0.359050000000),
double3(0.986550000000,0.608550000000,0.358550000000),
double3(0.977600000000,0.597550000000,0.347550000000),
double3(0.567000000000,0.890950000000,0.359050000000),
double3(0.513450000000,0.891450000000,0.358550000000),
double3(0.522400000000,0.902450000000,0.347550000000),
double3(0.646700000000,0.853300000000,0.353300000000),
double3(0.640950000000,0.859050000000,0.317000000000),
double3(0.625000000000,0.875000000000,0.305650000000),
double3(0.625000000000,0.875000000000,0.276900000000),
double3(0.641450000000,0.858550000000,0.263450000000),
double3(0.652450000000,0.847550000000,0.272400000000),
double3(0.890950000000,0.890950000000,0.317000000000),
double3(0.875000000000,0.875000000000,0.305650000000),
double3(0.875000000000,0.875000000000,0.276900000000),
double3(0.891450000000,0.891450000000,0.263450000000),
double3(0.902450000000,0.902450000000,0.272400000000),
double3(0.853300000000,0.646700000000,0.353300000000),
double3(0.859050000000,0.640950000000,0.317000000000),
double3(0.875000000000,0.625000000000,0.305650000000),
double3(0.875000000000,0.625000000000,0.276900000000),
double3(0.858550000000,0.641450000000,0.263450000000),
double3(0.847550000000,0.652450000000,0.272400000000),
double3(0.609050000000,0.609050000000,0.317000000000),
double3(0.625000000000,0.625000000000,0.305650000000),
double3(0.625000000000,0.625000000000,0.276900000000),
double3(0.608550000000,0.608550000000,0.263450000000),
double3(0.597550000000,0.597550000000,0.272400000000),
double3(0.646700000000,0.646700000000,0.146700000000),
double3(0.640950000000,0.640950000000,0.183000000000),
double3(0.625000000000,0.625000000000,0.194350000000),
double3(0.625000000000,0.625000000000,0.223100000000),
double3(0.641450000000,0.641450000000,0.236550000000),
double3(0.652450000000,0.652450000000,0.227600000000),
double3(0.609050000000,0.890950000000,0.183000000000),
double3(0.625000000000,0.875000000000,0.194350000000),
double3(0.625000000000,0.875000000000,0.223100000000),
double3(0.608550000000,0.891450000000,0.236550000000),
double3(0.597550000000,0.902450000000,0.227600000000),
double3(0.853300000000,0.853300000000,0.146700000000),
double3(0.859050000000,0.859050000000,0.183000000000),
double3(0.875000000000,0.875000000000,0.194350000000),
double3(0.875000000000,0.875000000000,0.223100000000),
double3(0.858550000000,0.858550000000,0.236550000000),
double3(0.847550000000,0.847550000000,0.227600000000),
double3(0.890950000000,0.609050000000,0.183000000000),
double3(0.875000000000,0.625000000000,0.194350000000),
double3(0.875000000000,0.625000000000,0.223100000000),
double3(0.891450000000,0.608550000000,0.236550000000),
double3(0.902450000000,0.597550000000,0.227600000000),
double3(0.853300000000,0.853300000000,0.353300000000),
double3(0.859050000000,0.817000000000,0.359050000000),
double3(0.875000000000,0.805650000000,0.375000000000),
double3(0.875000000000,0.776900000000,0.375000000000),
double3(0.858550000000,0.763450000000,0.358550000000),
double3(0.847550000000,0.772400000000,0.347550000000),
double3(0.646700000000,0.646700000000,0.353300000000),
double3(0.640950000000,0.683000000000,0.359050000000),
double3(0.625000000000,0.694350000000,0.375000000000),
double3(0.625000000000,0.723100000000,0.375000000000),
double3(0.641450000000,0.736550000000,0.358550000000),
double3(0.652450000000,0.727600000000,0.347550000000),
double3(0.646700000000,0.853300000000,0.146700000000),
double3(0.640950000000,0.817000000000,0.140950000000),
double3(0.625000000000,0.805650000000,0.125000000000),
double3(0.625000000000,0.776900000000,0.125000000000),
double3(0.641450000000,0.763450000000,0.141450000000),
double3(0.652450000000,0.772400000000,0.152450000000),
double3(0.853300000000,0.646700000000,0.146700000000),
double3(0.859050000000,0.683000000000,0.140950000000),
double3(0.875000000000,0.694350000000,0.125000000000),
double3(0.875000000000,0.723100000000,0.125000000000),
double3(0.858550000000,0.736550000000,0.141450000000),
double3(0.847550000000,0.727600000000,0.152450000000),
double3(0.609050000000,0.817000000000,0.390950000000),
double3(0.625000000000,0.805650000000,0.375000000000),
double3(0.625000000000,0.776900000000,0.375000000000),
double3(0.608550000000,0.763450000000,0.391450000000),
double3(0.597550000000,0.772400000000,0.402450000000),
double3(0.609050000000,0.683000000000,0.109050000000),
double3(0.625000000000,0.694350000000,0.125000000000),
double3(0.625000000000,0.723100000000,0.125000000000),
double3(0.608550000000,0.736550000000,0.108550000000),
double3(0.597550000000,0.727600000000,0.097550000000),
double3(0.890950000000,0.817000000000,0.109050000000),
double3(0.875000000000,0.805650000000,0.125000000000),
double3(0.875000000000,0.776900000000,0.125000000000),
double3(0.891450000000,0.763450000000,0.108550000000),
double3(0.902450000000,0.772400000000,0.097550000000),
double3(0.890950000000,0.683000000000,0.390950000000),
double3(0.875000000000,0.694350000000,0.375000000000),
double3(0.875000000000,0.723100000000,0.375000000000),
double3(0.891450000000,0.736550000000,0.391450000000),
double3(0.902450000000,0.727600000000,0.402450000000),
double3(0.859050000000,0.640950000000,0.183000000000),
double3(0.858550000000,0.641450000000,0.236550000000),
double3(0.847550000000,0.652450000000,0.227600000000),
double3(0.609050000000,0.609050000000,0.183000000000),
double3(0.608550000000,0.608550000000,0.236550000000),
double3(0.597550000000,0.597550000000,0.227600000000),
double3(0.640950000000,0.859050000000,0.183000000000),
double3(0.641450000000,0.858550000000,0.236550000000),
double3(0.652450000000,0.847550000000,0.227600000000),
double3(0.890950000000,0.890950000000,0.183000000000),
double3(0.891450000000,0.891450000000,0.236550000000),
double3(0.902450000000,0.902450000000,0.227600000000),
double3(0.859050000000,0.859050000000,0.317000000000),
double3(0.858550000000,0.858550000000,0.263450000000),
double3(0.847550000000,0.847550000000,0.272400000000),
double3(0.890950000000,0.609050000000,0.317000000000),
double3(0.891450000000,0.608550000000,0.263450000000),
double3(0.902450000000,0.597550000000,0.272400000000),
double3(0.640950000000,0.640950000000,0.317000000000),
double3(0.641450000000,0.641450000000,0.263450000000),
double3(0.652450000000,0.652450000000,0.272400000000),
double3(0.609050000000,0.890950000000,0.317000000000),
double3(0.608550000000,0.891450000000,0.263450000000),
double3(0.597550000000,0.902450000000,0.272400000000),
double3(0.640950000000,0.683000000000,0.140950000000),
double3(0.641450000000,0.736550000000,0.141450000000),
double3(0.652450000000,0.727600000000,0.152450000000),
double3(0.859050000000,0.817000000000,0.140950000000),
double3(0.858550000000,0.763450000000,0.141450000000),
double3(0.847550000000,0.772400000000,0.152450000000),
double3(0.859050000000,0.683000000000,0.359050000000),
double3(0.858550000000,0.736550000000,0.358550000000),
double3(0.847550000000,0.727600000000,0.347550000000),
double3(0.640950000000,0.817000000000,0.359050000000),
double3(0.641450000000,0.763450000000,0.358550000000),
double3(0.652450000000,0.772400000000,0.347550000000),
double3(0.890950000000,0.683000000000,0.109050000000),
double3(0.891450000000,0.736550000000,0.108550000000),
double3(0.902450000000,0.727600000000,0.097550000000),
double3(0.890950000000,0.817000000000,0.390950000000),
double3(0.891450000000,0.763450000000,0.391450000000),
double3(0.902450000000,0.772400000000,0.402450000000),
double3(0.609050000000,0.683000000000,0.390950000000),
double3(0.608550000000,0.736550000000,0.391450000000),
double3(0.597550000000,0.727600000000,0.402450000000),
double3(0.609050000000,0.817000000000,0.109050000000),
double3(0.608550000000,0.763450000000,0.108550000000),
double3(0.597550000000,0.772400000000,0.097550000000),
double3(0.817000000000,0.640950000000,0.359050000000),
double3(0.805650000000,0.625000000000,0.375000000000),
double3(0.776900000000,0.625000000000,0.375000000000),
double3(0.763450000000,0.641450000000,0.358550000000),
double3(0.772400000000,0.652450000000,0.347550000000),
double3(0.683000000000,0.859050000000,0.359050000000),
double3(0.694350000000,0.875000000000,0.375000000000),
double3(0.723100000000,0.875000000000,0.375000000000),
double3(0.736550000000,0.858550000000,0.358550000000),
double3(0.727600000000,0.847550000000,0.347550000000),
double3(0.817000000000,0.859050000000,0.140950000000),
double3(0.805650000000,0.875000000000,0.125000000000),
double3(0.776900000000,0.875000000000,0.125000000000),
double3(0.763450000000,0.858550000000,0.141450000000),
double3(0.772400000000,0.847550000000,0.152450000000),
double3(0.683000000000,0.640950000000,0.140950000000),
double3(0.694350000000,0.625000000000,0.125000000000),
double3(0.723100000000,0.625000000000,0.125000000000),
double3(0.736550000000,0.641450000000,0.141450000000),
double3(0.727600000000,0.652450000000,0.152450000000),
double3(0.817000000000,0.609050000000,0.109050000000),
double3(0.805650000000,0.625000000000,0.125000000000),
double3(0.776900000000,0.625000000000,0.125000000000),
double3(0.763450000000,0.608550000000,0.108550000000),
double3(0.772400000000,0.597550000000,0.097550000000),
double3(0.683000000000,0.890950000000,0.109050000000),
double3(0.694350000000,0.875000000000,0.125000000000),
double3(0.723100000000,0.875000000000,0.125000000000),
double3(0.736550000000,0.891450000000,0.108550000000),
double3(0.727600000000,0.902450000000,0.097550000000),
double3(0.817000000000,0.890950000000,0.390950000000),
double3(0.805650000000,0.875000000000,0.375000000000),
double3(0.776900000000,0.875000000000,0.375000000000),
double3(0.763450000000,0.891450000000,0.391450000000),
double3(0.772400000000,0.902450000000,0.402450000000),
double3(0.683000000000,0.609050000000,0.390950000000),
double3(0.694350000000,0.625000000000,0.375000000000),
double3(0.723100000000,0.625000000000,0.375000000000),
double3(0.736550000000,0.608550000000,0.391450000000),
double3(0.727600000000,0.597550000000,0.402450000000),
double3(0.683000000000,0.859050000000,0.140950000000),
double3(0.736550000000,0.858550000000,0.141450000000),
double3(0.727600000000,0.847550000000,0.152450000000),
double3(0.817000000000,0.640950000000,0.140950000000),
double3(0.763450000000,0.641450000000,0.141450000000),
double3(0.772400000000,0.652450000000,0.152450000000),
double3(0.683000000000,0.640950000000,0.359050000000),
double3(0.736550000000,0.641450000000,0.358550000000),
double3(0.727600000000,0.652450000000,0.347550000000),
double3(0.817000000000,0.859050000000,0.359050000000),
double3(0.763450000000,0.858550000000,0.358550000000),
double3(0.772400000000,0.847550000000,0.347550000000),
double3(0.683000000000,0.890950000000,0.390950000000),
double3(0.736550000000,0.891450000000,0.391450000000),
double3(0.727600000000,0.902450000000,0.402450000000),
double3(0.817000000000,0.609050000000,0.390950000000),
double3(0.763450000000,0.608550000000,0.391450000000),
double3(0.772400000000,0.597550000000,0.402450000000),
double3(0.683000000000,0.609050000000,0.109050000000),
double3(0.736550000000,0.608550000000,0.108550000000),
double3(0.727600000000,0.597550000000,0.097550000000),
double3(0.817000000000,0.890950000000,0.109050000000),
double3(0.763450000000,0.891450000000,0.108550000000),
double3(0.772400000000,0.902450000000,0.097550000000),
double3(0.646700000000,0.603300000000,0.603300000000),
double3(0.625000000000,0.625000000000,0.625000000000),
double3(0.640950000000,0.609050000000,0.567000000000),
double3(0.625000000000,0.625000000000,0.555650000000),
double3(0.625000000000,0.625000000000,0.526900000000),
double3(0.641450000000,0.608550000000,0.513450000000),
double3(0.652450000000,0.597550000000,0.522400000000),
double3(0.896700000000,0.646700000000,0.603300000000),
double3(0.875000000000,0.625000000000,0.625000000000),
double3(0.890950000000,0.640950000000,0.567000000000),
double3(0.875000000000,0.625000000000,0.555650000000),
double3(0.875000000000,0.625000000000,0.526900000000),
double3(0.891450000000,0.641450000000,0.513450000000),
double3(0.902450000000,0.652450000000,0.522400000000),
double3(0.853300000000,0.896700000000,0.603300000000),
double3(0.875000000000,0.875000000000,0.625000000000),
double3(0.859050000000,0.890950000000,0.567000000000),
double3(0.875000000000,0.875000000000,0.555650000000),
double3(0.875000000000,0.875000000000,0.526900000000),
double3(0.858550000000,0.891450000000,0.513450000000),
double3(0.847550000000,0.902450000000,0.522400000000),
double3(0.603300000000,0.853300000000,0.603300000000),
double3(0.625000000000,0.875000000000,0.625000000000),
double3(0.609050000000,0.859050000000,0.567000000000),
double3(0.625000000000,0.875000000000,0.555650000000),
double3(0.625000000000,0.875000000000,0.526900000000),
double3(0.608550000000,0.858550000000,0.513450000000),
double3(0.597550000000,0.847550000000,0.522400000000),
double3(0.646700000000,0.896700000000,0.896700000000),
double3(0.625000000000,0.875000000000,0.875000000000),
double3(0.640950000000,0.890950000000,0.933000000000),
double3(0.625000000000,0.875000000000,0.944350000000),
double3(0.625000000000,0.875000000000,0.973100000000),
double3(0.641450000000,0.891450000000,0.986550000000),
double3(0.652450000000,0.902450000000,0.977600000000),
double3(0.603300000000,0.646700000000,0.896700000000),
double3(0.625000000000,0.625000000000,0.875000000000),
double3(0.609050000000,0.640950000000,0.933000000000),
double3(0.625000000000,0.625000000000,0.944350000000),
double3(0.625000000000,0.625000000000,0.973100000000),
double3(0.608550000000,0.641450000000,0.986550000000),
double3(0.597550000000,0.652450000000,0.977600000000),
double3(0.853300000000,0.603300000000,0.896700000000),
double3(0.875000000000,0.625000000000,0.875000000000),
double3(0.859050000000,0.609050000000,0.933000000000),
double3(0.875000000000,0.625000000000,0.944350000000),
double3(0.875000000000,0.625000000000,0.973100000000),
double3(0.858550000000,0.608550000000,0.986550000000),
double3(0.847550000000,0.597550000000,0.977600000000),
double3(0.896700000000,0.853300000000,0.896700000000),
double3(0.875000000000,0.875000000000,0.875000000000),
double3(0.890950000000,0.859050000000,0.933000000000),
double3(0.875000000000,0.875000000000,0.944350000000),
double3(0.875000000000,0.875000000000,0.973100000000),
double3(0.891450000000,0.858550000000,0.986550000000),
double3(0.902450000000,0.847550000000,0.977600000000),
double3(0.603300000000,0.646700000000,0.603300000000),
double3(0.567000000000,0.640950000000,0.609050000000),
double3(0.555650000000,0.625000000000,0.625000000000),
double3(0.526900000000,0.625000000000,0.625000000000),
double3(0.513450000000,0.641450000000,0.608550000000),
double3(0.522400000000,0.652450000000,0.597550000000),
double3(0.853300000000,0.603300000000,0.603300000000),
double3(0.859050000000,0.567000000000,0.609050000000),
double3(0.875000000000,0.555650000000,0.625000000000),
double3(0.875000000000,0.526900000000,0.625000000000),
double3(0.858550000000,0.513450000000,0.608550000000),
double3(0.847550000000,0.522400000000,0.597550000000),
double3(0.896700000000,0.853300000000,0.603300000000),
double3(0.933000000000,0.859050000000,0.609050000000),
double3(0.944350000000,0.875000000000,0.625000000000),
double3(0.973100000000,0.875000000000,0.625000000000),
double3(0.986550000000,0.858550000000,0.608550000000),
double3(0.977600000000,0.847550000000,0.597550000000),
double3(0.646700000000,0.896700000000,0.603300000000),
double3(0.640950000000,0.933000000000,0.609050000000),
double3(0.625000000000,0.944350000000,0.625000000000),
double3(0.625000000000,0.973100000000,0.625000000000),
double3(0.641450000000,0.986550000000,0.608550000000),
double3(0.652450000000,0.977600000000,0.597550000000),
double3(0.603300000000,0.853300000000,0.896700000000),
double3(0.567000000000,0.859050000000,0.890950000000),
double3(0.555650000000,0.875000000000,0.875000000000),
double3(0.526900000000,0.875000000000,0.875000000000),
double3(0.513450000000,0.858550000000,0.891450000000),
double3(0.522400000000,0.847550000000,0.902450000000),
double3(0.646700000000,0.603300000000,0.896700000000),
double3(0.640950000000,0.567000000000,0.890950000000),
double3(0.625000000000,0.555650000000,0.875000000000),
double3(0.625000000000,0.526900000000,0.875000000000),
double3(0.641450000000,0.513450000000,0.891450000000),
double3(0.652450000000,0.522400000000,0.902450000000),
double3(0.896700000000,0.646700000000,0.896700000000),
double3(0.933000000000,0.640950000000,0.890950000000),
double3(0.944350000000,0.625000000000,0.875000000000),
double3(0.973100000000,0.625000000000,0.875000000000),
double3(0.986550000000,0.641450000000,0.891450000000),
double3(0.977600000000,0.652450000000,0.902450000000),
double3(0.853300000000,0.896700000000,0.896700000000),
double3(0.859050000000,0.933000000000,0.890950000000),
double3(0.875000000000,0.944350000000,0.875000000000),
double3(0.875000000000,0.973100000000,0.875000000000),
double3(0.858550000000,0.986550000000,0.891450000000),
double3(0.847550000000,0.977600000000,0.902450000000),
double3(0.603300000000,0.603300000000,0.646700000000),
double3(0.609050000000,0.567000000000,0.640950000000),
double3(0.625000000000,0.555650000000,0.625000000000),
double3(0.625000000000,0.526900000000,0.625000000000),
double3(0.608550000000,0.513450000000,0.641450000000),
double3(0.597550000000,0.522400000000,0.652450000000),
double3(0.603300000000,0.896700000000,0.853300000000),
double3(0.609050000000,0.933000000000,0.859050000000),
double3(0.625000000000,0.944350000000,0.875000000000),
double3(0.625000000000,0.973100000000,0.875000000000),
double3(0.608550000000,0.986550000000,0.858550000000),
double3(0.597550000000,0.977600000000,0.847550000000),
double3(0.603300000000,0.603300000000,0.853300000000),
double3(0.567000000000,0.609050000000,0.859050000000),
double3(0.555650000000,0.625000000000,0.875000000000),
double3(0.526900000000,0.625000000000,0.875000000000),
double3(0.513450000000,0.608550000000,0.858550000000),
double3(0.522400000000,0.597550000000,0.847550000000),
double3(0.896700000000,0.603300000000,0.853300000000),
double3(0.890950000000,0.567000000000,0.859050000000),
double3(0.875000000000,0.555650000000,0.875000000000),
double3(0.875000000000,0.526900000000,0.875000000000),
double3(0.891450000000,0.513450000000,0.858550000000),
double3(0.902450000000,0.522400000000,0.847550000000),
double3(0.896700000000,0.896700000000,0.853300000000),
double3(0.933000000000,0.890950000000,0.859050000000),
double3(0.944350000000,0.875000000000,0.875000000000),
double3(0.973100000000,0.875000000000,0.875000000000),
double3(0.986550000000,0.891450000000,0.858550000000),
double3(0.977600000000,0.902450000000,0.847550000000),
double3(0.896700000000,0.896700000000,0.646700000000),
double3(0.890950000000,0.933000000000,0.640950000000),
double3(0.875000000000,0.944350000000,0.625000000000),
double3(0.875000000000,0.973100000000,0.625000000000),
double3(0.891450000000,0.986550000000,0.641450000000),
double3(0.902450000000,0.977600000000,0.652450000000),
double3(0.603300000000,0.896700000000,0.646700000000),
double3(0.567000000000,0.890950000000,0.640950000000),
double3(0.555650000000,0.875000000000,0.625000000000),
double3(0.526900000000,0.875000000000,0.625000000000),
double3(0.513450000000,0.891450000000,0.641450000000),
double3(0.522400000000,0.902450000000,0.652450000000),
double3(0.896700000000,0.603300000000,0.646700000000),
double3(0.933000000000,0.609050000000,0.640950000000),
double3(0.944350000000,0.625000000000,0.625000000000),
double3(0.973100000000,0.625000000000,0.625000000000),
double3(0.986550000000,0.608550000000,0.641450000000),
double3(0.977600000000,0.597550000000,0.652450000000),
double3(0.859050000000,0.890950000000,0.933000000000),
double3(0.858550000000,0.891450000000,0.986550000000),
double3(0.847550000000,0.902450000000,0.977600000000),
double3(0.609050000000,0.859050000000,0.933000000000),
double3(0.608550000000,0.858550000000,0.986550000000),
double3(0.597550000000,0.847550000000,0.977600000000),
double3(0.640950000000,0.609050000000,0.933000000000),
double3(0.641450000000,0.608550000000,0.986550000000),
double3(0.652450000000,0.597550000000,0.977600000000),
double3(0.890950000000,0.640950000000,0.933000000000),
double3(0.891450000000,0.641450000000,0.986550000000),
double3(0.902450000000,0.652450000000,0.977600000000),
double3(0.859050000000,0.609050000000,0.567000000000),
double3(0.858550000000,0.608550000000,0.513450000000),
double3(0.847550000000,0.597550000000,0.522400000000),
double3(0.890950000000,0.859050000000,0.567000000000),
double3(0.891450000000,0.858550000000,0.513450000000),
double3(0.902450000000,0.847550000000,0.522400000000),
double3(0.640950000000,0.890950000000,0.567000000000),
double3(0.641450000000,0.891450000000,0.513450000000),
double3(0.652450000000,0.902450000000,0.522400000000),
double3(0.609050000000,0.640950000000,0.567000000000),
double3(0.608550000000,0.641450000000,0.513450000000),
double3(0.597550000000,0.652450000000,0.522400000000),
double3(0.933000000000,0.859050000000,0.890950000000),
double3(0.986550000000,0.858550000000,0.891450000000),
double3(0.977600000000,0.847550000000,0.902450000000),
double3(0.640950000000,0.933000000000,0.890950000000),
double3(0.641450000000,0.986550000000,0.891450000000),
double3(0.652450000000,0.977600000000,0.902450000000),
double3(0.567000000000,0.640950000000,0.890950000000),
double3(0.513450000000,0.641450000000,0.891450000000),
double3(0.522400000000,0.652450000000,0.902450000000),
double3(0.859050000000,0.567000000000,0.890950000000),
double3(0.858550000000,0.513450000000,0.891450000000),
double3(0.847550000000,0.522400000000,0.902450000000),
double3(0.933000000000,0.640950000000,0.609050000000),
double3(0.986550000000,0.641450000000,0.608550000000),
double3(0.977600000000,0.652450000000,0.597550000000),
double3(0.859050000000,0.933000000000,0.609050000000),
double3(0.858550000000,0.986550000000,0.608550000000),
double3(0.847550000000,0.977600000000,0.597550000000),
double3(0.567000000000,0.859050000000,0.609050000000),
double3(0.513450000000,0.858550000000,0.608550000000),
double3(0.522400000000,0.847550000000,0.597550000000),
double3(0.640950000000,0.567000000000,0.609050000000),
double3(0.641450000000,0.513450000000,0.608550000000),
double3(0.652450000000,0.522400000000,0.597550000000),
double3(0.890950000000,0.933000000000,0.859050000000),
double3(0.891450000000,0.986550000000,0.858550000000),
double3(0.902450000000,0.977600000000,0.847550000000),
double3(0.890950000000,0.567000000000,0.640950000000),
double3(0.891450000000,0.513450000000,0.641450000000),
double3(0.902450000000,0.522400000000,0.652450000000),
double3(0.933000000000,0.890950000000,0.640950000000),
double3(0.986550000000,0.891450000000,0.641450000000),
double3(0.977600000000,0.902450000000,0.652450000000),
double3(0.609050000000,0.933000000000,0.640950000000),
double3(0.608550000000,0.986550000000,0.641450000000),
double3(0.597550000000,0.977600000000,0.652450000000),
double3(0.567000000000,0.609050000000,0.640950000000),
double3(0.513450000000,0.608550000000,0.641450000000),
double3(0.522400000000,0.597550000000,0.652450000000),
double3(0.609050000000,0.567000000000,0.859050000000),
double3(0.608550000000,0.513450000000,0.858550000000),
double3(0.597550000000,0.522400000000,0.847550000000),
double3(0.933000000000,0.609050000000,0.859050000000),
double3(0.986550000000,0.608550000000,0.858550000000),
double3(0.977600000000,0.597550000000,0.847550000000),
double3(0.567000000000,0.890950000000,0.859050000000),
double3(0.513450000000,0.891450000000,0.858550000000),
double3(0.522400000000,0.902450000000,0.847550000000),
double3(0.646700000000,0.853300000000,0.853300000000),
double3(0.640950000000,0.859050000000,0.817000000000),
double3(0.625000000000,0.875000000000,0.805650000000),
double3(0.625000000000,0.875000000000,0.776900000000),
double3(0.641450000000,0.858550000000,0.763450000000),
double3(0.652450000000,0.847550000000,0.772400000000),
double3(0.890950000000,0.890950000000,0.817000000000),
double3(0.875000000000,0.875000000000,0.805650000000),
double3(0.875000000000,0.875000000000,0.776900000000),
double3(0.891450000000,0.891450000000,0.763450000000),
double3(0.902450000000,0.902450000000,0.772400000000),
double3(0.853300000000,0.646700000000,0.853300000000),
double3(0.859050000000,0.640950000000,0.817000000000),
double3(0.875000000000,0.625000000000,0.805650000000),
double3(0.875000000000,0.625000000000,0.776900000000),
double3(0.858550000000,0.641450000000,0.763450000000),
double3(0.847550000000,0.652450000000,0.772400000000),
double3(0.609050000000,0.609050000000,0.817000000000),
double3(0.625000000000,0.625000000000,0.805650000000),
double3(0.625000000000,0.625000000000,0.776900000000),
double3(0.608550000000,0.608550000000,0.763450000000),
double3(0.597550000000,0.597550000000,0.772400000000),
double3(0.646700000000,0.646700000000,0.646700000000),
double3(0.640950000000,0.640950000000,0.683000000000),
double3(0.625000000000,0.625000000000,0.694350000000),
double3(0.625000000000,0.625000000000,0.723100000000),
double3(0.641450000000,0.641450000000,0.736550000000),
double3(0.652450000000,0.652450000000,0.727600000000),
double3(0.609050000000,0.890950000000,0.683000000000),
double3(0.625000000000,0.875000000000,0.694350000000),
double3(0.625000000000,0.875000000000,0.723100000000),
double3(0.608550000000,0.891450000000,0.736550000000),
double3(0.597550000000,0.902450000000,0.727600000000),
double3(0.853300000000,0.853300000000,0.646700000000),
double3(0.859050000000,0.859050000000,0.683000000000),
double3(0.875000000000,0.875000000000,0.694350000000),
double3(0.875000000000,0.875000000000,0.723100000000),
double3(0.858550000000,0.858550000000,0.736550000000),
double3(0.847550000000,0.847550000000,0.727600000000),
double3(0.890950000000,0.609050000000,0.683000000000),
double3(0.875000000000,0.625000000000,0.694350000000),
double3(0.875000000000,0.625000000000,0.723100000000),
double3(0.891450000000,0.608550000000,0.736550000000),
double3(0.902450000000,0.597550000000,0.727600000000),
double3(0.853300000000,0.853300000000,0.853300000000),
double3(0.859050000000,0.817000000000,0.859050000000),
double3(0.875000000000,0.805650000000,0.875000000000),
double3(0.875000000000,0.776900000000,0.875000000000),
double3(0.858550000000,0.763450000000,0.858550000000),
double3(0.847550000000,0.772400000000,0.847550000000),
double3(0.646700000000,0.646700000000,0.853300000000),
double3(0.640950000000,0.683000000000,0.859050000000),
double3(0.625000000000,0.694350000000,0.875000000000),
double3(0.625000000000,0.723100000000,0.875000000000),
double3(0.641450000000,0.736550000000,0.858550000000),
double3(0.652450000000,0.727600000000,0.847550000000),
double3(0.646700000000,0.853300000000,0.646700000000),
double3(0.640950000000,0.817000000000,0.640950000000),
double3(0.625000000000,0.805650000000,0.625000000000),
double3(0.625000000000,0.776900000000,0.625000000000),
double3(0.641450000000,0.763450000000,0.641450000000),
double3(0.652450000000,0.772400000000,0.652450000000),
double3(0.853300000000,0.646700000000,0.646700000000),
double3(0.859050000000,0.683000000000,0.640950000000),
double3(0.875000000000,0.694350000000,0.625000000000),
double3(0.875000000000,0.723100000000,0.625000000000),
double3(0.858550000000,0.736550000000,0.641450000000),
double3(0.847550000000,0.727600000000,0.652450000000),
double3(0.609050000000,0.817000000000,0.890950000000),
double3(0.625000000000,0.805650000000,0.875000000000),
double3(0.625000000000,0.776900000000,0.875000000000),
double3(0.608550000000,0.763450000000,0.891450000000),
double3(0.597550000000,0.772400000000,0.902450000000),
double3(0.609050000000,0.683000000000,0.609050000000),
double3(0.625000000000,0.694350000000,0.625000000000),
double3(0.625000000000,0.723100000000,0.625000000000),
double3(0.608550000000,0.736550000000,0.608550000000),
double3(0.597550000000,0.727600000000,0.597550000000),
double3(0.890950000000,0.817000000000,0.609050000000),
double3(0.875000000000,0.805650000000,0.625000000000),
double3(0.875000000000,0.776900000000,0.625000000000),
double3(0.891450000000,0.763450000000,0.608550000000),
double3(0.902450000000,0.772400000000,0.597550000000),
double3(0.890950000000,0.683000000000,0.890950000000),
double3(0.875000000000,0.694350000000,0.875000000000),
double3(0.875000000000,0.723100000000,0.875000000000),
double3(0.891450000000,0.736550000000,0.891450000000),
double3(0.902450000000,0.727600000000,0.902450000000),
double3(0.859050000000,0.640950000000,0.683000000000),
double3(0.858550000000,0.641450000000,0.736550000000),
double3(0.847550000000,0.652450000000,0.727600000000),
double3(0.609050000000,0.609050000000,0.683000000000),
double3(0.608550000000,0.608550000000,0.736550000000),
double3(0.597550000000,0.597550000000,0.727600000000),
double3(0.640950000000,0.859050000000,0.683000000000),
double3(0.641450000000,0.858550000000,0.736550000000),
double3(0.652450000000,0.847550000000,0.727600000000),
double3(0.890950000000,0.890950000000,0.683000000000),
double3(0.891450000000,0.891450000000,0.736550000000),
double3(0.902450000000,0.902450000000,0.727600000000),
double3(0.859050000000,0.859050000000,0.817000000000),
double3(0.858550000000,0.858550000000,0.763450000000),
double3(0.847550000000,0.847550000000,0.772400000000),
double3(0.890950000000,0.609050000000,0.817000000000),
double3(0.891450000000,0.608550000000,0.763450000000),
double3(0.902450000000,0.597550000000,0.772400000000),
double3(0.640950000000,0.640950000000,0.817000000000),
double3(0.641450000000,0.641450000000,0.763450000000),
double3(0.652450000000,0.652450000000,0.772400000000),
double3(0.609050000000,0.890950000000,0.817000000000),
double3(0.608550000000,0.891450000000,0.763450000000),
double3(0.597550000000,0.902450000000,0.772400000000),
double3(0.640950000000,0.683000000000,0.640950000000),
double3(0.641450000000,0.736550000000,0.641450000000),
double3(0.652450000000,0.727600000000,0.652450000000),
double3(0.859050000000,0.817000000000,0.640950000000),
double3(0.858550000000,0.763450000000,0.641450000000),
double3(0.847550000000,0.772400000000,0.652450000000),
double3(0.859050000000,0.683000000000,0.859050000000),
double3(0.858550000000,0.736550000000,0.858550000000),
double3(0.847550000000,0.727600000000,0.847550000000),
double3(0.640950000000,0.817000000000,0.859050000000),
double3(0.641450000000,0.763450000000,0.858550000000),
double3(0.652450000000,0.772400000000,0.847550000000),
double3(0.890950000000,0.683000000000,0.609050000000),
double3(0.891450000000,0.736550000000,0.608550000000),
double3(0.902450000000,0.727600000000,0.597550000000),
double3(0.890950000000,0.817000000000,0.890950000000),
double3(0.891450000000,0.763450000000,0.891450000000),
double3(0.902450000000,0.772400000000,0.902450000000),
double3(0.609050000000,0.683000000000,0.890950000000),
double3(0.608550000000,0.736550000000,0.891450000000),
double3(0.597550000000,0.727600000000,0.902450000000),
double3(0.609050000000,0.817000000000,0.609050000000),
double3(0.608550000000,0.763450000000,0.608550000000),
double3(0.597550000000,0.772400000000,0.597550000000),
double3(0.817000000000,0.640950000000,0.859050000000),
double3(0.805650000000,0.625000000000,0.875000000000),
double3(0.776900000000,0.625000000000,0.875000000000),
double3(0.763450000000,0.641450000000,0.858550000000),
double3(0.772400000000,0.652450000000,0.847550000000),
double3(0.683000000000,0.859050000000,0.859050000000),
double3(0.694350000000,0.875000000000,0.875000000000),
double3(0.723100000000,0.875000000000,0.875000000000),
double3(0.736550000000,0.858550000000,0.858550000000),
double3(0.727600000000,0.847550000000,0.847550000000),
double3(0.817000000000,0.859050000000,0.640950000000),
double3(0.805650000000,0.875000000000,0.625000000000),
double3(0.776900000000,0.875000000000,0.625000000000),
double3(0.763450000000,0.858550000000,0.641450000000),
double3(0.772400000000,0.847550000000,0.652450000000),
double3(0.683000000000,0.640950000000,0.640950000000),
double3(0.694350000000,0.625000000000,0.625000000000),
double3(0.723100000000,0.625000000000,0.625000000000),
double3(0.736550000000,0.641450000000,0.641450000000),
double3(0.727600000000,0.652450000000,0.652450000000),
double3(0.817000000000,0.609050000000,0.609050000000),
double3(0.805650000000,0.625000000000,0.625000000000),
double3(0.776900000000,0.625000000000,0.625000000000),
double3(0.763450000000,0.608550000000,0.608550000000),
double3(0.772400000000,0.597550000000,0.597550000000),
double3(0.683000000000,0.890950000000,0.609050000000),
double3(0.694350000000,0.875000000000,0.625000000000),
double3(0.723100000000,0.875000000000,0.625000000000),
double3(0.736550000000,0.891450000000,0.608550000000),
double3(0.727600000000,0.902450000000,0.597550000000),
double3(0.817000000000,0.890950000000,0.890950000000),
double3(0.805650000000,0.875000000000,0.875000000000),
double3(0.776900000000,0.875000000000,0.875000000000),
double3(0.763450000000,0.891450000000,0.891450000000),
double3(0.772400000000,0.902450000000,0.902450000000),
double3(0.683000000000,0.609050000000,0.890950000000),
double3(0.694350000000,0.625000000000,0.875000000000),
double3(0.723100000000,0.625000000000,0.875000000000),
double3(0.736550000000,0.608550000000,0.891450000000),
double3(0.727600000000,0.597550000000,0.902450000000),
double3(0.683000000000,0.859050000000,0.640950000000),
double3(0.736550000000,0.858550000000,0.641450000000),
double3(0.727600000000,0.847550000000,0.652450000000),
double3(0.817000000000,0.640950000000,0.640950000000),
double3(0.763450000000,0.641450000000,0.641450000000),
double3(0.772400000000,0.652450000000,0.652450000000),
double3(0.683000000000,0.640950000000,0.859050000000),
double3(0.736550000000,0.641450000000,0.858550000000),
double3(0.727600000000,0.652450000000,0.847550000000),
double3(0.817000000000,0.859050000000,0.859050000000),
double3(0.763450000000,0.858550000000,0.858550000000),
double3(0.772400000000,0.847550000000,0.847550000000),
double3(0.683000000000,0.890950000000,0.890950000000),
double3(0.736550000000,0.891450000000,0.891450000000),
double3(0.727600000000,0.902450000000,0.902450000000),
double3(0.817000000000,0.609050000000,0.890950000000),
double3(0.763450000000,0.608550000000,0.891450000000),
double3(0.772400000000,0.597550000000,0.902450000000),
double3(0.683000000000,0.609050000000,0.609050000000),
double3(0.736550000000,0.608550000000,0.608550000000),
double3(0.727600000000,0.597550000000,0.597550000000),
double3(0.817000000000,0.890950000000,0.609050000000),
double3(0.763450000000,0.891450000000,0.608550000000),
double3(0.772400000000,0.902450000000,0.597550000000),
